block_geoid,max_advertised_download_speed,max_advertised_upload_speed,count,frn,provider_id,brand_name,technology,low_latency,business_residential_code,state_usps,h3_res8_id
260030003002273,25,5,1,15017189,300025,Bug Tussel Wireless LLC,71,1,X,MI,882744631bfffff
260030003002280,25,5,1,15017189,300025,Bug Tussel Wireless LLC,71,1,X,MI,882744631bfffff
260070001011004,10,1,1,15017189,300025,Bug Tussel Wireless LLC,71,1,X,MI,88276a9659fffff
260070001011017,10,1,2,15017189,300025,Bug Tussel Wireless LLC,71,1,X,MI,88276a9627fffff
260070001011021,10,1,4,15017189,300025,Bug Tussel Wireless LLC,71,1,X,MI,88276a9619fffff
260070001011022,10,1,15,15017189,300025,Bug Tussel Wireless LLC,71,1,X,MI,88276a9689fffff
260070001011025,10,1,5,15017189,300025,Bug Tussel Wireless LLC,71,1,X,MI,88276a96c7fffff
260070001011026,10,1,9,15017189,300025,Bug Tussel Wireless LLC,71,1,X,MI,88276a96c5fffff
260070001011027,10,1,14,15017189,300025,Bug Tussel Wireless LLC,71,1,X,MI,88276a9611fffff
260070001011028,10,1,8,15017189,300025,Bug Tussel Wireless LLC,71,1,X,MI,88276a96e3fffff
260070001011030,10,1,1,15017189,300025,Bug Tussel Wireless LLC,71,1,X,MI,88276a968dfffff
260070001011031,10,1,4,15017189,300025,Bug Tussel Wireless LLC,71,1,X,MI,88276a968dfffff
260070001011032,10,1,7,15017189,300025,Bug Tussel Wireless LLC,71,1,X,MI,88276a96e3fffff
260070001011033,10,1,4,15017189,300025,Bug Tussel Wireless LLC,71,1,X,MI,88276a96e3fffff
260070001011034,10,1,3,15017189,300025,Bug Tussel Wireless LLC,71,1,X,MI,88276a96e3fffff
260070001011036,10,1,5,15017189,300025,Bug Tussel Wireless LLC,71,1,X,MI,88276a9453fffff
260070001011039,10,1,1,15017189,300025,Bug Tussel Wireless LLC,71,1,X,MI,88276a973bfffff
260070001011044,10,1,1,15017189,300025,Bug Tussel Wireless LLC,71,1,X,MI,88276a9457fffff
260070001011050,10,1,2,15017189,300025,Bug Tussel Wireless LLC,71,1,X,MI,8827685827fffff
260070001011059,10,1,2,15017189,300025,Bug Tussel Wireless LLC,71,1,X,MI,88276859e9fffff
260070001012000,10,1,2,15017189,300025,Bug Tussel Wireless LLC,71,1,X,MI,88276859ebfffff
260070001012002,10,1,6,15017189,300025,Bug Tussel Wireless LLC,71,1,X,MI,88276859a9fffff
260070001012003,10,1,1,15017189,300025,Bug Tussel Wireless LLC,71,1,X,MI,88276859e7fffff
260070001012004,10,1,1,15017189,300025,Bug Tussel Wireless LLC,71,1,X,MI,88276a969dfffff
260070001012005,10,1,36,15017189,300025,Bug Tussel Wireless LLC,71,1,X,MI,88276a9687fffff
260070001012006,10,1,4,15017189,300025,Bug Tussel Wireless LLC,71,1,X,MI,88276a9685fffff
260070001012007,10,1,1,15017189,300025,Bug Tussel Wireless LLC,71,1,X,MI,88276a9699fffff
260070001012008,10,1,7,15017189,300025,Bug Tussel Wireless LLC,71,1,X,MI,88276a9685fffff
260070001012011,10,1,4,15017189,300025,Bug Tussel Wireless LLC,71,1,X,MI,8827684b0dfffff
260070001012012,10,1,11,15017189,300025,Bug Tussel Wireless LLC,71,1,X,MI,8827684b0dfffff
260070001012013,10,1,27,15017189,300025,Bug Tussel Wireless LLC,71,1,X,MI,88276a94dbfffff
260070001012014,10,1,4,15017189,300025,Bug Tussel Wireless LLC,71,1,X,MI,8827684b6dfffff
260070001012015,10,1,38,15017189,300025,Bug Tussel Wireless LLC,71,1,X,MI,88276a96bdfffff
260070001012016,10,1,46,15017189,300025,Bug Tussel Wireless LLC,71,1,X,MI,88276a9687fffff
260070001012017,10,1,50,15017189,300025,Bug Tussel Wireless LLC,71,1,X,MI,88276a96bdfffff
260070001012018,10,1,3,15017189,300025,Bug Tussel Wireless LLC,71,1,X,MI,88276a94dbfffff
260070001012020,10,1,15,15017189,300025,Bug Tussel Wireless LLC,71,1,X,MI,88276a9453fffff
260070001012022,10,1,2,15017189,300025,Bug Tussel Wireless LLC,71,1,X,MI,88276a9417fffff
260070001012023,10,1,4,15017189,300025,Bug Tussel Wireless LLC,71,1,X,MI,8827684b67fffff
260070001012024,10,1,3,15017189,300025,Bug Tussel Wireless LLC,71,1,X,MI,88276a94dbfffff
260070001012026,10,1,8,15017189,300025,Bug Tussel Wireless LLC,71,1,X,MI,8827684b29fffff
260070001012033,10,1,6,15017189,300025,Bug Tussel Wireless LLC,71,1,X,MI,88276a94d7fffff
260070001012034,10,1,5,15017189,300025,Bug Tussel Wireless LLC,71,1,X,MI,8827684b2dfffff
260070001012035,10,1,9,15017189,300025,Bug Tussel Wireless LLC,71,1,X,MI,8827684b55fffff
260070001012036,10,1,32,15017189,300025,Bug Tussel Wireless LLC,71,1,X,MI,8827684b53fffff
260070001012037,10,1,2,15017189,300025,Bug Tussel Wireless LLC,71,1,X,MI,8827684b53fffff
260070001012041,10,1,4,15017189,300025,Bug Tussel Wireless LLC,71,1,X,MI,88276a95a9fffff
260070001012042,10,1,2,15017189,300025,Bug Tussel Wireless LLC,71,1,X,MI,88276a8749fffff
260070001021000,10,1,7,15017189,300025,Bug Tussel Wireless LLC,71,1,X,MI,8827684953fffff
260070001021002,10,1,10,15017189,300025,Bug Tussel Wireless LLC,71,1,X,MI,8827684943fffff
260070001021003,10,1,13,15017189,300025,Bug Tussel Wireless LLC,71,1,X,MI,8827684905fffff
260070001021004,10,1,9,15017189,300025,Bug Tussel Wireless LLC,71,1,X,MI,882768492bfffff
260070001021005,10,1,5,15017189,300025,Bug Tussel Wireless LLC,71,1,X,MI,8827684907fffff
260070001021008,10,1,16,15017189,300025,Bug Tussel Wireless LLC,71,1,X,MI,882768493dfffff
260070001021009,10,1,14,15017189,300025,Bug Tussel Wireless LLC,71,1,X,MI,882768493dfffff
260070001021010,10,1,4,15017189,300025,Bug Tussel Wireless LLC,71,1,X,MI,88276a86cdfffff
260070001021011,10,1,25,15017189,300025,Bug Tussel Wireless LLC,71,1,X,MI,88276a86d5fffff
260070001021012,10,1,1,15017189,300025,Bug Tussel Wireless LLC,71,1,X,MI,88276a8613fffff
260070001021013,10,1,2,15017189,300025,Bug Tussel Wireless LLC,71,1,X,MI,88276a8611fffff
260070001021015,10,1,1,15017189,300025,Bug Tussel Wireless LLC,71,1,X,MI,8827684917fffff
260070001021018,10,1,12,15017189,300025,Bug Tussel Wireless LLC,71,1,X,MI,8827684935fffff
260070001021019,10,1,11,15017189,300025,Bug Tussel Wireless LLC,71,1,X,MI,88276a86d9fffff
260070001021020,10,1,10,15017189,300025,Bug Tussel Wireless LLC,71,1,X,MI,88276a86d3fffff
260070001021021,10,1,13,15017189,300025,Bug Tussel Wireless LLC,71,1,X,MI,88276a8681fffff
260070001021022,10,1,3,15017189,300025,Bug Tussel Wireless LLC,71,1,X,MI,88276a84edfffff
260070001021023,10,1,7,15017189,300025,Bug Tussel Wireless LLC,71,1,X,MI,88276a86b1fffff
260070001021024,10,1,40,15017189,300025,Bug Tussel Wireless LLC,71,1,X,MI,88276a86b7fffff
260070001021025,10,1,8,15017189,300025,Bug Tussel Wireless LLC,71,1,X,MI,88276a86b7fffff
260070001021027,10,1,12,15017189,300025,Bug Tussel Wireless LLC,71,1,X,MI,88276a86b7fffff
260070001021028,10,1,4,15017189,300025,Bug Tussel Wireless LLC,71,1,X,MI,88276a86b1fffff
260070001021033,10,1,6,15017189,300025,Bug Tussel Wireless LLC,71,1,X,MI,88276a86b3fffff
260070001021034,10,1,2,15017189,300025,Bug Tussel Wireless LLC,71,1,X,MI,88276ab367fffff
260070001021035,10,1,2,15017189,300025,Bug Tussel Wireless LLC,71,1,X,MI,88276a84dbfffff
260070001021036,10,1,3,15017189,300025,Bug Tussel Wireless LLC,71,1,X,MI,88276a84d3fffff
260070001021039,10,1,5,15017189,300025,Bug Tussel Wireless LLC,71,1,X,MI,88276a84ddfffff
260070001021040,10,1,1,15017189,300025,Bug Tussel Wireless LLC,71,1,X,MI,88276a86b7fffff
260070001021041,10,1,31,15017189,300025,Bug Tussel Wireless LLC,71,1,X,MI,88276a86b7fffff
260070001022000,10,1,19,15017189,300025,Bug Tussel Wireless LLC,71,1,X,MI,8827684b0bfffff
260070001022003,10,1,2,15017189,300025,Bug Tussel Wireless LLC,71,1,X,MI,8827684b2dfffff
260070001022004,10,1,24,15017189,300025,Bug Tussel Wireless LLC,71,1,X,MI,8827684b2dfffff
260070001022005,10,1,2,15017189,300025,Bug Tussel Wireless LLC,71,1,X,MI,88276a9491fffff
260070001022006,10,1,3,15017189,300025,Bug Tussel Wireless LLC,71,1,X,MI,88276a9499fffff
260070001022007,10,1,1,15017189,300025,Bug Tussel Wireless LLC,71,1,X,MI,8827684b25fffff
260070001022008,10,1,2,15017189,300025,Bug Tussel Wireless LLC,71,1,X,MI,88276a9491fffff
260070001022009,10,1,5,15017189,300025,Bug Tussel Wireless LLC,71,1,X,MI,88276a9495fffff
260070001022010,10,1,4,15017189,300025,Bug Tussel Wireless LLC,71,1,X,MI,88276a94b9fffff
260070001022011,10,1,2,15017189,300025,Bug Tussel Wireless LLC,71,1,X,MI,88276a94bdfffff
260070001022014,10,1,14,15017189,300025,Bug Tussel Wireless LLC,71,1,X,MI,88276a9493fffff
260070001022015,10,1,4,15017189,300025,Bug Tussel Wireless LLC,71,1,X,MI,8827684949fffff
260070001022016,10,1,6,15017189,300025,Bug Tussel Wireless LLC,71,1,X,MI,8827684b1dfffff
260070001022018,10,1,8,15017189,300025,Bug Tussel Wireless LLC,71,1,X,MI,8827684b35fffff
260070001022019,10,1,12,15017189,300025,Bug Tussel Wireless LLC,71,1,X,MI,8827684963fffff
260070001022020,10,1,6,15017189,300025,Bug Tussel Wireless LLC,71,1,X,MI,8827684969fffff
260070001022021,10,1,4,15017189,300025,Bug Tussel Wireless LLC,71,1,X,MI,88276a94b1fffff
260070001022022,10,1,11,15017189,300025,Bug Tussel Wireless LLC,71,1,X,MI,88276a9495fffff
260070001022023,10,1,1,15017189,300025,Bug Tussel Wireless LLC,71,1,X,MI,88276a94bdfffff
260070001022029,10,1,4,15017189,300025,Bug Tussel Wireless LLC,71,1,X,MI,88276a94bdfffff
260070001022036,10,1,5,15017189,300025,Bug Tussel Wireless LLC,71,1,X,MI,88276a94a3fffff
260070001022038,10,1,12,15017189,300025,Bug Tussel Wireless LLC,71,1,X,MI,88276a9593fffff
260070001022046,10,1,9,15017189,300025,Bug Tussel Wireless LLC,71,1,X,MI,88276a95b9fffff
260070001022049,10,1,7,15017189,300025,Bug Tussel Wireless LLC,71,1,X,MI,88276a864dfffff
260070001022050,10,1,3,15017189,300025,Bug Tussel Wireless LLC,71,1,X,MI,88276a864dfffff
260070001022051,10,1,8,15017189,300025,Bug Tussel Wireless LLC,71,1,X,MI,88276a9597fffff
260070001022052,10,1,2,15017189,300025,Bug Tussel Wireless LLC,71,1,X,MI,88276a9597fffff
260070001022054,10,1,3,15017189,300025,Bug Tussel Wireless LLC,71,1,X,MI,88276a95b3fffff
260070001022055,10,1,10,15017189,300025,Bug Tussel Wireless LLC,71,1,X,MI,88276a95b3fffff
260070001022057,10,1,7,15017189,300025,Bug Tussel Wireless LLC,71,1,X,MI,88276a875bfffff
260070001022058,10,1,1,15017189,300025,Bug Tussel Wireless LLC,71,1,X,MI,88276a8759fffff
260070001022059,10,1,4,15017189,300025,Bug Tussel Wireless LLC,71,1,X,MI,88276a875bfffff
260070001022064,10,1,5,15017189,300025,Bug Tussel Wireless LLC,71,1,X,MI,88276a8641fffff
260070001022067,10,1,7,15017189,300025,Bug Tussel Wireless LLC,71,1,X,MI,88276a8455fffff
260070001022068,10,1,22,15017189,300025,Bug Tussel Wireless LLC,71,1,X,MI,88276a844bfffff
260070001022075,10,1,15,15017189,300025,Bug Tussel Wireless LLC,71,1,X,MI,88276a8447fffff
260070001022076,10,1,6,15017189,300025,Bug Tussel Wireless LLC,71,1,X,MI,88276a871bfffff
260070001022077,10,1,2,15017189,300025,Bug Tussel Wireless LLC,71,1,X,MI,88276a8449fffff
260070001022080,10,1,5,15017189,300025,Bug Tussel Wireless LLC,71,1,X,MI,88276a8749fffff
260070001022086,10,1,1,15017189,300025,Bug Tussel Wireless LLC,71,1,X,MI,88276a866bfffff
260070001022088,10,1,12,15017189,300025,Bug Tussel Wireless LLC,71,1,X,MI,88276a865bfffff
260070001022089,10,1,4,15017189,300025,Bug Tussel Wireless LLC,71,1,X,MI,88276a8619fffff
260070001022090,10,1,22,15017189,300025,Bug Tussel Wireless LLC,71,1,X,MI,88276a8619fffff
260070001022091,10,1,1,15017189,300025,Bug Tussel Wireless LLC,71,1,X,MI,88276a8657fffff
260070001022092,10,1,3,15017189,300025,Bug Tussel Wireless LLC,71,1,X,MI,88276a8657fffff
260070001022094,10,1,14,15017189,300025,Bug Tussel Wireless LLC,71,1,X,MI,88276a8657fffff
260070001023001,10,1,2,15017189,300025,Bug Tussel Wireless LLC,71,1,X,MI,8827684f27fffff
260070001023003,10,1,9,15017189,300025,Bug Tussel Wireless LLC,71,1,X,MI,8827684893fffff
260070001023004,10,1,13,15017189,300025,Bug Tussel Wireless LLC,71,1,X,MI,8827684893fffff
260070001023005,10,1,6,15017189,300025,Bug Tussel Wireless LLC,71,1,X,MI,88276848b3fffff
260070001023006,10,1,9,15017189,300025,Bug Tussel Wireless LLC,71,1,X,MI,88276848b3fffff
260070001023010,10,1,2,15017189,300025,Bug Tussel Wireless LLC,71,1,X,MI,8827684d6bfffff
260070001023011,10,1,3,15017189,300025,Bug Tussel Wireless LLC,71,1,X,MI,88276ab36bfffff
260070001023013,10,1,6,15017189,300025,Bug Tussel Wireless LLC,71,1,X,MI,88276a86d3fffff
260070001024001,10,1,2,15017189,300025,Bug Tussel Wireless LLC,71,1,X,MI,8827684f03fffff
260070002001005,10,1,2,15017189,300025,Bug Tussel Wireless LLC,71,1,X,MI,8827685b27fffff
260070002001006,10,1,1,15017189,300025,Bug Tussel Wireless LLC,71,1,X,MI,8827685b27fffff
260070002001012,10,1,9,15017189,300025,Bug Tussel Wireless LLC,71,1,X,MI,882768580dfffff
260070002001017,10,1,4,15017189,300025,Bug Tussel Wireless LLC,71,1,X,MI,8827685959fffff
260070002001019,10,1,40,15017189,300025,Bug Tussel Wireless LLC,71,1,X,MI,88276859c9fffff
260070002001021,10,1,5,15017189,300025,Bug Tussel Wireless LLC,71,1,X,MI,882768582dfffff
260070002001022,10,1,6,15017189,300025,Bug Tussel Wireless LLC,71,1,X,MI,8827685867fffff
260070002001023,10,1,33,15017189,300025,Bug Tussel Wireless LLC,71,1,X,MI,88276859c9fffff
260070002001024,10,1,3,15017189,300025,Bug Tussel Wireless LLC,71,1,X,MI,8827685827fffff
260070002001025,10,1,22,15017189,300025,Bug Tussel Wireless LLC,71,1,X,MI,88276859c9fffff
260070002001028,10,1,63,15017189,300025,Bug Tussel Wireless LLC,71,1,X,MI,88276859ebfffff
260070002001030,10,1,16,15017189,300025,Bug Tussel Wireless LLC,71,1,X,MI,88276859ebfffff
260070002001031,10,1,2,15017189,300025,Bug Tussel Wireless LLC,71,1,X,MI,88276859ebfffff
260070002001034,10,1,7,15017189,300025,Bug Tussel Wireless LLC,71,1,X,MI,8827685837fffff
260070002001038,10,1,13,15017189,300025,Bug Tussel Wireless LLC,71,1,X,MI,88276859c7fffff
260070002001041,10,1,3,15017189,300025,Bug Tussel Wireless LLC,71,1,X,MI,88276859c7fffff
260070002001045,10,1,2,15017189,300025,Bug Tussel Wireless LLC,71,1,X,MI,8827684a67fffff
260070002001048,10,1,4,15017189,300025,Bug Tussel Wireless LLC,71,1,X,MI,8827684a0dfffff
260070002001049,10,1,3,15017189,300025,Bug Tussel Wireless LLC,71,1,X,MI,8827684a63fffff
260070002002012,10,1,47,15017189,300025,Bug Tussel Wireless LLC,71,1,X,MI,8827685891fffff
260070002002021,10,1,1,15017189,300025,Bug Tussel Wireless LLC,71,1,X,MI,88276858b5fffff
260070002002037,10,1,6,15017189,300025,Bug Tussel Wireless LLC,71,1,X,MI,8827684a5dfffff
260070002002040,10,1,11,15017189,300025,Bug Tussel Wireless LLC,71,1,X,MI,882768416bfffff
260070002002041,10,1,14,15017189,300025,Bug Tussel Wireless LLC,71,1,X,MI,8827684145fffff
260070002002042,10,1,2,15017189,300025,Bug Tussel Wireless LLC,71,1,X,MI,8827684a09fffff
260070002002043,10,1,5,15017189,300025,Bug Tussel Wireless LLC,71,1,X,MI,8827684a4bfffff
260070002002044,10,1,9,15017189,300025,Bug Tussel Wireless LLC,71,1,X,MI,8827684165fffff
260070002002045,10,1,1,15017189,300025,Bug Tussel Wireless LLC,71,1,X,MI,882768416bfffff
260070002002046,10,1,4,15017189,300025,Bug Tussel Wireless LLC,71,1,X,MI,8827684145fffff
260070002002047,10,1,3,15017189,300025,Bug Tussel Wireless LLC,71,1,X,MI,8827684147fffff
260070002003000,10,1,12,15017189,300025,Bug Tussel Wireless LLC,71,1,X,MI,8827684a55fffff
260070002003001,10,1,44,15017189,300025,Bug Tussel Wireless LLC,71,1,X,MI,8827684a55fffff
260070002003002,10,1,2,15017189,300025,Bug Tussel Wireless LLC,71,1,X,MI,8827684a09fffff
260070002003003,10,1,11,15017189,300025,Bug Tussel Wireless LLC,71,1,X,MI,8827684a35fffff
260070002003004,10,1,5,15017189,300025,Bug Tussel Wireless LLC,71,1,X,MI,8827684a0dfffff
260070002003005,10,1,11,15017189,300025,Bug Tussel Wireless LLC,71,1,X,MI,8827684a35fffff
260070002003006,10,1,1,15017189,300025,Bug Tussel Wireless LLC,71,1,X,MI,8827684a2bfffff
260070002003007,10,1,2,15017189,300025,Bug Tussel Wireless LLC,71,1,X,MI,8827684a25fffff
260070002003008,10,1,4,15017189,300025,Bug Tussel Wireless LLC,71,1,X,MI,8827684b15fffff
260070002003009,10,1,4,15017189,300025,Bug Tussel Wireless LLC,71,1,X,MI,8827684b57fffff
260070002003010,10,1,3,15017189,300025,Bug Tussel Wireless LLC,71,1,X,MI,8827684b0bfffff
260070002003012,10,1,59,15017189,300025,Bug Tussel Wireless LLC,71,1,X,MI,8827684b55fffff
260070002003013,10,1,18,15017189,300025,Bug Tussel Wireless LLC,71,1,X,MI,8827684a35fffff
260070002003014,10,1,2,15017189,300025,Bug Tussel Wireless LLC,71,1,X,MI,8827684a35fffff
260070002003015,10,1,4,15017189,300025,Bug Tussel Wireless LLC,71,1,X,MI,8827684851fffff
260070002003016,10,1,1,15017189,300025,Bug Tussel Wireless LLC,71,1,X,MI,8827684853fffff
260070002003017,10,1,2,15017189,300025,Bug Tussel Wireless LLC,71,1,X,MI,8827684847fffff
260070002003018,10,1,6,15017189,300025,Bug Tussel Wireless LLC,71,1,X,MI,8827684845fffff
260070002003019,10,1,1,15017189,300025,Bug Tussel Wireless LLC,71,1,X,MI,8827684869fffff
260070002003020,10,1,6,15017189,300025,Bug Tussel Wireless LLC,71,1,X,MI,8827684959fffff
260070002003021,10,1,3,15017189,300025,Bug Tussel Wireless LLC,71,1,X,MI,8827684953fffff
260070002003023,10,1,5,15017189,300025,Bug Tussel Wireless LLC,71,1,X,MI,8827684867fffff
260070002003024,10,1,2,15017189,300025,Bug Tussel Wireless LLC,71,1,X,MI,8827684821fffff
260070002003028,10,1,1,15017189,300025,Bug Tussel Wireless LLC,71,1,X,MI,8827684823fffff
260070002003031,10,1,3,15017189,300025,Bug Tussel Wireless LLC,71,1,X,MI,88276849e5fffff
260070002003032,10,1,7,15017189,300025,Bug Tussel Wireless LLC,71,1,X,MI,88276849e5fffff
260070002003033,10,1,14,15017189,300025,Bug Tussel Wireless LLC,71,1,X,MI,88276a86d9fffff
260070002003035,10,1,1,15017189,300025,Bug Tussel Wireless LLC,71,1,X,MI,882768481bfffff
260070002003036,10,1,8,15017189,300025,Bug Tussel Wireless LLC,71,1,X,MI,8827684a81fffff
260070002003038,10,1,23,15017189,300025,Bug Tussel Wireless LLC,71,1,X,MI,8827684ae5fffff
260070002003040,10,1,4,15017189,300025,Bug Tussel Wireless LLC,71,1,X,MI,8827684ae5fffff
260070002003041,10,1,15,15017189,300025,Bug Tussel Wireless LLC,71,1,X,MI,8827684a89fffff
260070002003044,10,1,4,15017189,300025,Bug Tussel Wireless LLC,71,1,X,MI,8827684a9dfffff
260070002003045,10,1,17,15017189,300025,Bug Tussel Wireless LLC,71,1,X,MI,8827684a9dfffff
260070002003046,10,1,1,15017189,300025,Bug Tussel Wireless LLC,71,1,X,MI,882768481bfffff
260070002003047,10,1,4,15017189,300025,Bug Tussel Wireless LLC,71,1,X,MI,882768481dfffff
260070002004000,10,1,49,15017189,300025,Bug Tussel Wireless LLC,71,1,X,MI,8827684a97fffff
260070002004001,10,1,14,15017189,300025,Bug Tussel Wireless LLC,71,1,X,MI,8827684f65fffff
260070002004003,10,1,3,15017189,300025,Bug Tussel Wireless LLC,71,1,X,MI,8827684ab5fffff
260070002004005,10,1,1,15017189,300025,Bug Tussel Wireless LLC,71,1,X,MI,8827684f27fffff
260070002004006,10,1,9,15017189,300025,Bug Tussel Wireless LLC,71,1,X,MI,8827684f3dfffff
260070002004007,10,1,7,15017189,300025,Bug Tussel Wireless LLC,71,1,X,MI,8827684893fffff
260070002004008,10,1,4,15017189,300025,Bug Tussel Wireless LLC,71,1,X,MI,88276848d3fffff
260070002004009,10,1,1,15017189,300025,Bug Tussel Wireless LLC,71,1,X,MI,88276848d3fffff
260070002004014,10,1,4,15017189,300025,Bug Tussel Wireless LLC,71,1,X,MI,8827684889fffff
260070002004015,10,1,3,15017189,300025,Bug Tussel Wireless LLC,71,1,X,MI,88276848c9fffff
260070002004017,10,1,7,15017189,300025,Bug Tussel Wireless LLC,71,1,X,MI,88276848e9fffff
260070002004018,10,1,1,15017189,300025,Bug Tussel Wireless LLC,71,1,X,MI,88276848e5fffff
260070002004019,10,1,3,15017189,300025,Bug Tussel Wireless LLC,71,1,X,MI,88276849d1fffff
260070002004020,10,1,1,15017189,300025,Bug Tussel Wireless LLC,71,1,X,MI,8827684995fffff
260070002004022,10,1,20,15017189,300025,Bug Tussel Wireless LLC,71,1,X,MI,88276849e1fffff
260070002004023,10,1,5,15017189,300025,Bug Tussel Wireless LLC,71,1,X,MI,88276849a5fffff
260070002004024,10,1,5,15017189,300025,Bug Tussel Wireless LLC,71,1,X,MI,88276849d1fffff
260070002004026,10,1,3,15017189,300025,Bug Tussel Wireless LLC,71,1,X,MI,88276848e3fffff
260070002004029,10,1,1,15017189,300025,Bug Tussel Wireless LLC,71,1,X,MI,88276848a3fffff
260070002004030,10,1,2,15017189,300025,Bug Tussel Wireless LLC,71,1,X,MI,88276849d1fffff
260070002004034,10,1,12,15017189,300025,Bug Tussel Wireless LLC,71,1,X,MI,8827684887fffff
260070002004035,10,1,11,15017189,300025,Bug Tussel Wireless LLC,71,1,X,MI,8827684895fffff
260070002004036,10,1,3,15017189,300025,Bug Tussel Wireless LLC,71,1,X,MI,88276848c7fffff
260070002004039,10,1,2,15017189,300025,Bug Tussel Wireless LLC,71,1,X,MI,88276848a1fffff
260070002005000,10,1,47,15017189,300025,Bug Tussel Wireless LLC,71,1,X,MI,8827684119fffff
260070002005001,10,1,3,15017189,300025,Bug Tussel Wireless LLC,71,1,X,MI,8827684119fffff
260070002005002,10,1,7,15017189,300025,Bug Tussel Wireless LLC,71,1,X,MI,8827684115fffff
260070002005003,10,1,32,15017189,300025,Bug Tussel Wireless LLC,71,1,X,MI,8827684115fffff
260070002005004,10,1,4,15017189,300025,Bug Tussel Wireless LLC,71,1,X,MI,8827684137fffff
260070002005014,10,1,6,15017189,300025,Bug Tussel Wireless LLC,71,1,X,MI,8827684f41fffff
260070002005015,10,1,9,15017189,300025,Bug Tussel Wireless LLC,71,1,X,MI,8827684f41fffff
260070002005017,10,1,4,15017189,300025,Bug Tussel Wireless LLC,71,1,X,MI,8827684f47fffff
260070002005018,10,1,41,15017189,300025,Bug Tussel Wireless LLC,71,1,X,MI,8827684a9dfffff
260070002005020,10,1,1,15017189,300025,Bug Tussel Wireless LLC,71,1,X,MI,8827684ad3fffff
260070002005025,10,1,1,15017189,300025,Bug Tussel Wireless LLC,71,1,X,MI,8827684f55fffff
260070002005026,10,1,12,15017189,300025,Bug Tussel Wireless LLC,71,1,X,MI,8827684f3dfffff
260070002005028,10,1,6,15017189,300025,Bug Tussel Wireless LLC,71,1,X,MI,8827684f63fffff
260070007001002,10,1,83,15017189,300025,Bug Tussel Wireless LLC,71,1,X,MI,882768414bfffff
260070007001003,10,1,14,15017189,300025,Bug Tussel Wireless LLC,71,1,X,MI,8827684141fffff
260070007001004,10,1,22,15017189,300025,Bug Tussel Wireless LLC,71,1,X,MI,8827684141fffff
260070007001006,10,1,19,15017189,300025,Bug Tussel Wireless LLC,71,1,X,MI,8827684141fffff
260070007001007,10,1,11,15017189,300025,Bug Tussel Wireless LLC,71,1,X,MI,8827684141fffff
260070007001008,10,1,16,15017189,300025,Bug Tussel Wireless LLC,71,1,X,MI,8827684141fffff
260070007001009,10,1,14,15017189,300025,Bug Tussel Wireless LLC,71,1,X,MI,882768414bfffff
260070007001010,10,1,81,15017189,300025,Bug Tussel Wireless LLC,71,1,X,MI,8827684143fffff
260070007001011,10,1,10,15017189,300025,Bug Tussel Wireless LLC,71,1,X,MI,8827684143fffff
260070007001012,10,1,2,15017189,300025,Bug Tussel Wireless LLC,71,1,X,MI,882768415dfffff
260070007001013,10,1,50,15017189,300025,Bug Tussel Wireless LLC,71,1,X,MI,8827684151fffff
260070007001014,10,1,3,15017189,300025,Bug Tussel Wireless LLC,71,1,X,MI,8827684157fffff
260070007001016,10,1,27,15017189,300025,Bug Tussel Wireless LLC,71,1,X,MI,8827684147fffff
260070007001017,10,1,16,15017189,300025,Bug Tussel Wireless LLC,71,1,X,MI,882768416bfffff
260070007001018,10,1,8,15017189,300025,Bug Tussel Wireless LLC,71,1,X,MI,8827684165fffff
260070007001020,10,1,5,15017189,300025,Bug Tussel Wireless LLC,71,1,X,MI,8827684165fffff
260070007001022,10,1,14,15017189,300025,Bug Tussel Wireless LLC,71,1,X,MI,8827684ad7fffff
260070007001023,10,1,2,15017189,300025,Bug Tussel Wireless LLC,71,1,X,MI,8827684137fffff
260070007001024,10,1,4,15017189,300025,Bug Tussel Wireless LLC,71,1,X,MI,8827684ad3fffff
260070007002001,10,1,22,15017189,300025,Bug Tussel Wireless LLC,71,1,X,MI,8827684151fffff
260070007002002,10,1,7,15017189,300025,Bug Tussel Wireless LLC,71,1,X,MI,882768415dfffff
260070007002003,10,1,6,15017189,300025,Bug Tussel Wireless LLC,71,1,X,MI,882768415dfffff
260070007002004,10,1,13,15017189,300025,Bug Tussel Wireless LLC,71,1,X,MI,8827684159fffff
260070007002005,10,1,25,15017189,300025,Bug Tussel Wireless LLC,71,1,X,MI,8827684151fffff
260070007002006,10,1,3,15017189,300025,Bug Tussel Wireless LLC,71,1,X,MI,8827684151fffff
260070007002007,10,1,2,15017189,300025,Bug Tussel Wireless LLC,71,1,X,MI,8827684151fffff
260070007002008,10,1,5,15017189,300025,Bug Tussel Wireless LLC,71,1,X,MI,8827684151fffff
260070007002009,10,1,7,15017189,300025,Bug Tussel Wireless LLC,71,1,X,MI,8827684151fffff
260070007002010,10,1,17,15017189,300025,Bug Tussel Wireless LLC,71,1,X,MI,8827684151fffff
260070007002011,10,1,3,15017189,300025,Bug Tussel Wireless LLC,71,1,X,MI,8827684151fffff
260070007002012,10,1,22,15017189,300025,Bug Tussel Wireless LLC,71,1,X,MI,8827684151fffff
260070007002013,10,1,22,15017189,300025,Bug Tussel Wireless LLC,71,1,X,MI,8827684151fffff
260070007002014,10,1,41,15017189,300025,Bug Tussel Wireless LLC,71,1,X,MI,8827684151fffff
260070007002015,10,1,13,15017189,300025,Bug Tussel Wireless LLC,71,1,X,MI,8827684157fffff
260070007002016,10,1,16,15017189,300025,Bug Tussel Wireless LLC,71,1,X,MI,8827684151fffff
260070007002025,10,1,1,15017189,300025,Bug Tussel Wireless LLC,71,1,X,MI,882768415bfffff
260070007002026,10,1,19,15017189,300025,Bug Tussel Wireless LLC,71,1,X,MI,8827684119fffff
260070007002027,10,1,10,15017189,300025,Bug Tussel Wireless LLC,71,1,X,MI,8827684153fffff
260070007002028,10,1,51,15017189,300025,Bug Tussel Wireless LLC,71,1,X,MI,8827684157fffff
260070007002029,10,1,10,15017189,300025,Bug Tussel Wireless LLC,71,1,X,MI,8827684157fffff
260070007002030,10,1,2,15017189,300025,Bug Tussel Wireless LLC,71,1,X,MI,882768415bfffff
260070007003023,10,1,2,15017189,300025,Bug Tussel Wireless LLC,71,1,X,MI,8827684151fffff
260070009001005,10,1,21,15017189,300025,Bug Tussel Wireless LLC,71,1,X,MI,8827684021fffff
260070009001008,10,1,11,15017189,300025,Bug Tussel Wireless LLC,71,1,X,MI,8827684025fffff
260070009001009,10,1,32,15017189,300025,Bug Tussel Wireless LLC,71,1,X,MI,8827684025fffff
260070009001014,10,1,19,15017189,300025,Bug Tussel Wireless LLC,71,1,X,MI,882768402dfffff
260070009001015,10,1,50,15017189,300025,Bug Tussel Wireless LLC,71,1,X,MI,8827684153fffff
260070009001016,10,1,31,15017189,300025,Bug Tussel Wireless LLC,71,1,X,MI,8827684153fffff
260070009001017,10,1,34,15017189,300025,Bug Tussel Wireless LLC,71,1,X,MI,8827684153fffff
260070009001018,10,1,29,15017189,300025,Bug Tussel Wireless LLC,71,1,X,MI,8827684119fffff
260070009001019,10,1,18,15017189,300025,Bug Tussel Wireless LLC,71,1,X,MI,8827684119fffff
260070009001020,10,1,16,15017189,300025,Bug Tussel Wireless LLC,71,1,X,MI,882768402dfffff
260070009002001,10,1,44,15017189,300025,Bug Tussel Wireless LLC,71,1,X,MI,8827684027fffff
260070009002003,10,1,25,15017189,300025,Bug Tussel Wireless LLC,71,1,X,MI,8827684025fffff
260070009002005,10,1,1,15017189,300025,Bug Tussel Wireless LLC,71,1,X,MI,8827684021fffff
260070009002006,10,1,14,15017189,300025,Bug Tussel Wireless LLC,71,1,X,MI,8827684035fffff
260070009002007,10,1,160,15017189,300025,Bug Tussel Wireless LLC,71,1,X,MI,8827684119fffff
260070009002009,10,1,19,15017189,300025,Bug Tussel Wireless LLC,71,1,X,MI,8827684119fffff
260070009002010,10,1,33,15017189,300025,Bug Tussel Wireless LLC,71,1,X,MI,8827684025fffff
260070009002011,10,1,18,15017189,300025,Bug Tussel Wireless LLC,71,1,X,MI,882768419dfffff
260070009002012,10,1,22,15017189,300025,Bug Tussel Wireless LLC,71,1,X,MI,88276841d7fffff
260130001002001,10,1,14,15017189,300025,Bug Tussel Wireless LLC,71,1,X,MI,882771680bfffff
260130001002002,10,1,18,15017189,300025,Bug Tussel Wireless LLC,71,1,X,MI,8827716857fffff
260130001002008,10,1,6,15017189,300025,Bug Tussel Wireless LLC,71,1,X,MI,88277169dbfffff
260130001002016,10,1,11,15017189,300025,Bug Tussel Wireless LLC,71,1,X,MI,882771698bfffff
260130001002017,10,1,6,15017189,300025,Bug Tussel Wireless LLC,71,1,X,MI,882771699dfffff
260130001002018,10,1,1,15017189,300025,Bug Tussel Wireless LLC,71,1,X,MI,882771699dfffff
260130001002019,10,1,66,15017189,300025,Bug Tussel Wireless LLC,71,1,X,MI,88277169c3fffff
260130001002020,10,1,7,15017189,300025,Bug Tussel Wireless LLC,71,1,X,MI,8827716989fffff
260130001002022,10,1,17,15017189,300025,Bug Tussel Wireless LLC,71,1,X,MI,8827716981fffff
260130001002023,10,1,5,15017189,300025,Bug Tussel Wireless LLC,71,1,X,MI,882771698bfffff
260130001002025,10,1,3,15017189,300025,Bug Tussel Wireless LLC,71,1,X,MI,8827716991fffff
260130001002026,10,1,6,15017189,300025,Bug Tussel Wireless LLC,71,1,X,MI,8827716983fffff
260130001002027,10,1,4,15017189,300025,Bug Tussel Wireless LLC,71,1,X,MI,8827716983fffff
260130001002029,10,1,2,15017189,300025,Bug Tussel Wireless LLC,71,1,X,MI,8827716987fffff
260130001002031,10,1,35,15017189,300025,Bug Tussel Wireless LLC,71,1,X,MI,882773a691fffff
260130001002032,10,1,11,15017189,300025,Bug Tussel Wireless LLC,71,1,X,MI,882773a691fffff
260130001002033,10,1,2,15017189,300025,Bug Tussel Wireless LLC,71,1,X,MI,882773a691fffff
260130001002037,10,1,4,15017189,300025,Bug Tussel Wireless LLC,71,1,X,MI,882746d32bfffff
260130001002038,10,1,27,15017189,300025,Bug Tussel Wireless LLC,71,1,X,MI,882746d341fffff
260130001002039,10,1,1,15017189,300025,Bug Tussel Wireless LLC,71,1,X,MI,882773a691fffff
260130001002042,10,1,1,15017189,300025,Bug Tussel Wireless LLC,71,1,X,MI,88277169bdfffff
260130001002043,10,1,9,15017189,300025,Bug Tussel Wireless LLC,71,1,X,MI,88277169b9fffff
260130001002044,10,1,1,15017189,300025,Bug Tussel Wireless LLC,71,1,X,MI,8827716995fffff
260130001002045,10,1,22,15017189,300025,Bug Tussel Wireless LLC,71,1,X,MI,882746d341fffff
260130001002048,10,1,1,15017189,300025,Bug Tussel Wireless LLC,71,1,X,MI,882746d26dfffff
260130001002061,10,1,3,15017189,300025,Bug Tussel Wireless LLC,71,1,X,MI,882746d305fffff
260130001002062,10,1,2,15017189,300025,Bug Tussel Wireless LLC,71,1,X,MI,882746d30bfffff
260130001002070,10,1,1,15017189,300025,Bug Tussel Wireless LLC,71,1,X,MI,882746d32bfffff
260130001002074,10,1,2,15017189,300025,Bug Tussel Wireless LLC,71,1,X,MI,882746d32bfffff
260130002001001,10,1,4,15017189,300025,Bug Tussel Wireless LLC,71,1,X,MI,882773a633fffff
260130002001003,10,1,12,15017189,300025,Bug Tussel Wireless LLC,71,1,X,MI,882773a60dfffff
260130002001004,10,1,4,15017189,300025,Bug Tussel Wireless LLC,71,1,X,MI,882773a62bfffff
260130002001008,10,1,4,15017189,300025,Bug Tussel Wireless LLC,71,1,X,MI,882773a711fffff
260130002001013,10,1,27,15017189,300025,Bug Tussel Wireless LLC,71,1,X,MI,882773a40bfffff
260130002001015,10,1,1,15017189,300025,Bug Tussel Wireless LLC,71,1,X,MI,882773a419fffff
260130002001016,10,1,1,15017189,300025,Bug Tussel Wireless LLC,71,1,X,MI,882773a71bfffff
260130002001019,10,1,11,15017189,300025,Bug Tussel Wireless LLC,71,1,X,MI,882773a631fffff
260130002001021,10,1,2,15017189,300025,Bug Tussel Wireless LLC,71,1,X,MI,882773a411fffff
260130002001022,10,1,12,15017189,300025,Bug Tussel Wireless LLC,71,1,X,MI,882773a411fffff
260130002001023,10,1,3,15017189,300025,Bug Tussel Wireless LLC,71,1,X,MI,882773a41dfffff
260130002001024,10,1,10,15017189,300025,Bug Tussel Wireless LLC,71,1,X,MI,882773a419fffff
260130002001025,10,1,4,15017189,300025,Bug Tussel Wireless LLC,71,1,X,MI,882773a419fffff
260130002001026,10,1,4,15017189,300025,Bug Tussel Wireless LLC,71,1,X,MI,882773a6a5fffff
260130002001037,10,1,6,15017189,300025,Bug Tussel Wireless LLC,71,1,X,MI,882773a73bfffff
260130002001039,10,1,3,15017189,300025,Bug Tussel Wireless LLC,71,1,X,MI,882773a715fffff
260130002001040,10,1,1,15017189,300025,Bug Tussel Wireless LLC,71,1,X,MI,882773a71bfffff
260130002001046,10,1,2,15017189,300025,Bug Tussel Wireless LLC,71,1,X,MI,882773a407fffff
260130002001047,10,1,13,15017189,300025,Bug Tussel Wireless LLC,71,1,X,MI,882773a415fffff
260130002001050,10,1,1,15017189,300025,Bug Tussel Wireless LLC,71,1,X,MI,882773a5d1fffff
260130002001051,10,1,2,15017189,300025,Bug Tussel Wireless LLC,71,1,X,MI,882773a4edfffff
260130002001052,10,1,1,15017189,300025,Bug Tussel Wireless LLC,71,1,X,MI,882773a5dbfffff
260130002001081,10,1,1,15017189,300025,Bug Tussel Wireless LLC,71,1,X,MI,882773a71bfffff
260319601002030,10,1,3,15017189,300025,Bug Tussel Wireless LLC,71,1,X,MI,882745b457fffff
260319601002031,10,1,1,15017189,300025,Bug Tussel Wireless LLC,71,1,X,MI,882745b45bfffff
260319601002062,10,1,10,15017189,300025,Bug Tussel Wireless LLC,71,1,X,MI,882745b6bdfffff
260319601002064,10,1,2,15017189,300025,Bug Tussel Wireless LLC,71,1,X,MI,882745b453fffff
260319601002067,10,1,12,15017189,300025,Bug Tussel Wireless LLC,71,1,X,MI,882745b6a7fffff
260319601002068,10,1,5,15017189,300025,Bug Tussel Wireless LLC,71,1,X,MI,882745b417fffff
260319601002074,10,1,2,15017189,300025,Bug Tussel Wireless LLC,71,1,X,MI,882745b415fffff
260319601002075,10,1,1,15017189,300025,Bug Tussel Wireless LLC,71,1,X,MI,882745b467fffff
260319601002077,10,1,1,15017189,300025,Bug Tussel Wireless LLC,71,1,X,MI,882745b429fffff
260319601002078,10,1,7,15017189,300025,Bug Tussel Wireless LLC,71,1,X,MI,882745b4e9fffff
260319601002080,10,1,9,15017189,300025,Bug Tussel Wireless LLC,71,1,X,MI,882745b413fffff
260319601002081,10,1,1,15017189,300025,Bug Tussel Wireless LLC,71,1,X,MI,882745b6bdfffff
260319601003013,10,1,7,15017189,300025,Bug Tussel Wireless LLC,71,1,X,MI,882745b52bfffff
260319601003015,10,1,2,15017189,300025,Bug Tussel Wireless LLC,71,1,X,MI,882745b505fffff
260319601003023,10,1,32,15017189,300025,Bug Tussel Wireless LLC,71,1,X,MI,882745b50dfffff
260319601003028,10,1,7,15017189,300025,Bug Tussel Wireless LLC,71,1,X,MI,882745b52bfffff
260319601003029,10,1,43,15017189,300025,Bug Tussel Wireless LLC,71,1,X,MI,882745b50dfffff
260319601003036,10,1,4,15017189,300025,Bug Tussel Wireless LLC,71,1,X,MI,882745b52bfffff
260319601003037,10,1,9,15017189,300025,Bug Tussel Wireless LLC,71,1,X,MI,882745b5c5fffff
260319601003039,10,1,1,15017189,300025,Bug Tussel Wireless LLC,71,1,X,MI,882745b5c7fffff
260319601003053,10,1,1,15017189,300025,Bug Tussel Wireless LLC,71,1,X,MI,882745b415fffff
260319601003054,10,1,2,15017189,300025,Bug Tussel Wireless LLC,71,1,X,MI,882745b415fffff
260319601003056,10,1,1,15017189,300025,Bug Tussel Wireless LLC,71,1,X,MI,882745b4edfffff
260319603002027,10,1,4,15017189,300025,Bug Tussel Wireless LLC,71,1,X,MI,88276e7825fffff
260319603002034,10,1,2,15017189,300025,Bug Tussel Wireless LLC,71,1,X,MI,88276e7911fffff
260319603002035,10,1,7,15017189,300025,Bug Tussel Wireless LLC,71,1,X,MI,88276e7911fffff
260319603003025,10,1,2,15017189,300025,Bug Tussel Wireless LLC,71,1,X,MI,88276e79edfffff
260319603004000,10,1,11,15017189,300025,Bug Tussel Wireless LLC,71,1,X,MI,88276e7837fffff
260319603004001,10,1,3,15017189,300025,Bug Tussel Wireless LLC,71,1,X,MI,88276e7823fffff
260319603004003,10,1,3,15017189,300025,Bug Tussel Wireless LLC,71,1,X,MI,88276e79c5fffff
260319603004004,10,1,9,15017189,300025,Bug Tussel Wireless LLC,71,1,X,MI,88276e79d9fffff
260319603004008,10,1,43,15017189,300025,Bug Tussel Wireless LLC,71,1,X,MI,88276e7917fffff
260319603004009,10,1,8,15017189,300025,Bug Tussel Wireless LLC,71,1,X,MI,88276e79edfffff
260319603004011,10,1,10,15017189,300025,Bug Tussel Wireless LLC,71,1,X,MI,88276e79c5fffff
260319603004012,10,1,18,15017189,300025,Bug Tussel Wireless LLC,71,1,X,MI,88276e79ebfffff
260319603004013,10,1,32,15017189,300025,Bug Tussel Wireless LLC,71,1,X,MI,88276e79ebfffff
260319603004014,10,1,96,15017189,300025,Bug Tussel Wireless LLC,71,1,X,MI,88276e798dfffff
260319603004015,10,1,9,15017189,300025,Bug Tussel Wireless LLC,71,1,X,MI,88276e7983fffff
260319603004016,10,1,11,15017189,300025,Bug Tussel Wireless LLC,71,1,X,MI,88276e7987fffff
260319603004017,10,1,9,15017189,300025,Bug Tussel Wireless LLC,71,1,X,MI,88276e7987fffff
260319603004021,10,1,2,15017189,300025,Bug Tussel Wireless LLC,71,1,X,MI,88276e799dfffff
260319603004022,10,1,7,15017189,300025,Bug Tussel Wireless LLC,71,1,X,MI,88276e798dfffff
260319604011001,10,1,1,15017189,300025,Bug Tussel Wireless LLC,71,1,X,MI,88276e782dfffff
260319604011003,10,1,5,15017189,300025,Bug Tussel Wireless LLC,71,1,X,MI,88276e782bfffff
260319604011007,10,1,6,15017189,300025,Bug Tussel Wireless LLC,71,1,X,MI,88276e7807fffff
260319604011008,10,1,14,15017189,300025,Bug Tussel Wireless LLC,71,1,X,MI,88276e783dfffff
260319604011010,10,1,3,15017189,300025,Bug Tussel Wireless LLC,71,1,X,MI,88276e782dfffff
260319604011011,10,1,20,15017189,300025,Bug Tussel Wireless LLC,71,1,X,MI,88276e7821fffff
260319604011012,10,1,2,15017189,300025,Bug Tussel Wireless LLC,71,1,X,MI,88276e7823fffff
260319604011013,10,1,24,15017189,300025,Bug Tussel Wireless LLC,71,1,X,MI,88276e7831fffff
260319604011014,10,1,2,15017189,300025,Bug Tussel Wireless LLC,71,1,X,MI,88276e7833fffff
260319604011015,10,1,1,15017189,300025,Bug Tussel Wireless LLC,71,1,X,MI,88276e783dfffff
260319604011020,10,1,1,15017189,300025,Bug Tussel Wireless LLC,71,1,X,MI,88276e79d9fffff
260319604011021,10,1,1,15017189,300025,Bug Tussel Wireless LLC,71,1,X,MI,88276e7837fffff
260319604011022,10,1,1,15017189,300025,Bug Tussel Wireless LLC,71,1,X,MI,88276e7833fffff
260319604011043,10,1,1,15017189,300025,Bug Tussel Wireless LLC,71,1,X,MI,88276e6a4dfffff
260319604011045,10,1,19,15017189,300025,Bug Tussel Wireless LLC,71,1,X,MI,88276e7995fffff
260319604011046,10,1,37,15017189,300025,Bug Tussel Wireless LLC,71,1,X,MI,88276e79b9fffff
260319604011047,10,1,1,15017189,300025,Bug Tussel Wireless LLC,71,1,X,MI,88276e79b3fffff
260319604011082,10,1,1,15017189,300025,Bug Tussel Wireless LLC,71,1,X,MI,88276e6a27fffff
260319604012001,10,1,1,15017189,300025,Bug Tussel Wireless LLC,71,1,X,MI,882745b6dbfffff
260319604012002,10,1,6,15017189,300025,Bug Tussel Wireless LLC,71,1,X,MI,88276e79edfffff
260319604012003,10,1,1,15017189,300025,Bug Tussel Wireless LLC,71,1,X,MI,88276e79edfffff
260319604012004,10,1,1,15017189,300025,Bug Tussel Wireless LLC,71,1,X,MI,88276e79edfffff
260319604012005,10,1,9,15017189,300025,Bug Tussel Wireless LLC,71,1,X,MI,88276e79edfffff
260319604012006,10,1,6,15017189,300025,Bug Tussel Wireless LLC,71,1,X,MI,88276e79edfffff
260319604012007,10,1,32,15017189,300025,Bug Tussel Wireless LLC,71,1,X,MI,88276e79e5fffff
260319604012008,10,1,4,15017189,300025,Bug Tussel Wireless LLC,71,1,X,MI,88276e79e7fffff
260319604012009,10,1,12,15017189,300025,Bug Tussel Wireless LLC,71,1,X,MI,88276e79e3fffff
260319604012010,10,1,15,15017189,300025,Bug Tussel Wireless LLC,71,1,X,MI,88276e79edfffff
260319604012011,10,1,16,15017189,300025,Bug Tussel Wireless LLC,71,1,X,MI,88276e79e7fffff
260319604012012,10,1,47,15017189,300025,Bug Tussel Wireless LLC,71,1,X,MI,88276e79adfffff
260319604012014,10,1,63,15017189,300025,Bug Tussel Wireless LLC,71,1,X,MI,88276e79abfffff
260319604012015,10,1,20,15017189,300025,Bug Tussel Wireless LLC,71,1,X,MI,88276e79b1fffff
260319604012016,10,1,1,15017189,300025,Bug Tussel Wireless LLC,71,1,X,MI,88276e79b1fffff
260319604012017,10,1,13,15017189,300025,Bug Tussel Wireless LLC,71,1,X,MI,88276e79b9fffff
260319604012018,10,1,12,15017189,300025,Bug Tussel Wireless LLC,71,1,X,MI,88276e7985fffff
260319604012020,10,1,10,15017189,300025,Bug Tussel Wireless LLC,71,1,X,MI,88276e79b1fffff
260319604012021,10,1,4,15017189,300025,Bug Tussel Wireless LLC,71,1,X,MI,88276e79b1fffff
260319604012022,10,1,7,15017189,300025,Bug Tussel Wireless LLC,71,1,X,MI,88276e6b59fffff
260319604012024,10,1,68,15017189,300025,Bug Tussel Wireless LLC,71,1,X,MI,88276e6b51fffff
260319604012025,10,1,7,15017189,300025,Bug Tussel Wireless LLC,71,1,X,MI,88276e6b51fffff
260319604012026,10,1,6,15017189,300025,Bug Tussel Wireless LLC,71,1,X,MI,88276e6b51fffff
260319604012027,10,1,8,15017189,300025,Bug Tussel Wireless LLC,71,1,X,MI,88276e6b51fffff
260319604012029,10,1,1,15017189,300025,Bug Tussel Wireless LLC,71,1,X,MI,88276e6b31fffff
260319604012030,10,1,75,15017189,300025,Bug Tussel Wireless LLC,71,1,X,MI,88276e6b37fffff
260319604012032,10,1,21,15017189,300025,Bug Tussel Wireless LLC,71,1,X,MI,88276e686dfffff
260319604012033,10,1,25,15017189,300025,Bug Tussel Wireless LLC,71,1,X,MI,88276e6841fffff
260319604012034,10,1,47,15017189,300025,Bug Tussel Wireless LLC,71,1,X,MI,88276e6b19fffff
260319604012035,10,1,6,15017189,300025,Bug Tussel Wireless LLC,71,1,X,MI,88276e6b1bfffff
260319604012036,10,1,19,15017189,300025,Bug Tussel Wireless LLC,71,1,X,MI,88276e6b5bfffff
260319604012037,10,1,5,15017189,300025,Bug Tussel Wireless LLC,71,1,X,MI,88276e6b51fffff
260319604012038,10,1,2,15017189,300025,Bug Tussel Wireless LLC,71,1,X,MI,88276e6b51fffff
260319605001005,10,1,37,15017189,300025,Bug Tussel Wireless LLC,71,1,X,MI,882745b6dbfffff
260319605001007,10,1,1,15017189,300025,Bug Tussel Wireless LLC,71,1,X,MI,882745b6dbfffff
260319605001008,10,1,5,15017189,300025,Bug Tussel Wireless LLC,71,1,X,MI,882745b6dbfffff
260319605001013,10,1,29,15017189,300025,Bug Tussel Wireless LLC,71,1,X,MI,882745b691fffff
260319605001015,10,1,1,15017189,300025,Bug Tussel Wireless LLC,71,1,X,MI,882745b6d1fffff
260319605001017,10,1,3,15017189,300025,Bug Tussel Wireless LLC,71,1,X,MI,882745b6d9fffff
260319605001018,10,1,3,15017189,300025,Bug Tussel Wireless LLC,71,1,X,MI,882745b6d7fffff
260319605001019,10,1,5,15017189,300025,Bug Tussel Wireless LLC,71,1,X,MI,882745b6d7fffff
260319605001021,10,1,3,15017189,300025,Bug Tussel Wireless LLC,71,1,X,MI,882745b6d7fffff
260319605001022,10,1,72,15017189,300025,Bug Tussel Wireless LLC,71,1,X,MI,882745b6d7fffff
260319605001023,10,1,27,15017189,300025,Bug Tussel Wireless LLC,71,1,X,MI,882745b6d7fffff
260319605001025,10,1,16,15017189,300025,Bug Tussel Wireless LLC,71,1,X,MI,88276e6b6dfffff
260319605001026,10,1,15,15017189,300025,Bug Tussel Wireless LLC,71,1,X,MI,882745b4d3fffff
260319605001027,10,1,20,15017189,300025,Bug Tussel Wireless LLC,71,1,X,MI,88276e6b65fffff
260319605001028,10,1,35,15017189,300025,Bug Tussel Wireless LLC,71,1,X,MI,88276e6b25fffff
260319605001029,10,1,5,15017189,300025,Bug Tussel Wireless LLC,71,1,X,MI,88276e6b25fffff
260319605001031,10,1,5,15017189,300025,Bug Tussel Wireless LLC,71,1,X,MI,88276e6b25fffff
260319605001033,10,1,1,15017189,300025,Bug Tussel Wireless LLC,71,1,X,MI,882745b691fffff
260319605001035,10,1,18,15017189,300025,Bug Tussel Wireless LLC,71,1,X,MI,88276e6b6dfffff
260319605001037,10,1,2,15017189,300025,Bug Tussel Wireless LLC,71,1,X,MI,88276e6b6dfffff
260319605001039,10,1,16,15017189,300025,Bug Tussel Wireless LLC,71,1,X,MI,882745b49bfffff
260319605001040,10,1,2,15017189,300025,Bug Tussel Wireless LLC,71,1,X,MI,88276e6b65fffff
260319605001041,10,1,1,15017189,300025,Bug Tussel Wireless LLC,71,1,X,MI,88276e6b6dfffff
260319605002000,10,1,4,15017189,300025,Bug Tussel Wireless LLC,71,1,X,MI,882745b695fffff
260319605002001,10,1,31,15017189,300025,Bug Tussel Wireless LLC,71,1,X,MI,882745b6bbfffff
260319605002002,10,1,9,15017189,300025,Bug Tussel Wireless LLC,71,1,X,MI,882745b6b9fffff
260319605002003,10,1,4,15017189,300025,Bug Tussel Wireless LLC,71,1,X,MI,882745b6b5fffff
260319605002004,10,1,12,15017189,300025,Bug Tussel Wireless LLC,71,1,X,MI,882745b6b3fffff
260319605002011,10,1,6,15017189,300025,Bug Tussel Wireless LLC,71,1,X,MI,882745b4d9fffff
260319605002012,10,1,1,15017189,300025,Bug Tussel Wireless LLC,71,1,X,MI,882745b4d9fffff
260319605002013,10,1,10,15017189,300025,Bug Tussel Wireless LLC,71,1,X,MI,88276e6b65fffff
260319605002018,10,1,4,15017189,300025,Bug Tussel Wireless LLC,71,1,X,MI,882745a65bfffff
260319605002021,10,1,49,15017189,300025,Bug Tussel Wireless LLC,71,1,X,MI,882745b49bfffff
260319605002022,10,1,12,15017189,300025,Bug Tussel Wireless LLC,71,1,X,MI,882745b499fffff
260319605002023,10,1,14,15017189,300025,Bug Tussel Wireless LLC,71,1,X,MI,882745b4dbfffff
260319605002024,10,1,3,15017189,300025,Bug Tussel Wireless LLC,71,1,X,MI,882745b4d9fffff
260319605002026,10,1,5,15017189,300025,Bug Tussel Wireless LLC,71,1,X,MI,88276e696dfffff
260319605002027,10,1,6,15017189,300025,Bug Tussel Wireless LLC,71,1,X,MI,882745b493fffff
260319605002029,10,1,2,15017189,300025,Bug Tussel Wireless LLC,71,1,X,MI,882745b49bfffff
260319605002030,10,1,1,15017189,300025,Bug Tussel Wireless LLC,71,1,X,MI,88276e6969fffff
260319605002031,10,1,25,15017189,300025,Bug Tussel Wireless LLC,71,1,X,MI,882745b493fffff
260319605002033,10,1,17,15017189,300025,Bug Tussel Wireless LLC,71,1,X,MI,882745a65bfffff
260319605003021,10,1,6,15017189,300025,Bug Tussel Wireless LLC,71,1,X,MI,882745a653fffff
260319605003035,10,1,1,15017189,300025,Bug Tussel Wireless LLC,71,1,X,MI,882745a653fffff
260319605003057,10,1,3,15017189,300025,Bug Tussel Wireless LLC,71,1,X,MI,882745a699fffff
260319605004000,10,1,8,15017189,300025,Bug Tussel Wireless LLC,71,1,X,MI,88276e6841fffff
260319605004001,10,1,8,15017189,300025,Bug Tussel Wireless LLC,71,1,X,MI,88276e6843fffff
260319605004003,10,1,16,15017189,300025,Bug Tussel Wireless LLC,71,1,X,MI,88276e6865fffff
260319605004004,10,1,17,15017189,300025,Bug Tussel Wireless LLC,71,1,X,MI,88276e6865fffff
260319605004005,10,1,54,15017189,300025,Bug Tussel Wireless LLC,71,1,X,MI,88276e6955fffff
260319605004007,10,1,44,15017189,300025,Bug Tussel Wireless LLC,71,1,X,MI,88276e6955fffff
260319605004009,10,1,35,15017189,300025,Bug Tussel Wireless LLC,71,1,X,MI,88276e693bfffff
260319605004011,10,1,64,15017189,300025,Bug Tussel Wireless LLC,71,1,X,MI,88276e693bfffff
260319605004012,10,1,10,15017189,300025,Bug Tussel Wireless LLC,71,1,X,MI,88276e6917fffff
260319605004013,10,1,9,15017189,300025,Bug Tussel Wireless LLC,71,1,X,MI,88276e6917fffff
260319605004014,10,1,12,15017189,300025,Bug Tussel Wireless LLC,71,1,X,MI,88276e6917fffff
260319605004015,10,1,1,15017189,300025,Bug Tussel Wireless LLC,71,1,X,MI,88276e6867fffff
260319605004016,10,1,1,15017189,300025,Bug Tussel Wireless LLC,71,1,X,MI,88276e695bfffff
260319605004017,10,1,5,15017189,300025,Bug Tussel Wireless LLC,71,1,X,MI,88276e6951fffff
260319605004018,10,1,26,15017189,300025,Bug Tussel Wireless LLC,71,1,X,MI,88276e691dfffff
260319605004020,10,1,7,15017189,300025,Bug Tussel Wireless LLC,71,1,X,MI,88276e691dfffff
260319605004023,10,1,3,15017189,300025,Bug Tussel Wireless LLC,71,1,X,MI,88276e6841fffff
260319605004025,10,1,1,15017189,300025,Bug Tussel Wireless LLC,71,1,X,MI,88276e6919fffff
260319605004026,10,1,11,15017189,300025,Bug Tussel Wireless LLC,71,1,X,MI,88276e6841fffff
260319605004027,10,1,5,15017189,300025,Bug Tussel Wireless LLC,71,1,X,MI,88276e684bfffff
260319605004029,10,1,12,15017189,300025,Bug Tussel Wireless LLC,71,1,X,MI,88276e6913fffff
260319605004030,10,1,1,15017189,300025,Bug Tussel Wireless LLC,71,1,X,MI,88276e6917fffff
260319605004031,10,1,9,15017189,300025,Bug Tussel Wireless LLC,71,1,X,MI,88276e6913fffff
260319605004032,10,1,1,15017189,300025,Bug Tussel Wireless LLC,71,1,X,MI,88276e6917fffff
260319605004038,10,1,3,15017189,300025,Bug Tussel Wireless LLC,71,1,X,MI,88276e69edfffff
260319605004039,10,1,24,15017189,300025,Bug Tussel Wireless LLC,71,1,X,MI,88276e693bfffff
260319606001003,10,1,1,15017189,300025,Bug Tussel Wireless LLC,71,1,X,MI,882745b433fffff
260319606001006,10,1,2,15017189,300025,Bug Tussel Wireless LLC,71,1,X,MI,882745b4a3fffff
260319606001012,10,1,2,15017189,300025,Bug Tussel Wireless LLC,71,1,X,MI,882745a647fffff
260319606001014,10,1,2,15017189,300025,Bug Tussel Wireless LLC,71,1,X,MI,882745b593fffff
260319606001016,10,1,4,15017189,300025,Bug Tussel Wireless LLC,71,1,X,MI,882745a75dfffff
260319606001017,10,1,4,15017189,300025,Bug Tussel Wireless LLC,71,1,X,MI,882745b5b5fffff
260319606001022,10,1,1,15017189,300025,Bug Tussel Wireless LLC,71,1,X,MI,882745a709fffff
260319606001026,10,1,1,15017189,300025,Bug Tussel Wireless LLC,71,1,X,MI,882745b5b5fffff
260319606001029,10,1,8,15017189,300025,Bug Tussel Wireless LLC,71,1,X,MI,882745a757fffff
260319606001032,10,1,1,15017189,300025,Bug Tussel Wireless LLC,71,1,X,MI,882745a65dfffff
260319606001039,10,1,1,15017189,300025,Bug Tussel Wireless LLC,71,1,X,MI,882745b4a9fffff
260319606001041,10,1,7,15017189,300025,Bug Tussel Wireless LLC,71,1,X,MI,882745a753fffff
260319606001043,10,1,2,15017189,300025,Bug Tussel Wireless LLC,71,1,X,MI,882745a753fffff
260319606001047,10,1,2,15017189,300025,Bug Tussel Wireless LLC,71,1,X,MI,882745a75bfffff
260319606001050,10,1,1,15017189,300025,Bug Tussel Wireless LLC,71,1,X,MI,882745b4bdfffff
260319606001052,10,1,1,15017189,300025,Bug Tussel Wireless LLC,71,1,X,MI,882745a651fffff
260319606001055,10,1,1,15017189,300025,Bug Tussel Wireless LLC,71,1,X,MI,882745a65dfffff
260319606001060,10,1,2,15017189,300025,Bug Tussel Wireless LLC,71,1,X,MI,882745a61dfffff
260319606003001,10,1,48,15017189,300025,Bug Tussel Wireless LLC,71,1,X,MI,882745a6adfffff
260319606004002,10,1,40,15017189,300025,Bug Tussel Wireless LLC,71,1,X,MI,882745a6ebfffff
260319606004003,10,1,1,15017189,300025,Bug Tussel Wireless LLC,71,1,X,MI,882745a6e1fffff
260319606004004,10,1,8,15017189,300025,Bug Tussel Wireless LLC,71,1,X,MI,882745a6e7fffff
260319606004005,10,1,8,15017189,300025,Bug Tussel Wireless LLC,71,1,X,MI,882745a6c7fffff
260319606004009,10,1,21,15017189,300025,Bug Tussel Wireless LLC,71,1,X,MI,882745a6c7fffff
260319606004011,10,1,23,15017189,300025,Bug Tussel Wireless LLC,71,1,X,MI,882745a6e1fffff
260319606004021,10,1,23,15017189,300025,Bug Tussel Wireless LLC,71,1,X,MI,882745a68dfffff
260319606004022,10,1,20,15017189,300025,Bug Tussel Wireless LLC,71,1,X,MI,882745a6ebfffff
260319606004023,10,1,3,15017189,300025,Bug Tussel Wireless LLC,71,1,X,MI,882745a6c7fffff
260319606004025,10,1,1,15017189,300025,Bug Tussel Wireless LLC,71,1,X,MI,882745a685fffff
260319607001004,10,1,13,15017189,300025,Bug Tussel Wireless LLC,71,1,X,MI,88276e684bfffff
260319607001050,10,1,14,15017189,300025,Bug Tussel Wireless LLC,71,1,X,MI,88276e69edfffff
260319607001054,10,1,2,15017189,300025,Bug Tussel Wireless LLC,71,1,X,MI,88276e68b1fffff
260319607001059,10,1,2,15017189,300025,Bug Tussel Wireless LLC,71,1,X,MI,88276e69e1fffff
260319607001065,10,1,5,15017189,300025,Bug Tussel Wireless LLC,71,1,X,MI,882745a6d3fffff
260319607001067,10,1,1,15017189,300025,Bug Tussel Wireless LLC,71,1,X,MI,882745a6d3fffff
260319607001108,10,1,7,15017189,300025,Bug Tussel Wireless LLC,71,1,X,MI,88276e68a1fffff
260319607001113,10,1,3,15017189,300025,Bug Tussel Wireless LLC,71,1,X,MI,88276ad25dfffff
260319607001118,10,1,5,15017189,300025,Bug Tussel Wireless LLC,71,1,X,MI,88276e6993fffff
260319607003043,10,1,1,15017189,300025,Bug Tussel Wireless LLC,71,1,X,MI,88276ad141fffff
260319607003088,10,1,4,15017189,300025,Bug Tussel Wireless LLC,71,1,X,MI,88276ad309fffff
260319607003089,10,1,3,15017189,300025,Bug Tussel Wireless LLC,71,1,X,MI,88276ad30dfffff
260319607003093,10,1,6,15017189,300025,Bug Tussel Wireless LLC,71,1,X,MI,88276ad361fffff
260319608001005,10,1,1,15017189,300025,Bug Tussel Wireless LLC,71,1,X,MI,88276ad253fffff
260319608001007,10,1,5,15017189,300025,Bug Tussel Wireless LLC,71,1,X,MI,88276ad251fffff
260319608001008,10,1,1,15017189,300025,Bug Tussel Wireless LLC,71,1,X,MI,88276ad255fffff
260319608001009,10,1,1,15017189,300025,Bug Tussel Wireless LLC,71,1,X,MI,88276ad257fffff
260319608001010,10,1,1,15017189,300025,Bug Tussel Wireless LLC,71,1,X,MI,88276ad20dfffff
260319608001012,10,1,1,15017189,300025,Bug Tussel Wireless LLC,71,1,X,MI,88276ad22bfffff
260319608001021,10,1,1,15017189,300025,Bug Tussel Wireless LLC,71,1,X,MI,88276ad335fffff
260319608001026,10,1,1,15017189,300025,Bug Tussel Wireless LLC,71,1,X,MI,88276ad337fffff
260319608001050,10,1,3,15017189,300025,Bug Tussel Wireless LLC,71,1,X,MI,88276ad219fffff
260399601003058,10,1,1,15017189,300025,Bug Tussel Wireless LLC,71,1,X,MI,88276a44e9fffff
260399601003066,10,1,11,15017189,300025,Bug Tussel Wireless LLC,71,1,X,MI,88276a44e9fffff
260399601003072,10,1,2,15017189,300025,Bug Tussel Wireless LLC,71,1,X,MI,88276a44e9fffff
260399601003080,10,1,1,15017189,300025,Bug Tussel Wireless LLC,71,1,X,MI,88276a44e5fffff
260399601003082,10,1,5,15017189,300025,Bug Tussel Wireless LLC,71,1,X,MI,88276a44edfffff
260399601003153,10,1,1,15017189,300025,Bug Tussel Wireless LLC,71,1,X,MI,88276a09ebfffff
260399602001000,10,1,20,15017189,300025,Bug Tussel Wireless LLC,71,1,X,MI,88276a731dfffff
260399602001001,10,1,1,15017189,300025,Bug Tussel Wireless LLC,71,1,X,MI,88276a7357fffff
260399602001003,10,1,1,15017189,300025,Bug Tussel Wireless LLC,71,1,X,MI,88276a7355fffff
260399602001004,10,1,10,15017189,300025,Bug Tussel Wireless LLC,71,1,X,MI,88276a7355fffff
260399602001005,10,1,6,15017189,300025,Bug Tussel Wireless LLC,71,1,X,MI,88276a7355fffff
260399602001006,10,1,10,15017189,300025,Bug Tussel Wireless LLC,71,1,X,MI,88276a7355fffff
260399602001007,10,1,7,15017189,300025,Bug Tussel Wireless LLC,71,1,X,MI,88276a730bfffff
260399602001008,10,1,9,15017189,300025,Bug Tussel Wireless LLC,71,1,X,MI,88276a730bfffff
260399602001009,10,1,10,15017189,300025,Bug Tussel Wireless LLC,71,1,X,MI,88276a730bfffff
260399602001010,10,1,9,15017189,300025,Bug Tussel Wireless LLC,71,1,X,MI,88276a730bfffff
260399602001011,10,1,11,15017189,300025,Bug Tussel Wireless LLC,71,1,X,MI,88276a730bfffff
260399602001012,10,1,11,15017189,300025,Bug Tussel Wireless LLC,71,1,X,MI,88276a730bfffff
260399602001013,10,1,4,15017189,300025,Bug Tussel Wireless LLC,71,1,X,MI,88276a730bfffff
260399602001014,10,1,6,15017189,300025,Bug Tussel Wireless LLC,71,1,X,MI,88276a730bfffff
260399602001015,10,1,2,15017189,300025,Bug Tussel Wireless LLC,71,1,X,MI,88276a730bfffff
260399602001016,10,1,3,15017189,300025,Bug Tussel Wireless LLC,71,1,X,MI,88276a731dfffff
260399602001017,10,1,6,15017189,300025,Bug Tussel Wireless LLC,71,1,X,MI,88276a731dfffff
260399602001018,10,1,4,15017189,300025,Bug Tussel Wireless LLC,71,1,X,MI,88276a730bfffff
260399602001019,10,1,8,15017189,300025,Bug Tussel Wireless LLC,71,1,X,MI,88276a730bfffff
260399602001020,10,1,10,15017189,300025,Bug Tussel Wireless LLC,71,1,X,MI,88276a730bfffff
260399602001021,10,1,9,15017189,300025,Bug Tussel Wireless LLC,71,1,X,MI,88276a730bfffff
260399602001022,10,1,8,15017189,300025,Bug Tussel Wireless LLC,71,1,X,MI,88276a730bfffff
260399602001023,10,1,7,15017189,300025,Bug Tussel Wireless LLC,71,1,X,MI,88276a730bfffff
260399602001024,10,1,4,15017189,300025,Bug Tussel Wireless LLC,71,1,X,MI,88276a730bfffff
260399602001025,10,1,3,15017189,300025,Bug Tussel Wireless LLC,71,1,X,MI,88276a7357fffff
260399602001026,10,1,7,15017189,300025,Bug Tussel Wireless LLC,71,1,X,MI,88276a731dfffff
260399602001027,10,1,14,15017189,300025,Bug Tussel Wireless LLC,71,1,X,MI,88276a731dfffff
260399602001028,10,1,5,15017189,300025,Bug Tussel Wireless LLC,71,1,X,MI,88276a730bfffff
260399602001029,10,1,5,15017189,300025,Bug Tussel Wireless LLC,71,1,X,MI,88276a730bfffff
260399602001030,10,1,12,15017189,300025,Bug Tussel Wireless LLC,71,1,X,MI,88276a730bfffff
260399602001031,10,1,10,15017189,300025,Bug Tussel Wireless LLC,71,1,X,MI,88276a730bfffff
260399602001032,10,1,7,15017189,300025,Bug Tussel Wireless LLC,71,1,X,MI,88276a730bfffff
260399602001033,10,1,7,15017189,300025,Bug Tussel Wireless LLC,71,1,X,MI,88276a730bfffff
260399602001034,10,1,8,15017189,300025,Bug Tussel Wireless LLC,71,1,X,MI,88276a730bfffff
260399602001035,10,1,5,15017189,300025,Bug Tussel Wireless LLC,71,1,X,MI,88276a7357fffff
260399602001037,10,1,10,15017189,300025,Bug Tussel Wireless LLC,71,1,X,MI,88276a731dfffff
260399602001038,10,1,1,15017189,300025,Bug Tussel Wireless LLC,71,1,X,MI,88276a731dfffff
260399602001039,10,1,7,15017189,300025,Bug Tussel Wireless LLC,71,1,X,MI,88276a731dfffff
260399602001040,10,1,10,15017189,300025,Bug Tussel Wireless LLC,71,1,X,MI,88276a731dfffff
260399602001041,10,1,10,15017189,300025,Bug Tussel Wireless LLC,71,1,X,MI,88276a730bfffff
260399602001042,10,1,8,15017189,300025,Bug Tussel Wireless LLC,71,1,X,MI,88276a730bfffff
260399602001043,10,1,9,15017189,300025,Bug Tussel Wireless LLC,71,1,X,MI,88276a7357fffff
260399602001044,10,1,6,15017189,300025,Bug Tussel Wireless LLC,71,1,X,MI,88276a7357fffff
260399602001045,10,1,8,15017189,300025,Bug Tussel Wireless LLC,71,1,X,MI,88276a7357fffff
260399602001046,10,1,10,15017189,300025,Bug Tussel Wireless LLC,71,1,X,MI,88276a731dfffff
260399602001047,10,1,8,15017189,300025,Bug Tussel Wireless LLC,71,1,X,MI,88276a730bfffff
260399602001048,10,1,9,15017189,300025,Bug Tussel Wireless LLC,71,1,X,MI,88276a731dfffff
260399602001049,10,1,8,15017189,300025,Bug Tussel Wireless LLC,71,1,X,MI,88276a731dfffff
260399602001050,10,1,3,15017189,300025,Bug Tussel Wireless LLC,71,1,X,MI,88276a731dfffff
260399602001051,10,1,9,15017189,300025,Bug Tussel Wireless LLC,71,1,X,MI,88276a731dfffff
260399602001052,10,1,9,15017189,300025,Bug Tussel Wireless LLC,71,1,X,MI,88276a731dfffff
260399602002017,10,1,1,15017189,300025,Bug Tussel Wireless LLC,71,1,X,MI,88276a736dfffff
260399602002020,10,1,1,15017189,300025,Bug Tussel Wireless LLC,71,1,X,MI,88276a46b5fffff
260399602002053,10,1,3,15017189,300025,Bug Tussel Wireless LLC,71,1,X,MI,88276a7363fffff
260399602002059,10,1,5,15017189,300025,Bug Tussel Wireless LLC,71,1,X,MI,88276a4693fffff
260399602002061,10,1,11,15017189,300025,Bug Tussel Wireless LLC,71,1,X,MI,88276a7345fffff
260399602002062,10,1,25,15017189,300025,Bug Tussel Wireless LLC,71,1,X,MI,88276a734dfffff
260399602002063,10,1,11,15017189,300025,Bug Tussel Wireless LLC,71,1,X,MI,88276a734dfffff
260399602002064,10,1,9,15017189,300025,Bug Tussel Wireless LLC,71,1,X,MI,88276a734dfffff
260399602002068,10,1,15,15017189,300025,Bug Tussel Wireless LLC,71,1,X,MI,88276a730dfffff
260399602002072,10,1,1,15017189,300025,Bug Tussel Wireless LLC,71,1,X,MI,88276a730bfffff
260399602002074,10,1,10,15017189,300025,Bug Tussel Wireless LLC,71,1,X,MI,88276a7345fffff
260399602002075,10,1,5,15017189,300025,Bug Tussel Wireless LLC,71,1,X,MI,88276a7301fffff
260399602002076,10,1,21,15017189,300025,Bug Tussel Wireless LLC,71,1,X,MI,88276a730bfffff
260399602002077,10,1,11,15017189,300025,Bug Tussel Wireless LLC,71,1,X,MI,88276a730bfffff
260399602002078,10,1,3,15017189,300025,Bug Tussel Wireless LLC,71,1,X,MI,88276a730bfffff
260399602002079,10,1,7,15017189,300025,Bug Tussel Wireless LLC,71,1,X,MI,88276a730bfffff
260399602002080,10,1,7,15017189,300025,Bug Tussel Wireless LLC,71,1,X,MI,88276a730bfffff
260399602002081,10,1,8,15017189,300025,Bug Tussel Wireless LLC,71,1,X,MI,88276a730bfffff
260399602002082,10,1,2,15017189,300025,Bug Tussel Wireless LLC,71,1,X,MI,88276a730bfffff
260399602002083,10,1,9,15017189,300025,Bug Tussel Wireless LLC,71,1,X,MI,88276a730bfffff
260399602002084,10,1,1,15017189,300025,Bug Tussel Wireless LLC,71,1,X,MI,88276a730bfffff
260399602002085,10,1,1,15017189,300025,Bug Tussel Wireless LLC,71,1,X,MI,88276a7355fffff
260399602002086,10,1,4,15017189,300025,Bug Tussel Wireless LLC,71,1,X,MI,88276a7355fffff
260399602002087,10,1,1,15017189,300025,Bug Tussel Wireless LLC,71,1,X,MI,88276a7355fffff
260399602002088,10,1,8,15017189,300025,Bug Tussel Wireless LLC,71,1,X,MI,88276a730bfffff
260399602002089,10,1,8,15017189,300025,Bug Tussel Wireless LLC,71,1,X,MI,88276a730bfffff
260399602002090,10,1,1,15017189,300025,Bug Tussel Wireless LLC,71,1,X,MI,88276a7301fffff
260399602002091,10,1,2,15017189,300025,Bug Tussel Wireless LLC,71,1,X,MI,88276a7301fffff
260399602002092,10,1,1,15017189,300025,Bug Tussel Wireless LLC,71,1,X,MI,88276a7305fffff
260399602002094,10,1,11,15017189,300025,Bug Tussel Wireless LLC,71,1,X,MI,88276a7307fffff
260399602002095,10,1,4,15017189,300025,Bug Tussel Wireless LLC,71,1,X,MI,88276a7305fffff
260399602002096,10,1,22,15017189,300025,Bug Tussel Wireless LLC,71,1,X,MI,88276a7363fffff
260399602002097,10,1,11,15017189,300025,Bug Tussel Wireless LLC,71,1,X,MI,88276a7363fffff
260399602002098,10,1,9,15017189,300025,Bug Tussel Wireless LLC,71,1,X,MI,88276a7363fffff
260399602002099,10,1,25,15017189,300025,Bug Tussel Wireless LLC,71,1,X,MI,88276a7329fffff
260399602002100,10,1,11,15017189,300025,Bug Tussel Wireless LLC,71,1,X,MI,88276a7305fffff
260399602002101,10,1,4,15017189,300025,Bug Tussel Wireless LLC,71,1,X,MI,88276a7305fffff
260399602002103,10,1,11,15017189,300025,Bug Tussel Wireless LLC,71,1,X,MI,88276a7329fffff
260399602002104,10,1,8,15017189,300025,Bug Tussel Wireless LLC,71,1,X,MI,88276a7329fffff
260399602002107,10,1,5,15017189,300025,Bug Tussel Wireless LLC,71,1,X,MI,88276a4499fffff
260399602002108,10,1,11,15017189,300025,Bug Tussel Wireless LLC,71,1,X,MI,88276a7305fffff
260399602002109,10,1,8,15017189,300025,Bug Tussel Wireless LLC,71,1,X,MI,88276a7307fffff
260399602002110,10,1,16,15017189,300025,Bug Tussel Wireless LLC,71,1,X,MI,88276a7301fffff
260399602002112,10,1,5,15017189,300025,Bug Tussel Wireless LLC,71,1,X,MI,88276a7301fffff
260399602002114,10,1,1,15017189,300025,Bug Tussel Wireless LLC,71,1,X,MI,88276a7303fffff
260399602002115,10,1,5,15017189,300025,Bug Tussel Wireless LLC,71,1,X,MI,88276a731dfffff
260399602002116,10,1,5,15017189,300025,Bug Tussel Wireless LLC,71,1,X,MI,88276a7303fffff
260399602002117,10,1,4,15017189,300025,Bug Tussel Wireless LLC,71,1,X,MI,88276a731dfffff
260399602002118,10,1,10,15017189,300025,Bug Tussel Wireless LLC,71,1,X,MI,88276a731dfffff
260399602002125,10,1,6,15017189,300025,Bug Tussel Wireless LLC,71,1,X,MI,88276a732bfffff
260399602002126,10,1,1,15017189,300025,Bug Tussel Wireless LLC,71,1,X,MI,88276a7303fffff
260399602002129,10,1,3,15017189,300025,Bug Tussel Wireless LLC,71,1,X,MI,88276a730bfffff
260399602002130,10,1,5,15017189,300025,Bug Tussel Wireless LLC,71,1,X,MI,88276a730bfffff
260399602002131,10,1,10,15017189,300025,Bug Tussel Wireless LLC,71,1,X,MI,88276a730bfffff
260399602002132,10,1,5,15017189,300025,Bug Tussel Wireless LLC,71,1,X,MI,88276a730bfffff
260399602002133,10,1,7,15017189,300025,Bug Tussel Wireless LLC,71,1,X,MI,88276a730bfffff
260399602002134,10,1,7,15017189,300025,Bug Tussel Wireless LLC,71,1,X,MI,88276a730bfffff
260399602002135,10,1,8,15017189,300025,Bug Tussel Wireless LLC,71,1,X,MI,88276a730bfffff
260399602002136,10,1,10,15017189,300025,Bug Tussel Wireless LLC,71,1,X,MI,88276a730bfffff
260399602002137,10,1,7,15017189,300025,Bug Tussel Wireless LLC,71,1,X,MI,88276a730bfffff
260399602002138,10,1,9,15017189,300025,Bug Tussel Wireless LLC,71,1,X,MI,88276a730bfffff
260399602002139,10,1,7,15017189,300025,Bug Tussel Wireless LLC,71,1,X,MI,88276a730bfffff
260399602002144,10,1,13,15017189,300025,Bug Tussel Wireless LLC,71,1,X,MI,88276a449dfffff
260399602003003,10,1,70,15017189,300025,Bug Tussel Wireless LLC,71,1,X,MI,88276a449bfffff
260399602003004,10,1,7,15017189,300025,Bug Tussel Wireless LLC,71,1,X,MI,88276a449bfffff
260399602003006,10,1,7,15017189,300025,Bug Tussel Wireless LLC,71,1,X,MI,88276a449bfffff
260399602003007,10,1,29,15017189,300025,Bug Tussel Wireless LLC,71,1,X,MI,88276a449dfffff
260399602003008,10,1,1,15017189,300025,Bug Tussel Wireless LLC,71,1,X,MI,88276a449dfffff
260399602003009,10,1,4,15017189,300025,Bug Tussel Wireless LLC,71,1,X,MI,88276a449dfffff
260399602003010,10,1,34,15017189,300025,Bug Tussel Wireless LLC,71,1,X,MI,88276a449dfffff
260399602003014,10,1,2,15017189,300025,Bug Tussel Wireless LLC,71,1,X,MI,88276a44b9fffff
260399602003021,10,1,3,15017189,300025,Bug Tussel Wireless LLC,71,1,X,MI,88276a44e7fffff
260399602003026,10,1,1,15017189,300025,Bug Tussel Wireless LLC,71,1,X,MI,88276a4483fffff
260399602003044,10,1,91,15017189,300025,Bug Tussel Wireless LLC,71,1,X,MI,88276a4495fffff
260399602003045,10,1,9,15017189,300025,Bug Tussel Wireless LLC,71,1,X,MI,88276a4491fffff
260399602003046,10,1,5,15017189,300025,Bug Tussel Wireless LLC,71,1,X,MI,88276a4495fffff
260399602003049,10,1,6,15017189,300025,Bug Tussel Wireless LLC,71,1,X,MI,88276a4495fffff
260399602003074,10,1,5,15017189,300025,Bug Tussel Wireless LLC,71,1,X,MI,88276a7141fffff
260399602003075,10,1,1,15017189,300025,Bug Tussel Wireless LLC,71,1,X,MI,88276a7141fffff
260399602003076,10,1,4,15017189,300025,Bug Tussel Wireless LLC,71,1,X,MI,88276a7141fffff
260399602003077,10,1,2,15017189,300025,Bug Tussel Wireless LLC,71,1,X,MI,88276a7141fffff
260399602003079,10,1,4,15017189,300025,Bug Tussel Wireless LLC,71,1,X,MI,88276a7141fffff
260399602003086,10,1,2,15017189,300025,Bug Tussel Wireless LLC,71,1,X,MI,88276a449dfffff
260399602003089,10,1,7,15017189,300025,Bug Tussel Wireless LLC,71,1,X,MI,88276a449dfffff
260399603001037,10,1,16,15017189,300025,Bug Tussel Wireless LLC,71,1,X,MI,88276a09b9fffff
260399603001040,10,1,4,15017189,300025,Bug Tussel Wireless LLC,71,1,X,MI,88276a0983fffff
260399603001042,10,1,3,15017189,300025,Bug Tussel Wireless LLC,71,1,X,MI,88276a0983fffff
260399603001053,10,1,1,15017189,300025,Bug Tussel Wireless LLC,71,1,X,MI,88276a09a1fffff
260399603001066,10,1,50,15017189,300025,Bug Tussel Wireless LLC,71,1,X,MI,88276a734bfffff
260399603001067,10,1,15,15017189,300025,Bug Tussel Wireless LLC,71,1,X,MI,88276a734bfffff
260399603001068,10,1,8,15017189,300025,Bug Tussel Wireless LLC,71,1,X,MI,88276a734bfffff
260399603001069,10,1,6,15017189,300025,Bug Tussel Wireless LLC,71,1,X,MI,88276a734bfffff
260399603001075,10,1,10,15017189,300025,Bug Tussel Wireless LLC,71,1,X,MI,88276a7341fffff
260399603001076,10,1,5,15017189,300025,Bug Tussel Wireless LLC,71,1,X,MI,88276a7341fffff
260399603001079,10,1,7,15017189,300025,Bug Tussel Wireless LLC,71,1,X,MI,88276a734dfffff
260399603001080,10,1,50,15017189,300025,Bug Tussel Wireless LLC,71,1,X,MI,88276a7351fffff
260399603001082,10,1,37,15017189,300025,Bug Tussel Wireless LLC,71,1,X,MI,88276a7359fffff
260399603001083,10,1,55,15017189,300025,Bug Tussel Wireless LLC,71,1,X,MI,88276a7359fffff
260399603001084,10,1,13,15017189,300025,Bug Tussel Wireless LLC,71,1,X,MI,88276a7359fffff
260399603001085,10,1,22,15017189,300025,Bug Tussel Wireless LLC,71,1,X,MI,88276a09b7fffff
260399603001086,10,1,9,15017189,300025,Bug Tussel Wireless LLC,71,1,X,MI,88276a09b9fffff
260399603001088,10,1,6,15017189,300025,Bug Tussel Wireless LLC,71,1,X,MI,88276a7357fffff
260399603001089,10,1,5,15017189,300025,Bug Tussel Wireless LLC,71,1,X,MI,88276a7357fffff
260399603001090,10,1,7,15017189,300025,Bug Tussel Wireless LLC,71,1,X,MI,88276a7357fffff
260399603001091,10,1,14,15017189,300025,Bug Tussel Wireless LLC,71,1,X,MI,88276a7351fffff
260399603001092,10,1,9,15017189,300025,Bug Tussel Wireless LLC,71,1,X,MI,88276a7357fffff
260399603001095,10,1,2,15017189,300025,Bug Tussel Wireless LLC,71,1,X,MI,88276a7357fffff
260399603001096,10,1,4,15017189,300025,Bug Tussel Wireless LLC,71,1,X,MI,88276a7343fffff
260399603001097,10,1,98,15017189,300025,Bug Tussel Wireless LLC,71,1,X,MI,88276a734bfffff
260399603001098,10,1,9,15017189,300025,Bug Tussel Wireless LLC,71,1,X,MI,88276a7355fffff
260399603001099,10,1,17,15017189,300025,Bug Tussel Wireless LLC,71,1,X,MI,88276a7355fffff
260399603001100,10,1,7,15017189,300025,Bug Tussel Wireless LLC,71,1,X,MI,88276a7355fffff
260399603001101,10,1,10,15017189,300025,Bug Tussel Wireless LLC,71,1,X,MI,88276a7355fffff
260399603001102,10,1,2,15017189,300025,Bug Tussel Wireless LLC,71,1,X,MI,88276a7343fffff
260399603001103,10,1,14,15017189,300025,Bug Tussel Wireless LLC,71,1,X,MI,88276a7355fffff
260399603001104,10,1,17,15017189,300025,Bug Tussel Wireless LLC,71,1,X,MI,88276a7343fffff
260399603001105,10,1,7,15017189,300025,Bug Tussel Wireless LLC,71,1,X,MI,88276a7355fffff
260399603001107,10,1,2,15017189,300025,Bug Tussel Wireless LLC,71,1,X,MI,88276a0981fffff
260399603001110,10,1,1,15017189,300025,Bug Tussel Wireless LLC,71,1,X,MI,88276a7309fffff
260399603001112,10,1,13,15017189,300025,Bug Tussel Wireless LLC,71,1,X,MI,88276a7359fffff
260399603001113,10,1,15,15017189,300025,Bug Tussel Wireless LLC,71,1,X,MI,88276a09b7fffff
260399603002019,10,1,1,15017189,300025,Bug Tussel Wireless LLC,71,1,X,MI,88276a08b5fffff
260399603002025,10,1,9,15017189,300025,Bug Tussel Wireless LLC,71,1,X,MI,88276a0995fffff
260399603002054,10,1,2,15017189,300025,Bug Tussel Wireless LLC,71,1,X,MI,88276a0997fffff
260399603002055,10,1,15,15017189,300025,Bug Tussel Wireless LLC,71,1,X,MI,88276a09b9fffff
260399603002056,10,1,36,15017189,300025,Bug Tussel Wireless LLC,71,1,X,MI,88276a09b3fffff
260399603002057,10,1,12,15017189,300025,Bug Tussel Wireless LLC,71,1,X,MI,88276a09b3fffff
260399603003009,10,1,1,15017189,300025,Bug Tussel Wireless LLC,71,1,X,MI,88276a7225fffff
260399603003013,10,1,35,15017189,300025,Bug Tussel Wireless LLC,71,1,X,MI,88276a735bfffff
260399603003015,10,1,7,15017189,300025,Bug Tussel Wireless LLC,71,1,X,MI,88276a7353fffff
260399603003016,10,1,2,15017189,300025,Bug Tussel Wireless LLC,71,1,X,MI,88276a7319fffff
260399603003017,10,1,2,15017189,300025,Bug Tussel Wireless LLC,71,1,X,MI,88276a7225fffff
260399603003030,10,1,8,15017189,300025,Bug Tussel Wireless LLC,71,1,X,MI,88276a7319fffff
260399603003031,10,1,9,15017189,300025,Bug Tussel Wireless LLC,71,1,X,MI,88276a731bfffff
260399603003033,10,1,11,15017189,300025,Bug Tussel Wireless LLC,71,1,X,MI,88276a701dfffff
260399603003040,10,1,1,15017189,300025,Bug Tussel Wireless LLC,71,1,X,MI,88276a731bfffff
260399603003042,10,1,5,15017189,300025,Bug Tussel Wireless LLC,71,1,X,MI,88276a7313fffff
260399603003044,10,1,1,15017189,300025,Bug Tussel Wireless LLC,71,1,X,MI,88276a7007fffff
260399603003045,10,1,1,15017189,300025,Bug Tussel Wireless LLC,71,1,X,MI,88276a72adfffff
260399603004003,10,1,16,15017189,300025,Bug Tussel Wireless LLC,71,1,X,MI,88276a7357fffff
260399603004004,10,1,4,15017189,300025,Bug Tussel Wireless LLC,71,1,X,MI,88276a7357fffff
260399603004005,10,1,8,15017189,300025,Bug Tussel Wireless LLC,71,1,X,MI,88276a7319fffff
260399603004006,10,1,7,15017189,300025,Bug Tussel Wireless LLC,71,1,X,MI,88276a7319fffff
260399603004007,10,1,9,15017189,300025,Bug Tussel Wireless LLC,71,1,X,MI,88276a7319fffff
260399603004008,10,1,5,15017189,300025,Bug Tussel Wireless LLC,71,1,X,MI,88276a7319fffff
260399603004011,10,1,10,15017189,300025,Bug Tussel Wireless LLC,71,1,X,MI,88276a7319fffff
260399603004012,10,1,16,15017189,300025,Bug Tussel Wireless LLC,71,1,X,MI,88276a7319fffff
260399603004013,10,1,22,15017189,300025,Bug Tussel Wireless LLC,71,1,X,MI,88276a7319fffff
260399603004014,10,1,5,15017189,300025,Bug Tussel Wireless LLC,71,1,X,MI,88276a7319fffff
260399603004015,10,1,2,15017189,300025,Bug Tussel Wireless LLC,71,1,X,MI,88276a7319fffff
260399603004016,10,1,4,15017189,300025,Bug Tussel Wireless LLC,71,1,X,MI,88276a7319fffff
260399603004017,10,1,4,15017189,300025,Bug Tussel Wireless LLC,71,1,X,MI,88276a7319fffff
260399603004018,10,1,11,15017189,300025,Bug Tussel Wireless LLC,71,1,X,MI,88276a731dfffff
260399603004019,10,1,15,15017189,300025,Bug Tussel Wireless LLC,71,1,X,MI,88276a7319fffff
260399603004020,10,1,6,15017189,300025,Bug Tussel Wireless LLC,71,1,X,MI,88276a7319fffff
260399603004021,10,1,8,15017189,300025,Bug Tussel Wireless LLC,71,1,X,MI,88276a7319fffff
260399603004022,10,1,1,15017189,300025,Bug Tussel Wireless LLC,71,1,X,MI,88276a7319fffff
260399603004023,10,1,1,15017189,300025,Bug Tussel Wireless LLC,71,1,X,MI,88276a7319fffff
260399603004024,10,1,4,15017189,300025,Bug Tussel Wireless LLC,71,1,X,MI,88276a7319fffff
260399603004026,10,1,13,15017189,300025,Bug Tussel Wireless LLC,71,1,X,MI,88276a7311fffff
260399603004027,10,1,1,15017189,300025,Bug Tussel Wireless LLC,71,1,X,MI,88276a7311fffff
260399603004028,10,1,9,15017189,300025,Bug Tussel Wireless LLC,71,1,X,MI,88276a731dfffff
260399603004029,10,1,8,15017189,300025,Bug Tussel Wireless LLC,71,1,X,MI,88276a731dfffff
260399603004030,10,1,14,15017189,300025,Bug Tussel Wireless LLC,71,1,X,MI,88276a731dfffff
260399603004036,10,1,6,15017189,300025,Bug Tussel Wireless LLC,71,1,X,MI,88276a731dfffff
260399603004037,10,1,4,15017189,300025,Bug Tussel Wireless LLC,71,1,X,MI,88276a731dfffff
260399603004038,10,1,7,15017189,300025,Bug Tussel Wireless LLC,71,1,X,MI,88276a7311fffff
260399603004039,10,1,7,15017189,300025,Bug Tussel Wireless LLC,71,1,X,MI,88276a703dfffff
260399603004041,10,1,3,15017189,300025,Bug Tussel Wireless LLC,71,1,X,MI,88276a7311fffff
260399603004042,10,1,4,15017189,300025,Bug Tussel Wireless LLC,71,1,X,MI,88276a7311fffff
260399603004058,10,1,1,15017189,300025,Bug Tussel Wireless LLC,71,1,X,MI,88276a731dfffff
260399603004059,10,1,18,15017189,300025,Bug Tussel Wireless LLC,71,1,X,MI,88276a731dfffff
260399603004060,10,1,5,15017189,300025,Bug Tussel Wireless LLC,71,1,X,MI,88276a731dfffff
260399603004061,10,1,3,15017189,300025,Bug Tussel Wireless LLC,71,1,X,MI,88276a7117fffff
260399604001021,10,1,12,15017189,300025,Bug Tussel Wireless LLC,71,1,X,MI,88276a7461fffff
260399604001022,10,1,12,15017189,300025,Bug Tussel Wireless LLC,71,1,X,MI,88276a7469fffff
260399604001023,10,1,2,15017189,300025,Bug Tussel Wireless LLC,71,1,X,MI,88276a7469fffff
260399604001024,10,1,8,15017189,300025,Bug Tussel Wireless LLC,71,1,X,MI,88276a7461fffff
260399605001010,10,1,4,15017189,300025,Bug Tussel Wireless LLC,71,1,X,MI,88276a71edfffff
260399605001011,10,1,41,15017189,300025,Bug Tussel Wireless LLC,71,1,X,MI,88276a7117fffff
260399605001015,10,1,5,15017189,300025,Bug Tussel Wireless LLC,71,1,X,MI,88276a71c7fffff
260399605001017,10,1,14,15017189,300025,Bug Tussel Wireless LLC,71,1,X,MI,88276a7035fffff
260399605001018,10,1,5,15017189,300025,Bug Tussel Wireless LLC,71,1,X,MI,88276a71cbfffff
260399605001025,10,1,15,15017189,300025,Bug Tussel Wireless LLC,71,1,X,MI,88276a71dbfffff
260399605001034,10,1,7,15017189,300025,Bug Tussel Wireless LLC,71,1,X,MI,88276a71e1fffff
260399605001042,10,1,6,15017189,300025,Bug Tussel Wireless LLC,71,1,X,MI,88276a71e1fffff
260399605001043,10,1,1,15017189,300025,Bug Tussel Wireless LLC,71,1,X,MI,88276a71c7fffff
260399605001046,10,1,2,15017189,300025,Bug Tussel Wireless LLC,71,1,X,MI,88276a634bfffff
260399605001047,10,1,1,15017189,300025,Bug Tussel Wireless LLC,71,1,X,MI,88276a6349fffff
260399605001048,10,1,1,15017189,300025,Bug Tussel Wireless LLC,71,1,X,MI,88276a6349fffff
260399605001087,10,1,1,15017189,300025,Bug Tussel Wireless LLC,71,1,X,MI,88276a719dfffff
260399605001088,10,1,28,15017189,300025,Bug Tussel Wireless LLC,71,1,X,MI,88276a719dfffff
260399605001089,10,1,25,15017189,300025,Bug Tussel Wireless LLC,71,1,X,MI,88276a7199fffff
260399605001090,10,1,4,15017189,300025,Bug Tussel Wireless LLC,71,1,X,MI,88276a71d3fffff
260399605001092,10,1,4,15017189,300025,Bug Tussel Wireless LLC,71,1,X,MI,88276a7197fffff
260399605001093,10,1,6,15017189,300025,Bug Tussel Wireless LLC,71,1,X,MI,88276a7197fffff
260399605001094,10,1,6,15017189,300025,Bug Tussel Wireless LLC,71,1,X,MI,88276a7191fffff
260399605001096,10,1,103,15017189,300025,Bug Tussel Wireless LLC,71,1,X,MI,88276a7193fffff
260399605001097,10,1,2,15017189,300025,Bug Tussel Wireless LLC,71,1,X,MI,88276a7193fffff
260399605001098,10,1,6,15017189,300025,Bug Tussel Wireless LLC,71,1,X,MI,88276a7191fffff
260399605001099,10,1,11,15017189,300025,Bug Tussel Wireless LLC,71,1,X,MI,88276a624dfffff
260399605001100,10,1,9,15017189,300025,Bug Tussel Wireless LLC,71,1,X,MI,88276a624dfffff
260399605001101,10,1,2,15017189,300025,Bug Tussel Wireless LLC,71,1,X,MI,88276a7191fffff
260399605001125,10,1,1,15017189,300025,Bug Tussel Wireless LLC,71,1,X,MI,88276a635bfffff
260399605001128,10,1,2,15017189,300025,Bug Tussel Wireless LLC,71,1,X,MI,88276a6269fffff
260399605001129,10,1,5,15017189,300025,Bug Tussel Wireless LLC,71,1,X,MI,88276a7193fffff
260399605001131,10,1,34,15017189,300025,Bug Tussel Wireless LLC,71,1,X,MI,88276a6241fffff
260399605001132,10,1,1,15017189,300025,Bug Tussel Wireless LLC,71,1,X,MI,88276a624bfffff
260399605001133,10,1,34,15017189,300025,Bug Tussel Wireless LLC,71,1,X,MI,88276a6255fffff
260399605001134,10,1,4,15017189,300025,Bug Tussel Wireless LLC,71,1,X,MI,88276a6269fffff
260399605001151,10,1,40,15017189,300025,Bug Tussel Wireless LLC,71,1,X,MI,88276a6209fffff
260399605001152,10,1,75,15017189,300025,Bug Tussel Wireless LLC,71,1,X,MI,88276a6209fffff
260399605001153,10,1,12,15017189,300025,Bug Tussel Wireless LLC,71,1,X,MI,88276a6209fffff
260399605001154,10,1,14,15017189,300025,Bug Tussel Wireless LLC,71,1,X,MI,88276a6209fffff
260399605002000,10,1,2,15017189,300025,Bug Tussel Wireless LLC,71,1,X,MI,88276a7769fffff
260399605002001,10,1,2,15017189,300025,Bug Tussel Wireless LLC,71,1,X,MI,88276a7769fffff
260399605002002,10,1,1,15017189,300025,Bug Tussel Wireless LLC,71,1,X,MI,88276a7769fffff
260399605002016,10,1,6,15017189,300025,Bug Tussel Wireless LLC,71,1,X,MI,88276a70b3fffff
260399605002032,10,1,3,15017189,300025,Bug Tussel Wireless LLC,71,1,X,MI,88276a7541fffff
260399605002043,10,1,1,15017189,300025,Bug Tussel Wireless LLC,71,1,X,MI,88276a7541fffff
260399605002048,10,1,1,15017189,300025,Bug Tussel Wireless LLC,71,1,X,MI,88276a7567fffff
260399605002049,10,1,2,15017189,300025,Bug Tussel Wireless LLC,71,1,X,MI,88276a625bfffff
260399605003018,10,1,2,15017189,300025,Bug Tussel Wireless LLC,71,1,X,MI,88276a7293fffff
260399605003019,10,1,2,15017189,300025,Bug Tussel Wireless LLC,71,1,X,MI,88276a7293fffff
260399605003026,10,1,3,15017189,300025,Bug Tussel Wireless LLC,71,1,X,MI,88276a7297fffff
260399605003027,10,1,1,15017189,300025,Bug Tussel Wireless LLC,71,1,X,MI,88276a7283fffff
260399605003033,10,1,1,15017189,300025,Bug Tussel Wireless LLC,71,1,X,MI,88276a7015fffff
260399605003034,10,1,2,15017189,300025,Bug Tussel Wireless LLC,71,1,X,MI,88276a703bfffff
260399605003035,10,1,1,15017189,300025,Bug Tussel Wireless LLC,71,1,X,MI,88276a70e5fffff
260399605003040,10,1,28,15017189,300025,Bug Tussel Wireless LLC,71,1,X,MI,88276a70a1fffff
260399605003041,10,1,4,15017189,300025,Bug Tussel Wireless LLC,71,1,X,MI,88276a71dbfffff
260399605003042,10,1,1,15017189,300025,Bug Tussel Wireless LLC,71,1,X,MI,88276a70e5fffff
260399605003044,10,1,2,15017189,300025,Bug Tussel Wireless LLC,71,1,X,MI,88276a72b7fffff
260399605003045,10,1,1,15017189,300025,Bug Tussel Wireless LLC,71,1,X,MI,88276a70ebfffff
260399605003051,10,1,9,15017189,300025,Bug Tussel Wireless LLC,71,1,X,MI,88276a70a1fffff
260399605003054,10,1,11,15017189,300025,Bug Tussel Wireless LLC,71,1,X,MI,88276a624dfffff
260399605003056,10,1,20,15017189,300025,Bug Tussel Wireless LLC,71,1,X,MI,88276a624bfffff
260399605003057,10,1,10,15017189,300025,Bug Tussel Wireless LLC,71,1,X,MI,88276a625dfffff
260399605003058,10,1,4,15017189,300025,Bug Tussel Wireless LLC,71,1,X,MI,88276a6251fffff
260419701002064,25,5,2,15017189,300025,Bug Tussel Wireless LLC,71,1,X,MI,8827409a03fffff
260419701002065,25,5,3,15017189,300025,Bug Tussel Wireless LLC,71,1,X,MI,8827409a19fffff
260419701002066,25,5,2,15017189,300025,Bug Tussel Wireless LLC,71,1,X,MI,8827409125fffff
260419701002074,25,5,3,15017189,300025,Bug Tussel Wireless LLC,71,1,X,MI,8827409a27fffff
260419701002075,25,5,4,15017189,300025,Bug Tussel Wireless LLC,71,1,X,MI,8827409b39fffff
260419701002077,25,5,6,15017189,300025,Bug Tussel Wireless LLC,71,1,X,MI,8827409b39fffff
260419702001080,25,5,6,15017189,300025,Bug Tussel Wireless LLC,71,1,X,MI,8827446e9bfffff
260419702001092,25,5,2,15017189,300025,Bug Tussel Wireless LLC,71,1,X,MI,8827409125fffff
260419702001093,25,5,2,15017189,300025,Bug Tussel Wireless LLC,71,1,X,MI,8827409125fffff
260419702001095,25,5,3,15017189,300025,Bug Tussel Wireless LLC,71,1,X,MI,8827409a03fffff
260419702001102,25,5,1,15017189,300025,Bug Tussel Wireless LLC,71,1,X,MI,8827409b29fffff
260419702001105,25,5,27,15017189,300025,Bug Tussel Wireless LLC,71,1,X,MI,8827446cd7fffff
260419702001106,25,5,10,15017189,300025,Bug Tussel Wireless LLC,71,1,X,MI,882740994dfffff
260419702001107,25,5,11,15017189,300025,Bug Tussel Wireless LLC,71,1,X,MI,8827446c97fffff
260419702001108,25,5,4,15017189,300025,Bug Tussel Wireless LLC,71,1,X,MI,8827409b27fffff
260419702001109,25,5,12,15017189,300025,Bug Tussel Wireless LLC,71,1,X,MI,8827409b23fffff
260419702001110,25,5,3,15017189,300025,Bug Tussel Wireless LLC,71,1,X,MI,8827409b15fffff
260419702001111,25,5,1,15017189,300025,Bug Tussel Wireless LLC,71,1,X,MI,8827409b1bfffff
260419702001116,25,5,6,15017189,300025,Bug Tussel Wireless LLC,71,1,X,MI,882740994dfffff
260419702001118,25,5,22,15017189,300025,Bug Tussel Wireless LLC,71,1,X,MI,8827446c97fffff
260419702001122,25,5,4,15017189,300025,Bug Tussel Wireless LLC,71,1,X,MI,8827409b37fffff
260419702001123,25,5,4,15017189,300025,Bug Tussel Wireless LLC,71,1,X,MI,8827409949fffff
260419702001125,25,5,6,15017189,300025,Bug Tussel Wireless LLC,71,1,X,MI,882740993bfffff
260419702001127,25,5,17,15017189,300025,Bug Tussel Wireless LLC,71,1,X,MI,882740990dfffff
260419702001131,25,5,5,15017189,300025,Bug Tussel Wireless LLC,71,1,X,MI,8827409929fffff
260419702001132,25,5,11,15017189,300025,Bug Tussel Wireless LLC,71,1,X,MI,8827409929fffff
260419702001133,25,5,119,15017189,300025,Bug Tussel Wireless LLC,71,1,X,MI,882740992dfffff
260419702001138,25,5,3,15017189,300025,Bug Tussel Wireless LLC,71,1,X,MI,8827409929fffff
260419702001139,25,5,9,15017189,300025,Bug Tussel Wireless LLC,71,1,X,MI,8827409921fffff
260419702001140,25,5,11,15017189,300025,Bug Tussel Wireless LLC,71,1,X,MI,8827409925fffff
260419702001144,25,5,1,15017189,300025,Bug Tussel Wireless LLC,71,1,X,MI,882740d6abfffff
260419702001148,25,5,3,15017189,300025,Bug Tussel Wireless LLC,71,1,X,MI,8827409919fffff
260419702001149,25,5,1,15017189,300025,Bug Tussel Wireless LLC,71,1,X,MI,88274099edfffff
260419702001150,25,5,2,15017189,300025,Bug Tussel Wireless LLC,71,1,X,MI,88274099edfffff
260419702001151,25,5,1,15017189,300025,Bug Tussel Wireless LLC,71,1,X,MI,88274099c3fffff
260419702002003,25,5,1,15017189,300025,Bug Tussel Wireless LLC,71,1,X,MI,8827446047fffff
260419702002005,25,5,3,15017189,300025,Bug Tussel Wireless LLC,71,1,X,MI,8827446317fffff
260419702002006,25,5,6,15017189,300025,Bug Tussel Wireless LLC,71,1,X,MI,882744615bfffff
260419702002007,25,5,11,15017189,300025,Bug Tussel Wireless LLC,71,1,X,MI,882744615bfffff
260419702002008,25,5,1,15017189,300025,Bug Tussel Wireless LLC,71,1,X,MI,882744615bfffff
260419702002013,25,5,5,15017189,300025,Bug Tussel Wireless LLC,71,1,X,MI,8827446187fffff
260419702002015,25,5,1,15017189,300025,Bug Tussel Wireless LLC,71,1,X,MI,8827446e3dfffff
260419702002016,25,5,3,15017189,300025,Bug Tussel Wireless LLC,71,1,X,MI,8827446e31fffff
260419702002017,25,5,1,15017189,300025,Bug Tussel Wireless LLC,71,1,X,MI,8827446e3dfffff
260419702002020,25,5,1,15017189,300025,Bug Tussel Wireless LLC,71,1,X,MI,8827446525fffff
260419702002028,25,5,4,15017189,300025,Bug Tussel Wireless LLC,71,1,X,MI,8827446e31fffff
260419702002029,25,5,10,15017189,300025,Bug Tussel Wireless LLC,71,1,X,MI,8827446c5dfffff
260419702002030,25,5,10,15017189,300025,Bug Tussel Wireless LLC,71,1,X,MI,8827446e31fffff
260419702002031,25,5,8,15017189,300025,Bug Tussel Wireless LLC,71,1,X,MI,8827446e35fffff
260419702002032,25,5,4,15017189,300025,Bug Tussel Wireless LLC,71,1,X,MI,8827446c5dfffff
260419702002033,25,5,3,15017189,300025,Bug Tussel Wireless LLC,71,1,X,MI,8827446c57fffff
260419702002037,25,5,31,15017189,300025,Bug Tussel Wireless LLC,71,1,X,MI,8827446cebfffff
260419702002038,25,5,13,15017189,300025,Bug Tussel Wireless LLC,71,1,X,MI,8827446cebfffff
260419702002040,25,5,30,15017189,300025,Bug Tussel Wireless LLC,71,1,X,MI,8827446c89fffff
260419702002042,25,5,20,15017189,300025,Bug Tussel Wireless LLC,71,1,X,MI,8827446c8bfffff
260419702002043,25,5,12,15017189,300025,Bug Tussel Wireless LLC,71,1,X,MI,8827446cd5fffff
260419702002046,25,5,10,15017189,300025,Bug Tussel Wireless LLC,71,1,X,MI,8827446cd7fffff
260419702002047,25,5,13,15017189,300025,Bug Tussel Wireless LLC,71,1,X,MI,8827446cd7fffff
260419702002048,25,5,3,15017189,300025,Bug Tussel Wireless LLC,71,1,X,MI,8827446cd7fffff
260419702002049,25,5,20,15017189,300025,Bug Tussel Wireless LLC,71,1,X,MI,8827446c91fffff
260419702002050,25,5,3,15017189,300025,Bug Tussel Wireless LLC,71,1,X,MI,8827446c8bfffff
260419702002053,25,5,7,15017189,300025,Bug Tussel Wireless LLC,71,1,X,MI,8827446c81fffff
260419702002054,25,5,13,15017189,300025,Bug Tussel Wireless LLC,71,1,X,MI,8827446c8dfffff
260419702002055,25,5,8,15017189,300025,Bug Tussel Wireless LLC,71,1,X,MI,8827446c85fffff
260419702002056,25,5,3,15017189,300025,Bug Tussel Wireless LLC,71,1,X,MI,8827446c85fffff
260419702002057,25,5,2,15017189,300025,Bug Tussel Wireless LLC,71,1,X,MI,8827446c85fffff
260419702002058,25,5,6,15017189,300025,Bug Tussel Wireless LLC,71,1,X,MI,8827446c85fffff
260419702002059,25,5,11,15017189,300025,Bug Tussel Wireless LLC,71,1,X,MI,8827446c8dfffff
260419702002060,25,5,22,15017189,300025,Bug Tussel Wireless LLC,71,1,X,MI,8827446c85fffff
260419702002061,25,5,7,15017189,300025,Bug Tussel Wireless LLC,71,1,X,MI,8827446ce9fffff
260419702002062,25,5,6,15017189,300025,Bug Tussel Wireless LLC,71,1,X,MI,8827446c85fffff
260419702002063,25,5,3,15017189,300025,Bug Tussel Wireless LLC,71,1,X,MI,8827446c85fffff
260419702002064,25,5,4,15017189,300025,Bug Tussel Wireless LLC,71,1,X,MI,8827446c85fffff
260419702002065,25,5,10,15017189,300025,Bug Tussel Wireless LLC,71,1,X,MI,8827446c85fffff
260419702002066,25,5,5,15017189,300025,Bug Tussel Wireless LLC,71,1,X,MI,8827446c85fffff
260419702002067,25,5,2,15017189,300025,Bug Tussel Wireless LLC,71,1,X,MI,8827446c85fffff
260419702002068,25,5,4,15017189,300025,Bug Tussel Wireless LLC,71,1,X,MI,8827446c85fffff
260419702002069,25,5,3,15017189,300025,Bug Tussel Wireless LLC,71,1,X,MI,8827446c85fffff
260419702002070,25,5,2,15017189,300025,Bug Tussel Wireless LLC,71,1,X,MI,8827446c85fffff
260419702002071,25,5,5,15017189,300025,Bug Tussel Wireless LLC,71,1,X,MI,8827446c85fffff
260419702002072,25,5,8,15017189,300025,Bug Tussel Wireless LLC,71,1,X,MI,8827446c85fffff
260419702002073,25,5,6,15017189,300025,Bug Tussel Wireless LLC,71,1,X,MI,8827446c85fffff
260419702002074,25,5,15,15017189,300025,Bug Tussel Wireless LLC,71,1,X,MI,8827446ca9fffff
260419702002075,25,5,1,15017189,300025,Bug Tussel Wireless LLC,71,1,X,MI,8827446ce3fffff
260419702002076,25,5,3,15017189,300025,Bug Tussel Wireless LLC,71,1,X,MI,8827446c85fffff
260419702002077,25,5,3,15017189,300025,Bug Tussel Wireless LLC,71,1,X,MI,8827446c85fffff
260419702002078,25,5,3,15017189,300025,Bug Tussel Wireless LLC,71,1,X,MI,8827446c85fffff
260419702002079,25,5,2,15017189,300025,Bug Tussel Wireless LLC,71,1,X,MI,8827446c85fffff
260419702002080,25,5,2,15017189,300025,Bug Tussel Wireless LLC,71,1,X,MI,8827446c81fffff
260419702002081,25,5,28,15017189,300025,Bug Tussel Wireless LLC,71,1,X,MI,8827446c81fffff
260419702002083,25,5,13,15017189,300025,Bug Tussel Wireless LLC,71,1,X,MI,8827446c85fffff
260419702002084,25,5,111,15017189,300025,Bug Tussel Wireless LLC,71,1,X,MI,8827446c95fffff
260419702002085,25,5,47,15017189,300025,Bug Tussel Wireless LLC,71,1,X,MI,8827446c91fffff
260419702002086,25,5,29,15017189,300025,Bug Tussel Wireless LLC,71,1,X,MI,8827446ca3fffff
260419702002088,25,5,5,15017189,300025,Bug Tussel Wireless LLC,71,1,X,MI,8827446ca3fffff
260419702002090,25,5,11,15017189,300025,Bug Tussel Wireless LLC,71,1,X,MI,8827446ca1fffff
260419702002091,25,5,4,15017189,300025,Bug Tussel Wireless LLC,71,1,X,MI,8827446ca3fffff
260419702002092,25,5,5,15017189,300025,Bug Tussel Wireless LLC,71,1,X,MI,8827446ca3fffff
260419702002095,25,5,16,15017189,300025,Bug Tussel Wireless LLC,71,1,X,MI,8827446c97fffff
260419702002098,25,5,8,15017189,300025,Bug Tussel Wireless LLC,71,1,X,MI,882740996dfffff
260419702002099,25,5,19,15017189,300025,Bug Tussel Wireless LLC,71,1,X,MI,8827409961fffff
260419703001000,25,5,1,15017189,300025,Bug Tussel Wireless LLC,71,1,X,MI,8827446151fffff
260419703001002,25,5,7,15017189,300025,Bug Tussel Wireless LLC,71,1,X,MI,8827446131fffff
260419703001018,25,5,1,15017189,300025,Bug Tussel Wireless LLC,71,1,X,MI,8827446ac3fffff
260419703001019,25,5,8,15017189,300025,Bug Tussel Wireless LLC,71,1,X,MI,8827446115fffff
260419703001021,25,5,2,15017189,300025,Bug Tussel Wireless LLC,71,1,X,MI,8827446115fffff
260419703001022,25,5,4,15017189,300025,Bug Tussel Wireless LLC,71,1,X,MI,8827446115fffff
260419703001023,25,5,5,15017189,300025,Bug Tussel Wireless LLC,71,1,X,MI,8827446151fffff
260419703001024,25,5,7,15017189,300025,Bug Tussel Wireless LLC,71,1,X,MI,8827446185fffff
260419703001025,25,5,1,15017189,300025,Bug Tussel Wireless LLC,71,1,X,MI,88274461bdfffff
260419703001028,25,5,10,15017189,300025,Bug Tussel Wireless LLC,71,1,X,MI,8827446f03fffff
260419703001029,25,5,2,15017189,300025,Bug Tussel Wireless LLC,71,1,X,MI,8827446f5dfffff
260419703001030,25,5,4,15017189,300025,Bug Tussel Wireless LLC,71,1,X,MI,8827446d57fffff
260419703001070,25,5,12,15017189,300025,Bug Tussel Wireless LLC,71,1,X,MI,8827446d01fffff
260419703001071,25,5,1,15017189,300025,Bug Tussel Wireless LLC,71,1,X,MI,8827446d4dfffff
260419703001072,25,5,8,15017189,300025,Bug Tussel Wireless LLC,71,1,X,MI,8827446d03fffff
260419703001076,25,5,16,15017189,300025,Bug Tussel Wireless LLC,71,1,X,MI,8827446d01fffff
260419703001077,25,5,3,15017189,300025,Bug Tussel Wireless LLC,71,1,X,MI,8827446d01fffff
260419703001080,25,5,2,15017189,300025,Bug Tussel Wireless LLC,71,1,X,MI,88274461b1fffff
260419703002000,25,5,3,15017189,300025,Bug Tussel Wireless LLC,71,1,X,MI,88274461abfffff
260419703002001,25,5,10,15017189,300025,Bug Tussel Wireless LLC,71,1,X,MI,88274461b7fffff
260419703002002,25,5,1,15017189,300025,Bug Tussel Wireless LLC,71,1,X,MI,8827446f51fffff
260419703002004,25,5,1,15017189,300025,Bug Tussel Wireless LLC,71,1,X,MI,8827446f1bfffff
260419703002005,25,5,1,15017189,300025,Bug Tussel Wireless LLC,71,1,X,MI,8827446c45fffff
260419703002007,25,5,6,15017189,300025,Bug Tussel Wireless LLC,71,1,X,MI,8827446c43fffff
260419703002010,25,5,10,15017189,300025,Bug Tussel Wireless LLC,71,1,X,MI,8827446d1dfffff
260419703002011,25,5,5,15017189,300025,Bug Tussel Wireless LLC,71,1,X,MI,8827446d03fffff
260419703002012,25,5,4,15017189,300025,Bug Tussel Wireless LLC,71,1,X,MI,8827446d03fffff
260419703002013,25,5,24,15017189,300025,Bug Tussel Wireless LLC,71,1,X,MI,8827446d3bfffff
260419703002018,25,5,4,15017189,300025,Bug Tussel Wireless LLC,71,1,X,MI,882740d2bbfffff
260419703002051,25,5,1,15017189,300025,Bug Tussel Wireless LLC,71,1,X,MI,8827446dadfffff
260419703002054,25,5,1,15017189,300025,Bug Tussel Wireless LLC,71,1,X,MI,8827446dedfffff
260419703002056,25,5,20,15017189,300025,Bug Tussel Wireless LLC,71,1,X,MI,8827446ce7fffff
260419703002057,25,5,2,15017189,300025,Bug Tussel Wireless LLC,71,1,X,MI,8827446ce5fffff
260419703002058,25,5,8,15017189,300025,Bug Tussel Wireless LLC,71,1,X,MI,8827446ce1fffff
260419703002061,25,5,1,15017189,300025,Bug Tussel Wireless LLC,71,1,X,MI,8827446d8dfffff
260419703002064,25,5,1,15017189,300025,Bug Tussel Wireless LLC,71,1,X,MI,882740d299fffff
260419703002068,25,5,1,15017189,300025,Bug Tussel Wireless LLC,71,1,X,MI,8827446dcbfffff
260419703002087,25,5,6,15017189,300025,Bug Tussel Wireless LLC,71,1,X,MI,8827446ce1fffff
260419703002088,25,5,19,15017189,300025,Bug Tussel Wireless LLC,71,1,X,MI,8827446ce7fffff
260419704001000,25,5,83,15017189,300025,Bug Tussel Wireless LLC,71,1,X,MI,882740d51bfffff
260419704001001,25,5,10,15017189,300025,Bug Tussel Wireless LLC,71,1,X,MI,882740d425fffff
260419704001002,25,5,15,15017189,300025,Bug Tussel Wireless LLC,71,1,X,MI,882740d551fffff
260419704001003,25,5,20,15017189,300025,Bug Tussel Wireless LLC,71,1,X,MI,882740d51bfffff
260419704001005,25,5,3,15017189,300025,Bug Tussel Wireless LLC,71,1,X,MI,882740d5c5fffff
260419704002000,25,5,20,15017189,300025,Bug Tussel Wireless LLC,71,1,X,MI,882740d455fffff
260419704002001,25,5,6,15017189,300025,Bug Tussel Wireless LLC,71,1,X,MI,882740d455fffff
260419704002003,25,5,9,15017189,300025,Bug Tussel Wireless LLC,71,1,X,MI,882740d409fffff
260419704002004,25,5,82,15017189,300025,Bug Tussel Wireless LLC,71,1,X,MI,882740d409fffff
260419704002005,25,5,7,15017189,300025,Bug Tussel Wireless LLC,71,1,X,MI,882740d409fffff
260419704002006,25,5,3,15017189,300025,Bug Tussel Wireless LLC,71,1,X,MI,882740d409fffff
260419704002007,25,5,5,15017189,300025,Bug Tussel Wireless LLC,71,1,X,MI,882740d447fffff
260419704002008,25,5,7,15017189,300025,Bug Tussel Wireless LLC,71,1,X,MI,882740d409fffff
260419704002009,25,5,7,15017189,300025,Bug Tussel Wireless LLC,71,1,X,MI,882740d409fffff
260419704002010,25,5,4,15017189,300025,Bug Tussel Wireless LLC,71,1,X,MI,882740d443fffff
260419704002011,25,5,16,15017189,300025,Bug Tussel Wireless LLC,71,1,X,MI,882740d443fffff
260419704002012,25,5,8,15017189,300025,Bug Tussel Wireless LLC,71,1,X,MI,882740d409fffff
260419704002013,25,5,35,15017189,300025,Bug Tussel Wireless LLC,71,1,X,MI,882740d403fffff
260419704002014,25,5,19,15017189,300025,Bug Tussel Wireless LLC,71,1,X,MI,882740d40bfffff
260419704002015,25,5,4,15017189,300025,Bug Tussel Wireless LLC,71,1,X,MI,882740d40bfffff
260419704002016,25,5,44,15017189,300025,Bug Tussel Wireless LLC,71,1,X,MI,882740d401fffff
260419704002017,25,5,38,15017189,300025,Bug Tussel Wireless LLC,71,1,X,MI,882740d401fffff
260419704002018,25,5,20,15017189,300025,Bug Tussel Wireless LLC,71,1,X,MI,882740d407fffff
260419704002020,25,5,1,15017189,300025,Bug Tussel Wireless LLC,71,1,X,MI,882740d40dfffff
260419704002029,25,5,21,15017189,300025,Bug Tussel Wireless LLC,71,1,X,MI,882740d43dfffff
260419704002030,25,5,10,15017189,300025,Bug Tussel Wireless LLC,71,1,X,MI,882740d431fffff
260419704002031,25,5,8,15017189,300025,Bug Tussel Wireless LLC,71,1,X,MI,882740d439fffff
260419704002032,25,5,78,15017189,300025,Bug Tussel Wireless LLC,71,1,X,MI,882740d439fffff
260419704002033,25,5,26,15017189,300025,Bug Tussel Wireless LLC,71,1,X,MI,882740d403fffff
260419704002036,25,5,7,15017189,300025,Bug Tussel Wireless LLC,71,1,X,MI,882740d439fffff
260419704002037,25,5,21,15017189,300025,Bug Tussel Wireless LLC,71,1,X,MI,882740d439fffff
260419704002044,25,5,1,15017189,300025,Bug Tussel Wireless LLC,71,1,X,MI,882740d455fffff
260419704002055,25,5,4,15017189,300025,Bug Tussel Wireless LLC,71,1,X,MI,882740d433fffff
260419704002058,25,5,15,15017189,300025,Bug Tussel Wireless LLC,71,1,X,MI,882740d433fffff
260419704002067,25,5,10,15017189,300025,Bug Tussel Wireless LLC,71,1,X,MI,882740d4e5fffff
260419704002091,25,5,35,15017189,300025,Bug Tussel Wireless LLC,71,1,X,MI,882740d43dfffff
260419704003000,25,5,17,15017189,300025,Bug Tussel Wireless LLC,71,1,X,MI,8827446ca1fffff
260419704003005,25,5,1,15017189,300025,Bug Tussel Wireless LLC,71,1,X,MI,8827446da9fffff
260419704003006,25,5,2,15017189,300025,Bug Tussel Wireless LLC,71,1,X,MI,8827446db7fffff
260419704003012,25,5,1,15017189,300025,Bug Tussel Wireless LLC,71,1,X,MI,882740d647fffff
260419704003014,25,5,1,15017189,300025,Bug Tussel Wireless LLC,71,1,X,MI,882740d649fffff
260419704003015,25,5,1,15017189,300025,Bug Tussel Wireless LLC,71,1,X,MI,882740d649fffff
260419704003016,25,5,2,15017189,300025,Bug Tussel Wireless LLC,71,1,X,MI,882740d643fffff
260419704003017,25,5,93,15017189,300025,Bug Tussel Wireless LLC,71,1,X,MI,882740d64bfffff
260419704003020,25,5,52,15017189,300025,Bug Tussel Wireless LLC,71,1,X,MI,882740d647fffff
260419704003021,25,5,5,15017189,300025,Bug Tussel Wireless LLC,71,1,X,MI,882740d601fffff
260419704003022,25,5,10,15017189,300025,Bug Tussel Wireless LLC,71,1,X,MI,882740d607fffff
260419704003023,25,5,2,15017189,300025,Bug Tussel Wireless LLC,71,1,X,MI,882740d647fffff
260419704003025,25,5,9,15017189,300025,Bug Tussel Wireless LLC,71,1,X,MI,882740d607fffff
260419704003026,25,5,6,15017189,300025,Bug Tussel Wireless LLC,71,1,X,MI,882740d607fffff
260419704003027,25,5,7,15017189,300025,Bug Tussel Wireless LLC,71,1,X,MI,882740d607fffff
260419704003030,25,5,1,15017189,300025,Bug Tussel Wireless LLC,71,1,X,MI,8827446ca7fffff
260419704004001,25,5,33,15017189,300025,Bug Tussel Wireless LLC,71,1,X,MI,882740d62bfffff
260419704004002,25,5,12,15017189,300025,Bug Tussel Wireless LLC,71,1,X,MI,882740d605fffff
260419704004003,25,5,71,15017189,300025,Bug Tussel Wireless LLC,71,1,X,MI,882740d621fffff
260419704004004,25,5,5,15017189,300025,Bug Tussel Wireless LLC,71,1,X,MI,882740d621fffff
260419704004006,25,5,23,15017189,300025,Bug Tussel Wireless LLC,71,1,X,MI,882740d753fffff
260419704004007,25,5,6,15017189,300025,Bug Tussel Wireless LLC,71,1,X,MI,882740d719fffff
260419704004009,25,5,86,15017189,300025,Bug Tussel Wireless LLC,71,1,X,MI,882740d469fffff
260419704004011,25,5,6,15017189,300025,Bug Tussel Wireless LLC,71,1,X,MI,882740d713fffff
260419704004012,25,5,10,15017189,300025,Bug Tussel Wireless LLC,71,1,X,MI,882740d713fffff
260419704004014,25,5,1,15017189,300025,Bug Tussel Wireless LLC,71,1,X,MI,882740d719fffff
260419704004015,25,5,20,15017189,300025,Bug Tussel Wireless LLC,71,1,X,MI,882740d621fffff
260419704004016,25,5,4,15017189,300025,Bug Tussel Wireless LLC,71,1,X,MI,882740d627fffff
260419704004018,25,5,41,15017189,300025,Bug Tussel Wireless LLC,71,1,X,MI,882740d635fffff
260419704004019,25,5,19,15017189,300025,Bug Tussel Wireless LLC,71,1,X,MI,882740d635fffff
260419704004020,25,5,9,15017189,300025,Bug Tussel Wireless LLC,71,1,X,MI,882740d627fffff
260419704004021,25,5,49,15017189,300025,Bug Tussel Wireless LLC,71,1,X,MI,882740d449fffff
260419704004022,25,5,20,15017189,300025,Bug Tussel Wireless LLC,71,1,X,MI,882740d449fffff
260419704004023,25,5,10,15017189,300025,Bug Tussel Wireless LLC,71,1,X,MI,882740d449fffff
260419704004024,25,5,22,15017189,300025,Bug Tussel Wireless LLC,71,1,X,MI,882740d71bfffff
260419704004025,25,5,1,15017189,300025,Bug Tussel Wireless LLC,71,1,X,MI,882740d71bfffff
260419704004026,25,5,6,15017189,300025,Bug Tussel Wireless LLC,71,1,X,MI,882740d71bfffff
260419704004027,25,5,2,15017189,300025,Bug Tussel Wireless LLC,71,1,X,MI,882740d71bfffff
260419704004028,25,5,3,15017189,300025,Bug Tussel Wireless LLC,71,1,X,MI,882740d71bfffff
260419704004029,25,5,7,15017189,300025,Bug Tussel Wireless LLC,71,1,X,MI,882740d713fffff
260419704004031,25,5,2,15017189,300025,Bug Tussel Wireless LLC,71,1,X,MI,882740d44dfffff
260419704004032,25,5,2,15017189,300025,Bug Tussel Wireless LLC,71,1,X,MI,882740d713fffff
260419704004034,25,5,1,15017189,300025,Bug Tussel Wireless LLC,71,1,X,MI,882740d44dfffff
260419704004036,25,5,164,15017189,300025,Bug Tussel Wireless LLC,71,1,X,MI,882740d447fffff
260419704004037,25,5,11,15017189,300025,Bug Tussel Wireless LLC,71,1,X,MI,882740d441fffff
260419704004038,25,5,16,15017189,300025,Bug Tussel Wireless LLC,71,1,X,MI,882740d445fffff
260419704004039,25,5,10,15017189,300025,Bug Tussel Wireless LLC,71,1,X,MI,882740d447fffff
260419704004040,25,5,6,15017189,300025,Bug Tussel Wireless LLC,71,1,X,MI,882740d441fffff
260419704004041,25,5,8,15017189,300025,Bug Tussel Wireless LLC,71,1,X,MI,882740d627fffff
260419704004042,25,5,18,15017189,300025,Bug Tussel Wireless LLC,71,1,X,MI,882740d469fffff
260419705001001,25,5,14,15017189,300025,Bug Tussel Wireless LLC,71,1,X,MI,882740d743fffff
260419705001005,25,5,59,15017189,300025,Bug Tussel Wireless LLC,71,1,X,MI,882740d743fffff
260419705001006,25,5,4,15017189,300025,Bug Tussel Wireless LLC,71,1,X,MI,882740d76bfffff
260419705001007,25,5,2,15017189,300025,Bug Tussel Wireless LLC,71,1,X,MI,882740d76bfffff
260419705001013,25,5,2,15017189,300025,Bug Tussel Wireless LLC,71,1,X,MI,882740d091fffff
260419705001016,25,5,2,15017189,300025,Bug Tussel Wireless LLC,71,1,X,MI,882740d0d3fffff
260419705001017,25,5,2,15017189,300025,Bug Tussel Wireless LLC,71,1,X,MI,882740d723fffff
260419705001018,25,5,27,15017189,300025,Bug Tussel Wireless LLC,71,1,X,MI,882740d735fffff
260419705001019,25,5,12,15017189,300025,Bug Tussel Wireless LLC,71,1,X,MI,882740d551fffff
260419705001022,25,5,13,15017189,300025,Bug Tussel Wireless LLC,71,1,X,MI,882740d705fffff
260419705001023,25,5,17,15017189,300025,Bug Tussel Wireless LLC,71,1,X,MI,882740d559fffff
260419705001027,25,5,2,15017189,300025,Bug Tussel Wireless LLC,71,1,X,MI,882740d563fffff
260419705001029,25,5,23,15017189,300025,Bug Tussel Wireless LLC,71,1,X,MI,882740d551fffff
260419705002005,25,5,14,15017189,300025,Bug Tussel Wireless LLC,71,1,X,MI,882740d523fffff
260419705002006,25,5,23,15017189,300025,Bug Tussel Wireless LLC,71,1,X,MI,882740d505fffff
260419705002007,25,5,3,15017189,300025,Bug Tussel Wireless LLC,71,1,X,MI,882740d53dfffff
260419706001000,25,5,52,15017189,300025,Bug Tussel Wireless LLC,71,1,X,MI,882740d63dfffff
260419706001001,25,5,3,15017189,300025,Bug Tussel Wireless LLC,71,1,X,MI,882740d637fffff
260419706001002,25,5,7,15017189,300025,Bug Tussel Wireless LLC,71,1,X,MI,882740d633fffff
260419706001003,25,5,8,15017189,300025,Bug Tussel Wireless LLC,71,1,X,MI,882740d631fffff
260419706001004,25,5,8,15017189,300025,Bug Tussel Wireless LLC,71,1,X,MI,882740d633fffff
260419706001005,25,5,3,15017189,300025,Bug Tussel Wireless LLC,71,1,X,MI,882740d631fffff
260419706001006,25,5,6,15017189,300025,Bug Tussel Wireless LLC,71,1,X,MI,882740d631fffff
260419706001007,25,5,6,15017189,300025,Bug Tussel Wireless LLC,71,1,X,MI,882740d63dfffff
260419706001008,25,5,11,15017189,300025,Bug Tussel Wireless LLC,71,1,X,MI,882740d631fffff
260419706001009,25,5,12,15017189,300025,Bug Tussel Wireless LLC,71,1,X,MI,882740d633fffff
260419706001010,25,5,13,15017189,300025,Bug Tussel Wireless LLC,71,1,X,MI,882740d631fffff
260419706001013,25,5,12,15017189,300025,Bug Tussel Wireless LLC,71,1,X,MI,882740d631fffff
260419706001014,25,5,2,15017189,300025,Bug Tussel Wireless LLC,71,1,X,MI,882740d637fffff
260419706001015,25,5,4,15017189,300025,Bug Tussel Wireless LLC,71,1,X,MI,882740d631fffff
260419706001017,25,5,8,15017189,300025,Bug Tussel Wireless LLC,71,1,X,MI,882740d631fffff
260419706001018,25,5,3,15017189,300025,Bug Tussel Wireless LLC,71,1,X,MI,882740d633fffff
260419706001019,25,5,1,15017189,300025,Bug Tussel Wireless LLC,71,1,X,MI,882740d607fffff
260419706001022,25,5,43,15017189,300025,Bug Tussel Wireless LLC,71,1,X,MI,882740d459fffff
260419706001023,25,5,15,15017189,300025,Bug Tussel Wireless LLC,71,1,X,MI,882740d633fffff
260419706001024,25,5,10,15017189,300025,Bug Tussel Wireless LLC,71,1,X,MI,882740d633fffff
260419706001025,25,5,15,15017189,300025,Bug Tussel Wireless LLC,71,1,X,MI,882740d633fffff
260419706001026,25,5,15,15017189,300025,Bug Tussel Wireless LLC,71,1,X,MI,882740d459fffff
260419706001027,25,5,16,15017189,300025,Bug Tussel Wireless LLC,71,1,X,MI,882740d633fffff
260419706001028,25,5,8,15017189,300025,Bug Tussel Wireless LLC,71,1,X,MI,882740d633fffff
260419706001029,25,5,11,15017189,300025,Bug Tussel Wireless LLC,71,1,X,MI,882740d459fffff
260419706001030,25,5,14,15017189,300025,Bug Tussel Wireless LLC,71,1,X,MI,882740d633fffff
260419706001031,25,5,13,15017189,300025,Bug Tussel Wireless LLC,71,1,X,MI,882740d633fffff
260419706001032,25,5,1,15017189,300025,Bug Tussel Wireless LLC,71,1,X,MI,882740d633fffff
260419706001033,25,5,15,15017189,300025,Bug Tussel Wireless LLC,71,1,X,MI,882740d633fffff
260419706001034,25,5,15,15017189,300025,Bug Tussel Wireless LLC,71,1,X,MI,882740d633fffff
260419706001035,25,5,12,15017189,300025,Bug Tussel Wireless LLC,71,1,X,MI,882740d633fffff
260419706001036,25,5,13,15017189,300025,Bug Tussel Wireless LLC,71,1,X,MI,882740d633fffff
260419706001037,25,5,20,15017189,300025,Bug Tussel Wireless LLC,71,1,X,MI,882740d633fffff
260419706001038,25,5,12,15017189,300025,Bug Tussel Wireless LLC,71,1,X,MI,882740d633fffff
260419706001039,25,5,15,15017189,300025,Bug Tussel Wireless LLC,71,1,X,MI,882740d633fffff
260419706001040,25,5,7,15017189,300025,Bug Tussel Wireless LLC,71,1,X,MI,882740d637fffff
260419706001041,25,5,6,15017189,300025,Bug Tussel Wireless LLC,71,1,X,MI,882740d637fffff
260419706001042,25,5,8,15017189,300025,Bug Tussel Wireless LLC,71,1,X,MI,882740d637fffff
260419706001043,25,5,8,15017189,300025,Bug Tussel Wireless LLC,71,1,X,MI,882740d633fffff
260419706001044,25,5,6,15017189,300025,Bug Tussel Wireless LLC,71,1,X,MI,882740d637fffff
260419706001045,25,5,12,15017189,300025,Bug Tussel Wireless LLC,71,1,X,MI,882740d633fffff
260419706001046,25,5,8,15017189,300025,Bug Tussel Wireless LLC,71,1,X,MI,882740d633fffff
260419706001047,25,5,11,15017189,300025,Bug Tussel Wireless LLC,71,1,X,MI,882740d633fffff
260419706001048,25,5,13,15017189,300025,Bug Tussel Wireless LLC,71,1,X,MI,882740d633fffff
260419706001049,25,5,17,15017189,300025,Bug Tussel Wireless LLC,71,1,X,MI,882740d633fffff
260419706001050,25,5,12,15017189,300025,Bug Tussel Wireless LLC,71,1,X,MI,882740d633fffff
260419706001051,25,5,9,15017189,300025,Bug Tussel Wireless LLC,71,1,X,MI,882740d633fffff
260419706001052,25,5,4,15017189,300025,Bug Tussel Wireless LLC,71,1,X,MI,882740d633fffff
260419706001053,25,5,14,15017189,300025,Bug Tussel Wireless LLC,71,1,X,MI,882740d633fffff
260419706001054,25,5,11,15017189,300025,Bug Tussel Wireless LLC,71,1,X,MI,882740d633fffff
260419706001055,25,5,12,15017189,300025,Bug Tussel Wireless LLC,71,1,X,MI,882740d633fffff
260419706001056,25,5,16,15017189,300025,Bug Tussel Wireless LLC,71,1,X,MI,882740d633fffff
260419706001057,25,5,13,15017189,300025,Bug Tussel Wireless LLC,71,1,X,MI,882740d633fffff
260419706001058,25,5,18,15017189,300025,Bug Tussel Wireless LLC,71,1,X,MI,882740d633fffff
260419706001059,25,5,18,15017189,300025,Bug Tussel Wireless LLC,71,1,X,MI,882740d633fffff
260419706001060,25,5,12,15017189,300025,Bug Tussel Wireless LLC,71,1,X,MI,882740d63dfffff
260419706001061,25,5,3,15017189,300025,Bug Tussel Wireless LLC,71,1,X,MI,882740d63dfffff
260419706001062,25,5,16,15017189,300025,Bug Tussel Wireless LLC,71,1,X,MI,882740d633fffff
260419706001063,25,5,9,15017189,300025,Bug Tussel Wireless LLC,71,1,X,MI,882740d633fffff
260419706001064,25,5,12,15017189,300025,Bug Tussel Wireless LLC,71,1,X,MI,882740d459fffff
260419706002000,25,5,14,15017189,300025,Bug Tussel Wireless LLC,71,1,X,MI,882740d637fffff
260419706002001,25,5,2,15017189,300025,Bug Tussel Wireless LLC,71,1,X,MI,882740d637fffff
260419706002002,25,5,6,15017189,300025,Bug Tussel Wireless LLC,71,1,X,MI,882740d637fffff
260419706002003,25,5,9,15017189,300025,Bug Tussel Wireless LLC,71,1,X,MI,882740d637fffff
260419706002004,25,5,14,15017189,300025,Bug Tussel Wireless LLC,71,1,X,MI,882740d637fffff
260419706002005,25,5,5,15017189,300025,Bug Tussel Wireless LLC,71,1,X,MI,882740d637fffff
260419706002006,25,5,10,15017189,300025,Bug Tussel Wireless LLC,71,1,X,MI,882740d637fffff
260419706002007,25,5,9,15017189,300025,Bug Tussel Wireless LLC,71,1,X,MI,882740d637fffff
260419706002008,25,5,18,15017189,300025,Bug Tussel Wireless LLC,71,1,X,MI,882740d637fffff
260419706002009,25,5,15,15017189,300025,Bug Tussel Wireless LLC,71,1,X,MI,882740d637fffff
260419706002010,25,5,13,15017189,300025,Bug Tussel Wireless LLC,71,1,X,MI,882740d637fffff
260419706002011,25,5,10,15017189,300025,Bug Tussel Wireless LLC,71,1,X,MI,882740d637fffff
260419706002012,25,5,9,15017189,300025,Bug Tussel Wireless LLC,71,1,X,MI,882740d637fffff
260419706002013,25,5,10,15017189,300025,Bug Tussel Wireless LLC,71,1,X,MI,882740d637fffff
260419706002014,25,5,12,15017189,300025,Bug Tussel Wireless LLC,71,1,X,MI,882740d637fffff
260419706002015,25,5,13,15017189,300025,Bug Tussel Wireless LLC,71,1,X,MI,882740d637fffff
260419706002016,25,5,18,15017189,300025,Bug Tussel Wireless LLC,71,1,X,MI,882740d637fffff
260419706002017,25,5,15,15017189,300025,Bug Tussel Wireless LLC,71,1,X,MI,882740d637fffff
260419706002018,25,5,11,15017189,300025,Bug Tussel Wireless LLC,71,1,X,MI,882740d637fffff
260419706002019,25,5,10,15017189,300025,Bug Tussel Wireless LLC,71,1,X,MI,882740d637fffff
260419706002020,25,5,11,15017189,300025,Bug Tussel Wireless LLC,71,1,X,MI,882740d637fffff
260419706002021,25,5,12,15017189,300025,Bug Tussel Wireless LLC,71,1,X,MI,882740d637fffff
260419706002022,25,5,12,15017189,300025,Bug Tussel Wireless LLC,71,1,X,MI,882740d637fffff
260419706002023,25,5,13,15017189,300025,Bug Tussel Wireless LLC,71,1,X,MI,882740d637fffff
260419706002025,25,5,18,15017189,300025,Bug Tussel Wireless LLC,71,1,X,MI,882740d637fffff
260419706002026,25,5,14,15017189,300025,Bug Tussel Wireless LLC,71,1,X,MI,882740d459fffff
260419706002027,25,5,15,15017189,300025,Bug Tussel Wireless LLC,71,1,X,MI,882740d637fffff
260419706002028,25,5,19,15017189,300025,Bug Tussel Wireless LLC,71,1,X,MI,882740d637fffff
260419706002029,25,5,19,15017189,300025,Bug Tussel Wireless LLC,71,1,X,MI,882740d637fffff
260419706002030,25,5,18,15017189,300025,Bug Tussel Wireless LLC,71,1,X,MI,882740d45dfffff
260419706002031,25,5,15,15017189,300025,Bug Tussel Wireless LLC,71,1,X,MI,882740d45dfffff
260419706002032,25,5,9,15017189,300025,Bug Tussel Wireless LLC,71,1,X,MI,882740d45dfffff
260419706002033,25,5,17,15017189,300025,Bug Tussel Wireless LLC,71,1,X,MI,882740d45dfffff
260419706002034,25,5,18,15017189,300025,Bug Tussel Wireless LLC,71,1,X,MI,882740d455fffff
260419706002035,25,5,11,15017189,300025,Bug Tussel Wireless LLC,71,1,X,MI,882740d455fffff
260419706002036,25,5,17,15017189,300025,Bug Tussel Wireless LLC,71,1,X,MI,882740d45dfffff
260419706002037,25,5,16,15017189,300025,Bug Tussel Wireless LLC,71,1,X,MI,882740d45dfffff
260419706002038,25,5,17,15017189,300025,Bug Tussel Wireless LLC,71,1,X,MI,882740d45dfffff
260419706002039,25,5,16,15017189,300025,Bug Tussel Wireless LLC,71,1,X,MI,882740d45dfffff
260419706002040,25,5,15,15017189,300025,Bug Tussel Wireless LLC,71,1,X,MI,882740d45dfffff
260419706002041,25,5,17,15017189,300025,Bug Tussel Wireless LLC,71,1,X,MI,882740d637fffff
260419706002042,25,5,19,15017189,300025,Bug Tussel Wireless LLC,71,1,X,MI,882740d45dfffff
260419706002043,25,5,17,15017189,300025,Bug Tussel Wireless LLC,71,1,X,MI,882740d459fffff
260419706002044,25,5,21,15017189,300025,Bug Tussel Wireless LLC,71,1,X,MI,882740d459fffff
260419706002045,25,5,1,15017189,300025,Bug Tussel Wireless LLC,71,1,X,MI,882740d637fffff
260419706002046,25,5,14,15017189,300025,Bug Tussel Wireless LLC,71,1,X,MI,882740d459fffff
260419706002047,25,5,11,15017189,300025,Bug Tussel Wireless LLC,71,1,X,MI,882740d459fffff
260419706002048,25,5,1,15017189,300025,Bug Tussel Wireless LLC,71,1,X,MI,882740d459fffff
260419706002049,25,5,16,15017189,300025,Bug Tussel Wireless LLC,71,1,X,MI,882740d459fffff
260419706002050,25,5,8,15017189,300025,Bug Tussel Wireless LLC,71,1,X,MI,882740d459fffff
260419706002051,25,5,11,15017189,300025,Bug Tussel Wireless LLC,71,1,X,MI,882740d459fffff
260419706002052,25,5,14,15017189,300025,Bug Tussel Wireless LLC,71,1,X,MI,882740d45dfffff
260419706002053,25,5,16,15017189,300025,Bug Tussel Wireless LLC,71,1,X,MI,882740d45dfffff
260419706002054,25,5,12,15017189,300025,Bug Tussel Wireless LLC,71,1,X,MI,882740d45dfffff
260419706002055,25,5,13,15017189,300025,Bug Tussel Wireless LLC,71,1,X,MI,882740d45dfffff
260419706002056,25,5,15,15017189,300025,Bug Tussel Wireless LLC,71,1,X,MI,882740d45dfffff
260419706002057,25,5,9,15017189,300025,Bug Tussel Wireless LLC,71,1,X,MI,882740d45dfffff
260419706002058,25,5,55,15017189,300025,Bug Tussel Wireless LLC,71,1,X,MI,882740d459fffff
260419706002059,25,5,11,15017189,300025,Bug Tussel Wireless LLC,71,1,X,MI,882740d45dfffff
260419706002060,25,5,2,15017189,300025,Bug Tussel Wireless LLC,71,1,X,MI,882740d45dfffff
260419706002061,25,5,13,15017189,300025,Bug Tussel Wireless LLC,71,1,X,MI,882740d459fffff
260419706002062,25,5,7,15017189,300025,Bug Tussel Wireless LLC,71,1,X,MI,882740d459fffff
260419706002063,25,5,1,15017189,300025,Bug Tussel Wireless LLC,71,1,X,MI,882740d459fffff
260419706002064,25,5,5,15017189,300025,Bug Tussel Wireless LLC,71,1,X,MI,882740d459fffff
260419706002065,25,5,11,15017189,300025,Bug Tussel Wireless LLC,71,1,X,MI,882740d45dfffff
260419706003001,25,5,7,15017189,300025,Bug Tussel Wireless LLC,71,1,X,MI,882740d62bfffff
260419706003002,25,5,8,15017189,300025,Bug Tussel Wireless LLC,71,1,X,MI,882740d635fffff
260419706003003,25,5,4,15017189,300025,Bug Tussel Wireless LLC,71,1,X,MI,882740d635fffff
260419706003004,25,5,4,15017189,300025,Bug Tussel Wireless LLC,71,1,X,MI,882740d635fffff
260419706003008,25,5,1,15017189,300025,Bug Tussel Wireless LLC,71,1,X,MI,882740d631fffff
260419706003009,25,5,12,15017189,300025,Bug Tussel Wireless LLC,71,1,X,MI,882740d637fffff
260419706003010,25,5,8,15017189,300025,Bug Tussel Wireless LLC,71,1,X,MI,882740d635fffff
260419706003011,25,5,142,15017189,300025,Bug Tussel Wireless LLC,71,1,X,MI,882740d44bfffff
260419706003012,25,5,7,15017189,300025,Bug Tussel Wireless LLC,71,1,X,MI,882740d443fffff
260419706003013,25,5,43,15017189,300025,Bug Tussel Wireless LLC,71,1,X,MI,882740d443fffff
260419706003014,25,5,2,15017189,300025,Bug Tussel Wireless LLC,71,1,X,MI,882740d635fffff
260419706003015,25,5,9,15017189,300025,Bug Tussel Wireless LLC,71,1,X,MI,882740d635fffff
260419706003016,25,5,10,15017189,300025,Bug Tussel Wireless LLC,71,1,X,MI,882740d443fffff
260419706003017,25,5,16,15017189,300025,Bug Tussel Wireless LLC,71,1,X,MI,882740d443fffff
260419706003018,25,5,39,15017189,300025,Bug Tussel Wireless LLC,71,1,X,MI,882740d44bfffff
260419706003019,25,5,6,15017189,300025,Bug Tussel Wireless LLC,71,1,X,MI,882740d635fffff
260419706003020,25,5,2,15017189,300025,Bug Tussel Wireless LLC,71,1,X,MI,882740d44bfffff
260419706003021,25,5,5,15017189,300025,Bug Tussel Wireless LLC,71,1,X,MI,882740d441fffff
260419706003022,25,5,23,15017189,300025,Bug Tussel Wireless LLC,71,1,X,MI,882740d443fffff
260419706003023,25,5,16,15017189,300025,Bug Tussel Wireless LLC,71,1,X,MI,882740d449fffff
260419706003024,25,5,10,15017189,300025,Bug Tussel Wireless LLC,71,1,X,MI,882740d449fffff
260419706003025,25,5,7,15017189,300025,Bug Tussel Wireless LLC,71,1,X,MI,882740d449fffff
260419706003026,25,5,11,15017189,300025,Bug Tussel Wireless LLC,71,1,X,MI,882740d449fffff
260419706003027,25,5,19,15017189,300025,Bug Tussel Wireless LLC,71,1,X,MI,882740d441fffff
260419706003028,25,5,9,15017189,300025,Bug Tussel Wireless LLC,71,1,X,MI,882740d635fffff
260419706003029,25,5,5,15017189,300025,Bug Tussel Wireless LLC,71,1,X,MI,882740d635fffff
260419706003030,25,5,5,15017189,300025,Bug Tussel Wireless LLC,71,1,X,MI,882740d635fffff
260419706003031,25,5,7,15017189,300025,Bug Tussel Wireless LLC,71,1,X,MI,882740d635fffff
260419706003032,25,5,9,15017189,300025,Bug Tussel Wireless LLC,71,1,X,MI,882740d635fffff
260419706003035,25,5,1,15017189,300025,Bug Tussel Wireless LLC,71,1,X,MI,882740d637fffff
260419706003037,25,5,5,15017189,300025,Bug Tussel Wireless LLC,71,1,X,MI,882740d443fffff
260419706003038,25,5,9,15017189,300025,Bug Tussel Wireless LLC,71,1,X,MI,882740d443fffff
260419706003039,25,5,6,15017189,300025,Bug Tussel Wireless LLC,71,1,X,MI,882740d409fffff
260419706003040,25,5,7,15017189,300025,Bug Tussel Wireless LLC,71,1,X,MI,882740d455fffff
260419706003041,25,5,7,15017189,300025,Bug Tussel Wireless LLC,71,1,X,MI,882740d449fffff
260439502001009,10,1,8,15017189,300025,Bug Tussel Wireless LLC,71,1,X,MI,8827463107fffff
260439502001012,10,1,4,15017189,300025,Bug Tussel Wireless LLC,71,1,X,MI,8827463121fffff
260439502001022,10,1,2,15017189,300025,Bug Tussel Wireless LLC,71,1,X,MI,8827463127fffff
260439502002028,10,1,11,15017189,300025,Bug Tussel Wireless LLC,71,1,X,MI,8827462121fffff
260439502002029,10,1,8,15017189,300025,Bug Tussel Wireless LLC,71,1,X,MI,882746212bfffff
260439502002044,10,1,24,15017189,300025,Bug Tussel Wireless LLC,71,1,X,MI,882746212bfffff
260439502002045,10,1,25,15017189,300025,Bug Tussel Wireless LLC,71,1,X,MI,8827462135fffff
260439502002050,10,1,2,15017189,300025,Bug Tussel Wireless LLC,71,1,X,MI,88274621e1fffff
260439502002052,10,1,1,15017189,300025,Bug Tussel Wireless LLC,71,1,X,MI,882746211bfffff
260439502002053,10,1,2,15017189,300025,Bug Tussel Wireless LLC,71,1,X,MI,8827462027fffff
260439502002054,10,1,1,15017189,300025,Bug Tussel Wireless LLC,71,1,X,MI,8827462029fffff
260439502002055,10,1,25,15017189,300025,Bug Tussel Wireless LLC,71,1,X,MI,8827462181fffff
260439502002058,10,1,1,15017189,300025,Bug Tussel Wireless LLC,71,1,X,MI,88274621e7fffff
260439502002059,10,1,21,15017189,300025,Bug Tussel Wireless LLC,71,1,X,MI,8827462133fffff
260439502002060,10,1,10,15017189,300025,Bug Tussel Wireless LLC,71,1,X,MI,8827462adbfffff
260439502002061,10,1,9,15017189,300025,Bug Tussel Wireless LLC,71,1,X,MI,8827462131fffff
260439502002062,10,1,12,15017189,300025,Bug Tussel Wireless LLC,71,1,X,MI,8827462123fffff
260439502002063,10,1,2,15017189,300025,Bug Tussel Wireless LLC,71,1,X,MI,8827462121fffff
260439502002071,10,1,5,15017189,300025,Bug Tussel Wireless LLC,71,1,X,MI,8827462127fffff
260439502002083,10,1,3,15017189,300025,Bug Tussel Wireless LLC,71,1,X,MI,8827462adbfffff
260439502002084,10,1,5,15017189,300025,Bug Tussel Wireless LLC,71,1,X,MI,8827462adbfffff
260439502003004,10,1,4,15017189,300025,Bug Tussel Wireless LLC,71,1,X,MI,8827462739fffff
260439502003006,10,1,1,15017189,300025,Bug Tussel Wireless LLC,71,1,X,MI,882746254dfffff
260439502003011,10,1,11,15017189,300025,Bug Tussel Wireless LLC,71,1,X,MI,88274620b9fffff
260439502003015,10,1,1,15017189,300025,Bug Tussel Wireless LLC,71,1,X,MI,882746254dfffff
260439502003016,10,1,6,15017189,300025,Bug Tussel Wireless LLC,71,1,X,MI,8827462541fffff
260439502003017,10,1,7,15017189,300025,Bug Tussel Wireless LLC,71,1,X,MI,8827462543fffff
260439502003018,10,1,18,15017189,300025,Bug Tussel Wireless LLC,71,1,X,MI,8827462543fffff
260439502003022,10,1,57,15017189,300025,Bug Tussel Wireless LLC,71,1,X,MI,8827462543fffff
260439502003023,10,1,3,15017189,300025,Bug Tussel Wireless LLC,71,1,X,MI,882746246dfffff
260439502003024,10,1,3,15017189,300025,Bug Tussel Wireless LLC,71,1,X,MI,8827462569fffff
260439502003026,10,1,3,15017189,300025,Bug Tussel Wireless LLC,71,1,X,MI,8827462563fffff
260439502003030,10,1,3,15017189,300025,Bug Tussel Wireless LLC,71,1,X,MI,8827462467fffff
260439502003033,10,1,1,15017189,300025,Bug Tussel Wireless LLC,71,1,X,MI,8827462447fffff
260439502003034,10,1,3,15017189,300025,Bug Tussel Wireless LLC,71,1,X,MI,8827462e5bfffff
260439502003037,10,1,5,15017189,300025,Bug Tussel Wireless LLC,71,1,X,MI,8827462529fffff
260439502003038,10,1,6,15017189,300025,Bug Tussel Wireless LLC,71,1,X,MI,8827462529fffff
260439502003039,10,1,7,15017189,300025,Bug Tussel Wireless LLC,71,1,X,MI,8827462529fffff
260439502003040,10,1,1,15017189,300025,Bug Tussel Wireless LLC,71,1,X,MI,8827462509fffff
260439502003041,10,1,18,15017189,300025,Bug Tussel Wireless LLC,71,1,X,MI,882746250dfffff
260439502003042,10,1,25,15017189,300025,Bug Tussel Wireless LLC,71,1,X,MI,8827462547fffff
260439502003044,10,1,11,15017189,300025,Bug Tussel Wireless LLC,71,1,X,MI,8827462509fffff
260439502003048,10,1,3,15017189,300025,Bug Tussel Wireless LLC,71,1,X,MI,8827462509fffff
260439502003049,10,1,13,15017189,300025,Bug Tussel Wireless LLC,71,1,X,MI,8827462509fffff
260439502003051,10,1,1,15017189,300025,Bug Tussel Wireless LLC,71,1,X,MI,882746240dfffff
260439502003052,10,1,6,15017189,300025,Bug Tussel Wireless LLC,71,1,X,MI,8827462409fffff
260439502003055,10,1,3,15017189,300025,Bug Tussel Wireless LLC,71,1,X,MI,8827462425fffff
260439502003058,10,1,5,15017189,300025,Bug Tussel Wireless LLC,71,1,X,MI,882746251dfffff
260439502003059,10,1,2,15017189,300025,Bug Tussel Wireless LLC,71,1,X,MI,8827462503fffff
260439502003060,10,1,4,15017189,300025,Bug Tussel Wireless LLC,71,1,X,MI,882746251dfffff
260439502004102,10,1,18,15017189,300025,Bug Tussel Wireless LLC,71,1,X,MI,8827462087fffff
260439502004107,10,1,2,15017189,300025,Bug Tussel Wireless LLC,71,1,X,MI,88274620b9fffff
260439502004109,10,1,2,15017189,300025,Bug Tussel Wireless LLC,71,1,X,MI,8827462083fffff
260439502004110,10,1,1,15017189,300025,Bug Tussel Wireless LLC,71,1,X,MI,88274620b9fffff
260439502004113,10,1,2,15017189,300025,Bug Tussel Wireless LLC,71,1,X,MI,88274620abfffff
260439502004131,10,1,5,15017189,300025,Bug Tussel Wireless LLC,71,1,X,MI,8827462095fffff
260439502004132,10,1,23,15017189,300025,Bug Tussel Wireless LLC,71,1,X,MI,88274620b9fffff
260439502004134,10,1,5,15017189,300025,Bug Tussel Wireless LLC,71,1,X,MI,88274620b9fffff
260439502004135,10,1,3,15017189,300025,Bug Tussel Wireless LLC,71,1,X,MI,88274620b9fffff
260439503001006,10,1,14,15017189,300025,Bug Tussel Wireless LLC,71,1,X,MI,88274621d7fffff
260439503001007,10,1,2,15017189,300025,Bug Tussel Wireless LLC,71,1,X,MI,8827462181fffff
260439503001009,10,1,4,15017189,300025,Bug Tussel Wireless LLC,71,1,X,MI,8827462199fffff
260439503001010,10,1,19,15017189,300025,Bug Tussel Wireless LLC,71,1,X,MI,88274621d3fffff
260439503001017,10,1,7,15017189,300025,Bug Tussel Wireless LLC,71,1,X,MI,88274621d3fffff
260439503001018,10,1,2,15017189,300025,Bug Tussel Wireless LLC,71,1,X,MI,88274621d3fffff
260439503001024,10,1,8,15017189,300025,Bug Tussel Wireless LLC,71,1,X,MI,88274620a1fffff
260439503001025,10,1,2,15017189,300025,Bug Tussel Wireless LLC,71,1,X,MI,88274620a1fffff
260439503001026,10,1,2,15017189,300025,Bug Tussel Wireless LLC,71,1,X,MI,88274620a1fffff
260439503001028,10,1,2,15017189,300025,Bug Tussel Wireless LLC,71,1,X,MI,88274620a1fffff
260439503001038,10,1,7,15017189,300025,Bug Tussel Wireless LLC,71,1,X,MI,88274620a1fffff
260439503001039,10,1,3,15017189,300025,Bug Tussel Wireless LLC,71,1,X,MI,88274620a1fffff
260439503001042,10,1,14,15017189,300025,Bug Tussel Wireless LLC,71,1,X,MI,88274620a1fffff
260439503001043,10,1,6,15017189,300025,Bug Tussel Wireless LLC,71,1,X,MI,88274620a1fffff
260439503001080,10,1,9,15017189,300025,Bug Tussel Wireless LLC,71,1,X,MI,88274621d7fffff
260439503001081,10,1,5,15017189,300025,Bug Tussel Wireless LLC,71,1,X,MI,88274621d3fffff
260439503001084,10,1,12,15017189,300025,Bug Tussel Wireless LLC,71,1,X,MI,88274620a1fffff
260439503001085,10,1,4,15017189,300025,Bug Tussel Wireless LLC,71,1,X,MI,88274620a1fffff
260439503002002,10,1,4,15017189,300025,Bug Tussel Wireless LLC,71,1,X,MI,8827462087fffff
260439503002003,10,1,12,15017189,300025,Bug Tussel Wireless LLC,71,1,X,MI,88274620abfffff
260439503002009,10,1,7,15017189,300025,Bug Tussel Wireless LLC,71,1,X,MI,88274620abfffff
260439503002011,10,1,1,15017189,300025,Bug Tussel Wireless LLC,71,1,X,MI,88274620abfffff
260439503002012,10,1,5,15017189,300025,Bug Tussel Wireless LLC,71,1,X,MI,88274620abfffff
260439503002015,10,1,16,15017189,300025,Bug Tussel Wireless LLC,71,1,X,MI,88274620abfffff
260439503002016,10,1,3,15017189,300025,Bug Tussel Wireless LLC,71,1,X,MI,88274620abfffff
260439503002017,10,1,1,15017189,300025,Bug Tussel Wireless LLC,71,1,X,MI,88274620abfffff
260439503002018,10,1,8,15017189,300025,Bug Tussel Wireless LLC,71,1,X,MI,88274620abfffff
260439503002019,10,1,7,15017189,300025,Bug Tussel Wireless LLC,71,1,X,MI,88274620a1fffff
260439503002020,10,1,10,15017189,300025,Bug Tussel Wireless LLC,71,1,X,MI,88274620abfffff
260439503002022,10,1,1,15017189,300025,Bug Tussel Wireless LLC,71,1,X,MI,88274620abfffff
260439503002027,10,1,1,15017189,300025,Bug Tussel Wireless LLC,71,1,X,MI,88274620a7fffff
260439503002029,10,1,4,15017189,300025,Bug Tussel Wireless LLC,71,1,X,MI,88274620a7fffff
260439503002030,10,1,5,15017189,300025,Bug Tussel Wireless LLC,71,1,X,MI,88274620a7fffff
260439503002052,10,1,3,15017189,300025,Bug Tussel Wireless LLC,71,1,X,MI,8827462195fffff
260439503002054,10,1,2,15017189,300025,Bug Tussel Wireless LLC,71,1,X,MI,88274621bbfffff
260439503002056,10,1,2,15017189,300025,Bug Tussel Wireless LLC,71,1,X,MI,8827462f41fffff
260439503002061,10,1,6,15017189,300025,Bug Tussel Wireless LLC,71,1,X,MI,88274621bbfffff
260439503002062,10,1,3,15017189,300025,Bug Tussel Wireless LLC,71,1,X,MI,8827462197fffff
260439503002074,10,1,3,15017189,300025,Bug Tussel Wireless LLC,71,1,X,MI,8827462e4dfffff
260439503002078,10,1,10,15017189,300025,Bug Tussel Wireless LLC,71,1,X,MI,8827462197fffff
260439503002082,10,1,13,15017189,300025,Bug Tussel Wireless LLC,71,1,X,MI,88274620b5fffff
260439503002083,10,1,23,15017189,300025,Bug Tussel Wireless LLC,71,1,X,MI,8827462e49fffff
260439503002084,10,1,1,15017189,300025,Bug Tussel Wireless LLC,71,1,X,MI,88274620a7fffff
260439503002085,10,1,6,15017189,300025,Bug Tussel Wireless LLC,71,1,X,MI,8827462e49fffff
260439503002088,10,1,10,15017189,300025,Bug Tussel Wireless LLC,71,1,X,MI,88274620a3fffff
260439503002089,10,1,16,15017189,300025,Bug Tussel Wireless LLC,71,1,X,MI,88274620b9fffff
260439503002090,10,1,8,15017189,300025,Bug Tussel Wireless LLC,71,1,X,MI,88274620b9fffff
260439503002093,10,1,5,15017189,300025,Bug Tussel Wireless LLC,71,1,X,MI,8827462e5dfffff
260439503002094,10,1,4,15017189,300025,Bug Tussel Wireless LLC,71,1,X,MI,88274620b5fffff
260439503002095,10,1,2,15017189,300025,Bug Tussel Wireless LLC,71,1,X,MI,8827462193fffff
260439503002096,10,1,1,15017189,300025,Bug Tussel Wireless LLC,71,1,X,MI,8827462e41fffff
260439503002098,10,1,1,15017189,300025,Bug Tussel Wireless LLC,71,1,X,MI,8827462e6bfffff
260439503002107,10,1,1,15017189,300025,Bug Tussel Wireless LLC,71,1,X,MI,8827462193fffff
260439503003000,10,1,16,15017189,300025,Bug Tussel Wireless LLC,71,1,X,MI,8827462181fffff
260439503003001,10,1,6,15017189,300025,Bug Tussel Wireless LLC,71,1,X,MI,8827462181fffff
260439503003004,10,1,1,15017189,300025,Bug Tussel Wireless LLC,71,1,X,MI,88274621e7fffff
260439503003005,10,1,2,15017189,300025,Bug Tussel Wireless LLC,71,1,X,MI,88274621e7fffff
260439503003006,10,1,4,15017189,300025,Bug Tussel Wireless LLC,71,1,X,MI,8827462adbfffff
260439503003007,10,1,5,15017189,300025,Bug Tussel Wireless LLC,71,1,X,MI,8827462adbfffff
260439503003008,10,1,2,15017189,300025,Bug Tussel Wireless LLC,71,1,X,MI,88274621adfffff
260439503003009,10,1,2,15017189,300025,Bug Tussel Wireless LLC,71,1,X,MI,8827462adbfffff
260439503003013,10,1,5,15017189,300025,Bug Tussel Wireless LLC,71,1,X,MI,8827462ad7fffff
260439503003014,10,1,3,15017189,300025,Bug Tussel Wireless LLC,71,1,X,MI,8827462ad7fffff
260439503003015,10,1,12,15017189,300025,Bug Tussel Wireless LLC,71,1,X,MI,8827462adbfffff
260439503003016,10,1,2,15017189,300025,Bug Tussel Wireless LLC,71,1,X,MI,88274621adfffff
260439503003017,10,1,3,15017189,300025,Bug Tussel Wireless LLC,71,1,X,MI,88274621adfffff
260439503003018,10,1,5,15017189,300025,Bug Tussel Wireless LLC,71,1,X,MI,88274621adfffff
260439503003019,10,1,43,15017189,300025,Bug Tussel Wireless LLC,71,1,X,MI,88274621adfffff
260439503003020,10,1,12,15017189,300025,Bug Tussel Wireless LLC,71,1,X,MI,88274621adfffff
260439503003021,10,1,3,15017189,300025,Bug Tussel Wireless LLC,71,1,X,MI,88274621adfffff
260439503003022,10,1,3,15017189,300025,Bug Tussel Wireless LLC,71,1,X,MI,88274621adfffff
260439503003023,10,1,3,15017189,300025,Bug Tussel Wireless LLC,71,1,X,MI,88274621adfffff
260439503003024,10,1,4,15017189,300025,Bug Tussel Wireless LLC,71,1,X,MI,88274621adfffff
260439503003025,10,1,4,15017189,300025,Bug Tussel Wireless LLC,71,1,X,MI,88274621adfffff
260439503003026,10,1,4,15017189,300025,Bug Tussel Wireless LLC,71,1,X,MI,8827462ad3fffff
260439503003027,10,1,1,15017189,300025,Bug Tussel Wireless LLC,71,1,X,MI,8827462ad3fffff
260439503003028,10,1,3,15017189,300025,Bug Tussel Wireless LLC,71,1,X,MI,8827462ad3fffff
260439503003029,10,1,3,15017189,300025,Bug Tussel Wireless LLC,71,1,X,MI,8827462ad3fffff
260439503003030,10,1,3,15017189,300025,Bug Tussel Wireless LLC,71,1,X,MI,8827462ad3fffff
260439503003031,10,1,3,15017189,300025,Bug Tussel Wireless LLC,71,1,X,MI,8827462ad3fffff
260439503003032,10,1,6,15017189,300025,Bug Tussel Wireless LLC,71,1,X,MI,8827462ad3fffff
260439503003033,10,1,5,15017189,300025,Bug Tussel Wireless LLC,71,1,X,MI,8827462ad3fffff
260439503003034,10,1,3,15017189,300025,Bug Tussel Wireless LLC,71,1,X,MI,8827462ad3fffff
260439503003035,10,1,3,15017189,300025,Bug Tussel Wireless LLC,71,1,X,MI,8827462ad3fffff
260439503003036,10,1,7,15017189,300025,Bug Tussel Wireless LLC,71,1,X,MI,8827462ad3fffff
260439503003037,10,1,4,15017189,300025,Bug Tussel Wireless LLC,71,1,X,MI,8827462ad7fffff
260439503003038,10,1,6,15017189,300025,Bug Tussel Wireless LLC,71,1,X,MI,8827462ad7fffff
260439503003039,10,1,57,15017189,300025,Bug Tussel Wireless LLC,71,1,X,MI,88274621a5fffff
260439503003040,10,1,4,15017189,300025,Bug Tussel Wireless LLC,71,1,X,MI,88274621a5fffff
260439503003041,10,1,5,15017189,300025,Bug Tussel Wireless LLC,71,1,X,MI,8827462ad3fffff
260439503003042,10,1,6,15017189,300025,Bug Tussel Wireless LLC,71,1,X,MI,8827462ad3fffff
260439503003043,10,1,4,15017189,300025,Bug Tussel Wireless LLC,71,1,X,MI,88274621a5fffff
260439503003044,10,1,5,15017189,300025,Bug Tussel Wireless LLC,71,1,X,MI,88274621a5fffff
260439503003045,10,1,4,15017189,300025,Bug Tussel Wireless LLC,71,1,X,MI,88274621a5fffff
260439503003046,10,1,6,15017189,300025,Bug Tussel Wireless LLC,71,1,X,MI,8827462a99fffff
260439503003047,10,1,10,15017189,300025,Bug Tussel Wireless LLC,71,1,X,MI,88274621a5fffff
260439503003048,10,1,23,15017189,300025,Bug Tussel Wireless LLC,71,1,X,MI,88274621adfffff
260439503003049,10,1,10,15017189,300025,Bug Tussel Wireless LLC,71,1,X,MI,8827462ad3fffff
260439503003050,10,1,3,15017189,300025,Bug Tussel Wireless LLC,71,1,X,MI,88274621a5fffff
260439503003051,10,1,6,15017189,300025,Bug Tussel Wireless LLC,71,1,X,MI,8827462ad3fffff
260439503003052,10,1,6,15017189,300025,Bug Tussel Wireless LLC,71,1,X,MI,88274621a5fffff
260439503003053,10,1,8,15017189,300025,Bug Tussel Wireless LLC,71,1,X,MI,88274621a5fffff
260439503003054,10,1,6,15017189,300025,Bug Tussel Wireless LLC,71,1,X,MI,8827462ad7fffff
260439503003055,10,1,8,15017189,300025,Bug Tussel Wireless LLC,71,1,X,MI,8827462ad7fffff
260439503003056,10,1,11,15017189,300025,Bug Tussel Wireless LLC,71,1,X,MI,8827462ad3fffff
260439503003057,10,1,7,15017189,300025,Bug Tussel Wireless LLC,71,1,X,MI,8827462ad3fffff
260439503003058,10,1,11,15017189,300025,Bug Tussel Wireless LLC,71,1,X,MI,8827462ad3fffff
260439503003059,10,1,2,15017189,300025,Bug Tussel Wireless LLC,71,1,X,MI,8827462ad3fffff
260439503003060,10,1,5,15017189,300025,Bug Tussel Wireless LLC,71,1,X,MI,8827462ad3fffff
260439503003061,10,1,3,15017189,300025,Bug Tussel Wireless LLC,71,1,X,MI,8827462ad3fffff
260439503003062,10,1,6,15017189,300025,Bug Tussel Wireless LLC,71,1,X,MI,8827462ad3fffff
260439503003063,10,1,3,15017189,300025,Bug Tussel Wireless LLC,71,1,X,MI,8827462ad3fffff
260439503003064,10,1,3,15017189,300025,Bug Tussel Wireless LLC,71,1,X,MI,8827462ad3fffff
260439503003065,10,1,4,15017189,300025,Bug Tussel Wireless LLC,71,1,X,MI,8827462ad3fffff
260439503003066,10,1,1,15017189,300025,Bug Tussel Wireless LLC,71,1,X,MI,8827462ad3fffff
260439503003067,10,1,3,15017189,300025,Bug Tussel Wireless LLC,71,1,X,MI,8827462ad3fffff
260439503003068,10,1,3,15017189,300025,Bug Tussel Wireless LLC,71,1,X,MI,88274621adfffff
260439503003069,10,1,5,15017189,300025,Bug Tussel Wireless LLC,71,1,X,MI,88274621adfffff
260439503003070,10,1,2,15017189,300025,Bug Tussel Wireless LLC,71,1,X,MI,88274621adfffff
260439503003071,10,1,4,15017189,300025,Bug Tussel Wireless LLC,71,1,X,MI,88274621adfffff
260439503003072,10,1,3,15017189,300025,Bug Tussel Wireless LLC,71,1,X,MI,88274621adfffff
260439503003073,10,1,10,15017189,300025,Bug Tussel Wireless LLC,71,1,X,MI,8827462ad3fffff
260439503003074,10,1,4,15017189,300025,Bug Tussel Wireless LLC,71,1,X,MI,8827462ad3fffff
260439503003075,10,1,12,15017189,300025,Bug Tussel Wireless LLC,71,1,X,MI,8827462ad3fffff
260439503003076,10,1,6,15017189,300025,Bug Tussel Wireless LLC,71,1,X,MI,88274621a5fffff
260439503003077,10,1,6,15017189,300025,Bug Tussel Wireless LLC,71,1,X,MI,88274621a5fffff
260439503003078,10,1,6,15017189,300025,Bug Tussel Wireless LLC,71,1,X,MI,88274621a5fffff
260439503003079,10,1,5,15017189,300025,Bug Tussel Wireless LLC,71,1,X,MI,88274621a5fffff
260439503003080,10,1,3,15017189,300025,Bug Tussel Wireless LLC,71,1,X,MI,88274621adfffff
260439503003081,10,1,3,15017189,300025,Bug Tussel Wireless LLC,71,1,X,MI,88274621adfffff
260439503003082,10,1,6,15017189,300025,Bug Tussel Wireless LLC,71,1,X,MI,88274621adfffff
260439503003083,10,1,5,15017189,300025,Bug Tussel Wireless LLC,71,1,X,MI,88274621adfffff
260439503003085,10,1,4,15017189,300025,Bug Tussel Wireless LLC,71,1,X,MI,88274621adfffff
260439503003086,10,1,4,15017189,300025,Bug Tussel Wireless LLC,71,1,X,MI,88274621adfffff
260439503003087,10,1,6,15017189,300025,Bug Tussel Wireless LLC,71,1,X,MI,88274621a5fffff
260439503003088,10,1,7,15017189,300025,Bug Tussel Wireless LLC,71,1,X,MI,88274621a5fffff
260439503003089,10,1,4,15017189,300025,Bug Tussel Wireless LLC,71,1,X,MI,8827462ad3fffff
260439503003090,10,1,4,15017189,300025,Bug Tussel Wireless LLC,71,1,X,MI,8827462ad3fffff
260439503003091,10,1,7,15017189,300025,Bug Tussel Wireless LLC,71,1,X,MI,88274621adfffff
260439503003093,10,1,1,15017189,300025,Bug Tussel Wireless LLC,71,1,X,MI,88274621a9fffff
260439503003095,10,1,3,15017189,300025,Bug Tussel Wireless LLC,71,1,X,MI,88274621b9fffff
260439503003096,10,1,2,15017189,300025,Bug Tussel Wireless LLC,71,1,X,MI,8827462191fffff
260439503003099,10,1,2,15017189,300025,Bug Tussel Wireless LLC,71,1,X,MI,88274621a7fffff
260439504001000,10,1,2,15017189,300025,Bug Tussel Wireless LLC,71,1,X,MI,8827462123fffff
260439504001055,10,1,49,15017189,300025,Bug Tussel Wireless LLC,71,1,X,MI,8827462ac1fffff
260439504001056,10,1,6,15017189,300025,Bug Tussel Wireless LLC,71,1,X,MI,8827462ac7fffff
260439504001058,10,1,3,15017189,300025,Bug Tussel Wireless LLC,71,1,X,MI,8827462a8dfffff
260439504001061,10,1,44,15017189,300025,Bug Tussel Wireless LLC,71,1,X,MI,8827462a8dfffff
260439504001062,10,1,20,15017189,300025,Bug Tussel Wireless LLC,71,1,X,MI,8827462ae3fffff
260439504001063,10,1,9,15017189,300025,Bug Tussel Wireless LLC,71,1,X,MI,8827462a85fffff
260439504001065,10,1,5,15017189,300025,Bug Tussel Wireless LLC,71,1,X,MI,8827462a85fffff
260439504001066,10,1,9,15017189,300025,Bug Tussel Wireless LLC,71,1,X,MI,8827462ae3fffff
260439504001068,10,1,7,15017189,300025,Bug Tussel Wireless LLC,71,1,X,MI,8827462ae3fffff
260439504001069,10,1,19,15017189,300025,Bug Tussel Wireless LLC,71,1,X,MI,8827462ae3fffff
260439504001070,10,1,3,15017189,300025,Bug Tussel Wireless LLC,71,1,X,MI,8827462ae3fffff
260439504001071,10,1,3,15017189,300025,Bug Tussel Wireless LLC,71,1,X,MI,8827462ae3fffff
260439504001075,10,1,16,15017189,300025,Bug Tussel Wireless LLC,71,1,X,MI,8827462adbfffff
260439504002029,10,1,17,15017189,300025,Bug Tussel Wireless LLC,71,1,X,MI,8827462ae1fffff
260439504002036,10,1,5,15017189,300025,Bug Tussel Wireless LLC,71,1,X,MI,8827462ae1fffff
260439504002037,10,1,10,15017189,300025,Bug Tussel Wireless LLC,71,1,X,MI,8827462ae1fffff
260439504002041,10,1,6,15017189,300025,Bug Tussel Wireless LLC,71,1,X,MI,8827462ae1fffff
260439504002042,10,1,11,15017189,300025,Bug Tussel Wireless LLC,71,1,X,MI,8827462ae7fffff
260439504002043,10,1,12,15017189,300025,Bug Tussel Wireless LLC,71,1,X,MI,8827462ae1fffff
260439504002045,10,1,1,15017189,300025,Bug Tussel Wireless LLC,71,1,X,MI,8827462ae7fffff
260439504002054,10,1,2,15017189,300025,Bug Tussel Wireless LLC,71,1,X,MI,8827462ae7fffff
260439504002055,10,1,6,15017189,300025,Bug Tussel Wireless LLC,71,1,X,MI,8827462ae7fffff
260439504002056,10,1,6,15017189,300025,Bug Tussel Wireless LLC,71,1,X,MI,8827462ae7fffff
260439504002057,10,1,7,15017189,300025,Bug Tussel Wireless LLC,71,1,X,MI,8827462ae7fffff
260439504002058,10,1,1,15017189,300025,Bug Tussel Wireless LLC,71,1,X,MI,8827462ae7fffff
260439504002059,10,1,9,15017189,300025,Bug Tussel Wireless LLC,71,1,X,MI,8827462ae7fffff
260439504002060,10,1,3,15017189,300025,Bug Tussel Wireless LLC,71,1,X,MI,8827462ae7fffff
260439504002061,10,1,1,15017189,300025,Bug Tussel Wireless LLC,71,1,X,MI,8827462ae7fffff
260439504003000,10,1,1,15017189,300025,Bug Tussel Wireless LLC,71,1,X,MI,8827462a8bfffff
260439504003001,10,1,76,15017189,300025,Bug Tussel Wireless LLC,71,1,X,MI,8827462a8bfffff
260439504003002,10,1,10,15017189,300025,Bug Tussel Wireless LLC,71,1,X,MI,8827462a8bfffff
260439504003003,10,1,36,15017189,300025,Bug Tussel Wireless LLC,71,1,X,MI,8827462a8bfffff
260439504003004,10,1,10,15017189,300025,Bug Tussel Wireless LLC,71,1,X,MI,8827462a8bfffff
260439504003005,10,1,54,15017189,300025,Bug Tussel Wireless LLC,71,1,X,MI,8827462a89fffff
260439504003006,10,1,25,15017189,300025,Bug Tussel Wireless LLC,71,1,X,MI,8827462a81fffff
260439504003007,10,1,1,15017189,300025,Bug Tussel Wireless LLC,71,1,X,MI,8827462a89fffff
260439504003008,10,1,29,15017189,300025,Bug Tussel Wireless LLC,71,1,X,MI,8827462a81fffff
260439504003009,10,1,4,15017189,300025,Bug Tussel Wireless LLC,71,1,X,MI,8827462a85fffff
260439504003010,10,1,5,15017189,300025,Bug Tussel Wireless LLC,71,1,X,MI,8827462a85fffff
260439504003011,10,1,3,15017189,300025,Bug Tussel Wireless LLC,71,1,X,MI,8827462aa9fffff
260439504003027,10,1,10,15017189,300025,Bug Tussel Wireless LLC,71,1,X,MI,8827462ae3fffff
260439504003030,10,1,3,15017189,300025,Bug Tussel Wireless LLC,71,1,X,MI,8827462ae3fffff
260439504003031,10,1,1,15017189,300025,Bug Tussel Wireless LLC,71,1,X,MI,8827462a85fffff
260439504003033,10,1,3,15017189,300025,Bug Tussel Wireless LLC,71,1,X,MI,8827462a81fffff
260439504003035,10,1,1,15017189,300025,Bug Tussel Wireless LLC,71,1,X,MI,8827462a85fffff
260439504003037,10,1,4,15017189,300025,Bug Tussel Wireless LLC,71,1,X,MI,8827462aabfffff
260439504003039,10,1,4,15017189,300025,Bug Tussel Wireless LLC,71,1,X,MI,8827462aabfffff
260439504003040,10,1,5,15017189,300025,Bug Tussel Wireless LLC,71,1,X,MI,8827462aabfffff
260439504003043,10,1,1,15017189,300025,Bug Tussel Wireless LLC,71,1,X,MI,8827462a8bfffff
260439505001007,10,1,6,15017189,300025,Bug Tussel Wireless LLC,71,1,X,MI,8827462ae5fffff
260439505001008,10,1,11,15017189,300025,Bug Tussel Wireless LLC,71,1,X,MI,8827462ae5fffff
260439505001009,10,1,10,15017189,300025,Bug Tussel Wireless LLC,71,1,X,MI,8827462ae5fffff
260439505001010,10,1,8,15017189,300025,Bug Tussel Wireless LLC,71,1,X,MI,8827462ae5fffff
260439505001011,10,1,8,15017189,300025,Bug Tussel Wireless LLC,71,1,X,MI,8827462ae5fffff
260439505001012,10,1,8,15017189,300025,Bug Tussel Wireless LLC,71,1,X,MI,8827462ae5fffff
260439505001013,10,1,9,15017189,300025,Bug Tussel Wireless LLC,71,1,X,MI,8827462859fffff
260439505001014,10,1,8,15017189,300025,Bug Tussel Wireless LLC,71,1,X,MI,8827462859fffff
260439505001015,10,1,7,15017189,300025,Bug Tussel Wireless LLC,71,1,X,MI,8827462ae5fffff
260439505001016,10,1,9,15017189,300025,Bug Tussel Wireless LLC,71,1,X,MI,8827462ae5fffff
260439505001017,10,1,8,15017189,300025,Bug Tussel Wireless LLC,71,1,X,MI,8827462ae5fffff
260439505001018,10,1,7,15017189,300025,Bug Tussel Wireless LLC,71,1,X,MI,8827462ae5fffff
260439505001019,10,1,9,15017189,300025,Bug Tussel Wireless LLC,71,1,X,MI,8827462ae5fffff
260439505001020,10,1,7,15017189,300025,Bug Tussel Wireless LLC,71,1,X,MI,8827462ae5fffff
260439505001021,10,1,8,15017189,300025,Bug Tussel Wireless LLC,71,1,X,MI,8827462ae5fffff
260439505001022,10,1,7,15017189,300025,Bug Tussel Wireless LLC,71,1,X,MI,8827462ae5fffff
260439505001023,10,1,11,15017189,300025,Bug Tussel Wireless LLC,71,1,X,MI,8827462ae5fffff
260439505001024,10,1,4,15017189,300025,Bug Tussel Wireless LLC,71,1,X,MI,8827462ae5fffff
260439505001025,10,1,8,15017189,300025,Bug Tussel Wireless LLC,71,1,X,MI,8827462ae5fffff
260439505001026,10,1,3,15017189,300025,Bug Tussel Wireless LLC,71,1,X,MI,8827462ae5fffff
260439505001027,10,1,6,15017189,300025,Bug Tussel Wireless LLC,71,1,X,MI,8827462ae5fffff
260439505001028,10,1,7,15017189,300025,Bug Tussel Wireless LLC,71,1,X,MI,8827462ae5fffff
260439505001029,10,1,10,15017189,300025,Bug Tussel Wireless LLC,71,1,X,MI,8827462ae5fffff
260439505001030,10,1,7,15017189,300025,Bug Tussel Wireless LLC,71,1,X,MI,882746285bfffff
260439505001031,10,1,7,15017189,300025,Bug Tussel Wireless LLC,71,1,X,MI,882746285bfffff
260439505001032,10,1,8,15017189,300025,Bug Tussel Wireless LLC,71,1,X,MI,882746285bfffff
260439505001033,10,1,10,15017189,300025,Bug Tussel Wireless LLC,71,1,X,MI,882746285bfffff
260439505001034,10,1,8,15017189,300025,Bug Tussel Wireless LLC,71,1,X,MI,8827462859fffff
260439505001035,10,1,6,15017189,300025,Bug Tussel Wireless LLC,71,1,X,MI,882746285bfffff
260439505001036,10,1,9,15017189,300025,Bug Tussel Wireless LLC,71,1,X,MI,882746285bfffff
260439505001037,10,1,10,15017189,300025,Bug Tussel Wireless LLC,71,1,X,MI,882746285bfffff
260439505001038,10,1,11,15017189,300025,Bug Tussel Wireless LLC,71,1,X,MI,882746285bfffff
260439505001039,10,1,9,15017189,300025,Bug Tussel Wireless LLC,71,1,X,MI,882746285bfffff
260439505001040,10,1,7,15017189,300025,Bug Tussel Wireless LLC,71,1,X,MI,882746285bfffff
260439505001041,10,1,8,15017189,300025,Bug Tussel Wireless LLC,71,1,X,MI,8827462ae5fffff
260439505001042,10,1,7,15017189,300025,Bug Tussel Wireless LLC,71,1,X,MI,8827462ae5fffff
260439505001043,10,1,7,15017189,300025,Bug Tussel Wireless LLC,71,1,X,MI,8827462ae5fffff
260439505001044,10,1,9,15017189,300025,Bug Tussel Wireless LLC,71,1,X,MI,8827462ae5fffff
260439505001045,10,1,10,15017189,300025,Bug Tussel Wireless LLC,71,1,X,MI,8827462ae5fffff
260439505001046,10,1,6,15017189,300025,Bug Tussel Wireless LLC,71,1,X,MI,8827462ae5fffff
260439505001047,10,1,11,15017189,300025,Bug Tussel Wireless LLC,71,1,X,MI,8827462ae5fffff
260439505001051,10,1,4,15017189,300025,Bug Tussel Wireless LLC,71,1,X,MI,8827462ae5fffff
260439505001052,10,1,3,15017189,300025,Bug Tussel Wireless LLC,71,1,X,MI,8827462ae5fffff
260439505001053,10,1,1,15017189,300025,Bug Tussel Wireless LLC,71,1,X,MI,8827462ae5fffff
260439505001054,10,1,8,15017189,300025,Bug Tussel Wireless LLC,71,1,X,MI,8827462ae5fffff
260439505001055,10,1,11,15017189,300025,Bug Tussel Wireless LLC,71,1,X,MI,8827462ae5fffff
260439505001056,10,1,12,15017189,300025,Bug Tussel Wireless LLC,71,1,X,MI,8827462ae5fffff
260439505001057,10,1,11,15017189,300025,Bug Tussel Wireless LLC,71,1,X,MI,882746285bfffff
260439505001058,10,1,8,15017189,300025,Bug Tussel Wireless LLC,71,1,X,MI,882746285bfffff
260439505001059,10,1,5,15017189,300025,Bug Tussel Wireless LLC,71,1,X,MI,882746285bfffff
260439505001060,10,1,1,15017189,300025,Bug Tussel Wireless LLC,71,1,X,MI,882746285bfffff
260439505001061,10,1,1,15017189,300025,Bug Tussel Wireless LLC,71,1,X,MI,882746285bfffff
260439505001062,10,1,4,15017189,300025,Bug Tussel Wireless LLC,71,1,X,MI,882746285bfffff
260439505001063,10,1,1,15017189,300025,Bug Tussel Wireless LLC,71,1,X,MI,8827462851fffff
260439505001064,10,1,5,15017189,300025,Bug Tussel Wireless LLC,71,1,X,MI,8827462851fffff
260439505001065,10,1,8,15017189,300025,Bug Tussel Wireless LLC,71,1,X,MI,8827462851fffff
260439505001066,10,1,7,15017189,300025,Bug Tussel Wireless LLC,71,1,X,MI,8827462851fffff
260439505001067,10,1,6,15017189,300025,Bug Tussel Wireless LLC,71,1,X,MI,8827462851fffff
260439505001068,10,1,6,15017189,300025,Bug Tussel Wireless LLC,71,1,X,MI,8827462851fffff
260439505001069,10,1,11,15017189,300025,Bug Tussel Wireless LLC,71,1,X,MI,8827462851fffff
260439505001070,10,1,9,15017189,300025,Bug Tussel Wireless LLC,71,1,X,MI,882746285bfffff
260439505001071,10,1,13,15017189,300025,Bug Tussel Wireless LLC,71,1,X,MI,882746285bfffff
260439505001072,10,1,9,15017189,300025,Bug Tussel Wireless LLC,71,1,X,MI,882746285bfffff
260439505001073,10,1,10,15017189,300025,Bug Tussel Wireless LLC,71,1,X,MI,882746285bfffff
260439505001074,10,1,11,15017189,300025,Bug Tussel Wireless LLC,71,1,X,MI,882746285bfffff
260439505001075,10,1,10,15017189,300025,Bug Tussel Wireless LLC,71,1,X,MI,882746285bfffff
260439505001076,10,1,9,15017189,300025,Bug Tussel Wireless LLC,71,1,X,MI,882746285bfffff
260439505001077,10,1,7,15017189,300025,Bug Tussel Wireless LLC,71,1,X,MI,882746285bfffff
260439505001078,10,1,4,15017189,300025,Bug Tussel Wireless LLC,71,1,X,MI,882746285bfffff
260439505001079,10,1,10,15017189,300025,Bug Tussel Wireless LLC,71,1,X,MI,8827462ae5fffff
260439505001080,10,1,2,15017189,300025,Bug Tussel Wireless LLC,71,1,X,MI,8827462ae5fffff
260439505001081,10,1,7,15017189,300025,Bug Tussel Wireless LLC,71,1,X,MI,8827462ae7fffff
260439505001082,10,1,10,15017189,300025,Bug Tussel Wireless LLC,71,1,X,MI,8827462ae7fffff
260439505001083,10,1,1,15017189,300025,Bug Tussel Wireless LLC,71,1,X,MI,8827462ae7fffff
260439505001084,10,1,4,15017189,300025,Bug Tussel Wireless LLC,71,1,X,MI,8827462ae7fffff
260439505001085,10,1,2,15017189,300025,Bug Tussel Wireless LLC,71,1,X,MI,8827462ae7fffff
260439505001086,10,1,3,15017189,300025,Bug Tussel Wireless LLC,71,1,X,MI,8827462ae7fffff
260439505001087,10,1,1,15017189,300025,Bug Tussel Wireless LLC,71,1,X,MI,8827462ae7fffff
260439505002000,10,1,3,15017189,300025,Bug Tussel Wireless LLC,71,1,X,MI,8827462ae7fffff
260439505002001,10,1,2,15017189,300025,Bug Tussel Wireless LLC,71,1,X,MI,8827462ae7fffff
260439505002002,10,1,6,15017189,300025,Bug Tussel Wireless LLC,71,1,X,MI,8827462ae7fffff
260439505002003,10,1,8,15017189,300025,Bug Tussel Wireless LLC,71,1,X,MI,8827462ae7fffff
260439505002004,10,1,8,15017189,300025,Bug Tussel Wireless LLC,71,1,X,MI,882746285bfffff
260439505002005,10,1,12,15017189,300025,Bug Tussel Wireless LLC,71,1,X,MI,882746285bfffff
260439505002006,10,1,12,15017189,300025,Bug Tussel Wireless LLC,71,1,X,MI,882746285bfffff
260439505002007,10,1,12,15017189,300025,Bug Tussel Wireless LLC,71,1,X,MI,882746285bfffff
260439505002008,10,1,6,15017189,300025,Bug Tussel Wireless LLC,71,1,X,MI,882746285bfffff
260439505002009,10,1,4,15017189,300025,Bug Tussel Wireless LLC,71,1,X,MI,882746285bfffff
260439505002010,10,1,8,15017189,300025,Bug Tussel Wireless LLC,71,1,X,MI,882746285bfffff
260439505002011,10,1,9,15017189,300025,Bug Tussel Wireless LLC,71,1,X,MI,882746285bfffff
260439505002012,10,1,10,15017189,300025,Bug Tussel Wireless LLC,71,1,X,MI,882746285bfffff
260439505002013,10,1,5,15017189,300025,Bug Tussel Wireless LLC,71,1,X,MI,8827462851fffff
260439505002014,10,1,7,15017189,300025,Bug Tussel Wireless LLC,71,1,X,MI,8827462851fffff
260439505002015,10,1,6,15017189,300025,Bug Tussel Wireless LLC,71,1,X,MI,8827462851fffff
260439505002016,10,1,8,15017189,300025,Bug Tussel Wireless LLC,71,1,X,MI,8827462851fffff
260439505002017,10,1,39,15017189,300025,Bug Tussel Wireless LLC,71,1,X,MI,8827462853fffff
260439505002018,10,1,5,15017189,300025,Bug Tussel Wireless LLC,71,1,X,MI,8827462853fffff
260439505002020,10,1,1,15017189,300025,Bug Tussel Wireless LLC,71,1,X,MI,8827462853fffff
260439505002021,10,1,11,15017189,300025,Bug Tussel Wireless LLC,71,1,X,MI,8827462853fffff
260439505002023,10,1,2,15017189,300025,Bug Tussel Wireless LLC,71,1,X,MI,8827462853fffff
260439505002024,10,1,7,15017189,300025,Bug Tussel Wireless LLC,71,1,X,MI,882746285bfffff
260439505002025,10,1,6,15017189,300025,Bug Tussel Wireless LLC,71,1,X,MI,882746285bfffff
260439505002026,10,1,1,15017189,300025,Bug Tussel Wireless LLC,71,1,X,MI,882746285bfffff
260439505002027,10,1,11,15017189,300025,Bug Tussel Wireless LLC,71,1,X,MI,882746285bfffff
260439505002028,10,1,12,15017189,300025,Bug Tussel Wireless LLC,71,1,X,MI,882746285bfffff
260439505002029,10,1,7,15017189,300025,Bug Tussel Wireless LLC,71,1,X,MI,882746285bfffff
260439505002030,10,1,8,15017189,300025,Bug Tussel Wireless LLC,71,1,X,MI,8827462ae7fffff
260439505002031,10,1,11,15017189,300025,Bug Tussel Wireless LLC,71,1,X,MI,8827462ae7fffff
260439505002032,10,1,13,15017189,300025,Bug Tussel Wireless LLC,71,1,X,MI,8827462ae7fffff
260439505002033,10,1,2,15017189,300025,Bug Tussel Wireless LLC,71,1,X,MI,8827462ae7fffff
260439505002034,10,1,4,15017189,300025,Bug Tussel Wireless LLC,71,1,X,MI,8827462ae7fffff
260439505002035,10,1,6,15017189,300025,Bug Tussel Wireless LLC,71,1,X,MI,8827462ae7fffff
260439505002036,10,1,9,15017189,300025,Bug Tussel Wireless LLC,71,1,X,MI,882746285bfffff
260439505002037,10,1,10,15017189,300025,Bug Tussel Wireless LLC,71,1,X,MI,882746285bfffff
260439505002038,10,1,17,15017189,300025,Bug Tussel Wireless LLC,71,1,X,MI,882746285bfffff
260439505002039,10,1,3,15017189,300025,Bug Tussel Wireless LLC,71,1,X,MI,882746285bfffff
260439505002042,10,1,4,15017189,300025,Bug Tussel Wireless LLC,71,1,X,MI,8827462ae7fffff
260439505002044,10,1,2,15017189,300025,Bug Tussel Wireless LLC,71,1,X,MI,8827462ae7fffff
260439505002045,10,1,1,15017189,300025,Bug Tussel Wireless LLC,71,1,X,MI,8827462ae7fffff
260439505002050,10,1,1,15017189,300025,Bug Tussel Wireless LLC,71,1,X,MI,8827462ae7fffff
260439505002053,10,1,4,15017189,300025,Bug Tussel Wireless LLC,71,1,X,MI,8827462aadfffff
260439505002054,10,1,14,15017189,300025,Bug Tussel Wireless LLC,71,1,X,MI,8827462aadfffff
260439505002055,10,1,8,15017189,300025,Bug Tussel Wireless LLC,71,1,X,MI,8827462aadfffff
260439505002056,10,1,16,15017189,300025,Bug Tussel Wireless LLC,71,1,X,MI,882746285bfffff
260439505002057,10,1,22,15017189,300025,Bug Tussel Wireless LLC,71,1,X,MI,8827462853fffff
260439505002058,10,1,25,15017189,300025,Bug Tussel Wireless LLC,71,1,X,MI,8827462aadfffff
260439505002059,10,1,21,15017189,300025,Bug Tussel Wireless LLC,71,1,X,MI,8827462aadfffff
260439505002060,10,1,22,15017189,300025,Bug Tussel Wireless LLC,71,1,X,MI,8827462aadfffff
260439505002061,10,1,8,15017189,300025,Bug Tussel Wireless LLC,71,1,X,MI,882746285bfffff
260439505002062,10,1,10,15017189,300025,Bug Tussel Wireless LLC,71,1,X,MI,8827462aadfffff
260439505002063,10,1,10,15017189,300025,Bug Tussel Wireless LLC,71,1,X,MI,8827462aadfffff
260439505002064,10,1,4,15017189,300025,Bug Tussel Wireless LLC,71,1,X,MI,8827462ae7fffff
260439505002065,10,1,5,15017189,300025,Bug Tussel Wireless LLC,71,1,X,MI,8827462aadfffff
260439505002067,10,1,3,15017189,300025,Bug Tussel Wireless LLC,71,1,X,MI,8827462ae7fffff
260439505002068,10,1,1,15017189,300025,Bug Tussel Wireless LLC,71,1,X,MI,8827462ae7fffff
260439505002073,10,1,2,15017189,300025,Bug Tussel Wireless LLC,71,1,X,MI,8827462aadfffff
260439505002074,10,1,6,15017189,300025,Bug Tussel Wireless LLC,71,1,X,MI,8827462aadfffff
260439505002075,10,1,4,15017189,300025,Bug Tussel Wireless LLC,71,1,X,MI,8827462aadfffff
260439505002077,10,1,1,15017189,300025,Bug Tussel Wireless LLC,71,1,X,MI,8827462aa9fffff
260439505002079,10,1,8,15017189,300025,Bug Tussel Wireless LLC,71,1,X,MI,8827462aadfffff
260439505002080,10,1,2,15017189,300025,Bug Tussel Wireless LLC,71,1,X,MI,8827462aadfffff
260439505002082,10,1,4,15017189,300025,Bug Tussel Wireless LLC,71,1,X,MI,8827462aadfffff
260439505002083,10,1,2,15017189,300025,Bug Tussel Wireless LLC,71,1,X,MI,8827462853fffff
260439505002084,10,1,8,15017189,300025,Bug Tussel Wireless LLC,71,1,X,MI,8827462aa1fffff
260439505002085,10,1,3,15017189,300025,Bug Tussel Wireless LLC,71,1,X,MI,8827462aa1fffff
260439505002086,10,1,5,15017189,300025,Bug Tussel Wireless LLC,71,1,X,MI,8827462aabfffff
260439505002088,10,1,9,15017189,300025,Bug Tussel Wireless LLC,71,1,X,MI,8827462aa1fffff
260439505002089,10,1,8,15017189,300025,Bug Tussel Wireless LLC,71,1,X,MI,8827462aa1fffff
260439506001000,10,1,12,15017189,300025,Bug Tussel Wireless LLC,71,1,X,MI,8827462aadfffff
260439506001001,10,1,15,15017189,300025,Bug Tussel Wireless LLC,71,1,X,MI,8827462aadfffff
260439506001002,10,1,16,15017189,300025,Bug Tussel Wireless LLC,71,1,X,MI,8827462aadfffff
260439506001003,10,1,11,15017189,300025,Bug Tussel Wireless LLC,71,1,X,MI,8827462aa5fffff
260439506001004,10,1,21,15017189,300025,Bug Tussel Wireless LLC,71,1,X,MI,8827462aadfffff
260439506001005,10,1,12,15017189,300025,Bug Tussel Wireless LLC,71,1,X,MI,8827462853fffff
260439506001006,10,1,8,15017189,300025,Bug Tussel Wireless LLC,71,1,X,MI,8827462853fffff
260439506001007,10,1,16,15017189,300025,Bug Tussel Wireless LLC,71,1,X,MI,8827462819fffff
260439506001008,10,1,4,15017189,300025,Bug Tussel Wireless LLC,71,1,X,MI,8827462aa5fffff
260439506001009,10,1,5,15017189,300025,Bug Tussel Wireless LLC,71,1,X,MI,8827462aa5fffff
260439506001010,10,1,10,15017189,300025,Bug Tussel Wireless LLC,71,1,X,MI,8827462aa5fffff
260439506001011,10,1,13,15017189,300025,Bug Tussel Wireless LLC,71,1,X,MI,8827462aadfffff
260439506001012,10,1,17,15017189,300025,Bug Tussel Wireless LLC,71,1,X,MI,8827462aadfffff
260439506001013,10,1,11,15017189,300025,Bug Tussel Wireless LLC,71,1,X,MI,8827462819fffff
260439506001016,10,1,11,15017189,300025,Bug Tussel Wireless LLC,71,1,X,MI,8827462aa5fffff
260439506001017,10,1,18,15017189,300025,Bug Tussel Wireless LLC,71,1,X,MI,8827462aa5fffff
260439506001018,10,1,2,15017189,300025,Bug Tussel Wireless LLC,71,1,X,MI,8827462aa5fffff
260439506001019,10,1,22,15017189,300025,Bug Tussel Wireless LLC,71,1,X,MI,8827462aa5fffff
260439506001037,10,1,1,15017189,300025,Bug Tussel Wireless LLC,71,1,X,MI,8827462aa7fffff
260439506001038,10,1,9,15017189,300025,Bug Tussel Wireless LLC,71,1,X,MI,8827462aa7fffff
260439506001039,10,1,8,15017189,300025,Bug Tussel Wireless LLC,71,1,X,MI,8827462aa7fffff
260439506001040,10,1,12,15017189,300025,Bug Tussel Wireless LLC,71,1,X,MI,8827462aa7fffff
260439506001041,10,1,2,15017189,300025,Bug Tussel Wireless LLC,71,1,X,MI,8827462aa7fffff
260439506001042,10,1,5,15017189,300025,Bug Tussel Wireless LLC,71,1,X,MI,8827462aa7fffff
260439506001043,10,1,10,15017189,300025,Bug Tussel Wireless LLC,71,1,X,MI,8827462aa7fffff
260439506001044,10,1,9,15017189,300025,Bug Tussel Wireless LLC,71,1,X,MI,8827462aa7fffff
260439506001045,10,1,9,15017189,300025,Bug Tussel Wireless LLC,71,1,X,MI,8827462aa7fffff
260439506001046,10,1,7,15017189,300025,Bug Tussel Wireless LLC,71,1,X,MI,8827462aa7fffff
260439506001047,10,1,4,15017189,300025,Bug Tussel Wireless LLC,71,1,X,MI,8827462aa7fffff
260439506001048,10,1,6,15017189,300025,Bug Tussel Wireless LLC,71,1,X,MI,8827462aa7fffff
260439506001049,10,1,12,15017189,300025,Bug Tussel Wireless LLC,71,1,X,MI,8827462aa7fffff
260439506001050,10,1,12,15017189,300025,Bug Tussel Wireless LLC,71,1,X,MI,8827462aa7fffff
260439506001051,10,1,15,15017189,300025,Bug Tussel Wireless LLC,71,1,X,MI,8827462aa7fffff
260439506001052,10,1,10,15017189,300025,Bug Tussel Wireless LLC,71,1,X,MI,8827462aa7fffff
260439506001058,10,1,3,15017189,300025,Bug Tussel Wireless LLC,71,1,X,MI,8827462aa7fffff
260439506001062,10,1,5,15017189,300025,Bug Tussel Wireless LLC,71,1,X,MI,8827462aa7fffff
260439506001063,10,1,24,15017189,300025,Bug Tussel Wireless LLC,71,1,X,MI,8827462aa5fffff
260439506001064,10,1,21,15017189,300025,Bug Tussel Wireless LLC,71,1,X,MI,8827462aa5fffff
260439506001065,10,1,6,15017189,300025,Bug Tussel Wireless LLC,71,1,X,MI,8827462aa5fffff
260439506001066,10,1,9,15017189,300025,Bug Tussel Wireless LLC,71,1,X,MI,8827462aa5fffff
260439506002000,10,1,1,15017189,300025,Bug Tussel Wireless LLC,71,1,X,MI,8827462a9dfffff
260439506002001,10,1,7,15017189,300025,Bug Tussel Wireless LLC,71,1,X,MI,8827462ab9fffff
260439506002002,10,1,26,15017189,300025,Bug Tussel Wireless LLC,71,1,X,MI,8827462ab1fffff
260439506002013,10,1,4,15017189,300025,Bug Tussel Wireless LLC,71,1,X,MI,8827462aa3fffff
260439506002017,10,1,5,15017189,300025,Bug Tussel Wireless LLC,71,1,X,MI,8827462aa3fffff
260439506002018,10,1,6,15017189,300025,Bug Tussel Wireless LLC,71,1,X,MI,8827462aa3fffff
260439506002019,10,1,2,15017189,300025,Bug Tussel Wireless LLC,71,1,X,MI,8827462aa3fffff
260439506002020,10,1,15,15017189,300025,Bug Tussel Wireless LLC,71,1,X,MI,8827462aa3fffff
260439506002021,10,1,14,15017189,300025,Bug Tussel Wireless LLC,71,1,X,MI,8827462aa3fffff
260439506002022,10,1,16,15017189,300025,Bug Tussel Wireless LLC,71,1,X,MI,8827462aa3fffff
260439506002023,10,1,6,15017189,300025,Bug Tussel Wireless LLC,71,1,X,MI,8827462aa3fffff
260439506002024,10,1,13,15017189,300025,Bug Tussel Wireless LLC,71,1,X,MI,8827462aa3fffff
260439506002025,10,1,4,15017189,300025,Bug Tussel Wireless LLC,71,1,X,MI,8827462aa3fffff
260439506002026,10,1,10,15017189,300025,Bug Tussel Wireless LLC,71,1,X,MI,8827462aa3fffff
260439506002027,10,1,9,15017189,300025,Bug Tussel Wireless LLC,71,1,X,MI,8827462aa3fffff
260439506002028,10,1,9,15017189,300025,Bug Tussel Wireless LLC,71,1,X,MI,8827462aa3fffff
260439506002029,10,1,11,15017189,300025,Bug Tussel Wireless LLC,71,1,X,MI,8827462aa3fffff
260439506002030,10,1,4,15017189,300025,Bug Tussel Wireless LLC,71,1,X,MI,8827462aa3fffff
260439506002031,10,1,3,15017189,300025,Bug Tussel Wireless LLC,71,1,X,MI,8827462aa3fffff
260439506002032,10,1,5,15017189,300025,Bug Tussel Wireless LLC,71,1,X,MI,8827462aa3fffff
260439506002033,10,1,8,15017189,300025,Bug Tussel Wireless LLC,71,1,X,MI,8827462aa3fffff
260439506002034,10,1,12,15017189,300025,Bug Tussel Wireless LLC,71,1,X,MI,8827462aa3fffff
260439506002036,10,1,6,15017189,300025,Bug Tussel Wireless LLC,71,1,X,MI,8827462aa3fffff
260439506002040,10,1,4,15017189,300025,Bug Tussel Wireless LLC,71,1,X,MI,8827462aa3fffff
260439506002042,10,1,5,15017189,300025,Bug Tussel Wireless LLC,71,1,X,MI,88274628cdfffff
260439506002043,10,1,1,15017189,300025,Bug Tussel Wireless LLC,71,1,X,MI,8827462aa3fffff
260439506002044,10,1,14,15017189,300025,Bug Tussel Wireless LLC,71,1,X,MI,8827462aa3fffff
260439506002045,10,1,21,15017189,300025,Bug Tussel Wireless LLC,71,1,X,MI,8827462aa3fffff
260439506002046,10,1,9,15017189,300025,Bug Tussel Wireless LLC,71,1,X,MI,8827462aa3fffff
260439506002047,10,1,2,15017189,300025,Bug Tussel Wireless LLC,71,1,X,MI,8827462ab9fffff
260439506002049,10,1,4,15017189,300025,Bug Tussel Wireless LLC,71,1,X,MI,8827462813fffff
260439506002050,10,1,7,15017189,300025,Bug Tussel Wireless LLC,71,1,X,MI,8827462813fffff
260439506002051,10,1,5,15017189,300025,Bug Tussel Wireless LLC,71,1,X,MI,882746281bfffff
260439506002052,10,1,1,15017189,300025,Bug Tussel Wireless LLC,71,1,X,MI,882746281bfffff
260439506002062,10,1,3,15017189,300025,Bug Tussel Wireless LLC,71,1,X,MI,8827462aa7fffff
260439506002064,10,1,2,15017189,300025,Bug Tussel Wireless LLC,71,1,X,MI,8827462aa7fffff
260439506002065,10,1,4,15017189,300025,Bug Tussel Wireless LLC,71,1,X,MI,8827462aa7fffff
260439506002067,10,1,2,15017189,300025,Bug Tussel Wireless LLC,71,1,X,MI,8827462aa3fffff
260439506002070,10,1,1,15017189,300025,Bug Tussel Wireless LLC,71,1,X,MI,88274628cdfffff
260439506002075,10,1,4,15017189,300025,Bug Tussel Wireless LLC,71,1,X,MI,88274628cdfffff
260439506002076,10,1,9,15017189,300025,Bug Tussel Wireless LLC,71,1,X,MI,88274628cdfffff
260439506002077,10,1,14,15017189,300025,Bug Tussel Wireless LLC,71,1,X,MI,8827462813fffff
260439506002078,10,1,9,15017189,300025,Bug Tussel Wireless LLC,71,1,X,MI,8827462813fffff
260439506002079,10,1,1,15017189,300025,Bug Tussel Wireless LLC,71,1,X,MI,8827462aa7fffff
260439506003003,10,1,24,15017189,300025,Bug Tussel Wireless LLC,71,1,X,MI,8827462817fffff
260439506003005,10,1,2,15017189,300025,Bug Tussel Wireless LLC,71,1,X,MI,88274628cdfffff
260439506003007,10,1,5,15017189,300025,Bug Tussel Wireless LLC,71,1,X,MI,88274628cdfffff
260439506003008,10,1,6,15017189,300025,Bug Tussel Wireless LLC,71,1,X,MI,88274628cdfffff
260439506003009,10,1,2,15017189,300025,Bug Tussel Wireless LLC,71,1,X,MI,88274628cdfffff
260439506003017,10,1,42,15017189,300025,Bug Tussel Wireless LLC,71,1,X,MI,8827462805fffff
260439506003021,10,1,1,15017189,300025,Bug Tussel Wireless LLC,71,1,X,MI,8827462813fffff
260439506003022,10,1,5,15017189,300025,Bug Tussel Wireless LLC,71,1,X,MI,8827462813fffff
260439506003029,10,1,5,15017189,300025,Bug Tussel Wireless LLC,71,1,X,MI,8827462813fffff
260439506003030,10,1,9,15017189,300025,Bug Tussel Wireless LLC,71,1,X,MI,8827462813fffff
260439506003031,10,1,1,15017189,300025,Bug Tussel Wireless LLC,71,1,X,MI,8827462813fffff
260439506003033,10,1,1,15017189,300025,Bug Tussel Wireless LLC,71,1,X,MI,88274628cdfffff
260439506003039,10,1,3,15017189,300025,Bug Tussel Wireless LLC,71,1,X,MI,88274628cdfffff
260439507001030,10,1,2,15017189,300025,Bug Tussel Wireless LLC,71,1,X,MI,8827462a33fffff
260439507001034,10,1,8,15017189,300025,Bug Tussel Wireless LLC,71,1,X,MI,8827462a33fffff
260439507001035,10,1,3,15017189,300025,Bug Tussel Wireless LLC,71,1,X,MI,8827462a33fffff
260439507001042,10,1,3,15017189,300025,Bug Tussel Wireless LLC,71,1,X,MI,8827462a33fffff
260439507001047,10,1,9,15017189,300025,Bug Tussel Wireless LLC,71,1,X,MI,8827462859fffff
260439507001049,10,1,2,15017189,300025,Bug Tussel Wireless LLC,71,1,X,MI,882746285dfffff
260439507001050,10,1,52,15017189,300025,Bug Tussel Wireless LLC,71,1,X,MI,8827462857fffff
260439507001051,10,1,1,15017189,300025,Bug Tussel Wireless LLC,71,1,X,MI,8827462859fffff
260439507001052,10,1,4,15017189,300025,Bug Tussel Wireless LLC,71,1,X,MI,8827462859fffff
260439507001054,10,1,1,15017189,300025,Bug Tussel Wireless LLC,71,1,X,MI,8827462851fffff
260439507001055,10,1,5,15017189,300025,Bug Tussel Wireless LLC,71,1,X,MI,8827462859fffff
260439507001056,10,1,20,15017189,300025,Bug Tussel Wireless LLC,71,1,X,MI,8827462859fffff
260439507001057,10,1,7,15017189,300025,Bug Tussel Wireless LLC,71,1,X,MI,8827462ae5fffff
260439507001058,10,1,7,15017189,300025,Bug Tussel Wireless LLC,71,1,X,MI,8827462859fffff
260439507001059,10,1,8,15017189,300025,Bug Tussel Wireless LLC,71,1,X,MI,8827462859fffff
260439507001060,10,1,2,15017189,300025,Bug Tussel Wireless LLC,71,1,X,MI,8827462859fffff
260439507001061,10,1,7,15017189,300025,Bug Tussel Wireless LLC,71,1,X,MI,8827462859fffff
260439507001062,10,1,9,15017189,300025,Bug Tussel Wireless LLC,71,1,X,MI,8827462ae5fffff
260439507001063,10,1,5,15017189,300025,Bug Tussel Wireless LLC,71,1,X,MI,8827462ae5fffff
260439507001065,10,1,1,15017189,300025,Bug Tussel Wireless LLC,71,1,X,MI,8827462855fffff
260439507002006,10,1,15,15017189,300025,Bug Tussel Wireless LLC,71,1,X,MI,8827462855fffff
260439507002012,10,1,9,15017189,300025,Bug Tussel Wireless LLC,71,1,X,MI,8827462855fffff
260439507002023,10,1,15,15017189,300025,Bug Tussel Wireless LLC,71,1,X,MI,8827462857fffff
260439507002024,10,1,12,15017189,300025,Bug Tussel Wireless LLC,71,1,X,MI,8827462857fffff
260439507002025,10,1,14,15017189,300025,Bug Tussel Wireless LLC,71,1,X,MI,8827462857fffff
260439507002028,10,1,1,15017189,300025,Bug Tussel Wireless LLC,71,1,X,MI,8827462857fffff
260439507003001,10,1,1,15017189,300025,Bug Tussel Wireless LLC,71,1,X,MI,8827462851fffff
260439507003002,10,1,2,15017189,300025,Bug Tussel Wireless LLC,71,1,X,MI,8827462851fffff
260439507003003,10,1,7,15017189,300025,Bug Tussel Wireless LLC,71,1,X,MI,8827462857fffff
260439507003004,10,1,2,15017189,300025,Bug Tussel Wireless LLC,71,1,X,MI,8827462857fffff
260439507003007,10,1,14,15017189,300025,Bug Tussel Wireless LLC,71,1,X,MI,8827462857fffff
260439507003008,10,1,1,15017189,300025,Bug Tussel Wireless LLC,71,1,X,MI,8827462857fffff
260439507003009,10,1,13,15017189,300025,Bug Tussel Wireless LLC,71,1,X,MI,8827462857fffff
260439507003010,10,1,7,15017189,300025,Bug Tussel Wireless LLC,71,1,X,MI,8827462857fffff
260439507003011,10,1,8,15017189,300025,Bug Tussel Wireless LLC,71,1,X,MI,8827462857fffff
260439507003012,10,1,8,15017189,300025,Bug Tussel Wireless LLC,71,1,X,MI,8827462857fffff
260439507003016,10,1,3,15017189,300025,Bug Tussel Wireless LLC,71,1,X,MI,8827462853fffff
260439507003017,10,1,7,15017189,300025,Bug Tussel Wireless LLC,71,1,X,MI,8827462853fffff
260439507003018,10,1,5,15017189,300025,Bug Tussel Wireless LLC,71,1,X,MI,8827462857fffff
260439507003019,10,1,6,15017189,300025,Bug Tussel Wireless LLC,71,1,X,MI,8827462857fffff
260439507003020,10,1,11,15017189,300025,Bug Tussel Wireless LLC,71,1,X,MI,8827462853fffff
260439507003021,10,1,11,15017189,300025,Bug Tussel Wireless LLC,71,1,X,MI,8827462853fffff
260439507003022,10,1,9,15017189,300025,Bug Tussel Wireless LLC,71,1,X,MI,8827462853fffff
260439507003023,10,1,9,15017189,300025,Bug Tussel Wireless LLC,71,1,X,MI,8827462853fffff
260439507003024,10,1,7,15017189,300025,Bug Tussel Wireless LLC,71,1,X,MI,8827462857fffff
260439507003025,10,1,16,15017189,300025,Bug Tussel Wireless LLC,71,1,X,MI,8827462857fffff
260439507003026,10,1,17,15017189,300025,Bug Tussel Wireless LLC,71,1,X,MI,8827462857fffff
260439507003027,10,1,11,15017189,300025,Bug Tussel Wireless LLC,71,1,X,MI,8827462857fffff
260439507003028,10,1,5,15017189,300025,Bug Tussel Wireless LLC,71,1,X,MI,8827462857fffff
260439507003029,10,1,8,15017189,300025,Bug Tussel Wireless LLC,71,1,X,MI,8827462857fffff
260439507003030,10,1,2,15017189,300025,Bug Tussel Wireless LLC,71,1,X,MI,8827462857fffff
260439507003035,10,1,6,15017189,300025,Bug Tussel Wireless LLC,71,1,X,MI,8827462857fffff
260439507003036,10,1,9,15017189,300025,Bug Tussel Wireless LLC,71,1,X,MI,8827462857fffff
260439507003037,10,1,7,15017189,300025,Bug Tussel Wireless LLC,71,1,X,MI,8827462857fffff
260439507003038,10,1,5,15017189,300025,Bug Tussel Wireless LLC,71,1,X,MI,8827462857fffff
260439507003039,10,1,15,15017189,300025,Bug Tussel Wireless LLC,71,1,X,MI,8827462857fffff
260439507003042,10,1,4,15017189,300025,Bug Tussel Wireless LLC,71,1,X,MI,8827462857fffff
260439507003043,10,1,12,15017189,300025,Bug Tussel Wireless LLC,71,1,X,MI,8827462819fffff
260439507003044,10,1,13,15017189,300025,Bug Tussel Wireless LLC,71,1,X,MI,8827462853fffff
260439507003045,10,1,8,15017189,300025,Bug Tussel Wireless LLC,71,1,X,MI,8827462853fffff
260479701001051,10,1,1,15017189,300025,Bug Tussel Wireless LLC,71,1,X,MI,882745b1bbfffff
260479702011001,10,1,5,15017189,300025,Bug Tussel Wireless LLC,71,1,X,MI,882745a243fffff
260479702011010,10,1,2,15017189,300025,Bug Tussel Wireless LLC,71,1,X,MI,882745a209fffff
260479702011011,10,1,5,15017189,300025,Bug Tussel Wireless LLC,71,1,X,MI,882745a20dfffff
260479702011013,10,1,7,15017189,300025,Bug Tussel Wireless LLC,71,1,X,MI,882745a247fffff
260479702011015,10,1,3,15017189,300025,Bug Tussel Wireless LLC,71,1,X,MI,882745a26bfffff
260479702011017,10,1,2,15017189,300025,Bug Tussel Wireless LLC,71,1,X,MI,882745b193fffff
260479702011018,10,1,3,15017189,300025,Bug Tussel Wireless LLC,71,1,X,MI,882745a245fffff
260479702011019,10,1,3,15017189,300025,Bug Tussel Wireless LLC,71,1,X,MI,882745a247fffff
260479702011020,10,1,7,15017189,300025,Bug Tussel Wireless LLC,71,1,X,MI,882745a223fffff
260479702011021,10,1,1,15017189,300025,Bug Tussel Wireless LLC,71,1,X,MI,882745a30bfffff
260479702011022,10,1,1,15017189,300025,Bug Tussel Wireless LLC,71,1,X,MI,882745a309fffff
260479702011036,10,1,10,15017189,300025,Bug Tussel Wireless LLC,71,1,X,MI,882745a205fffff
260479702011043,10,1,1,15017189,300025,Bug Tussel Wireless LLC,71,1,X,MI,882745a203fffff
260479702011045,10,1,1,15017189,300025,Bug Tussel Wireless LLC,71,1,X,MI,882745a239fffff
260479702011046,10,1,1,15017189,300025,Bug Tussel Wireless LLC,71,1,X,MI,882745a223fffff
260479702011069,10,1,1,15017189,300025,Bug Tussel Wireless LLC,71,1,X,MI,882745a031fffff
260479702011074,10,1,7,15017189,300025,Bug Tussel Wireless LLC,71,1,X,MI,882745a0a7fffff
260479702012062,10,1,4,15017189,300025,Bug Tussel Wireless LLC,71,1,X,MI,882745a769fffff
260479702012063,10,1,5,15017189,300025,Bug Tussel Wireless LLC,71,1,X,MI,882745a76dfffff
260479702012064,10,1,3,15017189,300025,Bug Tussel Wireless LLC,71,1,X,MI,882745a76dfffff
260479702012065,10,1,11,15017189,300025,Bug Tussel Wireless LLC,71,1,X,MI,882745a0d9fffff
260479702012068,10,1,1,15017189,300025,Bug Tussel Wireless LLC,71,1,X,MI,882745a017fffff
260479702012075,10,1,10,15017189,300025,Bug Tussel Wireless LLC,71,1,X,MI,882745a039fffff
260479702012078,10,1,2,15017189,300025,Bug Tussel Wireless LLC,71,1,X,MI,882745a0d1fffff
260479702012080,10,1,3,15017189,300025,Bug Tussel Wireless LLC,71,1,X,MI,882745a0c1fffff
260479702012082,10,1,12,15017189,300025,Bug Tussel Wireless LLC,71,1,X,MI,882745a0c3fffff
260479702012085,10,1,11,15017189,300025,Bug Tussel Wireless LLC,71,1,X,MI,882745a0d5fffff
260479702012086,10,1,11,15017189,300025,Bug Tussel Wireless LLC,71,1,X,MI,882745a76dfffff
260479702021000,10,1,8,15017189,300025,Bug Tussel Wireless LLC,71,1,X,MI,882745a769fffff
260479702021001,10,1,6,15017189,300025,Bug Tussel Wireless LLC,71,1,X,MI,882745a72bfffff
260479702021002,10,1,23,15017189,300025,Bug Tussel Wireless LLC,71,1,X,MI,882745a767fffff
260479702021003,10,1,2,15017189,300025,Bug Tussel Wireless LLC,71,1,X,MI,882745a721fffff
260479702021004,10,1,5,15017189,300025,Bug Tussel Wireless LLC,71,1,X,MI,882745a09bfffff
260479702021007,10,1,2,15017189,300025,Bug Tussel Wireless LLC,71,1,X,MI,882745a72bfffff
260479702021010,10,1,1,15017189,300025,Bug Tussel Wireless LLC,71,1,X,MI,882745a735fffff
260479702021029,10,1,5,15017189,300025,Bug Tussel Wireless LLC,71,1,X,MI,882745a54dfffff
260479702022000,10,1,15,15017189,300025,Bug Tussel Wireless LLC,71,1,X,MI,882745a099fffff
260479702022001,10,1,8,15017189,300025,Bug Tussel Wireless LLC,71,1,X,MI,882745a0d1fffff
260479702022002,10,1,6,15017189,300025,Bug Tussel Wireless LLC,71,1,X,MI,882745a0bdfffff
260479702022006,10,1,15,15017189,300025,Bug Tussel Wireless LLC,71,1,X,MI,882745a091fffff
260479702022008,10,1,16,15017189,300025,Bug Tussel Wireless LLC,71,1,X,MI,882745a099fffff
260479702022009,10,1,6,15017189,300025,Bug Tussel Wireless LLC,71,1,X,MI,882745a099fffff
260479702022010,10,1,3,15017189,300025,Bug Tussel Wireless LLC,71,1,X,MI,882745a099fffff
260479702022011,10,1,6,15017189,300025,Bug Tussel Wireless LLC,71,1,X,MI,882745a099fffff
260479702022012,10,1,5,15017189,300025,Bug Tussel Wireless LLC,71,1,X,MI,882745a0a3fffff
260479702022013,10,1,2,15017189,300025,Bug Tussel Wireless LLC,71,1,X,MI,882745a0a3fffff
260479702022015,10,1,8,15017189,300025,Bug Tussel Wireless LLC,71,1,X,MI,882745ae45fffff
260479702022016,10,1,2,15017189,300025,Bug Tussel Wireless LLC,71,1,X,MI,882745ae45fffff
260479702022025,10,1,1,15017189,300025,Bug Tussel Wireless LLC,71,1,X,MI,882745a0b9fffff
260479702022027,10,1,11,15017189,300025,Bug Tussel Wireless LLC,71,1,X,MI,882745a547fffff
260479702022036,10,1,1,15017189,300025,Bug Tussel Wireless LLC,71,1,X,MI,882745a50dfffff
260479702022055,10,1,1,15017189,300025,Bug Tussel Wireless LLC,71,1,X,MI,882745ae53fffff
260479703022000,10,1,8,15017189,300025,Bug Tussel Wireless LLC,71,1,X,MI,882745ae6bfffff
260479703022026,10,1,14,15017189,300025,Bug Tussel Wireless LLC,71,1,X,MI,882745ae69fffff
260539502001006,25,5,3,15017189,300025,Bug Tussel Wireless LLC,71,1,X,MI,882755d1c3fffff
260539502001009,25,5,5,15017189,300025,Bug Tussel Wireless LLC,71,1,X,MI,882755d1c1fffff
260539502001011,25,5,5,15017189,300025,Bug Tussel Wireless LLC,71,1,X,MI,882755d1c1fffff
260539502001014,25,5,12,15017189,300025,Bug Tussel Wireless LLC,71,1,X,MI,882755d1c1fffff
260539502001017,25,5,6,15017189,300025,Bug Tussel Wireless LLC,71,1,X,MI,882755d1c3fffff
260539502001018,25,5,11,15017189,300025,Bug Tussel Wireless LLC,71,1,X,MI,882755d1c1fffff
260539502001019,25,5,7,15017189,300025,Bug Tussel Wireless LLC,71,1,X,MI,882755d1c1fffff
260539502001020,25,5,2,15017189,300025,Bug Tussel Wireless LLC,71,1,X,MI,882755d1c1fffff
260539502001021,25,5,3,15017189,300025,Bug Tussel Wireless LLC,71,1,X,MI,882755d1c7fffff
260539502001023,25,5,1,15017189,300025,Bug Tussel Wireless LLC,71,1,X,MI,882755d1c7fffff
260539502001024,25,5,2,15017189,300025,Bug Tussel Wireless LLC,71,1,X,MI,882755d1c1fffff
260539502001025,25,5,4,15017189,300025,Bug Tussel Wireless LLC,71,1,X,MI,882755d1c7fffff
260539502001026,25,5,1,15017189,300025,Bug Tussel Wireless LLC,71,1,X,MI,882755d1c7fffff
260539502001028,25,5,4,15017189,300025,Bug Tussel Wireless LLC,71,1,X,MI,882755d1c7fffff
260539502001029,25,5,8,15017189,300025,Bug Tussel Wireless LLC,71,1,X,MI,882755d1c7fffff
260539502001030,25,5,3,15017189,300025,Bug Tussel Wireless LLC,71,1,X,MI,882755d1c7fffff
260539502001050,25,5,5,15017189,300025,Bug Tussel Wireless LLC,71,1,X,MI,882755d1c7fffff
260539502001058,25,5,1,15017189,300025,Bug Tussel Wireless LLC,71,1,X,MI,882755d1c7fffff
260539502003055,25,5,12,15017189,300025,Bug Tussel Wireless LLC,71,1,X,MI,882755d02bfffff
260539502003057,25,5,1,15017189,300025,Bug Tussel Wireless LLC,71,1,X,MI,882755d02bfffff
260539503001014,25,5,2,15017189,300025,Bug Tussel Wireless LLC,71,1,X,MI,882755da53fffff
260539503001015,25,5,1,15017189,300025,Bug Tussel Wireless LLC,71,1,X,MI,882755da53fffff
260539503001016,25,5,5,15017189,300025,Bug Tussel Wireless LLC,71,1,X,MI,882755da53fffff
260539503001017,25,5,9,15017189,300025,Bug Tussel Wireless LLC,71,1,X,MI,882755da53fffff
260539503001018,25,5,4,15017189,300025,Bug Tussel Wireless LLC,71,1,X,MI,882755da53fffff
260539503001033,25,5,18,15017189,300025,Bug Tussel Wireless LLC,71,1,X,MI,882755dac1fffff
260539503001034,25,5,4,15017189,300025,Bug Tussel Wireless LLC,71,1,X,MI,882755dacbfffff
260539503001035,25,5,7,15017189,300025,Bug Tussel Wireless LLC,71,1,X,MI,882755dacbfffff
260539503003002,25,5,1,15017189,300025,Bug Tussel Wireless LLC,71,1,X,MI,882755d1ebfffff
260539503003003,25,5,1,15017189,300025,Bug Tussel Wireless LLC,71,1,X,MI,882755d1e1fffff
260539503003004,25,5,5,15017189,300025,Bug Tussel Wireless LLC,71,1,X,MI,882755d1e7fffff
260539503003007,25,5,2,15017189,300025,Bug Tussel Wireless LLC,71,1,X,MI,882755d1ebfffff
260539503003008,25,5,18,15017189,300025,Bug Tussel Wireless LLC,71,1,X,MI,882755d1e3fffff
260539503003009,25,5,10,15017189,300025,Bug Tussel Wireless LLC,71,1,X,MI,882755d1e3fffff
260539503003010,25,5,2,15017189,300025,Bug Tussel Wireless LLC,71,1,X,MI,882755d1e1fffff
260539503003012,25,5,9,15017189,300025,Bug Tussel Wireless LLC,71,1,X,MI,882755d1ebfffff
260539503003013,25,5,3,15017189,300025,Bug Tussel Wireless LLC,71,1,X,MI,882755d1e1fffff
260539503003014,25,5,6,15017189,300025,Bug Tussel Wireless LLC,71,1,X,MI,882755d1e3fffff
260539503003021,25,5,1,15017189,300025,Bug Tussel Wireless LLC,71,1,X,MI,882755dad1fffff
260539503003032,25,5,1,15017189,300025,Bug Tussel Wireless LLC,71,1,X,MI,882755dad5fffff
260539503003033,25,5,1,15017189,300025,Bug Tussel Wireless LLC,71,1,X,MI,882755dad5fffff
260539503003037,25,5,5,15017189,300025,Bug Tussel Wireless LLC,71,1,X,MI,882755dad5fffff
260539503003056,25,5,1,15017189,300025,Bug Tussel Wireless LLC,71,1,X,MI,882755da8bfffff
260539503003057,25,5,1,15017189,300025,Bug Tussel Wireless LLC,71,1,X,MI,882755da85fffff
260539503003061,25,5,6,15017189,300025,Bug Tussel Wireless LLC,71,1,X,MI,882755dad7fffff
260539503003062,25,5,27,15017189,300025,Bug Tussel Wireless LLC,71,1,X,MI,882755dad7fffff
260539503003063,25,5,12,15017189,300025,Bug Tussel Wireless LLC,71,1,X,MI,882755dad5fffff
260539503003064,25,5,7,15017189,300025,Bug Tussel Wireless LLC,71,1,X,MI,882755dad5fffff
260539503003065,25,5,9,15017189,300025,Bug Tussel Wireless LLC,71,1,X,MI,882755dad1fffff
260539503003068,25,5,36,15017189,300025,Bug Tussel Wireless LLC,71,1,X,MI,882755d1e7fffff
260539503003070,25,5,5,15017189,300025,Bug Tussel Wireless LLC,71,1,X,MI,882755dad5fffff
260539503003072,25,5,16,15017189,300025,Bug Tussel Wireless LLC,71,1,X,MI,882755dad7fffff
260539503003074,25,5,5,15017189,300025,Bug Tussel Wireless LLC,71,1,X,MI,882755dad7fffff
260539503003075,25,5,2,15017189,300025,Bug Tussel Wireless LLC,71,1,X,MI,882755dad7fffff
260539503003078,25,5,1,15017189,300025,Bug Tussel Wireless LLC,71,1,X,MI,882755da91fffff
260539503003081,25,5,10,15017189,300025,Bug Tussel Wireless LLC,71,1,X,MI,882755dad7fffff
260539503003082,25,5,2,15017189,300025,Bug Tussel Wireless LLC,71,1,X,MI,882755dad5fffff
260539503003083,25,5,15,15017189,300025,Bug Tussel Wireless LLC,71,1,X,MI,882755dad5fffff
260539503003084,25,5,11,15017189,300025,Bug Tussel Wireless LLC,71,1,X,MI,882755dad5fffff
260539503003086,25,5,3,15017189,300025,Bug Tussel Wireless LLC,71,1,X,MI,882755daabfffff
260539503003087,25,5,8,15017189,300025,Bug Tussel Wireless LLC,71,1,X,MI,882755d1e3fffff
260539503003091,25,5,12,15017189,300025,Bug Tussel Wireless LLC,71,1,X,MI,882755dad7fffff
260539505001000,25,5,10,15017189,300025,Bug Tussel Wireless LLC,71,1,X,MI,882755d853fffff
260539505001001,25,5,3,15017189,300025,Bug Tussel Wireless LLC,71,1,X,MI,882755daadfffff
260539505001002,25,5,6,15017189,300025,Bug Tussel Wireless LLC,71,1,X,MI,882755daadfffff
260539505001003,25,5,15,15017189,300025,Bug Tussel Wireless LLC,71,1,X,MI,882755d853fffff
260539505001004,25,5,9,15017189,300025,Bug Tussel Wireless LLC,71,1,X,MI,882755d853fffff
260539505001006,25,5,4,15017189,300025,Bug Tussel Wireless LLC,71,1,X,MI,882755d857fffff
260539505001007,25,5,4,15017189,300025,Bug Tussel Wireless LLC,71,1,X,MI,882755d857fffff
260539505001008,25,5,8,15017189,300025,Bug Tussel Wireless LLC,71,1,X,MI,882755d857fffff
260539505001009,25,5,13,15017189,300025,Bug Tussel Wireless LLC,71,1,X,MI,882755d857fffff
260539505001010,25,5,8,15017189,300025,Bug Tussel Wireless LLC,71,1,X,MI,882755d857fffff
260539505001011,25,5,9,15017189,300025,Bug Tussel Wireless LLC,71,1,X,MI,882755d80bfffff
260539505001012,25,5,3,15017189,300025,Bug Tussel Wireless LLC,71,1,X,MI,882755d80bfffff
260539505001013,25,5,3,15017189,300025,Bug Tussel Wireless LLC,71,1,X,MI,882755d857fffff
260539505001014,25,5,6,15017189,300025,Bug Tussel Wireless LLC,71,1,X,MI,882755d857fffff
260539505001015,25,5,8,15017189,300025,Bug Tussel Wireless LLC,71,1,X,MI,882755d857fffff
260539505001016,25,5,5,15017189,300025,Bug Tussel Wireless LLC,71,1,X,MI,882755d857fffff
260539505001017,25,5,4,15017189,300025,Bug Tussel Wireless LLC,71,1,X,MI,882755d857fffff
260539505001018,25,5,5,15017189,300025,Bug Tussel Wireless LLC,71,1,X,MI,882755d857fffff
260539505001019,25,5,4,15017189,300025,Bug Tussel Wireless LLC,71,1,X,MI,882755d857fffff
260539505001020,25,5,9,15017189,300025,Bug Tussel Wireless LLC,71,1,X,MI,882755daa5fffff
260539505001021,25,5,3,15017189,300025,Bug Tussel Wireless LLC,71,1,X,MI,882755daa5fffff
260539505001022,25,5,10,15017189,300025,Bug Tussel Wireless LLC,71,1,X,MI,882755d853fffff
260539505001023,25,5,12,15017189,300025,Bug Tussel Wireless LLC,71,1,X,MI,882755daa5fffff
260539505001024,25,5,13,15017189,300025,Bug Tussel Wireless LLC,71,1,X,MI,882755daa5fffff
260539505001025,25,5,6,15017189,300025,Bug Tussel Wireless LLC,71,1,X,MI,882755daa1fffff
260539505001026,25,5,5,15017189,300025,Bug Tussel Wireless LLC,71,1,X,MI,882755daa5fffff
260539505001028,25,5,3,15017189,300025,Bug Tussel Wireless LLC,71,1,X,MI,882755daa5fffff
260539505001029,25,5,5,15017189,300025,Bug Tussel Wireless LLC,71,1,X,MI,882755daa5fffff
260539505001030,25,5,2,15017189,300025,Bug Tussel Wireless LLC,71,1,X,MI,882755daa5fffff
260539505001031,25,5,1,15017189,300025,Bug Tussel Wireless LLC,71,1,X,MI,882755daa5fffff
260539505001032,25,5,10,15017189,300025,Bug Tussel Wireless LLC,71,1,X,MI,882755d81bfffff
260539505001033,25,5,17,15017189,300025,Bug Tussel Wireless LLC,71,1,X,MI,882755daa5fffff
260539505001034,25,5,14,15017189,300025,Bug Tussel Wireless LLC,71,1,X,MI,882755daa5fffff
260539505001035,25,5,2,15017189,300025,Bug Tussel Wireless LLC,71,1,X,MI,882755daa7fffff
260539505001036,25,5,15,15017189,300025,Bug Tussel Wireless LLC,71,1,X,MI,882755daa7fffff
260539505001037,25,5,11,15017189,300025,Bug Tussel Wireless LLC,71,1,X,MI,882755daa5fffff
260539505001038,25,5,9,15017189,300025,Bug Tussel Wireless LLC,71,1,X,MI,882755daa5fffff
260539505001039,25,5,9,15017189,300025,Bug Tussel Wireless LLC,71,1,X,MI,882755daa5fffff
260539505001040,25,5,14,15017189,300025,Bug Tussel Wireless LLC,71,1,X,MI,882755daa7fffff
260539505001041,25,5,35,15017189,300025,Bug Tussel Wireless LLC,71,1,X,MI,882755d81bfffff
260539505001042,25,5,5,15017189,300025,Bug Tussel Wireless LLC,71,1,X,MI,882755d81bfffff
260539505001043,25,5,1,15017189,300025,Bug Tussel Wireless LLC,71,1,X,MI,882755d8e9fffff
260539505001044,25,5,2,15017189,300025,Bug Tussel Wireless LLC,71,1,X,MI,882755d8c5fffff
260539505001046,25,5,1,15017189,300025,Bug Tussel Wireless LLC,71,1,X,MI,882755daa5fffff
260539505001047,25,5,22,15017189,300025,Bug Tussel Wireless LLC,71,1,X,MI,882755d81bfffff
260539505001048,25,5,12,15017189,300025,Bug Tussel Wireless LLC,71,1,X,MI,882755d81bfffff
260539505001049,25,5,10,15017189,300025,Bug Tussel Wireless LLC,71,1,X,MI,882755daa5fffff
260539505001050,25,5,9,15017189,300025,Bug Tussel Wireless LLC,71,1,X,MI,882755d81bfffff
260539505001051,25,5,10,15017189,300025,Bug Tussel Wireless LLC,71,1,X,MI,882755d81bfffff
260539505001052,25,5,11,15017189,300025,Bug Tussel Wireless LLC,71,1,X,MI,882755daa7fffff
260539505001053,25,5,16,15017189,300025,Bug Tussel Wireless LLC,71,1,X,MI,882755daa7fffff
260539505001054,25,5,7,15017189,300025,Bug Tussel Wireless LLC,71,1,X,MI,882755d853fffff
260539505001055,25,5,9,15017189,300025,Bug Tussel Wireless LLC,71,1,X,MI,882755d819fffff
260539505001056,25,5,5,15017189,300025,Bug Tussel Wireless LLC,71,1,X,MI,882755d853fffff
260539505001057,25,5,17,15017189,300025,Bug Tussel Wireless LLC,71,1,X,MI,882755d819fffff
260539505001058,25,5,6,15017189,300025,Bug Tussel Wireless LLC,71,1,X,MI,882755d81bfffff
260539505002000,25,5,4,15017189,300025,Bug Tussel Wireless LLC,71,1,X,MI,882755d819fffff
260539505002001,25,5,3,15017189,300025,Bug Tussel Wireless LLC,71,1,X,MI,882755d857fffff
260539505002005,25,5,35,15017189,300025,Bug Tussel Wireless LLC,71,1,X,MI,882755d81dfffff
260539505002006,25,5,5,15017189,300025,Bug Tussel Wireless LLC,71,1,X,MI,882755d819fffff
260539505002007,25,5,3,15017189,300025,Bug Tussel Wireless LLC,71,1,X,MI,882755d81dfffff
260539505002008,25,5,8,15017189,300025,Bug Tussel Wireless LLC,71,1,X,MI,882755d81dfffff
260539505002009,25,5,1,15017189,300025,Bug Tussel Wireless LLC,71,1,X,MI,882755d81dfffff
260539505002010,25,5,12,15017189,300025,Bug Tussel Wireless LLC,71,1,X,MI,882755d81dfffff
260539505002011,25,5,8,15017189,300025,Bug Tussel Wireless LLC,71,1,X,MI,882755d81dfffff
260539505002012,25,5,5,15017189,300025,Bug Tussel Wireless LLC,71,1,X,MI,882755d81dfffff
260539505002013,25,5,11,15017189,300025,Bug Tussel Wireless LLC,71,1,X,MI,882755d81dfffff
260539505002014,25,5,13,15017189,300025,Bug Tussel Wireless LLC,71,1,X,MI,882755d81bfffff
260539505002016,25,5,2,15017189,300025,Bug Tussel Wireless LLC,71,1,X,MI,882755d81bfffff
260539505002017,25,5,4,15017189,300025,Bug Tussel Wireless LLC,71,1,X,MI,882755d81bfffff
260539505002018,25,5,14,15017189,300025,Bug Tussel Wireless LLC,71,1,X,MI,882755d81bfffff
260539505002019,25,5,9,15017189,300025,Bug Tussel Wireless LLC,71,1,X,MI,882755d811fffff
260539505002020,25,5,3,15017189,300025,Bug Tussel Wireless LLC,71,1,X,MI,882755d811fffff
260539505002021,25,5,4,15017189,300025,Bug Tussel Wireless LLC,71,1,X,MI,882755d811fffff
260539505002022,25,5,2,15017189,300025,Bug Tussel Wireless LLC,71,1,X,MI,882755d811fffff
260539505002023,25,5,10,15017189,300025,Bug Tussel Wireless LLC,71,1,X,MI,882755d811fffff
260539505002024,25,5,2,15017189,300025,Bug Tussel Wireless LLC,71,1,X,MI,882755d811fffff
260539505002025,25,5,7,15017189,300025,Bug Tussel Wireless LLC,71,1,X,MI,882755d817fffff
260539505002026,25,5,10,15017189,300025,Bug Tussel Wireless LLC,71,1,X,MI,882755d817fffff
260539505002027,25,5,22,15017189,300025,Bug Tussel Wireless LLC,71,1,X,MI,882755d817fffff
260539505002028,25,5,8,15017189,300025,Bug Tussel Wireless LLC,71,1,X,MI,882755d817fffff
260539505002029,25,5,5,15017189,300025,Bug Tussel Wireless LLC,71,1,X,MI,882755d817fffff
260539505002030,25,5,6,15017189,300025,Bug Tussel Wireless LLC,71,1,X,MI,882755d817fffff
260539505002031,25,5,9,15017189,300025,Bug Tussel Wireless LLC,71,1,X,MI,882755d817fffff
260539505002032,25,5,8,15017189,300025,Bug Tussel Wireless LLC,71,1,X,MI,882755d81bfffff
260539505002033,25,5,7,15017189,300025,Bug Tussel Wireless LLC,71,1,X,MI,882755d81bfffff
260539505002034,25,5,18,15017189,300025,Bug Tussel Wireless LLC,71,1,X,MI,882755d81bfffff
260539505002035,25,5,2,15017189,300025,Bug Tussel Wireless LLC,71,1,X,MI,882755d81bfffff
260539505003000,25,5,23,15017189,300025,Bug Tussel Wireless LLC,71,1,X,MI,882755d815fffff
260539505003001,25,5,8,15017189,300025,Bug Tussel Wireless LLC,71,1,X,MI,882755d815fffff
260539505003002,25,5,4,15017189,300025,Bug Tussel Wireless LLC,71,1,X,MI,882755d815fffff
260539505003004,25,5,28,15017189,300025,Bug Tussel Wireless LLC,71,1,X,MI,882755d815fffff
260539505003005,25,5,19,15017189,300025,Bug Tussel Wireless LLC,71,1,X,MI,882755d815fffff
260539505003006,25,5,10,15017189,300025,Bug Tussel Wireless LLC,71,1,X,MI,882755d815fffff
260539505003007,25,5,11,15017189,300025,Bug Tussel Wireless LLC,71,1,X,MI,882755d815fffff
260539505003008,25,5,17,15017189,300025,Bug Tussel Wireless LLC,71,1,X,MI,882755d815fffff
260539505003009,25,5,6,15017189,300025,Bug Tussel Wireless LLC,71,1,X,MI,882755d815fffff
260539505003010,25,5,15,15017189,300025,Bug Tussel Wireless LLC,71,1,X,MI,882755d815fffff
260539505003011,25,5,4,15017189,300025,Bug Tussel Wireless LLC,71,1,X,MI,882755d83bfffff
260539505003013,25,5,13,15017189,300025,Bug Tussel Wireless LLC,71,1,X,MI,882755d815fffff
260539505003014,25,5,6,15017189,300025,Bug Tussel Wireless LLC,71,1,X,MI,882755d815fffff
260539505003015,25,5,7,15017189,300025,Bug Tussel Wireless LLC,71,1,X,MI,882755d815fffff
260539505003016,25,5,8,15017189,300025,Bug Tussel Wireless LLC,71,1,X,MI,882755d83bfffff
260539505003017,25,5,5,15017189,300025,Bug Tussel Wireless LLC,71,1,X,MI,882755d815fffff
260539505003018,25,5,13,15017189,300025,Bug Tussel Wireless LLC,71,1,X,MI,882755d817fffff
260539505003019,25,5,5,15017189,300025,Bug Tussel Wireless LLC,71,1,X,MI,882755d817fffff
260539505003020,25,5,17,15017189,300025,Bug Tussel Wireless LLC,71,1,X,MI,882755d817fffff
260539505003021,25,5,7,15017189,300025,Bug Tussel Wireless LLC,71,1,X,MI,882755d83bfffff
260539505003022,25,5,2,15017189,300025,Bug Tussel Wireless LLC,71,1,X,MI,882755d83bfffff
260539505004000,25,5,6,15017189,300025,Bug Tussel Wireless LLC,71,1,X,MI,882755d813fffff
260539505004001,25,5,46,15017189,300025,Bug Tussel Wireless LLC,71,1,X,MI,882755d817fffff
260539505004003,25,5,26,15017189,300025,Bug Tussel Wireless LLC,71,1,X,MI,882755d817fffff
260539505004004,25,5,15,15017189,300025,Bug Tussel Wireless LLC,71,1,X,MI,882755d817fffff
260539505004005,25,5,5,15017189,300025,Bug Tussel Wireless LLC,71,1,X,MI,882755d8edfffff
260539505004006,25,5,9,15017189,300025,Bug Tussel Wireless LLC,71,1,X,MI,882755d817fffff
260539505004007,25,5,7,15017189,300025,Bug Tussel Wireless LLC,71,1,X,MI,882755d817fffff
260539505004008,25,5,14,15017189,300025,Bug Tussel Wireless LLC,71,1,X,MI,882755d83bfffff
260539505004009,25,5,12,15017189,300025,Bug Tussel Wireless LLC,71,1,X,MI,882755d83bfffff
260539505004010,25,5,5,15017189,300025,Bug Tussel Wireless LLC,71,1,X,MI,882755d83bfffff
260539505004011,25,5,11,15017189,300025,Bug Tussel Wireless LLC,71,1,X,MI,882755d83bfffff
260539505004012,25,5,11,15017189,300025,Bug Tussel Wireless LLC,71,1,X,MI,882755d83bfffff
260539505004013,25,5,8,15017189,300025,Bug Tussel Wireless LLC,71,1,X,MI,882755d839fffff
260539505004014,25,5,4,15017189,300025,Bug Tussel Wireless LLC,71,1,X,MI,882755d839fffff
260539505004016,25,5,13,15017189,300025,Bug Tussel Wireless LLC,71,1,X,MI,882755d83bfffff
260539505004017,25,5,9,15017189,300025,Bug Tussel Wireless LLC,71,1,X,MI,882755d83bfffff
260539505004018,25,5,9,15017189,300025,Bug Tussel Wireless LLC,71,1,X,MI,882755d83bfffff
260539505004019,25,5,21,15017189,300025,Bug Tussel Wireless LLC,71,1,X,MI,882755d83bfffff
260539505004020,25,5,15,15017189,300025,Bug Tussel Wireless LLC,71,1,X,MI,882755d83bfffff
260539505004021,25,5,9,15017189,300025,Bug Tussel Wireless LLC,71,1,X,MI,882755d83bfffff
260539505004022,25,5,11,15017189,300025,Bug Tussel Wireless LLC,71,1,X,MI,882755d83bfffff
260539505004023,25,5,6,15017189,300025,Bug Tussel Wireless LLC,71,1,X,MI,882755d83bfffff
260539505004024,25,5,5,15017189,300025,Bug Tussel Wireless LLC,71,1,X,MI,882755d83bfffff
260539505004025,25,5,21,15017189,300025,Bug Tussel Wireless LLC,71,1,X,MI,882755d83bfffff
260539505004026,25,5,37,15017189,300025,Bug Tussel Wireless LLC,71,1,X,MI,882755d83bfffff
260539505004027,25,5,13,15017189,300025,Bug Tussel Wireless LLC,71,1,X,MI,882755d83bfffff
260539505004028,25,5,9,15017189,300025,Bug Tussel Wireless LLC,71,1,X,MI,882755d83bfffff
260539505004029,25,5,7,15017189,300025,Bug Tussel Wireless LLC,71,1,X,MI,882755d83bfffff
260539505004030,25,5,16,15017189,300025,Bug Tussel Wireless LLC,71,1,X,MI,882755d83bfffff
260539505004031,25,5,9,15017189,300025,Bug Tussel Wireless LLC,71,1,X,MI,882755d83bfffff
260539505004032,25,5,8,15017189,300025,Bug Tussel Wireless LLC,71,1,X,MI,882755d83bfffff
260539506001000,25,5,14,15017189,300025,Bug Tussel Wireless LLC,71,1,X,MI,882755d80bfffff
260539506001001,25,5,8,15017189,300025,Bug Tussel Wireless LLC,71,1,X,MI,882755d80bfffff
260539506001002,25,5,11,15017189,300025,Bug Tussel Wireless LLC,71,1,X,MI,882755d80bfffff
260539506001003,25,5,5,15017189,300025,Bug Tussel Wireless LLC,71,1,X,MI,882755d80bfffff
260539506001004,25,5,6,15017189,300025,Bug Tussel Wireless LLC,71,1,X,MI,882755d80bfffff
260539506001005,25,5,6,15017189,300025,Bug Tussel Wireless LLC,71,1,X,MI,882755d801fffff
260539506001006,25,5,10,15017189,300025,Bug Tussel Wireless LLC,71,1,X,MI,882755d801fffff
260539506001007,25,5,8,15017189,300025,Bug Tussel Wireless LLC,71,1,X,MI,882755d803fffff
260539506001008,25,5,5,15017189,300025,Bug Tussel Wireless LLC,71,1,X,MI,882755d80bfffff
260539506001009,25,5,8,15017189,300025,Bug Tussel Wireless LLC,71,1,X,MI,882755d80bfffff
260539506001010,25,5,12,15017189,300025,Bug Tussel Wireless LLC,71,1,X,MI,882755d80bfffff
260539506001011,25,5,11,15017189,300025,Bug Tussel Wireless LLC,71,1,X,MI,882755d80bfffff
260539506001012,25,5,18,15017189,300025,Bug Tussel Wireless LLC,71,1,X,MI,882755d80bfffff
260539506001013,25,5,15,15017189,300025,Bug Tussel Wireless LLC,71,1,X,MI,882755d80bfffff
260539506001014,25,5,17,15017189,300025,Bug Tussel Wireless LLC,71,1,X,MI,882755d80bfffff
260539506001015,25,5,7,15017189,300025,Bug Tussel Wireless LLC,71,1,X,MI,882755d80bfffff
260539506001017,25,5,2,15017189,300025,Bug Tussel Wireless LLC,71,1,X,MI,882755d803fffff
260539506001018,25,5,9,15017189,300025,Bug Tussel Wireless LLC,71,1,X,MI,882755d803fffff
260539506001019,25,5,14,15017189,300025,Bug Tussel Wireless LLC,71,1,X,MI,882755d803fffff
260539506001020,25,5,10,15017189,300025,Bug Tussel Wireless LLC,71,1,X,MI,882755d803fffff
260539506001021,25,5,11,15017189,300025,Bug Tussel Wireless LLC,71,1,X,MI,882755d803fffff
260539506001022,25,5,6,15017189,300025,Bug Tussel Wireless LLC,71,1,X,MI,882755d803fffff
260539506001023,25,5,23,15017189,300025,Bug Tussel Wireless LLC,71,1,X,MI,882755d803fffff
260539506001024,25,5,28,15017189,300025,Bug Tussel Wireless LLC,71,1,X,MI,882755d803fffff
260539506001025,25,5,13,15017189,300025,Bug Tussel Wireless LLC,71,1,X,MI,882755d81dfffff
260539506001026,25,5,22,15017189,300025,Bug Tussel Wireless LLC,71,1,X,MI,882755d803fffff
260539506001027,25,5,24,15017189,300025,Bug Tussel Wireless LLC,71,1,X,MI,882755d803fffff
260539506001028,25,5,17,15017189,300025,Bug Tussel Wireless LLC,71,1,X,MI,882755d803fffff
260539506001029,25,5,4,15017189,300025,Bug Tussel Wireless LLC,71,1,X,MI,882755d803fffff
260539506001030,25,5,24,15017189,300025,Bug Tussel Wireless LLC,71,1,X,MI,882755d803fffff
260539506001031,25,5,22,15017189,300025,Bug Tussel Wireless LLC,71,1,X,MI,882755d803fffff
260539506001032,25,5,25,15017189,300025,Bug Tussel Wireless LLC,71,1,X,MI,882755d803fffff
260539506001033,25,5,15,15017189,300025,Bug Tussel Wireless LLC,71,1,X,MI,882755d803fffff
260539506001034,25,5,19,15017189,300025,Bug Tussel Wireless LLC,71,1,X,MI,882755d803fffff
260539506001035,25,5,24,15017189,300025,Bug Tussel Wireless LLC,71,1,X,MI,882755d803fffff
260539506001036,25,5,24,15017189,300025,Bug Tussel Wireless LLC,71,1,X,MI,882755d803fffff
260539506001037,25,5,28,15017189,300025,Bug Tussel Wireless LLC,71,1,X,MI,882755d803fffff
260539506002000,25,5,6,15017189,300025,Bug Tussel Wireless LLC,71,1,X,MI,882755d801fffff
260539506002001,25,5,14,15017189,300025,Bug Tussel Wireless LLC,71,1,X,MI,882755d801fffff
260539506002002,25,5,10,15017189,300025,Bug Tussel Wireless LLC,71,1,X,MI,882755d807fffff
260539506002003,25,5,4,15017189,300025,Bug Tussel Wireless LLC,71,1,X,MI,882755d805fffff
260539506002004,25,5,5,15017189,300025,Bug Tussel Wireless LLC,71,1,X,MI,882755d807fffff
260539506002005,25,5,12,15017189,300025,Bug Tussel Wireless LLC,71,1,X,MI,882755d807fffff
260539506002006,25,5,14,15017189,300025,Bug Tussel Wireless LLC,71,1,X,MI,882755d807fffff
260539506002007,25,5,8,15017189,300025,Bug Tussel Wireless LLC,71,1,X,MI,882755d807fffff
260539506002008,25,5,7,15017189,300025,Bug Tussel Wireless LLC,71,1,X,MI,882755d807fffff
260539506002009,25,5,30,15017189,300025,Bug Tussel Wireless LLC,71,1,X,MI,882755d839fffff
260539506002010,25,5,7,15017189,300025,Bug Tussel Wireless LLC,71,1,X,MI,882755d807fffff
260539506002011,25,5,2,15017189,300025,Bug Tussel Wireless LLC,71,1,X,MI,882755d807fffff
260539506002013,25,5,10,15017189,300025,Bug Tussel Wireless LLC,71,1,X,MI,882755d807fffff
260539506002014,25,5,12,15017189,300025,Bug Tussel Wireless LLC,71,1,X,MI,882755d801fffff
260539506002015,25,5,14,15017189,300025,Bug Tussel Wireless LLC,71,1,X,MI,882755d803fffff
260539506002016,25,5,9,15017189,300025,Bug Tussel Wireless LLC,71,1,X,MI,882755d803fffff
260539506002017,25,5,10,15017189,300025,Bug Tussel Wireless LLC,71,1,X,MI,882755d803fffff
260539506002018,25,5,3,15017189,300025,Bug Tussel Wireless LLC,71,1,X,MI,882755d807fffff
260539506002019,25,5,4,15017189,300025,Bug Tussel Wireless LLC,71,1,X,MI,882755d807fffff
260539506002020,25,5,22,15017189,300025,Bug Tussel Wireless LLC,71,1,X,MI,882755d807fffff
260539506002021,25,5,12,15017189,300025,Bug Tussel Wireless LLC,71,1,X,MI,882755d807fffff
260539506002022,25,5,12,15017189,300025,Bug Tussel Wireless LLC,71,1,X,MI,882755d807fffff
260539506002023,25,5,7,15017189,300025,Bug Tussel Wireless LLC,71,1,X,MI,882755d807fffff
260539506002024,25,5,17,15017189,300025,Bug Tussel Wireless LLC,71,1,X,MI,882755d803fffff
260539506002025,25,5,15,15017189,300025,Bug Tussel Wireless LLC,71,1,X,MI,882755d807fffff
260539506002026,25,5,8,15017189,300025,Bug Tussel Wireless LLC,71,1,X,MI,882755d807fffff
260539506002027,25,5,13,15017189,300025,Bug Tussel Wireless LLC,71,1,X,MI,882755d807fffff
260539506002028,25,5,7,15017189,300025,Bug Tussel Wireless LLC,71,1,X,MI,882755d807fffff
260539506002029,25,5,11,15017189,300025,Bug Tussel Wireless LLC,71,1,X,MI,882755d807fffff
260539506002030,25,5,20,15017189,300025,Bug Tussel Wireless LLC,71,1,X,MI,882755d807fffff
260539506002031,25,5,9,15017189,300025,Bug Tussel Wireless LLC,71,1,X,MI,882755d803fffff
260539506002032,25,5,14,15017189,300025,Bug Tussel Wireless LLC,71,1,X,MI,882755d807fffff
260539506002033,25,5,13,15017189,300025,Bug Tussel Wireless LLC,71,1,X,MI,882755d803fffff
260539506002034,25,5,25,15017189,300025,Bug Tussel Wireless LLC,71,1,X,MI,882755d803fffff
260539506002035,25,5,14,15017189,300025,Bug Tussel Wireless LLC,71,1,X,MI,882755d807fffff
260539506003000,25,5,10,15017189,300025,Bug Tussel Wireless LLC,71,1,X,MI,882755d803fffff
260539506003001,25,5,16,15017189,300025,Bug Tussel Wireless LLC,71,1,X,MI,882755d803fffff
260539506003002,25,5,7,15017189,300025,Bug Tussel Wireless LLC,71,1,X,MI,882755d803fffff
260539506003003,25,5,14,15017189,300025,Bug Tussel Wireless LLC,71,1,X,MI,882755d839fffff
260539506003004,25,5,1,15017189,300025,Bug Tussel Wireless LLC,71,1,X,MI,882755d807fffff
260539506003005,25,5,13,15017189,300025,Bug Tussel Wireless LLC,71,1,X,MI,882755d839fffff
260539506003006,25,5,22,15017189,300025,Bug Tussel Wireless LLC,71,1,X,MI,882755d839fffff
260539506003007,25,5,13,15017189,300025,Bug Tussel Wireless LLC,71,1,X,MI,882755d839fffff
260539506003008,25,5,10,15017189,300025,Bug Tussel Wireless LLC,71,1,X,MI,882755d803fffff
260539506003009,25,5,14,15017189,300025,Bug Tussel Wireless LLC,71,1,X,MI,882755d839fffff
260539506003010,25,5,16,15017189,300025,Bug Tussel Wireless LLC,71,1,X,MI,882755d839fffff
260539506003011,25,5,17,15017189,300025,Bug Tussel Wireless LLC,71,1,X,MI,882755d839fffff
260539506003012,25,5,10,15017189,300025,Bug Tussel Wireless LLC,71,1,X,MI,882755d839fffff
260539506003013,25,5,2,15017189,300025,Bug Tussel Wireless LLC,71,1,X,MI,882755d839fffff
260539506003014,25,5,10,15017189,300025,Bug Tussel Wireless LLC,71,1,X,MI,882755d839fffff
260539506003015,25,5,35,15017189,300025,Bug Tussel Wireless LLC,71,1,X,MI,882755d839fffff
260539506003016,25,5,11,15017189,300025,Bug Tussel Wireless LLC,71,1,X,MI,882755d839fffff
260539506003017,25,5,11,15017189,300025,Bug Tussel Wireless LLC,71,1,X,MI,882755d839fffff
260539506003018,25,5,25,15017189,300025,Bug Tussel Wireless LLC,71,1,X,MI,882755d839fffff
260539506003019,25,5,5,15017189,300025,Bug Tussel Wireless LLC,71,1,X,MI,882755d839fffff
260539506003020,25,5,21,15017189,300025,Bug Tussel Wireless LLC,71,1,X,MI,882755d839fffff
260539506003021,25,5,3,15017189,300025,Bug Tussel Wireless LLC,71,1,X,MI,882755d839fffff
260539506003022,25,5,22,15017189,300025,Bug Tussel Wireless LLC,71,1,X,MI,882755d839fffff
260539506003023,25,5,14,15017189,300025,Bug Tussel Wireless LLC,71,1,X,MI,882755d839fffff
260539506003024,25,5,11,15017189,300025,Bug Tussel Wireless LLC,71,1,X,MI,882755d839fffff
260539506003025,25,5,7,15017189,300025,Bug Tussel Wireless LLC,71,1,X,MI,882755d839fffff
260539506003026,25,5,11,15017189,300025,Bug Tussel Wireless LLC,71,1,X,MI,882755d839fffff
260539506003027,25,5,4,15017189,300025,Bug Tussel Wireless LLC,71,1,X,MI,882755d839fffff
260539506003028,25,5,7,15017189,300025,Bug Tussel Wireless LLC,71,1,X,MI,882755d839fffff
260539506004000,25,5,34,15017189,300025,Bug Tussel Wireless LLC,71,1,X,MI,882755d815fffff
260539506004001,25,5,6,15017189,300025,Bug Tussel Wireless LLC,71,1,X,MI,882755d803fffff
260539506004002,25,5,38,15017189,300025,Bug Tussel Wireless LLC,71,1,X,MI,882755d803fffff
260539506004003,25,5,8,15017189,300025,Bug Tussel Wireless LLC,71,1,X,MI,882755d815fffff
260539506004004,25,5,15,15017189,300025,Bug Tussel Wireless LLC,71,1,X,MI,882755d815fffff
260539506004005,25,5,3,15017189,300025,Bug Tussel Wireless LLC,71,1,X,MI,882755d815fffff
260539506004006,25,5,7,15017189,300025,Bug Tussel Wireless LLC,71,1,X,MI,882755d815fffff
260539506004007,25,5,15,15017189,300025,Bug Tussel Wireless LLC,71,1,X,MI,882755d839fffff
260539506004008,25,5,15,15017189,300025,Bug Tussel Wireless LLC,71,1,X,MI,882755d839fffff
260539506004009,25,5,5,15017189,300025,Bug Tussel Wireless LLC,71,1,X,MI,882755d815fffff
260539506004010,25,5,2,15017189,300025,Bug Tussel Wireless LLC,71,1,X,MI,882755d815fffff
260539506004011,25,5,21,15017189,300025,Bug Tussel Wireless LLC,71,1,X,MI,882755d815fffff
260539506004012,25,5,16,15017189,300025,Bug Tussel Wireless LLC,71,1,X,MI,882755d815fffff
260539506004013,25,5,18,15017189,300025,Bug Tussel Wireless LLC,71,1,X,MI,882755d81dfffff
260539506004014,25,5,21,15017189,300025,Bug Tussel Wireless LLC,71,1,X,MI,882755d81dfffff
260539506004015,25,5,28,15017189,300025,Bug Tussel Wireless LLC,71,1,X,MI,882755d815fffff
260539506004016,25,5,36,15017189,300025,Bug Tussel Wireless LLC,71,1,X,MI,882755d815fffff
260539507001014,25,5,1,15017189,300025,Bug Tussel Wireless LLC,71,1,X,MI,882754aed5fffff
260539507001020,25,5,7,15017189,300025,Bug Tussel Wireless LLC,71,1,X,MI,882754ac15fffff
260539507001022,25,5,1,15017189,300025,Bug Tussel Wireless LLC,71,1,X,MI,882754adc9fffff
260539507001098,25,5,2,15017189,300025,Bug Tussel Wireless LLC,71,1,X,MI,882754a43bfffff
260539507001101,25,5,1,15017189,300025,Bug Tussel Wireless LLC,71,1,X,MI,882754a5c3fffff
260539507001103,25,5,1,15017189,300025,Bug Tussel Wireless LLC,71,1,X,MI,882755da69fffff
260539507001110,25,5,2,15017189,300025,Bug Tussel Wireless LLC,71,1,X,MI,882754ae83fffff
260539507001120,25,5,2,15017189,300025,Bug Tussel Wireless LLC,71,1,X,MI,882755da53fffff
260539507001121,25,5,9,15017189,300025,Bug Tussel Wireless LLC,71,1,X,MI,882755da55fffff
260539507001122,25,5,10,15017189,300025,Bug Tussel Wireless LLC,71,1,X,MI,882755da01fffff
260539507001124,25,5,6,15017189,300025,Bug Tussel Wireless LLC,71,1,X,MI,882755da2dfffff
260539507001126,25,5,2,15017189,300025,Bug Tussel Wireless LLC,71,1,X,MI,882755db59fffff
260539507001127,25,5,2,15017189,300025,Bug Tussel Wireless LLC,71,1,X,MI,882755db5bfffff
260539507001133,25,5,1,15017189,300025,Bug Tussel Wireless LLC,71,1,X,MI,882754ac25fffff
260539507002003,25,5,22,15017189,300025,Bug Tussel Wireless LLC,71,1,X,MI,882755db0bfffff
260539507002004,25,5,3,15017189,300025,Bug Tussel Wireless LLC,71,1,X,MI,882755db5dfffff
260539507002005,25,5,12,15017189,300025,Bug Tussel Wireless LLC,71,1,X,MI,882755db57fffff
260539507002006,25,5,6,15017189,300025,Bug Tussel Wireless LLC,71,1,X,MI,882754acddfffff
260539507002007,25,5,2,15017189,300025,Bug Tussel Wireless LLC,71,1,X,MI,882754acd7fffff
260539507002008,25,5,4,15017189,300025,Bug Tussel Wireless LLC,71,1,X,MI,882755db01fffff
260539507002009,25,5,1,15017189,300025,Bug Tussel Wireless LLC,71,1,X,MI,882755db1dfffff
260539507002010,25,5,2,15017189,300025,Bug Tussel Wireless LLC,71,1,X,MI,882755db1dfffff
260539507002011,25,5,2,15017189,300025,Bug Tussel Wireless LLC,71,1,X,MI,882755db53fffff
260539507002012,25,5,2,15017189,300025,Bug Tussel Wireless LLC,71,1,X,MI,882755db51fffff
260539507002013,25,5,3,15017189,300025,Bug Tussel Wireless LLC,71,1,X,MI,882755db19fffff
260539507002014,25,5,10,15017189,300025,Bug Tussel Wireless LLC,71,1,X,MI,882755db15fffff
260539507002015,25,5,4,15017189,300025,Bug Tussel Wireless LLC,71,1,X,MI,882755db39fffff
260539507002017,25,5,1,15017189,300025,Bug Tussel Wireless LLC,71,1,X,MI,882755db3bfffff
260539507002018,25,5,6,15017189,300025,Bug Tussel Wireless LLC,71,1,X,MI,882755db15fffff
260539507002019,25,5,2,15017189,300025,Bug Tussel Wireless LLC,71,1,X,MI,882755db15fffff
260539507002020,25,5,3,15017189,300025,Bug Tussel Wireless LLC,71,1,X,MI,882755db11fffff
260539507002021,25,5,5,15017189,300025,Bug Tussel Wireless LLC,71,1,X,MI,882755db1bfffff
260539507002022,25,5,11,15017189,300025,Bug Tussel Wireless LLC,71,1,X,MI,882755db13fffff
260539507002023,25,5,14,15017189,300025,Bug Tussel Wireless LLC,71,1,X,MI,882755db3bfffff
260539507002024,25,5,10,15017189,300025,Bug Tussel Wireless LLC,71,1,X,MI,882755d861fffff
260539507002025,25,5,8,15017189,300025,Bug Tussel Wireless LLC,71,1,X,MI,882755d863fffff
260539507002026,25,5,11,15017189,300025,Bug Tussel Wireless LLC,71,1,X,MI,882755d80dfffff
260539507002028,25,5,11,15017189,300025,Bug Tussel Wireless LLC,71,1,X,MI,882755d82bfffff
260539507002029,25,5,24,15017189,300025,Bug Tussel Wireless LLC,71,1,X,MI,882755d847fffff
260539507002031,25,5,20,15017189,300025,Bug Tussel Wireless LLC,71,1,X,MI,882755d843fffff
260539507002033,25,5,6,15017189,300025,Bug Tussel Wireless LLC,71,1,X,MI,882755d855fffff
260539507002034,25,5,9,15017189,300025,Bug Tussel Wireless LLC,71,1,X,MI,882755d80bfffff
260539507002035,25,5,21,15017189,300025,Bug Tussel Wireless LLC,71,1,X,MI,882755d80bfffff
260539507002036,25,5,8,15017189,300025,Bug Tussel Wireless LLC,71,1,X,MI,882755d801fffff
260539507002037,25,5,14,15017189,300025,Bug Tussel Wireless LLC,71,1,X,MI,882755d801fffff
260539507002038,25,5,13,15017189,300025,Bug Tussel Wireless LLC,71,1,X,MI,882755d80bfffff
260539507002039,25,5,23,15017189,300025,Bug Tussel Wireless LLC,71,1,X,MI,882755d80bfffff
260539507002040,25,5,15,15017189,300025,Bug Tussel Wireless LLC,71,1,X,MI,882755d80dfffff
260539507003000,25,5,7,15017189,300025,Bug Tussel Wireless LLC,71,1,X,MI,882755da0bfffff
260539507003004,25,5,8,15017189,300025,Bug Tussel Wireless LLC,71,1,X,MI,882755da01fffff
260539507003005,25,5,20,15017189,300025,Bug Tussel Wireless LLC,71,1,X,MI,882755da05fffff
260539507003006,25,5,9,15017189,300025,Bug Tussel Wireless LLC,71,1,X,MI,882755da2dfffff
260539507003007,25,5,1,15017189,300025,Bug Tussel Wireless LLC,71,1,X,MI,882755db53fffff
260539507003008,25,5,2,15017189,300025,Bug Tussel Wireless LLC,71,1,X,MI,882755da25fffff
260539507003009,25,5,5,15017189,300025,Bug Tussel Wireless LLC,71,1,X,MI,882755da25fffff
260539507003010,25,5,6,15017189,300025,Bug Tussel Wireless LLC,71,1,X,MI,882755da27fffff
260539507003011,25,5,3,15017189,300025,Bug Tussel Wireless LLC,71,1,X,MI,882755da27fffff
260539507003012,25,5,9,15017189,300025,Bug Tussel Wireless LLC,71,1,X,MI,882755da27fffff
260539507003014,25,5,34,15017189,300025,Bug Tussel Wireless LLC,71,1,X,MI,882755da35fffff
260539507003018,25,5,16,15017189,300025,Bug Tussel Wireless LLC,71,1,X,MI,882755dae1fffff
260539507003022,25,5,5,15017189,300025,Bug Tussel Wireless LLC,71,1,X,MI,882755d847fffff
260539507003023,25,5,20,15017189,300025,Bug Tussel Wireless LLC,71,1,X,MI,882755d843fffff
260539507003024,25,5,32,15017189,300025,Bug Tussel Wireless LLC,71,1,X,MI,882755da35fffff
260539507003026,25,5,1,15017189,300025,Bug Tussel Wireless LLC,71,1,X,MI,882755dae1fffff
260539507003027,25,5,4,15017189,300025,Bug Tussel Wireless LLC,71,1,X,MI,882755dae5fffff
260539507003028,25,5,6,15017189,300025,Bug Tussel Wireless LLC,71,1,X,MI,882755dae5fffff
260539507003031,25,5,7,15017189,300025,Bug Tussel Wireless LLC,71,1,X,MI,882755d85bfffff
260539507003032,25,5,85,15017189,300025,Bug Tussel Wireless LLC,71,1,X,MI,882755d857fffff
260539507003033,25,5,12,15017189,300025,Bug Tussel Wireless LLC,71,1,X,MI,882755d80bfffff
260539507003034,25,5,3,15017189,300025,Bug Tussel Wireless LLC,71,1,X,MI,882755d857fffff
260539507003035,25,5,1,15017189,300025,Bug Tussel Wireless LLC,71,1,X,MI,882755d851fffff
260539507003036,25,5,11,15017189,300025,Bug Tussel Wireless LLC,71,1,X,MI,882755d857fffff
260539507003037,25,5,2,15017189,300025,Bug Tussel Wireless LLC,71,1,X,MI,882755d853fffff
260539507003040,25,5,1,15017189,300025,Bug Tussel Wireless LLC,71,1,X,MI,882755daadfffff
260539507003041,25,5,18,15017189,300025,Bug Tussel Wireless LLC,71,1,X,MI,882755d857fffff
260539507003042,25,5,8,15017189,300025,Bug Tussel Wireless LLC,71,1,X,MI,882755d857fffff
260539508003042,25,5,3,15017189,300025,Bug Tussel Wireless LLC,71,1,X,MI,882755d181fffff
260539508003047,25,5,2,15017189,300025,Bug Tussel Wireless LLC,71,1,X,MI,882755d181fffff
260539508003051,25,5,2,15017189,300025,Bug Tussel Wireless LLC,71,1,X,MI,882755c1cbfffff
260539508003054,25,5,1,15017189,300025,Bug Tussel Wireless LLC,71,1,X,MI,882755c339fffff
260539508003056,25,5,1,15017189,300025,Bug Tussel Wireless LLC,71,1,X,MI,882755c32bfffff
260539508003060,25,5,1,15017189,300025,Bug Tussel Wireless LLC,71,1,X,MI,882755da91fffff
260539508003062,25,5,1,15017189,300025,Bug Tussel Wireless LLC,71,1,X,MI,882755c34dfffff
260539508003063,25,5,1,15017189,300025,Bug Tussel Wireless LLC,71,1,X,MI,882755d8d1fffff
260539508003064,25,5,3,15017189,300025,Bug Tussel Wireless LLC,71,1,X,MI,882755d8cbfffff
260539508003069,25,5,1,15017189,300025,Bug Tussel Wireless LLC,71,1,X,MI,882755c307fffff
260539508003072,25,5,2,15017189,300025,Bug Tussel Wireless LLC,71,1,X,MI,882755d8c3fffff
260539508003073,25,5,2,15017189,300025,Bug Tussel Wireless LLC,71,1,X,MI,882755d8c7fffff
260539508003080,25,5,8,15017189,300025,Bug Tussel Wireless LLC,71,1,X,MI,882755d8b1fffff
260539508003081,25,5,1,15017189,300025,Bug Tussel Wireless LLC,71,1,X,MI,882755d889fffff
260539508003086,25,5,1,15017189,300025,Bug Tussel Wireless LLC,71,1,X,MI,882755d8b9fffff
260539508003087,25,5,4,15017189,300025,Bug Tussel Wireless LLC,71,1,X,MI,882755d8bbfffff
260539508003088,25,5,13,15017189,300025,Bug Tussel Wireless LLC,71,1,X,MI,882755d891fffff
260539508003089,25,5,2,15017189,300025,Bug Tussel Wireless LLC,71,1,X,MI,882755c16dfffff
260539508003090,25,5,1,15017189,300025,Bug Tussel Wireless LLC,71,1,X,MI,882755c1e9fffff
260539508003091,25,5,19,15017189,300025,Bug Tussel Wireless LLC,71,1,X,MI,882755c16dfffff
260539508003092,25,5,5,15017189,300025,Bug Tussel Wireless LLC,71,1,X,MI,882755c16dfffff
260539508003093,25,5,2,15017189,300025,Bug Tussel Wireless LLC,71,1,X,MI,882755d8b3fffff
260539508003094,25,5,1,15017189,300025,Bug Tussel Wireless LLC,71,1,X,MI,882755c0d3fffff
260539508003097,25,5,1,15017189,300025,Bug Tussel Wireless LLC,71,1,X,MI,882755c139fffff
260539508003098,25,5,1,15017189,300025,Bug Tussel Wireless LLC,71,1,X,MI,882755c115fffff
260610001001005,10,1,20,15017189,300025,Bug Tussel Wireless LLC,71,1,X,MI,8827714ca9fffff
260610001001008,10,1,44,15017189,300025,Bug Tussel Wireless LLC,71,1,X,MI,882773b413fffff
260610001001009,10,1,2,15017189,300025,Bug Tussel Wireless LLC,71,1,X,MI,882773b6abfffff
260610001001010,10,1,23,15017189,300025,Bug Tussel Wireless LLC,71,1,X,MI,882773b48dfffff
260610001001012,10,1,31,15017189,300025,Bug Tussel Wireless LLC,71,1,X,MI,882773b461fffff
260610001001013,10,1,4,15017189,300025,Bug Tussel Wireless LLC,71,1,X,MI,882773b719fffff
260610001001014,10,1,90,15017189,300025,Bug Tussel Wireless LLC,71,1,X,MI,882773b663fffff
260610001001016,10,1,15,15017189,300025,Bug Tussel Wireless LLC,71,1,X,MI,882773b711fffff
260610001001022,10,1,28,15017189,300025,Bug Tussel Wireless LLC,71,1,X,MI,8827714c41fffff
260610001001025,10,1,12,15017189,300025,Bug Tussel Wireless LLC,71,1,X,MI,8827714c49fffff
260610001001026,10,1,9,15017189,300025,Bug Tussel Wireless LLC,71,1,X,MI,8827714e39fffff
260610001001027,10,1,1,15017189,300025,Bug Tussel Wireless LLC,71,1,X,MI,8827714e33fffff
260610001001036,10,1,4,15017189,300025,Bug Tussel Wireless LLC,71,1,X,MI,8827714c5bfffff
260610001001037,10,1,11,15017189,300025,Bug Tussel Wireless LLC,71,1,X,MI,8827714c19fffff
260610001001038,10,1,20,15017189,300025,Bug Tussel Wireless LLC,71,1,X,MI,8827714c03fffff
260610001001039,10,1,18,15017189,300025,Bug Tussel Wireless LLC,71,1,X,MI,8827714c07fffff
260610001001040,10,1,3,15017189,300025,Bug Tussel Wireless LLC,71,1,X,MI,8827714c0dfffff
260610001001041,10,1,20,15017189,300025,Bug Tussel Wireless LLC,71,1,X,MI,8827714c3dfffff
260610001001042,10,1,19,15017189,300025,Bug Tussel Wireless LLC,71,1,X,MI,8827714c19fffff
260610001001043,10,1,1,15017189,300025,Bug Tussel Wireless LLC,71,1,X,MI,8827714c07fffff
260610001001052,10,1,8,15017189,300025,Bug Tussel Wireless LLC,71,1,X,MI,8827714dd9fffff
260610001001054,10,1,27,15017189,300025,Bug Tussel Wireless LLC,71,1,X,MI,8827714eb5fffff
260610001001057,10,1,4,15017189,300025,Bug Tussel Wireless LLC,71,1,X,MI,8827714ce7fffff
260610001001060,10,1,14,15017189,300025,Bug Tussel Wireless LLC,71,1,X,MI,882773b645fffff
260610001001064,10,1,87,15017189,300025,Bug Tussel Wireless LLC,71,1,X,MI,882773b461fffff
260610001001065,10,1,11,15017189,300025,Bug Tussel Wireless LLC,71,1,X,MI,882773b411fffff
260610001001066,10,1,3,15017189,300025,Bug Tussel Wireless LLC,71,1,X,MI,882773b61bfffff
260610001001067,10,1,8,15017189,300025,Bug Tussel Wireless LLC,71,1,X,MI,8827714ce5fffff
260610001002003,10,1,2,15017189,300025,Bug Tussel Wireless LLC,71,1,X,MI,8827714a97fffff
260610001002006,10,1,1,15017189,300025,Bug Tussel Wireless LLC,71,1,X,MI,8827714f69fffff
260610001002007,10,1,5,15017189,300025,Bug Tussel Wireless LLC,71,1,X,MI,8827714a97fffff
260610001002008,10,1,2,15017189,300025,Bug Tussel Wireless LLC,71,1,X,MI,8827714f69fffff
260610001002013,10,1,1,15017189,300025,Bug Tussel Wireless LLC,71,1,X,MI,88277148ddfffff
260610001002025,10,1,4,15017189,300025,Bug Tussel Wireless LLC,71,1,X,MI,8827714ab7fffff
260610001002035,10,1,3,15017189,300025,Bug Tussel Wireless LLC,71,1,X,MI,8827714f69fffff
260610001002036,10,1,6,15017189,300025,Bug Tussel Wireless LLC,71,1,X,MI,8827714f69fffff
260610001002037,10,1,12,15017189,300025,Bug Tussel Wireless LLC,71,1,X,MI,8827714f69fffff
260610001002038,10,1,6,15017189,300025,Bug Tussel Wireless LLC,71,1,X,MI,8827714f69fffff
260610001002039,10,1,3,15017189,300025,Bug Tussel Wireless LLC,71,1,X,MI,8827714a97fffff
260610001002040,10,1,3,15017189,300025,Bug Tussel Wireless LLC,71,1,X,MI,8827714a97fffff
260610001002041,10,1,2,15017189,300025,Bug Tussel Wireless LLC,71,1,X,MI,8827714a97fffff
260610001002043,10,1,7,15017189,300025,Bug Tussel Wireless LLC,71,1,X,MI,8827714f69fffff
260610001002044,10,1,2,15017189,300025,Bug Tussel Wireless LLC,71,1,X,MI,8827714f69fffff
260610001002045,10,1,1,15017189,300025,Bug Tussel Wireless LLC,71,1,X,MI,8827714f69fffff
260610001002051,10,1,5,15017189,300025,Bug Tussel Wireless LLC,71,1,X,MI,882773b241fffff
260610001002072,10,1,1,15017189,300025,Bug Tussel Wireless LLC,71,1,X,MI,882773b241fffff
260610001002073,10,1,1,15017189,300025,Bug Tussel Wireless LLC,71,1,X,MI,882773b243fffff
260610001002074,10,1,1,15017189,300025,Bug Tussel Wireless LLC,71,1,X,MI,882773b24bfffff
260610001002080,10,1,1,15017189,300025,Bug Tussel Wireless LLC,71,1,X,MI,882773b207fffff
260610001002082,10,1,7,15017189,300025,Bug Tussel Wireless LLC,71,1,X,MI,882773b203fffff
260610001002083,10,1,3,15017189,300025,Bug Tussel Wireless LLC,71,1,X,MI,882773b255fffff
260610001002084,10,1,2,15017189,300025,Bug Tussel Wireless LLC,71,1,X,MI,882773b25dfffff
260610001002085,10,1,4,15017189,300025,Bug Tussel Wireless LLC,71,1,X,MI,882773b251fffff
260610001002086,10,1,3,15017189,300025,Bug Tussel Wireless LLC,71,1,X,MI,882773b253fffff
260610001002087,10,1,1,15017189,300025,Bug Tussel Wireless LLC,71,1,X,MI,882773b219fffff
260610001002088,10,1,17,15017189,300025,Bug Tussel Wireless LLC,71,1,X,MI,882773b21bfffff
260610001002089,10,1,12,15017189,300025,Bug Tussel Wireless LLC,71,1,X,MI,882773b21dfffff
260610001002090,10,1,4,15017189,300025,Bug Tussel Wireless LLC,71,1,X,MI,88277148b1fffff
260610001003025,10,1,2,15017189,300025,Bug Tussel Wireless LLC,71,1,X,MI,8827714193fffff
260610001003030,10,1,9,15017189,300025,Bug Tussel Wireless LLC,71,1,X,MI,8827714e27fffff
260610001003045,10,1,1,15017189,300025,Bug Tussel Wireless LLC,71,1,X,MI,8827714f39fffff
260610002001007,10,1,1,15017189,300025,Bug Tussel Wireless LLC,71,1,X,MI,8827714f0dfffff
260610002001012,10,1,18,15017189,300025,Bug Tussel Wireless LLC,71,1,X,MI,8827714f05fffff
260610002001013,10,1,11,15017189,300025,Bug Tussel Wireless LLC,71,1,X,MI,8827714f05fffff
260610002001014,10,1,13,15017189,300025,Bug Tussel Wireless LLC,71,1,X,MI,8827714f05fffff
260610002001015,10,1,12,15017189,300025,Bug Tussel Wireless LLC,71,1,X,MI,8827714f07fffff
260610002001016,10,1,11,15017189,300025,Bug Tussel Wireless LLC,71,1,X,MI,8827714f05fffff
260610002001017,10,1,9,15017189,300025,Bug Tussel Wireless LLC,71,1,X,MI,8827714f05fffff
260610002001018,10,1,16,15017189,300025,Bug Tussel Wireless LLC,71,1,X,MI,8827714f05fffff
260610002001019,10,1,16,15017189,300025,Bug Tussel Wireless LLC,71,1,X,MI,8827714f05fffff
260610002001020,10,1,15,15017189,300025,Bug Tussel Wireless LLC,71,1,X,MI,8827714f05fffff
260610002001021,10,1,17,15017189,300025,Bug Tussel Wireless LLC,71,1,X,MI,8827714f05fffff
260610002001022,10,1,15,15017189,300025,Bug Tussel Wireless LLC,71,1,X,MI,8827714f05fffff
260610002001023,10,1,4,15017189,300025,Bug Tussel Wireless LLC,71,1,X,MI,8827714f2bfffff
260610002001024,10,1,13,15017189,300025,Bug Tussel Wireless LLC,71,1,X,MI,8827714f2bfffff
260610002001025,10,1,1,15017189,300025,Bug Tussel Wireless LLC,71,1,X,MI,8827714f05fffff
260610002001026,10,1,1,15017189,300025,Bug Tussel Wireless LLC,71,1,X,MI,8827714f0bfffff
260610002001031,10,1,4,15017189,300025,Bug Tussel Wireless LLC,71,1,X,MI,8827714f07fffff
260610002001032,10,1,14,15017189,300025,Bug Tussel Wireless LLC,71,1,X,MI,8827714f07fffff
260610002001033,10,1,2,15017189,300025,Bug Tussel Wireless LLC,71,1,X,MI,8827714f39fffff
260610002001035,10,1,1,15017189,300025,Bug Tussel Wireless LLC,71,1,X,MI,8827714f07fffff
260610002001036,10,1,6,15017189,300025,Bug Tussel Wireless LLC,71,1,X,MI,8827714f07fffff
260610002001037,10,1,10,15017189,300025,Bug Tussel Wireless LLC,71,1,X,MI,8827714f07fffff
260610002001038,10,1,10,15017189,300025,Bug Tussel Wireless LLC,71,1,X,MI,8827714f07fffff
260610002002011,10,1,7,15017189,300025,Bug Tussel Wireless LLC,71,1,X,MI,8827714f09fffff
260610002002022,10,1,13,15017189,300025,Bug Tussel Wireless LLC,71,1,X,MI,8827714f63fffff
260610002002023,10,1,31,15017189,300025,Bug Tussel Wireless LLC,71,1,X,MI,8827714f63fffff
260610002002030,10,1,7,15017189,300025,Bug Tussel Wireless LLC,71,1,X,MI,8827714f63fffff
260610002002031,10,1,9,15017189,300025,Bug Tussel Wireless LLC,71,1,X,MI,8827714f63fffff
260610002002032,10,1,25,15017189,300025,Bug Tussel Wireless LLC,71,1,X,MI,8827714f29fffff
260610002002033,10,1,25,15017189,300025,Bug Tussel Wireless LLC,71,1,X,MI,8827714f29fffff
260610002002034,10,1,20,15017189,300025,Bug Tussel Wireless LLC,71,1,X,MI,8827714f63fffff
260610002002035,10,1,32,15017189,300025,Bug Tussel Wireless LLC,71,1,X,MI,8827714f29fffff
260610002002036,10,1,22,15017189,300025,Bug Tussel Wireless LLC,71,1,X,MI,8827714f29fffff
260610002002037,10,1,24,15017189,300025,Bug Tussel Wireless LLC,71,1,X,MI,8827714f29fffff
260610002003003,10,1,8,15017189,300025,Bug Tussel Wireless LLC,71,1,X,MI,8827714f05fffff
260610002003005,10,1,12,15017189,300025,Bug Tussel Wireless LLC,71,1,X,MI,8827714f05fffff
260610002003006,10,1,17,15017189,300025,Bug Tussel Wireless LLC,71,1,X,MI,8827714f05fffff
260610002003007,10,1,19,15017189,300025,Bug Tussel Wireless LLC,71,1,X,MI,8827714f05fffff
260610002003008,10,1,15,15017189,300025,Bug Tussel Wireless LLC,71,1,X,MI,8827714f05fffff
260610002003009,10,1,16,15017189,300025,Bug Tussel Wireless LLC,71,1,X,MI,8827714f05fffff
260610002003010,10,1,22,15017189,300025,Bug Tussel Wireless LLC,71,1,X,MI,8827714f05fffff
260610002003011,10,1,20,15017189,300025,Bug Tussel Wireless LLC,71,1,X,MI,8827714f05fffff
260610002003012,10,1,18,15017189,300025,Bug Tussel Wireless LLC,71,1,X,MI,8827714f05fffff
260610002003013,10,1,3,15017189,300025,Bug Tussel Wireless LLC,71,1,X,MI,8827714f05fffff
260610002003014,10,1,4,15017189,300025,Bug Tussel Wireless LLC,71,1,X,MI,8827714f05fffff
260610002003015,10,1,9,15017189,300025,Bug Tussel Wireless LLC,71,1,X,MI,8827714f05fffff
260610002003016,10,1,10,15017189,300025,Bug Tussel Wireless LLC,71,1,X,MI,8827714f05fffff
260610002003017,10,1,11,15017189,300025,Bug Tussel Wireless LLC,71,1,X,MI,8827714f05fffff
260610002003018,10,1,18,15017189,300025,Bug Tussel Wireless LLC,71,1,X,MI,8827714f05fffff
260610002003019,10,1,15,15017189,300025,Bug Tussel Wireless LLC,71,1,X,MI,8827714f05fffff
260610002004000,10,1,20,15017189,300025,Bug Tussel Wireless LLC,71,1,X,MI,8827714f05fffff
260610002004001,10,1,15,15017189,300025,Bug Tussel Wireless LLC,71,1,X,MI,8827714f29fffff
260610002004002,10,1,9,15017189,300025,Bug Tussel Wireless LLC,71,1,X,MI,8827714f05fffff
260610002004003,10,1,16,15017189,300025,Bug Tussel Wireless LLC,71,1,X,MI,8827714f05fffff
260610002004004,10,1,19,15017189,300025,Bug Tussel Wireless LLC,71,1,X,MI,8827714f05fffff
260610002004005,10,1,26,15017189,300025,Bug Tussel Wireless LLC,71,1,X,MI,8827714f2bfffff
260610002004006,10,1,19,15017189,300025,Bug Tussel Wireless LLC,71,1,X,MI,8827714f05fffff
260610002004007,10,1,15,15017189,300025,Bug Tussel Wireless LLC,71,1,X,MI,8827714f05fffff
260610002004008,10,1,21,15017189,300025,Bug Tussel Wireless LLC,71,1,X,MI,8827714f05fffff
260610002004009,10,1,15,15017189,300025,Bug Tussel Wireless LLC,71,1,X,MI,8827714f2bfffff
260610002004010,10,1,23,15017189,300025,Bug Tussel Wireless LLC,71,1,X,MI,8827714f2bfffff
260610002004011,10,1,24,15017189,300025,Bug Tussel Wireless LLC,71,1,X,MI,8827714f2bfffff
260610002004012,10,1,17,15017189,300025,Bug Tussel Wireless LLC,71,1,X,MI,8827714f2bfffff
260610002004013,10,1,7,15017189,300025,Bug Tussel Wireless LLC,71,1,X,MI,8827714f29fffff
260610002004014,10,1,18,15017189,300025,Bug Tussel Wireless LLC,71,1,X,MI,8827714f2bfffff
260610002004015,10,1,27,15017189,300025,Bug Tussel Wireless LLC,71,1,X,MI,8827714f2bfffff
260610002004016,10,1,27,15017189,300025,Bug Tussel Wireless LLC,71,1,X,MI,8827714f2bfffff
260610002004017,10,1,9,15017189,300025,Bug Tussel Wireless LLC,71,1,X,MI,8827714f2bfffff
260610003001006,10,1,3,15017189,300025,Bug Tussel Wireless LLC,71,1,X,MI,8827714f65fffff
260610003001007,10,1,18,15017189,300025,Bug Tussel Wireless LLC,71,1,X,MI,88277148b9fffff
260610003001008,10,1,2,15017189,300025,Bug Tussel Wireless LLC,71,1,X,MI,88277148dbfffff
260610003001010,10,1,4,15017189,300025,Bug Tussel Wireless LLC,71,1,X,MI,88277148dbfffff
260610003001011,10,1,1,15017189,300025,Bug Tussel Wireless LLC,71,1,X,MI,88277148d9fffff
260610003001014,10,1,4,15017189,300025,Bug Tussel Wireless LLC,71,1,X,MI,88277148dbfffff
260610003001015,10,1,2,15017189,300025,Bug Tussel Wireless LLC,71,1,X,MI,88277148dbfffff
260610003001016,10,1,1,15017189,300025,Bug Tussel Wireless LLC,71,1,X,MI,88277148d9fffff
260610003001018,10,1,3,15017189,300025,Bug Tussel Wireless LLC,71,1,X,MI,88277148dbfffff
260610003001019,10,1,2,15017189,300025,Bug Tussel Wireless LLC,71,1,X,MI,88277148d9fffff
260610003001021,10,1,7,15017189,300025,Bug Tussel Wireless LLC,71,1,X,MI,88277148dbfffff
260610003001022,10,1,4,15017189,300025,Bug Tussel Wireless LLC,71,1,X,MI,88277148dbfffff
260610003001024,10,1,2,15017189,300025,Bug Tussel Wireless LLC,71,1,X,MI,88277148dbfffff
260610003001025,10,1,6,15017189,300025,Bug Tussel Wireless LLC,71,1,X,MI,88277148dbfffff
260610003001027,10,1,1,15017189,300025,Bug Tussel Wireless LLC,71,1,X,MI,88277148dbfffff
260610003001028,10,1,2,15017189,300025,Bug Tussel Wireless LLC,71,1,X,MI,88277148dbfffff
260610003001029,10,1,2,15017189,300025,Bug Tussel Wireless LLC,71,1,X,MI,88277148dbfffff
260610003001045,10,1,4,15017189,300025,Bug Tussel Wireless LLC,71,1,X,MI,8827714f67fffff
260610003001046,10,1,17,15017189,300025,Bug Tussel Wireless LLC,71,1,X,MI,8827714f2dfffff
260610003001047,10,1,5,15017189,300025,Bug Tussel Wireless LLC,71,1,X,MI,8827714f2dfffff
260610003001048,10,1,11,15017189,300025,Bug Tussel Wireless LLC,71,1,X,MI,8827714f2dfffff
260610003001049,10,1,3,15017189,300025,Bug Tussel Wireless LLC,71,1,X,MI,8827714f2dfffff
260610003001050,10,1,7,15017189,300025,Bug Tussel Wireless LLC,71,1,X,MI,8827714f2dfffff
260610003001052,10,1,5,15017189,300025,Bug Tussel Wireless LLC,71,1,X,MI,88277148dbfffff
260610003001055,10,1,1,15017189,300025,Bug Tussel Wireless LLC,71,1,X,MI,8827714f67fffff
260610003001056,10,1,5,15017189,300025,Bug Tussel Wireless LLC,71,1,X,MI,8827714f2dfffff
260610003002002,10,1,3,15017189,300025,Bug Tussel Wireless LLC,71,1,X,MI,8827714f61fffff
260610003002004,10,1,4,15017189,300025,Bug Tussel Wireless LLC,71,1,X,MI,8827714f61fffff
260610003002011,10,1,9,15017189,300025,Bug Tussel Wireless LLC,71,1,X,MI,8827714f61fffff
260610003002012,10,1,14,15017189,300025,Bug Tussel Wireless LLC,71,1,X,MI,8827714f61fffff
260610003002013,10,1,3,15017189,300025,Bug Tussel Wireless LLC,71,1,X,MI,8827714f61fffff
260610003002014,10,1,9,15017189,300025,Bug Tussel Wireless LLC,71,1,X,MI,8827714f61fffff
260610003002015,10,1,11,15017189,300025,Bug Tussel Wireless LLC,71,1,X,MI,8827714f61fffff
260610003002016,10,1,18,15017189,300025,Bug Tussel Wireless LLC,71,1,X,MI,8827714f61fffff
260610003002021,10,1,9,15017189,300025,Bug Tussel Wireless LLC,71,1,X,MI,8827714f67fffff
260610003002022,10,1,4,15017189,300025,Bug Tussel Wireless LLC,71,1,X,MI,8827714f67fffff
260610003002023,10,1,10,15017189,300025,Bug Tussel Wireless LLC,71,1,X,MI,8827714f67fffff
260610003002024,10,1,17,15017189,300025,Bug Tussel Wireless LLC,71,1,X,MI,8827714f67fffff
260610003002025,10,1,8,15017189,300025,Bug Tussel Wireless LLC,71,1,X,MI,8827714f67fffff
260610003002026,10,1,9,15017189,300025,Bug Tussel Wireless LLC,71,1,X,MI,8827714f67fffff
260610003002027,10,1,9,15017189,300025,Bug Tussel Wireless LLC,71,1,X,MI,8827714f67fffff
260610003002028,10,1,2,15017189,300025,Bug Tussel Wireless LLC,71,1,X,MI,8827714f67fffff
260610003002029,10,1,9,15017189,300025,Bug Tussel Wireless LLC,71,1,X,MI,8827714f67fffff
260610003002030,10,1,1,15017189,300025,Bug Tussel Wireless LLC,71,1,X,MI,8827714f67fffff
260610003003001,10,1,25,15017189,300025,Bug Tussel Wireless LLC,71,1,X,MI,8827714f63fffff
260610003003002,10,1,16,15017189,300025,Bug Tussel Wireless LLC,71,1,X,MI,8827714f63fffff
260610003003003,10,1,32,15017189,300025,Bug Tussel Wireless LLC,71,1,X,MI,8827714f63fffff
260610003003004,10,1,5,15017189,300025,Bug Tussel Wireless LLC,71,1,X,MI,8827714f63fffff
260610003003005,10,1,8,15017189,300025,Bug Tussel Wireless LLC,71,1,X,MI,8827714f67fffff
260610003003006,10,1,4,15017189,300025,Bug Tussel Wireless LLC,71,1,X,MI,8827714f29fffff
260610003003007,10,1,10,15017189,300025,Bug Tussel Wireless LLC,71,1,X,MI,8827714f67fffff
260610003003008,10,1,14,15017189,300025,Bug Tussel Wireless LLC,71,1,X,MI,8827714f67fffff
260610003003009,10,1,10,15017189,300025,Bug Tussel Wireless LLC,71,1,X,MI,8827714f67fffff
260610003003010,10,1,2,15017189,300025,Bug Tussel Wireless LLC,71,1,X,MI,8827714f67fffff
260610003003011,10,1,1,15017189,300025,Bug Tussel Wireless LLC,71,1,X,MI,8827714f67fffff
260610003003012,10,1,3,15017189,300025,Bug Tussel Wireless LLC,71,1,X,MI,8827714f67fffff
260610003003013,10,1,8,15017189,300025,Bug Tussel Wireless LLC,71,1,X,MI,8827714f67fffff
260610003003014,10,1,22,15017189,300025,Bug Tussel Wireless LLC,71,1,X,MI,8827714f29fffff
260610003003015,10,1,15,15017189,300025,Bug Tussel Wireless LLC,71,1,X,MI,8827714f67fffff
260610003003016,10,1,4,15017189,300025,Bug Tussel Wireless LLC,71,1,X,MI,8827714f67fffff
260610003003018,10,1,15,15017189,300025,Bug Tussel Wireless LLC,71,1,X,MI,8827714f63fffff
260610003003019,10,1,19,15017189,300025,Bug Tussel Wireless LLC,71,1,X,MI,8827714f63fffff
260610003003020,10,1,3,15017189,300025,Bug Tussel Wireless LLC,71,1,X,MI,8827714f63fffff
260610003003021,10,1,34,15017189,300025,Bug Tussel Wireless LLC,71,1,X,MI,8827714f29fffff
260610003003022,10,1,8,15017189,300025,Bug Tussel Wireless LLC,71,1,X,MI,8827714f63fffff
260610003003023,10,1,4,15017189,300025,Bug Tussel Wireless LLC,71,1,X,MI,8827714f29fffff
260610003003024,10,1,8,15017189,300025,Bug Tussel Wireless LLC,71,1,X,MI,8827714f29fffff
260610003003025,10,1,13,15017189,300025,Bug Tussel Wireless LLC,71,1,X,MI,8827714f21fffff
260610003003026,10,1,9,15017189,300025,Bug Tussel Wireless LLC,71,1,X,MI,8827714f21fffff
260610003003027,10,1,20,15017189,300025,Bug Tussel Wireless LLC,71,1,X,MI,8827714f21fffff
260610003003028,10,1,11,15017189,300025,Bug Tussel Wireless LLC,71,1,X,MI,8827714f21fffff
260610003003029,10,1,15,15017189,300025,Bug Tussel Wireless LLC,71,1,X,MI,8827714f21fffff
260610003003030,10,1,3,15017189,300025,Bug Tussel Wireless LLC,71,1,X,MI,8827714f29fffff
260610003003031,10,1,2,15017189,300025,Bug Tussel Wireless LLC,71,1,X,MI,8827714f29fffff
260610003003032,10,1,1,15017189,300025,Bug Tussel Wireless LLC,71,1,X,MI,8827714f29fffff
260610003003033,10,1,10,15017189,300025,Bug Tussel Wireless LLC,71,1,X,MI,8827714f29fffff
260610003003034,10,1,29,15017189,300025,Bug Tussel Wireless LLC,71,1,X,MI,8827714f21fffff
260610003003035,10,1,12,15017189,300025,Bug Tussel Wireless LLC,71,1,X,MI,8827714f21fffff
260610003003036,10,1,17,15017189,300025,Bug Tussel Wireless LLC,71,1,X,MI,8827714f21fffff
260610003003037,10,1,11,15017189,300025,Bug Tussel Wireless LLC,71,1,X,MI,8827714f21fffff
260610003003039,10,1,2,15017189,300025,Bug Tussel Wireless LLC,71,1,X,MI,8827714f21fffff
260610003003040,10,1,3,15017189,300025,Bug Tussel Wireless LLC,71,1,X,MI,8827714f21fffff
260610003003041,10,1,2,15017189,300025,Bug Tussel Wireless LLC,71,1,X,MI,8827714f21fffff
260610003003042,10,1,18,15017189,300025,Bug Tussel Wireless LLC,71,1,X,MI,8827714f21fffff
260610003003043,10,1,14,15017189,300025,Bug Tussel Wireless LLC,71,1,X,MI,8827714f21fffff
260610003003044,10,1,8,15017189,300025,Bug Tussel Wireless LLC,71,1,X,MI,8827714f21fffff
260610003003045,10,1,2,15017189,300025,Bug Tussel Wireless LLC,71,1,X,MI,8827714f27fffff
260610003003046,10,1,9,15017189,300025,Bug Tussel Wireless LLC,71,1,X,MI,8827714f27fffff
260610003003047,10,1,3,15017189,300025,Bug Tussel Wireless LLC,71,1,X,MI,8827714f23fffff
260610004001000,10,1,18,15017189,300025,Bug Tussel Wireless LLC,71,1,X,MI,8827714f29fffff
260610004001001,10,1,21,15017189,300025,Bug Tussel Wireless LLC,71,1,X,MI,8827714f29fffff
260610004001002,10,1,9,15017189,300025,Bug Tussel Wireless LLC,71,1,X,MI,8827714f29fffff
260610004001003,10,1,22,15017189,300025,Bug Tussel Wireless LLC,71,1,X,MI,8827714f2bfffff
260610004001004,10,1,29,15017189,300025,Bug Tussel Wireless LLC,71,1,X,MI,8827714f29fffff
260610004001005,10,1,5,15017189,300025,Bug Tussel Wireless LLC,71,1,X,MI,8827714f21fffff
260610004001006,10,1,18,15017189,300025,Bug Tussel Wireless LLC,71,1,X,MI,8827714f2bfffff
260610004001007,10,1,7,15017189,300025,Bug Tussel Wireless LLC,71,1,X,MI,8827714f2bfffff
260610004001008,10,1,14,15017189,300025,Bug Tussel Wireless LLC,71,1,X,MI,8827714f29fffff
260610004001010,10,1,8,15017189,300025,Bug Tussel Wireless LLC,71,1,X,MI,8827714f21fffff
260610004001011,10,1,21,15017189,300025,Bug Tussel Wireless LLC,71,1,X,MI,8827714f2bfffff
260610004001012,10,1,5,15017189,300025,Bug Tussel Wireless LLC,71,1,X,MI,8827714f2bfffff
260610004001013,10,1,8,15017189,300025,Bug Tussel Wireless LLC,71,1,X,MI,8827714f2bfffff
260610004001014,10,1,1,15017189,300025,Bug Tussel Wireless LLC,71,1,X,MI,8827714f2bfffff
260610004001015,10,1,13,15017189,300025,Bug Tussel Wireless LLC,71,1,X,MI,8827714f2bfffff
260610004001016,10,1,6,15017189,300025,Bug Tussel Wireless LLC,71,1,X,MI,8827714f2bfffff
260610004001017,10,1,5,15017189,300025,Bug Tussel Wireless LLC,71,1,X,MI,8827714f3dfffff
260610004001018,10,1,9,15017189,300025,Bug Tussel Wireless LLC,71,1,X,MI,8827714f3dfffff
260610004001019,10,1,2,15017189,300025,Bug Tussel Wireless LLC,71,1,X,MI,8827714f37fffff
260610004001020,10,1,4,15017189,300025,Bug Tussel Wireless LLC,71,1,X,MI,8827714f35fffff
260610004001021,10,1,2,15017189,300025,Bug Tussel Wireless LLC,71,1,X,MI,8827714f37fffff
260610004001046,10,1,3,15017189,300025,Bug Tussel Wireless LLC,71,1,X,MI,8827714d51fffff
260610004001068,10,1,5,15017189,300025,Bug Tussel Wireless LLC,71,1,X,MI,8827714f07fffff
260610004001069,10,1,1,15017189,300025,Bug Tussel Wireless LLC,71,1,X,MI,8827714f2bfffff
260610004001070,10,1,8,15017189,300025,Bug Tussel Wireless LLC,71,1,X,MI,8827714f07fffff
260610004001071,10,1,10,15017189,300025,Bug Tussel Wireless LLC,71,1,X,MI,8827714f2bfffff
260610004001072,10,1,10,15017189,300025,Bug Tussel Wireless LLC,71,1,X,MI,8827714f2bfffff
260610004001073,10,1,6,15017189,300025,Bug Tussel Wireless LLC,71,1,X,MI,8827714f07fffff
260610004001074,10,1,4,15017189,300025,Bug Tussel Wireless LLC,71,1,X,MI,8827714f3dfffff
260610004002001,10,1,12,15017189,300025,Bug Tussel Wireless LLC,71,1,X,MI,88277148b1fffff
260610004002003,10,1,9,15017189,300025,Bug Tussel Wireless LLC,71,1,X,MI,8827714d49fffff
260610004002004,10,1,16,15017189,300025,Bug Tussel Wireless LLC,71,1,X,MI,8827714d4bfffff
260610004002005,10,1,4,15017189,300025,Bug Tussel Wireless LLC,71,1,X,MI,8827714d29fffff
260610004002006,10,1,11,15017189,300025,Bug Tussel Wireless LLC,71,1,X,MI,8827714d2dfffff
260610004002007,10,1,16,15017189,300025,Bug Tussel Wireless LLC,71,1,X,MI,8827714d25fffff
260610004002008,10,1,9,15017189,300025,Bug Tussel Wireless LLC,71,1,X,MI,882773b259fffff
260610004002009,10,1,1,15017189,300025,Bug Tussel Wireless LLC,71,1,X,MI,88277148b3fffff
260610004002012,10,1,1,15017189,300025,Bug Tussel Wireless LLC,71,1,X,MI,8827714d09fffff
260610004002013,10,1,11,15017189,300025,Bug Tussel Wireless LLC,71,1,X,MI,8827714d0bfffff
260610004002014,10,1,12,15017189,300025,Bug Tussel Wireless LLC,71,1,X,MI,8827714f37fffff
260610004002015,10,1,6,15017189,300025,Bug Tussel Wireless LLC,71,1,X,MI,8827714d57fffff
260610004002016,10,1,5,15017189,300025,Bug Tussel Wireless LLC,71,1,X,MI,8827714d1dfffff
260610004002028,10,1,2,15017189,300025,Bug Tussel Wireless LLC,71,1,X,MI,8827714d1dfffff
260610004002031,10,1,3,15017189,300025,Bug Tussel Wireless LLC,71,1,X,MI,8827714d03fffff
260610004002032,10,1,22,15017189,300025,Bug Tussel Wireless LLC,71,1,X,MI,8827714d15fffff
260610004002034,10,1,3,15017189,300025,Bug Tussel Wireless LLC,71,1,X,MI,8827714d0dfffff
260610004002035,10,1,1,15017189,300025,Bug Tussel Wireless LLC,71,1,X,MI,8827714d05fffff
260610004002036,10,1,9,15017189,300025,Bug Tussel Wireless LLC,71,1,X,MI,882773b2d1fffff
260610004002038,10,1,4,15017189,300025,Bug Tussel Wireless LLC,71,1,X,MI,8827714d05fffff
260610004002042,10,1,2,15017189,300025,Bug Tussel Wireless LLC,71,1,X,MI,8827714de5fffff
260610004002043,10,1,11,15017189,300025,Bug Tussel Wireless LLC,71,1,X,MI,8827714d23fffff
260610004002044,10,1,34,15017189,300025,Bug Tussel Wireless LLC,71,1,X,MI,882773b21bfffff
260610004002045,10,1,9,15017189,300025,Bug Tussel Wireless LLC,71,1,X,MI,8827714d35fffff
260610004002046,10,1,3,15017189,300025,Bug Tussel Wireless LLC,71,1,X,MI,8827714d23fffff
260610005001000,10,1,19,15017189,300025,Bug Tussel Wireless LLC,71,1,X,MI,882773b21bfffff
260610005001001,10,1,1,15017189,300025,Bug Tussel Wireless LLC,71,1,X,MI,882773b207fffff
260610005001002,10,1,2,15017189,300025,Bug Tussel Wireless LLC,71,1,X,MI,882773b207fffff
260610005001003,10,1,2,15017189,300025,Bug Tussel Wireless LLC,71,1,X,MI,882773b23dfffff
260610005001004,10,1,1,15017189,300025,Bug Tussel Wireless LLC,71,1,X,MI,882773b23dfffff
260610005001011,10,1,4,15017189,300025,Bug Tussel Wireless LLC,71,1,X,MI,882773b231fffff
260610005001012,10,1,8,15017189,300025,Bug Tussel Wireless LLC,71,1,X,MI,882773b23bfffff
260610005001013,10,1,4,15017189,300025,Bug Tussel Wireless LLC,71,1,X,MI,882773b237fffff
260610005001014,10,1,12,15017189,300025,Bug Tussel Wireless LLC,71,1,X,MI,882773b237fffff
260610005001018,10,1,22,15017189,300025,Bug Tussel Wireless LLC,71,1,X,MI,882773b057fffff
260610005001019,10,1,6,15017189,300025,Bug Tussel Wireless LLC,71,1,X,MI,882773b051fffff
260610005001020,10,1,12,15017189,300025,Bug Tussel Wireless LLC,71,1,X,MI,882773b051fffff
260610005001021,10,1,5,15017189,300025,Bug Tussel Wireless LLC,71,1,X,MI,882773b057fffff
260610005001023,10,1,3,15017189,300025,Bug Tussel Wireless LLC,71,1,X,MI,882773b051fffff
260610005001024,10,1,1,15017189,300025,Bug Tussel Wireless LLC,71,1,X,MI,882773b05bfffff
260610005001027,10,1,3,15017189,300025,Bug Tussel Wireless LLC,71,1,X,MI,882773b059fffff
260610005001028,10,1,16,15017189,300025,Bug Tussel Wireless LLC,71,1,X,MI,882773b05bfffff
260610005001029,10,1,1,15017189,300025,Bug Tussel Wireless LLC,71,1,X,MI,882773b2e7fffff
260610005001030,10,1,11,15017189,300025,Bug Tussel Wireless LLC,71,1,X,MI,882773b213fffff
260610005001032,10,1,25,15017189,300025,Bug Tussel Wireless LLC,71,1,X,MI,882773b2e9fffff
260610005001033,10,1,8,15017189,300025,Bug Tussel Wireless LLC,71,1,X,MI,882773b21bfffff
260610005001035,10,1,6,15017189,300025,Bug Tussel Wireless LLC,71,1,X,MI,882773b05bfffff
260610005001036,10,1,4,15017189,300025,Bug Tussel Wireless LLC,71,1,X,MI,882773b05bfffff
260610005001037,10,1,7,15017189,300025,Bug Tussel Wireless LLC,71,1,X,MI,882773b2adfffff
260610005001039,10,1,1,15017189,300025,Bug Tussel Wireless LLC,71,1,X,MI,882773b053fffff
260610005001040,10,1,5,15017189,300025,Bug Tussel Wireless LLC,71,1,X,MI,882773b053fffff
260610005001041,10,1,6,15017189,300025,Bug Tussel Wireless LLC,71,1,X,MI,882773b057fffff
260610005001042,10,1,3,15017189,300025,Bug Tussel Wireless LLC,71,1,X,MI,882773b053fffff
260610005001043,10,1,10,15017189,300025,Bug Tussel Wireless LLC,71,1,X,MI,882773b019fffff
260610005001044,10,1,15,15017189,300025,Bug Tussel Wireless LLC,71,1,X,MI,882773b019fffff
260610005001045,10,1,9,15017189,300025,Bug Tussel Wireless LLC,71,1,X,MI,882773b057fffff
260610005001046,10,1,15,15017189,300025,Bug Tussel Wireless LLC,71,1,X,MI,882773b057fffff
260610005001047,10,1,10,15017189,300025,Bug Tussel Wireless LLC,71,1,X,MI,882773b01dfffff
260610005001048,10,1,8,15017189,300025,Bug Tussel Wireless LLC,71,1,X,MI,882773b057fffff
260610005001049,10,1,11,15017189,300025,Bug Tussel Wireless LLC,71,1,X,MI,882773b057fffff
260610005001050,10,1,2,15017189,300025,Bug Tussel Wireless LLC,71,1,X,MI,882773b057fffff
260610005001051,10,1,38,15017189,300025,Bug Tussel Wireless LLC,71,1,X,MI,882773b007fffff
260610005001052,10,1,4,15017189,300025,Bug Tussel Wireless LLC,71,1,X,MI,882773b01dfffff
260610005001053,10,1,19,15017189,300025,Bug Tussel Wireless LLC,71,1,X,MI,882773b01dfffff
260610005001054,10,1,5,15017189,300025,Bug Tussel Wireless LLC,71,1,X,MI,882773b01dfffff
260610005001055,10,1,14,15017189,300025,Bug Tussel Wireless LLC,71,1,X,MI,882773b01dfffff
260610005001057,10,1,10,15017189,300025,Bug Tussel Wireless LLC,71,1,X,MI,882773b01dfffff
260610005001058,10,1,13,15017189,300025,Bug Tussel Wireless LLC,71,1,X,MI,882773b019fffff
260610005001059,10,1,10,15017189,300025,Bug Tussel Wireless LLC,71,1,X,MI,882773b019fffff
260610005001060,10,1,14,15017189,300025,Bug Tussel Wireless LLC,71,1,X,MI,882773b019fffff
260610005001061,10,1,1,15017189,300025,Bug Tussel Wireless LLC,71,1,X,MI,882773b01bfffff
260610005001062,10,1,18,15017189,300025,Bug Tussel Wireless LLC,71,1,X,MI,882773b019fffff
260610005001063,10,1,7,15017189,300025,Bug Tussel Wireless LLC,71,1,X,MI,882773b2a5fffff
260610005001064,10,1,6,15017189,300025,Bug Tussel Wireless LLC,71,1,X,MI,882773b2a5fffff
260610005001065,10,1,6,15017189,300025,Bug Tussel Wireless LLC,71,1,X,MI,882773b053fffff
260610005001066,10,1,4,15017189,300025,Bug Tussel Wireless LLC,71,1,X,MI,882773b053fffff
260610005001067,10,1,5,15017189,300025,Bug Tussel Wireless LLC,71,1,X,MI,882773b2adfffff
260610005001069,10,1,2,15017189,300025,Bug Tussel Wireless LLC,71,1,X,MI,882773b053fffff
260610005001070,10,1,1,15017189,300025,Bug Tussel Wireless LLC,71,1,X,MI,882773b053fffff
260610005001071,10,1,4,15017189,300025,Bug Tussel Wireless LLC,71,1,X,MI,882773b2adfffff
260610005001072,10,1,7,15017189,300025,Bug Tussel Wireless LLC,71,1,X,MI,882773b2adfffff
260610005001073,10,1,2,15017189,300025,Bug Tussel Wireless LLC,71,1,X,MI,882773b2adfffff
260610005001074,10,1,4,15017189,300025,Bug Tussel Wireless LLC,71,1,X,MI,882773b2adfffff
260610005001075,10,1,1,15017189,300025,Bug Tussel Wireless LLC,71,1,X,MI,882773b2adfffff
260610005001076,10,1,1,15017189,300025,Bug Tussel Wireless LLC,71,1,X,MI,882773b06bfffff
260610005001078,10,1,2,15017189,300025,Bug Tussel Wireless LLC,71,1,X,MI,882773b057fffff
260610005001079,10,1,10,15017189,300025,Bug Tussel Wireless LLC,71,1,X,MI,882773b2c1fffff
260610005001080,10,1,15,15017189,300025,Bug Tussel Wireless LLC,71,1,X,MI,882773b2e3fffff
260610005001081,10,1,3,15017189,300025,Bug Tussel Wireless LLC,71,1,X,MI,882773b2e1fffff
260610005001082,10,1,12,15017189,300025,Bug Tussel Wireless LLC,71,1,X,MI,882773b2ebfffff
260610005001083,10,1,6,15017189,300025,Bug Tussel Wireless LLC,71,1,X,MI,882773b2e3fffff
260610005001084,10,1,4,15017189,300025,Bug Tussel Wireless LLC,71,1,X,MI,882773b2ebfffff
260610005001085,10,1,5,15017189,300025,Bug Tussel Wireless LLC,71,1,X,MI,882773b2ebfffff
260610005001086,10,1,7,15017189,300025,Bug Tussel Wireless LLC,71,1,X,MI,882773b2ebfffff
260610005001087,10,1,3,15017189,300025,Bug Tussel Wireless LLC,71,1,X,MI,882773b2e3fffff
260610005001088,10,1,2,15017189,300025,Bug Tussel Wireless LLC,71,1,X,MI,882773b011fffff
260610005001089,10,1,1,15017189,300025,Bug Tussel Wireless LLC,71,1,X,MI,882773b2cdfffff
260610005001090,10,1,11,15017189,300025,Bug Tussel Wireless LLC,71,1,X,MI,882773b2c1fffff
260610005002004,10,1,31,15017189,300025,Bug Tussel Wireless LLC,71,1,X,MI,882773b759fffff
260610005002005,10,1,36,15017189,300025,Bug Tussel Wireless LLC,71,1,X,MI,882773b759fffff
260610005002006,10,1,14,15017189,300025,Bug Tussel Wireless LLC,71,1,X,MI,8827714dc7fffff
260610005002007,10,1,2,15017189,300025,Bug Tussel Wireless LLC,71,1,X,MI,8827714d8dfffff
260610005002008,10,1,4,15017189,300025,Bug Tussel Wireless LLC,71,1,X,MI,8827714d81fffff
260610005002009,10,1,6,15017189,300025,Bug Tussel Wireless LLC,71,1,X,MI,8827714de7fffff
260610005002012,10,1,11,15017189,300025,Bug Tussel Wireless LLC,71,1,X,MI,8827714dbdfffff
260610005002013,10,1,14,15017189,300025,Bug Tussel Wireless LLC,71,1,X,MI,8827714da7fffff
260610005002014,10,1,5,15017189,300025,Bug Tussel Wireless LLC,71,1,X,MI,8827714da3fffff
260610005002015,10,1,9,15017189,300025,Bug Tussel Wireless LLC,71,1,X,MI,8827714dbdfffff
260610005002016,10,1,2,15017189,300025,Bug Tussel Wireless LLC,71,1,X,MI,882773b665fffff
260610005002017,10,1,1,15017189,300025,Bug Tussel Wireless LLC,71,1,X,MI,8827714db5fffff
260610005002018,10,1,38,15017189,300025,Bug Tussel Wireless LLC,71,1,X,MI,882773b747fffff
260610005002019,10,1,1,15017189,300025,Bug Tussel Wireless LLC,71,1,X,MI,882773b74dfffff
260610005002020,10,1,12,15017189,300025,Bug Tussel Wireless LLC,71,1,X,MI,882773b29bfffff
260610005002021,10,1,18,15017189,300025,Bug Tussel Wireless LLC,71,1,X,MI,882773b299fffff
260610005002022,10,1,17,15017189,300025,Bug Tussel Wireless LLC,71,1,X,MI,882773b291fffff
260610005002023,10,1,16,15017189,300025,Bug Tussel Wireless LLC,71,1,X,MI,882773b291fffff
260610005002024,10,1,8,15017189,300025,Bug Tussel Wireless LLC,71,1,X,MI,882773b29bfffff
260610005002027,10,1,29,15017189,300025,Bug Tussel Wireless LLC,71,1,X,MI,882773b291fffff
260610005002028,10,1,5,15017189,300025,Bug Tussel Wireless LLC,71,1,X,MI,882773b291fffff
260610005002029,10,1,12,15017189,300025,Bug Tussel Wireless LLC,71,1,X,MI,882773b291fffff
260610005002030,10,1,14,15017189,300025,Bug Tussel Wireless LLC,71,1,X,MI,882773b291fffff
260610005002031,10,1,5,15017189,300025,Bug Tussel Wireless LLC,71,1,X,MI,882773b291fffff
260610005002032,10,1,5,15017189,300025,Bug Tussel Wireless LLC,71,1,X,MI,882773b29bfffff
260610005002033,10,1,14,15017189,300025,Bug Tussel Wireless LLC,71,1,X,MI,882773b29bfffff
260610005002034,10,1,22,15017189,300025,Bug Tussel Wireless LLC,71,1,X,MI,882773b29bfffff
260610005002035,10,1,12,15017189,300025,Bug Tussel Wireless LLC,71,1,X,MI,882773b29bfffff
260610005002036,10,1,13,15017189,300025,Bug Tussel Wireless LLC,71,1,X,MI,882773b291fffff
260610005002037,10,1,12,15017189,300025,Bug Tussel Wireless LLC,71,1,X,MI,882773b291fffff
260610005002038,10,1,10,15017189,300025,Bug Tussel Wireless LLC,71,1,X,MI,882773b291fffff
260610005002039,10,1,25,15017189,300025,Bug Tussel Wireless LLC,71,1,X,MI,882773b291fffff
260610005002041,10,1,15,15017189,300025,Bug Tussel Wireless LLC,71,1,X,MI,882773b291fffff
260610005002042,10,1,12,15017189,300025,Bug Tussel Wireless LLC,71,1,X,MI,882773b29bfffff
260610005002043,10,1,13,15017189,300025,Bug Tussel Wireless LLC,71,1,X,MI,882773b29bfffff
260610005002044,10,1,13,15017189,300025,Bug Tussel Wireless LLC,71,1,X,MI,882773b291fffff
260610005002045,10,1,16,15017189,300025,Bug Tussel Wireless LLC,71,1,X,MI,882773b291fffff
260610005002046,10,1,16,15017189,300025,Bug Tussel Wireless LLC,71,1,X,MI,882773b291fffff
260610005003000,10,1,9,15017189,300025,Bug Tussel Wireless LLC,71,1,X,MI,8827714de7fffff
260610005003001,10,1,2,15017189,300025,Bug Tussel Wireless LLC,71,1,X,MI,882773b2d1fffff
260610005003002,10,1,4,15017189,300025,Bug Tussel Wireless LLC,71,1,X,MI,882773b2d5fffff
260610005003003,10,1,17,15017189,300025,Bug Tussel Wireless LLC,71,1,X,MI,882773b289fffff
260610005003004,10,1,11,15017189,300025,Bug Tussel Wireless LLC,71,1,X,MI,882773b2adfffff
260610005003006,10,1,17,15017189,300025,Bug Tussel Wireless LLC,71,1,X,MI,882773b29dfffff
260610005003007,10,1,38,15017189,300025,Bug Tussel Wireless LLC,71,1,X,MI,882773b299fffff
260610005003008,10,1,5,15017189,300025,Bug Tussel Wireless LLC,71,1,X,MI,882773b299fffff
260610005003009,10,1,10,15017189,300025,Bug Tussel Wireless LLC,71,1,X,MI,882773b299fffff
260610005003010,10,1,93,15017189,300025,Bug Tussel Wireless LLC,71,1,X,MI,882773b2a3fffff
260610005003011,10,1,2,15017189,300025,Bug Tussel Wireless LLC,71,1,X,MI,882773b2a7fffff
260610005003012,10,1,6,15017189,300025,Bug Tussel Wireless LLC,71,1,X,MI,882773b2adfffff
260610005003013,10,1,9,15017189,300025,Bug Tussel Wireless LLC,71,1,X,MI,882773b2a3fffff
260610005003014,10,1,4,15017189,300025,Bug Tussel Wireless LLC,71,1,X,MI,882773b2a7fffff
260610005003015,10,1,11,15017189,300025,Bug Tussel Wireless LLC,71,1,X,MI,882773b2a3fffff
260610005003017,10,1,1,15017189,300025,Bug Tussel Wireless LLC,71,1,X,MI,882773b2adfffff
260610005003018,10,1,1,15017189,300025,Bug Tussel Wireless LLC,71,1,X,MI,882773b2a1fffff
260610005003019,10,1,2,15017189,300025,Bug Tussel Wireless LLC,71,1,X,MI,882773b2adfffff
260610005003020,10,1,6,15017189,300025,Bug Tussel Wireless LLC,71,1,X,MI,882773b2a3fffff
260610005003021,10,1,3,15017189,300025,Bug Tussel Wireless LLC,71,1,X,MI,882773b2a1fffff
260610005003023,10,1,4,15017189,300025,Bug Tussel Wireless LLC,71,1,X,MI,882773b2a3fffff
260610005003024,10,1,5,15017189,300025,Bug Tussel Wireless LLC,71,1,X,MI,882773b2a3fffff
260610005003025,10,1,5,15017189,300025,Bug Tussel Wireless LLC,71,1,X,MI,882773b2a9fffff
260610005003026,10,1,7,15017189,300025,Bug Tussel Wireless LLC,71,1,X,MI,882773b2adfffff
260610005003027,10,1,6,15017189,300025,Bug Tussel Wireless LLC,71,1,X,MI,882773b2adfffff
260610005003028,10,1,7,15017189,300025,Bug Tussel Wireless LLC,71,1,X,MI,882773b2adfffff
260610005003029,10,1,2,15017189,300025,Bug Tussel Wireless LLC,71,1,X,MI,882773b2adfffff
260610005003030,10,1,1,15017189,300025,Bug Tussel Wireless LLC,71,1,X,MI,882773b2adfffff
260610005003031,10,1,6,15017189,300025,Bug Tussel Wireless LLC,71,1,X,MI,882773b2adfffff
260610005003032,10,1,33,15017189,300025,Bug Tussel Wireless LLC,71,1,X,MI,882773b2a7fffff
260610005003033,10,1,5,15017189,300025,Bug Tussel Wireless LLC,71,1,X,MI,882773b2a7fffff
260610005003034,10,1,35,15017189,300025,Bug Tussel Wireless LLC,71,1,X,MI,882773b01bfffff
260610005003036,10,1,2,15017189,300025,Bug Tussel Wireless LLC,71,1,X,MI,882773b2a5fffff
260610005003038,10,1,25,15017189,300025,Bug Tussel Wireless LLC,71,1,X,MI,882773b281fffff
260610005003039,10,1,10,15017189,300025,Bug Tussel Wireless LLC,71,1,X,MI,882773b291fffff
260610005003040,10,1,8,15017189,300025,Bug Tussel Wireless LLC,71,1,X,MI,882773b29dfffff
260610005003041,10,1,19,15017189,300025,Bug Tussel Wireless LLC,71,1,X,MI,882773b297fffff
260610005003042,10,1,21,15017189,300025,Bug Tussel Wireless LLC,71,1,X,MI,882773b2a3fffff
260610005003043,10,1,2,15017189,300025,Bug Tussel Wireless LLC,71,1,X,MI,882773b2a7fffff
260610005003045,10,1,2,15017189,300025,Bug Tussel Wireless LLC,71,1,X,MI,882773b2a7fffff
260610005003048,10,1,18,15017189,300025,Bug Tussel Wireless LLC,71,1,X,MI,882773b291fffff
260610005003049,10,1,8,15017189,300025,Bug Tussel Wireless LLC,71,1,X,MI,882773b291fffff
260610005003050,10,1,11,15017189,300025,Bug Tussel Wireless LLC,71,1,X,MI,882773b01bfffff
260610005003051,10,1,21,15017189,300025,Bug Tussel Wireless LLC,71,1,X,MI,882773b2a3fffff
260610006001000,10,1,4,15017189,300025,Bug Tussel Wireless LLC,71,1,X,MI,882773b01dfffff
260610006001001,10,1,3,15017189,300025,Bug Tussel Wireless LLC,71,1,X,MI,882773b01dfffff
260610006001002,10,1,11,15017189,300025,Bug Tussel Wireless LLC,71,1,X,MI,882773b015fffff
260610006001003,10,1,5,15017189,300025,Bug Tussel Wireless LLC,71,1,X,MI,882773b003fffff
260610006001004,10,1,11,15017189,300025,Bug Tussel Wireless LLC,71,1,X,MI,882773b015fffff
260610006001005,10,1,10,15017189,300025,Bug Tussel Wireless LLC,71,1,X,MI,882773b015fffff
260610006001006,10,1,7,15017189,300025,Bug Tussel Wireless LLC,71,1,X,MI,882773b01dfffff
260610006001007,10,1,6,15017189,300025,Bug Tussel Wireless LLC,71,1,X,MI,882773b01dfffff
260610006001008,10,1,2,15017189,300025,Bug Tussel Wireless LLC,71,1,X,MI,882773b01dfffff
260610006001009,10,1,6,15017189,300025,Bug Tussel Wireless LLC,71,1,X,MI,882773b01dfffff
260610006001010,10,1,21,15017189,300025,Bug Tussel Wireless LLC,71,1,X,MI,882773b01dfffff
260610006001011,10,1,6,15017189,300025,Bug Tussel Wireless LLC,71,1,X,MI,882773b015fffff
260610006001012,10,1,7,15017189,300025,Bug Tussel Wireless LLC,71,1,X,MI,882773b015fffff
260610006001013,10,1,10,15017189,300025,Bug Tussel Wireless LLC,71,1,X,MI,882773b015fffff
260610006001014,10,1,9,15017189,300025,Bug Tussel Wireless LLC,71,1,X,MI,882773b015fffff
260610006001015,10,1,4,15017189,300025,Bug Tussel Wireless LLC,71,1,X,MI,882773b015fffff
260610006001016,10,1,10,15017189,300025,Bug Tussel Wireless LLC,71,1,X,MI,882773b015fffff
260610006001017,10,1,7,15017189,300025,Bug Tussel Wireless LLC,71,1,X,MI,882773b015fffff
260610006001018,10,1,12,15017189,300025,Bug Tussel Wireless LLC,71,1,X,MI,882773b015fffff
260610006001019,10,1,9,15017189,300025,Bug Tussel Wireless LLC,71,1,X,MI,882773b015fffff
260610006001020,10,1,2,15017189,300025,Bug Tussel Wireless LLC,71,1,X,MI,882773b015fffff
260610006001021,10,1,8,15017189,300025,Bug Tussel Wireless LLC,71,1,X,MI,882773b015fffff
260610006001022,10,1,9,15017189,300025,Bug Tussel Wireless LLC,71,1,X,MI,882773b015fffff
260610006001023,10,1,10,15017189,300025,Bug Tussel Wireless LLC,71,1,X,MI,882773b011fffff
260610006001024,10,1,19,15017189,300025,Bug Tussel Wireless LLC,71,1,X,MI,882773b015fffff
260610006001025,10,1,10,15017189,300025,Bug Tussel Wireless LLC,71,1,X,MI,882773b011fffff
260610006001026,10,1,13,15017189,300025,Bug Tussel Wireless LLC,71,1,X,MI,882773b011fffff
260610006001027,10,1,7,15017189,300025,Bug Tussel Wireless LLC,71,1,X,MI,882773b011fffff
260610006001028,10,1,11,15017189,300025,Bug Tussel Wireless LLC,71,1,X,MI,882773b011fffff
260610006002000,10,1,18,15017189,300025,Bug Tussel Wireless LLC,71,1,X,MI,882773b01bfffff
260610006002001,10,1,85,15017189,300025,Bug Tussel Wireless LLC,71,1,X,MI,882773b013fffff
260610006002002,10,1,9,15017189,300025,Bug Tussel Wireless LLC,71,1,X,MI,882773b01bfffff
260610006002003,10,1,16,15017189,300025,Bug Tussel Wireless LLC,71,1,X,MI,882773b01bfffff
260610006002004,10,1,30,15017189,300025,Bug Tussel Wireless LLC,71,1,X,MI,882773b011fffff
260610006002005,10,1,5,15017189,300025,Bug Tussel Wireless LLC,71,1,X,MI,882773b01bfffff
260610006002006,10,1,3,15017189,300025,Bug Tussel Wireless LLC,71,1,X,MI,882773b011fffff
260610006002009,10,1,9,15017189,300025,Bug Tussel Wireless LLC,71,1,X,MI,882773b015fffff
260610006002010,10,1,7,15017189,300025,Bug Tussel Wireless LLC,71,1,X,MI,882773b015fffff
260610006002011,10,1,6,15017189,300025,Bug Tussel Wireless LLC,71,1,X,MI,882773b015fffff
260610006002012,10,1,18,15017189,300025,Bug Tussel Wireless LLC,71,1,X,MI,882773b013fffff
260610006002013,10,1,7,15017189,300025,Bug Tussel Wireless LLC,71,1,X,MI,882773b01bfffff
260610006002014,10,1,24,15017189,300025,Bug Tussel Wireless LLC,71,1,X,MI,882773b013fffff
260610006002015,10,1,3,15017189,300025,Bug Tussel Wireless LLC,71,1,X,MI,882773b015fffff
260610006002016,10,1,9,15017189,300025,Bug Tussel Wireless LLC,71,1,X,MI,882773b011fffff
260610006002017,10,1,10,15017189,300025,Bug Tussel Wireless LLC,71,1,X,MI,882773b01bfffff
260610006002018,10,1,4,15017189,300025,Bug Tussel Wireless LLC,71,1,X,MI,882773b017fffff
260610006002019,10,1,29,15017189,300025,Bug Tussel Wireless LLC,71,1,X,MI,882773b011fffff
260610006002020,10,1,14,15017189,300025,Bug Tussel Wireless LLC,71,1,X,MI,882773b01bfffff
260610006002021,10,1,11,15017189,300025,Bug Tussel Wireless LLC,71,1,X,MI,882773b007fffff
260610006002026,10,1,11,15017189,300025,Bug Tussel Wireless LLC,71,1,X,MI,882773b01bfffff
260610006002027,10,1,8,15017189,300025,Bug Tussel Wireless LLC,71,1,X,MI,882773b011fffff
260610006002028,10,1,2,15017189,300025,Bug Tussel Wireless LLC,71,1,X,MI,882773b011fffff
260610006002029,10,1,8,15017189,300025,Bug Tussel Wireless LLC,71,1,X,MI,882773b011fffff
260610006002030,10,1,5,15017189,300025,Bug Tussel Wireless LLC,71,1,X,MI,882773b015fffff
260610006002031,10,1,15,15017189,300025,Bug Tussel Wireless LLC,71,1,X,MI,882773b01bfffff
260610006003000,10,1,18,15017189,300025,Bug Tussel Wireless LLC,71,1,X,MI,882773b2a7fffff
260610006003001,10,1,8,15017189,300025,Bug Tussel Wireless LLC,71,1,X,MI,882773b2a7fffff
260610006003002,10,1,5,15017189,300025,Bug Tussel Wireless LLC,71,1,X,MI,882773b01bfffff
260610006003003,10,1,5,15017189,300025,Bug Tussel Wireless LLC,71,1,X,MI,882773b01bfffff
260610006003004,10,1,7,15017189,300025,Bug Tussel Wireless LLC,71,1,X,MI,882773b01bfffff
260610006003005,10,1,1,15017189,300025,Bug Tussel Wireless LLC,71,1,X,MI,882773b01bfffff
260610006003006,10,1,9,15017189,300025,Bug Tussel Wireless LLC,71,1,X,MI,882773b01bfffff
260610006003007,10,1,4,15017189,300025,Bug Tussel Wireless LLC,71,1,X,MI,882773b01bfffff
260610006003008,10,1,4,15017189,300025,Bug Tussel Wireless LLC,71,1,X,MI,882773b01bfffff
260610006003009,10,1,2,15017189,300025,Bug Tussel Wireless LLC,71,1,X,MI,882773b01bfffff
260610006003010,10,1,17,15017189,300025,Bug Tussel Wireless LLC,71,1,X,MI,882773b01bfffff
260610006003011,10,1,5,15017189,300025,Bug Tussel Wireless LLC,71,1,X,MI,882773b011fffff
260610006003013,10,1,8,15017189,300025,Bug Tussel Wireless LLC,71,1,X,MI,882773b01bfffff
260610006003014,10,1,9,15017189,300025,Bug Tussel Wireless LLC,71,1,X,MI,882773b01bfffff
260610006003015,10,1,10,15017189,300025,Bug Tussel Wireless LLC,71,1,X,MI,882773b01bfffff
260610006003016,10,1,12,15017189,300025,Bug Tussel Wireless LLC,71,1,X,MI,882773b01bfffff
260610006003017,10,1,4,15017189,300025,Bug Tussel Wireless LLC,71,1,X,MI,882773b01bfffff
260610006003018,10,1,14,15017189,300025,Bug Tussel Wireless LLC,71,1,X,MI,882773b01bfffff
260610006003019,10,1,4,15017189,300025,Bug Tussel Wireless LLC,71,1,X,MI,882773b01bfffff
260610006003020,10,1,13,15017189,300025,Bug Tussel Wireless LLC,71,1,X,MI,882773b01bfffff
260610006003021,10,1,7,15017189,300025,Bug Tussel Wireless LLC,71,1,X,MI,882773b01bfffff
260610006003022,10,1,6,15017189,300025,Bug Tussel Wireless LLC,71,1,X,MI,882773b01bfffff
260610006003025,10,1,2,15017189,300025,Bug Tussel Wireless LLC,71,1,X,MI,882773b011fffff
260610006003026,10,1,9,15017189,300025,Bug Tussel Wireless LLC,71,1,X,MI,882773b01bfffff
260610006003027,10,1,9,15017189,300025,Bug Tussel Wireless LLC,71,1,X,MI,882773b2a7fffff
260610006003028,10,1,8,15017189,300025,Bug Tussel Wireless LLC,71,1,X,MI,882773b2a7fffff
260610006003029,10,1,9,15017189,300025,Bug Tussel Wireless LLC,71,1,X,MI,882773b2a7fffff
260610006003030,10,1,2,15017189,300025,Bug Tussel Wireless LLC,71,1,X,MI,882773b01bfffff
260610006003031,10,1,2,15017189,300025,Bug Tussel Wireless LLC,71,1,X,MI,882773b2a7fffff
260610006003032,10,1,2,15017189,300025,Bug Tussel Wireless LLC,71,1,X,MI,882773b2a7fffff
260610006003033,10,1,3,15017189,300025,Bug Tussel Wireless LLC,71,1,X,MI,882773b01bfffff
260610006003034,10,1,7,15017189,300025,Bug Tussel Wireless LLC,71,1,X,MI,882773b011fffff
260610006004000,10,1,10,15017189,300025,Bug Tussel Wireless LLC,71,1,X,MI,882773b011fffff
260610006004001,10,1,9,15017189,300025,Bug Tussel Wireless LLC,71,1,X,MI,882773b011fffff
260610006004002,10,1,28,15017189,300025,Bug Tussel Wireless LLC,71,1,X,MI,882773b01dfffff
260610006004003,10,1,8,15017189,300025,Bug Tussel Wireless LLC,71,1,X,MI,882773b01dfffff
260610006004004,10,1,8,15017189,300025,Bug Tussel Wireless LLC,71,1,X,MI,882773b01dfffff
260610006004005,10,1,13,15017189,300025,Bug Tussel Wireless LLC,71,1,X,MI,882773b01dfffff
260610006004006,10,1,3,15017189,300025,Bug Tussel Wireless LLC,71,1,X,MI,882773b01dfffff
260610006004007,10,1,14,15017189,300025,Bug Tussel Wireless LLC,71,1,X,MI,882773b01dfffff
260610006004008,10,1,13,15017189,300025,Bug Tussel Wireless LLC,71,1,X,MI,882773b01dfffff
260610006004009,10,1,20,15017189,300025,Bug Tussel Wireless LLC,71,1,X,MI,882773b011fffff
260610006004010,10,1,16,15017189,300025,Bug Tussel Wireless LLC,71,1,X,MI,882773b011fffff
260610006004011,10,1,13,15017189,300025,Bug Tussel Wireless LLC,71,1,X,MI,882773b01dfffff
260610006004012,10,1,5,15017189,300025,Bug Tussel Wireless LLC,71,1,X,MI,882773b01dfffff
260610006004013,10,1,3,15017189,300025,Bug Tussel Wireless LLC,71,1,X,MI,882773b01dfffff
260610006004014,10,1,16,15017189,300025,Bug Tussel Wireless LLC,71,1,X,MI,882773b011fffff
260610006004015,10,1,13,15017189,300025,Bug Tussel Wireless LLC,71,1,X,MI,882773b011fffff
260610006004016,10,1,18,15017189,300025,Bug Tussel Wireless LLC,71,1,X,MI,882773b011fffff
260610006004017,10,1,15,15017189,300025,Bug Tussel Wireless LLC,71,1,X,MI,882773b011fffff
260610006004018,10,1,5,15017189,300025,Bug Tussel Wireless LLC,71,1,X,MI,882773b011fffff
260610006004019,10,1,27,15017189,300025,Bug Tussel Wireless LLC,71,1,X,MI,882773b011fffff
260610006004020,10,1,29,15017189,300025,Bug Tussel Wireless LLC,71,1,X,MI,882773b011fffff
260610006004021,10,1,9,15017189,300025,Bug Tussel Wireless LLC,71,1,X,MI,882773b011fffff
260610006004022,10,1,13,15017189,300025,Bug Tussel Wireless LLC,71,1,X,MI,882773b011fffff
260610006004023,10,1,27,15017189,300025,Bug Tussel Wireless LLC,71,1,X,MI,882773b011fffff
260610006004024,10,1,25,15017189,300025,Bug Tussel Wireless LLC,71,1,X,MI,882773b011fffff
260610006004025,10,1,24,15017189,300025,Bug Tussel Wireless LLC,71,1,X,MI,882773b011fffff
260610006004026,10,1,27,15017189,300025,Bug Tussel Wireless LLC,71,1,X,MI,882773b011fffff
260610006004029,10,1,9,15017189,300025,Bug Tussel Wireless LLC,71,1,X,MI,882773b011fffff
260610006004030,10,1,19,15017189,300025,Bug Tussel Wireless LLC,71,1,X,MI,882773b011fffff
260610006004031,10,1,3,15017189,300025,Bug Tussel Wireless LLC,71,1,X,MI,882773b01dfffff
260610006004032,10,1,27,15017189,300025,Bug Tussel Wireless LLC,71,1,X,MI,882773b011fffff
260610006004033,10,1,1,15017189,300025,Bug Tussel Wireless LLC,71,1,X,MI,882773b011fffff
260610006004034,10,1,2,15017189,300025,Bug Tussel Wireless LLC,71,1,X,MI,882773b011fffff
260610006004035,10,1,15,15017189,300025,Bug Tussel Wireless LLC,71,1,X,MI,882773b011fffff
260610006004036,10,1,17,15017189,300025,Bug Tussel Wireless LLC,71,1,X,MI,882773b011fffff
260610006004037,10,1,6,15017189,300025,Bug Tussel Wireless LLC,71,1,X,MI,882773b011fffff
260610007001000,10,1,38,15017189,300025,Bug Tussel Wireless LLC,71,1,X,MI,882773b1d3fffff
260610007001001,10,1,5,15017189,300025,Bug Tussel Wireless LLC,71,1,X,MI,882773b1dbfffff
260610007001003,10,1,27,15017189,300025,Bug Tussel Wireless LLC,71,1,X,MI,882773b18dfffff
260610007001004,10,1,1,15017189,300025,Bug Tussel Wireless LLC,71,1,X,MI,882773b1d5fffff
260610007001005,10,1,6,15017189,300025,Bug Tussel Wireless LLC,71,1,X,MI,882773a267fffff
260610007001006,10,1,3,15017189,300025,Bug Tussel Wireless LLC,71,1,X,MI,882773b1d1fffff
260610007001007,10,1,14,15017189,300025,Bug Tussel Wireless LLC,71,1,X,MI,882773b1e7fffff
260610007001008,10,1,2,15017189,300025,Bug Tussel Wireless LLC,71,1,X,MI,882773b1e7fffff
260610007001009,10,1,1,15017189,300025,Bug Tussel Wireless LLC,71,1,X,MI,882773b1e5fffff
260610007001010,10,1,2,15017189,300025,Bug Tussel Wireless LLC,71,1,X,MI,882773b1edfffff
260610007001012,10,1,1,15017189,300025,Bug Tussel Wireless LLC,71,1,X,MI,882773b1edfffff
260610007001029,10,1,13,15017189,300025,Bug Tussel Wireless LLC,71,1,X,MI,882773b191fffff
260610007001030,10,1,5,15017189,300025,Bug Tussel Wireless LLC,71,1,X,MI,882773b1d3fffff
260610007001031,10,1,8,15017189,300025,Bug Tussel Wireless LLC,71,1,X,MI,882773a261fffff
260610007001032,10,1,9,15017189,300025,Bug Tussel Wireless LLC,71,1,X,MI,882773a261fffff
260610007001033,10,1,17,15017189,300025,Bug Tussel Wireless LLC,71,1,X,MI,882773a269fffff
260610007001034,10,1,5,15017189,300025,Bug Tussel Wireless LLC,71,1,X,MI,882773a267fffff
260610007001035,10,1,5,15017189,300025,Bug Tussel Wireless LLC,71,1,X,MI,882773b193fffff
260610007001036,10,1,9,15017189,300025,Bug Tussel Wireless LLC,71,1,X,MI,882773b193fffff
260610007001037,10,1,16,15017189,300025,Bug Tussel Wireless LLC,71,1,X,MI,882773a261fffff
260610007001038,10,1,8,15017189,300025,Bug Tussel Wireless LLC,71,1,X,MI,882773a267fffff
260610007001039,10,1,2,15017189,300025,Bug Tussel Wireless LLC,71,1,X,MI,882773b193fffff
260610007001040,10,1,10,15017189,300025,Bug Tussel Wireless LLC,71,1,X,MI,882773a22dfffff
260610007001041,10,1,17,15017189,300025,Bug Tussel Wireless LLC,71,1,X,MI,882773a24dfffff
260610007001042,10,1,1,15017189,300025,Bug Tussel Wireless LLC,71,1,X,MI,882773a263fffff
260610007001043,10,1,1,15017189,300025,Bug Tussel Wireless LLC,71,1,X,MI,882773b193fffff
260610007001045,10,1,11,15017189,300025,Bug Tussel Wireless LLC,71,1,X,MI,882773a24dfffff
260610007001046,10,1,1,15017189,300025,Bug Tussel Wireless LLC,71,1,X,MI,882773a243fffff
260610007001047,10,1,1,15017189,300025,Bug Tussel Wireless LLC,71,1,X,MI,882773a243fffff
260610007001048,10,1,6,15017189,300025,Bug Tussel Wireless LLC,71,1,X,MI,882773a203fffff
260610007001049,10,1,11,15017189,300025,Bug Tussel Wireless LLC,71,1,X,MI,882773b193fffff
260610007001050,10,1,6,15017189,300025,Bug Tussel Wireless LLC,71,1,X,MI,882773b193fffff
260610007001051,10,1,2,15017189,300025,Bug Tussel Wireless LLC,71,1,X,MI,882773b193fffff
260610007001052,10,1,7,15017189,300025,Bug Tussel Wireless LLC,71,1,X,MI,882773b193fffff
260610007001053,10,1,22,15017189,300025,Bug Tussel Wireless LLC,71,1,X,MI,882773a22dfffff
260610007001057,10,1,7,15017189,300025,Bug Tussel Wireless LLC,71,1,X,MI,882773a22dfffff
260610007001058,10,1,9,15017189,300025,Bug Tussel Wireless LLC,71,1,X,MI,882773a22dfffff
260610007001059,10,1,1,15017189,300025,Bug Tussel Wireless LLC,71,1,X,MI,882773a22dfffff
260610007001061,10,1,2,15017189,300025,Bug Tussel Wireless LLC,71,1,X,MI,882773a22dfffff
260610007001062,10,1,1,15017189,300025,Bug Tussel Wireless LLC,71,1,X,MI,882773b193fffff
260610007001063,10,1,2,15017189,300025,Bug Tussel Wireless LLC,71,1,X,MI,882773a261fffff
260610007001064,10,1,4,15017189,300025,Bug Tussel Wireless LLC,71,1,X,MI,882773a261fffff
260610007001065,10,1,1,15017189,300025,Bug Tussel Wireless LLC,71,1,X,MI,882773a261fffff
260610007001066,10,1,5,15017189,300025,Bug Tussel Wireless LLC,71,1,X,MI,882773a261fffff
260610007001067,10,1,10,15017189,300025,Bug Tussel Wireless LLC,71,1,X,MI,882773a267fffff
260610007001068,10,1,3,15017189,300025,Bug Tussel Wireless LLC,71,1,X,MI,882773a261fffff
260610007001069,10,1,6,15017189,300025,Bug Tussel Wireless LLC,71,1,X,MI,882773a267fffff
260610007001070,10,1,5,15017189,300025,Bug Tussel Wireless LLC,71,1,X,MI,882773b193fffff
260610007001071,10,1,6,15017189,300025,Bug Tussel Wireless LLC,71,1,X,MI,882773a261fffff
260610007001074,10,1,2,15017189,300025,Bug Tussel Wireless LLC,71,1,X,MI,882773a22dfffff
260610007001075,10,1,8,15017189,300025,Bug Tussel Wireless LLC,71,1,X,MI,882773a22dfffff
260610007001076,10,1,5,15017189,300025,Bug Tussel Wireless LLC,71,1,X,MI,882773a22dfffff
260610007001078,10,1,2,15017189,300025,Bug Tussel Wireless LLC,71,1,X,MI,882773a22dfffff
260610007001079,10,1,2,15017189,300025,Bug Tussel Wireless LLC,71,1,X,MI,882773a22dfffff
260610007001080,10,1,11,15017189,300025,Bug Tussel Wireless LLC,71,1,X,MI,882773a22dfffff
260610007002005,10,1,21,15017189,300025,Bug Tussel Wireless LLC,71,1,X,MI,882773b321fffff
260610007002006,10,1,26,15017189,300025,Bug Tussel Wireless LLC,71,1,X,MI,882773b147fffff
260610007002007,10,1,13,15017189,300025,Bug Tussel Wireless LLC,71,1,X,MI,882773b35dfffff
260610007002008,10,1,7,15017189,300025,Bug Tussel Wireless LLC,71,1,X,MI,882773b30bfffff
260610007002014,10,1,23,15017189,300025,Bug Tussel Wireless LLC,71,1,X,MI,882773b149fffff
260610007002017,10,1,10,15017189,300025,Bug Tussel Wireless LLC,71,1,X,MI,882773b06dfffff
260610007002018,10,1,2,15017189,300025,Bug Tussel Wireless LLC,71,1,X,MI,882773b061fffff
260610007002019,10,1,19,15017189,300025,Bug Tussel Wireless LLC,71,1,X,MI,882773b06dfffff
260610007002020,10,1,2,15017189,300025,Bug Tussel Wireless LLC,71,1,X,MI,882773b15bfffff
260610007002021,10,1,3,15017189,300025,Bug Tussel Wireless LLC,71,1,X,MI,882773b14bfffff
260610007002022,10,1,29,15017189,300025,Bug Tussel Wireless LLC,71,1,X,MI,882773b005fffff
260610007002023,10,1,5,15017189,300025,Bug Tussel Wireless LLC,71,1,X,MI,882773b007fffff
260610007002025,10,1,2,15017189,300025,Bug Tussel Wireless LLC,71,1,X,MI,882773b155fffff
260610007002026,10,1,10,15017189,300025,Bug Tussel Wireless LLC,71,1,X,MI,882773b155fffff
260610007002027,10,1,27,15017189,300025,Bug Tussel Wireless LLC,71,1,X,MI,882773b105fffff
260610007002028,10,1,3,15017189,300025,Bug Tussel Wireless LLC,71,1,X,MI,882773b039fffff
260610007002029,10,1,1,15017189,300025,Bug Tussel Wireless LLC,71,1,X,MI,882773b031fffff
260610007002030,10,1,15,15017189,300025,Bug Tussel Wireless LLC,71,1,X,MI,882773b027fffff
260610007002031,10,1,1,15017189,300025,Bug Tussel Wireless LLC,71,1,X,MI,882773b035fffff
260610007002032,10,1,6,15017189,300025,Bug Tussel Wireless LLC,71,1,X,MI,882773b025fffff
260610007002033,10,1,30,15017189,300025,Bug Tussel Wireless LLC,71,1,X,MI,882773b027fffff
260610007002034,10,1,1,15017189,300025,Bug Tussel Wireless LLC,71,1,X,MI,882773b151fffff
260610007002035,10,1,5,15017189,300025,Bug Tussel Wireless LLC,71,1,X,MI,882773b025fffff
260610007002036,10,1,3,15017189,300025,Bug Tussel Wireless LLC,71,1,X,MI,882773b151fffff
260610007002037,10,1,10,15017189,300025,Bug Tussel Wireless LLC,71,1,X,MI,882773b117fffff
260610007003027,10,1,22,15017189,300025,Bug Tussel Wireless LLC,71,1,X,MI,882773a221fffff
260610007003028,10,1,7,15017189,300025,Bug Tussel Wireless LLC,71,1,X,MI,882773a221fffff
260610007003029,10,1,8,15017189,300025,Bug Tussel Wireless LLC,71,1,X,MI,882773a221fffff
260610007003030,10,1,8,15017189,300025,Bug Tussel Wireless LLC,71,1,X,MI,882773a221fffff
260610007003031,10,1,16,15017189,300025,Bug Tussel Wireless LLC,71,1,X,MI,882773a2edfffff
260610007003032,10,1,9,15017189,300025,Bug Tussel Wireless LLC,71,1,X,MI,882773a2a1fffff
260610007003033,10,1,2,15017189,300025,Bug Tussel Wireless LLC,71,1,X,MI,882773a2e7fffff
260610007003034,10,1,2,15017189,300025,Bug Tussel Wireless LLC,71,1,X,MI,882773a207fffff
260610007003035,10,1,8,15017189,300025,Bug Tussel Wireless LLC,71,1,X,MI,882773a203fffff
260610007003044,10,1,1,15017189,300025,Bug Tussel Wireless LLC,71,1,X,MI,882773a085fffff
260610007003047,10,1,1,15017189,300025,Bug Tussel Wireless LLC,71,1,X,MI,882773a091fffff
260610007003048,10,1,6,15017189,300025,Bug Tussel Wireless LLC,71,1,X,MI,882773a091fffff
260610008001002,10,1,3,15017189,300025,Bug Tussel Wireless LLC,71,1,X,MI,882773b2b5fffff
260610008001027,10,1,8,15017189,300025,Bug Tussel Wireless LLC,71,1,X,MI,882773b0c9fffff
260610008001031,10,1,12,15017189,300025,Bug Tussel Wireless LLC,71,1,X,MI,882773b0c1fffff
260610008001032,10,1,6,15017189,300025,Bug Tussel Wireless LLC,71,1,X,MI,882773b0c9fffff
260610008001033,10,1,34,15017189,300025,Bug Tussel Wireless LLC,71,1,X,MI,882773b0c1fffff
260610008001034,10,1,30,15017189,300025,Bug Tussel Wireless LLC,71,1,X,MI,882773b0c9fffff
260610008001035,10,1,22,15017189,300025,Bug Tussel Wireless LLC,71,1,X,MI,882773b0cbfffff
260610008001036,10,1,6,15017189,300025,Bug Tussel Wireless LLC,71,1,X,MI,882773b0c9fffff
260610008001037,10,1,4,15017189,300025,Bug Tussel Wireless LLC,71,1,X,MI,882773b0cbfffff
260610008001038,10,1,10,15017189,300025,Bug Tussel Wireless LLC,71,1,X,MI,882773b0cbfffff
260610008001039,10,1,11,15017189,300025,Bug Tussel Wireless LLC,71,1,X,MI,882773b0c1fffff
260610008001040,10,1,3,15017189,300025,Bug Tussel Wireless LLC,71,1,X,MI,882773b0c1fffff
260610008001041,10,1,3,15017189,300025,Bug Tussel Wireless LLC,71,1,X,MI,882773b0c1fffff
260610008002002,10,1,58,15017189,300025,Bug Tussel Wireless LLC,71,1,X,MI,882773b2bbfffff
260610008002003,10,1,12,15017189,300025,Bug Tussel Wireless LLC,71,1,X,MI,882773b2b3fffff
260610008002005,10,1,4,15017189,300025,Bug Tussel Wireless LLC,71,1,X,MI,882773b2b1fffff
260610008002006,10,1,7,15017189,300025,Bug Tussel Wireless LLC,71,1,X,MI,882773b2b3fffff
260610008002008,10,1,1,15017189,300025,Bug Tussel Wireless LLC,71,1,X,MI,882773b76dfffff
260610008002009,10,1,6,15017189,300025,Bug Tussel Wireless LLC,71,1,X,MI,882773b2b1fffff
260610008002012,10,1,11,15017189,300025,Bug Tussel Wireless LLC,71,1,X,MI,882773b2b5fffff
260610008002013,10,1,3,15017189,300025,Bug Tussel Wireless LLC,71,1,X,MI,882773b2b5fffff
260610008002014,10,1,1,15017189,300025,Bug Tussel Wireless LLC,71,1,X,MI,882773b2b5fffff
260610008002015,10,1,1,15017189,300025,Bug Tussel Wireless LLC,71,1,X,MI,882773b2b5fffff
260610008002016,10,1,1,15017189,300025,Bug Tussel Wireless LLC,71,1,X,MI,882773b2b5fffff
260610008002020,10,1,2,15017189,300025,Bug Tussel Wireless LLC,71,1,X,MI,882773b2b1fffff
260610008002021,10,1,12,15017189,300025,Bug Tussel Wireless LLC,71,1,X,MI,882773b2b3fffff
260610008002022,10,1,3,15017189,300025,Bug Tussel Wireless LLC,71,1,X,MI,882773b2b3fffff
260610008002023,10,1,11,15017189,300025,Bug Tussel Wireless LLC,71,1,X,MI,882773b2b1fffff
260610008002024,10,1,8,15017189,300025,Bug Tussel Wireless LLC,71,1,X,MI,882773b2b3fffff
260610008003000,10,1,1,15017189,300025,Bug Tussel Wireless LLC,71,1,X,MI,882773b2b1fffff
260610008003008,10,1,1,15017189,300025,Bug Tussel Wireless LLC,71,1,X,MI,882773b2b5fffff
260610008003022,10,1,2,15017189,300025,Bug Tussel Wireless LLC,71,1,X,MI,882773b0c9fffff
260610008003024,10,1,16,15017189,300025,Bug Tussel Wireless LLC,71,1,X,MI,882773b0c9fffff
260610008003025,10,1,5,15017189,300025,Bug Tussel Wireless LLC,71,1,X,MI,882773b0c9fffff
260610008003026,10,1,13,15017189,300025,Bug Tussel Wireless LLC,71,1,X,MI,882773b2b5fffff
260610008003029,10,1,12,15017189,300025,Bug Tussel Wireless LLC,71,1,X,MI,882773b0c9fffff
260610008003030,10,1,3,15017189,300025,Bug Tussel Wireless LLC,71,1,X,MI,882773b0c9fffff
260610008003031,10,1,29,15017189,300025,Bug Tussel Wireless LLC,71,1,X,MI,882773b2b5fffff
260610008003032,10,1,10,15017189,300025,Bug Tussel Wireless LLC,71,1,X,MI,882773b2b5fffff
260610008003033,10,1,7,15017189,300025,Bug Tussel Wireless LLC,71,1,X,MI,882773b2b5fffff
260610008003034,10,1,1,15017189,300025,Bug Tussel Wireless LLC,71,1,X,MI,882773b2b5fffff
260610008003035,10,1,10,15017189,300025,Bug Tussel Wireless LLC,71,1,X,MI,882773b2b5fffff
260610008003036,10,1,49,15017189,300025,Bug Tussel Wireless LLC,71,1,X,MI,882773b0cbfffff
260610008003037,10,1,11,15017189,300025,Bug Tussel Wireless LLC,71,1,X,MI,882773b0cbfffff
260610008003038,10,1,5,15017189,300025,Bug Tussel Wireless LLC,71,1,X,MI,882773b0cbfffff
260610008003039,10,1,5,15017189,300025,Bug Tussel Wireless LLC,71,1,X,MI,882773b0cbfffff
260610008003040,10,1,7,15017189,300025,Bug Tussel Wireless LLC,71,1,X,MI,882773b0cbfffff
260610008003042,10,1,4,15017189,300025,Bug Tussel Wireless LLC,71,1,X,MI,882773b2b5fffff
260610008003043,10,1,12,15017189,300025,Bug Tussel Wireless LLC,71,1,X,MI,882773b2b5fffff
260610008003044,10,1,1,15017189,300025,Bug Tussel Wireless LLC,71,1,X,MI,882773b2b5fffff
260610008003045,10,1,1,15017189,300025,Bug Tussel Wireless LLC,71,1,X,MI,882773b2b5fffff
260610008003046,10,1,5,15017189,300025,Bug Tussel Wireless LLC,71,1,X,MI,882773b2b5fffff
260610008003047,10,1,7,15017189,300025,Bug Tussel Wireless LLC,71,1,X,MI,882773b2b5fffff
260610008003048,10,1,11,15017189,300025,Bug Tussel Wireless LLC,71,1,X,MI,882773b2b5fffff
260610008003049,10,1,14,15017189,300025,Bug Tussel Wireless LLC,71,1,X,MI,882773b2b5fffff
260610008003050,10,1,2,15017189,300025,Bug Tussel Wireless LLC,71,1,X,MI,882773b2b1fffff
260610008004002,10,1,38,15017189,300025,Bug Tussel Wireless LLC,71,1,X,MI,882773b729fffff
260610008004004,10,1,71,15017189,300025,Bug Tussel Wireless LLC,71,1,X,MI,882773b0ddfffff
260610008004005,10,1,13,15017189,300025,Bug Tussel Wireless LLC,71,1,X,MI,882773b2b3fffff
260610008004006,10,1,4,15017189,300025,Bug Tussel Wireless LLC,71,1,X,MI,882773b2b3fffff
260610008004007,10,1,4,15017189,300025,Bug Tussel Wireless LLC,71,1,X,MI,882773b0ddfffff
260610008004008,10,1,14,15017189,300025,Bug Tussel Wireless LLC,71,1,X,MI,882773b0cbfffff
260610008004009,10,1,8,15017189,300025,Bug Tussel Wireless LLC,71,1,X,MI,882773b0c3fffff
260610008004010,10,1,19,15017189,300025,Bug Tussel Wireless LLC,71,1,X,MI,882773b0c3fffff
260610008004011,10,1,4,15017189,300025,Bug Tussel Wireless LLC,71,1,X,MI,882773b0c3fffff
260610008004012,10,1,2,15017189,300025,Bug Tussel Wireless LLC,71,1,X,MI,882773b761fffff
260610008004013,10,1,27,15017189,300025,Bug Tussel Wireless LLC,71,1,X,MI,882773b761fffff
260610008004014,10,1,18,15017189,300025,Bug Tussel Wireless LLC,71,1,X,MI,882773b729fffff
260610009001002,10,1,1,15017189,300025,Bug Tussel Wireless LLC,71,1,X,MI,882773b039fffff
260610009001004,10,1,1,15017189,300025,Bug Tussel Wireless LLC,71,1,X,MI,882773b039fffff
260610009001005,10,1,36,15017189,300025,Bug Tussel Wireless LLC,71,1,X,MI,882773b005fffff
260610009001007,10,1,5,15017189,300025,Bug Tussel Wireless LLC,71,1,X,MI,882773b017fffff
260610009001009,10,1,23,15017189,300025,Bug Tussel Wireless LLC,71,1,X,MI,882773b0e5fffff
260610009001010,10,1,5,15017189,300025,Bug Tussel Wireless LLC,71,1,X,MI,882773b0e5fffff
260610009001011,10,1,1,15017189,300025,Bug Tussel Wireless LLC,71,1,X,MI,882773b0edfffff
260610009001012,10,1,25,15017189,300025,Bug Tussel Wireless LLC,71,1,X,MI,882773b1dbfffff
260610009001013,10,1,5,15017189,300025,Bug Tussel Wireless LLC,71,1,X,MI,882773b1dbfffff
260610009001014,10,1,10,15017189,300025,Bug Tussel Wireless LLC,71,1,X,MI,882773b1dbfffff
260610009001015,10,1,6,15017189,300025,Bug Tussel Wireless LLC,71,1,X,MI,882773b1dbfffff
260610009001016,10,1,5,15017189,300025,Bug Tussel Wireless LLC,71,1,X,MI,882773b1dbfffff
260610009001017,10,1,7,15017189,300025,Bug Tussel Wireless LLC,71,1,X,MI,882773b1dbfffff
260610009001018,10,1,16,15017189,300025,Bug Tussel Wireless LLC,71,1,X,MI,882773b037fffff
260610009001019,10,1,1,15017189,300025,Bug Tussel Wireless LLC,71,1,X,MI,882773b1d1fffff
260610009001020,10,1,26,15017189,300025,Bug Tussel Wireless LLC,71,1,X,MI,882773b035fffff
260610009001021,10,1,2,15017189,300025,Bug Tussel Wireless LLC,71,1,X,MI,882773b1d1fffff
260610009001022,10,1,7,15017189,300025,Bug Tussel Wireless LLC,71,1,X,MI,882773b1d1fffff
260610009001023,10,1,7,15017189,300025,Bug Tussel Wireless LLC,71,1,X,MI,882773b1d1fffff
260610009001024,10,1,4,15017189,300025,Bug Tussel Wireless LLC,71,1,X,MI,882773b017fffff
260610009001025,10,1,47,15017189,300025,Bug Tussel Wireless LLC,71,1,X,MI,882773b017fffff
260610009001026,10,1,13,15017189,300025,Bug Tussel Wireless LLC,71,1,X,MI,882773b0e9fffff
260610009001027,10,1,2,15017189,300025,Bug Tussel Wireless LLC,71,1,X,MI,882773b017fffff
260610009001028,10,1,9,15017189,300025,Bug Tussel Wireless LLC,71,1,X,MI,882773b0e9fffff
260610009001029,10,1,7,15017189,300025,Bug Tussel Wireless LLC,71,1,X,MI,882773b0e9fffff
260610009001031,10,1,14,15017189,300025,Bug Tussel Wireless LLC,71,1,X,MI,882773b017fffff
260610009001032,10,1,5,15017189,300025,Bug Tussel Wireless LLC,71,1,X,MI,882773b0e9fffff
260610009001033,10,1,21,15017189,300025,Bug Tussel Wireless LLC,71,1,X,MI,882773b013fffff
260610009001034,10,1,1,15017189,300025,Bug Tussel Wireless LLC,71,1,X,MI,882773b013fffff
260610009001035,10,1,1,15017189,300025,Bug Tussel Wireless LLC,71,1,X,MI,882773b013fffff
260610009001039,10,1,1,15017189,300025,Bug Tussel Wireless LLC,71,1,X,MI,882773b013fffff
260610009001040,10,1,4,15017189,300025,Bug Tussel Wireless LLC,71,1,X,MI,882773b0c5fffff
260610009001041,10,1,13,15017189,300025,Bug Tussel Wireless LLC,71,1,X,MI,882773b0e9fffff
260610009001042,10,1,20,15017189,300025,Bug Tussel Wireless LLC,71,1,X,MI,882773b013fffff
260610009001043,10,1,2,15017189,300025,Bug Tussel Wireless LLC,71,1,X,MI,882773b0c5fffff
260610009001044,10,1,34,15017189,300025,Bug Tussel Wireless LLC,71,1,X,MI,882773b0e9fffff
260610009001045,10,1,5,15017189,300025,Bug Tussel Wireless LLC,71,1,X,MI,882773b0e9fffff
260610009001046,10,1,18,15017189,300025,Bug Tussel Wireless LLC,71,1,X,MI,882773b0e9fffff
260610009001047,10,1,5,15017189,300025,Bug Tussel Wireless LLC,71,1,X,MI,882773b0e9fffff
260610009001048,10,1,17,15017189,300025,Bug Tussel Wireless LLC,71,1,X,MI,882773b0e7fffff
260610009001051,10,1,1,15017189,300025,Bug Tussel Wireless LLC,71,1,X,MI,882773b0e1fffff
260610009001053,10,1,47,15017189,300025,Bug Tussel Wireless LLC,71,1,X,MI,882773b0c5fffff
260610009001054,10,1,20,15017189,300025,Bug Tussel Wireless LLC,71,1,X,MI,882773b0ebfffff
260610009001055,10,1,25,15017189,300025,Bug Tussel Wireless LLC,71,1,X,MI,882773b0ebfffff
260610009001058,10,1,6,15017189,300025,Bug Tussel Wireless LLC,71,1,X,MI,882773b0e7fffff
260610009001063,10,1,23,15017189,300025,Bug Tussel Wireless LLC,71,1,X,MI,882773b1e1fffff
260610009001067,10,1,2,15017189,300025,Bug Tussel Wireless LLC,71,1,X,MI,882773b0a5fffff
260610009001068,10,1,8,15017189,300025,Bug Tussel Wireless LLC,71,1,X,MI,882773b0adfffff
260610009001069,10,1,23,15017189,300025,Bug Tussel Wireless LLC,71,1,X,MI,882773b0adfffff
260610009001070,10,1,8,15017189,300025,Bug Tussel Wireless LLC,71,1,X,MI,882773b1dbfffff
260610009001071,10,1,13,15017189,300025,Bug Tussel Wireless LLC,71,1,X,MI,882773b1dbfffff
260610009001072,10,1,16,15017189,300025,Bug Tussel Wireless LLC,71,1,X,MI,882773b18dfffff
260610009001073,10,1,3,15017189,300025,Bug Tussel Wireless LLC,71,1,X,MI,882773b189fffff
260610009001074,10,1,10,15017189,300025,Bug Tussel Wireless LLC,71,1,X,MI,882773b0adfffff
260610009001075,10,1,12,15017189,300025,Bug Tussel Wireless LLC,71,1,X,MI,882773b0adfffff
260610009001077,10,1,16,15017189,300025,Bug Tussel Wireless LLC,71,1,X,MI,882773b1dbfffff
260610009001078,10,1,8,15017189,300025,Bug Tussel Wireless LLC,71,1,X,MI,882773b1dbfffff
260610009001079,10,1,3,15017189,300025,Bug Tussel Wireless LLC,71,1,X,MI,882773b1dbfffff
260610009001080,10,1,7,15017189,300025,Bug Tussel Wireless LLC,71,1,X,MI,882773b1d3fffff
260610009001081,10,1,8,15017189,300025,Bug Tussel Wireless LLC,71,1,X,MI,882773b0adfffff
260610009001082,10,1,3,15017189,300025,Bug Tussel Wireless LLC,71,1,X,MI,882773b1d3fffff
260610009001083,10,1,3,15017189,300025,Bug Tussel Wireless LLC,71,1,X,MI,882773b1e3fffff
260610009001084,10,1,18,15017189,300025,Bug Tussel Wireless LLC,71,1,X,MI,882773b0bdfffff
260610009002000,10,1,12,15017189,300025,Bug Tussel Wireless LLC,71,1,X,MI,882773a24dfffff
260610009002001,10,1,3,15017189,300025,Bug Tussel Wireless LLC,71,1,X,MI,882773b193fffff
260610009002002,10,1,5,15017189,300025,Bug Tussel Wireless LLC,71,1,X,MI,882773b191fffff
260610009002003,10,1,2,15017189,300025,Bug Tussel Wireless LLC,71,1,X,MI,882773b193fffff
260610009002004,10,1,9,15017189,300025,Bug Tussel Wireless LLC,71,1,X,MI,882773b193fffff
260610009002005,10,1,13,15017189,300025,Bug Tussel Wireless LLC,71,1,X,MI,882773b193fffff
260610009002006,10,1,14,15017189,300025,Bug Tussel Wireless LLC,71,1,X,MI,882773b193fffff
260610009002007,10,1,3,15017189,300025,Bug Tussel Wireless LLC,71,1,X,MI,882773b193fffff
260610009002008,10,1,8,15017189,300025,Bug Tussel Wireless LLC,71,1,X,MI,882773b193fffff
260610009002009,10,1,9,15017189,300025,Bug Tussel Wireless LLC,71,1,X,MI,882773b193fffff
260610009002010,10,1,5,15017189,300025,Bug Tussel Wireless LLC,71,1,X,MI,882773b193fffff
260610009002011,10,1,17,15017189,300025,Bug Tussel Wireless LLC,71,1,X,MI,882773b193fffff
260610009002012,10,1,15,15017189,300025,Bug Tussel Wireless LLC,71,1,X,MI,882773b193fffff
260610009002013,10,1,12,15017189,300025,Bug Tussel Wireless LLC,71,1,X,MI,882773b193fffff
260610009002014,10,1,15,15017189,300025,Bug Tussel Wireless LLC,71,1,X,MI,882773b193fffff
260610009002015,10,1,13,15017189,300025,Bug Tussel Wireless LLC,71,1,X,MI,882773b193fffff
260610009002016,10,1,13,15017189,300025,Bug Tussel Wireless LLC,71,1,X,MI,882773b193fffff
260610009002017,10,1,17,15017189,300025,Bug Tussel Wireless LLC,71,1,X,MI,882773b193fffff
260610009002018,10,1,12,15017189,300025,Bug Tussel Wireless LLC,71,1,X,MI,882773b193fffff
260610009002019,10,1,12,15017189,300025,Bug Tussel Wireless LLC,71,1,X,MI,882773b193fffff
260610009002020,10,1,16,15017189,300025,Bug Tussel Wireless LLC,71,1,X,MI,882773b193fffff
260610009002021,10,1,17,15017189,300025,Bug Tussel Wireless LLC,71,1,X,MI,882773b193fffff
260610009002022,10,1,15,15017189,300025,Bug Tussel Wireless LLC,71,1,X,MI,882773b193fffff
260610009002023,10,1,2,15017189,300025,Bug Tussel Wireless LLC,71,1,X,MI,882773a24dfffff
260610009002024,10,1,13,15017189,300025,Bug Tussel Wireless LLC,71,1,X,MI,882773a24dfffff
260610009002025,10,1,8,15017189,300025,Bug Tussel Wireless LLC,71,1,X,MI,882773a245fffff
260610009002026,10,1,4,15017189,300025,Bug Tussel Wireless LLC,71,1,X,MI,882773a24dfffff
260610009002028,10,1,5,15017189,300025,Bug Tussel Wireless LLC,71,1,X,MI,882773a247fffff
260610009002029,10,1,9,15017189,300025,Bug Tussel Wireless LLC,71,1,X,MI,882773a241fffff
260610009002030,10,1,4,15017189,300025,Bug Tussel Wireless LLC,71,1,X,MI,882773a243fffff
260610009002031,10,1,7,15017189,300025,Bug Tussel Wireless LLC,71,1,X,MI,882773a24bfffff
260610009002032,10,1,19,15017189,300025,Bug Tussel Wireless LLC,71,1,X,MI,882773a259fffff
260610009002033,10,1,8,15017189,300025,Bug Tussel Wireless LLC,71,1,X,MI,882773b193fffff
260610009002034,10,1,2,15017189,300025,Bug Tussel Wireless LLC,71,1,X,MI,882773b193fffff
260610009002035,10,1,10,15017189,300025,Bug Tussel Wireless LLC,71,1,X,MI,882773b193fffff
260610009002036,10,1,5,15017189,300025,Bug Tussel Wireless LLC,71,1,X,MI,882773a245fffff
260610009002037,10,1,9,15017189,300025,Bug Tussel Wireless LLC,71,1,X,MI,882773a24dfffff
260610009002038,10,1,10,15017189,300025,Bug Tussel Wireless LLC,71,1,X,MI,882773a24dfffff
260610009003000,10,1,6,15017189,300025,Bug Tussel Wireless LLC,71,1,X,MI,882773b0c1fffff
260610009003001,10,1,4,15017189,300025,Bug Tussel Wireless LLC,71,1,X,MI,882773b0c1fffff
260610009003002,10,1,13,15017189,300025,Bug Tussel Wireless LLC,71,1,X,MI,882773b0c1fffff
260610009003003,10,1,10,15017189,300025,Bug Tussel Wireless LLC,71,1,X,MI,882773b0c1fffff
260610009003004,10,1,5,15017189,300025,Bug Tussel Wireless LLC,71,1,X,MI,882773b0c1fffff
260610009003005,10,1,28,15017189,300025,Bug Tussel Wireless LLC,71,1,X,MI,882773b0c1fffff
260610009003006,10,1,8,15017189,300025,Bug Tussel Wireless LLC,71,1,X,MI,882773b0c1fffff
260610009003007,10,1,5,15017189,300025,Bug Tussel Wireless LLC,71,1,X,MI,882773b0c1fffff
260610009003008,10,1,8,15017189,300025,Bug Tussel Wireless LLC,71,1,X,MI,882773b0c1fffff
260610009003009,10,1,5,15017189,300025,Bug Tussel Wireless LLC,71,1,X,MI,882773b0c1fffff
260610009003010,10,1,45,15017189,300025,Bug Tussel Wireless LLC,71,1,X,MI,882773b0c5fffff
260610009003011,10,1,10,15017189,300025,Bug Tussel Wireless LLC,71,1,X,MI,882773b0c5fffff
260610009003012,10,1,6,15017189,300025,Bug Tussel Wireless LLC,71,1,X,MI,882773b013fffff
260610009003013,10,1,2,15017189,300025,Bug Tussel Wireless LLC,71,1,X,MI,882773b0c5fffff
260610009003014,10,1,7,15017189,300025,Bug Tussel Wireless LLC,71,1,X,MI,882773b0c5fffff
260610009003015,10,1,11,15017189,300025,Bug Tussel Wireless LLC,71,1,X,MI,882773b0c5fffff
260610009003016,10,1,2,15017189,300025,Bug Tussel Wireless LLC,71,1,X,MI,882773b0ebfffff
260610009003017,10,1,4,15017189,300025,Bug Tussel Wireless LLC,71,1,X,MI,882773b0c5fffff
260610009003018,10,1,1,15017189,300025,Bug Tussel Wireless LLC,71,1,X,MI,882773b0ebfffff
260610009003019,10,1,23,15017189,300025,Bug Tussel Wireless LLC,71,1,X,MI,882773b08dfffff
260610009003021,10,1,1,15017189,300025,Bug Tussel Wireless LLC,71,1,X,MI,882773b0ebfffff
260610009003023,10,1,17,15017189,300025,Bug Tussel Wireless LLC,71,1,X,MI,882773b081fffff
260610009003024,10,1,45,15017189,300025,Bug Tussel Wireless LLC,71,1,X,MI,882773b083fffff
260610009003025,10,1,11,15017189,300025,Bug Tussel Wireless LLC,71,1,X,MI,882773b081fffff
260610009003026,10,1,3,15017189,300025,Bug Tussel Wireless LLC,71,1,X,MI,882773b081fffff
260610009003027,10,1,16,15017189,300025,Bug Tussel Wireless LLC,71,1,X,MI,882773b081fffff
260610009003028,10,1,11,15017189,300025,Bug Tussel Wireless LLC,71,1,X,MI,882773b081fffff
260610009003029,10,1,30,15017189,300025,Bug Tussel Wireless LLC,71,1,X,MI,882773b081fffff
260610009003031,10,1,28,15017189,300025,Bug Tussel Wireless LLC,71,1,X,MI,882773b0d5fffff
260610009003033,10,1,7,15017189,300025,Bug Tussel Wireless LLC,71,1,X,MI,882773b0c1fffff
260610009003034,10,1,9,15017189,300025,Bug Tussel Wireless LLC,71,1,X,MI,882773b0c1fffff
260610009003035,10,1,6,15017189,300025,Bug Tussel Wireless LLC,71,1,X,MI,882773b0c1fffff
260610009003036,10,1,4,15017189,300025,Bug Tussel Wireless LLC,71,1,X,MI,882773b0c1fffff
260610009003037,10,1,10,15017189,300025,Bug Tussel Wireless LLC,71,1,X,MI,882773b081fffff
260610009003038,10,1,8,15017189,300025,Bug Tussel Wireless LLC,71,1,X,MI,882773b085fffff
260610009003039,10,1,47,15017189,300025,Bug Tussel Wireless LLC,71,1,X,MI,882773b093fffff
260610009003040,10,1,64,15017189,300025,Bug Tussel Wireless LLC,71,1,X,MI,882773b723fffff
260610009003041,10,1,6,15017189,300025,Bug Tussel Wireless LLC,71,1,X,MI,882773b081fffff
260610009003042,10,1,9,15017189,300025,Bug Tussel Wireless LLC,71,1,X,MI,882773b081fffff
260610009003043,10,1,17,15017189,300025,Bug Tussel Wireless LLC,71,1,X,MI,882773b0c3fffff
260610009003046,10,1,1,15017189,300025,Bug Tussel Wireless LLC,71,1,X,MI,882773b0c1fffff
260610009003047,10,1,3,15017189,300025,Bug Tussel Wireless LLC,71,1,X,MI,882773b0b7fffff
260610009003049,10,1,9,15017189,300025,Bug Tussel Wireless LLC,71,1,X,MI,882773b0c1fffff
260610009004019,10,1,4,15017189,300025,Bug Tussel Wireless LLC,71,1,X,MI,882773b0cdfffff
260610009004020,10,1,4,15017189,300025,Bug Tussel Wireless LLC,71,1,X,MI,882773b0cdfffff
260610009004026,10,1,6,15017189,300025,Bug Tussel Wireless LLC,71,1,X,MI,882773b0cdfffff
260610009004027,10,1,7,15017189,300025,Bug Tussel Wireless LLC,71,1,X,MI,882773b0cdfffff
260610009004028,10,1,3,15017189,300025,Bug Tussel Wireless LLC,71,1,X,MI,882773b0cdfffff
260610009004029,10,1,10,15017189,300025,Bug Tussel Wireless LLC,71,1,X,MI,882773b0cdfffff
260610009004031,10,1,7,15017189,300025,Bug Tussel Wireless LLC,71,1,X,MI,882773b0cdfffff
260610009004032,10,1,1,15017189,300025,Bug Tussel Wireless LLC,71,1,X,MI,882773b0cdfffff
260610009004033,10,1,5,15017189,300025,Bug Tussel Wireless LLC,71,1,X,MI,882773b0cdfffff
260610009004035,10,1,12,15017189,300025,Bug Tussel Wireless LLC,71,1,X,MI,882773b0cdfffff
260610009004036,10,1,10,15017189,300025,Bug Tussel Wireless LLC,71,1,X,MI,882773b0cdfffff
260610009004037,10,1,2,15017189,300025,Bug Tussel Wireless LLC,71,1,X,MI,882773b0cdfffff
260610009004038,10,1,11,15017189,300025,Bug Tussel Wireless LLC,71,1,X,MI,882773b0cdfffff
260610009004039,10,1,9,15017189,300025,Bug Tussel Wireless LLC,71,1,X,MI,882773b0cdfffff
260610009004040,10,1,12,15017189,300025,Bug Tussel Wireless LLC,71,1,X,MI,882773b0cdfffff
260610009004041,10,1,13,15017189,300025,Bug Tussel Wireless LLC,71,1,X,MI,882773b0cdfffff
260610009004042,10,1,5,15017189,300025,Bug Tussel Wireless LLC,71,1,X,MI,882773b0cdfffff
260610009004043,10,1,13,15017189,300025,Bug Tussel Wireless LLC,71,1,X,MI,882773b0cdfffff
260610010001001,10,1,68,15017189,300025,Bug Tussel Wireless LLC,71,1,X,MI,882773b723fffff
260610010001002,10,1,42,15017189,300025,Bug Tussel Wireless LLC,71,1,X,MI,882773b549fffff
260610010001004,10,1,19,15017189,300025,Bug Tussel Wireless LLC,71,1,X,MI,882773b55dfffff
260610010001006,10,1,24,15017189,300025,Bug Tussel Wireless LLC,71,1,X,MI,882773b555fffff
260610010001007,10,1,9,15017189,300025,Bug Tussel Wireless LLC,71,1,X,MI,882773b56bfffff
260610010001008,10,1,46,15017189,300025,Bug Tussel Wireless LLC,71,1,X,MI,882773a259fffff
260610010001009,10,1,17,15017189,300025,Bug Tussel Wireless LLC,71,1,X,MI,882773a257fffff
260610010001010,10,1,9,15017189,300025,Bug Tussel Wireless LLC,71,1,X,MI,882773a21bfffff
260610010001011,10,1,2,15017189,300025,Bug Tussel Wireless LLC,71,1,X,MI,882773a23bfffff
260610010001012,10,1,9,15017189,300025,Bug Tussel Wireless LLC,71,1,X,MI,882773a2edfffff
260610010001013,10,1,18,15017189,300025,Bug Tussel Wireless LLC,71,1,X,MI,882773a2a1fffff
260610010001018,10,1,11,15017189,300025,Bug Tussel Wireless LLC,71,1,X,MI,882773a2c9fffff
260610010001019,10,1,15,15017189,300025,Bug Tussel Wireless LLC,71,1,X,MI,882773b531fffff
260610010001020,10,1,15,15017189,300025,Bug Tussel Wireless LLC,71,1,X,MI,882773a2cbfffff
260610010001022,10,1,1,15017189,300025,Bug Tussel Wireless LLC,71,1,X,MI,882773a289fffff
260610010001023,10,1,17,15017189,300025,Bug Tussel Wireless LLC,71,1,X,MI,882773a765fffff
260610010001024,10,1,14,15017189,300025,Bug Tussel Wireless LLC,71,1,X,MI,882773a0d3fffff
260610010001029,10,1,2,15017189,300025,Bug Tussel Wireless LLC,71,1,X,MI,882773a091fffff
260610010001030,10,1,6,15017189,300025,Bug Tussel Wireless LLC,71,1,X,MI,882773a091fffff
260610010001032,10,1,2,15017189,300025,Bug Tussel Wireless LLC,71,1,X,MI,882773a09bfffff
260610010001033,10,1,13,15017189,300025,Bug Tussel Wireless LLC,71,1,X,MI,882773b505fffff
260610010001034,10,1,15,15017189,300025,Bug Tussel Wireless LLC,71,1,X,MI,882773b555fffff
260610010002002,10,1,1,15017189,300025,Bug Tussel Wireless LLC,71,1,X,MI,882773b51bfffff
260610010002005,10,1,46,15017189,300025,Bug Tussel Wireless LLC,71,1,X,MI,882773b43bfffff
260610010002017,10,1,1,15017189,300025,Bug Tussel Wireless LLC,71,1,X,MI,882773b503fffff
260610010002018,10,1,6,15017189,300025,Bug Tussel Wireless LLC,71,1,X,MI,882773b53dfffff
260610010002020,10,1,10,15017189,300025,Bug Tussel Wireless LLC,71,1,X,MI,882773a2dbfffff
260610010002021,10,1,4,15017189,300025,Bug Tussel Wireless LLC,71,1,X,MI,882773b51bfffff
260610010002022,10,1,3,15017189,300025,Bug Tussel Wireless LLC,71,1,X,MI,882773b519fffff
260610010002023,10,1,8,15017189,300025,Bug Tussel Wireless LLC,71,1,X,MI,882773b58dfffff
260610010002026,10,1,2,15017189,300025,Bug Tussel Wireless LLC,71,1,X,MI,882773b5abfffff
260610010002030,10,1,42,15017189,300025,Bug Tussel Wireless LLC,71,1,X,MI,882773a645fffff
260610010002031,10,1,4,15017189,300025,Bug Tussel Wireless LLC,71,1,X,MI,882773a649fffff
260610010002032,10,1,14,15017189,300025,Bug Tussel Wireless LLC,71,1,X,MI,882773b5d7fffff
260610010002033,10,1,4,15017189,300025,Bug Tussel Wireless LLC,71,1,X,MI,882773b5c3fffff
260610010002035,10,1,8,15017189,300025,Bug Tussel Wireless LLC,71,1,X,MI,882773a64bfffff
260610010002036,10,1,14,15017189,300025,Bug Tussel Wireless LLC,71,1,X,MI,882773b5d1fffff
260610010002037,10,1,29,15017189,300025,Bug Tussel Wireless LLC,71,1,X,MI,882773b5ddfffff
260610010002040,10,1,34,15017189,300025,Bug Tussel Wireless LLC,71,1,X,MI,882773b5ebfffff
260610010002043,10,1,5,15017189,300025,Bug Tussel Wireless LLC,71,1,X,MI,882773b51bfffff
260610010002044,10,1,3,15017189,300025,Bug Tussel Wireless LLC,71,1,X,MI,882773b5c5fffff
260610010002045,10,1,3,15017189,300025,Bug Tussel Wireless LLC,71,1,X,MI,882773a721fffff
260610010002053,10,1,7,15017189,300025,Bug Tussel Wireless LLC,71,1,X,MI,882773a73bfffff
260610010002056,10,1,14,15017189,300025,Bug Tussel Wireless LLC,71,1,X,MI,882773a73bfffff
260799504001004,10,1,3,15017189,300025,Bug Tussel Wireless LLC,71,1,X,MI,88276a4599fffff
260799506021018,10,1,4,15017189,300025,Bug Tussel Wireless LLC,71,1,X,MI,88276a4507fffff
260799506021062,10,1,1,15017189,300025,Bug Tussel Wireless LLC,71,1,X,MI,88276a45cbfffff
260799506021066,10,1,7,15017189,300025,Bug Tussel Wireless LLC,71,1,X,MI,88276a45d9fffff
260799506021067,10,1,13,15017189,300025,Bug Tussel Wireless LLC,71,1,X,MI,88276a44e5fffff
260799506021071,10,1,31,15017189,300025,Bug Tussel Wireless LLC,71,1,X,MI,88276a45d9fffff
260799506021072,10,1,11,15017189,300025,Bug Tussel Wireless LLC,71,1,X,MI,88276a45d9fffff
260799506022000,10,1,2,15017189,300025,Bug Tussel Wireless LLC,71,1,X,MI,88276a45dbfffff
260799506022001,10,1,8,15017189,300025,Bug Tussel Wireless LLC,71,1,X,MI,88276a45d9fffff
260799506022033,10,1,3,15017189,300025,Bug Tussel Wireless LLC,71,1,X,MI,88276a45dbfffff
260799506022034,10,1,5,15017189,300025,Bug Tussel Wireless LLC,71,1,X,MI,88276a4599fffff
260799506022035,10,1,8,15017189,300025,Bug Tussel Wireless LLC,71,1,X,MI,88276a4591fffff
260799506022037,10,1,1,15017189,300025,Bug Tussel Wireless LLC,71,1,X,MI,88276a4591fffff
260799506022039,10,1,10,15017189,300025,Bug Tussel Wireless LLC,71,1,X,MI,88276a4599fffff
260830001001191,10,1,1,15017189,300025,Bug Tussel Wireless LLC,71,1,X,MI,882771409bfffff
260830001001196,10,1,1,15017189,300025,Bug Tussel Wireless LLC,71,1,X,MI,8827714725fffff
261030013002045,10,1,1,15017189,300025,Bug Tussel Wireless LLC,71,1,X,MI,88274448e7fffff
261030013003000,10,1,1,15017189,300025,Bug Tussel Wireless LLC,71,1,X,MI,8827444925fffff
261030013003012,10,1,4,15017189,300025,Bug Tussel Wireless LLC,71,1,X,MI,88274686cdfffff
261030015001000,10,1,3,15017189,300025,Bug Tussel Wireless LLC,71,1,X,MI,8827469491fffff
261030015001002,10,1,74,15017189,300025,Bug Tussel Wireless LLC,71,1,X,MI,8827469487fffff
261030015001004,10,1,10,15017189,300025,Bug Tussel Wireless LLC,71,1,X,MI,88274694b9fffff
261030015001006,10,1,40,15017189,300025,Bug Tussel Wireless LLC,71,1,X,MI,88274694bdfffff
261030015001010,10,1,1,15017189,300025,Bug Tussel Wireless LLC,71,1,X,MI,88274694b5fffff
261030015001011,10,1,54,15017189,300025,Bug Tussel Wireless LLC,71,1,X,MI,88274694a3fffff
261030015001019,10,1,2,15017189,300025,Bug Tussel Wireless LLC,71,1,X,MI,88274694b3fffff
261030015001021,10,1,1,15017189,300025,Bug Tussel Wireless LLC,71,1,X,MI,882744496dfffff
261030015001022,10,1,4,15017189,300025,Bug Tussel Wireless LLC,71,1,X,MI,8827469493fffff
261030015001024,10,1,4,15017189,300025,Bug Tussel Wireless LLC,71,1,X,MI,8827469493fffff
261030015001026,10,1,15,15017189,300025,Bug Tussel Wireless LLC,71,1,X,MI,882744490dfffff
261030015001028,10,1,1,15017189,300025,Bug Tussel Wireless LLC,71,1,X,MI,88274694b3fffff
261030015001031,10,1,1,15017189,300025,Bug Tussel Wireless LLC,71,1,X,MI,8827468643fffff
261030015001033,10,1,1,15017189,300025,Bug Tussel Wireless LLC,71,1,X,MI,8827468659fffff
261030015001036,10,1,9,15017189,300025,Bug Tussel Wireless LLC,71,1,X,MI,882746865bfffff
261030015001037,10,1,12,15017189,300025,Bug Tussel Wireless LLC,71,1,X,MI,8827444929fffff
261030015001038,10,1,4,15017189,300025,Bug Tussel Wireless LLC,71,1,X,MI,882744492dfffff
261030015001039,10,1,15,15017189,300025,Bug Tussel Wireless LLC,71,1,X,MI,8827444967fffff
261030015001040,10,1,7,15017189,300025,Bug Tussel Wireless LLC,71,1,X,MI,8827468651fffff
261030015001043,10,1,1,15017189,300025,Bug Tussel Wireless LLC,71,1,X,MI,882744492dfffff
261030015001044,10,1,10,15017189,300025,Bug Tussel Wireless LLC,71,1,X,MI,8827468651fffff
261030015001046,10,1,1,15017189,300025,Bug Tussel Wireless LLC,71,1,X,MI,882746860bfffff
261030015001047,10,1,10,15017189,300025,Bug Tussel Wireless LLC,71,1,X,MI,882744492dfffff
261030015001051,10,1,1,15017189,300025,Bug Tussel Wireless LLC,71,1,X,MI,882746949bfffff
261030015001052,10,1,3,15017189,300025,Bug Tussel Wireless LLC,71,1,X,MI,88274694a3fffff
261030015002007,10,1,4,15017189,300025,Bug Tussel Wireless LLC,71,1,X,MI,882746943dfffff
261030015002008,10,1,1,15017189,300025,Bug Tussel Wireless LLC,71,1,X,MI,882746955bfffff
261030015002024,10,1,4,15017189,300025,Bug Tussel Wireless LLC,71,1,X,MI,88274695e9fffff
261030015002032,10,1,17,15017189,300025,Bug Tussel Wireless LLC,71,1,X,MI,88274695ebfffff
261030015002033,10,1,10,15017189,300025,Bug Tussel Wireless LLC,71,1,X,MI,88274695e7fffff
261030015002036,10,1,15,15017189,300025,Bug Tussel Wireless LLC,71,1,X,MI,8827469589fffff
261030015002037,10,1,1,15017189,300025,Bug Tussel Wireless LLC,71,1,X,MI,88274695c9fffff
261030015002039,10,1,68,15017189,300025,Bug Tussel Wireless LLC,71,1,X,MI,88274694abfffff
261030015002040,10,1,36,15017189,300025,Bug Tussel Wireless LLC,71,1,X,MI,8827469487fffff
261030015002041,10,1,3,15017189,300025,Bug Tussel Wireless LLC,71,1,X,MI,8827469487fffff
261030015002043,10,1,122,15017189,300025,Bug Tussel Wireless LLC,71,1,X,MI,882746959bfffff
261030015002044,10,1,3,15017189,300025,Bug Tussel Wireless LLC,71,1,X,MI,88274694a7fffff
261030015002045,10,1,6,15017189,300025,Bug Tussel Wireless LLC,71,1,X,MI,882746959dfffff
261030015002046,10,1,9,15017189,300025,Bug Tussel Wireless LLC,71,1,X,MI,88274694a1fffff
261030015002047,10,1,8,15017189,300025,Bug Tussel Wireless LLC,71,1,X,MI,88274694a3fffff
261030015002048,10,1,3,15017189,300025,Bug Tussel Wireless LLC,71,1,X,MI,88274694abfffff
261030015002050,10,1,3,15017189,300025,Bug Tussel Wireless LLC,71,1,X,MI,88274694a7fffff
261030015002051,10,1,2,15017189,300025,Bug Tussel Wireless LLC,71,1,X,MI,88274694a7fffff
261030015002053,10,1,6,15017189,300025,Bug Tussel Wireless LLC,71,1,X,MI,88274694a7fffff
261030015002054,10,1,11,15017189,300025,Bug Tussel Wireless LLC,71,1,X,MI,8827469591fffff
261030015002055,10,1,22,15017189,300025,Bug Tussel Wireless LLC,71,1,X,MI,8827469595fffff
261030016001000,10,1,56,15017189,300025,Bug Tussel Wireless LLC,71,1,X,MI,882746866bfffff
261030016001001,10,1,11,15017189,300025,Bug Tussel Wireless LLC,71,1,X,MI,882746866bfffff
261030016001002,10,1,23,15017189,300025,Bug Tussel Wireless LLC,71,1,X,MI,8827468661fffff
261030016001003,10,1,18,15017189,300025,Bug Tussel Wireless LLC,71,1,X,MI,882746866bfffff
261030016001004,10,1,10,15017189,300025,Bug Tussel Wireless LLC,71,1,X,MI,882746866bfffff
261030016001005,10,1,34,15017189,300025,Bug Tussel Wireless LLC,71,1,X,MI,8827468661fffff
261030016001006,10,1,16,15017189,300025,Bug Tussel Wireless LLC,71,1,X,MI,8827468661fffff
261030016001007,10,1,18,15017189,300025,Bug Tussel Wireless LLC,71,1,X,MI,8827468661fffff
261030016001008,10,1,16,15017189,300025,Bug Tussel Wireless LLC,71,1,X,MI,8827468661fffff
261030016001009,10,1,1,15017189,300025,Bug Tussel Wireless LLC,71,1,X,MI,8827468667fffff
261030016001010,10,1,12,15017189,300025,Bug Tussel Wireless LLC,71,1,X,MI,8827468667fffff
261030016001011,10,1,18,15017189,300025,Bug Tussel Wireless LLC,71,1,X,MI,8827468661fffff
261030016001012,10,1,25,15017189,300025,Bug Tussel Wireless LLC,71,1,X,MI,8827468663fffff
261030016001013,10,1,32,15017189,300025,Bug Tussel Wireless LLC,71,1,X,MI,8827468663fffff
261030016001014,10,1,21,15017189,300025,Bug Tussel Wireless LLC,71,1,X,MI,882746866bfffff
261030016001015,10,1,7,15017189,300025,Bug Tussel Wireless LLC,71,1,X,MI,8827468661fffff
261030016002000,10,1,16,15017189,300025,Bug Tussel Wireless LLC,71,1,X,MI,882746864dfffff
261030016002002,10,1,21,15017189,300025,Bug Tussel Wireless LLC,71,1,X,MI,8827469597fffff
261030016002003,10,1,74,15017189,300025,Bug Tussel Wireless LLC,71,1,X,MI,8827468661fffff
261030016002004,10,1,12,15017189,300025,Bug Tussel Wireless LLC,71,1,X,MI,8827468661fffff
261030016002005,10,1,14,15017189,300025,Bug Tussel Wireless LLC,71,1,X,MI,8827468645fffff
261030016002006,10,1,11,15017189,300025,Bug Tussel Wireless LLC,71,1,X,MI,8827468669fffff
261030016002008,10,1,7,15017189,300025,Bug Tussel Wireless LLC,71,1,X,MI,8827468645fffff
261030016002009,10,1,8,15017189,300025,Bug Tussel Wireless LLC,71,1,X,MI,8827468661fffff
261030016002010,10,1,8,15017189,300025,Bug Tussel Wireless LLC,71,1,X,MI,8827468661fffff
261030016002011,10,1,14,15017189,300025,Bug Tussel Wireless LLC,71,1,X,MI,8827468661fffff
261030016002012,10,1,14,15017189,300025,Bug Tussel Wireless LLC,71,1,X,MI,8827468661fffff
261030016002013,10,1,21,15017189,300025,Bug Tussel Wireless LLC,71,1,X,MI,8827468661fffff
261030016002014,10,1,80,15017189,300025,Bug Tussel Wireless LLC,71,1,X,MI,882746866bfffff
261030016002015,10,1,12,15017189,300025,Bug Tussel Wireless LLC,71,1,X,MI,8827468661fffff
261030016002016,10,1,1,15017189,300025,Bug Tussel Wireless LLC,71,1,X,MI,8827468661fffff
261030016003000,10,1,9,15017189,300025,Bug Tussel Wireless LLC,71,1,X,MI,882746866dfffff
261030016003001,10,1,17,15017189,300025,Bug Tussel Wireless LLC,71,1,X,MI,882746866dfffff
261030016003002,10,1,7,15017189,300025,Bug Tussel Wireless LLC,71,1,X,MI,882746866dfffff
261030016003003,10,1,18,15017189,300025,Bug Tussel Wireless LLC,71,1,X,MI,882746866dfffff
261030016003004,10,1,11,15017189,300025,Bug Tussel Wireless LLC,71,1,X,MI,8827468665fffff
261030016003005,10,1,12,15017189,300025,Bug Tussel Wireless LLC,71,1,X,MI,882746866dfffff
261030016003006,10,1,3,15017189,300025,Bug Tussel Wireless LLC,71,1,X,MI,882746866dfffff
261030016003007,10,1,13,15017189,300025,Bug Tussel Wireless LLC,71,1,X,MI,8827468661fffff
261030016003008,10,1,8,15017189,300025,Bug Tussel Wireless LLC,71,1,X,MI,882746866dfffff
261030016003009,10,1,14,15017189,300025,Bug Tussel Wireless LLC,71,1,X,MI,8827468661fffff
261030016003010,10,1,23,15017189,300025,Bug Tussel Wireless LLC,71,1,X,MI,8827468661fffff
261030016003011,10,1,20,15017189,300025,Bug Tussel Wireless LLC,71,1,X,MI,8827468661fffff
261030016003012,10,1,5,15017189,300025,Bug Tussel Wireless LLC,71,1,X,MI,8827468661fffff
261030016003013,10,1,24,15017189,300025,Bug Tussel Wireless LLC,71,1,X,MI,8827468667fffff
261030016003014,10,1,15,15017189,300025,Bug Tussel Wireless LLC,71,1,X,MI,8827468661fffff
261030016003015,10,1,31,15017189,300025,Bug Tussel Wireless LLC,71,1,X,MI,8827468661fffff
261030016003016,10,1,6,15017189,300025,Bug Tussel Wireless LLC,71,1,X,MI,8827468667fffff
261030017001001,10,1,73,15017189,300025,Bug Tussel Wireless LLC,71,1,X,MI,8827468663fffff
261030017001002,10,1,12,15017189,300025,Bug Tussel Wireless LLC,71,1,X,MI,8827468663fffff
261030017001003,10,1,11,15017189,300025,Bug Tussel Wireless LLC,71,1,X,MI,8827468663fffff
261030017001004,10,1,5,15017189,300025,Bug Tussel Wireless LLC,71,1,X,MI,8827468663fffff
261030017001007,10,1,5,15017189,300025,Bug Tussel Wireless LLC,71,1,X,MI,8827468609fffff
261030017001008,10,1,1,15017189,300025,Bug Tussel Wireless LLC,71,1,X,MI,8827468609fffff
261030017001009,10,1,9,15017189,300025,Bug Tussel Wireless LLC,71,1,X,MI,8827468609fffff
261030017001011,10,1,63,15017189,300025,Bug Tussel Wireless LLC,71,1,X,MI,8827468663fffff
261030017001012,10,1,9,15017189,300025,Bug Tussel Wireless LLC,71,1,X,MI,882746860dfffff
261030017001013,10,1,5,15017189,300025,Bug Tussel Wireless LLC,71,1,X,MI,882746860dfffff
261030017001014,10,1,10,15017189,300025,Bug Tussel Wireless LLC,71,1,X,MI,8827468629fffff
261030017001015,10,1,5,15017189,300025,Bug Tussel Wireless LLC,71,1,X,MI,882746860dfffff
261030017001016,10,1,6,15017189,300025,Bug Tussel Wireless LLC,71,1,X,MI,882746860dfffff
261030017001017,10,1,6,15017189,300025,Bug Tussel Wireless LLC,71,1,X,MI,8827468663fffff
261030017001018,10,1,8,15017189,300025,Bug Tussel Wireless LLC,71,1,X,MI,882746860dfffff
261030017001019,10,1,1,15017189,300025,Bug Tussel Wireless LLC,71,1,X,MI,8827468663fffff
261030017001020,10,1,6,15017189,300025,Bug Tussel Wireless LLC,71,1,X,MI,8827468629fffff
261030017001021,10,1,13,15017189,300025,Bug Tussel Wireless LLC,71,1,X,MI,8827468663fffff
261030017001022,10,1,14,15017189,300025,Bug Tussel Wireless LLC,71,1,X,MI,8827468663fffff
261030017001023,10,1,15,15017189,300025,Bug Tussel Wireless LLC,71,1,X,MI,8827468663fffff
261030017001024,10,1,16,15017189,300025,Bug Tussel Wireless LLC,71,1,X,MI,8827468663fffff
261030017001025,10,1,18,15017189,300025,Bug Tussel Wireless LLC,71,1,X,MI,8827468667fffff
261030017001026,10,1,32,15017189,300025,Bug Tussel Wireless LLC,71,1,X,MI,8827468667fffff
261030017001027,10,1,16,15017189,300025,Bug Tussel Wireless LLC,71,1,X,MI,8827468667fffff
261030017001028,10,1,22,15017189,300025,Bug Tussel Wireless LLC,71,1,X,MI,8827468667fffff
261030017001029,10,1,20,15017189,300025,Bug Tussel Wireless LLC,71,1,X,MI,8827468667fffff
261030017001030,10,1,16,15017189,300025,Bug Tussel Wireless LLC,71,1,X,MI,8827468667fffff
261030017001031,10,1,19,15017189,300025,Bug Tussel Wireless LLC,71,1,X,MI,8827468667fffff
261030017001034,10,1,9,15017189,300025,Bug Tussel Wireless LLC,71,1,X,MI,8827468629fffff
261030017001035,10,1,7,15017189,300025,Bug Tussel Wireless LLC,71,1,X,MI,8827468601fffff
261030017001036,10,1,6,15017189,300025,Bug Tussel Wireless LLC,71,1,X,MI,8827468601fffff
261030017001037,10,1,3,15017189,300025,Bug Tussel Wireless LLC,71,1,X,MI,8827468629fffff
261030017001038,10,1,10,15017189,300025,Bug Tussel Wireless LLC,71,1,X,MI,8827468607fffff
261030017001039,10,1,10,15017189,300025,Bug Tussel Wireless LLC,71,1,X,MI,8827468629fffff
261030017002000,10,1,18,15017189,300025,Bug Tussel Wireless LLC,71,1,X,MI,882746875bfffff
261030017002001,10,1,29,15017189,300025,Bug Tussel Wireless LLC,71,1,X,MI,8827468755fffff
261030017002003,10,1,2,15017189,300025,Bug Tussel Wireless LLC,71,1,X,MI,882746875bfffff
261030017002004,10,1,11,15017189,300025,Bug Tussel Wireless LLC,71,1,X,MI,882746875dfffff
261030017002005,10,1,53,15017189,300025,Bug Tussel Wireless LLC,71,1,X,MI,8827468667fffff
261030017002006,10,1,7,15017189,300025,Bug Tussel Wireless LLC,71,1,X,MI,8827468667fffff
261030017002007,10,1,17,15017189,300025,Bug Tussel Wireless LLC,71,1,X,MI,8827468667fffff
261030017002008,10,1,10,15017189,300025,Bug Tussel Wireless LLC,71,1,X,MI,8827468667fffff
261030017002009,10,1,5,15017189,300025,Bug Tussel Wireless LLC,71,1,X,MI,8827468667fffff
261030017002010,10,1,7,15017189,300025,Bug Tussel Wireless LLC,71,1,X,MI,8827468667fffff
261030017002011,10,1,15,15017189,300025,Bug Tussel Wireless LLC,71,1,X,MI,8827468667fffff
261030017002012,10,1,2,15017189,300025,Bug Tussel Wireless LLC,71,1,X,MI,8827468667fffff
261030017002013,10,1,20,15017189,300025,Bug Tussel Wireless LLC,71,1,X,MI,8827468667fffff
261030017002014,10,1,9,15017189,300025,Bug Tussel Wireless LLC,71,1,X,MI,8827468667fffff
261030017002015,10,1,37,15017189,300025,Bug Tussel Wireless LLC,71,1,X,MI,8827468625fffff
261030017002016,10,1,19,15017189,300025,Bug Tussel Wireless LLC,71,1,X,MI,8827468667fffff
261030017002017,10,1,4,15017189,300025,Bug Tussel Wireless LLC,71,1,X,MI,8827468667fffff
261030017002018,10,1,6,15017189,300025,Bug Tussel Wireless LLC,71,1,X,MI,8827468667fffff
261030017002019,10,1,16,15017189,300025,Bug Tussel Wireless LLC,71,1,X,MI,8827468667fffff
261030017002020,10,1,11,15017189,300025,Bug Tussel Wireless LLC,71,1,X,MI,8827468667fffff
261030017002021,10,1,3,15017189,300025,Bug Tussel Wireless LLC,71,1,X,MI,8827468753fffff
261030017002022,10,1,5,15017189,300025,Bug Tussel Wireless LLC,71,1,X,MI,882746870bfffff
261030017002024,10,1,10,15017189,300025,Bug Tussel Wireless LLC,71,1,X,MI,8827468629fffff
261030017002025,10,1,7,15017189,300025,Bug Tussel Wireless LLC,71,1,X,MI,8827468667fffff
261030017002026,10,1,10,15017189,300025,Bug Tussel Wireless LLC,71,1,X,MI,8827468629fffff
261030017002027,10,1,13,15017189,300025,Bug Tussel Wireless LLC,71,1,X,MI,8827468629fffff
261030017002028,10,1,4,15017189,300025,Bug Tussel Wireless LLC,71,1,X,MI,8827468629fffff
261030017002029,10,1,14,15017189,300025,Bug Tussel Wireless LLC,71,1,X,MI,8827468629fffff
261030017002030,10,1,3,15017189,300025,Bug Tussel Wireless LLC,71,1,X,MI,882746862dfffff
261030017002031,10,1,9,15017189,300025,Bug Tussel Wireless LLC,71,1,X,MI,8827468629fffff
261030017002032,10,1,17,15017189,300025,Bug Tussel Wireless LLC,71,1,X,MI,8827468629fffff
261030017002033,10,1,17,15017189,300025,Bug Tussel Wireless LLC,71,1,X,MI,8827468629fffff
261030017002034,10,1,11,15017189,300025,Bug Tussel Wireless LLC,71,1,X,MI,8827468629fffff
261030017002035,10,1,12,15017189,300025,Bug Tussel Wireless LLC,71,1,X,MI,8827468629fffff
261030017002036,10,1,51,15017189,300025,Bug Tussel Wireless LLC,71,1,X,MI,8827468629fffff
261030017002038,10,1,4,15017189,300025,Bug Tussel Wireless LLC,71,1,X,MI,8827468607fffff
261030017002041,10,1,13,15017189,300025,Bug Tussel Wireless LLC,71,1,X,MI,8827468667fffff
261030018001000,10,1,35,15017189,300025,Bug Tussel Wireless LLC,71,1,X,MI,882746870bfffff
261030018001001,10,1,20,15017189,300025,Bug Tussel Wireless LLC,71,1,X,MI,882746870bfffff
261030018001002,10,1,13,15017189,300025,Bug Tussel Wireless LLC,71,1,X,MI,8827468701fffff
261030018001003,10,1,16,15017189,300025,Bug Tussel Wireless LLC,71,1,X,MI,882746870bfffff
261030018001004,10,1,15,15017189,300025,Bug Tussel Wireless LLC,71,1,X,MI,8827468701fffff
261030018001005,10,1,2,15017189,300025,Bug Tussel Wireless LLC,71,1,X,MI,8827468701fffff
261030018001006,10,1,10,15017189,300025,Bug Tussel Wireless LLC,71,1,X,MI,8827468701fffff
261030018001007,10,1,10,15017189,300025,Bug Tussel Wireless LLC,71,1,X,MI,8827468701fffff
261030018001008,10,1,10,15017189,300025,Bug Tussel Wireless LLC,71,1,X,MI,8827468701fffff
261030018001009,10,1,16,15017189,300025,Bug Tussel Wireless LLC,71,1,X,MI,8827468701fffff
261030018001010,10,1,16,15017189,300025,Bug Tussel Wireless LLC,71,1,X,MI,8827468701fffff
261030018001011,10,1,22,15017189,300025,Bug Tussel Wireless LLC,71,1,X,MI,882746870bfffff
261030018001012,10,1,57,15017189,300025,Bug Tussel Wireless LLC,71,1,X,MI,882746871dfffff
261030018001013,10,1,17,15017189,300025,Bug Tussel Wireless LLC,71,1,X,MI,882746870bfffff
261030018001014,10,1,11,15017189,300025,Bug Tussel Wireless LLC,71,1,X,MI,882746870bfffff
261030018001015,10,1,24,15017189,300025,Bug Tussel Wireless LLC,71,1,X,MI,8827468703fffff
261030018001016,10,1,19,15017189,300025,Bug Tussel Wireless LLC,71,1,X,MI,8827468703fffff
261030018001017,10,1,20,15017189,300025,Bug Tussel Wireless LLC,71,1,X,MI,8827468703fffff
261030018001018,10,1,18,15017189,300025,Bug Tussel Wireless LLC,71,1,X,MI,8827468701fffff
261030018001019,10,1,22,15017189,300025,Bug Tussel Wireless LLC,71,1,X,MI,8827468703fffff
261030018001020,10,1,21,15017189,300025,Bug Tussel Wireless LLC,71,1,X,MI,8827468703fffff
261030018001021,10,1,9,15017189,300025,Bug Tussel Wireless LLC,71,1,X,MI,8827468703fffff
261030018001022,10,1,9,15017189,300025,Bug Tussel Wireless LLC,71,1,X,MI,8827468701fffff
261030018001023,10,1,9,15017189,300025,Bug Tussel Wireless LLC,71,1,X,MI,8827468701fffff
261030018001024,10,1,5,15017189,300025,Bug Tussel Wireless LLC,71,1,X,MI,8827468703fffff
261030018002001,10,1,16,15017189,300025,Bug Tussel Wireless LLC,71,1,X,MI,8827468709fffff
261030018002002,10,1,1,15017189,300025,Bug Tussel Wireless LLC,71,1,X,MI,8827468709fffff
261030018002004,10,1,13,15017189,300025,Bug Tussel Wireless LLC,71,1,X,MI,8827468701fffff
261030018002005,10,1,9,15017189,300025,Bug Tussel Wireless LLC,71,1,X,MI,8827468709fffff
261030018002006,10,1,15,15017189,300025,Bug Tussel Wireless LLC,71,1,X,MI,8827468709fffff
261030018002007,10,1,20,15017189,300025,Bug Tussel Wireless LLC,71,1,X,MI,8827468709fffff
261030018002008,10,1,10,15017189,300025,Bug Tussel Wireless LLC,71,1,X,MI,8827468709fffff
261030018002009,10,1,26,15017189,300025,Bug Tussel Wireless LLC,71,1,X,MI,8827468709fffff
261030018002010,10,1,16,15017189,300025,Bug Tussel Wireless LLC,71,1,X,MI,8827468709fffff
261030018002011,10,1,25,15017189,300025,Bug Tussel Wireless LLC,71,1,X,MI,8827468709fffff
261030018002012,10,1,8,15017189,300025,Bug Tussel Wireless LLC,71,1,X,MI,8827468709fffff
261030018002013,10,1,5,15017189,300025,Bug Tussel Wireless LLC,71,1,X,MI,8827468709fffff
261030018002014,10,1,10,15017189,300025,Bug Tussel Wireless LLC,71,1,X,MI,8827468709fffff
261030018002015,10,1,1,15017189,300025,Bug Tussel Wireless LLC,71,1,X,MI,8827468701fffff
261030018002016,10,1,1,15017189,300025,Bug Tussel Wireless LLC,71,1,X,MI,8827468701fffff
261030018002017,10,1,1,15017189,300025,Bug Tussel Wireless LLC,71,1,X,MI,8827468705fffff
261030018002018,10,1,52,15017189,300025,Bug Tussel Wireless LLC,71,1,X,MI,8827468707fffff
261030018002019,10,1,10,15017189,300025,Bug Tussel Wireless LLC,71,1,X,MI,8827468703fffff
261030018002020,10,1,9,15017189,300025,Bug Tussel Wireless LLC,71,1,X,MI,8827468707fffff
261030018002021,10,1,8,15017189,300025,Bug Tussel Wireless LLC,71,1,X,MI,8827468703fffff
261030018002022,10,1,23,15017189,300025,Bug Tussel Wireless LLC,71,1,X,MI,8827468707fffff
261030018002023,10,1,22,15017189,300025,Bug Tussel Wireless LLC,71,1,X,MI,8827468707fffff
261030018002024,10,1,7,15017189,300025,Bug Tussel Wireless LLC,71,1,X,MI,8827468707fffff
261030018002025,10,1,17,15017189,300025,Bug Tussel Wireless LLC,71,1,X,MI,8827468707fffff
261030018002026,10,1,13,15017189,300025,Bug Tussel Wireless LLC,71,1,X,MI,8827468707fffff
261030018002028,10,1,3,15017189,300025,Bug Tussel Wireless LLC,71,1,X,MI,8827468705fffff
261030018002029,10,1,9,15017189,300025,Bug Tussel Wireless LLC,71,1,X,MI,8827468705fffff
261030018002030,10,1,3,15017189,300025,Bug Tussel Wireless LLC,71,1,X,MI,8827468723fffff
261030018002032,10,1,7,15017189,300025,Bug Tussel Wireless LLC,71,1,X,MI,882746873dfffff
261030018002033,10,1,10,15017189,300025,Bug Tussel Wireless LLC,71,1,X,MI,8827468701fffff
261030018002034,10,1,1,15017189,300025,Bug Tussel Wireless LLC,71,1,X,MI,882746873dfffff
261030018003000,10,1,7,15017189,300025,Bug Tussel Wireless LLC,71,1,X,MI,8827469583fffff
261030018003001,10,1,2,15017189,300025,Bug Tussel Wireless LLC,71,1,X,MI,8827468297fffff
261030018003002,10,1,1,15017189,300025,Bug Tussel Wireless LLC,71,1,X,MI,8827468743fffff
261030018003004,10,1,31,15017189,300025,Bug Tussel Wireless LLC,71,1,X,MI,88274695bbfffff
261030018003005,10,1,4,15017189,300025,Bug Tussel Wireless LLC,71,1,X,MI,8827469595fffff
261030018003006,10,1,30,15017189,300025,Bug Tussel Wireless LLC,71,1,X,MI,8827468709fffff
261030018003007,10,1,28,15017189,300025,Bug Tussel Wireless LLC,71,1,X,MI,8827468743fffff
261030018003008,10,1,21,15017189,300025,Bug Tussel Wireless LLC,71,1,X,MI,8827468709fffff
261030018003009,10,1,14,15017189,300025,Bug Tussel Wireless LLC,71,1,X,MI,8827468709fffff
261030018003010,10,1,7,15017189,300025,Bug Tussel Wireless LLC,71,1,X,MI,8827468755fffff
261030018003011,10,1,14,15017189,300025,Bug Tussel Wireless LLC,71,1,X,MI,8827468709fffff
261030018003012,10,1,25,15017189,300025,Bug Tussel Wireless LLC,71,1,X,MI,8827468747fffff
261030018003013,10,1,11,15017189,300025,Bug Tussel Wireless LLC,71,1,X,MI,8827468747fffff
261030018003014,10,1,5,15017189,300025,Bug Tussel Wireless LLC,71,1,X,MI,8827468747fffff
261030018003015,10,1,7,15017189,300025,Bug Tussel Wireless LLC,71,1,X,MI,8827468747fffff
261030018003018,10,1,1,15017189,300025,Bug Tussel Wireless LLC,71,1,X,MI,88274682b3fffff
261030018003019,10,1,2,15017189,300025,Bug Tussel Wireless LLC,71,1,X,MI,8827468765fffff
261030018003022,10,1,4,15017189,300025,Bug Tussel Wireless LLC,71,1,X,MI,8827468755fffff
261030018003023,10,1,3,15017189,300025,Bug Tussel Wireless LLC,71,1,X,MI,8827468709fffff
261030018003024,10,1,8,15017189,300025,Bug Tussel Wireless LLC,71,1,X,MI,8827468709fffff
261030018003025,10,1,17,15017189,300025,Bug Tussel Wireless LLC,71,1,X,MI,8827468755fffff
261030018003026,10,1,16,15017189,300025,Bug Tussel Wireless LLC,71,1,X,MI,8827468755fffff
261030018003028,10,1,40,15017189,300025,Bug Tussel Wireless LLC,71,1,X,MI,882746875dfffff
261030018003030,10,1,5,15017189,300025,Bug Tussel Wireless LLC,71,1,X,MI,882746876bfffff
261030018003031,10,1,7,15017189,300025,Bug Tussel Wireless LLC,71,1,X,MI,8827468747fffff
261030018003034,10,1,26,15017189,300025,Bug Tussel Wireless LLC,71,1,X,MI,882746870dfffff
261030018003035,10,1,2,15017189,300025,Bug Tussel Wireless LLC,71,1,X,MI,882746870dfffff
261030018003036,10,1,4,15017189,300025,Bug Tussel Wireless LLC,71,1,X,MI,882746870dfffff
261030018003037,10,1,8,15017189,300025,Bug Tussel Wireless LLC,71,1,X,MI,8827468747fffff
261030018003038,10,1,6,15017189,300025,Bug Tussel Wireless LLC,71,1,X,MI,8827468747fffff
261030018003039,10,1,8,15017189,300025,Bug Tussel Wireless LLC,71,1,X,MI,8827468747fffff
261030018003040,10,1,6,15017189,300025,Bug Tussel Wireless LLC,71,1,X,MI,8827468747fffff
261030018003041,10,1,6,15017189,300025,Bug Tussel Wireless LLC,71,1,X,MI,8827468747fffff
261030018003042,10,1,7,15017189,300025,Bug Tussel Wireless LLC,71,1,X,MI,8827468747fffff
261030018003043,10,1,5,15017189,300025,Bug Tussel Wireless LLC,71,1,X,MI,8827468747fffff
261030018003044,10,1,7,15017189,300025,Bug Tussel Wireless LLC,71,1,X,MI,8827468747fffff
261030018003045,10,1,9,15017189,300025,Bug Tussel Wireless LLC,71,1,X,MI,882746870dfffff
261030018003046,10,1,3,15017189,300025,Bug Tussel Wireless LLC,71,1,X,MI,882746870dfffff
261030018003047,10,1,4,15017189,300025,Bug Tussel Wireless LLC,71,1,X,MI,8827468747fffff
261030018003048,10,1,2,15017189,300025,Bug Tussel Wireless LLC,71,1,X,MI,8827468705fffff
261030018003049,10,1,3,15017189,300025,Bug Tussel Wireless LLC,71,1,X,MI,8827468705fffff
261030018003050,10,1,12,15017189,300025,Bug Tussel Wireless LLC,71,1,X,MI,8827468709fffff
261030019001000,10,1,7,15017189,300025,Bug Tussel Wireless LLC,71,1,X,MI,8827468703fffff
261030019001001,10,1,5,15017189,300025,Bug Tussel Wireless LLC,71,1,X,MI,8827468703fffff
261030019001002,10,1,8,15017189,300025,Bug Tussel Wireless LLC,71,1,X,MI,8827468703fffff
261030019001003,10,1,10,15017189,300025,Bug Tussel Wireless LLC,71,1,X,MI,8827468703fffff
261030019001004,10,1,8,15017189,300025,Bug Tussel Wireless LLC,71,1,X,MI,8827468703fffff
261030019001005,10,1,8,15017189,300025,Bug Tussel Wireless LLC,71,1,X,MI,8827468703fffff
261030019001006,10,1,7,15017189,300025,Bug Tussel Wireless LLC,71,1,X,MI,8827468707fffff
261030019001007,10,1,10,15017189,300025,Bug Tussel Wireless LLC,71,1,X,MI,8827468707fffff
261030019001008,10,1,1,15017189,300025,Bug Tussel Wireless LLC,71,1,X,MI,8827468703fffff
261030019001009,10,1,10,15017189,300025,Bug Tussel Wireless LLC,71,1,X,MI,8827468703fffff
261030019001010,10,1,6,15017189,300025,Bug Tussel Wireless LLC,71,1,X,MI,8827468703fffff
261030019001011,10,1,1,15017189,300025,Bug Tussel Wireless LLC,71,1,X,MI,8827468703fffff
261030019001012,10,1,1,15017189,300025,Bug Tussel Wireless LLC,71,1,X,MI,8827468703fffff
261030019001013,10,1,7,15017189,300025,Bug Tussel Wireless LLC,71,1,X,MI,8827468739fffff
261030019001014,10,1,1,15017189,300025,Bug Tussel Wireless LLC,71,1,X,MI,8827468703fffff
261030019001015,10,1,3,15017189,300025,Bug Tussel Wireless LLC,71,1,X,MI,8827468703fffff
261030019001017,10,1,1,15017189,300025,Bug Tussel Wireless LLC,71,1,X,MI,8827468703fffff
261030019001018,10,1,11,15017189,300025,Bug Tussel Wireless LLC,71,1,X,MI,8827468703fffff
261030019001019,10,1,1,15017189,300025,Bug Tussel Wireless LLC,71,1,X,MI,8827468703fffff
261030019001020,10,1,8,15017189,300025,Bug Tussel Wireless LLC,71,1,X,MI,8827468739fffff
261030019001021,10,1,10,15017189,300025,Bug Tussel Wireless LLC,71,1,X,MI,8827468707fffff
261030019001022,10,1,14,15017189,300025,Bug Tussel Wireless LLC,71,1,X,MI,8827468707fffff
261030019001023,10,1,10,15017189,300025,Bug Tussel Wireless LLC,71,1,X,MI,8827468739fffff
261030019001024,10,1,12,15017189,300025,Bug Tussel Wireless LLC,71,1,X,MI,8827468707fffff
261030019001025,10,1,15,15017189,300025,Bug Tussel Wireless LLC,71,1,X,MI,8827468739fffff
261030019001026,10,1,5,15017189,300025,Bug Tussel Wireless LLC,71,1,X,MI,8827468707fffff
261030019001027,10,1,7,15017189,300025,Bug Tussel Wireless LLC,71,1,X,MI,8827468703fffff
261030019001028,10,1,3,15017189,300025,Bug Tussel Wireless LLC,71,1,X,MI,8827468703fffff
261030019001029,10,1,5,15017189,300025,Bug Tussel Wireless LLC,71,1,X,MI,8827468703fffff
261030019001030,10,1,3,15017189,300025,Bug Tussel Wireless LLC,71,1,X,MI,8827468739fffff
261030019001032,10,1,1,15017189,300025,Bug Tussel Wireless LLC,71,1,X,MI,8827468739fffff
261030019001033,10,1,6,15017189,300025,Bug Tussel Wireless LLC,71,1,X,MI,8827468739fffff
261030019001034,10,1,7,15017189,300025,Bug Tussel Wireless LLC,71,1,X,MI,8827468703fffff
261030019001035,10,1,9,15017189,300025,Bug Tussel Wireless LLC,71,1,X,MI,8827468703fffff
261030019001036,10,1,7,15017189,300025,Bug Tussel Wireless LLC,71,1,X,MI,8827468703fffff
261030019001037,10,1,7,15017189,300025,Bug Tussel Wireless LLC,71,1,X,MI,8827468703fffff
261030019001038,10,1,6,15017189,300025,Bug Tussel Wireless LLC,71,1,X,MI,8827468703fffff
261030019001039,10,1,8,15017189,300025,Bug Tussel Wireless LLC,71,1,X,MI,8827468703fffff
261030019001040,10,1,9,15017189,300025,Bug Tussel Wireless LLC,71,1,X,MI,8827468739fffff
261030019001041,10,1,8,15017189,300025,Bug Tussel Wireless LLC,71,1,X,MI,8827468739fffff
261030019001042,10,1,15,15017189,300025,Bug Tussel Wireless LLC,71,1,X,MI,8827468739fffff
261030019002000,10,1,15,15017189,300025,Bug Tussel Wireless LLC,71,1,X,MI,8827468703fffff
261030019002001,10,1,15,15017189,300025,Bug Tussel Wireless LLC,71,1,X,MI,8827468703fffff
261030019002002,10,1,15,15017189,300025,Bug Tussel Wireless LLC,71,1,X,MI,8827468703fffff
261030019002003,10,1,15,15017189,300025,Bug Tussel Wireless LLC,71,1,X,MI,8827468703fffff
261030019002004,10,1,8,15017189,300025,Bug Tussel Wireless LLC,71,1,X,MI,8827468703fffff
261030019002005,10,1,15,15017189,300025,Bug Tussel Wireless LLC,71,1,X,MI,8827468703fffff
261030019002006,10,1,22,15017189,300025,Bug Tussel Wireless LLC,71,1,X,MI,8827468703fffff
261030019002007,10,1,19,15017189,300025,Bug Tussel Wireless LLC,71,1,X,MI,8827468703fffff
261030019002008,10,1,26,15017189,300025,Bug Tussel Wireless LLC,71,1,X,MI,8827468703fffff
261030019002009,10,1,28,15017189,300025,Bug Tussel Wireless LLC,71,1,X,MI,8827468707fffff
261030019002010,10,1,8,15017189,300025,Bug Tussel Wireless LLC,71,1,X,MI,8827468707fffff
261030019002011,10,1,6,15017189,300025,Bug Tussel Wireless LLC,71,1,X,MI,8827468707fffff
261030019002012,10,1,8,15017189,300025,Bug Tussel Wireless LLC,71,1,X,MI,8827468703fffff
261030019002013,10,1,8,15017189,300025,Bug Tussel Wireless LLC,71,1,X,MI,8827468703fffff
261030019002014,10,1,11,15017189,300025,Bug Tussel Wireless LLC,71,1,X,MI,8827468703fffff
261030019002015,10,1,8,15017189,300025,Bug Tussel Wireless LLC,71,1,X,MI,8827468703fffff
261030019002016,10,1,7,15017189,300025,Bug Tussel Wireless LLC,71,1,X,MI,8827468703fffff
261030019002017,10,1,11,15017189,300025,Bug Tussel Wireless LLC,71,1,X,MI,8827468703fffff
261030019002018,10,1,1,15017189,300025,Bug Tussel Wireless LLC,71,1,X,MI,8827468703fffff
261030019002019,10,1,45,15017189,300025,Bug Tussel Wireless LLC,71,1,X,MI,8827468703fffff
261030019002020,10,1,15,15017189,300025,Bug Tussel Wireless LLC,71,1,X,MI,8827468703fffff
261030019002021,10,1,11,15017189,300025,Bug Tussel Wireless LLC,71,1,X,MI,8827468703fffff
261030019002022,10,1,10,15017189,300025,Bug Tussel Wireless LLC,71,1,X,MI,8827468703fffff
261030019002023,10,1,8,15017189,300025,Bug Tussel Wireless LLC,71,1,X,MI,8827468703fffff
261030019002024,10,1,7,15017189,300025,Bug Tussel Wireless LLC,71,1,X,MI,8827468703fffff
261030019002025,10,1,9,15017189,300025,Bug Tussel Wireless LLC,71,1,X,MI,8827468707fffff
261030019002026,10,1,8,15017189,300025,Bug Tussel Wireless LLC,71,1,X,MI,8827468707fffff
261030020001000,10,1,1,15017189,300025,Bug Tussel Wireless LLC,71,1,X,MI,8827468719fffff
261030020001001,10,1,1,15017189,300025,Bug Tussel Wireless LLC,71,1,X,MI,8827468719fffff
261030020001002,10,1,47,15017189,300025,Bug Tussel Wireless LLC,71,1,X,MI,8827468715fffff
261030020001006,10,1,6,15017189,300025,Bug Tussel Wireless LLC,71,1,X,MI,8827468715fffff
261030020001007,10,1,18,15017189,300025,Bug Tussel Wireless LLC,71,1,X,MI,8827468715fffff
261030020001008,10,1,7,15017189,300025,Bug Tussel Wireless LLC,71,1,X,MI,8827468715fffff
261030020001009,10,1,21,15017189,300025,Bug Tussel Wireless LLC,71,1,X,MI,8827468711fffff
261030020001010,10,1,142,15017189,300025,Bug Tussel Wireless LLC,71,1,X,MI,8827468719fffff
261030020001011,10,1,1,15017189,300025,Bug Tussel Wireless LLC,71,1,X,MI,8827468737fffff
261030020001012,10,1,8,15017189,300025,Bug Tussel Wireless LLC,71,1,X,MI,8827468731fffff
261030020001013,10,1,10,15017189,300025,Bug Tussel Wireless LLC,71,1,X,MI,8827468715fffff
261030020001014,10,1,7,15017189,300025,Bug Tussel Wireless LLC,71,1,X,MI,8827468733fffff
261030020001015,10,1,3,15017189,300025,Bug Tussel Wireless LLC,71,1,X,MI,8827468711fffff
261030020001016,10,1,10,15017189,300025,Bug Tussel Wireless LLC,71,1,X,MI,8827468711fffff
261030020001017,10,1,22,15017189,300025,Bug Tussel Wireless LLC,71,1,X,MI,8827468715fffff
261030020001018,10,1,1,15017189,300025,Bug Tussel Wireless LLC,71,1,X,MI,882746873bfffff
261030020001019,10,1,19,15017189,300025,Bug Tussel Wireless LLC,71,1,X,MI,8827468737fffff
261030020001020,10,1,7,15017189,300025,Bug Tussel Wireless LLC,71,1,X,MI,8827468731fffff
261030020001021,10,1,4,15017189,300025,Bug Tussel Wireless LLC,71,1,X,MI,8827468711fffff
261030020001022,10,1,62,15017189,300025,Bug Tussel Wireless LLC,71,1,X,MI,8827468731fffff
261030020001023,10,1,1,15017189,300025,Bug Tussel Wireless LLC,71,1,X,MI,8827468739fffff
261030020001024,10,1,2,15017189,300025,Bug Tussel Wireless LLC,71,1,X,MI,8827468739fffff
261030020001025,10,1,6,15017189,300025,Bug Tussel Wireless LLC,71,1,X,MI,882746873dfffff
261030020001026,10,1,7,15017189,300025,Bug Tussel Wireless LLC,71,1,X,MI,8827468731fffff
261030020001027,10,1,6,15017189,300025,Bug Tussel Wireless LLC,71,1,X,MI,8827468731fffff
261030020001028,10,1,17,15017189,300025,Bug Tussel Wireless LLC,71,1,X,MI,8827468735fffff
261030020001030,10,1,25,15017189,300025,Bug Tussel Wireless LLC,71,1,X,MI,8827468735fffff
261030020001031,10,1,13,15017189,300025,Bug Tussel Wireless LLC,71,1,X,MI,8827468723fffff
261030020001032,10,1,4,15017189,300025,Bug Tussel Wireless LLC,71,1,X,MI,8827468735fffff
261030020001042,10,1,1,15017189,300025,Bug Tussel Wireless LLC,71,1,X,MI,8827468731fffff
261030020001043,10,1,10,15017189,300025,Bug Tussel Wireless LLC,71,1,X,MI,8827468731fffff
261030020002000,10,1,9,15017189,300025,Bug Tussel Wireless LLC,71,1,X,MI,8827468703fffff
261030020002001,10,1,18,15017189,300025,Bug Tussel Wireless LLC,71,1,X,MI,8827468703fffff
261030020002002,10,1,8,15017189,300025,Bug Tussel Wireless LLC,71,1,X,MI,8827468703fffff
261030020002003,10,1,5,15017189,300025,Bug Tussel Wireless LLC,71,1,X,MI,8827468703fffff
261030020002004,10,1,9,15017189,300025,Bug Tussel Wireless LLC,71,1,X,MI,8827468703fffff
261030020002005,10,1,8,15017189,300025,Bug Tussel Wireless LLC,71,1,X,MI,8827468703fffff
261030020002006,10,1,16,15017189,300025,Bug Tussel Wireless LLC,71,1,X,MI,8827468703fffff
261030020002007,10,1,9,15017189,300025,Bug Tussel Wireless LLC,71,1,X,MI,8827468715fffff
261030020002008,10,1,3,15017189,300025,Bug Tussel Wireless LLC,71,1,X,MI,8827468703fffff
261030020002009,10,1,7,15017189,300025,Bug Tussel Wireless LLC,71,1,X,MI,8827468715fffff
261030020002011,10,1,10,15017189,300025,Bug Tussel Wireless LLC,71,1,X,MI,8827468715fffff
261030020002012,10,1,23,15017189,300025,Bug Tussel Wireless LLC,71,1,X,MI,8827468703fffff
261030020002013,10,1,28,15017189,300025,Bug Tussel Wireless LLC,71,1,X,MI,8827468739fffff
261030020002014,10,1,24,15017189,300025,Bug Tussel Wireless LLC,71,1,X,MI,8827468739fffff
261030020002015,10,1,10,15017189,300025,Bug Tussel Wireless LLC,71,1,X,MI,8827468739fffff
261030020002016,10,1,15,15017189,300025,Bug Tussel Wireless LLC,71,1,X,MI,8827468739fffff
261030020002017,10,1,36,15017189,300025,Bug Tussel Wireless LLC,71,1,X,MI,8827468739fffff
261030020002018,10,1,26,15017189,300025,Bug Tussel Wireless LLC,71,1,X,MI,8827468739fffff
261030020002019,10,1,40,15017189,300025,Bug Tussel Wireless LLC,71,1,X,MI,8827468739fffff
261030020002020,10,1,19,15017189,300025,Bug Tussel Wireless LLC,71,1,X,MI,882746873dfffff
261030020002021,10,1,6,15017189,300025,Bug Tussel Wireless LLC,71,1,X,MI,882746873dfffff
261030020002022,10,1,14,15017189,300025,Bug Tussel Wireless LLC,71,1,X,MI,882746873dfffff
261030020002023,10,1,20,15017189,300025,Bug Tussel Wireless LLC,71,1,X,MI,8827468739fffff
261030020002024,10,1,6,15017189,300025,Bug Tussel Wireless LLC,71,1,X,MI,882746873dfffff
261030020002025,10,1,6,15017189,300025,Bug Tussel Wireless LLC,71,1,X,MI,882746873dfffff
261030020002026,10,1,20,15017189,300025,Bug Tussel Wireless LLC,71,1,X,MI,882746873dfffff
261030020002027,10,1,9,15017189,300025,Bug Tussel Wireless LLC,71,1,X,MI,882746873dfffff
261030020002029,10,1,8,15017189,300025,Bug Tussel Wireless LLC,71,1,X,MI,8827468715fffff
261030020002030,10,1,2,15017189,300025,Bug Tussel Wireless LLC,71,1,X,MI,8827468739fffff
261030021001000,10,1,8,15017189,300025,Bug Tussel Wireless LLC,71,1,X,MI,8827468723fffff
261030021001001,10,1,8,15017189,300025,Bug Tussel Wireless LLC,71,1,X,MI,8827468723fffff
261030021001002,10,1,15,15017189,300025,Bug Tussel Wireless LLC,71,1,X,MI,8827468723fffff
261030021001003,10,1,14,15017189,300025,Bug Tussel Wireless LLC,71,1,X,MI,8827468549fffff
261030021001004,10,1,11,15017189,300025,Bug Tussel Wireless LLC,71,1,X,MI,8827468549fffff
261030021001005,10,1,79,15017189,300025,Bug Tussel Wireless LLC,71,1,X,MI,8827468549fffff
261030021001006,10,1,20,15017189,300025,Bug Tussel Wireless LLC,71,1,X,MI,882746854dfffff
261030021001007,10,1,13,15017189,300025,Bug Tussel Wireless LLC,71,1,X,MI,8827468549fffff
261030021001008,10,1,7,15017189,300025,Bug Tussel Wireless LLC,71,1,X,MI,882746854dfffff
261030021001009,10,1,17,15017189,300025,Bug Tussel Wireless LLC,71,1,X,MI,8827468541fffff
261030021001010,10,1,26,15017189,300025,Bug Tussel Wireless LLC,71,1,X,MI,882746854dfffff
261030021001011,10,1,24,15017189,300025,Bug Tussel Wireless LLC,71,1,X,MI,882746854dfffff
261030021001012,10,1,26,15017189,300025,Bug Tussel Wireless LLC,71,1,X,MI,882746854dfffff
261030021001013,10,1,23,15017189,300025,Bug Tussel Wireless LLC,71,1,X,MI,882746854dfffff
261030021001014,10,1,11,15017189,300025,Bug Tussel Wireless LLC,71,1,X,MI,882746854dfffff
261030021001015,10,1,14,15017189,300025,Bug Tussel Wireless LLC,71,1,X,MI,882746854dfffff
261030021001016,10,1,5,15017189,300025,Bug Tussel Wireless LLC,71,1,X,MI,882746854dfffff
261030021001017,10,1,4,15017189,300025,Bug Tussel Wireless LLC,71,1,X,MI,882746854dfffff
261030021001018,10,1,30,15017189,300025,Bug Tussel Wireless LLC,71,1,X,MI,882746854dfffff
261030021001019,10,1,10,15017189,300025,Bug Tussel Wireless LLC,71,1,X,MI,882746854dfffff
261030021001020,10,1,12,15017189,300025,Bug Tussel Wireless LLC,71,1,X,MI,882746854dfffff
261030021001021,10,1,12,15017189,300025,Bug Tussel Wireless LLC,71,1,X,MI,882746854dfffff
261030021001022,10,1,12,15017189,300025,Bug Tussel Wireless LLC,71,1,X,MI,882746854dfffff
261030021001023,10,1,12,15017189,300025,Bug Tussel Wireless LLC,71,1,X,MI,882746854dfffff
261030021001024,10,1,8,15017189,300025,Bug Tussel Wireless LLC,71,1,X,MI,882746854dfffff
261030021001025,10,1,14,15017189,300025,Bug Tussel Wireless LLC,71,1,X,MI,8827468549fffff
261030021001026,10,1,11,15017189,300025,Bug Tussel Wireless LLC,71,1,X,MI,8827468549fffff
261030021001027,10,1,13,15017189,300025,Bug Tussel Wireless LLC,71,1,X,MI,8827468549fffff
261030021001028,10,1,16,15017189,300025,Bug Tussel Wireless LLC,71,1,X,MI,8827468549fffff
261030021001029,10,1,15,15017189,300025,Bug Tussel Wireless LLC,71,1,X,MI,8827468549fffff
261030021001030,10,1,14,15017189,300025,Bug Tussel Wireless LLC,71,1,X,MI,8827468549fffff
261030021001031,10,1,15,15017189,300025,Bug Tussel Wireless LLC,71,1,X,MI,8827468541fffff
261030021001032,10,1,5,15017189,300025,Bug Tussel Wireless LLC,71,1,X,MI,8827468541fffff
261030021001033,10,1,12,15017189,300025,Bug Tussel Wireless LLC,71,1,X,MI,882746854dfffff
261030021001034,10,1,6,15017189,300025,Bug Tussel Wireless LLC,71,1,X,MI,882746854dfffff
261030021002003,10,1,3,15017189,300025,Bug Tussel Wireless LLC,71,1,X,MI,88274682bbfffff
261030021002004,10,1,2,15017189,300025,Bug Tussel Wireless LLC,71,1,X,MI,88274680d9fffff
261030021002005,10,1,62,15017189,300025,Bug Tussel Wireless LLC,71,1,X,MI,88274680d3fffff
261030021002006,10,1,1,15017189,300025,Bug Tussel Wireless LLC,71,1,X,MI,8827468729fffff
261030021002007,10,1,35,15017189,300025,Bug Tussel Wireless LLC,71,1,X,MI,88274680dbfffff
261030021002008,10,1,6,15017189,300025,Bug Tussel Wireless LLC,71,1,X,MI,882746876bfffff
261030021002009,10,1,1,15017189,300025,Bug Tussel Wireless LLC,71,1,X,MI,882746876bfffff
261030021002010,10,1,2,15017189,300025,Bug Tussel Wireless LLC,71,1,X,MI,8827468721fffff
261030021002011,10,1,29,15017189,300025,Bug Tussel Wireless LLC,71,1,X,MI,8827468727fffff
261030021002012,10,1,11,15017189,300025,Bug Tussel Wireless LLC,71,1,X,MI,882746809bfffff
261030021002013,10,1,7,15017189,300025,Bug Tussel Wireless LLC,71,1,X,MI,8827468727fffff
261030021002014,10,1,20,15017189,300025,Bug Tussel Wireless LLC,71,1,X,MI,8827468099fffff
261030021002015,10,1,8,15017189,300025,Bug Tussel Wireless LLC,71,1,X,MI,8827468099fffff
261030021002016,10,1,10,15017189,300025,Bug Tussel Wireless LLC,71,1,X,MI,8827468099fffff
261030021002017,10,1,20,15017189,300025,Bug Tussel Wireless LLC,71,1,X,MI,882746872dfffff
261030021002018,10,1,70,15017189,300025,Bug Tussel Wireless LLC,71,1,X,MI,8827468723fffff
261030021002019,10,1,5,15017189,300025,Bug Tussel Wireless LLC,71,1,X,MI,8827468723fffff
261030021002020,10,1,29,15017189,300025,Bug Tussel Wireless LLC,71,1,X,MI,8827468091fffff
261030021002021,10,1,16,15017189,300025,Bug Tussel Wireless LLC,71,1,X,MI,8827468091fffff
261030021002022,10,1,13,15017189,300025,Bug Tussel Wireless LLC,71,1,X,MI,882746809bfffff
261030021002023,10,1,26,15017189,300025,Bug Tussel Wireless LLC,71,1,X,MI,882746809bfffff
261030021002024,10,1,11,15017189,300025,Bug Tussel Wireless LLC,71,1,X,MI,882746809bfffff
261030021002025,10,1,21,15017189,300025,Bug Tussel Wireless LLC,71,1,X,MI,882746809bfffff
261030021002026,10,1,6,15017189,300025,Bug Tussel Wireless LLC,71,1,X,MI,8827468727fffff
261030021002027,10,1,7,15017189,300025,Bug Tussel Wireless LLC,71,1,X,MI,882746809bfffff
261030021002028,10,1,1,15017189,300025,Bug Tussel Wireless LLC,71,1,X,MI,8827468727fffff
261030021002029,10,1,16,15017189,300025,Bug Tussel Wireless LLC,71,1,X,MI,8827468727fffff
261030021002030,10,1,53,15017189,300025,Bug Tussel Wireless LLC,71,1,X,MI,8827468723fffff
261030021002031,10,1,7,15017189,300025,Bug Tussel Wireless LLC,71,1,X,MI,8827468727fffff
261030021002032,10,1,8,15017189,300025,Bug Tussel Wireless LLC,71,1,X,MI,8827468727fffff
261030021002033,10,1,5,15017189,300025,Bug Tussel Wireless LLC,71,1,X,MI,8827468727fffff
261030021002034,10,1,3,15017189,300025,Bug Tussel Wireless LLC,71,1,X,MI,8827468727fffff
261030021002035,10,1,2,15017189,300025,Bug Tussel Wireless LLC,71,1,X,MI,882746854dfffff
261030021002036,10,1,9,15017189,300025,Bug Tussel Wireless LLC,71,1,X,MI,882746854dfffff
261030021002037,10,1,13,15017189,300025,Bug Tussel Wireless LLC,71,1,X,MI,882746854dfffff
261030021002038,10,1,16,15017189,300025,Bug Tussel Wireless LLC,71,1,X,MI,882746854dfffff
261030021002039,10,1,10,15017189,300025,Bug Tussel Wireless LLC,71,1,X,MI,8827468727fffff
261030021002040,10,1,9,15017189,300025,Bug Tussel Wireless LLC,71,1,X,MI,882746809bfffff
261030021002041,10,1,9,15017189,300025,Bug Tussel Wireless LLC,71,1,X,MI,882746809bfffff
261030021002042,10,1,11,15017189,300025,Bug Tussel Wireless LLC,71,1,X,MI,8827468099fffff
261030021002043,10,1,1,15017189,300025,Bug Tussel Wireless LLC,71,1,X,MI,882746854dfffff
261030021002044,10,1,28,15017189,300025,Bug Tussel Wireless LLC,71,1,X,MI,882746854dfffff
261030021002045,10,1,6,15017189,300025,Bug Tussel Wireless LLC,71,1,X,MI,882746854dfffff
261030021002046,10,1,3,15017189,300025,Bug Tussel Wireless LLC,71,1,X,MI,882746854dfffff
261030021002047,10,1,3,15017189,300025,Bug Tussel Wireless LLC,71,1,X,MI,882746854dfffff
261030021002048,10,1,5,15017189,300025,Bug Tussel Wireless LLC,71,1,X,MI,882746854dfffff
261030021002049,10,1,4,15017189,300025,Bug Tussel Wireless LLC,71,1,X,MI,882746854dfffff
261030021002050,10,1,12,15017189,300025,Bug Tussel Wireless LLC,71,1,X,MI,882746854dfffff
261030021002051,10,1,10,15017189,300025,Bug Tussel Wireless LLC,71,1,X,MI,8827468545fffff
261030021002053,10,1,36,15017189,300025,Bug Tussel Wireless LLC,71,1,X,MI,8827468545fffff
261030021002054,10,1,27,15017189,300025,Bug Tussel Wireless LLC,71,1,X,MI,8827468729fffff
261030021002055,10,1,5,15017189,300025,Bug Tussel Wireless LLC,71,1,X,MI,882746854dfffff
261030022001000,10,1,1,15017189,300025,Bug Tussel Wireless LLC,71,1,X,MI,88274685adfffff
261030022001009,10,1,1,15017189,300025,Bug Tussel Wireless LLC,71,1,X,MI,8827468ec7fffff
261030022001024,10,1,5,15017189,300025,Bug Tussel Wireless LLC,71,1,X,MI,8827468ec3fffff
261030022001026,10,1,7,15017189,300025,Bug Tussel Wireless LLC,71,1,X,MI,8827468eddfffff
261030022002006,10,1,30,15017189,300025,Bug Tussel Wireless LLC,71,1,X,MI,8827468551fffff
261030022002007,10,1,24,15017189,300025,Bug Tussel Wireless LLC,71,1,X,MI,8827468547fffff
261030022002008,10,1,1,15017189,300025,Bug Tussel Wireless LLC,71,1,X,MI,8827468735fffff
261030022002009,10,1,42,15017189,300025,Bug Tussel Wireless LLC,71,1,X,MI,8827468737fffff
261030022002010,10,1,8,15017189,300025,Bug Tussel Wireless LLC,71,1,X,MI,8827468735fffff
261030022002011,10,1,8,15017189,300025,Bug Tussel Wireless LLC,71,1,X,MI,8827468735fffff
261030022002012,10,1,8,15017189,300025,Bug Tussel Wireless LLC,71,1,X,MI,8827468735fffff
261030022002013,10,1,7,15017189,300025,Bug Tussel Wireless LLC,71,1,X,MI,8827468551fffff
261030022002014,10,1,1,15017189,300025,Bug Tussel Wireless LLC,71,1,X,MI,8827468551fffff
261030022002015,10,1,1,15017189,300025,Bug Tussel Wireless LLC,71,1,X,MI,8827468737fffff
261030022002017,10,1,2,15017189,300025,Bug Tussel Wireless LLC,71,1,X,MI,882746855dfffff
261030022002018,10,1,1,15017189,300025,Bug Tussel Wireless LLC,71,1,X,MI,8827468557fffff
261030022002019,10,1,16,15017189,300025,Bug Tussel Wireless LLC,71,1,X,MI,8827468509fffff
261030022002020,10,1,1,15017189,300025,Bug Tussel Wireless LLC,71,1,X,MI,882746850dfffff
261030022002021,10,1,9,15017189,300025,Bug Tussel Wireless LLC,71,1,X,MI,8827468547fffff
261030022002023,10,1,2,15017189,300025,Bug Tussel Wireless LLC,71,1,X,MI,882746850dfffff
261030022002024,10,1,1,15017189,300025,Bug Tussel Wireless LLC,71,1,X,MI,882746850dfffff
261030022002025,10,1,1,15017189,300025,Bug Tussel Wireless LLC,71,1,X,MI,8827468563fffff
261030022002028,10,1,2,15017189,300025,Bug Tussel Wireless LLC,71,1,X,MI,8827468e5bfffff
261030022002030,10,1,5,15017189,300025,Bug Tussel Wireless LLC,71,1,X,MI,8827468e0bfffff
261030022002033,10,1,2,15017189,300025,Bug Tussel Wireless LLC,71,1,X,MI,8827468e0bfffff
261030022002037,10,1,1,15017189,300025,Bug Tussel Wireless LLC,71,1,X,MI,8827468ec9fffff
261030022002038,10,1,2,15017189,300025,Bug Tussel Wireless LLC,71,1,X,MI,8827468521fffff
261030022002042,10,1,2,15017189,300025,Bug Tussel Wireless LLC,71,1,X,MI,8827468501fffff
261030022002043,10,1,1,15017189,300025,Bug Tussel Wireless LLC,71,1,X,MI,8827468505fffff
261030022002045,10,1,18,15017189,300025,Bug Tussel Wireless LLC,71,1,X,MI,8827468551fffff
261030022002046,10,1,3,15017189,300025,Bug Tussel Wireless LLC,71,1,X,MI,8827468553fffff
261030022002047,10,1,3,15017189,300025,Bug Tussel Wireless LLC,71,1,X,MI,8827468551fffff
261030022002067,10,1,2,15017189,300025,Bug Tussel Wireless LLC,71,1,X,MI,8827468559fffff
261030022003013,10,1,3,15017189,300025,Bug Tussel Wireless LLC,71,1,X,MI,8827468217fffff
261030022003018,10,1,4,15017189,300025,Bug Tussel Wireless LLC,71,1,X,MI,88274682e1fffff
261030022003020,10,1,10,15017189,300025,Bug Tussel Wireless LLC,71,1,X,MI,88274680a9fffff
261030022003022,10,1,14,15017189,300025,Bug Tussel Wireless LLC,71,1,X,MI,88274680e9fffff
261030022003023,10,1,1,15017189,300025,Bug Tussel Wireless LLC,71,1,X,MI,8827468057fffff
261030022003025,10,1,3,15017189,300025,Bug Tussel Wireless LLC,71,1,X,MI,88274680ebfffff
261030022003027,10,1,2,15017189,300025,Bug Tussel Wireless LLC,71,1,X,MI,8827468049fffff
261030022003029,10,1,1,15017189,300025,Bug Tussel Wireless LLC,71,1,X,MI,8827468313fffff
261030022003039,10,1,1,15017189,300025,Bug Tussel Wireless LLC,71,1,X,MI,8827468041fffff
261030022003042,10,1,1,15017189,300025,Bug Tussel Wireless LLC,71,1,X,MI,88274680d7fffff
261030022003044,10,1,1,15017189,300025,Bug Tussel Wireless LLC,71,1,X,MI,88274680d5fffff
261030022003045,10,1,8,15017189,300025,Bug Tussel Wireless LLC,71,1,X,MI,88274680ebfffff
261030022003046,10,1,10,15017189,300025,Bug Tussel Wireless LLC,71,1,X,MI,88274680adfffff
261030022003047,10,1,10,15017189,300025,Bug Tussel Wireless LLC,71,1,X,MI,882746819dfffff
261030022003048,10,1,2,15017189,300025,Bug Tussel Wireless LLC,71,1,X,MI,882746819dfffff
261030022003053,10,1,2,15017189,300025,Bug Tussel Wireless LLC,71,1,X,MI,88274680abfffff
261030022003054,10,1,23,15017189,300025,Bug Tussel Wireless LLC,71,1,X,MI,88274680b9fffff
261030022003055,10,1,9,15017189,300025,Bug Tussel Wireless LLC,71,1,X,MI,88274680bbfffff
261030022003056,10,1,42,15017189,300025,Bug Tussel Wireless LLC,71,1,X,MI,88274680bbfffff
261030022003057,10,1,2,15017189,300025,Bug Tussel Wireless LLC,71,1,X,MI,8827468099fffff
261030022003060,10,1,2,15017189,300025,Bug Tussel Wireless LLC,71,1,X,MI,88274680a1fffff
261030022003061,10,1,2,15017189,300025,Bug Tussel Wireless LLC,71,1,X,MI,8827468197fffff
261030022003062,10,1,1,15017189,300025,Bug Tussel Wireless LLC,71,1,X,MI,8827468195fffff
261030022003063,10,1,4,15017189,300025,Bug Tussel Wireless LLC,71,1,X,MI,88274680a7fffff
261030022003065,10,1,1,15017189,300025,Bug Tussel Wireless LLC,71,1,X,MI,88274681bbfffff
261030022003066,10,1,1,15017189,300025,Bug Tussel Wireless LLC,71,1,X,MI,88274681b1fffff
261030022003070,10,1,3,15017189,300025,Bug Tussel Wireless LLC,71,1,X,MI,88274681bbfffff
261030022003071,10,1,20,15017189,300025,Bug Tussel Wireless LLC,71,1,X,MI,88274680a3fffff
261030022003072,10,1,4,15017189,300025,Bug Tussel Wireless LLC,71,1,X,MI,88274680b5fffff
261030022003073,10,1,66,15017189,300025,Bug Tussel Wireless LLC,71,1,X,MI,8827468e0dfffff
261030022003074,10,1,4,15017189,300025,Bug Tussel Wireless LLC,71,1,X,MI,88274681bbfffff
261030022003075,10,1,2,15017189,300025,Bug Tussel Wireless LLC,71,1,X,MI,8827468e55fffff
261030022003077,10,1,2,15017189,300025,Bug Tussel Wireless LLC,71,1,X,MI,8827468091fffff
261030022003078,10,1,2,15017189,300025,Bug Tussel Wireless LLC,71,1,X,MI,8827468099fffff
261030022003079,10,1,3,15017189,300025,Bug Tussel Wireless LLC,71,1,X,MI,8827468097fffff
261030022003080,10,1,8,15017189,300025,Bug Tussel Wireless LLC,71,1,X,MI,88274680bbfffff
261030022003081,10,1,19,15017189,300025,Bug Tussel Wireless LLC,71,1,X,MI,88274680bbfffff
261030022003082,10,1,7,15017189,300025,Bug Tussel Wireless LLC,71,1,X,MI,8827468097fffff
261030022003083,10,1,2,15017189,300025,Bug Tussel Wireless LLC,71,1,X,MI,8827468097fffff
261030022003086,10,1,20,15017189,300025,Bug Tussel Wireless LLC,71,1,X,MI,88274680b1fffff
261030022003087,10,1,12,15017189,300025,Bug Tussel Wireless LLC,71,1,X,MI,88274680b1fffff
261030022003088,10,1,6,15017189,300025,Bug Tussel Wireless LLC,71,1,X,MI,8827468569fffff
261030022003089,10,1,10,15017189,300025,Bug Tussel Wireless LLC,71,1,X,MI,88274680bbfffff
261030022003090,10,1,7,15017189,300025,Bug Tussel Wireless LLC,71,1,X,MI,88274680b7fffff
261030022003093,10,1,3,15017189,300025,Bug Tussel Wireless LLC,71,1,X,MI,8827468197fffff
261030023001128,10,1,1,15017189,300025,Bug Tussel Wireless LLC,71,1,X,MI,8827468a85fffff
261030023001138,10,1,1,15017189,300025,Bug Tussel Wireless LLC,71,1,X,MI,8827468109fffff
261030023001223,10,1,10,15017189,300025,Bug Tussel Wireless LLC,71,1,X,MI,8827468aa7fffff
261030023001225,10,1,16,15017189,300025,Bug Tussel Wireless LLC,71,1,X,MI,8827468aa7fffff
261030023001227,10,1,3,15017189,300025,Bug Tussel Wireless LLC,71,1,X,MI,8827468aa7fffff
261030023001228,10,1,6,15017189,300025,Bug Tussel Wireless LLC,71,1,X,MI,8827468aa7fffff
261030023001231,10,1,2,15017189,300025,Bug Tussel Wireless LLC,71,1,X,MI,8827468aa7fffff
261030023001232,10,1,2,15017189,300025,Bug Tussel Wireless LLC,71,1,X,MI,8827468aa7fffff
261030023001233,10,1,7,15017189,300025,Bug Tussel Wireless LLC,71,1,X,MI,8827468aa7fffff
261030023001234,10,1,8,15017189,300025,Bug Tussel Wireless LLC,71,1,X,MI,8827468aa7fffff
261030023003000,10,1,12,15017189,300025,Bug Tussel Wireless LLC,71,1,X,MI,88274681b1fffff
261030023003027,10,1,1,15017189,300025,Bug Tussel Wireless LLC,71,1,X,MI,8827468f1dfffff
261030023003082,10,1,3,15017189,300025,Bug Tussel Wireless LLC,71,1,X,MI,8827468f59fffff
261030023003083,10,1,1,15017189,300025,Bug Tussel Wireless LLC,71,1,X,MI,88274681b1fffff
261030026002001,10,1,4,15017189,300025,Bug Tussel Wireless LLC,71,1,X,MI,882746bb5bfffff
261030026002019,10,1,4,15017189,300025,Bug Tussel Wireless LLC,71,1,X,MI,882746bb19fffff
261030029012062,10,1,1,15017189,300025,Bug Tussel Wireless LLC,71,1,X,MI,882746949bfffff
261030029012063,10,1,3,15017189,300025,Bug Tussel Wireless LLC,71,1,X,MI,8827444949fffff
261030029012067,10,1,3,15017189,300025,Bug Tussel Wireless LLC,71,1,X,MI,882744495dfffff
261099601002044,10,1,4,15017189,300025,Bug Tussel Wireless LLC,71,1,X,MI,8827462413fffff
261099601002045,10,1,4,15017189,300025,Bug Tussel Wireless LLC,71,1,X,MI,88274625ddfffff
261099601002048,10,1,1,15017189,300025,Bug Tussel Wireless LLC,71,1,X,MI,8827462421fffff
261099601002049,10,1,1,15017189,300025,Bug Tussel Wireless LLC,71,1,X,MI,88274625c7fffff
261099601002050,10,1,3,15017189,300025,Bug Tussel Wireless LLC,71,1,X,MI,88274625e9fffff
261099601002051,10,1,4,15017189,300025,Bug Tussel Wireless LLC,71,1,X,MI,88274625c9fffff
261099601002052,10,1,2,15017189,300025,Bug Tussel Wireless LLC,71,1,X,MI,8827462511fffff
261099601002055,10,1,1,15017189,300025,Bug Tussel Wireless LLC,71,1,X,MI,88274625e9fffff
261099601002060,10,1,4,15017189,300025,Bug Tussel Wireless LLC,71,1,X,MI,8827405a69fffff
261099601002061,10,1,2,15017189,300025,Bug Tussel Wireless LLC,71,1,X,MI,8827462591fffff
261099601002067,10,1,1,15017189,300025,Bug Tussel Wireless LLC,71,1,X,MI,882740516dfffff
261099601002076,10,1,1,15017189,300025,Bug Tussel Wireless LLC,71,1,X,MI,88274624a7fffff
261099601002128,10,1,3,15017189,300025,Bug Tussel Wireless LLC,71,1,X,MI,8827405a69fffff
261099601002129,10,1,1,15017189,300025,Bug Tussel Wireless LLC,71,1,X,MI,8827405a67fffff
261099601002130,10,1,2,15017189,300025,Bug Tussel Wireless LLC,71,1,X,MI,88274625b3fffff
261099601002138,10,1,1,15017189,300025,Bug Tussel Wireless LLC,71,1,X,MI,8827405b51fffff
261099601003028,10,1,1,15017189,300025,Bug Tussel Wireless LLC,71,1,X,MI,88274626e1fffff
261199101001000,10,1,7,15017189,300025,Bug Tussel Wireless LLC,71,1,X,MI,88276a82d3fffff
261199101001002,10,1,8,15017189,300025,Bug Tussel Wireless LLC,71,1,X,MI,88276a829bfffff
261199101001025,10,1,1,15017189,300025,Bug Tussel Wireless LLC,71,1,X,MI,88276a8293fffff
261199101001034,10,1,1,15017189,300025,Bug Tussel Wireless LLC,71,1,X,MI,88276a8761fffff
261199101001039,10,1,26,15017189,300025,Bug Tussel Wireless LLC,71,1,X,MI,88276a829bfffff
261199101001040,10,1,12,15017189,300025,Bug Tussel Wireless LLC,71,1,X,MI,88276a8293fffff
261199101001041,10,1,38,15017189,300025,Bug Tussel Wireless LLC,71,1,X,MI,88276a874dfffff
261199101001042,10,1,1,15017189,300025,Bug Tussel Wireless LLC,71,1,X,MI,88276a829bfffff
261199101001043,10,1,11,15017189,300025,Bug Tussel Wireless LLC,71,1,X,MI,88276a829bfffff
261199101001044,10,1,5,15017189,300025,Bug Tussel Wireless LLC,71,1,X,MI,88276a95a7fffff
261199101001046,10,1,3,15017189,300025,Bug Tussel Wireless LLC,71,1,X,MI,88276a8745fffff
261199101001047,10,1,7,15017189,300025,Bug Tussel Wireless LLC,71,1,X,MI,88276a8745fffff
261199101001048,10,1,60,15017189,300025,Bug Tussel Wireless LLC,71,1,X,MI,88276a8745fffff
261199101001049,10,1,6,15017189,300025,Bug Tussel Wireless LLC,71,1,X,MI,88276a8293fffff
261199101001050,10,1,4,15017189,300025,Bug Tussel Wireless LLC,71,1,X,MI,88276a8745fffff
261199101001051,10,1,14,15017189,300025,Bug Tussel Wireless LLC,71,1,X,MI,88276a874dfffff
261199101001052,10,1,5,15017189,300025,Bug Tussel Wireless LLC,71,1,X,MI,88276a874dfffff
261199101001053,10,1,6,15017189,300025,Bug Tussel Wireless LLC,71,1,X,MI,88276a874dfffff
261199101001054,10,1,2,15017189,300025,Bug Tussel Wireless LLC,71,1,X,MI,88276a874dfffff
261199101001055,10,1,3,15017189,300025,Bug Tussel Wireless LLC,71,1,X,MI,88276a874dfffff
261199101001056,10,1,1,15017189,300025,Bug Tussel Wireless LLC,71,1,X,MI,88276a8749fffff
261199101001057,10,1,2,15017189,300025,Bug Tussel Wireless LLC,71,1,X,MI,88276a95a7fffff
261199101001062,10,1,35,15017189,300025,Bug Tussel Wireless LLC,71,1,X,MI,88276a8741fffff
261199101001064,10,1,12,15017189,300025,Bug Tussel Wireless LLC,71,1,X,MI,88276a874bfffff
261199101001068,10,1,1,15017189,300025,Bug Tussel Wireless LLC,71,1,X,MI,88276a82b3fffff
261199101001072,10,1,4,15017189,300025,Bug Tussel Wireless LLC,71,1,X,MI,88276a8745fffff
261199101001073,10,1,6,15017189,300025,Bug Tussel Wireless LLC,71,1,X,MI,88276a874dfffff
261199101001074,10,1,2,15017189,300025,Bug Tussel Wireless LLC,71,1,X,MI,88276a8293fffff
261199103001000,10,1,2,15017189,300025,Bug Tussel Wireless LLC,71,1,X,MI,88276a874bfffff
261199103001002,10,1,6,15017189,300025,Bug Tussel Wireless LLC,71,1,X,MI,88276a8741fffff
261199103001003,10,1,5,15017189,300025,Bug Tussel Wireless LLC,71,1,X,MI,88276a8741fffff
261199103001004,10,1,15,15017189,300025,Bug Tussel Wireless LLC,71,1,X,MI,88276a8701fffff
261199103001005,10,1,16,15017189,300025,Bug Tussel Wireless LLC,71,1,X,MI,88276a870dfffff
261199103001007,10,1,5,15017189,300025,Bug Tussel Wireless LLC,71,1,X,MI,88276a8707fffff
261199103001008,10,1,1,15017189,300025,Bug Tussel Wireless LLC,71,1,X,MI,88276a8747fffff
261199103001009,10,1,18,15017189,300025,Bug Tussel Wireless LLC,71,1,X,MI,88276a8745fffff
261199103001015,10,1,1,15017189,300025,Bug Tussel Wireless LLC,71,1,X,MI,88276a8761fffff
261199103001016,10,1,7,15017189,300025,Bug Tussel Wireless LLC,71,1,X,MI,88276a876bfffff
261199103001017,10,1,7,15017189,300025,Bug Tussel Wireless LLC,71,1,X,MI,88276a8747fffff
261199103001018,10,1,8,15017189,300025,Bug Tussel Wireless LLC,71,1,X,MI,88276a8745fffff
261199103001021,10,1,1,15017189,300025,Bug Tussel Wireless LLC,71,1,X,MI,88276a8767fffff
261199103001037,10,1,1,15017189,300025,Bug Tussel Wireless LLC,71,1,X,MI,88276a872dfffff
261199103001039,10,1,1,15017189,300025,Bug Tussel Wireless LLC,71,1,X,MI,88276a80d3fffff
261199103001040,10,1,1,15017189,300025,Bug Tussel Wireless LLC,71,1,X,MI,88276a8099fffff
261199103001043,10,1,1,15017189,300025,Bug Tussel Wireless LLC,71,1,X,MI,88276a8727fffff
261199103001044,10,1,3,15017189,300025,Bug Tussel Wireless LLC,71,1,X,MI,88276a8735fffff
261199103001045,10,1,14,15017189,300025,Bug Tussel Wireless LLC,71,1,X,MI,88276a8731fffff
261199103001046,10,1,3,15017189,300025,Bug Tussel Wireless LLC,71,1,X,MI,88276a8703fffff
261199103001047,10,1,10,15017189,300025,Bug Tussel Wireless LLC,71,1,X,MI,88276a8465fffff
261199103001088,10,1,7,15017189,300025,Bug Tussel Wireless LLC,71,1,X,MI,88276a8559fffff
261199103001089,10,1,14,15017189,300025,Bug Tussel Wireless LLC,71,1,X,MI,88276a8737fffff
261199103002000,10,1,4,15017189,300025,Bug Tussel Wireless LLC,71,1,X,MI,88276a8735fffff
261199103002016,10,1,3,15017189,300025,Bug Tussel Wireless LLC,71,1,X,MI,88276a851bfffff
261199103002019,10,1,4,15017189,300025,Bug Tussel Wireless LLC,71,1,X,MI,88276a8553fffff
261199103002096,10,1,7,15017189,300025,Bug Tussel Wireless LLC,71,1,X,MI,88276a85c5fffff
261199103002098,10,1,2,15017189,300025,Bug Tussel Wireless LLC,71,1,X,MI,88276a85cdfffff
261419505002009,10,1,12,15017189,300025,Bug Tussel Wireless LLC,71,1,X,MI,88276e2c57fffff
261419505002010,10,1,7,15017189,300025,Bug Tussel Wireless LLC,71,1,X,MI,88276e2c0bfffff
261419505002024,10,1,2,15017189,300025,Bug Tussel Wireless LLC,71,1,X,MI,88276e2dcdfffff
261419505002026,10,1,8,15017189,300025,Bug Tussel Wireless LLC,71,1,X,MI,88276e2c23fffff
261419505002027,10,1,4,15017189,300025,Bug Tussel Wireless LLC,71,1,X,MI,88276e2c15fffff
261419505002029,10,1,1,15017189,300025,Bug Tussel Wireless LLC,71,1,X,MI,88276e2dd3fffff
261419505002068,10,1,4,15017189,300025,Bug Tussel Wireless LLC,71,1,X,MI,88276e2ca1fffff
261419505002073,10,1,2,15017189,300025,Bug Tussel Wireless LLC,71,1,X,MI,88276e2ce7fffff
261419505002074,10,1,4,15017189,300025,Bug Tussel Wireless LLC,71,1,X,MI,88276e2cedfffff
261419505002075,10,1,9,15017189,300025,Bug Tussel Wireless LLC,71,1,X,MI,88276e2c17fffff
261419505002076,10,1,16,15017189,300025,Bug Tussel Wireless LLC,71,1,X,MI,88276e2c11fffff
261419505002077,10,1,5,15017189,300025,Bug Tussel Wireless LLC,71,1,X,MI,88276e2c15fffff
261419505002078,10,1,12,15017189,300025,Bug Tussel Wireless LLC,71,1,X,MI,88276e2c1dfffff
261419505002079,10,1,8,15017189,300025,Bug Tussel Wireless LLC,71,1,X,MI,88276e2c1dfffff
261419505002080,10,1,3,15017189,300025,Bug Tussel Wireless LLC,71,1,X,MI,88276e2c1dfffff
261419505002081,10,1,3,15017189,300025,Bug Tussel Wireless LLC,71,1,X,MI,88276e2c1dfffff
261419505002082,10,1,29,15017189,300025,Bug Tussel Wireless LLC,71,1,X,MI,88276e2c1dfffff
261419505002083,10,1,14,15017189,300025,Bug Tussel Wireless LLC,71,1,X,MI,88276e2c57fffff
261419505002084,10,1,23,15017189,300025,Bug Tussel Wireless LLC,71,1,X,MI,88276e2c11fffff
261419505002085,10,1,5,15017189,300025,Bug Tussel Wireless LLC,71,1,X,MI,88276e2c11fffff
261419505002086,10,1,3,15017189,300025,Bug Tussel Wireless LLC,71,1,X,MI,88276e2c11fffff
261419505002087,10,1,4,15017189,300025,Bug Tussel Wireless LLC,71,1,X,MI,88276e2c11fffff
261419505002088,10,1,2,15017189,300025,Bug Tussel Wireless LLC,71,1,X,MI,88276e2c11fffff
261419505002089,10,1,11,15017189,300025,Bug Tussel Wireless LLC,71,1,X,MI,88276e2c11fffff
261419505002090,10,1,8,15017189,300025,Bug Tussel Wireless LLC,71,1,X,MI,88276e2c17fffff
261419505002096,10,1,1,15017189,300025,Bug Tussel Wireless LLC,71,1,X,MI,88276e2eb3fffff
261419505002098,10,1,12,15017189,300025,Bug Tussel Wireless LLC,71,1,X,MI,88276e2c8bfffff
261419505002099,10,1,1,15017189,300025,Bug Tussel Wireless LLC,71,1,X,MI,88276e2cddfffff
261419505002101,10,1,2,15017189,300025,Bug Tussel Wireless LLC,71,1,X,MI,88276e2c85fffff
261419505002103,10,1,1,15017189,300025,Bug Tussel Wireless LLC,71,1,X,MI,88276e2c99fffff
261419505002105,10,1,2,15017189,300025,Bug Tussel Wireless LLC,71,1,X,MI,88276e2cd1fffff
261419505002107,10,1,1,15017189,300025,Bug Tussel Wireless LLC,71,1,X,MI,8827685b63fffff
261419505002117,10,1,5,15017189,300025,Bug Tussel Wireless LLC,71,1,X,MI,88276e2c1dfffff
261419505002125,10,1,1,15017189,300025,Bug Tussel Wireless LLC,71,1,X,MI,88276e2db9fffff
261439703001007,10,1,7,15017189,300025,Bug Tussel Wireless LLC,71,1,X,MI,88276a746bfffff
261439703001010,10,1,4,15017189,300025,Bug Tussel Wireless LLC,71,1,X,MI,88276a755bfffff
261439703001014,10,1,12,15017189,300025,Bug Tussel Wireless LLC,71,1,X,MI,88276a742dfffff
261439703001015,10,1,3,15017189,300025,Bug Tussel Wireless LLC,71,1,X,MI,88276a755bfffff
261439703001016,10,1,2,15017189,300025,Bug Tussel Wireless LLC,71,1,X,MI,88276a755bfffff
261439703001017,10,1,2,15017189,300025,Bug Tussel Wireless LLC,71,1,X,MI,88276a755bfffff
261439703001022,10,1,9,15017189,300025,Bug Tussel Wireless LLC,71,1,X,MI,88276a742dfffff
261439703001023,10,1,1,15017189,300025,Bug Tussel Wireless LLC,71,1,X,MI,88276a742dfffff
261439703001024,10,1,1,15017189,300025,Bug Tussel Wireless LLC,71,1,X,MI,88276a742dfffff
261439703001025,10,1,14,15017189,300025,Bug Tussel Wireless LLC,71,1,X,MI,88276a742dfffff
261439703001027,10,1,19,15017189,300025,Bug Tussel Wireless LLC,71,1,X,MI,88276a742dfffff
261439703001028,10,1,4,15017189,300025,Bug Tussel Wireless LLC,71,1,X,MI,88276a742dfffff
261439703001068,10,1,9,15017189,300025,Bug Tussel Wireless LLC,71,1,X,MI,88276a7553fffff
261439703002000,10,1,8,15017189,300025,Bug Tussel Wireless LLC,71,1,X,MI,88276a7551fffff
261439703002001,10,1,4,15017189,300025,Bug Tussel Wireless LLC,71,1,X,MI,88276a755dfffff
261439703002002,10,1,2,15017189,300025,Bug Tussel Wireless LLC,71,1,X,MI,88276a7555fffff
261439703002007,10,1,8,15017189,300025,Bug Tussel Wireless LLC,71,1,X,MI,88276a755bfffff
261439703002008,10,1,4,15017189,300025,Bug Tussel Wireless LLC,71,1,X,MI,88276a7553fffff
261439703002010,10,1,4,15017189,300025,Bug Tussel Wireless LLC,71,1,X,MI,88276a7551fffff
261439703002017,10,1,5,15017189,300025,Bug Tussel Wireless LLC,71,1,X,MI,88276a7553fffff
261439703002018,10,1,1,15017189,300025,Bug Tussel Wireless LLC,71,1,X,MI,88276a755bfffff
261439703002026,10,1,9,15017189,300025,Bug Tussel Wireless LLC,71,1,X,MI,88276a751dfffff
261439703002029,10,1,13,15017189,300025,Bug Tussel Wireless LLC,71,1,X,MI,88276a7425fffff
261439703002031,10,1,17,15017189,300025,Bug Tussel Wireless LLC,71,1,X,MI,88276a7425fffff
261439703002032,10,1,10,15017189,300025,Bug Tussel Wireless LLC,71,1,X,MI,88276a7425fffff
261439703002034,10,1,9,15017189,300025,Bug Tussel Wireless LLC,71,1,X,MI,88276a7425fffff
261439703002036,10,1,17,15017189,300025,Bug Tussel Wireless LLC,71,1,X,MI,88276a7425fffff
261439703002041,10,1,24,15017189,300025,Bug Tussel Wireless LLC,71,1,X,MI,88276a751dfffff
261439703002042,10,1,10,15017189,300025,Bug Tussel Wireless LLC,71,1,X,MI,88276a7519fffff
261439703002043,10,1,15,15017189,300025,Bug Tussel Wireless LLC,71,1,X,MI,88276a7519fffff
261439703002044,10,1,8,15017189,300025,Bug Tussel Wireless LLC,71,1,X,MI,88276a7519fffff
261439703002045,10,1,13,15017189,300025,Bug Tussel Wireless LLC,71,1,X,MI,88276a7519fffff
261439703002046,10,1,5,15017189,300025,Bug Tussel Wireless LLC,71,1,X,MI,88276a751bfffff
261439703002048,10,1,6,15017189,300025,Bug Tussel Wireless LLC,71,1,X,MI,88276a751bfffff
261439703002049,10,1,2,15017189,300025,Bug Tussel Wireless LLC,71,1,X,MI,88276a751bfffff
261439703002050,10,1,3,15017189,300025,Bug Tussel Wireless LLC,71,1,X,MI,88276a7513fffff
261439703002054,10,1,7,15017189,300025,Bug Tussel Wireless LLC,71,1,X,MI,88276a7425fffff
261439703002057,10,1,8,15017189,300025,Bug Tussel Wireless LLC,71,1,X,MI,88276a7425fffff
261439703002058,10,1,12,15017189,300025,Bug Tussel Wireless LLC,71,1,X,MI,88276a7425fffff
261439703002063,10,1,1,15017189,300025,Bug Tussel Wireless LLC,71,1,X,MI,88276a742dfffff
261439703002064,10,1,4,15017189,300025,Bug Tussel Wireless LLC,71,1,X,MI,88276a742dfffff
261439703002073,10,1,4,15017189,300025,Bug Tussel Wireless LLC,71,1,X,MI,88276a7421fffff
261439703002129,10,1,6,15017189,300025,Bug Tussel Wireless LLC,71,1,X,MI,88276a7551fffff
261439703003002,10,1,6,15017189,300025,Bug Tussel Wireless LLC,71,1,X,MI,88276a750bfffff
261439703003003,10,1,53,15017189,300025,Bug Tussel Wireless LLC,71,1,X,MI,88276a750bfffff
261439703003006,10,1,10,15017189,300025,Bug Tussel Wireless LLC,71,1,X,MI,88276a7523fffff
261439703003007,10,1,14,15017189,300025,Bug Tussel Wireless LLC,71,1,X,MI,88276a752dfffff
261439703003008,10,1,25,15017189,300025,Bug Tussel Wireless LLC,71,1,X,MI,88276a7503fffff
261439703003009,10,1,9,15017189,300025,Bug Tussel Wireless LLC,71,1,X,MI,88276a7511fffff
261439703003011,10,1,1,15017189,300025,Bug Tussel Wireless LLC,71,1,X,MI,88276a7521fffff
261439703003012,10,1,3,15017189,300025,Bug Tussel Wireless LLC,71,1,X,MI,88276a7521fffff
261439703003017,10,1,6,15017189,300025,Bug Tussel Wireless LLC,71,1,X,MI,88276a753dfffff
261439703003018,10,1,37,15017189,300025,Bug Tussel Wireless LLC,71,1,X,MI,88276a62cdfffff
261439703003019,10,1,13,15017189,300025,Bug Tussel Wireless LLC,71,1,X,MI,88276a7525fffff
261439704011000,10,1,14,15017189,300025,Bug Tussel Wireless LLC,71,1,X,MI,88276a6253fffff
261439704011001,10,1,9,15017189,300025,Bug Tussel Wireless LLC,71,1,X,MI,88276a6257fffff
261439704011012,10,1,1,15017189,300025,Bug Tussel Wireless LLC,71,1,X,MI,88276a622bfffff
261439704011019,10,1,49,15017189,300025,Bug Tussel Wireless LLC,71,1,X,MI,88276a629dfffff
261439704011020,10,1,2,15017189,300025,Bug Tussel Wireless LLC,71,1,X,MI,88276a6213fffff
261439704011029,10,1,90,15017189,300025,Bug Tussel Wireless LLC,71,1,X,MI,88276a62d7fffff
261439704011030,10,1,13,15017189,300025,Bug Tussel Wireless LLC,71,1,X,MI,88276a6289fffff
261439704011031,10,1,3,15017189,300025,Bug Tussel Wireless LLC,71,1,X,MI,88276a62c5fffff
261439704011033,10,1,4,15017189,300025,Bug Tussel Wireless LLC,71,1,X,MI,88276a62c5fffff
261439704011034,10,1,1,15017189,300025,Bug Tussel Wireless LLC,71,1,X,MI,88276a6289fffff
261439704011035,10,1,8,15017189,300025,Bug Tussel Wireless LLC,71,1,X,MI,88276a6289fffff
261439704011036,10,1,13,15017189,300025,Bug Tussel Wireless LLC,71,1,X,MI,88276a62c5fffff
261439704011037,10,1,12,15017189,300025,Bug Tussel Wireless LLC,71,1,X,MI,88276a6289fffff
261439704011039,10,1,21,15017189,300025,Bug Tussel Wireless LLC,71,1,X,MI,88276a62c1fffff
261439704011040,10,1,7,15017189,300025,Bug Tussel Wireless LLC,71,1,X,MI,88276a6289fffff
261439704011041,10,1,1,15017189,300025,Bug Tussel Wireless LLC,71,1,X,MI,88276a6289fffff
261439704011042,10,1,6,15017189,300025,Bug Tussel Wireless LLC,71,1,X,MI,88276a6213fffff
261439704011043,10,1,4,15017189,300025,Bug Tussel Wireless LLC,71,1,X,MI,88276a6213fffff
261439704011044,10,1,10,15017189,300025,Bug Tussel Wireless LLC,71,1,X,MI,88276a6213fffff
261439704011045,10,1,1,15017189,300025,Bug Tussel Wireless LLC,71,1,X,MI,88276a6213fffff
261439704011046,10,1,3,15017189,300025,Bug Tussel Wireless LLC,71,1,X,MI,88276a6213fffff
261439704011047,10,1,9,15017189,300025,Bug Tussel Wireless LLC,71,1,X,MI,88276a62c5fffff
261439704011048,10,1,4,15017189,300025,Bug Tussel Wireless LLC,71,1,X,MI,88276a62cdfffff
261439704011049,10,1,11,15017189,300025,Bug Tussel Wireless LLC,71,1,X,MI,88276a62c5fffff
261439704011050,10,1,8,15017189,300025,Bug Tussel Wireless LLC,71,1,X,MI,88276a62cdfffff
261439704011051,10,1,30,15017189,300025,Bug Tussel Wireless LLC,71,1,X,MI,88276a62c1fffff
261439704011052,10,1,18,15017189,300025,Bug Tussel Wireless LLC,71,1,X,MI,88276a62c1fffff
261439704011053,10,1,13,15017189,300025,Bug Tussel Wireless LLC,71,1,X,MI,88276a62c5fffff
261439704011054,10,1,5,15017189,300025,Bug Tussel Wireless LLC,71,1,X,MI,88276a62c9fffff
261439704011055,10,1,2,15017189,300025,Bug Tussel Wireless LLC,71,1,X,MI,88276a62c5fffff
261439704011056,10,1,1,15017189,300025,Bug Tussel Wireless LLC,71,1,X,MI,88276a62c5fffff
261439704011057,10,1,2,15017189,300025,Bug Tussel Wireless LLC,71,1,X,MI,88276a62c5fffff
261439704011058,10,1,2,15017189,300025,Bug Tussel Wireless LLC,71,1,X,MI,88276a62c5fffff
261439704011059,10,1,5,15017189,300025,Bug Tussel Wireless LLC,71,1,X,MI,88276a62c5fffff
261439704011060,10,1,6,15017189,300025,Bug Tussel Wireless LLC,71,1,X,MI,88276a62c5fffff
261439704011061,10,1,6,15017189,300025,Bug Tussel Wireless LLC,71,1,X,MI,88276a62c5fffff
261439704011062,10,1,4,15017189,300025,Bug Tussel Wireless LLC,71,1,X,MI,88276a62c5fffff
261439704011063,10,1,3,15017189,300025,Bug Tussel Wireless LLC,71,1,X,MI,88276a62c5fffff
261439704011064,10,1,2,15017189,300025,Bug Tussel Wireless LLC,71,1,X,MI,88276a62c5fffff
261439704011065,10,1,1,15017189,300025,Bug Tussel Wireless LLC,71,1,X,MI,88276a62c5fffff
261439704011066,10,1,19,15017189,300025,Bug Tussel Wireless LLC,71,1,X,MI,88276a62c5fffff
261439704011067,10,1,6,15017189,300025,Bug Tussel Wireless LLC,71,1,X,MI,88276a62c5fffff
261439704011068,10,1,5,15017189,300025,Bug Tussel Wireless LLC,71,1,X,MI,88276a62c5fffff
261439704011069,10,1,5,15017189,300025,Bug Tussel Wireless LLC,71,1,X,MI,88276a62c5fffff
261439704011070,10,1,3,15017189,300025,Bug Tussel Wireless LLC,71,1,X,MI,88276a62c5fffff
261439704011071,10,1,8,15017189,300025,Bug Tussel Wireless LLC,71,1,X,MI,88276a62c5fffff
261439704011072,10,1,6,15017189,300025,Bug Tussel Wireless LLC,71,1,X,MI,88276a62c5fffff
261439704011085,10,1,3,15017189,300025,Bug Tussel Wireless LLC,71,1,X,MI,88276a629dfffff
261439704011086,10,1,12,15017189,300025,Bug Tussel Wireless LLC,71,1,X,MI,88276a629dfffff
261439704011087,10,1,30,15017189,300025,Bug Tussel Wireless LLC,71,1,X,MI,88276a62d7fffff
261439704011088,10,1,4,15017189,300025,Bug Tussel Wireless LLC,71,1,X,MI,88276a629dfffff
261439704011089,10,1,6,15017189,300025,Bug Tussel Wireless LLC,71,1,X,MI,88276a62d7fffff
261439704011090,10,1,1,15017189,300025,Bug Tussel Wireless LLC,71,1,X,MI,88276a6219fffff
261439704011097,10,1,4,15017189,300025,Bug Tussel Wireless LLC,71,1,X,MI,88276a62c7fffff
261439704011098,10,1,4,15017189,300025,Bug Tussel Wireless LLC,71,1,X,MI,88276a6289fffff
261439704021001,10,1,60,15017189,300025,Bug Tussel Wireless LLC,71,1,X,MI,88276a605bfffff
261439704021002,10,1,28,15017189,300025,Bug Tussel Wireless LLC,71,1,X,MI,88276a62e7fffff
261439704021012,10,1,10,15017189,300025,Bug Tussel Wireless LLC,71,1,X,MI,88276a62e7fffff
261439704021017,10,1,2,15017189,300025,Bug Tussel Wireless LLC,71,1,X,MI,88276a62a3fffff
261439704021023,10,1,10,15017189,300025,Bug Tussel Wireless LLC,71,1,X,MI,88276a62a7fffff
261439704021024,10,1,2,15017189,300025,Bug Tussel Wireless LLC,71,1,X,MI,88276a62a3fffff
261439704021026,10,1,1,15017189,300025,Bug Tussel Wireless LLC,71,1,X,MI,88276a62a3fffff
261439704021027,10,1,3,15017189,300025,Bug Tussel Wireless LLC,71,1,X,MI,88276a62a3fffff
261439704021028,10,1,1,15017189,300025,Bug Tussel Wireless LLC,71,1,X,MI,88276a62a3fffff
261439704021029,10,1,5,15017189,300025,Bug Tussel Wireless LLC,71,1,X,MI,88276a62a3fffff
261439704021030,10,1,3,15017189,300025,Bug Tussel Wireless LLC,71,1,X,MI,88276a62a3fffff
261439704021031,10,1,82,15017189,300025,Bug Tussel Wireless LLC,71,1,X,MI,88276a6053fffff
261439704021032,10,1,3,15017189,300025,Bug Tussel Wireless LLC,71,1,X,MI,88276a6053fffff
261439704021033,10,1,12,15017189,300025,Bug Tussel Wireless LLC,71,1,X,MI,88276a62e7fffff
261439704021034,10,1,4,15017189,300025,Bug Tussel Wireless LLC,71,1,X,MI,88276a62a5fffff
261439704021035,10,1,1,15017189,300025,Bug Tussel Wireless LLC,71,1,X,MI,88276a6053fffff
261439704021036,10,1,5,15017189,300025,Bug Tussel Wireless LLC,71,1,X,MI,88276a6053fffff
261439704021037,10,1,3,15017189,300025,Bug Tussel Wireless LLC,71,1,X,MI,88276a6053fffff
261439704021038,10,1,11,15017189,300025,Bug Tussel Wireless LLC,71,1,X,MI,88276a605bfffff
261439704021039,10,1,2,15017189,300025,Bug Tussel Wireless LLC,71,1,X,MI,88276a62e7fffff
261439704021040,10,1,2,15017189,300025,Bug Tussel Wireless LLC,71,1,X,MI,88276a62e7fffff
261439704021041,10,1,12,15017189,300025,Bug Tussel Wireless LLC,71,1,X,MI,88276a62e7fffff
261439704021042,10,1,10,15017189,300025,Bug Tussel Wireless LLC,71,1,X,MI,88276a62e7fffff
261439704021043,10,1,8,15017189,300025,Bug Tussel Wireless LLC,71,1,X,MI,88276a6019fffff
261439704021059,10,1,4,15017189,300025,Bug Tussel Wireless LLC,71,1,X,MI,88276a62a3fffff
261439704021060,10,1,10,15017189,300025,Bug Tussel Wireless LLC,71,1,X,MI,88276a62a3fffff
261439704021075,10,1,5,15017189,300025,Bug Tussel Wireless LLC,71,1,X,MI,88276a62e7fffff
261439704021076,10,1,2,15017189,300025,Bug Tussel Wireless LLC,71,1,X,MI,88276a62e7fffff
261439704021077,10,1,2,15017189,300025,Bug Tussel Wireless LLC,71,1,X,MI,88276a62e7fffff
261439705001000,10,1,10,15017189,300025,Bug Tussel Wireless LLC,71,1,X,MI,88276a605bfffff
261439705001001,10,1,13,15017189,300025,Bug Tussel Wireless LLC,71,1,X,MI,88276a605bfffff
261439705001002,10,1,39,15017189,300025,Bug Tussel Wireless LLC,71,1,X,MI,88276a6053fffff
261439705001010,10,1,5,15017189,300025,Bug Tussel Wireless LLC,71,1,X,MI,88276a6053fffff
261439705001011,10,1,11,15017189,300025,Bug Tussel Wireless LLC,71,1,X,MI,88276a6053fffff
261439705001015,10,1,9,15017189,300025,Bug Tussel Wireless LLC,71,1,X,MI,88276a6019fffff
261439705001019,10,1,5,15017189,300025,Bug Tussel Wireless LLC,71,1,X,MI,88276a6019fffff
261439705001020,10,1,5,15017189,300025,Bug Tussel Wireless LLC,71,1,X,MI,88276a6019fffff
261439705001059,10,1,3,15017189,300025,Bug Tussel Wireless LLC,71,1,X,MI,88276a6019fffff
261439705001060,10,1,6,15017189,300025,Bug Tussel Wireless LLC,71,1,X,MI,88276a6019fffff
261439705001063,10,1,2,15017189,300025,Bug Tussel Wireless LLC,71,1,X,MI,88276a6019fffff
261439705001064,10,1,3,15017189,300025,Bug Tussel Wireless LLC,71,1,X,MI,88276a6019fffff
261439705001065,10,1,7,15017189,300025,Bug Tussel Wireless LLC,71,1,X,MI,88276a6053fffff
261439705001066,10,1,10,15017189,300025,Bug Tussel Wireless LLC,71,1,X,MI,88276a6053fffff
261439705001067,10,1,6,15017189,300025,Bug Tussel Wireless LLC,71,1,X,MI,88276a6053fffff
261439705001068,10,1,7,15017189,300025,Bug Tussel Wireless LLC,71,1,X,MI,88276a6053fffff
261439705001069,10,1,21,15017189,300025,Bug Tussel Wireless LLC,71,1,X,MI,88276a6057fffff
261439705001070,10,1,2,15017189,300025,Bug Tussel Wireless LLC,71,1,X,MI,88276a6053fffff
261439705001071,10,1,4,15017189,300025,Bug Tussel Wireless LLC,71,1,X,MI,88276a6053fffff
261439705001074,10,1,1,15017189,300025,Bug Tussel Wireless LLC,71,1,X,MI,88276a6053fffff
261439705001077,10,1,6,15017189,300025,Bug Tussel Wireless LLC,71,1,X,MI,88276a6019fffff
261439705001078,10,1,7,15017189,300025,Bug Tussel Wireless LLC,71,1,X,MI,88276a6057fffff
261439705001079,10,1,3,15017189,300025,Bug Tussel Wireless LLC,71,1,X,MI,88276a6057fffff
261439705001080,10,1,1,15017189,300025,Bug Tussel Wireless LLC,71,1,X,MI,88276a6053fffff
261439705001081,10,1,2,15017189,300025,Bug Tussel Wireless LLC,71,1,X,MI,88276a6053fffff
261439705001090,10,1,3,15017189,300025,Bug Tussel Wireless LLC,71,1,X,MI,88276a6057fffff
261439705001091,10,1,7,15017189,300025,Bug Tussel Wireless LLC,71,1,X,MI,88276a6019fffff
261439705001092,10,1,5,15017189,300025,Bug Tussel Wireless LLC,71,1,X,MI,88276a6019fffff
261439705001093,10,1,7,15017189,300025,Bug Tussel Wireless LLC,71,1,X,MI,88276a6019fffff
261439705001094,10,1,6,15017189,300025,Bug Tussel Wireless LLC,71,1,X,MI,88276a6019fffff
261439705001095,10,1,8,15017189,300025,Bug Tussel Wireless LLC,71,1,X,MI,88276a6019fffff
261439705001096,10,1,6,15017189,300025,Bug Tussel Wireless LLC,71,1,X,MI,88276a6019fffff
261439705001097,10,1,3,15017189,300025,Bug Tussel Wireless LLC,71,1,X,MI,88276a6019fffff
261439707001002,10,1,1,15017189,300025,Bug Tussel Wireless LLC,71,1,X,MI,88276a62d7fffff
