block_geoid,max_advertised_download_speed,max_advertised_upload_speed,count,frn,provider_id,brand_name,technology,low_latency,business_residential_code,state_usps,h3_res8_id
260250002001000,30,30,25,4349734,130292,Clear Rate,10,1,B,MI,8827482085fffff
260250002001001,30,30,21,4349734,130292,Clear Rate,10,1,B,MI,8827482085fffff
260250002001002,30,30,21,4349734,130292,Clear Rate,10,1,B,MI,8827482085fffff
260250002001003,30,30,13,4349734,130292,Clear Rate,10,1,B,MI,8827482085fffff
260250002001004,30,30,13,4349734,130292,Clear Rate,10,1,B,MI,8827482085fffff
260250002001005,30,30,15,4349734,130292,Clear Rate,10,1,B,MI,88274820a9fffff
260250002001005,45,45,3,4349734,130292,Clear Rate,10,1,B,MI,88274820abfffff
260250002001006,30,30,11,4349734,130292,Clear Rate,10,1,B,MI,88274820a9fffff
260250002001006,45,45,18,4349734,130292,Clear Rate,10,1,B,MI,88274820abfffff
260250002001007,30,30,9,4349734,130292,Clear Rate,10,1,B,MI,8827482085fffff
260250002001007,45,45,14,4349734,130292,Clear Rate,10,1,B,MI,8827482085fffff
260250002001008,30,30,8,4349734,130292,Clear Rate,10,1,B,MI,8827482085fffff
260250002001008,45,45,4,4349734,130292,Clear Rate,10,1,B,MI,8827482085fffff
260250002001009,45,45,21,4349734,130292,Clear Rate,10,1,B,MI,88274820abfffff
260250002001010,45,45,17,4349734,130292,Clear Rate,10,1,B,MI,88274820abfffff
260250002001011,45,45,12,4349734,130292,Clear Rate,10,1,B,MI,88274820abfffff
260250002001012,45,45,23,4349734,130292,Clear Rate,10,1,B,MI,88274820abfffff
260250002001013,45,45,8,4349734,130292,Clear Rate,10,1,B,MI,88274820abfffff
260250002001014,45,45,10,4349734,130292,Clear Rate,10,1,B,MI,88274820abfffff
260250002001015,45,45,16,4349734,130292,Clear Rate,10,1,B,MI,88274820abfffff
260250002001016,45,45,10,4349734,130292,Clear Rate,10,1,B,MI,88274820abfffff
260250002001017,45,45,24,4349734,130292,Clear Rate,10,1,B,MI,88274820abfffff
260250002001018,45,45,23,4349734,130292,Clear Rate,10,1,B,MI,8827482087fffff
260250002001019,45,45,22,4349734,130292,Clear Rate,10,1,B,MI,8827482087fffff
260250002001020,45,45,16,4349734,130292,Clear Rate,10,1,B,MI,88274820abfffff
260250002001021,45,45,18,4349734,130292,Clear Rate,10,1,B,MI,88274820abfffff
260250002001022,45,45,13,4349734,130292,Clear Rate,10,1,B,MI,88274820abfffff
260250002001022,80,80,1,4349734,130292,Clear Rate,10,1,B,MI,88274820abfffff
260250002001023,45,45,11,4349734,130292,Clear Rate,10,1,B,MI,88274820abfffff
260250002002000,30,30,24,4349734,130292,Clear Rate,10,1,B,MI,8827482081fffff
260250002002001,30,30,26,4349734,130292,Clear Rate,10,1,B,MI,8827482087fffff
260250002002002,30,30,18,4349734,130292,Clear Rate,10,1,B,MI,8827482087fffff
260250002002003,30,30,13,4349734,130292,Clear Rate,10,1,B,MI,8827482087fffff
260250002002004,30,30,9,4349734,130292,Clear Rate,10,1,B,MI,8827482087fffff
260250002002004,45,45,19,4349734,130292,Clear Rate,10,1,B,MI,8827482087fffff
260250002002005,30,30,11,4349734,130292,Clear Rate,10,1,B,MI,8827482087fffff
260250002002005,45,45,11,4349734,130292,Clear Rate,10,1,B,MI,8827482087fffff
260250002002006,30,30,24,4349734,130292,Clear Rate,10,1,B,MI,8827482087fffff
260250002002007,30,30,17,4349734,130292,Clear Rate,10,1,B,MI,8827482087fffff
260250002002008,80,80,17,4349734,130292,Clear Rate,10,1,B,MI,88274820abfffff
260250002002009,80,80,16,4349734,130292,Clear Rate,10,1,B,MI,88274820abfffff
260250002002010,80,80,5,4349734,130292,Clear Rate,10,1,B,MI,88274820abfffff
260250002002011,80,80,1,4349734,130292,Clear Rate,10,1,B,MI,88274820abfffff
260250002002012,80,80,2,4349734,130292,Clear Rate,10,1,B,MI,88274820abfffff
260250002002013,80,80,17,4349734,130292,Clear Rate,10,1,B,MI,88274820abfffff
260250002002014,80,80,14,4349734,130292,Clear Rate,10,1,B,MI,88274820abfffff
260250002002015,80,80,11,4349734,130292,Clear Rate,10,1,B,MI,88274820abfffff
260250002002016,80,80,12,4349734,130292,Clear Rate,10,1,B,MI,88274820abfffff
260250002002017,80,80,10,4349734,130292,Clear Rate,10,1,B,MI,88274820abfffff
260250002002018,30,30,11,4349734,130292,Clear Rate,10,1,B,MI,8827482087fffff
260250002002019,30,30,2,4349734,130292,Clear Rate,10,1,B,MI,8827482087fffff
260250002002019,45,45,7,4349734,130292,Clear Rate,10,1,B,MI,8827482087fffff
260250002002020,30,30,20,4349734,130292,Clear Rate,10,1,B,MI,8827482087fffff
260250002002021,30,30,17,4349734,130292,Clear Rate,10,1,B,MI,8827482087fffff
260250002002022,30,30,11,4349734,130292,Clear Rate,10,1,B,MI,8827482087fffff
260250002002023,30,30,15,4349734,130292,Clear Rate,10,1,B,MI,8827482087fffff
260250002002024,30,30,2,4349734,130292,Clear Rate,10,1,B,MI,8827482087fffff
260250002002027,30,30,2,4349734,130292,Clear Rate,10,1,B,MI,8827482087fffff
260250002002027,80,80,1,4349734,130292,Clear Rate,10,1,B,MI,88274820bdfffff
260250002002030,80,80,2,4349734,130292,Clear Rate,10,1,B,MI,88274820abfffff
260250002002031,80,80,1,4349734,130292,Clear Rate,10,1,B,MI,88274820abfffff
260250002002032,80,80,12,4349734,130292,Clear Rate,10,1,B,MI,88274820abfffff
260250002002033,80,80,2,4349734,130292,Clear Rate,10,1,B,MI,88274820abfffff
260250002003000,30,30,48,4349734,130292,Clear Rate,10,1,B,MI,8827482085fffff
260250002003001,30,30,45,4349734,130292,Clear Rate,10,1,B,MI,8827482085fffff
260250002003002,30,30,46,4349734,130292,Clear Rate,10,1,B,MI,8827482085fffff
260250002003003,30,30,21,4349734,130292,Clear Rate,10,1,B,MI,8827482085fffff
260250002003004,30,30,19,4349734,130292,Clear Rate,10,1,B,MI,8827482085fffff
260250002003005,30,30,30,4349734,130292,Clear Rate,10,1,B,MI,8827482087fffff
260250002003006,30,30,22,4349734,130292,Clear Rate,10,1,B,MI,8827482087fffff
260250002003006,45,45,8,4349734,130292,Clear Rate,10,1,B,MI,8827482087fffff
260250002003007,30,30,3,4349734,130292,Clear Rate,10,1,B,MI,8827482085fffff
260250002003007,45,45,25,4349734,130292,Clear Rate,10,1,B,MI,8827482087fffff
260250002003008,30,30,29,4349734,130292,Clear Rate,10,1,B,MI,8827482085fffff
260250002003009,30,30,48,4349734,130292,Clear Rate,10,1,B,MI,8827482085fffff
260250002003010,30,30,22,4349734,130292,Clear Rate,10,1,B,MI,8827482085fffff
260250002003011,30,30,21,4349734,130292,Clear Rate,10,1,B,MI,8827482085fffff
260250002003012,30,30,19,4349734,130292,Clear Rate,10,1,B,MI,8827482081fffff
260250002003013,30,30,23,4349734,130292,Clear Rate,10,1,B,MI,8827482081fffff
260250002003014,30,30,19,4349734,130292,Clear Rate,10,1,B,MI,8827482081fffff
260250002003015,30,30,14,4349734,130292,Clear Rate,10,1,B,MI,8827482081fffff
260250002003016,30,30,15,4349734,130292,Clear Rate,10,1,B,MI,8827482081fffff
260250002003017,30,30,15,4349734,130292,Clear Rate,10,1,B,MI,8827482087fffff
260250002003018,30,30,12,4349734,130292,Clear Rate,10,1,B,MI,8827482081fffff
260250003001000,30,30,15,4349734,130292,Clear Rate,10,1,B,MI,88274820a9fffff
260250003001001,30,30,5,4349734,130292,Clear Rate,10,1,B,MI,88274820adfffff
260250003001002,30,30,10,4349734,130292,Clear Rate,10,1,B,MI,88274820a9fffff
260250003001003,30,30,8,4349734,130292,Clear Rate,10,1,B,MI,88274820a9fffff
260250003001004,30,30,11,4349734,130292,Clear Rate,10,1,B,MI,88274820a9fffff
260250003001005,30,30,3,4349734,130292,Clear Rate,10,1,B,MI,88274820adfffff
260250003001006,30,30,16,4349734,130292,Clear Rate,10,1,B,MI,88274820adfffff
260250003001009,30,30,22,4349734,130292,Clear Rate,10,1,B,MI,88274820adfffff
260250003001010,30,30,7,4349734,130292,Clear Rate,10,1,B,MI,88274820adfffff
260250003001011,30,30,6,4349734,130292,Clear Rate,10,1,B,MI,88274820adfffff
260250003001012,30,30,17,4349734,130292,Clear Rate,10,1,B,MI,88274820adfffff
260250003001013,30,30,25,4349734,130292,Clear Rate,10,1,B,MI,88274820adfffff
260250003001014,30,30,7,4349734,130292,Clear Rate,10,1,B,MI,88274820adfffff
260250003001015,30,30,9,4349734,130292,Clear Rate,10,1,B,MI,88274820adfffff
260250003001016,30,30,11,4349734,130292,Clear Rate,10,1,B,MI,88274820a9fffff
260250003001017,30,30,12,4349734,130292,Clear Rate,10,1,B,MI,88274820a9fffff
260250003001018,30,30,2,4349734,130292,Clear Rate,10,1,B,MI,88274820a9fffff
260250003001019,30,30,3,4349734,130292,Clear Rate,10,1,B,MI,88274820a9fffff
260250003001020,30,30,8,4349734,130292,Clear Rate,10,1,B,MI,88274820adfffff
260250003001021,30,30,15,4349734,130292,Clear Rate,10,1,B,MI,88274820adfffff
260250003001022,30,30,13,4349734,130292,Clear Rate,10,1,B,MI,88274820adfffff
260250003001023,30,30,11,4349734,130292,Clear Rate,10,1,B,MI,88274820adfffff
260250003001024,30,30,3,4349734,130292,Clear Rate,10,1,B,MI,88274820a1fffff
260250003001025,30,30,1,4349734,130292,Clear Rate,10,1,B,MI,88274820adfffff
260250003001026,30,30,5,4349734,130292,Clear Rate,10,1,B,MI,88274820a1fffff
260250003001027,30,30,1,4349734,130292,Clear Rate,10,1,B,MI,88274820a9fffff
260250003001027,45,45,1,4349734,130292,Clear Rate,10,1,B,MI,88274820a1fffff
260250003001028,30,30,7,4349734,130292,Clear Rate,10,1,B,MI,88274820a9fffff
260250003001029,30,30,2,4349734,130292,Clear Rate,10,1,B,MI,88274820a9fffff
260250003001030,30,30,11,4349734,130292,Clear Rate,10,1,B,MI,88274820a9fffff
260250003001031,30,30,1,4349734,130292,Clear Rate,10,1,B,MI,88274820a9fffff
260250003001031,45,45,10,4349734,130292,Clear Rate,10,1,B,MI,88274820abfffff
260250003001032,30,30,5,4349734,130292,Clear Rate,10,1,B,MI,88274820a9fffff
260250003001032,45,45,5,4349734,130292,Clear Rate,10,1,B,MI,88274820a9fffff
260250003001033,45,45,10,4349734,130292,Clear Rate,10,1,B,MI,88274820abfffff
260250003001034,45,45,6,4349734,130292,Clear Rate,10,1,B,MI,88274820abfffff
260250003001035,45,45,7,4349734,130292,Clear Rate,10,1,B,MI,88274820abfffff
260250003001038,45,45,2,4349734,130292,Clear Rate,10,1,B,MI,88274820a1fffff
260250003001039,30,30,5,4349734,130292,Clear Rate,10,1,B,MI,88274820a1fffff
260250003001040,30,30,8,4349734,130292,Clear Rate,10,1,B,MI,88274820a5fffff
260250003001041,30,30,2,4349734,130292,Clear Rate,10,1,B,MI,88274820adfffff
260250003001042,45,45,1,4349734,130292,Clear Rate,10,1,B,MI,88274820a1fffff
260250003001044,30,30,4,4349734,130292,Clear Rate,10,1,B,MI,88274820a1fffff
260250003001045,30,30,1,4349734,130292,Clear Rate,10,1,B,MI,88274820a5fffff
260250003001046,30,30,8,4349734,130292,Clear Rate,10,1,B,MI,88274820a1fffff
260250003001047,30,30,1,4349734,130292,Clear Rate,10,1,B,MI,88274820a1fffff
260250003001047,45,45,1,4349734,130292,Clear Rate,10,1,B,MI,88274820a1fffff
260250003001048,30,30,4,4349734,130292,Clear Rate,10,1,B,MI,88274820a1fffff
260250003001049,30,30,11,4349734,130292,Clear Rate,10,1,B,MI,88274820a1fffff
260250003001053,80,80,2,4349734,130292,Clear Rate,10,1,B,MI,88274820abfffff
260250003001055,80,80,2,4349734,130292,Clear Rate,10,1,B,MI,88274820abfffff
260250003002002,30,30,13,4349734,130292,Clear Rate,10,1,B,MI,88274821d3fffff
260250003002003,30,30,13,4349734,130292,Clear Rate,10,1,B,MI,88274821d3fffff
260250003002004,30,30,18,4349734,130292,Clear Rate,10,1,B,MI,88274821d3fffff
260250003002005,30,30,3,4349734,130292,Clear Rate,10,1,B,MI,88274821d3fffff
260250003002014,30,30,4,4349734,130292,Clear Rate,10,1,B,MI,88274821d3fffff
260250003002015,30,30,3,4349734,130292,Clear Rate,10,1,B,MI,88274821d3fffff
260250003002016,30,30,12,4349734,130292,Clear Rate,10,1,B,MI,88274821d3fffff
260250003002017,30,30,5,4349734,130292,Clear Rate,10,1,B,MI,88274821d3fffff
260250003002018,30,30,1,4349734,130292,Clear Rate,10,1,B,MI,88274820adfffff
260250003002019,30,30,14,4349734,130292,Clear Rate,10,1,B,MI,88274820adfffff
260250003002020,30,30,11,4349734,130292,Clear Rate,10,1,B,MI,88274820adfffff
260250003002021,30,30,10,4349734,130292,Clear Rate,10,1,B,MI,88274820a5fffff
260250003002022,30,30,1,4349734,130292,Clear Rate,10,1,B,MI,88274820adfffff
260250003002023,30,30,1,4349734,130292,Clear Rate,10,1,B,MI,88274820a5fffff
260250003002024,30,30,14,4349734,130292,Clear Rate,10,1,B,MI,88274820a5fffff
260250003002025,30,30,10,4349734,130292,Clear Rate,10,1,B,MI,88274820a5fffff
260250003002026,30,30,1,4349734,130292,Clear Rate,10,1,B,MI,88274820a5fffff
260250003002027,30,30,15,4349734,130292,Clear Rate,10,1,B,MI,88274821d3fffff
260250003002028,30,30,17,4349734,130292,Clear Rate,10,1,B,MI,88274820a5fffff
260250003002031,30,30,3,4349734,130292,Clear Rate,10,1,B,MI,88274820a5fffff
260250003002032,30,30,2,4349734,130292,Clear Rate,10,1,B,MI,88274820a5fffff
260250003002033,30,30,5,4349734,130292,Clear Rate,10,1,B,MI,88274820a5fffff
260250003002034,30,30,11,4349734,130292,Clear Rate,10,1,B,MI,88274820a5fffff
260250003002035,30,30,10,4349734,130292,Clear Rate,10,1,B,MI,88274820a5fffff
260250003002036,30,30,1,4349734,130292,Clear Rate,10,1,B,MI,88274820a5fffff
260250003002037,30,30,9,4349734,130292,Clear Rate,10,1,B,MI,88274820a5fffff
260250005001003,30,30,37,4349734,130292,Clear Rate,10,1,B,MI,8827482e49fffff
260250005001004,30,30,16,4349734,130292,Clear Rate,10,1,B,MI,8827482e49fffff
260250005001005,30,30,4,4349734,130292,Clear Rate,10,1,B,MI,8827482e49fffff
260250005001006,30,30,6,4349734,130292,Clear Rate,10,1,B,MI,8827482e49fffff
260250005001007,30,30,6,4349734,130292,Clear Rate,10,1,B,MI,8827482e49fffff
260250005001008,30,30,4,4349734,130292,Clear Rate,10,1,B,MI,8827482e49fffff
260250005001009,30,30,2,4349734,130292,Clear Rate,10,1,B,MI,8827482e49fffff
260250005001010,30,30,1,4349734,130292,Clear Rate,10,1,B,MI,8827482e49fffff
260250005001011,30,30,20,4349734,130292,Clear Rate,10,1,B,MI,8827482e49fffff
260250005001012,30,30,5,4349734,130292,Clear Rate,10,1,B,MI,8827482e49fffff
260250005001013,30,30,16,4349734,130292,Clear Rate,10,1,B,MI,8827482e49fffff
260250005001014,30,30,8,4349734,130292,Clear Rate,10,1,B,MI,8827482e49fffff
260250005001017,30,30,2,4349734,130292,Clear Rate,10,1,B,MI,8827482e49fffff
260250005001018,30,30,3,4349734,130292,Clear Rate,10,1,B,MI,8827482e49fffff
260250005001022,30,30,2,4349734,130292,Clear Rate,10,1,B,MI,8827482e49fffff
260250005001023,30,30,1,4349734,130292,Clear Rate,10,1,B,MI,8827482e49fffff
260250005001026,30,30,2,4349734,130292,Clear Rate,10,1,B,MI,8827482e41fffff
260250005001027,30,30,9,4349734,130292,Clear Rate,10,1,B,MI,8827482e41fffff
260250005001029,30,30,10,4349734,130292,Clear Rate,10,1,B,MI,8827482e41fffff
260250005002000,30,30,22,4349734,130292,Clear Rate,10,1,B,MI,8827482e49fffff
260250005002001,30,30,14,4349734,130292,Clear Rate,10,1,B,MI,8827482e4dfffff
260250005002002,30,30,20,4349734,130292,Clear Rate,10,1,B,MI,8827482e4dfffff
260250005002003,30,30,15,4349734,130292,Clear Rate,10,1,B,MI,8827482e4dfffff
260250005002004,30,30,21,4349734,130292,Clear Rate,10,1,B,MI,8827482e4dfffff
260250005002019,30,30,15,4349734,130292,Clear Rate,10,1,B,MI,8827482e4dfffff
260250005002020,30,30,19,4349734,130292,Clear Rate,10,1,B,MI,8827482e49fffff
260250005002021,30,30,8,4349734,130292,Clear Rate,10,1,B,MI,8827482e4dfffff
260250005002022,30,30,19,4349734,130292,Clear Rate,10,1,B,MI,8827482e4dfffff
260250006001000,80,80,8,4349734,130292,Clear Rate,10,1,B,MI,88274820bdfffff
260250006001001,80,80,4,4349734,130292,Clear Rate,10,1,B,MI,88274820bdfffff
260250006001002,80,80,1,4349734,130292,Clear Rate,10,1,B,MI,88274820bdfffff
260250006001003,80,80,4,4349734,130292,Clear Rate,10,1,B,MI,88274820bdfffff
260250006001005,80,80,2,4349734,130292,Clear Rate,10,1,B,MI,88274820bdfffff
260250006001007,80,80,5,4349734,130292,Clear Rate,10,1,B,MI,88274820bdfffff
260250006001008,80,80,12,4349734,130292,Clear Rate,10,1,B,MI,88274820bdfffff
260250006001009,80,80,7,4349734,130292,Clear Rate,10,1,B,MI,88274820bdfffff
260250006001010,80,80,1,4349734,130292,Clear Rate,10,1,B,MI,88274820bdfffff
260250006001012,30,30,18,4349734,130292,Clear Rate,10,1,B,MI,88274820b5fffff
260250006001013,30,30,12,4349734,130292,Clear Rate,10,1,B,MI,88274820b1fffff
260250006001014,30,30,4,4349734,130292,Clear Rate,10,1,B,MI,88274820b1fffff
260250006001014,45,45,12,4349734,130292,Clear Rate,10,1,B,MI,88274820b1fffff
260250006001015,30,30,3,4349734,130292,Clear Rate,10,1,B,MI,88274820b1fffff
260250006001015,45,45,12,4349734,130292,Clear Rate,10,1,B,MI,88274820b1fffff
260250006001016,45,45,16,4349734,130292,Clear Rate,10,1,B,MI,88274820b1fffff
260250006001017,45,45,17,4349734,130292,Clear Rate,10,1,B,MI,88274820b1fffff
260250006001018,30,30,14,4349734,130292,Clear Rate,10,1,B,MI,88274820b1fffff
260250006001018,45,45,2,4349734,130292,Clear Rate,10,1,B,MI,88274820b1fffff
260250006001019,30,30,17,4349734,130292,Clear Rate,10,1,B,MI,88274820b1fffff
260250006001019,45,45,2,4349734,130292,Clear Rate,10,1,B,MI,88274820b1fffff
260250006001020,45,45,17,4349734,130292,Clear Rate,10,1,B,MI,88274820b1fffff
260250006001021,45,45,17,4349734,130292,Clear Rate,10,1,B,MI,88274820b1fffff
260250006001022,45,45,15,4349734,130292,Clear Rate,10,1,B,MI,88274820b1fffff
260250006001023,45,45,15,4349734,130292,Clear Rate,10,1,B,MI,88274820b1fffff
260250006001024,45,45,15,4349734,130292,Clear Rate,10,1,B,MI,88274820b1fffff
260250006001025,45,45,5,4349734,130292,Clear Rate,10,1,B,MI,88274820b1fffff
260250006001026,30,30,12,4349734,130292,Clear Rate,10,1,B,MI,88274820b1fffff
260250006001026,45,45,12,4349734,130292,Clear Rate,10,1,B,MI,88274820b1fffff
260250006001027,30,30,16,4349734,130292,Clear Rate,10,1,B,MI,88274820b1fffff
260250006001027,45,45,5,4349734,130292,Clear Rate,10,1,B,MI,88274820b1fffff
260250006001028,30,30,17,4349734,130292,Clear Rate,10,1,B,MI,88274820b1fffff
260250006001028,45,45,6,4349734,130292,Clear Rate,10,1,B,MI,88274820b1fffff
260250006001029,30,30,23,4349734,130292,Clear Rate,10,1,B,MI,88274820b1fffff
260250006001029,45,45,6,4349734,130292,Clear Rate,10,1,B,MI,88274820b1fffff
260250006001030,30,30,21,4349734,130292,Clear Rate,10,1,B,MI,88274820b1fffff
260250006001030,45,45,7,4349734,130292,Clear Rate,10,1,B,MI,88274820b1fffff
260250006001031,30,30,24,4349734,130292,Clear Rate,10,1,B,MI,88274820b1fffff
260250006001032,30,30,5,4349734,130292,Clear Rate,10,1,B,MI,88274820b1fffff
260250006001033,30,30,7,4349734,130292,Clear Rate,10,1,B,MI,88274820b1fffff
260250006001034,30,30,7,4349734,130292,Clear Rate,10,1,B,MI,88274820b1fffff
260250006001035,30,30,11,4349734,130292,Clear Rate,10,1,B,MI,88274820b1fffff
260250006001036,30,30,3,4349734,130292,Clear Rate,10,1,B,MI,88274820b1fffff
260250006001037,30,30,10,4349734,130292,Clear Rate,10,1,B,MI,88274820b1fffff
260250006001038,30,30,7,4349734,130292,Clear Rate,10,1,B,MI,88274820b1fffff
260250006001039,30,30,9,4349734,130292,Clear Rate,10,1,B,MI,88274820b3fffff
260250006001040,30,30,15,4349734,130292,Clear Rate,10,1,B,MI,88274820b3fffff
260250006001041,30,30,13,4349734,130292,Clear Rate,10,1,B,MI,88274820b3fffff
260250006001042,30,30,10,4349734,130292,Clear Rate,10,1,B,MI,88274820b1fffff
260250006001043,30,30,13,4349734,130292,Clear Rate,10,1,B,MI,88274820b1fffff
260250006001044,30,30,12,4349734,130292,Clear Rate,10,1,B,MI,88274820b1fffff
260250006001045,30,30,14,4349734,130292,Clear Rate,10,1,B,MI,88274820b3fffff
260250006001046,30,30,5,4349734,130292,Clear Rate,10,1,B,MI,88274820b3fffff
260250006001047,30,30,2,4349734,130292,Clear Rate,10,1,B,MI,88274820b3fffff
260250006002000,80,80,3,4349734,130292,Clear Rate,10,1,B,MI,88274820bdfffff
260250006002004,80,80,1,4349734,130292,Clear Rate,10,1,B,MI,88274820a3fffff
260250006002005,80,80,11,4349734,130292,Clear Rate,10,1,B,MI,88274820bdfffff
260250006002006,80,80,3,4349734,130292,Clear Rate,10,1,B,MI,88274820bdfffff
260250006002008,30,30,1,4349734,130292,Clear Rate,10,1,B,MI,88274820b5fffff
260250006002009,30,30,2,4349734,130292,Clear Rate,10,1,B,MI,88274820b5fffff
260250006002010,30,30,4,4349734,130292,Clear Rate,10,1,B,MI,88274820b5fffff
260250006002011,30,30,20,4349734,130292,Clear Rate,10,1,B,MI,88274820b5fffff
260250006002012,30,30,9,4349734,130292,Clear Rate,10,1,B,MI,88274820b5fffff
260250006002014,30,30,1,4349734,130292,Clear Rate,10,1,B,MI,88274820b5fffff
260250006002016,30,30,7,4349734,130292,Clear Rate,10,1,B,MI,8827482e4bfffff
260250006002017,30,30,6,4349734,130292,Clear Rate,10,1,B,MI,88274820b5fffff
260250006002018,30,30,16,4349734,130292,Clear Rate,10,1,B,MI,88274820b5fffff
260250006002019,30,30,11,4349734,130292,Clear Rate,10,1,B,MI,88274820b5fffff
260250006002020,30,30,6,4349734,130292,Clear Rate,10,1,B,MI,88274820b5fffff
260250006002021,30,30,3,4349734,130292,Clear Rate,10,1,B,MI,88274820bdfffff
260250006002022,30,30,14,4349734,130292,Clear Rate,10,1,B,MI,88274820b5fffff
260250006002023,30,30,1,4349734,130292,Clear Rate,10,1,B,MI,88274820b1fffff
260250006002024,30,30,30,4349734,130292,Clear Rate,10,1,B,MI,88274820b7fffff
260250006002025,30,30,10,4349734,130292,Clear Rate,10,1,B,MI,88274820b7fffff
260250006002026,30,30,9,4349734,130292,Clear Rate,10,1,B,MI,88274820b1fffff
260250006002027,30,30,13,4349734,130292,Clear Rate,10,1,B,MI,88274820b1fffff
260250006002028,30,30,1,4349734,130292,Clear Rate,10,1,B,MI,88274820b7fffff
260250006002029,30,30,12,4349734,130292,Clear Rate,10,1,B,MI,88274820b7fffff
260250006002030,30,30,17,4349734,130292,Clear Rate,10,1,B,MI,88274820b5fffff
260250006002031,30,30,12,4349734,130292,Clear Rate,10,1,B,MI,88274820b5fffff
260250006002032,30,30,7,4349734,130292,Clear Rate,10,1,B,MI,88274820b5fffff
260250006002033,30,30,6,4349734,130292,Clear Rate,10,1,B,MI,88274820b5fffff
260250006002034,30,30,2,4349734,130292,Clear Rate,10,1,B,MI,88274820b5fffff
260250006002041,30,30,6,4349734,130292,Clear Rate,10,1,B,MI,88274820b7fffff
260250006002045,30,30,27,4349734,130292,Clear Rate,10,1,B,MI,88274820b1fffff
260250006002046,30,30,32,4349734,130292,Clear Rate,10,1,B,MI,88274820b1fffff
260250006002047,30,30,17,4349734,130292,Clear Rate,10,1,B,MI,88274820b1fffff
260250006002048,30,30,21,4349734,130292,Clear Rate,10,1,B,MI,88274820b1fffff
260250006002049,30,30,27,4349734,130292,Clear Rate,10,1,B,MI,88274820b1fffff
260250006002050,30,30,7,4349734,130292,Clear Rate,10,1,B,MI,88274820b1fffff
260250006002051,30,30,6,4349734,130292,Clear Rate,10,1,B,MI,88274820b7fffff
260250007001005,30,30,11,4349734,130292,Clear Rate,10,1,B,MI,8827482087fffff
260250007001006,30,30,5,4349734,130292,Clear Rate,10,1,B,MI,88274820b9fffff
260250007001007,30,30,6,4349734,130292,Clear Rate,10,1,B,MI,88274820b9fffff
260250007001008,30,30,7,4349734,130292,Clear Rate,10,1,B,MI,88274820b9fffff
260250007001010,30,30,4,4349734,130292,Clear Rate,10,1,B,MI,88274820b9fffff
260250007001011,30,30,7,4349734,130292,Clear Rate,10,1,B,MI,88274820b9fffff
260250007001012,30,30,3,4349734,130292,Clear Rate,10,1,B,MI,88274820bdfffff
260250007001012,80,80,5,4349734,130292,Clear Rate,10,1,B,MI,88274820bdfffff
260250007001013,80,80,7,4349734,130292,Clear Rate,10,1,B,MI,88274820bdfffff
260250007001049,30,30,9,4349734,130292,Clear Rate,10,1,B,MI,88274820bdfffff
260250007001050,30,30,2,4349734,130292,Clear Rate,10,1,B,MI,88274820bdfffff
260250007001050,80,80,3,4349734,130292,Clear Rate,10,1,B,MI,88274820bdfffff
260250007002000,30,30,13,4349734,130292,Clear Rate,10,1,B,MI,88274820b1fffff
260250007002000,45,45,12,4349734,130292,Clear Rate,10,1,B,MI,88274820b9fffff
260250007002002,30,30,13,4349734,130292,Clear Rate,10,1,B,MI,88274820b1fffff
260250007002003,30,30,2,4349734,130292,Clear Rate,10,1,B,MI,88274820b1fffff
260250007002004,30,30,5,4349734,130292,Clear Rate,10,1,B,MI,88274820bbfffff
260250007002005,30,30,13,4349734,130292,Clear Rate,10,1,B,MI,88274820bbfffff
260250007002006,30,30,16,4349734,130292,Clear Rate,10,1,B,MI,88274820bbfffff
260250007002007,30,30,12,4349734,130292,Clear Rate,10,1,B,MI,88274820bbfffff
260250007002008,30,30,17,4349734,130292,Clear Rate,10,1,B,MI,88274820b1fffff
260250007002009,30,30,11,4349734,130292,Clear Rate,10,1,B,MI,88274820b1fffff
260250007002010,30,30,28,4349734,130292,Clear Rate,10,1,B,MI,88274820b1fffff
260250007002011,30,30,25,4349734,130292,Clear Rate,10,1,B,MI,88274820b1fffff
260250007002012,30,30,28,4349734,130292,Clear Rate,10,1,B,MI,88274820bbfffff
260250007002013,30,30,22,4349734,130292,Clear Rate,10,1,B,MI,88274820bbfffff
260250007002014,30,30,5,4349734,130292,Clear Rate,10,1,B,MI,88274820bbfffff
260250007002015,30,30,27,4349734,130292,Clear Rate,10,1,B,MI,88274820bbfffff
260250007002016,30,30,8,4349734,130292,Clear Rate,10,1,B,MI,88274820bbfffff
260250007002017,30,30,9,4349734,130292,Clear Rate,10,1,B,MI,88274820b1fffff
260250007002018,30,30,11,4349734,130292,Clear Rate,10,1,B,MI,88274820b1fffff
260250007002019,30,30,9,4349734,130292,Clear Rate,10,1,B,MI,88274820bbfffff
260250007002020,30,30,6,4349734,130292,Clear Rate,10,1,B,MI,88274820bbfffff
260250007002021,30,30,7,4349734,130292,Clear Rate,10,1,B,MI,88274820bbfffff
260250007002022,30,30,3,4349734,130292,Clear Rate,10,1,B,MI,88274820bbfffff
260250007002023,30,30,3,4349734,130292,Clear Rate,10,1,B,MI,88274820b3fffff
260250007002024,30,30,5,4349734,130292,Clear Rate,10,1,B,MI,88274820b3fffff
260250007003008,30,30,8,4349734,130292,Clear Rate,10,1,B,MI,88274820bbfffff
260250007003009,30,30,9,4349734,130292,Clear Rate,10,1,B,MI,88274820bbfffff
260250007003010,30,30,3,4349734,130292,Clear Rate,10,1,B,MI,88274820bbfffff
260250009001000,30,30,26,4349734,130292,Clear Rate,10,1,B,MI,88274820e3fffff
260250009001001,30,30,13,4349734,130292,Clear Rate,10,1,B,MI,88274820e3fffff
260250009001002,30,30,15,4349734,130292,Clear Rate,10,1,B,MI,88274820e3fffff
260250009001004,30,30,43,4349734,130292,Clear Rate,10,1,B,MI,88274820e3fffff
260250009001005,30,30,31,4349734,130292,Clear Rate,10,1,B,MI,8827482085fffff
260250009001006,30,30,17,4349734,130292,Clear Rate,10,1,B,MI,88274820a9fffff
260250009001007,30,30,2,4349734,130292,Clear Rate,10,1,B,MI,88274820a9fffff
260250009001008,30,30,15,4349734,130292,Clear Rate,10,1,B,MI,88274820a9fffff
260250009001010,30,30,21,4349734,130292,Clear Rate,10,1,B,MI,88274820a9fffff
260250009001011,30,30,22,4349734,130292,Clear Rate,10,1,B,MI,88274820a9fffff
260250009001012,30,30,20,4349734,130292,Clear Rate,10,1,B,MI,88274820a9fffff
260250009001013,30,30,18,4349734,130292,Clear Rate,10,1,B,MI,88274820a9fffff
260250009001014,30,30,3,4349734,130292,Clear Rate,10,1,B,MI,88274820e3fffff
260250009001022,30,30,3,4349734,130292,Clear Rate,10,1,B,MI,8827482085fffff
260250009001023,30,30,18,4349734,130292,Clear Rate,10,1,B,MI,8827482085fffff
260250009001024,30,30,9,4349734,130292,Clear Rate,10,1,B,MI,8827482085fffff
260250009001025,30,30,10,4349734,130292,Clear Rate,10,1,B,MI,8827482085fffff
260250009001027,30,30,16,4349734,130292,Clear Rate,10,1,B,MI,8827482085fffff
260250009001028,30,30,2,4349734,130292,Clear Rate,10,1,B,MI,8827482085fffff
260250009001031,30,30,15,4349734,130292,Clear Rate,10,1,B,MI,8827482085fffff
260250009001032,30,30,14,4349734,130292,Clear Rate,10,1,B,MI,8827482085fffff
260250009001033,30,30,18,4349734,130292,Clear Rate,10,1,B,MI,8827482085fffff
260250009001034,30,30,14,4349734,130292,Clear Rate,10,1,B,MI,8827482085fffff
260250009001035,30,30,34,4349734,130292,Clear Rate,10,1,B,MI,8827482085fffff
260250010004001,30,30,9,4349734,130292,Clear Rate,10,1,B,MI,88274820e7fffff
260250010004005,30,30,7,4349734,130292,Clear Rate,10,1,B,MI,88274820e7fffff
260250010004006,30,30,6,4349734,130292,Clear Rate,10,1,B,MI,88274820e7fffff
260250010004008,30,30,8,4349734,130292,Clear Rate,10,1,B,MI,88274820e7fffff
260250017001000,30,30,13,4349734,130292,Clear Rate,10,1,B,MI,8827482e41fffff
260250017001002,30,30,15,4349734,130292,Clear Rate,10,1,B,MI,8827482e41fffff
260250017001003,30,30,8,4349734,130292,Clear Rate,10,1,B,MI,8827482e41fffff
260250019001005,30,30,13,4349734,130292,Clear Rate,10,1,B,MI,88274820bbfffff
260250019001009,30,30,2,4349734,130292,Clear Rate,10,1,B,MI,88274820bbfffff
260250041001002,45,45,2,4349734,130292,Clear Rate,10,1,B,MI,88274820a1fffff
260250041001003,45,45,1,4349734,130292,Clear Rate,10,1,B,MI,88274820a1fffff
260250041001008,45,45,3,4349734,130292,Clear Rate,10,1,B,MI,88274820a1fffff
260250041001009,45,45,3,4349734,130292,Clear Rate,10,1,B,MI,88274820a5fffff
260250041001017,30,30,2,4349734,130292,Clear Rate,10,1,B,MI,88274820a7fffff
260250041001019,30,30,5,4349734,130292,Clear Rate,10,1,B,MI,88274820a7fffff
260250041001020,30,30,5,4349734,130292,Clear Rate,10,1,B,MI,88274820a7fffff
260250041001021,30,30,14,4349734,130292,Clear Rate,10,1,B,MI,88274820a7fffff
260250041001022,30,30,2,4349734,130292,Clear Rate,10,1,B,MI,88274820a7fffff
260250041001025,45,45,1,4349734,130292,Clear Rate,10,1,B,MI,88274820a7fffff
260250041001026,45,45,2,4349734,130292,Clear Rate,10,1,B,MI,88274820a1fffff
260250041001027,45,45,1,4349734,130292,Clear Rate,10,1,B,MI,88274820a3fffff
260250041001028,80,80,1,4349734,130292,Clear Rate,10,1,B,MI,88274820a1fffff
260250041001029,45,45,8,4349734,130292,Clear Rate,10,1,B,MI,88274820a1fffff
260250041001029,80,80,1,4349734,130292,Clear Rate,10,1,B,MI,88274820a1fffff
260250041001030,30,30,4,4349734,130292,Clear Rate,10,1,B,MI,88274820a1fffff
260250041001031,80,80,17,4349734,130292,Clear Rate,10,1,B,MI,88274820a1fffff
260250041001034,45,45,1,4349734,130292,Clear Rate,10,1,B,MI,88274820a3fffff
260250041001034,80,80,11,4349734,130292,Clear Rate,10,1,B,MI,88274820a3fffff
260250041001035,80,80,10,4349734,130292,Clear Rate,10,1,B,MI,88274820a3fffff
260250041001036,80,80,4,4349734,130292,Clear Rate,10,1,B,MI,88274820a3fffff
260250041001037,45,45,1,4349734,130292,Clear Rate,10,1,B,MI,88274820a3fffff
260250041001043,30,30,1,4349734,130292,Clear Rate,10,1,B,MI,88274820a3fffff
260250041001048,30,30,10,4349734,130292,Clear Rate,10,1,B,MI,88274820a7fffff
260250041001049,30,30,9,4349734,130292,Clear Rate,10,1,B,MI,88274820a7fffff
260250041001050,30,30,4,4349734,130292,Clear Rate,10,1,B,MI,88274820a7fffff
260250041001051,30,30,6,4349734,130292,Clear Rate,10,1,B,MI,88274820a7fffff
260250041001052,30,30,13,4349734,130292,Clear Rate,10,1,B,MI,88274820a7fffff
260250041001053,30,30,7,4349734,130292,Clear Rate,10,1,B,MI,88274820a7fffff
260250041001055,30,30,7,4349734,130292,Clear Rate,10,1,B,MI,88274820a7fffff
260250041001057,30,30,1,4349734,130292,Clear Rate,10,1,B,MI,88274820a3fffff
260250041001059,30,30,1,4349734,130292,Clear Rate,10,1,B,MI,88274820a3fffff
260250041001060,30,30,1,4349734,130292,Clear Rate,10,1,B,MI,8827482e49fffff
260250041001061,30,30,11,4349734,130292,Clear Rate,10,1,B,MI,8827482e49fffff
260250041001062,30,30,1,4349734,130292,Clear Rate,10,1,B,MI,88274820a3fffff
260250041001063,30,30,20,4349734,130292,Clear Rate,10,1,B,MI,8827482e49fffff
260250041001064,30,30,8,4349734,130292,Clear Rate,10,1,B,MI,88274820a7fffff
260250041001065,30,30,12,4349734,130292,Clear Rate,10,1,B,MI,88274820a7fffff
260250041001066,30,30,9,4349734,130292,Clear Rate,10,1,B,MI,88274820a7fffff
260250041001067,30,30,14,4349734,130292,Clear Rate,10,1,B,MI,88274820a7fffff
260250041001068,30,30,11,4349734,130292,Clear Rate,10,1,B,MI,88274820a7fffff
260250041001069,45,45,1,4349734,130292,Clear Rate,10,1,B,MI,88274820a3fffff
260250041001072,30,30,13,4349734,130292,Clear Rate,10,1,B,MI,88274820a7fffff
260250041001073,30,30,20,4349734,130292,Clear Rate,10,1,B,MI,88274820a7fffff
260250041001074,30,30,7,4349734,130292,Clear Rate,10,1,B,MI,8827482e49fffff
260250041001075,30,30,14,4349734,130292,Clear Rate,10,1,B,MI,8827482e49fffff
260250041001076,30,30,6,4349734,130292,Clear Rate,10,1,B,MI,8827482e49fffff
260250041001077,30,30,5,4349734,130292,Clear Rate,10,1,B,MI,8827482e49fffff
260250041001078,30,30,11,4349734,130292,Clear Rate,10,1,B,MI,8827482e49fffff
260250041001079,30,30,7,4349734,130292,Clear Rate,10,1,B,MI,8827482e4dfffff
260250041001080,30,30,11,4349734,130292,Clear Rate,10,1,B,MI,8827482e4dfffff
260250041001081,30,30,14,4349734,130292,Clear Rate,10,1,B,MI,88274820a7fffff
260250041001083,80,80,3,4349734,130292,Clear Rate,10,1,B,MI,88274820a3fffff
260250041001084,30,30,5,4349734,130292,Clear Rate,10,1,B,MI,8827482e49fffff
260250041001085,30,30,10,4349734,130292,Clear Rate,10,1,B,MI,8827482e49fffff
260250041002001,30,30,6,4349734,130292,Clear Rate,10,1,B,MI,88274820a7fffff
260250041002002,30,30,6,4349734,130292,Clear Rate,10,1,B,MI,88274820a7fffff
260250041002004,30,30,31,4349734,130292,Clear Rate,10,1,B,MI,882748219bfffff
260250041002006,30,30,17,4349734,130292,Clear Rate,10,1,B,MI,8827482e4dfffff
260250041002007,30,30,25,4349734,130292,Clear Rate,10,1,B,MI,8827482e4dfffff
260250041002008,30,30,20,4349734,130292,Clear Rate,10,1,B,MI,8827482e4dfffff
260250041002009,30,30,32,4349734,130292,Clear Rate,10,1,B,MI,882748219bfffff
260250041002010,30,30,13,4349734,130292,Clear Rate,10,1,B,MI,882748219bfffff
260250041002011,30,30,5,4349734,130292,Clear Rate,10,1,B,MI,88274820a7fffff
260250041002012,30,30,10,4349734,130292,Clear Rate,10,1,B,MI,88274820a7fffff
260250041002013,30,30,3,4349734,130292,Clear Rate,10,1,B,MI,88274820a7fffff
260250041002014,30,30,2,4349734,130292,Clear Rate,10,1,B,MI,8827482e4dfffff
260250041002015,30,30,5,4349734,130292,Clear Rate,10,1,B,MI,8827482e4dfffff
260250041002016,30,30,17,4349734,130292,Clear Rate,10,1,B,MI,8827482e4dfffff
260250041002017,30,30,39,4349734,130292,Clear Rate,10,1,B,MI,8827482e4dfffff
260250041002018,30,30,30,4349734,130292,Clear Rate,10,1,B,MI,8827482e4dfffff
260250041002019,30,30,35,4349734,130292,Clear Rate,10,1,B,MI,8827482e4dfffff
260250041002020,30,30,8,4349734,130292,Clear Rate,10,1,B,MI,8827482e4dfffff
260250041002021,30,30,12,4349734,130292,Clear Rate,10,1,B,MI,8827482e4dfffff
260250041002022,30,30,5,4349734,130292,Clear Rate,10,1,B,MI,8827482e4dfffff
260250041002023,30,30,5,4349734,130292,Clear Rate,10,1,B,MI,8827482e4dfffff
260250041002024,30,30,2,4349734,130292,Clear Rate,10,1,B,MI,8827482e4dfffff
260250041002027,30,30,2,4349734,130292,Clear Rate,10,1,B,MI,8827482e4dfffff
260250041002028,30,30,5,4349734,130292,Clear Rate,10,1,B,MI,8827482193fffff
260490111041000,30,30,26,4349734,130292,Clear Rate,10,1,B,MI,88274d14c3fffff
260490111041000,45,45,7,4349734,130292,Clear Rate,10,1,B,MI,88274d14c3fffff
260490111041001,30,30,17,4349734,130292,Clear Rate,10,1,B,MI,88274d148bfffff
260490111041002,30,30,82,4349734,130292,Clear Rate,10,1,B,MI,88274d1489fffff
260490111041003,30,30,25,4349734,130292,Clear Rate,10,1,B,MI,88274d1489fffff
260490111041004,30,30,23,4349734,130292,Clear Rate,10,1,B,MI,88274d1489fffff
260490111041005,30,30,4,4349734,130292,Clear Rate,10,1,B,MI,88274d1489fffff
260490111041009,30,30,15,4349734,130292,Clear Rate,10,1,B,MI,88274d148bfffff
260490111041009,45,45,14,4349734,130292,Clear Rate,10,1,B,MI,88274d14d5fffff
260490111041010,45,45,7,4349734,130292,Clear Rate,10,1,B,MI,88274d14ddfffff
260490112091002,30,30,11,4349734,130292,Clear Rate,10,1,B,MI,88274d16b9fffff
260490112091003,30,30,19,4349734,130292,Clear Rate,10,1,B,MI,88274d16bdfffff
260490112091003,45,45,55,4349734,130292,Clear Rate,10,1,B,MI,88274d16bdfffff
260490112091003,80,80,10,4349734,130292,Clear Rate,10,1,B,MI,88274d16b7fffff
260490112091004,45,45,5,4349734,130292,Clear Rate,10,1,B,MI,88274d16b7fffff
260490112091004,80,80,33,4349734,130292,Clear Rate,10,1,B,MI,88274d16b7fffff
260490112091005,45,45,28,4349734,130292,Clear Rate,10,1,B,MI,88274d16bdfffff
260490112091006,30,30,8,4349734,130292,Clear Rate,10,1,B,MI,88274d16b1fffff
260490112091007,45,45,24,4349734,130292,Clear Rate,10,1,B,MI,88274d16bdfffff
260490112091008,45,45,18,4349734,130292,Clear Rate,10,1,B,MI,88274d16b1fffff
260490112091009,45,45,18,4349734,130292,Clear Rate,10,1,B,MI,88274d16bdfffff
260490112091010,45,45,5,4349734,130292,Clear Rate,10,1,B,MI,88274d16b1fffff
260490112091011,45,45,35,4349734,130292,Clear Rate,10,1,B,MI,88274d16bdfffff
260490112091012,45,45,10,4349734,130292,Clear Rate,10,1,B,MI,88274d16b5fffff
260490112091013,45,45,23,4349734,130292,Clear Rate,10,1,B,MI,88274d16b5fffff
260490112091014,45,45,4,4349734,130292,Clear Rate,10,1,B,MI,88274d16b5fffff
260490112091015,45,45,18,4349734,130292,Clear Rate,10,1,B,MI,88274d16b5fffff
260490112091016,45,45,4,4349734,130292,Clear Rate,10,1,B,MI,88274d16b5fffff
260490112091017,30,30,7,4349734,130292,Clear Rate,10,1,B,MI,88274d14c9fffff
260490112091018,30,30,2,4349734,130292,Clear Rate,10,1,B,MI,88274d14c9fffff
260490112091020,30,30,8,4349734,130292,Clear Rate,10,1,B,MI,88274d16b9fffff
260490112091021,30,30,9,4349734,130292,Clear Rate,10,1,B,MI,88274d16b9fffff
260490112091026,30,30,16,4349734,130292,Clear Rate,10,1,B,MI,88274d16b3fffff
260490112091026,80,80,28,4349734,130292,Clear Rate,10,1,B,MI,88274d16b7fffff
260490112091027,80,80,32,4349734,130292,Clear Rate,10,1,B,MI,88274d16b7fffff
260490112091028,80,80,8,4349734,130292,Clear Rate,10,1,B,MI,88274d16b7fffff
260490112091029,45,45,7,4349734,130292,Clear Rate,10,1,B,MI,88274d16b7fffff
260490112091029,80,80,11,4349734,130292,Clear Rate,10,1,B,MI,88274d16b7fffff
260490112091030,45,45,47,4349734,130292,Clear Rate,10,1,B,MI,88274d16b5fffff
260490112091030,80,80,1,4349734,130292,Clear Rate,10,1,B,MI,88274d16b7fffff
260490112091031,45,45,53,4349734,130292,Clear Rate,10,1,B,MI,88274d16b5fffff
260490112091032,45,45,23,4349734,130292,Clear Rate,10,1,B,MI,88274d16b5fffff
260490112091033,45,45,20,4349734,130292,Clear Rate,10,1,B,MI,88274d16b5fffff
260490112091034,80,80,26,4349734,130292,Clear Rate,10,1,B,MI,88274d16b7fffff
260490112091035,80,80,12,4349734,130292,Clear Rate,10,1,B,MI,88274d16b7fffff
260490112093002,30,30,10,4349734,130292,Clear Rate,10,1,B,MI,88274dab6dfffff
260490112093003,30,30,28,4349734,130292,Clear Rate,10,1,B,MI,88274d16b3fffff
260490112093005,30,30,4,4349734,130292,Clear Rate,10,1,B,MI,88274d16b3fffff
260490112093006,30,30,24,4349734,130292,Clear Rate,10,1,B,MI,88274d16b3fffff
260490112093007,30,30,35,4349734,130292,Clear Rate,10,1,B,MI,88274dab65fffff
260490112093008,30,30,8,4349734,130292,Clear Rate,10,1,B,MI,88274dab6dfffff
260490112093019,30,30,14,4349734,130292,Clear Rate,10,1,B,MI,88274d16b3fffff
260490112093020,30,30,45,4349734,130292,Clear Rate,10,1,B,MI,88274dab65fffff
260490112093021,30,30,23,4349734,130292,Clear Rate,10,1,B,MI,88274d16b3fffff
260490112093022,30,30,9,4349734,130292,Clear Rate,10,1,B,MI,88274dab65fffff
260490112093023,30,30,12,4349734,130292,Clear Rate,10,1,B,MI,88274dab65fffff
260490112094000,30,30,14,4349734,130292,Clear Rate,10,1,B,MI,88274d16b3fffff
260490112094001,30,30,6,4349734,130292,Clear Rate,10,1,B,MI,88274d16b3fffff
260490112094002,30,30,31,4349734,130292,Clear Rate,10,1,B,MI,88274d16b3fffff
260490112094002,45,45,21,4349734,130292,Clear Rate,10,1,B,MI,88274d16b7fffff
260490112094003,45,45,3,4349734,130292,Clear Rate,10,1,B,MI,88274d16b3fffff
260490112094004,45,45,6,4349734,130292,Clear Rate,10,1,B,MI,88274d16b7fffff
260490112094005,45,45,2,4349734,130292,Clear Rate,10,1,B,MI,88274d16b7fffff
260490112094005,80,80,1,4349734,130292,Clear Rate,10,1,B,MI,88274d16b7fffff
260490112094006,30,30,25,4349734,130292,Clear Rate,10,1,B,MI,88274dab65fffff
260490112094007,30,30,19,4349734,130292,Clear Rate,10,1,B,MI,88274d16b3fffff
260490112094008,30,30,29,4349734,130292,Clear Rate,10,1,B,MI,88274d16b3fffff
260490112101002,30,30,1,4349734,130292,Clear Rate,10,1,B,MI,88274d14c9fffff
260490112101003,45,45,10,4349734,130292,Clear Rate,10,1,B,MI,88274d16b5fffff
260490112101003,80,80,4,4349734,130292,Clear Rate,10,1,B,MI,88274d16b5fffff
260490112101004,45,45,1,4349734,130292,Clear Rate,10,1,B,MI,88274d14cbfffff
260490112101004,80,80,2,4349734,130292,Clear Rate,10,1,B,MI,88274d14cbfffff
260490112101005,30,30,6,4349734,130292,Clear Rate,10,1,B,MI,88274d14cbfffff
260490112101005,45,45,5,4349734,130292,Clear Rate,10,1,B,MI,88274d14cbfffff
260490112101006,45,45,33,4349734,130292,Clear Rate,10,1,B,MI,88274d14cbfffff
260490112101007,45,45,10,4349734,130292,Clear Rate,10,1,B,MI,88274d14cbfffff
260490112101008,45,45,7,4349734,130292,Clear Rate,10,1,B,MI,88274d14cbfffff
260490112101009,80,80,2,4349734,130292,Clear Rate,10,1,B,MI,88274d14cbfffff
260490112101010,80,80,8,4349734,130292,Clear Rate,10,1,B,MI,88274d16b7fffff
260490112101011,80,80,6,4349734,130292,Clear Rate,10,1,B,MI,88274d16b7fffff
260490112101012,80,80,11,4349734,130292,Clear Rate,10,1,B,MI,88274d16b7fffff
260490112101013,80,80,15,4349734,130292,Clear Rate,10,1,B,MI,88274d16b7fffff
260490112101014,80,80,18,4349734,130292,Clear Rate,10,1,B,MI,88274d16b7fffff
260490112101015,80,80,26,4349734,130292,Clear Rate,10,1,B,MI,88274d16b7fffff
260490112101018,45,45,2,4349734,130292,Clear Rate,10,1,B,MI,88274d16b7fffff
260490112101023,45,45,3,4349734,130292,Clear Rate,10,1,B,MI,88274d14cbfffff
260490112102000,45,45,158,4349734,130292,Clear Rate,10,1,B,MI,88274d14cbfffff
260490112102001,45,45,15,4349734,130292,Clear Rate,10,1,B,MI,88274d14ddfffff
260490112102002,45,45,22,4349734,130292,Clear Rate,10,1,B,MI,88274d14cbfffff
260490112102003,45,45,33,4349734,130292,Clear Rate,10,1,B,MI,88274d14cbfffff
260490112102004,45,45,41,4349734,130292,Clear Rate,10,1,B,MI,88274d14cbfffff
260490112114001,30,30,33,4349734,130292,Clear Rate,10,1,B,MI,88274d16a7fffff
260490112114003,30,30,3,4349734,130292,Clear Rate,10,1,B,MI,88274d14c9fffff
260490112114004,30,30,13,4349734,130292,Clear Rate,10,1,B,MI,88274d16a3fffff
260490112114005,30,30,4,4349734,130292,Clear Rate,10,1,B,MI,88274d14c9fffff
260490112114009,30,30,104,4349734,130292,Clear Rate,10,1,B,MI,88274d14c7fffff
260490112114015,30,30,3,4349734,130292,Clear Rate,10,1,B,MI,88274d14c1fffff
260490112114016,30,30,27,4349734,130292,Clear Rate,10,1,B,MI,88274d14c3fffff
260490112114016,45,45,5,4349734,130292,Clear Rate,10,1,B,MI,88274d14c3fffff
260490112114017,30,30,1,4349734,130292,Clear Rate,10,1,B,MI,88274d14c3fffff
260490112114018,30,30,26,4349734,130292,Clear Rate,10,1,B,MI,88274d14c3fffff
260490112114018,45,45,8,4349734,130292,Clear Rate,10,1,B,MI,88274d14c3fffff
260490112131010,30,30,39,4349734,130292,Clear Rate,10,1,B,MI,88274d16abfffff
260490112131011,30,30,27,4349734,130292,Clear Rate,10,1,B,MI,88274d16abfffff
260490112131012,30,30,3,4349734,130292,Clear Rate,10,1,B,MI,88274d16abfffff
260490112131013,30,30,7,4349734,130292,Clear Rate,10,1,B,MI,88274d16abfffff
260490112131028,30,30,6,4349734,130292,Clear Rate,10,1,B,MI,88274d16a1fffff
260490112142000,30,30,30,4349734,130292,Clear Rate,10,1,B,MI,88274d16bdfffff
260490112142000,45,45,20,4349734,130292,Clear Rate,10,1,B,MI,88274d16bdfffff
260490112142001,30,30,13,4349734,130292,Clear Rate,10,1,B,MI,88274d16bdfffff
260490112142001,45,45,15,4349734,130292,Clear Rate,10,1,B,MI,88274d16bdfffff
260490112142004,30,30,33,4349734,130292,Clear Rate,10,1,B,MI,88274d16a3fffff
260490112142005,45,45,2,4349734,130292,Clear Rate,10,1,B,MI,88274d16a3fffff
260490112143000,30,30,15,4349734,130292,Clear Rate,10,1,B,MI,88274d16b9fffff
260650004001000,30,30,7,4349734,130292,Clear Rate,10,1,B,MI,882748b639fffff
260650004001001,30,30,4,4349734,130292,Clear Rate,10,1,B,MI,882748b639fffff
260650004001008,30,30,20,4349734,130292,Clear Rate,10,1,B,MI,882748b639fffff
260650004001009,30,30,21,4349734,130292,Clear Rate,10,1,B,MI,882748b639fffff
260650004001010,30,30,12,4349734,130292,Clear Rate,10,1,B,MI,882748b63bfffff
260650004001011,30,30,13,4349734,130292,Clear Rate,10,1,B,MI,882748b63bfffff
260650004001022,30,30,9,4349734,130292,Clear Rate,10,1,B,MI,882748b63bfffff
260650004002000,30,30,35,4349734,130292,Clear Rate,10,1,B,MI,882748b63bfffff
260650004002001,30,30,20,4349734,130292,Clear Rate,10,1,B,MI,882748b63bfffff
260650004002002,30,30,32,4349734,130292,Clear Rate,10,1,B,MI,882748b63bfffff
260650004002003,30,30,32,4349734,130292,Clear Rate,10,1,B,MI,882748b63bfffff
260650004002009,30,30,6,4349734,130292,Clear Rate,10,1,B,MI,882748b63bfffff
260650004002016,30,30,18,4349734,130292,Clear Rate,10,1,B,MI,882748b63bfffff
260650004003000,30,30,14,4349734,130292,Clear Rate,10,1,B,MI,882748b6edfffff
260650004003001,30,30,11,4349734,130292,Clear Rate,10,1,B,MI,882748b6edfffff
260650004003002,30,30,20,4349734,130292,Clear Rate,10,1,B,MI,882748b63bfffff
260650004003003,30,30,21,4349734,130292,Clear Rate,10,1,B,MI,882748b6edfffff
260650004003004,30,30,20,4349734,130292,Clear Rate,10,1,B,MI,882748b6edfffff
260650004003005,30,30,15,4349734,130292,Clear Rate,10,1,B,MI,882748b6edfffff
260650004003006,30,30,16,4349734,130292,Clear Rate,10,1,B,MI,882748b6edfffff
260650004003007,30,30,18,4349734,130292,Clear Rate,10,1,B,MI,882748b633fffff
260650004003008,30,30,20,4349734,130292,Clear Rate,10,1,B,MI,882748b63bfffff
260650004003009,30,30,11,4349734,130292,Clear Rate,10,1,B,MI,882748b63bfffff
260650004003011,30,30,20,4349734,130292,Clear Rate,10,1,B,MI,882748b6edfffff
260650004003012,30,30,34,4349734,130292,Clear Rate,10,1,B,MI,882748b6edfffff
260650004003013,30,30,31,4349734,130292,Clear Rate,10,1,B,MI,882748b6edfffff
260650004003014,30,30,30,4349734,130292,Clear Rate,10,1,B,MI,882748b6edfffff
260650004003015,30,30,17,4349734,130292,Clear Rate,10,1,B,MI,882748b6edfffff
260650004003016,30,30,19,4349734,130292,Clear Rate,10,1,B,MI,882748b633fffff
260650004003017,30,30,9,4349734,130292,Clear Rate,10,1,B,MI,882748b633fffff
260650004003018,30,30,22,4349734,130292,Clear Rate,10,1,B,MI,882748b633fffff
260650004003019,30,30,17,4349734,130292,Clear Rate,10,1,B,MI,882748b633fffff
260650004003020,30,30,16,4349734,130292,Clear Rate,10,1,B,MI,882748b633fffff
260650004003021,30,30,10,4349734,130292,Clear Rate,10,1,B,MI,882748b633fffff
260650004003022,30,30,12,4349734,130292,Clear Rate,10,1,B,MI,882748b633fffff
260650004003025,30,30,12,4349734,130292,Clear Rate,10,1,B,MI,882748b633fffff
260650004003026,30,30,11,4349734,130292,Clear Rate,10,1,B,MI,882748b633fffff
260650004003027,30,30,18,4349734,130292,Clear Rate,10,1,B,MI,882748b633fffff
260650004003028,30,30,20,4349734,130292,Clear Rate,10,1,B,MI,882748b633fffff
260650004003029,30,30,16,4349734,130292,Clear Rate,10,1,B,MI,882748b633fffff
260650006001001,80,80,1,4349734,130292,Clear Rate,10,1,B,MI,882748b613fffff
260650006001003,45,45,3,4349734,130292,Clear Rate,10,1,B,MI,882748b617fffff
260650006001003,80,80,4,4349734,130292,Clear Rate,10,1,B,MI,882748b617fffff
260650006001004,80,80,5,4349734,130292,Clear Rate,10,1,B,MI,882748b613fffff
260650006001005,80,80,17,4349734,130292,Clear Rate,10,1,B,MI,882748b617fffff
260650006001006,45,45,2,4349734,130292,Clear Rate,10,1,B,MI,882748b617fffff
260650006001006,80,80,19,4349734,130292,Clear Rate,10,1,B,MI,882748b617fffff
260650006001007,45,45,23,4349734,130292,Clear Rate,10,1,B,MI,882748b617fffff
260650006001008,80,80,1,4349734,130292,Clear Rate,10,1,B,MI,882748b617fffff
260650006001009,80,80,13,4349734,130292,Clear Rate,10,1,B,MI,882748b617fffff
260650006001010,80,80,1,4349734,130292,Clear Rate,10,1,B,MI,882748b617fffff
260650006001011,45,45,1,4349734,130292,Clear Rate,10,1,B,MI,882748b613fffff
260650006001011,80,80,8,4349734,130292,Clear Rate,10,1,B,MI,882748b613fffff
260650006001012,80,80,15,4349734,130292,Clear Rate,10,1,B,MI,882748b617fffff
260650006001013,80,80,15,4349734,130292,Clear Rate,10,1,B,MI,882748b6edfffff
260650006001014,80,80,8,4349734,130292,Clear Rate,10,1,B,MI,882748b6edfffff
260650006001015,80,80,8,4349734,130292,Clear Rate,10,1,B,MI,882748b6e9fffff
260650006001016,80,80,16,4349734,130292,Clear Rate,10,1,B,MI,882748b6e9fffff
260650006001017,80,80,14,4349734,130292,Clear Rate,10,1,B,MI,882748b6e9fffff
260650006001018,80,80,11,4349734,130292,Clear Rate,10,1,B,MI,882748b617fffff
260650006001019,80,80,7,4349734,130292,Clear Rate,10,1,B,MI,882748b6e9fffff
260650006002000,45,45,24,4349734,130292,Clear Rate,10,1,B,MI,882748b617fffff
260650006002001,45,45,8,4349734,130292,Clear Rate,10,1,B,MI,882748b617fffff
260650006002002,45,45,13,4349734,130292,Clear Rate,10,1,B,MI,882748b617fffff
260650006002003,45,45,38,4349734,130292,Clear Rate,10,1,B,MI,882748b617fffff
260650006002004,45,45,29,4349734,130292,Clear Rate,10,1,B,MI,882748b617fffff
260650006002005,80,80,35,4349734,130292,Clear Rate,10,1,B,MI,882748b6edfffff
260650006002006,80,80,22,4349734,130292,Clear Rate,10,1,B,MI,882748b617fffff
260650006002007,80,80,8,4349734,130292,Clear Rate,10,1,B,MI,882748b617fffff
260650006002008,80,80,20,4349734,130292,Clear Rate,10,1,B,MI,882748b617fffff
260650006002009,80,80,32,4349734,130292,Clear Rate,10,1,B,MI,882748b6edfffff
260650006002010,80,80,29,4349734,130292,Clear Rate,10,1,B,MI,882748b6edfffff
260650006002011,80,80,7,4349734,130292,Clear Rate,10,1,B,MI,882748b6edfffff
260650006002012,80,80,10,4349734,130292,Clear Rate,10,1,B,MI,882748b6edfffff
260650006002013,80,80,21,4349734,130292,Clear Rate,10,1,B,MI,882748b6edfffff
260650006002016,45,45,1,4349734,130292,Clear Rate,10,1,B,MI,882748b6edfffff
260650007001002,45,45,36,4349734,130292,Clear Rate,10,1,B,MI,882748b611fffff
260650007001003,30,30,28,4349734,130292,Clear Rate,10,1,B,MI,882748b611fffff
260650007001004,45,45,4,4349734,130292,Clear Rate,10,1,B,MI,882748b613fffff
260650007001005,45,45,10,4349734,130292,Clear Rate,10,1,B,MI,882748b611fffff
260650007001006,45,45,16,4349734,130292,Clear Rate,10,1,B,MI,882748b611fffff
260650007001007,45,45,18,4349734,130292,Clear Rate,10,1,B,MI,882748b611fffff
260650007001008,45,45,17,4349734,130292,Clear Rate,10,1,B,MI,882748b611fffff
260650007001009,30,30,15,4349734,130292,Clear Rate,10,1,B,MI,882748b611fffff
260650007001009,45,45,2,4349734,130292,Clear Rate,10,1,B,MI,882748b611fffff
260650007001010,30,30,13,4349734,130292,Clear Rate,10,1,B,MI,882748b611fffff
260650007001010,45,45,5,4349734,130292,Clear Rate,10,1,B,MI,882748b611fffff
260650007001011,45,45,21,4349734,130292,Clear Rate,10,1,B,MI,882748b611fffff
260650007001012,45,45,5,4349734,130292,Clear Rate,10,1,B,MI,882748b611fffff
260650007001013,45,45,12,4349734,130292,Clear Rate,10,1,B,MI,882748b611fffff
260650007001013,80,80,7,4349734,130292,Clear Rate,10,1,B,MI,882748b611fffff
260650007001014,45,45,16,4349734,130292,Clear Rate,10,1,B,MI,882748b611fffff
260650007001014,80,80,9,4349734,130292,Clear Rate,10,1,B,MI,882748b611fffff
260650007001015,80,80,23,4349734,130292,Clear Rate,10,1,B,MI,882748b617fffff
260650007001016,80,80,17,4349734,130292,Clear Rate,10,1,B,MI,882748b617fffff
260650007001017,45,45,7,4349734,130292,Clear Rate,10,1,B,MI,882748b617fffff
260650007001019,45,45,2,4349734,130292,Clear Rate,10,1,B,MI,882748b613fffff
260650007001022,80,80,4,4349734,130292,Clear Rate,10,1,B,MI,882748b617fffff
260650007001023,45,45,12,4349734,130292,Clear Rate,10,1,B,MI,882748b617fffff
260650007001023,80,80,6,4349734,130292,Clear Rate,10,1,B,MI,882748b617fffff
260650007002000,80,80,23,4349734,130292,Clear Rate,10,1,B,MI,882748b611fffff
260650007002001,45,45,6,4349734,130292,Clear Rate,10,1,B,MI,882748b617fffff
260650007002001,80,80,15,4349734,130292,Clear Rate,10,1,B,MI,882748b617fffff
260650007002002,45,45,29,4349734,130292,Clear Rate,10,1,B,MI,882748b617fffff
260650007002003,30,30,6,4349734,130292,Clear Rate,10,1,B,MI,882748b617fffff
260650007002003,45,45,7,4349734,130292,Clear Rate,10,1,B,MI,882748b617fffff
260650007002004,30,30,9,4349734,130292,Clear Rate,10,1,B,MI,882748b617fffff
260650007002005,30,30,10,4349734,130292,Clear Rate,10,1,B,MI,882748b617fffff
260650007002006,30,30,14,4349734,130292,Clear Rate,10,1,B,MI,882748b617fffff
260650007002007,45,45,4,4349734,130292,Clear Rate,10,1,B,MI,882748b617fffff
260650007002007,80,80,15,4349734,130292,Clear Rate,10,1,B,MI,882748b617fffff
260650007002008,45,45,24,4349734,130292,Clear Rate,10,1,B,MI,882748b617fffff
260650007002009,45,45,8,4349734,130292,Clear Rate,10,1,B,MI,882748b617fffff
260650007002010,30,30,7,4349734,130292,Clear Rate,10,1,B,MI,882748b617fffff
260650007002011,30,30,12,4349734,130292,Clear Rate,10,1,B,MI,882748b617fffff
260650007002012,30,30,7,4349734,130292,Clear Rate,10,1,B,MI,882748b617fffff
260650007002012,45,45,11,4349734,130292,Clear Rate,10,1,B,MI,882748b617fffff
260650007002013,45,45,11,4349734,130292,Clear Rate,10,1,B,MI,882748b617fffff
260650007002014,45,45,6,4349734,130292,Clear Rate,10,1,B,MI,882748b617fffff
260650007002014,80,80,14,4349734,130292,Clear Rate,10,1,B,MI,882748b617fffff
260650007002015,30,30,1,4349734,130292,Clear Rate,10,1,B,MI,882748b617fffff
260650007002015,45,45,5,4349734,130292,Clear Rate,10,1,B,MI,882748b617fffff
260650007002016,45,45,4,4349734,130292,Clear Rate,10,1,B,MI,882748b617fffff
260650007002017,80,80,5,4349734,130292,Clear Rate,10,1,B,MI,882748b617fffff
260650007002018,45,45,9,4349734,130292,Clear Rate,10,1,B,MI,882748b617fffff
260650007002018,80,80,5,4349734,130292,Clear Rate,10,1,B,MI,882748b617fffff
260650007002019,45,45,9,4349734,130292,Clear Rate,10,1,B,MI,882748b617fffff
260650007002020,45,45,10,4349734,130292,Clear Rate,10,1,B,MI,882748b617fffff
260650007003000,30,30,15,4349734,130292,Clear Rate,10,1,B,MI,882748b611fffff
260650007003000,45,45,3,4349734,130292,Clear Rate,10,1,B,MI,882748b611fffff
260650007003001,30,30,23,4349734,130292,Clear Rate,10,1,B,MI,882748b611fffff
260650007003002,30,30,12,4349734,130292,Clear Rate,10,1,B,MI,882748b615fffff
260650007003003,30,30,20,4349734,130292,Clear Rate,10,1,B,MI,882748b615fffff
260650007003004,30,30,25,4349734,130292,Clear Rate,10,1,B,MI,882748b611fffff
260650007003005,45,45,20,4349734,130292,Clear Rate,10,1,B,MI,882748b611fffff
260650007003006,45,45,6,4349734,130292,Clear Rate,10,1,B,MI,882748b611fffff
260650007003007,45,45,24,4349734,130292,Clear Rate,10,1,B,MI,882748b611fffff
260650007003008,45,45,21,4349734,130292,Clear Rate,10,1,B,MI,882748b615fffff
260650007003009,30,30,6,4349734,130292,Clear Rate,10,1,B,MI,882748b615fffff
260650007003009,45,45,9,4349734,130292,Clear Rate,10,1,B,MI,882748b615fffff
260650007003010,30,30,6,4349734,130292,Clear Rate,10,1,B,MI,882748b617fffff
260650007003010,45,45,13,4349734,130292,Clear Rate,10,1,B,MI,882748b617fffff
260650007003011,30,30,5,4349734,130292,Clear Rate,10,1,B,MI,882748b617fffff
260650008002007,30,30,30,4349734,130292,Clear Rate,10,1,B,MI,882748b61bfffff
260650008002008,30,30,28,4349734,130292,Clear Rate,10,1,B,MI,882748b6cdfffff
260650008003000,30,30,25,4349734,130292,Clear Rate,10,1,B,MI,882748b61bfffff
260650008003001,30,30,25,4349734,130292,Clear Rate,10,1,B,MI,882748b61bfffff
260650008003002,30,30,4,4349734,130292,Clear Rate,10,1,B,MI,882748b61bfffff
260650008003003,30,30,6,4349734,130292,Clear Rate,10,1,B,MI,882748b61bfffff
260650008003005,30,30,21,4349734,130292,Clear Rate,10,1,B,MI,882748b61bfffff
260650008003006,30,30,17,4349734,130292,Clear Rate,10,1,B,MI,882748b61bfffff
260650008003008,45,45,2,4349734,130292,Clear Rate,10,1,B,MI,882748b613fffff
260650008003009,30,30,9,4349734,130292,Clear Rate,10,1,B,MI,882748b6cdfffff
260650008003010,30,30,21,4349734,130292,Clear Rate,10,1,B,MI,882748b6cdfffff
260650008003011,30,30,18,4349734,130292,Clear Rate,10,1,B,MI,882748b6cdfffff
260650008003012,30,30,21,4349734,130292,Clear Rate,10,1,B,MI,882748b61bfffff
260650008003013,30,30,16,4349734,130292,Clear Rate,10,1,B,MI,882748b6cdfffff
260650008004002,30,30,20,4349734,130292,Clear Rate,10,1,B,MI,882748b61bfffff
260650008004003,30,30,23,4349734,130292,Clear Rate,10,1,B,MI,882748b61bfffff
260650008004004,30,30,27,4349734,130292,Clear Rate,10,1,B,MI,882748b61bfffff
260650012002005,30,30,12,4349734,130292,Clear Rate,10,1,B,MI,882748b6c1fffff
260650012002006,30,30,8,4349734,130292,Clear Rate,10,1,B,MI,882748b6c1fffff
260650012002007,30,30,7,4349734,130292,Clear Rate,10,1,B,MI,882748b6c1fffff
260650012002011,30,30,7,4349734,130292,Clear Rate,10,1,B,MI,882748b6c1fffff
260650012002012,30,30,16,4349734,130292,Clear Rate,10,1,B,MI,882748b6c1fffff
260650012003000,30,30,12,4349734,130292,Clear Rate,10,1,B,MI,882748b6c1fffff
260650012003003,30,30,23,4349734,130292,Clear Rate,10,1,B,MI,882748b6c5fffff
260650012003006,30,30,17,4349734,130292,Clear Rate,10,1,B,MI,882748b6c7fffff
260650012003008,30,30,2,4349734,130292,Clear Rate,10,1,B,MI,882748b6c5fffff
260650012003009,30,30,23,4349734,130292,Clear Rate,10,1,B,MI,882748b6c7fffff
260650012003010,30,30,32,4349734,130292,Clear Rate,10,1,B,MI,882748b6c7fffff
260650012003015,30,30,1,4349734,130292,Clear Rate,10,1,B,MI,882748b6c7fffff
260650020003002,30,30,2,4349734,130292,Clear Rate,10,1,B,MI,882748b68dfffff
260650020004001,30,30,9,4349734,130292,Clear Rate,10,1,B,MI,882748b6ebfffff
260650020004002,30,30,9,4349734,130292,Clear Rate,10,1,B,MI,882748b6ebfffff
260650020004003,30,30,18,4349734,130292,Clear Rate,10,1,B,MI,882748b6ebfffff
260650020004004,45,45,3,4349734,130292,Clear Rate,10,1,B,MI,882748b6ebfffff
260650020004007,30,30,20,4349734,130292,Clear Rate,10,1,B,MI,882748b6ebfffff
260650020004008,30,30,15,4349734,130292,Clear Rate,10,1,B,MI,882748b6ebfffff
260650020004009,30,30,15,4349734,130292,Clear Rate,10,1,B,MI,882748b6ebfffff
260650020004010,30,30,13,4349734,130292,Clear Rate,10,1,B,MI,882748b6ebfffff
260650020004011,30,30,25,4349734,130292,Clear Rate,10,1,B,MI,882748b6ebfffff
260650020004012,30,30,1,4349734,130292,Clear Rate,10,1,B,MI,882748b68dfffff
260650020004014,30,30,4,4349734,130292,Clear Rate,10,1,B,MI,882748b68dfffff
260650020004016,30,30,11,4349734,130292,Clear Rate,10,1,B,MI,882748b6e3fffff
260650020004019,30,30,33,4349734,130292,Clear Rate,10,1,B,MI,882748b6e3fffff
260650020004020,30,30,20,4349734,130292,Clear Rate,10,1,B,MI,882748b6e3fffff
260650031034005,30,30,12,4349734,130292,Clear Rate,10,1,B,MI,88274d7927fffff
260650031034006,30,30,23,4349734,130292,Clear Rate,10,1,B,MI,88274d7927fffff
260650031034007,30,30,32,4349734,130292,Clear Rate,10,1,B,MI,88274d7927fffff
260650031034008,30,30,41,4349734,130292,Clear Rate,10,1,B,MI,88274d7927fffff
260650031034009,30,30,23,4349734,130292,Clear Rate,10,1,B,MI,88274d7927fffff
260650031034010,30,30,20,4349734,130292,Clear Rate,10,1,B,MI,88274d7927fffff
260650031034011,30,30,18,4349734,130292,Clear Rate,10,1,B,MI,88274d7927fffff
260650031034012,30,30,13,4349734,130292,Clear Rate,10,1,B,MI,88274d7927fffff
260650031034013,30,30,9,4349734,130292,Clear Rate,10,1,B,MI,88274d7927fffff
260650031034015,30,30,23,4349734,130292,Clear Rate,10,1,B,MI,882748b6cdfffff
260650031034016,30,30,19,4349734,130292,Clear Rate,10,1,B,MI,88274d7927fffff
260650031034017,30,30,14,4349734,130292,Clear Rate,10,1,B,MI,88274d7927fffff
260650065001002,30,30,73,4349734,130292,Clear Rate,10,1,B,MI,882748b6cdfffff
260650065001003,30,30,29,4349734,130292,Clear Rate,10,1,B,MI,882748b6c9fffff
260650065001004,30,30,30,4349734,130292,Clear Rate,10,1,B,MI,882748b6c9fffff
260650065001005,30,30,23,4349734,130292,Clear Rate,10,1,B,MI,882748b6cdfffff
260650065001006,30,30,13,4349734,130292,Clear Rate,10,1,B,MI,882748b6cdfffff
260650065001010,30,30,27,4349734,130292,Clear Rate,10,1,B,MI,882748b6cdfffff
260650065003000,30,30,17,4349734,130292,Clear Rate,10,1,B,MI,882748b6c1fffff
260650065003002,30,30,1,4349734,130292,Clear Rate,10,1,B,MI,882748b6c5fffff
260650065003003,30,30,2,4349734,130292,Clear Rate,10,1,B,MI,882748b6c5fffff
260650065003004,30,30,14,4349734,130292,Clear Rate,10,1,B,MI,882748b6c5fffff
260650065003005,30,30,11,4349734,130292,Clear Rate,10,1,B,MI,882748b6c5fffff
260650065003006,30,30,3,4349734,130292,Clear Rate,10,1,B,MI,882748b6c1fffff
260650065003009,30,30,28,4349734,130292,Clear Rate,10,1,B,MI,882748b6c1fffff
260650065003010,30,30,27,4349734,130292,Clear Rate,10,1,B,MI,882748b6c1fffff
260650065003011,30,30,24,4349734,130292,Clear Rate,10,1,B,MI,882748b6c1fffff
260650065003012,30,30,22,4349734,130292,Clear Rate,10,1,B,MI,882748b6c5fffff
260650065003013,30,30,19,4349734,130292,Clear Rate,10,1,B,MI,882748b6c5fffff
260650065003014,30,30,13,4349734,130292,Clear Rate,10,1,B,MI,882748b6c5fffff
260650065003015,30,30,22,4349734,130292,Clear Rate,10,1,B,MI,882748b6c1fffff
260650065003016,30,30,10,4349734,130292,Clear Rate,10,1,B,MI,882748b6c1fffff
260650065003017,30,30,18,4349734,130292,Clear Rate,10,1,B,MI,882748b6c1fffff
260650065003018,30,30,21,4349734,130292,Clear Rate,10,1,B,MI,882748b6c1fffff
260650065004000,30,30,1,4349734,130292,Clear Rate,10,1,B,MI,882748b6c9fffff
260650065004001,30,30,1,4349734,130292,Clear Rate,10,1,B,MI,882748b6c9fffff
260650065004002,30,30,24,4349734,130292,Clear Rate,10,1,B,MI,882748b6c1fffff
260650065004003,30,30,9,4349734,130292,Clear Rate,10,1,B,MI,882748b6c1fffff
260650065004005,30,30,18,4349734,130292,Clear Rate,10,1,B,MI,882748b6c1fffff
260650065004006,30,30,15,4349734,130292,Clear Rate,10,1,B,MI,882748b6c1fffff
260650065004007,30,30,21,4349734,130292,Clear Rate,10,1,B,MI,882748b6c1fffff
260650065004008,30,30,21,4349734,130292,Clear Rate,10,1,B,MI,882748b6c1fffff
260650065004009,30,30,22,4349734,130292,Clear Rate,10,1,B,MI,882748b6c1fffff
260650065004010,30,30,19,4349734,130292,Clear Rate,10,1,B,MI,882748b6c1fffff
260650065004011,30,30,35,4349734,130292,Clear Rate,10,1,B,MI,882748b6c1fffff
260650065004012,30,30,18,4349734,130292,Clear Rate,10,1,B,MI,882748b6c1fffff
260650065004013,30,30,9,4349734,130292,Clear Rate,10,1,B,MI,882748b6c1fffff
260650066001004,30,30,11,4349734,130292,Clear Rate,10,1,B,MI,882748b61dfffff
260650066001011,30,30,8,4349734,130292,Clear Rate,10,1,B,MI,882748b611fffff
260650066001012,30,30,5,4349734,130292,Clear Rate,10,1,B,MI,882748b61dfffff
260650066001014,30,30,10,4349734,130292,Clear Rate,10,1,B,MI,882748b61dfffff
260650066001015,30,30,7,4349734,130292,Clear Rate,10,1,B,MI,882748b619fffff
260650066001016,30,30,1,4349734,130292,Clear Rate,10,1,B,MI,882748b619fffff
260650066001017,30,30,16,4349734,130292,Clear Rate,10,1,B,MI,882748b619fffff
260650066001018,30,30,16,4349734,130292,Clear Rate,10,1,B,MI,882748b61dfffff
260650066001019,30,30,10,4349734,130292,Clear Rate,10,1,B,MI,882748b61dfffff
260650066001020,30,30,11,4349734,130292,Clear Rate,10,1,B,MI,882748b61dfffff
260650066001021,30,30,8,4349734,130292,Clear Rate,10,1,B,MI,882748b61dfffff
260650066001022,30,30,2,4349734,130292,Clear Rate,10,1,B,MI,882748b61dfffff
260650066002005,30,30,2,4349734,130292,Clear Rate,10,1,B,MI,882748b611fffff
260650066002006,30,30,22,4349734,130292,Clear Rate,10,1,B,MI,882748b611fffff
260650066002007,30,30,12,4349734,130292,Clear Rate,10,1,B,MI,882748b611fffff
260650066002008,30,30,4,4349734,130292,Clear Rate,10,1,B,MI,882748b611fffff
260650066002012,30,30,7,4349734,130292,Clear Rate,10,1,B,MI,882748b611fffff
260650066002014,30,30,6,4349734,130292,Clear Rate,10,1,B,MI,882748b611fffff
260650066002015,30,30,3,4349734,130292,Clear Rate,10,1,B,MI,882748b611fffff
260650066002016,30,30,6,4349734,130292,Clear Rate,10,1,B,MI,882748b611fffff
260650066002019,30,30,6,4349734,130292,Clear Rate,10,1,B,MI,882748b61bfffff
260650066002020,30,30,35,4349734,130292,Clear Rate,10,1,B,MI,882748b61bfffff
260650066002021,30,30,7,4349734,130292,Clear Rate,10,1,B,MI,882748b61bfffff
260650066002024,30,30,18,4349734,130292,Clear Rate,10,1,B,MI,882748b61bfffff
260650066002026,30,30,2,4349734,130292,Clear Rate,10,1,B,MI,882748b61bfffff
260650066002027,30,30,4,4349734,130292,Clear Rate,10,1,B,MI,882748b611fffff
260650066002028,30,30,6,4349734,130292,Clear Rate,10,1,B,MI,882748b613fffff
260650066002029,30,30,9,4349734,130292,Clear Rate,10,1,B,MI,882748b613fffff
260650066002030,30,30,8,4349734,130292,Clear Rate,10,1,B,MI,882748b613fffff
260650066002031,30,30,9,4349734,130292,Clear Rate,10,1,B,MI,882748b613fffff
260650066002032,30,30,6,4349734,130292,Clear Rate,10,1,B,MI,882748b613fffff
260650066002033,30,30,6,4349734,130292,Clear Rate,10,1,B,MI,882748b613fffff
260650066002034,30,30,2,4349734,130292,Clear Rate,10,1,B,MI,882748b613fffff
260650066002037,45,45,9,4349734,130292,Clear Rate,10,1,B,MI,882748b613fffff
260650066002038,45,45,3,4349734,130292,Clear Rate,10,1,B,MI,882748b613fffff
260650066002039,45,45,10,4349734,130292,Clear Rate,10,1,B,MI,882748b613fffff
260650066002040,45,45,13,4349734,130292,Clear Rate,10,1,B,MI,882748b613fffff
260650066002041,45,45,5,4349734,130292,Clear Rate,10,1,B,MI,882748b613fffff
260650066002043,80,80,3,4349734,130292,Clear Rate,10,1,B,MI,882748b613fffff
260650066002044,45,45,8,4349734,130292,Clear Rate,10,1,B,MI,882748b6c5fffff
260650066002044,80,80,5,4349734,130292,Clear Rate,10,1,B,MI,882748b6e9fffff
260650066002048,80,80,4,4349734,130292,Clear Rate,10,1,B,MI,882748b6c5fffff
260650066002049,45,45,25,4349734,130292,Clear Rate,10,1,B,MI,882748b6c5fffff
260650066002050,30,30,1,4349734,130292,Clear Rate,10,1,B,MI,882748b6c5fffff
260650066002050,45,45,17,4349734,130292,Clear Rate,10,1,B,MI,882748b6c5fffff
260650066002051,30,30,7,4349734,130292,Clear Rate,10,1,B,MI,882748b6c5fffff
260650066002052,30,30,1,4349734,130292,Clear Rate,10,1,B,MI,882748b613fffff
260650066002053,30,30,17,4349734,130292,Clear Rate,10,1,B,MI,882748b6c5fffff
260650066002054,30,30,39,4349734,130292,Clear Rate,10,1,B,MI,882748b6cdfffff
260650066002055,80,80,16,4349734,130292,Clear Rate,10,1,B,MI,882748b6c5fffff
260650066002056,80,80,5,4349734,130292,Clear Rate,10,1,B,MI,882748b6c5fffff
260650066002057,80,80,14,4349734,130292,Clear Rate,10,1,B,MI,882748b6c5fffff
260650066002058,30,30,2,4349734,130292,Clear Rate,10,1,B,MI,882748b6c5fffff
260650066002058,80,80,5,4349734,130292,Clear Rate,10,1,B,MI,882748b6c5fffff
260650066002059,30,30,7,4349734,130292,Clear Rate,10,1,B,MI,882748b6c5fffff
260650066002060,30,30,17,4349734,130292,Clear Rate,10,1,B,MI,882748b6c5fffff
260650066002061,30,30,5,4349734,130292,Clear Rate,10,1,B,MI,882748b6cdfffff
260650066002065,30,30,28,4349734,130292,Clear Rate,10,1,B,MI,882748b6cdfffff
260650066002066,45,45,19,4349734,130292,Clear Rate,10,1,B,MI,882748b6c5fffff
260650066002067,30,30,19,4349734,130292,Clear Rate,10,1,B,MI,882748b6cdfffff
260650066002068,30,30,19,4349734,130292,Clear Rate,10,1,B,MI,882748b6cdfffff
260650067001001,80,80,2,4349734,130292,Clear Rate,10,1,B,MI,882748b613fffff
260650067001002,80,80,4,4349734,130292,Clear Rate,10,1,B,MI,882748b613fffff
260650067001003,80,80,2,4349734,130292,Clear Rate,10,1,B,MI,882748b6e9fffff
260650067001004,80,80,1,4349734,130292,Clear Rate,10,1,B,MI,882748b6e9fffff
260650067001005,80,80,4,4349734,130292,Clear Rate,10,1,B,MI,882748b6e9fffff
260650067001006,80,80,3,4349734,130292,Clear Rate,10,1,B,MI,882748b6e9fffff
260650067001007,80,80,9,4349734,130292,Clear Rate,10,1,B,MI,882748b6e9fffff
260650067001008,80,80,1,4349734,130292,Clear Rate,10,1,B,MI,882748b6e9fffff
260650067001009,80,80,4,4349734,130292,Clear Rate,10,1,B,MI,882748b6e9fffff
260650067001010,80,80,2,4349734,130292,Clear Rate,10,1,B,MI,882748b6e9fffff
260650067001013,80,80,1,4349734,130292,Clear Rate,10,1,B,MI,882748b6e9fffff
260650067001014,80,80,2,4349734,130292,Clear Rate,10,1,B,MI,882748b6e9fffff
260650067001015,80,80,20,4349734,130292,Clear Rate,10,1,B,MI,882748b6e9fffff
260650067001016,80,80,6,4349734,130292,Clear Rate,10,1,B,MI,882748b6e9fffff
260650067001017,80,80,14,4349734,130292,Clear Rate,10,1,B,MI,882748b6e9fffff
260650067001018,80,80,3,4349734,130292,Clear Rate,10,1,B,MI,882748b6e9fffff
260650067001021,30,30,3,4349734,130292,Clear Rate,10,1,B,MI,882748b6ebfffff
260650067001022,30,30,2,4349734,130292,Clear Rate,10,1,B,MI,882748b6ebfffff
260650067001023,30,30,1,4349734,130292,Clear Rate,10,1,B,MI,882748b6ebfffff
260650067001023,80,80,2,4349734,130292,Clear Rate,10,1,B,MI,882748b6e9fffff
260650067001024,80,80,14,4349734,130292,Clear Rate,10,1,B,MI,882748b6e9fffff
260650067001025,80,80,13,4349734,130292,Clear Rate,10,1,B,MI,882748b6e9fffff
260650067001026,30,30,3,4349734,130292,Clear Rate,10,1,B,MI,882748b6ebfffff
260650067001027,30,30,2,4349734,130292,Clear Rate,10,1,B,MI,882748b6ebfffff
260650067001027,45,45,1,4349734,130292,Clear Rate,10,1,B,MI,882748b6ebfffff
260650067001028,80,80,9,4349734,130292,Clear Rate,10,1,B,MI,882748b6e9fffff
260650067001029,45,45,1,4349734,130292,Clear Rate,10,1,B,MI,882748b6e9fffff
260650067001029,80,80,4,4349734,130292,Clear Rate,10,1,B,MI,882748b6e9fffff
260650067001030,45,45,1,4349734,130292,Clear Rate,10,1,B,MI,882748b6e9fffff
260650067001030,80,80,2,4349734,130292,Clear Rate,10,1,B,MI,882748b6e9fffff
260650067001031,45,45,1,4349734,130292,Clear Rate,10,1,B,MI,882748b6e9fffff
260650067001031,80,80,1,4349734,130292,Clear Rate,10,1,B,MI,882748b6e9fffff
260650067001032,80,80,1,4349734,130292,Clear Rate,10,1,B,MI,882748b6e9fffff
260650067001033,30,30,4,4349734,130292,Clear Rate,10,1,B,MI,882748b6ebfffff
260650067001033,45,45,1,4349734,130292,Clear Rate,10,1,B,MI,882748b6ebfffff
260650067001036,30,30,4,4349734,130292,Clear Rate,10,1,B,MI,882748b6e1fffff
260650067001036,45,45,1,4349734,130292,Clear Rate,10,1,B,MI,882748b6e1fffff
260650067001037,30,30,3,4349734,130292,Clear Rate,10,1,B,MI,882748b6e1fffff
260650067001038,30,30,2,4349734,130292,Clear Rate,10,1,B,MI,882748b6ebfffff
260650067001039,30,30,6,4349734,130292,Clear Rate,10,1,B,MI,882748b6ebfffff
260650067001040,30,30,2,4349734,130292,Clear Rate,10,1,B,MI,882748b6ebfffff
260650067001041,30,30,15,4349734,130292,Clear Rate,10,1,B,MI,882748b6ebfffff
260650067001042,30,30,8,4349734,130292,Clear Rate,10,1,B,MI,882748b6ebfffff
260650067001043,30,30,15,4349734,130292,Clear Rate,10,1,B,MI,882748b6ebfffff
260650067001044,30,30,22,4349734,130292,Clear Rate,10,1,B,MI,882748b6ebfffff
260650067001057,45,45,3,4349734,130292,Clear Rate,10,1,B,MI,882748b6ebfffff
260650067002003,45,45,10,4349734,130292,Clear Rate,10,1,B,MI,882748b6edfffff
260650067002006,30,30,1,4349734,130292,Clear Rate,10,1,B,MI,882748b6e1fffff
260650067002007,45,45,1,4349734,130292,Clear Rate,10,1,B,MI,882748b6e1fffff
260650067002008,45,45,1,4349734,130292,Clear Rate,10,1,B,MI,882748b6e1fffff
260650067002008,80,80,7,4349734,130292,Clear Rate,10,1,B,MI,882748b6e1fffff
260650067002009,80,80,14,4349734,130292,Clear Rate,10,1,B,MI,882748b6e1fffff
260650067002010,80,80,15,4349734,130292,Clear Rate,10,1,B,MI,882748b6e1fffff
260650067002011,30,30,2,4349734,130292,Clear Rate,10,1,B,MI,882748b6e1fffff
260650067002012,30,30,26,4349734,130292,Clear Rate,10,1,B,MI,882748b6e1fffff
260650067002013,45,45,43,4349734,130292,Clear Rate,10,1,B,MI,882748b6e1fffff
260650067002015,45,45,1,4349734,130292,Clear Rate,10,1,B,MI,882748b6e5fffff
260650067002016,45,45,11,4349734,130292,Clear Rate,10,1,B,MI,882748b6e1fffff
260650067002016,80,80,1,4349734,130292,Clear Rate,10,1,B,MI,882748b6e1fffff
260650067002017,30,30,1,4349734,130292,Clear Rate,10,1,B,MI,882748b6e1fffff
260650067002017,45,45,1,4349734,130292,Clear Rate,10,1,B,MI,882748b6e1fffff
260650067002018,80,80,15,4349734,130292,Clear Rate,10,1,B,MI,882748b6e1fffff
260650067002019,80,80,7,4349734,130292,Clear Rate,10,1,B,MI,882748b6e1fffff
260650067003000,30,30,48,4349734,130292,Clear Rate,10,1,B,MI,882748b6edfffff
260650067003001,30,30,14,4349734,130292,Clear Rate,10,1,B,MI,882748b6edfffff
260650067003002,30,30,14,4349734,130292,Clear Rate,10,1,B,MI,882748b633fffff
260650067003003,30,30,12,4349734,130292,Clear Rate,10,1,B,MI,882748b633fffff
260650067003004,30,30,15,4349734,130292,Clear Rate,10,1,B,MI,882748b633fffff
260650067003005,30,30,14,4349734,130292,Clear Rate,10,1,B,MI,882748b6e5fffff
260650067003006,30,30,1,4349734,130292,Clear Rate,10,1,B,MI,882748b6edfffff
260650067003007,30,30,14,4349734,130292,Clear Rate,10,1,B,MI,882748b6edfffff
260650067003008,30,30,16,4349734,130292,Clear Rate,10,1,B,MI,882748b6edfffff
260650067003010,30,30,2,4349734,130292,Clear Rate,10,1,B,MI,882748b6edfffff
260650067003011,30,30,15,4349734,130292,Clear Rate,10,1,B,MI,882748b6edfffff
260650067003012,30,30,12,4349734,130292,Clear Rate,10,1,B,MI,882748b6edfffff
260650067003013,30,30,27,4349734,130292,Clear Rate,10,1,B,MI,882748b6edfffff
260650067003013,45,45,32,4349734,130292,Clear Rate,10,1,B,MI,882748b6e5fffff
260650067003014,45,45,14,4349734,130292,Clear Rate,10,1,B,MI,882748b6e5fffff
260650067003015,30,30,15,4349734,130292,Clear Rate,10,1,B,MI,882748b6e5fffff
260650067003016,30,30,17,4349734,130292,Clear Rate,10,1,B,MI,882748b6e5fffff
260650067003017,30,30,12,4349734,130292,Clear Rate,10,1,B,MI,882748b6e5fffff
260650067003019,30,30,10,4349734,130292,Clear Rate,10,1,B,MI,882748b6e5fffff
260650067003020,30,30,33,4349734,130292,Clear Rate,10,1,B,MI,882748b6e5fffff
260650067003021,30,30,25,4349734,130292,Clear Rate,10,1,B,MI,882748b6e5fffff
260650067003021,45,45,6,4349734,130292,Clear Rate,10,1,B,MI,882748b6e5fffff
260650067003022,45,45,13,4349734,130292,Clear Rate,10,1,B,MI,882748b6e5fffff
260650067003028,45,45,20,4349734,130292,Clear Rate,10,1,B,MI,882748b6e5fffff
260650067003030,45,45,18,4349734,130292,Clear Rate,10,1,B,MI,882748b6e5fffff
260650067004000,30,30,20,4349734,130292,Clear Rate,10,1,B,MI,882748b6e5fffff
260650067004001,30,30,15,4349734,130292,Clear Rate,10,1,B,MI,882748b6e5fffff
260650067004002,30,30,21,4349734,130292,Clear Rate,10,1,B,MI,882748b6e5fffff
260650067004007,30,30,19,4349734,130292,Clear Rate,10,1,B,MI,882748b6e5fffff
260650068002014,30,30,33,4349734,130292,Clear Rate,10,1,B,MI,882748b611fffff
260650068002016,30,30,10,4349734,130292,Clear Rate,10,1,B,MI,882748b611fffff
260650068002017,30,30,16,4349734,130292,Clear Rate,10,1,B,MI,882748b611fffff
260650068003000,30,30,8,4349734,130292,Clear Rate,10,1,B,MI,882748b615fffff
260650068003003,30,30,3,4349734,130292,Clear Rate,10,1,B,MI,882748b639fffff
260650068003004,30,30,28,4349734,130292,Clear Rate,10,1,B,MI,882748b639fffff
260650068003005,30,30,7,4349734,130292,Clear Rate,10,1,B,MI,882748b639fffff
260650068003006,30,30,2,4349734,130292,Clear Rate,10,1,B,MI,882748b639fffff
260650068003008,30,30,4,4349734,130292,Clear Rate,10,1,B,MI,882748b63bfffff
260650068003009,30,30,29,4349734,130292,Clear Rate,10,1,B,MI,882748b63bfffff
260650068003010,30,30,29,4349734,130292,Clear Rate,10,1,B,MI,882748b615fffff
260650068003011,30,30,27,4349734,130292,Clear Rate,10,1,B,MI,882748b63bfffff
260650068003012,30,30,28,4349734,130292,Clear Rate,10,1,B,MI,882748b63bfffff
260650068003013,30,30,29,4349734,130292,Clear Rate,10,1,B,MI,882748b63bfffff
260650068003014,30,30,28,4349734,130292,Clear Rate,10,1,B,MI,882748b63bfffff
260650068003015,30,30,30,4349734,130292,Clear Rate,10,1,B,MI,882748b63bfffff
260650068003016,30,30,10,4349734,130292,Clear Rate,10,1,B,MI,882748b63bfffff
260650068004000,30,30,13,4349734,130292,Clear Rate,10,1,B,MI,882748b617fffff
260650068004001,30,30,12,4349734,130292,Clear Rate,10,1,B,MI,882748b615fffff
260650068004002,30,30,13,4349734,130292,Clear Rate,10,1,B,MI,882748b615fffff
260650068004003,30,30,13,4349734,130292,Clear Rate,10,1,B,MI,882748b615fffff
260650068004004,30,30,26,4349734,130292,Clear Rate,10,1,B,MI,882748b615fffff
260650068004005,30,30,21,4349734,130292,Clear Rate,10,1,B,MI,882748b63bfffff
260650068004006,30,30,13,4349734,130292,Clear Rate,10,1,B,MI,882748b63bfffff
260650068004007,30,30,9,4349734,130292,Clear Rate,10,1,B,MI,882748b617fffff
260650068004008,30,30,11,4349734,130292,Clear Rate,10,1,B,MI,882748b617fffff
260650068004009,30,30,11,4349734,130292,Clear Rate,10,1,B,MI,882748b617fffff
260650068004010,30,30,3,4349734,130292,Clear Rate,10,1,B,MI,882748b617fffff
260650068004011,30,30,8,4349734,130292,Clear Rate,10,1,B,MI,882748b617fffff
260650068004012,30,30,4,4349734,130292,Clear Rate,10,1,B,MI,882748b63bfffff
260650068004013,30,30,1,4349734,130292,Clear Rate,10,1,B,MI,882748b63bfffff
260650068004013,45,45,1,4349734,130292,Clear Rate,10,1,B,MI,882748b63bfffff
260650068004014,30,30,29,4349734,130292,Clear Rate,10,1,B,MI,882748b63bfffff
260650068004015,45,45,28,4349734,130292,Clear Rate,10,1,B,MI,882748b617fffff
260650068004016,45,45,6,4349734,130292,Clear Rate,10,1,B,MI,882748b617fffff
260650068004017,45,45,19,4349734,130292,Clear Rate,10,1,B,MI,882748b617fffff
260650070003001,30,30,1,4349734,130292,Clear Rate,10,1,B,MI,882748b6e3fffff
260659802001006,30,30,1,4349734,130292,Clear Rate,10,1,B,MI,882748b637fffff
260659802001010,30,30,3,4349734,130292,Clear Rate,10,1,B,MI,882748b633fffff
260659802001039,45,45,1,4349734,130292,Clear Rate,10,1,B,MI,882748b6e1fffff
260659802001050,45,45,1,4349734,130292,Clear Rate,10,1,B,MI,882748b6ebfffff
260659802001051,45,45,3,4349734,130292,Clear Rate,10,1,B,MI,882748b6ebfffff
260659802001054,45,45,1,4349734,130292,Clear Rate,10,1,B,MI,882748b6e3fffff
260659802001055,45,45,1,4349734,130292,Clear Rate,10,1,B,MI,882748b6e1fffff
260659802001065,30,30,1,4349734,130292,Clear Rate,10,1,B,MI,882748b6e3fffff
260992312001002,30,30,2,4349734,130292,Clear Rate,10,1,B,MI,882ab2d083fffff
260992318001000,30,30,27,4349734,130292,Clear Rate,10,1,B,MI,882ab2d095fffff
260992318001000,45,45,53,4349734,130292,Clear Rate,10,1,B,MI,882ab2d095fffff
260992318001001,30,30,8,4349734,130292,Clear Rate,10,1,B,MI,882ab2d095fffff
260992318001001,45,45,2,4349734,130292,Clear Rate,10,1,B,MI,882ab2d095fffff
260992318001002,30,30,2,4349734,130292,Clear Rate,10,1,B,MI,882ab2d095fffff
260992318001002,45,45,3,4349734,130292,Clear Rate,10,1,B,MI,882ab2d095fffff
260992318001003,30,30,7,4349734,130292,Clear Rate,10,1,B,MI,882ab2d095fffff
260992318001004,30,30,22,4349734,130292,Clear Rate,10,1,B,MI,882ab2d095fffff
260992318001005,45,45,2,4349734,130292,Clear Rate,10,1,B,MI,882ab2d095fffff
260992318001006,30,30,6,4349734,130292,Clear Rate,10,1,B,MI,882ab2d097fffff
260992318001006,45,45,1,4349734,130292,Clear Rate,10,1,B,MI,882ab2d0bbfffff
260992318001007,45,45,33,4349734,130292,Clear Rate,10,1,B,MI,882ab2d095fffff
260992318001008,30,30,1,4349734,130292,Clear Rate,10,1,B,MI,882ab2d095fffff
260992318001008,45,45,4,4349734,130292,Clear Rate,10,1,B,MI,882ab2d095fffff
260992318001010,45,45,19,4349734,130292,Clear Rate,10,1,B,MI,882ab2d095fffff
260992318001011,30,30,46,4349734,130292,Clear Rate,10,1,B,MI,882ab2d095fffff
260992318001012,30,30,10,4349734,130292,Clear Rate,10,1,B,MI,882ab2d097fffff
260992318001013,30,30,13,4349734,130292,Clear Rate,10,1,B,MI,882ab2d095fffff
260992318001014,30,30,4,4349734,130292,Clear Rate,10,1,B,MI,882ab2d0bbfffff
260992318002015,30,30,6,4349734,130292,Clear Rate,10,1,B,MI,882ab2d0b9fffff
260992318003001,30,30,26,4349734,130292,Clear Rate,10,1,B,MI,882ab2d095fffff
260992318003002,30,30,29,4349734,130292,Clear Rate,10,1,B,MI,882ab2d095fffff
260992318003003,30,30,30,4349734,130292,Clear Rate,10,1,B,MI,882ab2d091fffff
260992318003004,30,30,20,4349734,130292,Clear Rate,10,1,B,MI,882ab2d091fffff
260992318003005,30,30,20,4349734,130292,Clear Rate,10,1,B,MI,882ab2d091fffff
260992318003006,30,30,15,4349734,130292,Clear Rate,10,1,B,MI,882ab2d091fffff
260992318003007,30,30,3,4349734,130292,Clear Rate,10,1,B,MI,882ab2d091fffff
260992318003008,30,30,24,4349734,130292,Clear Rate,10,1,B,MI,882ab2d091fffff
260992318003009,30,30,23,4349734,130292,Clear Rate,10,1,B,MI,882ab2d097fffff
260992318003010,30,30,53,4349734,130292,Clear Rate,10,1,B,MI,882ab2d097fffff
260992318003011,30,30,44,4349734,130292,Clear Rate,10,1,B,MI,882ab2d097fffff
260992318003012,30,30,44,4349734,130292,Clear Rate,10,1,B,MI,882ab2d095fffff
260992318003013,30,30,33,4349734,130292,Clear Rate,10,1,B,MI,882ab2d097fffff
260992318003014,30,30,19,4349734,130292,Clear Rate,10,1,B,MI,882ab2d097fffff
260992318003015,30,30,18,4349734,130292,Clear Rate,10,1,B,MI,882ab2d097fffff
260992318003016,30,30,18,4349734,130292,Clear Rate,10,1,B,MI,882ab2d097fffff
260992318003017,30,30,2,4349734,130292,Clear Rate,10,1,B,MI,882ab2d091fffff
260992322001003,30,30,14,4349734,130292,Clear Rate,10,1,B,MI,882ab2d097fffff
260992322001004,30,30,19,4349734,130292,Clear Rate,10,1,B,MI,882ab2d097fffff
260992322001005,30,30,23,4349734,130292,Clear Rate,10,1,B,MI,882ab2d093fffff
260992322001006,30,30,3,4349734,130292,Clear Rate,10,1,B,MI,882ab2d093fffff
260992322002000,30,30,36,4349734,130292,Clear Rate,10,1,B,MI,882ab2d097fffff
260992322002001,30,30,55,4349734,130292,Clear Rate,10,1,B,MI,882ab2d097fffff
260992322002002,30,30,43,4349734,130292,Clear Rate,10,1,B,MI,882ab2d097fffff
260992322002003,30,30,11,4349734,130292,Clear Rate,10,1,B,MI,882ab2d097fffff
260992322002004,30,30,12,4349734,130292,Clear Rate,10,1,B,MI,882ab2d093fffff
260992322002005,30,30,7,4349734,130292,Clear Rate,10,1,B,MI,882ab2d093fffff
260992322002006,30,30,25,4349734,130292,Clear Rate,10,1,B,MI,882ab2d097fffff
260992322002007,30,30,41,4349734,130292,Clear Rate,10,1,B,MI,882ab2d097fffff
260992322002008,30,30,49,4349734,130292,Clear Rate,10,1,B,MI,882ab2d097fffff
260992322002009,30,30,58,4349734,130292,Clear Rate,10,1,B,MI,882ab2d097fffff
260992322002010,30,30,35,4349734,130292,Clear Rate,10,1,B,MI,882ab2d097fffff
260992322002011,30,30,43,4349734,130292,Clear Rate,10,1,B,MI,882ab2d56dfffff
260992322002012,30,30,12,4349734,130292,Clear Rate,10,1,B,MI,882ab2d093fffff
260992322003000,30,30,7,4349734,130292,Clear Rate,10,1,B,MI,882ab2d093fffff
260992322003001,30,30,101,4349734,130292,Clear Rate,10,1,B,MI,882ab2d561fffff
260992322003002,80,80,23,4349734,130292,Clear Rate,10,1,B,MI,882ab2d56dfffff
260992322003003,30,30,33,4349734,130292,Clear Rate,10,1,B,MI,882ab2d56dfffff
260992322003004,30,30,32,4349734,130292,Clear Rate,10,1,B,MI,882ab2d56dfffff
260992322003005,30,30,40,4349734,130292,Clear Rate,10,1,B,MI,882ab2d56dfffff
260992322003006,30,30,45,4349734,130292,Clear Rate,10,1,B,MI,882ab2d561fffff
260992322003007,30,30,34,4349734,130292,Clear Rate,10,1,B,MI,882ab2d561fffff
260992322003010,30,30,33,4349734,130292,Clear Rate,10,1,B,MI,882ab2d56dfffff
260992322004000,80,80,94,4349734,130292,Clear Rate,10,1,B,MI,882ab2d56dfffff
260992322004001,30,30,32,4349734,130292,Clear Rate,10,1,B,MI,882ab2d56dfffff
260992322004002,30,30,30,4349734,130292,Clear Rate,10,1,B,MI,882ab2d56dfffff
260992322004003,30,30,20,4349734,130292,Clear Rate,10,1,B,MI,882ab2d56dfffff
260992322004004,30,30,46,4349734,130292,Clear Rate,10,1,B,MI,882ab2d565fffff
260992322004004,45,45,24,4349734,130292,Clear Rate,10,1,B,MI,882ab2d565fffff
260992322004005,45,45,6,4349734,130292,Clear Rate,10,1,B,MI,882ab2d565fffff
260992322005000,30,30,19,4349734,130292,Clear Rate,10,1,B,MI,882ab2d097fffff
260992322005000,45,45,2,4349734,130292,Clear Rate,10,1,B,MI,882ab2d0bbfffff
260992322005001,45,45,6,4349734,130292,Clear Rate,10,1,B,MI,882ab2d0bbfffff
260992322005002,45,45,6,4349734,130292,Clear Rate,10,1,B,MI,882ab2d0bbfffff
260992322005002,80,80,8,4349734,130292,Clear Rate,10,1,B,MI,882ab2d0bbfffff
260992322005003,30,30,15,4349734,130292,Clear Rate,10,1,B,MI,882ab2d097fffff
260992322005003,45,45,14,4349734,130292,Clear Rate,10,1,B,MI,882ab2d56dfffff
260992322005003,80,80,34,4349734,130292,Clear Rate,10,1,B,MI,882ab2d56dfffff
260992322005004,45,45,8,4349734,130292,Clear Rate,10,1,B,MI,882ab2d0bbfffff
260992322005005,45,45,6,4349734,130292,Clear Rate,10,1,B,MI,882ab2d0bbfffff
260992604001000,30,30,2,4349734,130292,Clear Rate,10,1,B,MI,882ab2d56bfffff
260992604004001,30,30,140,4349734,130292,Clear Rate,10,1,B,MI,882ab2d561fffff
260992604004001,45,45,12,4349734,130292,Clear Rate,10,1,B,MI,882ab2d561fffff
260992604004002,45,45,28,4349734,130292,Clear Rate,10,1,B,MI,882ab2d565fffff
260992604004003,30,30,12,4349734,130292,Clear Rate,10,1,B,MI,882ab2d561fffff
260992604004004,45,45,21,4349734,130292,Clear Rate,10,1,B,MI,882ab2d565fffff
260992604004005,45,45,18,4349734,130292,Clear Rate,10,1,B,MI,882ab2d565fffff
260992604004006,45,45,43,4349734,130292,Clear Rate,10,1,B,MI,882ab2d567fffff
260992604004007,45,45,52,4349734,130292,Clear Rate,10,1,B,MI,882ab2d567fffff
260992604004008,45,45,36,4349734,130292,Clear Rate,10,1,B,MI,882ab2d567fffff
260999820021001,30,30,13,4349734,130292,Clear Rate,10,1,B,MI,882ab2d087fffff
260999820021007,30,30,22,4349734,130292,Clear Rate,10,1,B,MI,882ab2d0bdfffff
260999820021008,30,30,15,4349734,130292,Clear Rate,10,1,B,MI,882ab2d0b1fffff
260999820021009,30,30,15,4349734,130292,Clear Rate,10,1,B,MI,882ab2d0b1fffff
260999820021020,30,30,13,4349734,130292,Clear Rate,10,1,B,MI,882ab2d0b3fffff
260999820021020,80,80,9,4349734,130292,Clear Rate,10,1,B,MI,882ab2d0b1fffff
260999820021023,30,30,1,4349734,130292,Clear Rate,10,1,B,MI,882ab2c259fffff
260999823001002,45,45,2,4349734,130292,Clear Rate,10,1,B,MI,882ab2c25bfffff
261251365001000,30,30,27,4349734,130292,Clear Rate,10,1,B,MI,882ab2c93dfffff
261251365001001,30,30,2,4349734,130292,Clear Rate,10,1,B,MI,882ab2c93dfffff
261251365001002,30,30,2,4349734,130292,Clear Rate,10,1,B,MI,882ab2c93dfffff
261251365001003,30,30,1,4349734,130292,Clear Rate,10,1,B,MI,882ab2c939fffff
261251365001004,30,30,7,4349734,130292,Clear Rate,10,1,B,MI,882ab2c93dfffff
261251365001011,30,30,8,4349734,130292,Clear Rate,10,1,B,MI,882ab2c93dfffff
261251365002014,30,30,20,4349734,130292,Clear Rate,10,1,B,MI,882ab2c93dfffff
261251365002017,30,30,6,4349734,130292,Clear Rate,10,1,B,MI,882ab2c93dfffff
261251367001000,30,30,64,4349734,130292,Clear Rate,10,1,B,MI,88274d26cbfffff
261251367004004,30,30,30,4349734,130292,Clear Rate,10,1,B,MI,88274d26c3fffff
261251367004006,30,30,17,4349734,130292,Clear Rate,10,1,B,MI,88274d26c3fffff
261251367004008,30,30,1,4349734,130292,Clear Rate,10,1,B,MI,88274d26c1fffff
261251367004009,30,30,1,4349734,130292,Clear Rate,10,1,B,MI,88274d2689fffff
261251367004011,30,30,75,4349734,130292,Clear Rate,10,1,B,MI,88274d26c3fffff
261251367004012,30,30,32,4349734,130292,Clear Rate,10,1,B,MI,88274d26c3fffff
261251367004014,30,30,5,4349734,130292,Clear Rate,10,1,B,MI,88274d2689fffff
261251374002006,45,45,13,4349734,130292,Clear Rate,10,1,B,MI,88274d26e1fffff
261251374002007,45,45,9,4349734,130292,Clear Rate,10,1,B,MI,88274d26e1fffff
261251374002008,45,45,3,4349734,130292,Clear Rate,10,1,B,MI,88274d26e1fffff
261251374002009,45,45,17,4349734,130292,Clear Rate,10,1,B,MI,88274d26e1fffff
261251374002010,45,45,5,4349734,130292,Clear Rate,10,1,B,MI,88274d26e1fffff
261251377001000,45,45,38,4349734,130292,Clear Rate,10,1,B,MI,88274d26c5fffff
261251377001000,80,80,37,4349734,130292,Clear Rate,10,1,B,MI,88274d26c7fffff
261251377001002,80,80,19,4349734,130292,Clear Rate,10,1,B,MI,88274d26c7fffff
261251377001003,45,45,4,4349734,130292,Clear Rate,10,1,B,MI,88274d26c5fffff
261251377001004,45,45,16,4349734,130292,Clear Rate,10,1,B,MI,88274d26e9fffff
261251377001004,80,80,9,4349734,130292,Clear Rate,10,1,B,MI,88274d26e9fffff
261251377001005,80,80,17,4349734,130292,Clear Rate,10,1,B,MI,88274d26e9fffff
261251377001006,80,80,44,4349734,130292,Clear Rate,10,1,B,MI,88274d26e1fffff
261251377001007,45,45,20,4349734,130292,Clear Rate,10,1,B,MI,88274d26ebfffff
261251377001007,80,80,2,4349734,130292,Clear Rate,10,1,B,MI,88274d26e9fffff
261251377001008,45,45,8,4349734,130292,Clear Rate,10,1,B,MI,88274d26ebfffff
261251377001008,80,80,19,4349734,130292,Clear Rate,10,1,B,MI,88274d26ebfffff
261251377001009,45,45,32,4349734,130292,Clear Rate,10,1,B,MI,88274d26ebfffff
261251377001009,80,80,14,4349734,130292,Clear Rate,10,1,B,MI,88274d26ebfffff
261251377001010,45,45,33,4349734,130292,Clear Rate,10,1,B,MI,88274d26c5fffff
261251377001011,45,45,1,4349734,130292,Clear Rate,10,1,B,MI,88274d26ebfffff
261251377001011,80,80,13,4349734,130292,Clear Rate,10,1,B,MI,88274d26ebfffff
261251377001012,80,80,35,4349734,130292,Clear Rate,10,1,B,MI,88274d26c7fffff
261251377001013,45,45,5,4349734,130292,Clear Rate,10,1,B,MI,88274d26ebfffff
261251377001013,80,80,5,4349734,130292,Clear Rate,10,1,B,MI,88274d26ebfffff
261251377001014,45,45,3,4349734,130292,Clear Rate,10,1,B,MI,88274d26ebfffff
261251377001014,80,80,15,4349734,130292,Clear Rate,10,1,B,MI,88274d26ebfffff
261251377001015,45,45,10,4349734,130292,Clear Rate,10,1,B,MI,88274d26e1fffff
261251377001015,80,80,2,4349734,130292,Clear Rate,10,1,B,MI,88274d26e1fffff
261251377001016,45,45,10,4349734,130292,Clear Rate,10,1,B,MI,88274d26ebfffff
261251377001016,80,80,6,4349734,130292,Clear Rate,10,1,B,MI,88274d26ebfffff
261251377001017,45,45,9,4349734,130292,Clear Rate,10,1,B,MI,88274d26ebfffff
261251377002000,30,30,8,4349734,130292,Clear Rate,10,1,B,MI,88274d26c1fffff
261251378001000,80,80,39,4349734,130292,Clear Rate,10,1,B,MI,88274d26c7fffff
261251378001001,80,80,17,4349734,130292,Clear Rate,10,1,B,MI,88274d26c7fffff
261251378001002,80,80,30,4349734,130292,Clear Rate,10,1,B,MI,88274d26c7fffff
261251378001003,80,80,10,4349734,130292,Clear Rate,10,1,B,MI,88274d26ebfffff
261251378001004,45,45,4,4349734,130292,Clear Rate,10,1,B,MI,88274d26ebfffff
261251378001004,80,80,33,4349734,130292,Clear Rate,10,1,B,MI,88274d26ebfffff
261251378001005,80,80,20,4349734,130292,Clear Rate,10,1,B,MI,88274d26ebfffff
261251378001006,45,45,3,4349734,130292,Clear Rate,10,1,B,MI,88274d26ebfffff
261251378001006,80,80,18,4349734,130292,Clear Rate,10,1,B,MI,88274d26ebfffff
261251378001007,30,30,1,4349734,130292,Clear Rate,10,1,B,MI,88274d26e3fffff
261251378001007,45,45,5,4349734,130292,Clear Rate,10,1,B,MI,88274d26e3fffff
261251378001007,80,80,46,4349734,130292,Clear Rate,10,1,B,MI,88274d268dfffff
261251378001008,45,45,6,4349734,130292,Clear Rate,10,1,B,MI,88274d26e3fffff
261251378001009,80,80,22,4349734,130292,Clear Rate,10,1,B,MI,88274d26ebfffff
261251378001010,80,80,58,4349734,130292,Clear Rate,10,1,B,MI,88274d26ebfffff
261251378001011,80,80,12,4349734,130292,Clear Rate,10,1,B,MI,88274d26ebfffff
261251378001012,45,45,6,4349734,130292,Clear Rate,10,1,B,MI,88274d26c7fffff
261251378001012,80,80,19,4349734,130292,Clear Rate,10,1,B,MI,88274d268dfffff
261251378001013,80,80,26,4349734,130292,Clear Rate,10,1,B,MI,88274d26c7fffff
261251378001014,45,45,26,4349734,130292,Clear Rate,10,1,B,MI,88274d26c7fffff
261251378001014,80,80,13,4349734,130292,Clear Rate,10,1,B,MI,88274d26c7fffff
261251378001015,45,45,24,4349734,130292,Clear Rate,10,1,B,MI,88274d26c7fffff
261251378001016,45,45,8,4349734,130292,Clear Rate,10,1,B,MI,88274d26c7fffff
261251378001018,45,45,11,4349734,130292,Clear Rate,10,1,B,MI,88274d268dfffff
261251378001018,80,80,2,4349734,130292,Clear Rate,10,1,B,MI,88274d268dfffff
261251378001019,45,45,9,4349734,130292,Clear Rate,10,1,B,MI,88274d268dfffff
261251378001019,80,80,2,4349734,130292,Clear Rate,10,1,B,MI,88274d268dfffff
261251378001020,45,45,9,4349734,130292,Clear Rate,10,1,B,MI,88274d268dfffff
261251378001020,80,80,2,4349734,130292,Clear Rate,10,1,B,MI,88274d268dfffff
261251378001021,45,45,8,4349734,130292,Clear Rate,10,1,B,MI,88274d26c7fffff
261251378001022,45,45,16,4349734,130292,Clear Rate,10,1,B,MI,88274d268dfffff
261251378001023,45,45,30,4349734,130292,Clear Rate,10,1,B,MI,88274d268dfffff
261251378001024,45,45,3,4349734,130292,Clear Rate,10,1,B,MI,88274d2689fffff
261251378001025,45,45,1,4349734,130292,Clear Rate,10,1,B,MI,88274d2689fffff
261251378001026,45,45,2,4349734,130292,Clear Rate,10,1,B,MI,88274d26c7fffff
261251378001027,45,45,22,4349734,130292,Clear Rate,10,1,B,MI,88274d268dfffff
261251378001028,80,80,5,4349734,130292,Clear Rate,10,1,B,MI,88274d268dfffff
261251378001030,45,45,16,4349734,130292,Clear Rate,10,1,B,MI,88274d268dfffff
261251378001031,45,45,18,4349734,130292,Clear Rate,10,1,B,MI,88274d268dfffff
261251378002000,30,30,10,4349734,130292,Clear Rate,10,1,B,MI,88274d26e1fffff
261251378002000,45,45,4,4349734,130292,Clear Rate,10,1,B,MI,88274d26e1fffff
261251378002007,30,30,6,4349734,130292,Clear Rate,10,1,B,MI,88274d26e3fffff
261251378002008,30,30,80,4349734,130292,Clear Rate,10,1,B,MI,88274d26e3fffff
261251378002009,30,30,1,4349734,130292,Clear Rate,10,1,B,MI,88274d26e3fffff
261251378002014,30,30,12,4349734,130292,Clear Rate,10,1,B,MI,88274d26e3fffff
261251401011001,45,45,3,4349734,130292,Clear Rate,10,1,B,MI,88274da593fffff
261251401011001,80,80,2,4349734,130292,Clear Rate,10,1,B,MI,88274da593fffff
261251401011002,45,45,13,4349734,130292,Clear Rate,10,1,B,MI,882ab2da69fffff
261251401011003,45,45,35,4349734,130292,Clear Rate,10,1,B,MI,882ab2da69fffff
261251401011004,45,45,50,4349734,130292,Clear Rate,10,1,B,MI,882ab2da69fffff
261251401011005,45,45,60,4349734,130292,Clear Rate,10,1,B,MI,882ab2da69fffff
261251401011006,45,45,63,4349734,130292,Clear Rate,10,1,B,MI,882ab2da69fffff
261251401011007,45,45,72,4349734,130292,Clear Rate,10,1,B,MI,88274da597fffff
261251401011008,45,45,81,4349734,130292,Clear Rate,10,1,B,MI,88274da597fffff
261251401011009,45,45,46,4349734,130292,Clear Rate,10,1,B,MI,882ab2da6dfffff
261251401011011,30,30,11,4349734,130292,Clear Rate,10,1,B,MI,882ab2da6dfffff
261251401011012,30,30,64,4349734,130292,Clear Rate,10,1,B,MI,882ab2da65fffff
261251401011017,30,30,1,4349734,130292,Clear Rate,10,1,B,MI,882ab2da61fffff
261251401011018,30,30,4,4349734,130292,Clear Rate,10,1,B,MI,882ab2da69fffff
261251401011019,45,45,2,4349734,130292,Clear Rate,10,1,B,MI,882ab2da69fffff
261251403011000,30,30,54,4349734,130292,Clear Rate,10,1,B,MI,88274da593fffff
261251403011000,45,45,8,4349734,130292,Clear Rate,10,1,B,MI,88274da593fffff
261251403011001,30,30,11,4349734,130292,Clear Rate,10,1,B,MI,88274da593fffff
261251403011002,30,30,8,4349734,130292,Clear Rate,10,1,B,MI,88274da591fffff
261251403011002,45,45,11,4349734,130292,Clear Rate,10,1,B,MI,88274da593fffff
261251403011004,45,45,4,4349734,130292,Clear Rate,10,1,B,MI,88274da593fffff
261251403011005,30,30,1,4349734,130292,Clear Rate,10,1,B,MI,88274da597fffff
261251403011005,45,45,12,4349734,130292,Clear Rate,10,1,B,MI,88274da593fffff
261251403012000,30,30,73,4349734,130292,Clear Rate,10,1,B,MI,88274da591fffff
261251403012000,80,80,12,4349734,130292,Clear Rate,10,1,B,MI,88274da591fffff
261251403012001,30,30,16,4349734,130292,Clear Rate,10,1,B,MI,88274da591fffff
261251403012002,30,30,35,4349734,130292,Clear Rate,10,1,B,MI,88274da59bfffff
261251403013000,30,30,40,4349734,130292,Clear Rate,10,1,B,MI,88274da595fffff
261251403013001,30,30,22,4349734,130292,Clear Rate,10,1,B,MI,88274da595fffff
261251403014000,30,30,29,4349734,130292,Clear Rate,10,1,B,MI,88274da597fffff
261251403014004,30,30,5,4349734,130292,Clear Rate,10,1,B,MI,88274da595fffff
261251403014006,30,30,42,4349734,130292,Clear Rate,10,1,B,MI,88274da597fffff
261251403014007,30,30,31,4349734,130292,Clear Rate,10,1,B,MI,88274da597fffff
261251403014008,30,30,51,4349734,130292,Clear Rate,10,1,B,MI,88274da597fffff
261251403014009,30,30,29,4349734,130292,Clear Rate,10,1,B,MI,88274da597fffff
261251403014010,30,30,49,4349734,130292,Clear Rate,10,1,B,MI,88274da597fffff
261251403014011,30,30,30,4349734,130292,Clear Rate,10,1,B,MI,88274da597fffff
261251403031000,30,30,23,4349734,130292,Clear Rate,10,1,B,MI,88274da59bfffff
261251403031001,30,30,7,4349734,130292,Clear Rate,10,1,B,MI,88274da59bfffff
261251403031001,45,45,8,4349734,130292,Clear Rate,10,1,B,MI,88274da59bfffff
261251403031001,80,80,6,4349734,130292,Clear Rate,10,1,B,MI,88274da593fffff
261251403031002,45,45,5,4349734,130292,Clear Rate,10,1,B,MI,88274da59bfffff
261251403035000,30,30,18,4349734,130292,Clear Rate,10,1,B,MI,88274da59bfffff
261251403035001,30,30,1,4349734,130292,Clear Rate,10,1,B,MI,88274da59bfffff
261251403035005,30,30,2,4349734,130292,Clear Rate,10,1,B,MI,88274da59bfffff
261251405003001,30,30,11,4349734,130292,Clear Rate,10,1,B,MI,88274da5bbfffff
261251405003002,30,30,19,4349734,130292,Clear Rate,10,1,B,MI,88274da5bbfffff
261251405003004,30,30,20,4349734,130292,Clear Rate,10,1,B,MI,88274da5bbfffff
261251405003005,30,30,14,4349734,130292,Clear Rate,10,1,B,MI,88274da5bbfffff
261251405003016,30,30,4,4349734,130292,Clear Rate,10,1,B,MI,88274da5bbfffff
261251409002013,30,30,6,4349734,130292,Clear Rate,10,1,B,MI,882ab2db39fffff
261251409004000,30,30,34,4349734,130292,Clear Rate,10,1,B,MI,882ab2db35fffff
261251409004001,30,30,21,4349734,130292,Clear Rate,10,1,B,MI,882ab2db31fffff
261251409004003,30,30,13,4349734,130292,Clear Rate,10,1,B,MI,882ab2db3dfffff
261251409004004,30,30,10,4349734,130292,Clear Rate,10,1,B,MI,882ab2db35fffff
261251409004006,30,30,13,4349734,130292,Clear Rate,10,1,B,MI,882ab2db35fffff
261251409004007,30,30,17,4349734,130292,Clear Rate,10,1,B,MI,882ab2db3dfffff
261251409004008,30,30,35,4349734,130292,Clear Rate,10,1,B,MI,882ab2db35fffff
261251409004009,30,30,10,4349734,130292,Clear Rate,10,1,B,MI,882ab2db3dfffff
261251409004010,30,30,14,4349734,130292,Clear Rate,10,1,B,MI,882ab2db3dfffff
261251409004011,30,30,17,4349734,130292,Clear Rate,10,1,B,MI,882ab2db39fffff
261251409004013,30,30,14,4349734,130292,Clear Rate,10,1,B,MI,882ab2db3dfffff
261251409004014,30,30,11,4349734,130292,Clear Rate,10,1,B,MI,882ab2db3dfffff
261251409004016,30,30,14,4349734,130292,Clear Rate,10,1,B,MI,882ab2db35fffff
261251409004017,30,30,2,4349734,130292,Clear Rate,10,1,B,MI,882ab2db3dfffff
261251409004018,30,30,4,4349734,130292,Clear Rate,10,1,B,MI,882ab2db3dfffff
261251409004019,30,30,28,4349734,130292,Clear Rate,10,1,B,MI,882ab2db3dfffff
261251409004021,30,30,28,4349734,130292,Clear Rate,10,1,B,MI,882ab2db31fffff
261251409004022,30,30,12,4349734,130292,Clear Rate,10,1,B,MI,882ab2db3dfffff
261251409004023,30,30,11,4349734,130292,Clear Rate,10,1,B,MI,882ab2db3dfffff
261251409004024,30,30,5,4349734,130292,Clear Rate,10,1,B,MI,882ab2db3dfffff
261251410021001,30,30,8,4349734,130292,Clear Rate,10,1,B,MI,88274da5b3fffff
261251414004000,30,30,2,4349734,130292,Clear Rate,10,1,B,MI,882ab2db47fffff
261251414004002,30,30,2,4349734,130292,Clear Rate,10,1,B,MI,882ab2db09fffff
261251414004009,30,30,1,4349734,130292,Clear Rate,10,1,B,MI,882ab2db01fffff
261251415001000,30,30,1,4349734,130292,Clear Rate,10,1,B,MI,88274da5b3fffff
261251415002000,30,30,10,4349734,130292,Clear Rate,10,1,B,MI,882ab2da25fffff
261251415003015,30,30,60,4349734,130292,Clear Rate,10,1,B,MI,882ab2db53fffff
261251415003016,30,30,20,4349734,130292,Clear Rate,10,1,B,MI,882ab2db57fffff
261251415003017,30,30,65,4349734,130292,Clear Rate,10,1,B,MI,882ab2db57fffff
261251415003018,30,30,20,4349734,130292,Clear Rate,10,1,B,MI,882ab2db57fffff
261251415003019,30,30,3,4349734,130292,Clear Rate,10,1,B,MI,882ab2db53fffff
261251415003021,30,30,10,4349734,130292,Clear Rate,10,1,B,MI,882ab2db53fffff
261251415003022,30,30,12,4349734,130292,Clear Rate,10,1,B,MI,882ab2db53fffff
261251415003023,30,30,30,4349734,130292,Clear Rate,10,1,B,MI,882ab2db53fffff
261251415003025,30,30,6,4349734,130292,Clear Rate,10,1,B,MI,882ab2db53fffff
261251415005002,30,30,13,4349734,130292,Clear Rate,10,1,B,MI,882ab2db53fffff
261251415005003,30,30,39,4349734,130292,Clear Rate,10,1,B,MI,882ab2db53fffff
261251415005004,30,30,39,4349734,130292,Clear Rate,10,1,B,MI,882ab2db53fffff
261251415005005,30,30,22,4349734,130292,Clear Rate,10,1,B,MI,882ab2db53fffff
261251415005006,30,30,11,4349734,130292,Clear Rate,10,1,B,MI,882ab2db19fffff
261251415005007,30,30,13,4349734,130292,Clear Rate,10,1,B,MI,882ab2db19fffff
261251415005008,30,30,15,4349734,130292,Clear Rate,10,1,B,MI,882ab2db19fffff
261251415005011,30,30,9,4349734,130292,Clear Rate,10,1,B,MI,882ab2da25fffff
261251416001000,30,30,9,4349734,130292,Clear Rate,10,1,B,MI,882ab2db57fffff
261251416001001,30,30,19,4349734,130292,Clear Rate,10,1,B,MI,882ab2db57fffff
261251416001002,30,30,19,4349734,130292,Clear Rate,10,1,B,MI,882ab2db57fffff
261251416001003,30,30,1,4349734,130292,Clear Rate,10,1,B,MI,882ab2db0bfffff
261251416001005,30,30,1,4349734,130292,Clear Rate,10,1,B,MI,882ab2db0bfffff
261251416001006,45,45,6,4349734,130292,Clear Rate,10,1,B,MI,882ab2db03fffff
261251416001007,30,30,37,4349734,130292,Clear Rate,10,1,B,MI,882ab2db0bfffff
261251416001007,45,45,1,4349734,130292,Clear Rate,10,1,B,MI,882ab2db0bfffff
261251416001010,30,30,18,4349734,130292,Clear Rate,10,1,B,MI,882ab2db1dfffff
261251416001011,30,30,35,4349734,130292,Clear Rate,10,1,B,MI,882ab2db1dfffff
261251416001012,30,30,31,4349734,130292,Clear Rate,10,1,B,MI,882ab2db1dfffff
261251416001013,30,30,20,4349734,130292,Clear Rate,10,1,B,MI,882ab2db1dfffff
261251416001014,30,30,4,4349734,130292,Clear Rate,10,1,B,MI,882ab2db57fffff
261251416001016,30,30,34,4349734,130292,Clear Rate,10,1,B,MI,882ab2db1dfffff
261251416001017,30,30,31,4349734,130292,Clear Rate,10,1,B,MI,882ab2db1dfffff
261251416001017,45,45,7,4349734,130292,Clear Rate,10,1,B,MI,882ab2db1dfffff
261251416001018,45,45,24,4349734,130292,Clear Rate,10,1,B,MI,882ab2db1dfffff
261251416001019,45,45,35,4349734,130292,Clear Rate,10,1,B,MI,882ab2db03fffff
261251416001020,45,45,9,4349734,130292,Clear Rate,10,1,B,MI,882ab2db03fffff
261251416001022,30,30,14,4349734,130292,Clear Rate,10,1,B,MI,882ab2db1dfffff
261251416001023,30,30,1,4349734,130292,Clear Rate,10,1,B,MI,882ab2db1dfffff
261251416001024,45,45,16,4349734,130292,Clear Rate,10,1,B,MI,882ab2db1dfffff
261251416001025,45,45,29,4349734,130292,Clear Rate,10,1,B,MI,882ab2db03fffff
261251416001026,45,45,21,4349734,130292,Clear Rate,10,1,B,MI,882ab2db03fffff
261251416001027,30,30,16,4349734,130292,Clear Rate,10,1,B,MI,882ab2db1dfffff
261251416001027,45,45,3,4349734,130292,Clear Rate,10,1,B,MI,882ab2db1dfffff
261251416001028,30,30,16,4349734,130292,Clear Rate,10,1,B,MI,882ab2db1dfffff
261251416002000,30,30,10,4349734,130292,Clear Rate,10,1,B,MI,882ab2db57fffff
261251416002001,30,30,10,4349734,130292,Clear Rate,10,1,B,MI,882ab2db1dfffff
261251416002002,30,30,9,4349734,130292,Clear Rate,10,1,B,MI,882ab2db1dfffff
261251416002003,30,30,39,4349734,130292,Clear Rate,10,1,B,MI,882ab2db1dfffff
261251416002004,30,30,78,4349734,130292,Clear Rate,10,1,B,MI,882ab2db11fffff
261251416002004,80,80,7,4349734,130292,Clear Rate,10,1,B,MI,882ab2db1dfffff
261251416002005,30,30,6,4349734,130292,Clear Rate,10,1,B,MI,882ab2db1dfffff
261251416002006,30,30,13,4349734,130292,Clear Rate,10,1,B,MI,882ab2db1dfffff
261251416002007,80,80,6,4349734,130292,Clear Rate,10,1,B,MI,882ab2db1dfffff
261251416002008,30,30,1,4349734,130292,Clear Rate,10,1,B,MI,882ab2db1dfffff
261251416002008,80,80,14,4349734,130292,Clear Rate,10,1,B,MI,882ab2db1dfffff
261251416002009,80,80,29,4349734,130292,Clear Rate,10,1,B,MI,882ab2db1dfffff
261251416002010,30,30,5,4349734,130292,Clear Rate,10,1,B,MI,882ab2db1dfffff
261251416002010,45,45,3,4349734,130292,Clear Rate,10,1,B,MI,882ab2db15fffff
261251416002010,80,80,11,4349734,130292,Clear Rate,10,1,B,MI,882ab2db1dfffff
261251416002011,30,30,19,4349734,130292,Clear Rate,10,1,B,MI,882ab2db11fffff
261251416002012,30,30,35,4349734,130292,Clear Rate,10,1,B,MI,882ab2db11fffff
261251416002013,80,80,34,4349734,130292,Clear Rate,10,1,B,MI,882ab2db15fffff
261251416002014,45,45,3,4349734,130292,Clear Rate,10,1,B,MI,882ab2db15fffff
261251416002014,80,80,2,4349734,130292,Clear Rate,10,1,B,MI,882ab2db15fffff
261251416002015,45,45,1,4349734,130292,Clear Rate,10,1,B,MI,882ab2db15fffff
261251416002015,80,80,26,4349734,130292,Clear Rate,10,1,B,MI,882ab2db15fffff
261251416002016,45,45,1,4349734,130292,Clear Rate,10,1,B,MI,882ab2db15fffff
261251416002016,80,80,14,4349734,130292,Clear Rate,10,1,B,MI,882ab2db15fffff
261251416002017,45,45,2,4349734,130292,Clear Rate,10,1,B,MI,882ab2db15fffff
261251416002017,80,80,5,4349734,130292,Clear Rate,10,1,B,MI,882ab2db15fffff
261251416002019,80,80,8,4349734,130292,Clear Rate,10,1,B,MI,882ab2db11fffff
261251416002020,30,30,27,4349734,130292,Clear Rate,10,1,B,MI,882ab2db11fffff
261251416002022,80,80,2,4349734,130292,Clear Rate,10,1,B,MI,882ab2db15fffff
261251416002023,80,80,2,4349734,130292,Clear Rate,10,1,B,MI,882ab2db15fffff
261251416003000,30,30,18,4349734,130292,Clear Rate,10,1,B,MI,882ab2db15fffff
261251416003001,30,30,9,4349734,130292,Clear Rate,10,1,B,MI,882ab2db15fffff
261251416003001,45,45,9,4349734,130292,Clear Rate,10,1,B,MI,882ab2db15fffff
261251416003002,45,45,22,4349734,130292,Clear Rate,10,1,B,MI,882ab2db15fffff
261251416003003,45,45,23,4349734,130292,Clear Rate,10,1,B,MI,882ab2db15fffff
261251416003004,45,45,15,4349734,130292,Clear Rate,10,1,B,MI,882ab2db15fffff
261251416003005,30,30,7,4349734,130292,Clear Rate,10,1,B,MI,882ab2db15fffff
261251416003005,45,45,6,4349734,130292,Clear Rate,10,1,B,MI,882ab2db15fffff
261251416003006,30,30,10,4349734,130292,Clear Rate,10,1,B,MI,882ab2db1dfffff
261251416003007,45,45,22,4349734,130292,Clear Rate,10,1,B,MI,882ab2db15fffff
261251416003007,80,80,2,4349734,130292,Clear Rate,10,1,B,MI,882ab2db15fffff
261251416003008,45,45,10,4349734,130292,Clear Rate,10,1,B,MI,882ab2db15fffff
261251416003009,45,45,18,4349734,130292,Clear Rate,10,1,B,MI,882ab2db15fffff
261251416003010,45,45,34,4349734,130292,Clear Rate,10,1,B,MI,882ab2db15fffff
261251416003011,80,80,10,4349734,130292,Clear Rate,10,1,B,MI,882ab2db15fffff
261251416003012,45,45,2,4349734,130292,Clear Rate,10,1,B,MI,882ab2db15fffff
261251416003013,45,45,7,4349734,130292,Clear Rate,10,1,B,MI,882ab2db15fffff
261251416003014,80,80,1,4349734,130292,Clear Rate,10,1,B,MI,882ab2db15fffff
261251416003015,45,45,5,4349734,130292,Clear Rate,10,1,B,MI,882ab2db15fffff
261251416003016,45,45,11,4349734,130292,Clear Rate,10,1,B,MI,882ab2db3bfffff
261251416003018,30,30,5,4349734,130292,Clear Rate,10,1,B,MI,882ab2db3bfffff
261251416003019,45,45,17,4349734,130292,Clear Rate,10,1,B,MI,882ab2db3bfffff
261251416003020,45,45,11,4349734,130292,Clear Rate,10,1,B,MI,882ab2db3bfffff
261251416003021,45,45,2,4349734,130292,Clear Rate,10,1,B,MI,882ab2db15fffff
261251416003022,45,45,7,4349734,130292,Clear Rate,10,1,B,MI,882ab2db15fffff
261251416003023,45,45,6,4349734,130292,Clear Rate,10,1,B,MI,882ab2db15fffff
261251416003024,45,45,5,4349734,130292,Clear Rate,10,1,B,MI,882ab2db3bfffff
261251416003025,45,45,13,4349734,130292,Clear Rate,10,1,B,MI,882ab2db15fffff
261251416003026,80,80,1,4349734,130292,Clear Rate,10,1,B,MI,882ab2db17fffff
261251416004000,30,30,23,4349734,130292,Clear Rate,10,1,B,MI,882ab2db57fffff
261251416004001,30,30,21,4349734,130292,Clear Rate,10,1,B,MI,882ab2db57fffff
261251416004002,30,30,13,4349734,130292,Clear Rate,10,1,B,MI,882ab2db57fffff
261251416004003,30,30,40,4349734,130292,Clear Rate,10,1,B,MI,882ab2db57fffff
261251416004004,30,30,29,4349734,130292,Clear Rate,10,1,B,MI,882ab2db57fffff
261251416004005,30,30,57,4349734,130292,Clear Rate,10,1,B,MI,882ab2db57fffff
261251416004006,30,30,32,4349734,130292,Clear Rate,10,1,B,MI,882ab2db19fffff
261251416004007,30,30,15,4349734,130292,Clear Rate,10,1,B,MI,882ab2db57fffff
261251416004008,30,30,33,4349734,130292,Clear Rate,10,1,B,MI,882ab2db19fffff
261251416004009,30,30,39,4349734,130292,Clear Rate,10,1,B,MI,882ab2db19fffff
261251416004010,30,30,17,4349734,130292,Clear Rate,10,1,B,MI,882ab2db19fffff
261251416004011,30,30,46,4349734,130292,Clear Rate,10,1,B,MI,882ab2db19fffff
261251416004012,30,30,13,4349734,130292,Clear Rate,10,1,B,MI,882ab2db1dfffff
261251416004013,30,30,12,4349734,130292,Clear Rate,10,1,B,MI,882ab2db19fffff
261251416004014,30,30,1,4349734,130292,Clear Rate,10,1,B,MI,882ab2db19fffff
261251416004015,30,30,12,4349734,130292,Clear Rate,10,1,B,MI,882ab2db11fffff
261251417001006,30,30,26,4349734,130292,Clear Rate,10,1,B,MI,882ab2db39fffff
261251417001009,30,30,17,4349734,130292,Clear Rate,10,1,B,MI,882ab2db39fffff
261251417001010,30,30,12,4349734,130292,Clear Rate,10,1,B,MI,882ab2db39fffff
261251417001011,30,30,15,4349734,130292,Clear Rate,10,1,B,MI,882ab2db39fffff
261251417001012,30,30,7,4349734,130292,Clear Rate,10,1,B,MI,882ab2db39fffff
261251417001012,45,45,7,4349734,130292,Clear Rate,10,1,B,MI,882ab2db39fffff
261251417001013,30,30,1,4349734,130292,Clear Rate,10,1,B,MI,882ab2db39fffff
261251417001013,45,45,4,4349734,130292,Clear Rate,10,1,B,MI,882ab2db39fffff
261251417001014,30,30,16,4349734,130292,Clear Rate,10,1,B,MI,882ab2db39fffff
261251417001015,30,30,19,4349734,130292,Clear Rate,10,1,B,MI,882ab2db39fffff
261251417001016,30,30,8,4349734,130292,Clear Rate,10,1,B,MI,882ab2db39fffff
261251417001016,45,45,1,4349734,130292,Clear Rate,10,1,B,MI,882ab2db39fffff
261251417001017,30,30,13,4349734,130292,Clear Rate,10,1,B,MI,882ab2db39fffff
261251417002006,30,30,6,4349734,130292,Clear Rate,10,1,B,MI,882ab2db07fffff
261251417002009,30,30,12,4349734,130292,Clear Rate,10,1,B,MI,882ab2db03fffff
261251417002010,30,30,9,4349734,130292,Clear Rate,10,1,B,MI,882ab2db07fffff
261251417002011,30,30,20,4349734,130292,Clear Rate,10,1,B,MI,882ab2db07fffff
261251417002012,30,30,10,4349734,130292,Clear Rate,10,1,B,MI,882ab2db07fffff
261251417002013,30,30,32,4349734,130292,Clear Rate,10,1,B,MI,882ab2db07fffff
261251417002014,30,30,30,4349734,130292,Clear Rate,10,1,B,MI,882ab2db03fffff
261251417002015,30,30,17,4349734,130292,Clear Rate,10,1,B,MI,882ab2db07fffff
261251417002016,30,30,16,4349734,130292,Clear Rate,10,1,B,MI,882ab2db07fffff
261251417002017,30,30,10,4349734,130292,Clear Rate,10,1,B,MI,882ab2db03fffff
261251417002018,30,30,17,4349734,130292,Clear Rate,10,1,B,MI,882ab2db03fffff
261251417002019,30,30,10,4349734,130292,Clear Rate,10,1,B,MI,882ab2db39fffff
261251417002020,30,30,12,4349734,130292,Clear Rate,10,1,B,MI,882ab2db39fffff
261251417002021,30,30,16,4349734,130292,Clear Rate,10,1,B,MI,882ab2db39fffff
261251417002022,30,30,5,4349734,130292,Clear Rate,10,1,B,MI,882ab2db39fffff
261251417003004,30,30,12,4349734,130292,Clear Rate,10,1,B,MI,882ab2db03fffff
261251417003005,30,30,29,4349734,130292,Clear Rate,10,1,B,MI,882ab2db03fffff
261251417003006,45,45,1,4349734,130292,Clear Rate,10,1,B,MI,882ab2db03fffff
261251417003007,30,30,49,4349734,130292,Clear Rate,10,1,B,MI,882ab2db03fffff
261251417003007,45,45,12,4349734,130292,Clear Rate,10,1,B,MI,882ab2db03fffff
261251417003008,30,30,42,4349734,130292,Clear Rate,10,1,B,MI,882ab2db03fffff
261251417003009,30,30,15,4349734,130292,Clear Rate,10,1,B,MI,882ab2db03fffff
261251417003009,45,45,10,4349734,130292,Clear Rate,10,1,B,MI,882ab2db03fffff
261251417003010,30,30,8,4349734,130292,Clear Rate,10,1,B,MI,882ab2db03fffff
261251417003011,30,30,5,4349734,130292,Clear Rate,10,1,B,MI,882ab2db03fffff
261251417003012,45,45,2,4349734,130292,Clear Rate,10,1,B,MI,882ab2db39fffff
261251417003012,80,80,4,4349734,130292,Clear Rate,10,1,B,MI,882ab2db15fffff
261251417003013,45,45,6,4349734,130292,Clear Rate,10,1,B,MI,882ab2db15fffff
261251417003013,80,80,5,4349734,130292,Clear Rate,10,1,B,MI,882ab2db15fffff
261251420001004,30,30,40,4349734,130292,Clear Rate,10,1,B,MI,882ab2db35fffff
261251420001005,30,30,48,4349734,130292,Clear Rate,10,1,B,MI,882ab2db35fffff
261251420001009,30,30,15,4349734,130292,Clear Rate,10,1,B,MI,882ab2d94bfffff
261251420001010,30,30,36,4349734,130292,Clear Rate,10,1,B,MI,882ab2db35fffff
261251420001011,30,30,45,4349734,130292,Clear Rate,10,1,B,MI,882ab2db35fffff
261251420001012,30,30,18,4349734,130292,Clear Rate,10,1,B,MI,882ab2db35fffff
261251420001013,30,30,17,4349734,130292,Clear Rate,10,1,B,MI,882ab2db35fffff
261251420001014,30,30,25,4349734,130292,Clear Rate,10,1,B,MI,882ab2db35fffff
261251420001015,30,30,21,4349734,130292,Clear Rate,10,1,B,MI,882ab2db37fffff
261251420001017,30,30,17,4349734,130292,Clear Rate,10,1,B,MI,882ab2db35fffff
261251420002001,30,30,24,4349734,130292,Clear Rate,10,1,B,MI,882ab2db31fffff
261251420002002,30,30,21,4349734,130292,Clear Rate,10,1,B,MI,882ab2db31fffff
261251420002003,30,30,32,4349734,130292,Clear Rate,10,1,B,MI,882ab2db31fffff
261251420002004,30,30,33,4349734,130292,Clear Rate,10,1,B,MI,882ab2db31fffff
261251420002005,30,30,36,4349734,130292,Clear Rate,10,1,B,MI,882ab2db31fffff
261251420002006,30,30,25,4349734,130292,Clear Rate,10,1,B,MI,882ab2db31fffff
261251420002007,30,30,30,4349734,130292,Clear Rate,10,1,B,MI,882ab2db31fffff
261251420002008,30,30,29,4349734,130292,Clear Rate,10,1,B,MI,882ab2db31fffff
261251420002009,30,30,31,4349734,130292,Clear Rate,10,1,B,MI,882ab2db37fffff
261251420002010,30,30,37,4349734,130292,Clear Rate,10,1,B,MI,882ab2db31fffff
261251420002011,30,30,1,4349734,130292,Clear Rate,10,1,B,MI,882ab2db37fffff
261251420002012,30,30,19,4349734,130292,Clear Rate,10,1,B,MI,882ab2db35fffff
261251421001001,30,30,12,4349734,130292,Clear Rate,10,1,B,MI,882ab2db39fffff
261251421001002,30,30,21,4349734,130292,Clear Rate,10,1,B,MI,882ab2db39fffff
261251421001003,30,30,15,4349734,130292,Clear Rate,10,1,B,MI,882ab2db31fffff
261251421001005,30,30,17,4349734,130292,Clear Rate,10,1,B,MI,882ab2db3bfffff
261251421001006,30,30,23,4349734,130292,Clear Rate,10,1,B,MI,882ab2db3bfffff
261251421001007,30,30,16,4349734,130292,Clear Rate,10,1,B,MI,882ab2db31fffff
261251421001008,30,30,37,4349734,130292,Clear Rate,10,1,B,MI,882ab2db31fffff
261251421001009,30,30,11,4349734,130292,Clear Rate,10,1,B,MI,882ab2db31fffff
261251421001010,30,30,13,4349734,130292,Clear Rate,10,1,B,MI,882ab2db31fffff
261251421001011,45,45,1,4349734,130292,Clear Rate,10,1,B,MI,882ab2db3bfffff
261251421001012,30,30,23,4349734,130292,Clear Rate,10,1,B,MI,882ab2db3bfffff
261251421001013,30,30,9,4349734,130292,Clear Rate,10,1,B,MI,882ab2db3bfffff
261251421001014,30,30,5,4349734,130292,Clear Rate,10,1,B,MI,882ab2db3bfffff
261251421001015,30,30,12,4349734,130292,Clear Rate,10,1,B,MI,882ab2db3bfffff
261251421001016,30,30,9,4349734,130292,Clear Rate,10,1,B,MI,882ab2db31fffff
261251421001017,30,30,12,4349734,130292,Clear Rate,10,1,B,MI,882ab2db3bfffff
261251421002000,45,45,6,4349734,130292,Clear Rate,10,1,B,MI,882ab2db3bfffff
261251421002001,45,45,16,4349734,130292,Clear Rate,10,1,B,MI,882ab2db3bfffff
261251421002002,45,45,17,4349734,130292,Clear Rate,10,1,B,MI,882ab2db3bfffff
261251421002003,30,30,2,4349734,130292,Clear Rate,10,1,B,MI,882ab2db31fffff
261251421002003,45,45,17,4349734,130292,Clear Rate,10,1,B,MI,882ab2db3bfffff
261251421002004,30,30,3,4349734,130292,Clear Rate,10,1,B,MI,882ab2db3bfffff
261251421002004,45,45,21,4349734,130292,Clear Rate,10,1,B,MI,882ab2db3bfffff
261251421002005,45,45,3,4349734,130292,Clear Rate,10,1,B,MI,882ab2db3bfffff
261251421002006,45,45,12,4349734,130292,Clear Rate,10,1,B,MI,882ab2db3bfffff
261251421002006,80,80,2,4349734,130292,Clear Rate,10,1,B,MI,882ab2db3bfffff
261251421002007,30,30,14,4349734,130292,Clear Rate,10,1,B,MI,882ab2db33fffff
261251421002008,30,30,2,4349734,130292,Clear Rate,10,1,B,MI,882ab2db33fffff
261251421002008,45,45,16,4349734,130292,Clear Rate,10,1,B,MI,882ab2db31fffff
261251421002009,45,45,17,4349734,130292,Clear Rate,10,1,B,MI,882ab2db33fffff
261251421002010,30,30,7,4349734,130292,Clear Rate,10,1,B,MI,882ab2db33fffff
261251421002010,45,45,16,4349734,130292,Clear Rate,10,1,B,MI,882ab2db33fffff
261251421002011,30,30,5,4349734,130292,Clear Rate,10,1,B,MI,882ab2db33fffff
261251421002011,45,45,28,4349734,130292,Clear Rate,10,1,B,MI,882ab2db33fffff
261251421002012,30,30,15,4349734,130292,Clear Rate,10,1,B,MI,882ab2db33fffff
261251421002013,30,30,16,4349734,130292,Clear Rate,10,1,B,MI,882ab2db33fffff
261251421002014,30,30,12,4349734,130292,Clear Rate,10,1,B,MI,882ab2db33fffff
261251421002015,45,45,2,4349734,130292,Clear Rate,10,1,B,MI,882ab2db3bfffff
261251421002016,45,45,4,4349734,130292,Clear Rate,10,1,B,MI,882ab2db3bfffff
261251421002017,45,45,17,4349734,130292,Clear Rate,10,1,B,MI,882ab2db3bfffff
261251422001000,30,30,8,4349734,130292,Clear Rate,10,1,B,MI,882ab2db11fffff
261251422001000,45,45,46,4349734,130292,Clear Rate,10,1,B,MI,882ab2db11fffff
261251422001001,45,45,11,4349734,130292,Clear Rate,10,1,B,MI,882ab2db11fffff
261251422001002,45,45,12,4349734,130292,Clear Rate,10,1,B,MI,882ab2db11fffff
261251422001003,45,45,7,4349734,130292,Clear Rate,10,1,B,MI,882ab2db11fffff
261251422001004,45,45,5,4349734,130292,Clear Rate,10,1,B,MI,882ab2db11fffff
261251422001005,45,45,11,4349734,130292,Clear Rate,10,1,B,MI,882ab2db11fffff
261251422001006,45,45,8,4349734,130292,Clear Rate,10,1,B,MI,882ab2db11fffff
261251422001007,45,45,6,4349734,130292,Clear Rate,10,1,B,MI,882ab2db11fffff
261251422002000,30,30,7,4349734,130292,Clear Rate,10,1,B,MI,882ab2db1bfffff
261251422002000,45,45,8,4349734,130292,Clear Rate,10,1,B,MI,882ab2db1bfffff
261251422002001,45,45,14,4349734,130292,Clear Rate,10,1,B,MI,882ab2db1bfffff
261251422002002,45,45,14,4349734,130292,Clear Rate,10,1,B,MI,882ab2db1bfffff
261251422002003,45,45,17,4349734,130292,Clear Rate,10,1,B,MI,882ab2db1bfffff
261251422002004,45,45,17,4349734,130292,Clear Rate,10,1,B,MI,882ab2db1bfffff
261251422002005,45,45,16,4349734,130292,Clear Rate,10,1,B,MI,882ab2db1bfffff
261251422002006,45,45,16,4349734,130292,Clear Rate,10,1,B,MI,882ab2db11fffff
261251422002007,45,45,9,4349734,130292,Clear Rate,10,1,B,MI,882ab2db11fffff
261251422002008,45,45,9,4349734,130292,Clear Rate,10,1,B,MI,882ab2db11fffff
261251422002009,45,45,17,4349734,130292,Clear Rate,10,1,B,MI,882ab2db11fffff
261251422002010,45,45,10,4349734,130292,Clear Rate,10,1,B,MI,882ab2db11fffff
261251422002010,80,80,1,4349734,130292,Clear Rate,10,1,B,MI,882ab2db11fffff
261251422002011,45,45,11,4349734,130292,Clear Rate,10,1,B,MI,882ab2db11fffff
261251422002012,45,45,15,4349734,130292,Clear Rate,10,1,B,MI,882ab2db13fffff
261251422002013,45,45,7,4349734,130292,Clear Rate,10,1,B,MI,882ab2db11fffff
261251422002014,45,45,12,4349734,130292,Clear Rate,10,1,B,MI,882ab2db11fffff
261251422002015,45,45,15,4349734,130292,Clear Rate,10,1,B,MI,882ab2db13fffff
261251422002016,45,45,16,4349734,130292,Clear Rate,10,1,B,MI,882ab2db13fffff
261251422002017,45,45,15,4349734,130292,Clear Rate,10,1,B,MI,882ab2db13fffff
261251422002018,45,45,12,4349734,130292,Clear Rate,10,1,B,MI,882ab2db13fffff
261251422002019,45,45,20,4349734,130292,Clear Rate,10,1,B,MI,882ab2db1bfffff
261251422002020,45,45,15,4349734,130292,Clear Rate,10,1,B,MI,882ab2db1bfffff
261251422002021,30,30,6,4349734,130292,Clear Rate,10,1,B,MI,882ab2db1bfffff
261251422002021,45,45,9,4349734,130292,Clear Rate,10,1,B,MI,882ab2db1bfffff
261251422002022,30,30,4,4349734,130292,Clear Rate,10,1,B,MI,882ab2db1bfffff
261251422002022,45,45,6,4349734,130292,Clear Rate,10,1,B,MI,882ab2db1bfffff
261251422002023,45,45,12,4349734,130292,Clear Rate,10,1,B,MI,882ab2db1bfffff
261251422002024,45,45,12,4349734,130292,Clear Rate,10,1,B,MI,882ab2db1bfffff
261251422002025,45,45,3,4349734,130292,Clear Rate,10,1,B,MI,882ab2db13fffff
261251422002026,45,45,1,4349734,130292,Clear Rate,10,1,B,MI,882ab2db13fffff
261251422002027,45,45,8,4349734,130292,Clear Rate,10,1,B,MI,882ab2db13fffff
261251422002028,45,45,10,4349734,130292,Clear Rate,10,1,B,MI,882ab2db13fffff
261251422002029,45,45,12,4349734,130292,Clear Rate,10,1,B,MI,882ab2db13fffff
261251422002030,45,45,9,4349734,130292,Clear Rate,10,1,B,MI,882ab2db13fffff
261251422002031,45,45,9,4349734,130292,Clear Rate,10,1,B,MI,882ab2db13fffff
261251422002032,45,45,14,4349734,130292,Clear Rate,10,1,B,MI,882ab2db17fffff
261251422002033,45,45,18,4349734,130292,Clear Rate,10,1,B,MI,882ab2db17fffff
261251422002034,45,45,17,4349734,130292,Clear Rate,10,1,B,MI,882ab2db13fffff
261251422002035,45,45,18,4349734,130292,Clear Rate,10,1,B,MI,882ab2db13fffff
261251422002036,45,45,19,4349734,130292,Clear Rate,10,1,B,MI,882ab2db13fffff
261251422002037,45,45,15,4349734,130292,Clear Rate,10,1,B,MI,882ab2db13fffff
261251422002038,45,45,16,4349734,130292,Clear Rate,10,1,B,MI,882ab2db13fffff
261251422002039,45,45,14,4349734,130292,Clear Rate,10,1,B,MI,882ab2db13fffff
261251422002040,45,45,13,4349734,130292,Clear Rate,10,1,B,MI,882ab2db13fffff
261251422002041,45,45,13,4349734,130292,Clear Rate,10,1,B,MI,882ab2db13fffff
261251422002042,45,45,17,4349734,130292,Clear Rate,10,1,B,MI,882ab2db1bfffff
261251422002043,45,45,19,4349734,130292,Clear Rate,10,1,B,MI,882ab2db1bfffff
261251422002044,30,30,3,4349734,130292,Clear Rate,10,1,B,MI,882ab2d84dfffff
261251422002044,45,45,9,4349734,130292,Clear Rate,10,1,B,MI,882ab2d84dfffff
261251422003000,45,45,2,4349734,130292,Clear Rate,10,1,B,MI,882ab2db17fffff
261251422003001,45,45,2,4349734,130292,Clear Rate,10,1,B,MI,882ab2db17fffff
261251422003001,80,80,5,4349734,130292,Clear Rate,10,1,B,MI,882ab2db17fffff
261251422003002,80,80,1,4349734,130292,Clear Rate,10,1,B,MI,882ab2db17fffff
261251422003003,80,80,2,4349734,130292,Clear Rate,10,1,B,MI,882ab2db17fffff
261251422003004,80,80,1,4349734,130292,Clear Rate,10,1,B,MI,882ab2db17fffff
261251422003006,80,80,3,4349734,130292,Clear Rate,10,1,B,MI,882ab2db17fffff
261251422003007,45,45,1,4349734,130292,Clear Rate,10,1,B,MI,882ab2db3bfffff
261251422003007,80,80,9,4349734,130292,Clear Rate,10,1,B,MI,882ab2db3bfffff
261251422003008,45,45,3,4349734,130292,Clear Rate,10,1,B,MI,882ab2db3bfffff
261251422003009,30,30,1,4349734,130292,Clear Rate,10,1,B,MI,882ab2db3bfffff
261251422003009,45,45,1,4349734,130292,Clear Rate,10,1,B,MI,882ab2db3bfffff
261251422003010,45,45,1,4349734,130292,Clear Rate,10,1,B,MI,882ab2db3bfffff
261251422003011,45,45,1,4349734,130292,Clear Rate,10,1,B,MI,882ab2db3bfffff
261251422003012,80,80,2,4349734,130292,Clear Rate,10,1,B,MI,882ab2db3bfffff
261251422003013,45,45,1,4349734,130292,Clear Rate,10,1,B,MI,882ab2db3bfffff
261251422003013,80,80,9,4349734,130292,Clear Rate,10,1,B,MI,882ab2db3bfffff
261251422003014,30,30,8,4349734,130292,Clear Rate,10,1,B,MI,882ab2db17fffff
261251422003014,80,80,3,4349734,130292,Clear Rate,10,1,B,MI,882ab2db17fffff
261251422003015,80,80,1,4349734,130292,Clear Rate,10,1,B,MI,882ab2db17fffff
261251422003016,45,45,2,4349734,130292,Clear Rate,10,1,B,MI,882ab2db17fffff
261251422003017,45,45,1,4349734,130292,Clear Rate,10,1,B,MI,882ab2db17fffff
261251422003018,45,45,1,4349734,130292,Clear Rate,10,1,B,MI,882ab2db17fffff
261251422003018,80,80,1,4349734,130292,Clear Rate,10,1,B,MI,882ab2db17fffff
261251422003019,45,45,11,4349734,130292,Clear Rate,10,1,B,MI,882ab2db17fffff
261251422003019,80,80,7,4349734,130292,Clear Rate,10,1,B,MI,882ab2db17fffff
261251422003020,45,45,11,4349734,130292,Clear Rate,10,1,B,MI,882ab2db17fffff
261251422003021,45,45,28,4349734,130292,Clear Rate,10,1,B,MI,882ab2db17fffff
261251422003024,30,30,2,4349734,130292,Clear Rate,10,1,B,MI,882ab2db17fffff
261251422003024,80,80,5,4349734,130292,Clear Rate,10,1,B,MI,882ab2db17fffff
261251422003025,45,45,3,4349734,130292,Clear Rate,10,1,B,MI,882ab2db17fffff
261251422003027,45,45,1,4349734,130292,Clear Rate,10,1,B,MI,882ab2db3bfffff
261251422003027,80,80,1,4349734,130292,Clear Rate,10,1,B,MI,882ab2db3bfffff
261251423001001,30,30,31,4349734,130292,Clear Rate,10,1,B,MI,882ab2db1bfffff
261251423001002,30,30,33,4349734,130292,Clear Rate,10,1,B,MI,882ab2da27fffff
261251423001003,30,30,34,4349734,130292,Clear Rate,10,1,B,MI,882ab2db1bfffff
261251423001004,30,30,11,4349734,130292,Clear Rate,10,1,B,MI,882ab2db1bfffff
261251423001007,30,30,3,4349734,130292,Clear Rate,10,1,B,MI,882ab2db1bfffff
261251423001009,30,30,10,4349734,130292,Clear Rate,10,1,B,MI,882ab2db1bfffff
261251423001010,30,30,8,4349734,130292,Clear Rate,10,1,B,MI,882ab2db1bfffff
261251423001011,30,30,7,4349734,130292,Clear Rate,10,1,B,MI,882ab2db1bfffff
261251423001012,30,30,11,4349734,130292,Clear Rate,10,1,B,MI,882ab2db1bfffff
261251423001013,30,30,1,4349734,130292,Clear Rate,10,1,B,MI,882ab2d84dfffff
261251423001014,30,30,2,4349734,130292,Clear Rate,10,1,B,MI,882ab2d84dfffff
261251423001015,30,30,3,4349734,130292,Clear Rate,10,1,B,MI,882ab2db1bfffff
261251423003004,30,30,7,4349734,130292,Clear Rate,10,1,B,MI,882ab2d845fffff
261251423003010,30,30,1,4349734,130292,Clear Rate,10,1,B,MI,882ab2d84dfffff
261251423003011,30,30,6,4349734,130292,Clear Rate,10,1,B,MI,882ab2d84dfffff
261251423003014,30,30,11,4349734,130292,Clear Rate,10,1,B,MI,882ab2d845fffff
261251424001000,45,45,22,4349734,130292,Clear Rate,10,1,B,MI,882ab2db17fffff
261251424001001,45,45,10,4349734,130292,Clear Rate,10,1,B,MI,882ab2db17fffff
261251424001002,80,80,1,4349734,130292,Clear Rate,10,1,B,MI,882ab2db17fffff
261251424001003,80,80,1,4349734,130292,Clear Rate,10,1,B,MI,882ab2db17fffff
261251424001004,80,80,1,4349734,130292,Clear Rate,10,1,B,MI,882ab2d86dfffff
261251424001005,45,45,16,4349734,130292,Clear Rate,10,1,B,MI,882ab2db17fffff
261251424001006,45,45,18,4349734,130292,Clear Rate,10,1,B,MI,882ab2db17fffff
261251424001007,45,45,14,4349734,130292,Clear Rate,10,1,B,MI,882ab2db17fffff
261251424001008,45,45,16,4349734,130292,Clear Rate,10,1,B,MI,882ab2d869fffff
261251424001009,80,80,1,4349734,130292,Clear Rate,10,1,B,MI,882ab2db17fffff
261251424001010,80,80,1,4349734,130292,Clear Rate,10,1,B,MI,882ab2db17fffff
261251424001012,45,45,2,4349734,130292,Clear Rate,10,1,B,MI,882ab2d869fffff
261251424001013,45,45,1,4349734,130292,Clear Rate,10,1,B,MI,882ab2d86dfffff
261251424001014,30,30,3,4349734,130292,Clear Rate,10,1,B,MI,882ab2d869fffff
261251424001014,45,45,5,4349734,130292,Clear Rate,10,1,B,MI,882ab2d86dfffff
261251424001015,30,30,10,4349734,130292,Clear Rate,10,1,B,MI,882ab2d869fffff
261251424001017,30,30,14,4349734,130292,Clear Rate,10,1,B,MI,882ab2d869fffff
261251424001018,30,30,22,4349734,130292,Clear Rate,10,1,B,MI,882ab2d869fffff
261251424001019,30,30,14,4349734,130292,Clear Rate,10,1,B,MI,882ab2d869fffff
261251424001019,45,45,1,4349734,130292,Clear Rate,10,1,B,MI,882ab2d869fffff
261251424001020,45,45,18,4349734,130292,Clear Rate,10,1,B,MI,882ab2d869fffff
261251424001021,45,45,28,4349734,130292,Clear Rate,10,1,B,MI,882ab2db17fffff
261251424001022,45,45,10,4349734,130292,Clear Rate,10,1,B,MI,882ab2db17fffff
261251424001023,45,45,18,4349734,130292,Clear Rate,10,1,B,MI,882ab2d869fffff
261251424001024,45,45,12,4349734,130292,Clear Rate,10,1,B,MI,882ab2d869fffff
261251424001025,45,45,16,4349734,130292,Clear Rate,10,1,B,MI,882ab2d869fffff
261251424001026,45,45,9,4349734,130292,Clear Rate,10,1,B,MI,882ab2d869fffff
261251424001027,45,45,10,4349734,130292,Clear Rate,10,1,B,MI,882ab2d869fffff
261251424001028,30,30,8,4349734,130292,Clear Rate,10,1,B,MI,882ab2d86bfffff
261251424001029,45,45,5,4349734,130292,Clear Rate,10,1,B,MI,882ab2d86dfffff
261251424002000,30,30,14,4349734,130292,Clear Rate,10,1,B,MI,882ab2d84dfffff
261251424002001,30,30,23,4349734,130292,Clear Rate,10,1,B,MI,882ab2d84dfffff
261251424002002,30,30,9,4349734,130292,Clear Rate,10,1,B,MI,882ab2db13fffff
261251424002003,45,45,3,4349734,130292,Clear Rate,10,1,B,MI,882ab2db13fffff
261251424002004,30,30,4,4349734,130292,Clear Rate,10,1,B,MI,882ab2db13fffff
261251424002004,45,45,7,4349734,130292,Clear Rate,10,1,B,MI,882ab2db13fffff
261251424002005,45,45,19,4349734,130292,Clear Rate,10,1,B,MI,882ab2db13fffff
261251424002006,30,30,4,4349734,130292,Clear Rate,10,1,B,MI,882ab2db13fffff
261251424002006,45,45,12,4349734,130292,Clear Rate,10,1,B,MI,882ab2db13fffff
261251424002007,30,30,19,4349734,130292,Clear Rate,10,1,B,MI,882ab2db13fffff
261251424002007,45,45,1,4349734,130292,Clear Rate,10,1,B,MI,882ab2db13fffff
261251424002008,30,30,8,4349734,130292,Clear Rate,10,1,B,MI,882ab2db13fffff
261251424002009,30,30,28,4349734,130292,Clear Rate,10,1,B,MI,882ab2d845fffff
261251424002010,30,30,25,4349734,130292,Clear Rate,10,1,B,MI,882ab2db13fffff
261251424002011,30,30,17,4349734,130292,Clear Rate,10,1,B,MI,882ab2db13fffff
261251424002011,45,45,5,4349734,130292,Clear Rate,10,1,B,MI,882ab2d869fffff
261251424002012,30,30,8,4349734,130292,Clear Rate,10,1,B,MI,882ab2db13fffff
261251424002013,30,30,28,4349734,130292,Clear Rate,10,1,B,MI,882ab2db13fffff
261251424002014,30,30,32,4349734,130292,Clear Rate,10,1,B,MI,882ab2d845fffff
261251424002015,30,30,35,4349734,130292,Clear Rate,10,1,B,MI,882ab2d845fffff
261251424002016,30,30,32,4349734,130292,Clear Rate,10,1,B,MI,882ab2d845fffff
261251424002017,30,30,50,4349734,130292,Clear Rate,10,1,B,MI,882ab2d84dfffff
261251424002018,30,30,47,4349734,130292,Clear Rate,10,1,B,MI,882ab2d84dfffff
261251424002019,30,30,30,4349734,130292,Clear Rate,10,1,B,MI,882ab2d845fffff
261251424002020,30,30,19,4349734,130292,Clear Rate,10,1,B,MI,882ab2d869fffff
261251424002020,45,45,4,4349734,130292,Clear Rate,10,1,B,MI,882ab2d869fffff
261251424002021,30,30,22,4349734,130292,Clear Rate,10,1,B,MI,882ab2d869fffff
261251424002021,45,45,6,4349734,130292,Clear Rate,10,1,B,MI,882ab2d869fffff
261251424003000,30,30,24,4349734,130292,Clear Rate,10,1,B,MI,882ab2d845fffff
261251424003001,30,30,15,4349734,130292,Clear Rate,10,1,B,MI,882ab2d845fffff
261251424003002,30,30,7,4349734,130292,Clear Rate,10,1,B,MI,882ab2d845fffff
261251424003003,30,30,19,4349734,130292,Clear Rate,10,1,B,MI,882ab2d845fffff
261251424003004,30,30,63,4349734,130292,Clear Rate,10,1,B,MI,882ab2d845fffff
261251424003005,30,30,10,4349734,130292,Clear Rate,10,1,B,MI,882ab2d845fffff
261251424003006,30,30,6,4349734,130292,Clear Rate,10,1,B,MI,882ab2d845fffff
261251424003007,30,30,6,4349734,130292,Clear Rate,10,1,B,MI,882ab2d845fffff
261251424003008,30,30,8,4349734,130292,Clear Rate,10,1,B,MI,882ab2d845fffff
261251424003009,30,30,7,4349734,130292,Clear Rate,10,1,B,MI,882ab2d869fffff
261251424003010,30,30,7,4349734,130292,Clear Rate,10,1,B,MI,882ab2d869fffff
261251424003011,30,30,10,4349734,130292,Clear Rate,10,1,B,MI,882ab2d869fffff
261251424003012,30,30,14,4349734,130292,Clear Rate,10,1,B,MI,882ab2d845fffff
261251424003013,30,30,16,4349734,130292,Clear Rate,10,1,B,MI,882ab2d845fffff
261251424003014,30,30,4,4349734,130292,Clear Rate,10,1,B,MI,882ab2d845fffff
261251424003015,30,30,7,4349734,130292,Clear Rate,10,1,B,MI,882ab2d845fffff
261251424003016,30,30,10,4349734,130292,Clear Rate,10,1,B,MI,882ab2d845fffff
261251424003017,30,30,25,4349734,130292,Clear Rate,10,1,B,MI,882ab2d845fffff
261251424003018,30,30,15,4349734,130292,Clear Rate,10,1,B,MI,882ab2d869fffff
261251424003019,30,30,12,4349734,130292,Clear Rate,10,1,B,MI,882ab2d86bfffff
261251424003021,30,30,11,4349734,130292,Clear Rate,10,1,B,MI,882ab2d845fffff
261251424003022,30,30,5,4349734,130292,Clear Rate,10,1,B,MI,882ab2d845fffff
261251425001000,30,30,3,4349734,130292,Clear Rate,10,1,B,MI,882ab2d86dfffff
261251425001000,45,45,10,4349734,130292,Clear Rate,10,1,B,MI,882ab2d86dfffff
261251425001001,45,45,8,4349734,130292,Clear Rate,10,1,B,MI,882ab2d86dfffff
261251425001003,30,30,6,4349734,130292,Clear Rate,10,1,B,MI,882ab2d86dfffff
261251425001003,45,45,10,4349734,130292,Clear Rate,10,1,B,MI,882ab2d86dfffff
261251425001005,30,30,14,4349734,130292,Clear Rate,10,1,B,MI,882ab2db33fffff
261251425001006,30,30,22,4349734,130292,Clear Rate,10,1,B,MI,882ab2db33fffff
261251425001007,30,30,10,4349734,130292,Clear Rate,10,1,B,MI,882ab2db33fffff
261251425001008,30,30,4,4349734,130292,Clear Rate,10,1,B,MI,882ab2db33fffff
261251425001009,30,30,8,4349734,130292,Clear Rate,10,1,B,MI,882ab2d86dfffff
261251425001009,45,45,5,4349734,130292,Clear Rate,10,1,B,MI,882ab2d86dfffff
261251425001010,30,30,14,4349734,130292,Clear Rate,10,1,B,MI,882ab2d86dfffff
261251425001011,30,30,2,4349734,130292,Clear Rate,10,1,B,MI,882ab2d86dfffff
261251425001012,30,30,6,4349734,130292,Clear Rate,10,1,B,MI,882ab2d86dfffff
261251425001013,30,30,4,4349734,130292,Clear Rate,10,1,B,MI,882ab2d86dfffff
261251425001014,30,30,7,4349734,130292,Clear Rate,10,1,B,MI,882ab2db33fffff
261251425001015,30,30,1,4349734,130292,Clear Rate,10,1,B,MI,882ab2d86dfffff
261251425001016,30,30,8,4349734,130292,Clear Rate,10,1,B,MI,882ab2db33fffff
261251425001017,30,30,22,4349734,130292,Clear Rate,10,1,B,MI,882ab2db33fffff
261251425001018,30,30,8,4349734,130292,Clear Rate,10,1,B,MI,882ab2d865fffff
261251425001021,30,30,21,4349734,130292,Clear Rate,10,1,B,MI,882ab2d865fffff
261251425001025,30,30,3,4349734,130292,Clear Rate,10,1,B,MI,882ab2d959fffff
261251425001026,30,30,3,4349734,130292,Clear Rate,10,1,B,MI,882ab2d959fffff
261251425001027,30,30,7,4349734,130292,Clear Rate,10,1,B,MI,882ab2d959fffff
261251425001029,30,30,2,4349734,130292,Clear Rate,10,1,B,MI,882ab2d861fffff
261251425001049,30,30,3,4349734,130292,Clear Rate,10,1,B,MI,882ab2db33fffff
261251426002000,30,30,28,4349734,130292,Clear Rate,10,1,B,MI,882ab2db37fffff
261251426002008,30,30,19,4349734,130292,Clear Rate,10,1,B,MI,882ab2db37fffff
261251426002014,30,30,9,4349734,130292,Clear Rate,10,1,B,MI,882ab2d959fffff
261251426003000,30,30,5,4349734,130292,Clear Rate,10,1,B,MI,882ab2db33fffff
261251426003005,30,30,8,4349734,130292,Clear Rate,10,1,B,MI,882ab2db37fffff
261251426003006,30,30,28,4349734,130292,Clear Rate,10,1,B,MI,882ab2db37fffff
261251426003007,30,30,20,4349734,130292,Clear Rate,10,1,B,MI,882ab2db37fffff
261251426003011,30,30,15,4349734,130292,Clear Rate,10,1,B,MI,882ab2db37fffff
261251426003012,30,30,15,4349734,130292,Clear Rate,10,1,B,MI,882ab2db37fffff
261251426003013,30,30,21,4349734,130292,Clear Rate,10,1,B,MI,882ab2db37fffff
261251426003014,30,30,30,4349734,130292,Clear Rate,10,1,B,MI,882ab2db37fffff
261251426003015,30,30,33,4349734,130292,Clear Rate,10,1,B,MI,882ab2db37fffff
261251426003016,30,30,25,4349734,130292,Clear Rate,10,1,B,MI,882ab2d959fffff
261251426003017,30,30,24,4349734,130292,Clear Rate,10,1,B,MI,882ab2d959fffff
261251426003018,30,30,22,4349734,130292,Clear Rate,10,1,B,MI,882ab2d959fffff
261251426003019,30,30,37,4349734,130292,Clear Rate,10,1,B,MI,882ab2d959fffff
261251426003020,30,30,35,4349734,130292,Clear Rate,10,1,B,MI,882ab2d959fffff
261251426003021,30,30,16,4349734,130292,Clear Rate,10,1,B,MI,882ab2db37fffff
261251426003022,30,30,5,4349734,130292,Clear Rate,10,1,B,MI,882ab2db33fffff
261251426003023,30,30,21,4349734,130292,Clear Rate,10,1,B,MI,882ab2db33fffff
261251426003024,30,30,7,4349734,130292,Clear Rate,10,1,B,MI,882ab2db33fffff
261251426004000,30,30,13,4349734,130292,Clear Rate,10,1,B,MI,882ab2d959fffff
261251426004001,30,30,43,4349734,130292,Clear Rate,10,1,B,MI,882ab2d959fffff
261251426004002,30,30,15,4349734,130292,Clear Rate,10,1,B,MI,882ab2d95dfffff
261251426004003,30,30,28,4349734,130292,Clear Rate,10,1,B,MI,882ab2d95dfffff
261251426004004,30,30,14,4349734,130292,Clear Rate,10,1,B,MI,882ab2d95dfffff
261251426004017,30,30,13,4349734,130292,Clear Rate,10,1,B,MI,882ab2d959fffff
261251427001000,30,30,13,4349734,130292,Clear Rate,10,1,B,MI,882ab2d861fffff
261251427001001,30,30,14,4349734,130292,Clear Rate,10,1,B,MI,882ab2d861fffff
261251427002000,30,30,3,4349734,130292,Clear Rate,10,1,B,MI,882ab2d86bfffff
261251427003004,30,30,1,4349734,130292,Clear Rate,10,1,B,MI,882ab2d86bfffff
261251427003005,30,30,1,4349734,130292,Clear Rate,10,1,B,MI,882ab2d861fffff
261251427003006,30,30,3,4349734,130292,Clear Rate,10,1,B,MI,882ab2d861fffff
261251427004000,30,30,2,4349734,130292,Clear Rate,10,1,B,MI,882ab2d86bfffff
261251427005000,45,45,1,4349734,130292,Clear Rate,10,1,B,MI,882ab2db3bfffff
261251427005000,80,80,6,4349734,130292,Clear Rate,10,1,B,MI,882ab2db3bfffff
261251427005002,30,30,1,4349734,130292,Clear Rate,10,1,B,MI,882ab2d86dfffff
261251427005002,45,45,7,4349734,130292,Clear Rate,10,1,B,MI,882ab2d86dfffff
261251427005003,30,30,1,4349734,130292,Clear Rate,10,1,B,MI,882ab2d869fffff
261251427005003,45,45,4,4349734,130292,Clear Rate,10,1,B,MI,882ab2d86dfffff
261251427005004,30,30,41,4349734,130292,Clear Rate,10,1,B,MI,882ab2d861fffff
261251427005004,45,45,3,4349734,130292,Clear Rate,10,1,B,MI,882ab2d86dfffff
261251427005005,30,30,22,4349734,130292,Clear Rate,10,1,B,MI,882ab2d861fffff
261251427005006,30,30,17,4349734,130292,Clear Rate,10,1,B,MI,882ab2d861fffff
261251427005007,30,30,20,4349734,130292,Clear Rate,10,1,B,MI,882ab2d861fffff
261251427005008,30,30,16,4349734,130292,Clear Rate,10,1,B,MI,882ab2d861fffff
261251427005009,30,30,24,4349734,130292,Clear Rate,10,1,B,MI,882ab2d861fffff
261251427005010,30,30,26,4349734,130292,Clear Rate,10,1,B,MI,882ab2d861fffff
261251427005011,30,30,20,4349734,130292,Clear Rate,10,1,B,MI,882ab2d861fffff
261251427005012,30,30,19,4349734,130292,Clear Rate,10,1,B,MI,882ab2d861fffff
261251427005013,30,30,23,4349734,130292,Clear Rate,10,1,B,MI,882ab2d861fffff
261251427005014,30,30,25,4349734,130292,Clear Rate,10,1,B,MI,882ab2d861fffff
261251427005015,30,30,25,4349734,130292,Clear Rate,10,1,B,MI,882ab2d861fffff
261251427005016,30,30,23,4349734,130292,Clear Rate,10,1,B,MI,882ab2d861fffff
261251427005017,30,30,13,4349734,130292,Clear Rate,10,1,B,MI,882ab2d861fffff
261251505001030,30,30,28,4349734,130292,Clear Rate,10,1,B,MI,882ab2d8ddfffff
261251505001035,30,30,4,4349734,130292,Clear Rate,10,1,B,MI,882ab2d8d1fffff
261251507002009,30,30,2,4349734,130292,Clear Rate,10,1,B,MI,882ab2d9bbfffff
261251507002015,30,30,2,4349734,130292,Clear Rate,10,1,B,MI,882ab2d9bbfffff
261251510002004,30,30,12,4349734,130292,Clear Rate,10,1,B,MI,882ab2d889fffff
261251510002005,30,30,10,4349734,130292,Clear Rate,10,1,B,MI,882ab2d881fffff
261251510002006,30,30,6,4349734,130292,Clear Rate,10,1,B,MI,882ab2d881fffff
261251510002007,30,30,12,4349734,130292,Clear Rate,10,1,B,MI,882ab2d881fffff
261251510002008,30,30,18,4349734,130292,Clear Rate,10,1,B,MI,882ab2d881fffff
261251510002012,30,30,20,4349734,130292,Clear Rate,10,1,B,MI,882ab2d881fffff
261251510002013,30,30,25,4349734,130292,Clear Rate,10,1,B,MI,882ab2d881fffff
261251510002014,30,30,25,4349734,130292,Clear Rate,10,1,B,MI,882ab2d881fffff
261251510002015,30,30,14,4349734,130292,Clear Rate,10,1,B,MI,882ab2d881fffff
261251520003021,30,30,1,4349734,130292,Clear Rate,10,1,B,MI,882ab2d8c3fffff
261251520003022,30,30,1,4349734,130292,Clear Rate,10,1,B,MI,882ab2d8c3fffff
261251526001000,30,30,11,4349734,130292,Clear Rate,10,1,B,MI,882ab2d8c3fffff
261251526001001,30,30,60,4349734,130292,Clear Rate,10,1,B,MI,882ab2d8d5fffff
261251526001002,30,30,4,4349734,130292,Clear Rate,10,1,B,MI,882ab2d8d5fffff
261251526001003,30,30,1,4349734,130292,Clear Rate,10,1,B,MI,882ab2d8d5fffff
261251526001008,30,30,25,4349734,130292,Clear Rate,10,1,B,MI,882ab2d88bfffff
261251526001009,30,30,10,4349734,130292,Clear Rate,10,1,B,MI,882ab2d88bfffff
261251526001009,80,80,12,4349734,130292,Clear Rate,10,1,B,MI,882ab2d88bfffff
261251526001010,30,30,36,4349734,130292,Clear Rate,10,1,B,MI,882ab2d88bfffff
261251526001011,30,30,14,4349734,130292,Clear Rate,10,1,B,MI,882ab2d8d5fffff
261251526001012,30,30,14,4349734,130292,Clear Rate,10,1,B,MI,882ab2d8d5fffff
261251526001013,45,45,17,4349734,130292,Clear Rate,10,1,B,MI,882ab2d8d5fffff
261251526001014,45,45,15,4349734,130292,Clear Rate,10,1,B,MI,882ab2d8d5fffff
261251526001015,45,45,35,4349734,130292,Clear Rate,10,1,B,MI,882ab2d8d7fffff
261251526001016,45,45,10,4349734,130292,Clear Rate,10,1,B,MI,882ab2d8d5fffff
261251526001017,30,30,45,4349734,130292,Clear Rate,10,1,B,MI,882ab2d88bfffff
261251526001018,30,30,43,4349734,130292,Clear Rate,10,1,B,MI,882ab2d8d7fffff
261251526001019,30,30,18,4349734,130292,Clear Rate,10,1,B,MI,882ab2d8d7fffff
261251526001020,30,30,35,4349734,130292,Clear Rate,10,1,B,MI,882ab2d8d7fffff
261251526001021,30,30,14,4349734,130292,Clear Rate,10,1,B,MI,882ab2d8d7fffff
261251526001021,45,45,2,4349734,130292,Clear Rate,10,1,B,MI,882ab2d8d7fffff
261251526001022,80,80,7,4349734,130292,Clear Rate,10,1,B,MI,882ab2d8d7fffff
261251526001023,80,80,6,4349734,130292,Clear Rate,10,1,B,MI,882ab2d8d7fffff
261251526001024,30,30,23,4349734,130292,Clear Rate,10,1,B,MI,882ab2d88bfffff
261251526001025,80,80,14,4349734,130292,Clear Rate,10,1,B,MI,882ab2d8d7fffff
261251526001026,80,80,4,4349734,130292,Clear Rate,10,1,B,MI,882ab2d8d7fffff
261251526001028,30,30,24,4349734,130292,Clear Rate,10,1,B,MI,882ab2d8d7fffff
261251526001029,30,30,9,4349734,130292,Clear Rate,10,1,B,MI,882ab2d8d7fffff
261251526001029,80,80,7,4349734,130292,Clear Rate,10,1,B,MI,882ab2d8d7fffff
261251526002001,30,30,14,4349734,130292,Clear Rate,10,1,B,MI,882ab2d889fffff
261251526002002,30,30,14,4349734,130292,Clear Rate,10,1,B,MI,882ab2d889fffff
261251526002003,30,30,17,4349734,130292,Clear Rate,10,1,B,MI,882ab2d889fffff
261251526002004,30,30,38,4349734,130292,Clear Rate,10,1,B,MI,882ab2d889fffff
261251526002005,30,30,12,4349734,130292,Clear Rate,10,1,B,MI,882ab2d889fffff
261251526002006,30,30,18,4349734,130292,Clear Rate,10,1,B,MI,882ab2d889fffff
261251526002007,30,30,13,4349734,130292,Clear Rate,10,1,B,MI,882ab2d889fffff
261251526002008,30,30,5,4349734,130292,Clear Rate,10,1,B,MI,882ab2d889fffff
261251526002009,30,30,7,4349734,130292,Clear Rate,10,1,B,MI,882ab2d881fffff
261251526002010,30,30,14,4349734,130292,Clear Rate,10,1,B,MI,882ab2d881fffff
261251526002011,30,30,24,4349734,130292,Clear Rate,10,1,B,MI,882ab2d881fffff
261251526002012,30,30,31,4349734,130292,Clear Rate,10,1,B,MI,882ab2d881fffff
261251526002013,30,30,17,4349734,130292,Clear Rate,10,1,B,MI,882ab2d88bfffff
261251526002014,30,30,48,4349734,130292,Clear Rate,10,1,B,MI,882ab2d881fffff
261251526002015,30,30,20,4349734,130292,Clear Rate,10,1,B,MI,882ab2d881fffff
261251526003000,30,30,4,4349734,130292,Clear Rate,10,1,B,MI,882ab2d8c3fffff
261251526003001,30,30,30,4349734,130292,Clear Rate,10,1,B,MI,882ab2d889fffff
261251526003003,30,30,11,4349734,130292,Clear Rate,10,1,B,MI,882ab2d889fffff
261251526003006,30,30,6,4349734,130292,Clear Rate,10,1,B,MI,882ab2d889fffff
261251526003007,30,30,21,4349734,130292,Clear Rate,10,1,B,MI,882ab2d889fffff
261251526003013,30,30,20,4349734,130292,Clear Rate,10,1,B,MI,882ab2d88bfffff
261251526003014,30,30,18,4349734,130292,Clear Rate,10,1,B,MI,882ab2d88bfffff
261251526003015,30,30,17,4349734,130292,Clear Rate,10,1,B,MI,882ab2d889fffff
261251526003016,30,30,26,4349734,130292,Clear Rate,10,1,B,MI,882ab2d88bfffff
261251526003017,30,30,27,4349734,130292,Clear Rate,10,1,B,MI,882ab2d88bfffff
261251526003018,30,30,28,4349734,130292,Clear Rate,10,1,B,MI,882ab2d88bfffff
261251526003019,30,30,28,4349734,130292,Clear Rate,10,1,B,MI,882ab2d88bfffff
261251526003020,30,30,25,4349734,130292,Clear Rate,10,1,B,MI,882ab2d88bfffff
261251526003021,30,30,25,4349734,130292,Clear Rate,10,1,B,MI,882ab2d88bfffff
261251526003022,30,30,24,4349734,130292,Clear Rate,10,1,B,MI,882ab2d883fffff
261251526003023,30,30,28,4349734,130292,Clear Rate,10,1,B,MI,882ab2d88bfffff
261251527001000,30,30,14,4349734,130292,Clear Rate,10,1,B,MI,882ab2d89dfffff
261251527001001,30,30,15,4349734,130292,Clear Rate,10,1,B,MI,882ab2d895fffff
261251527001012,30,30,5,4349734,130292,Clear Rate,10,1,B,MI,882ab2d895fffff
261251527001014,30,30,1,4349734,130292,Clear Rate,10,1,B,MI,882ab2d895fffff
261251527001015,30,30,16,4349734,130292,Clear Rate,10,1,B,MI,882ab2d895fffff
261251527001016,30,30,21,4349734,130292,Clear Rate,10,1,B,MI,882ab2d891fffff
261251527001019,30,30,13,4349734,130292,Clear Rate,10,1,B,MI,882ab2d891fffff
261251527001020,30,30,18,4349734,130292,Clear Rate,10,1,B,MI,882ab2d891fffff
261251527001021,30,30,15,4349734,130292,Clear Rate,10,1,B,MI,882ab2d891fffff
261251527001022,30,30,19,4349734,130292,Clear Rate,10,1,B,MI,882ab2d891fffff
261251527001023,30,30,23,4349734,130292,Clear Rate,10,1,B,MI,882ab2d891fffff
261251527001024,30,30,18,4349734,130292,Clear Rate,10,1,B,MI,882ab2d891fffff
261251527001025,30,30,17,4349734,130292,Clear Rate,10,1,B,MI,882ab2d891fffff
261251527002003,30,30,22,4349734,130292,Clear Rate,10,1,B,MI,882ab2d887fffff
261251527003000,30,30,4,4349734,130292,Clear Rate,10,1,B,MI,882ab2d89dfffff
261251527003000,80,80,73,4349734,130292,Clear Rate,10,1,B,MI,882ab2d89dfffff
261251527003002,30,30,10,4349734,130292,Clear Rate,10,1,B,MI,882ab2d89dfffff
261251527003002,80,80,6,4349734,130292,Clear Rate,10,1,B,MI,882ab2d89dfffff
261251527003003,30,30,24,4349734,130292,Clear Rate,10,1,B,MI,882ab2d89dfffff
261251527003004,30,30,30,4349734,130292,Clear Rate,10,1,B,MI,882ab2d89dfffff
261251527003005,30,30,32,4349734,130292,Clear Rate,10,1,B,MI,882ab2d88bfffff
261251527003006,30,30,14,4349734,130292,Clear Rate,10,1,B,MI,882ab2d88bfffff
261251527003007,30,30,51,4349734,130292,Clear Rate,10,1,B,MI,882ab2d895fffff
261251527003009,30,30,20,4349734,130292,Clear Rate,10,1,B,MI,882ab2d89dfffff
261251529001000,45,45,1,4349734,130292,Clear Rate,10,1,B,MI,882ab2c32dfffff
261251529001001,30,30,30,4349734,130292,Clear Rate,10,1,B,MI,882ab2c321fffff
261251529001002,30,30,5,4349734,130292,Clear Rate,10,1,B,MI,882ab2c32dfffff
261251529001005,30,30,6,4349734,130292,Clear Rate,10,1,B,MI,882ab2c32dfffff
261251529001006,30,30,4,4349734,130292,Clear Rate,10,1,B,MI,882ab2c32dfffff
261251529001007,30,30,11,4349734,130292,Clear Rate,10,1,B,MI,882ab2c32dfffff
261251529001007,45,45,1,4349734,130292,Clear Rate,10,1,B,MI,882ab2c32dfffff
261251529001008,30,30,13,4349734,130292,Clear Rate,10,1,B,MI,882ab2c32dfffff
261251529001008,45,45,1,4349734,130292,Clear Rate,10,1,B,MI,882ab2c32dfffff
261251529001009,30,30,26,4349734,130292,Clear Rate,10,1,B,MI,882ab2c32dfffff
261251529001010,30,30,26,4349734,130292,Clear Rate,10,1,B,MI,882ab2c32dfffff
261251529001011,30,30,56,4349734,130292,Clear Rate,10,1,B,MI,882ab2c325fffff
261251529001012,30,30,57,4349734,130292,Clear Rate,10,1,B,MI,882ab2c325fffff
261251529001013,30,30,55,4349734,130292,Clear Rate,10,1,B,MI,882ab2c325fffff
261251529001016,30,30,21,4349734,130292,Clear Rate,10,1,B,MI,882ab2c325fffff
261251529001017,30,30,27,4349734,130292,Clear Rate,10,1,B,MI,882ab2c321fffff
261251529002000,45,45,44,4349734,130292,Clear Rate,10,1,B,MI,882ab2d8d3fffff
261251529002001,80,80,19,4349734,130292,Clear Rate,10,1,B,MI,882ab2d8d3fffff
261251529002002,80,80,9,4349734,130292,Clear Rate,10,1,B,MI,882ab2d8d3fffff
261251529002004,80,80,5,4349734,130292,Clear Rate,10,1,B,MI,882ab2d8d3fffff
261251529002005,80,80,8,4349734,130292,Clear Rate,10,1,B,MI,882ab2d8d3fffff
261251529002007,45,45,2,4349734,130292,Clear Rate,10,1,B,MI,882ab2d8d3fffff
261251529002008,45,45,2,4349734,130292,Clear Rate,10,1,B,MI,882ab2d8d3fffff
261251529002009,45,45,3,4349734,130292,Clear Rate,10,1,B,MI,882ab2d8d3fffff
261251529002010,45,45,28,4349734,130292,Clear Rate,10,1,B,MI,882ab2d8d3fffff
261251529002011,45,45,36,4349734,130292,Clear Rate,10,1,B,MI,882ab2d8d3fffff
261251529002012,45,45,19,4349734,130292,Clear Rate,10,1,B,MI,882ab2c32dfffff
261251529002013,45,45,61,4349734,130292,Clear Rate,10,1,B,MI,882ab2d8d3fffff
261251529002014,45,45,28,4349734,130292,Clear Rate,10,1,B,MI,882ab2d8d3fffff
261251529002015,45,45,15,4349734,130292,Clear Rate,10,1,B,MI,882ab2d8d3fffff
261251529002017,80,80,1,4349734,130292,Clear Rate,10,1,B,MI,882ab2d8d3fffff
261251529002018,80,80,1,4349734,130292,Clear Rate,10,1,B,MI,882ab2d8d3fffff
261251529002019,30,30,48,4349734,130292,Clear Rate,10,1,B,MI,882ab2c325fffff
261251529002020,30,30,47,4349734,130292,Clear Rate,10,1,B,MI,882ab2c325fffff
261251529002021,30,30,34,4349734,130292,Clear Rate,10,1,B,MI,882ab2c32dfffff
261251529002021,45,45,9,4349734,130292,Clear Rate,10,1,B,MI,882ab2c32dfffff
261251529002022,45,45,2,4349734,130292,Clear Rate,10,1,B,MI,882ab2c325fffff
261251529002023,45,45,8,4349734,130292,Clear Rate,10,1,B,MI,882ab2d8d3fffff
261251529002024,45,45,1,4349734,130292,Clear Rate,10,1,B,MI,882ab2d8d3fffff
261251529002025,45,45,1,4349734,130292,Clear Rate,10,1,B,MI,882ab2d8d3fffff
261251529002026,30,30,3,4349734,130292,Clear Rate,10,1,B,MI,882ab2c325fffff
261251529002027,30,30,54,4349734,130292,Clear Rate,10,1,B,MI,882ab2c325fffff
261251529002028,30,30,58,4349734,130292,Clear Rate,10,1,B,MI,882ab2c325fffff
261251529002029,30,30,7,4349734,130292,Clear Rate,10,1,B,MI,882ab2c325fffff
261251529002030,30,30,3,4349734,130292,Clear Rate,10,1,B,MI,882ab2c325fffff
261251529002032,30,30,1,4349734,130292,Clear Rate,10,1,B,MI,882ab2c325fffff
261251529002034,30,30,9,4349734,130292,Clear Rate,10,1,B,MI,882ab2c325fffff
261251529003001,30,30,57,4349734,130292,Clear Rate,10,1,B,MI,882ab2c325fffff
261251529003003,30,30,58,4349734,130292,Clear Rate,10,1,B,MI,882ab2c325fffff
261251529003004,30,30,47,4349734,130292,Clear Rate,10,1,B,MI,882ab2c325fffff
261251529003005,30,30,23,4349734,130292,Clear Rate,10,1,B,MI,882ab2c325fffff
261251529003006,45,45,38,4349734,130292,Clear Rate,10,1,B,MI,882ab2c325fffff
261251529003007,45,45,26,4349734,130292,Clear Rate,10,1,B,MI,882ab2c325fffff
261251529003008,45,45,17,4349734,130292,Clear Rate,10,1,B,MI,882ab2c325fffff
261251529003009,45,45,21,4349734,130292,Clear Rate,10,1,B,MI,882ab2c325fffff
261251529003010,45,45,23,4349734,130292,Clear Rate,10,1,B,MI,882ab2c325fffff
261251529003011,45,45,16,4349734,130292,Clear Rate,10,1,B,MI,882ab2c325fffff
261251529003012,45,45,13,4349734,130292,Clear Rate,10,1,B,MI,882ab2c325fffff
261251529003017,45,45,3,4349734,130292,Clear Rate,10,1,B,MI,882ab2c327fffff
261251529003018,45,45,3,4349734,130292,Clear Rate,10,1,B,MI,882ab2c327fffff
261251529003019,45,45,17,4349734,130292,Clear Rate,10,1,B,MI,882ab2c327fffff
261251529003020,45,45,14,4349734,130292,Clear Rate,10,1,B,MI,882ab2c327fffff
261251530001000,30,30,32,4349734,130292,Clear Rate,10,1,B,MI,882ab2d8dbfffff
261251530001001,30,30,19,4349734,130292,Clear Rate,10,1,B,MI,882ab2d8dbfffff
261251530001002,30,30,42,4349734,130292,Clear Rate,10,1,B,MI,882ab2d8dbfffff
261251530001003,30,30,12,4349734,130292,Clear Rate,10,1,B,MI,882ab2d8dbfffff
261251530001006,30,30,32,4349734,130292,Clear Rate,10,1,B,MI,882ab2d8dbfffff
261251530001007,30,30,31,4349734,130292,Clear Rate,10,1,B,MI,882ab2d8dbfffff
261251530001008,30,30,22,4349734,130292,Clear Rate,10,1,B,MI,882ab2d8dbfffff
261251530001009,30,30,28,4349734,130292,Clear Rate,10,1,B,MI,882ab2d8dbfffff
261251530001011,30,30,16,4349734,130292,Clear Rate,10,1,B,MI,882ab2c32dfffff
261251530001012,30,30,1,4349734,130292,Clear Rate,10,1,B,MI,882ab2d8dbfffff
261251530002000,30,30,64,4349734,130292,Clear Rate,10,1,B,MI,882ab2c367fffff
261251530002001,30,30,32,4349734,130292,Clear Rate,10,1,B,MI,882ab2c367fffff
261251530002002,30,30,34,4349734,130292,Clear Rate,10,1,B,MI,882ab2c367fffff
261251530002003,30,30,33,4349734,130292,Clear Rate,10,1,B,MI,882ab2c367fffff
261251530002004,30,30,32,4349734,130292,Clear Rate,10,1,B,MI,882ab2c367fffff
261251530002005,30,30,33,4349734,130292,Clear Rate,10,1,B,MI,882ab2c367fffff
261251530002006,30,30,33,4349734,130292,Clear Rate,10,1,B,MI,882ab2c367fffff
261251530002007,30,30,34,4349734,130292,Clear Rate,10,1,B,MI,882ab2c367fffff
261251530002008,30,30,30,4349734,130292,Clear Rate,10,1,B,MI,882ab2c367fffff
261251530002009,30,30,22,4349734,130292,Clear Rate,10,1,B,MI,882ab2c367fffff
261251530002010,30,30,26,4349734,130292,Clear Rate,10,1,B,MI,882ab2c367fffff
261251530002011,30,30,16,4349734,130292,Clear Rate,10,1,B,MI,882ab2c367fffff
261251530002012,30,30,21,4349734,130292,Clear Rate,10,1,B,MI,882ab2c367fffff
261251531002000,30,30,6,4349734,130292,Clear Rate,10,1,B,MI,882ab2d8dbfffff
261251531002001,30,30,15,4349734,130292,Clear Rate,10,1,B,MI,882ab2d8d1fffff
261251531002002,30,30,14,4349734,130292,Clear Rate,10,1,B,MI,882ab2d8d1fffff
261251531002003,30,30,2,4349734,130292,Clear Rate,10,1,B,MI,882ab2d8d1fffff
261251531002004,30,30,7,4349734,130292,Clear Rate,10,1,B,MI,882ab2d8d1fffff
261251531002006,30,30,1,4349734,130292,Clear Rate,10,1,B,MI,882ab2d8d1fffff
261251531002008,45,45,2,4349734,130292,Clear Rate,10,1,B,MI,882ab2d8d7fffff
261251531002010,30,30,9,4349734,130292,Clear Rate,10,1,B,MI,882ab2d8d1fffff
261251531002011,30,30,8,4349734,130292,Clear Rate,10,1,B,MI,882ab2d8d1fffff
261251531002012,30,30,8,4349734,130292,Clear Rate,10,1,B,MI,882ab2d8d3fffff
261251531002014,30,30,9,4349734,130292,Clear Rate,10,1,B,MI,882ab2d8d3fffff
261251531002015,30,30,10,4349734,130292,Clear Rate,10,1,B,MI,882ab2d8d3fffff
261251531002016,30,30,9,4349734,130292,Clear Rate,10,1,B,MI,882ab2d8d3fffff
261251531002017,30,30,9,4349734,130292,Clear Rate,10,1,B,MI,882ab2d8d1fffff
261251531002018,30,30,8,4349734,130292,Clear Rate,10,1,B,MI,882ab2d8d1fffff
261251531002019,30,30,10,4349734,130292,Clear Rate,10,1,B,MI,882ab2d8d3fffff
261251531002020,30,30,21,4349734,130292,Clear Rate,10,1,B,MI,882ab2d8d3fffff
261251531002020,80,80,10,4349734,130292,Clear Rate,10,1,B,MI,882ab2d8d3fffff
261251531002021,30,30,13,4349734,130292,Clear Rate,10,1,B,MI,882ab2d8d3fffff
261251531002022,30,30,18,4349734,130292,Clear Rate,10,1,B,MI,882ab2d8d3fffff
261251531002024,30,30,10,4349734,130292,Clear Rate,10,1,B,MI,882ab2d8d3fffff
261251531002025,30,30,17,4349734,130292,Clear Rate,10,1,B,MI,882ab2d8d3fffff
261251531002026,80,80,13,4349734,130292,Clear Rate,10,1,B,MI,882ab2d8d3fffff
261251531002027,80,80,8,4349734,130292,Clear Rate,10,1,B,MI,882ab2d8d3fffff
261251531002028,30,30,16,4349734,130292,Clear Rate,10,1,B,MI,882ab2d8d7fffff
261251531002028,45,45,12,4349734,130292,Clear Rate,10,1,B,MI,882ab2d8d7fffff
261251531002029,30,30,3,4349734,130292,Clear Rate,10,1,B,MI,882ab2d8d1fffff
261251531002029,45,45,32,4349734,130292,Clear Rate,10,1,B,MI,882ab2d8d7fffff
261251531002030,45,45,12,4349734,130292,Clear Rate,10,1,B,MI,882ab2d8d7fffff
261251531002031,45,45,8,4349734,130292,Clear Rate,10,1,B,MI,882ab2d8d7fffff
261251531002032,45,45,6,4349734,130292,Clear Rate,10,1,B,MI,882ab2d8d7fffff
261251531002033,45,45,21,4349734,130292,Clear Rate,10,1,B,MI,882ab2d8d7fffff
261251531002034,45,45,10,4349734,130292,Clear Rate,10,1,B,MI,882ab2d8d7fffff
261251531002037,45,45,5,4349734,130292,Clear Rate,10,1,B,MI,882ab2d8d7fffff
261251531002038,45,45,1,4349734,130292,Clear Rate,10,1,B,MI,882ab2d8d7fffff
261251531002039,80,80,13,4349734,130292,Clear Rate,10,1,B,MI,882ab2d8d3fffff
261251531003001,45,45,75,4349734,130292,Clear Rate,10,1,B,MI,882ab2c32dfffff
261251531003002,45,45,20,4349734,130292,Clear Rate,10,1,B,MI,882ab2c32dfffff
261251531003003,45,45,20,4349734,130292,Clear Rate,10,1,B,MI,882ab2d8dbfffff
261251531003004,45,45,20,4349734,130292,Clear Rate,10,1,B,MI,882ab2d8dbfffff
261251531003005,45,45,20,4349734,130292,Clear Rate,10,1,B,MI,882ab2d8d3fffff
261251531003006,45,45,19,4349734,130292,Clear Rate,10,1,B,MI,882ab2d8d3fffff
261251531003007,45,45,20,4349734,130292,Clear Rate,10,1,B,MI,882ab2d8d3fffff
261251532001000,80,80,2,4349734,130292,Clear Rate,10,1,B,MI,882ab2d8d7fffff
261251532001001,80,80,4,4349734,130292,Clear Rate,10,1,B,MI,882ab2d8d7fffff
261251532001002,80,80,15,4349734,130292,Clear Rate,10,1,B,MI,882ab2d8d7fffff
261251532001003,80,80,15,4349734,130292,Clear Rate,10,1,B,MI,882ab2d8d7fffff
261251532001004,45,45,29,4349734,130292,Clear Rate,10,1,B,MI,882ab2d89dfffff
261251532001005,45,45,26,4349734,130292,Clear Rate,10,1,B,MI,882ab2d899fffff
261251532001006,45,45,22,4349734,130292,Clear Rate,10,1,B,MI,882ab2d899fffff
261251532001007,45,45,7,4349734,130292,Clear Rate,10,1,B,MI,882ab2d899fffff
261251532001008,45,45,14,4349734,130292,Clear Rate,10,1,B,MI,882ab2d899fffff
261251532001009,45,45,19,4349734,130292,Clear Rate,10,1,B,MI,882ab2d89dfffff
261251532001010,45,45,35,4349734,130292,Clear Rate,10,1,B,MI,882ab2d89dfffff
261251532001011,45,45,21,4349734,130292,Clear Rate,10,1,B,MI,882ab2d899fffff
261251532001012,45,45,7,4349734,130292,Clear Rate,10,1,B,MI,882ab2d899fffff
261251532001012,80,80,21,4349734,130292,Clear Rate,10,1,B,MI,882ab2d899fffff
261251532001013,45,45,2,4349734,130292,Clear Rate,10,1,B,MI,882ab2d899fffff
261251532001013,80,80,14,4349734,130292,Clear Rate,10,1,B,MI,882ab2d899fffff
261251532001014,45,45,35,4349734,130292,Clear Rate,10,1,B,MI,882ab2d899fffff
261251532001014,80,80,2,4349734,130292,Clear Rate,10,1,B,MI,882ab2d89dfffff
261251532002000,80,80,14,4349734,130292,Clear Rate,10,1,B,MI,882ab2d8d3fffff
261251532002001,80,80,8,4349734,130292,Clear Rate,10,1,B,MI,882ab2d8d7fffff
261251532002002,80,80,5,4349734,130292,Clear Rate,10,1,B,MI,882ab2d8d7fffff
261251532002003,80,80,2,4349734,130292,Clear Rate,10,1,B,MI,882ab2d8d7fffff
261251532002004,80,80,1,4349734,130292,Clear Rate,10,1,B,MI,882ab2d8d7fffff
261251532002006,80,80,1,4349734,130292,Clear Rate,10,1,B,MI,882ab2d8d7fffff
261251532002007,80,80,2,4349734,130292,Clear Rate,10,1,B,MI,882ab2d8d7fffff
261251532002008,80,80,2,4349734,130292,Clear Rate,10,1,B,MI,882ab2d8d3fffff
261251532002009,80,80,6,4349734,130292,Clear Rate,10,1,B,MI,882ab2d899fffff
261251532002010,80,80,19,4349734,130292,Clear Rate,10,1,B,MI,882ab2d899fffff
261251532002011,45,45,23,4349734,130292,Clear Rate,10,1,B,MI,882ab2d899fffff
261251532002012,80,80,3,4349734,130292,Clear Rate,10,1,B,MI,882ab2d8d7fffff
261251532002013,80,80,6,4349734,130292,Clear Rate,10,1,B,MI,882ab2d8d7fffff
261251532002015,80,80,2,4349734,130292,Clear Rate,10,1,B,MI,882ab2d8d7fffff
261251532002016,80,80,7,4349734,130292,Clear Rate,10,1,B,MI,882ab2d899fffff
261251532002017,45,45,20,4349734,130292,Clear Rate,10,1,B,MI,882ab2d899fffff
261251532002018,45,45,22,4349734,130292,Clear Rate,10,1,B,MI,882ab2d899fffff
261251532002019,30,30,7,4349734,130292,Clear Rate,10,1,B,MI,882ab2d899fffff
261251532002019,80,80,1,4349734,130292,Clear Rate,10,1,B,MI,882ab2d899fffff
261251532002020,80,80,26,4349734,130292,Clear Rate,10,1,B,MI,882ab2d899fffff
261251532002021,80,80,19,4349734,130292,Clear Rate,10,1,B,MI,882ab2d899fffff
261251532002022,45,45,21,4349734,130292,Clear Rate,10,1,B,MI,882ab2d8d3fffff
261251532002023,45,45,17,4349734,130292,Clear Rate,10,1,B,MI,882ab2d899fffff
261251532002024,45,45,14,4349734,130292,Clear Rate,10,1,B,MI,882ab2d899fffff
261251532002024,80,80,1,4349734,130292,Clear Rate,10,1,B,MI,882ab2d899fffff
261251532002025,30,30,1,4349734,130292,Clear Rate,10,1,B,MI,882ab2d899fffff
261251532002025,45,45,31,4349734,130292,Clear Rate,10,1,B,MI,882ab2d899fffff
261251532002026,30,30,23,4349734,130292,Clear Rate,10,1,B,MI,882ab2d899fffff
261251532002026,45,45,10,4349734,130292,Clear Rate,10,1,B,MI,882ab2d899fffff
261251532002027,30,30,17,4349734,130292,Clear Rate,10,1,B,MI,882ab2d899fffff
261251532002028,80,80,38,4349734,130292,Clear Rate,10,1,B,MI,882ab2d899fffff
261251532002029,80,80,38,4349734,130292,Clear Rate,10,1,B,MI,882ab2d899fffff
261251532002030,45,45,12,4349734,130292,Clear Rate,10,1,B,MI,882ab2d899fffff
261251532002031,80,80,29,4349734,130292,Clear Rate,10,1,B,MI,882ab2d899fffff
261251533001000,45,45,29,4349734,130292,Clear Rate,10,1,B,MI,882ab2d899fffff
261251533001001,45,45,14,4349734,130292,Clear Rate,10,1,B,MI,882ab2d899fffff
261251533001002,45,45,14,4349734,130292,Clear Rate,10,1,B,MI,882ab2d899fffff
261251533001003,45,45,14,4349734,130292,Clear Rate,10,1,B,MI,882ab2d89dfffff
261251533001004,45,45,14,4349734,130292,Clear Rate,10,1,B,MI,882ab2d89dfffff
261251533001005,45,45,9,4349734,130292,Clear Rate,10,1,B,MI,882ab2d891fffff
261251533001006,45,45,24,4349734,130292,Clear Rate,10,1,B,MI,882ab2d891fffff
261251533001007,45,45,30,4349734,130292,Clear Rate,10,1,B,MI,882ab2d891fffff
261251533001008,45,45,34,4349734,130292,Clear Rate,10,1,B,MI,882ab2d891fffff
261251533001009,45,45,38,4349734,130292,Clear Rate,10,1,B,MI,882ab2d899fffff
261251533001010,30,30,34,4349734,130292,Clear Rate,10,1,B,MI,882ab2d891fffff
261251533001011,30,30,32,4349734,130292,Clear Rate,10,1,B,MI,882ab2d891fffff
261251533001012,30,30,30,4349734,130292,Clear Rate,10,1,B,MI,882ab2d891fffff
261251533001013,30,30,32,4349734,130292,Clear Rate,10,1,B,MI,882ab2d891fffff
261251533001014,30,30,28,4349734,130292,Clear Rate,10,1,B,MI,882ab2d891fffff
261251533002000,30,30,18,4349734,130292,Clear Rate,10,1,B,MI,882ab2d899fffff
261251533002001,30,30,41,4349734,130292,Clear Rate,10,1,B,MI,882ab2d89bfffff
261251533002002,30,30,48,4349734,130292,Clear Rate,10,1,B,MI,882ab2d89bfffff
261251533002003,45,45,26,4349734,130292,Clear Rate,10,1,B,MI,882ab2d899fffff
261251533002004,45,45,28,4349734,130292,Clear Rate,10,1,B,MI,882ab2d899fffff
261251533002005,45,45,25,4349734,130292,Clear Rate,10,1,B,MI,882ab2d899fffff
261251533002006,45,45,39,4349734,130292,Clear Rate,10,1,B,MI,882ab2d899fffff
261251533002007,45,45,37,4349734,130292,Clear Rate,10,1,B,MI,882ab2d89bfffff
261251533002008,45,45,36,4349734,130292,Clear Rate,10,1,B,MI,882ab2d89bfffff
261251533002009,30,30,24,4349734,130292,Clear Rate,10,1,B,MI,882ab2d89bfffff
261251533002010,30,30,23,4349734,130292,Clear Rate,10,1,B,MI,882ab2d89bfffff
261251533002011,30,30,22,4349734,130292,Clear Rate,10,1,B,MI,882ab2d899fffff
261251533002012,30,30,26,4349734,130292,Clear Rate,10,1,B,MI,882ab2d89bfffff
261251533002014,30,30,33,4349734,130292,Clear Rate,10,1,B,MI,882ab2d89bfffff
261251533002015,30,30,32,4349734,130292,Clear Rate,10,1,B,MI,882ab2d891fffff
261251533002016,30,30,37,4349734,130292,Clear Rate,10,1,B,MI,882ab2d891fffff
261251533002017,30,30,19,4349734,130292,Clear Rate,10,1,B,MI,882ab2d89bfffff
261251533002018,30,30,15,4349734,130292,Clear Rate,10,1,B,MI,882ab2d89bfffff
261251533002019,30,30,24,4349734,130292,Clear Rate,10,1,B,MI,882ab2d89bfffff
261251533003001,30,30,39,4349734,130292,Clear Rate,10,1,B,MI,882ab2c325fffff
261251533003002,30,30,94,4349734,130292,Clear Rate,10,1,B,MI,882ab2c325fffff
261251533003004,30,30,8,4349734,130292,Clear Rate,10,1,B,MI,882ab2c325fffff
261251533003005,30,30,48,4349734,130292,Clear Rate,10,1,B,MI,882ab2c325fffff
261251533003006,30,30,47,4349734,130292,Clear Rate,10,1,B,MI,882ab2c325fffff
261251533003007,30,30,20,4349734,130292,Clear Rate,10,1,B,MI,882ab2c325fffff
261251533003008,30,30,117,4349734,130292,Clear Rate,10,1,B,MI,882ab2c325fffff
261251533003009,30,30,30,4349734,130292,Clear Rate,10,1,B,MI,882ab2c325fffff
261251533003010,30,30,45,4349734,130292,Clear Rate,10,1,B,MI,882ab2c325fffff
261251533003011,30,30,46,4349734,130292,Clear Rate,10,1,B,MI,882ab2d89bfffff
261251533003012,30,30,46,4349734,130292,Clear Rate,10,1,B,MI,882ab2d89bfffff
261251533003013,30,30,55,4349734,130292,Clear Rate,10,1,B,MI,882ab2d89bfffff
261251569001000,45,45,22,4349734,130292,Clear Rate,10,1,B,MI,882ab2d9b5fffff
261251569001001,45,45,31,4349734,130292,Clear Rate,10,1,B,MI,882ab2d9b5fffff
261251569001002,45,45,21,4349734,130292,Clear Rate,10,1,B,MI,882ab2d9b5fffff
261251569001003,45,45,21,4349734,130292,Clear Rate,10,1,B,MI,882ab2d9b5fffff
261251569001004,45,45,28,4349734,130292,Clear Rate,10,1,B,MI,882ab2d9b7fffff
261251569001005,45,45,24,4349734,130292,Clear Rate,10,1,B,MI,882ab2cb4bfffff
261251569001006,45,45,28,4349734,130292,Clear Rate,10,1,B,MI,882ab2cb4bfffff
261251569001007,45,45,4,4349734,130292,Clear Rate,10,1,B,MI,882ab2cb4bfffff
261251569001008,45,45,18,4349734,130292,Clear Rate,10,1,B,MI,882ab2cb4bfffff
261251569001009,45,45,30,4349734,130292,Clear Rate,10,1,B,MI,882ab2cb4bfffff
261251569001010,45,45,18,4349734,130292,Clear Rate,10,1,B,MI,882ab2d9b5fffff
261251569001011,45,45,20,4349734,130292,Clear Rate,10,1,B,MI,882ab2d9b5fffff
261251569001012,45,45,29,4349734,130292,Clear Rate,10,1,B,MI,882ab2d9b5fffff
261251569001013,45,45,28,4349734,130292,Clear Rate,10,1,B,MI,882ab2cb4bfffff
261251569001014,45,45,28,4349734,130292,Clear Rate,10,1,B,MI,882ab2d9b7fffff
261251569001015,45,45,15,4349734,130292,Clear Rate,10,1,B,MI,882ab2d9b7fffff
261251569001016,45,45,14,4349734,130292,Clear Rate,10,1,B,MI,882ab2cb4bfffff
261251569001017,45,45,17,4349734,130292,Clear Rate,10,1,B,MI,882ab2cb4bfffff
261251569001018,45,45,3,4349734,130292,Clear Rate,10,1,B,MI,882ab2cb4bfffff
261251569001019,45,45,44,4349734,130292,Clear Rate,10,1,B,MI,882ab2cb5dfffff
261251569001020,45,45,9,4349734,130292,Clear Rate,10,1,B,MI,882ab2cb5dfffff
261251569001021,45,45,12,4349734,130292,Clear Rate,10,1,B,MI,882ab2cb4bfffff
261251569001022,45,45,69,4349734,130292,Clear Rate,10,1,B,MI,882ab2d9b7fffff
261251569001023,45,45,8,4349734,130292,Clear Rate,10,1,B,MI,882ab2d9b7fffff
261251569001024,45,45,7,4349734,130292,Clear Rate,10,1,B,MI,882ab2d9b7fffff
261251569002000,30,30,1,4349734,130292,Clear Rate,10,1,B,MI,882ab2cb49fffff
261251569002000,45,45,24,4349734,130292,Clear Rate,10,1,B,MI,882ab2cb49fffff
261251569002001,30,30,21,4349734,130292,Clear Rate,10,1,B,MI,882ab2cb49fffff
261251569002002,30,30,45,4349734,130292,Clear Rate,10,1,B,MI,882ab2cb4bfffff
261251569002003,30,30,28,4349734,130292,Clear Rate,10,1,B,MI,882ab2cb4bfffff
261251569002004,30,30,38,4349734,130292,Clear Rate,10,1,B,MI,882ab2cb4bfffff
261251569002005,30,30,27,4349734,130292,Clear Rate,10,1,B,MI,882ab2cb4bfffff
261251569002006,30,30,11,4349734,130292,Clear Rate,10,1,B,MI,882ab2cb49fffff
261251569002006,45,45,5,4349734,130292,Clear Rate,10,1,B,MI,882ab2cb49fffff
261251569002007,30,30,2,4349734,130292,Clear Rate,10,1,B,MI,882ab2cb4bfffff
261251569002007,45,45,15,4349734,130292,Clear Rate,10,1,B,MI,882ab2cb4bfffff
261251569002008,45,45,21,4349734,130292,Clear Rate,10,1,B,MI,882ab2cb4bfffff
261251569002009,45,45,14,4349734,130292,Clear Rate,10,1,B,MI,882ab2cb4bfffff
261251569002010,45,45,23,4349734,130292,Clear Rate,10,1,B,MI,882ab2cb4bfffff
261251569002011,30,30,1,4349734,130292,Clear Rate,10,1,B,MI,882ab2cb4bfffff
261251569002011,45,45,17,4349734,130292,Clear Rate,10,1,B,MI,882ab2cb4bfffff
261251569002012,30,30,12,4349734,130292,Clear Rate,10,1,B,MI,882ab2cb4bfffff
261251569002012,45,45,20,4349734,130292,Clear Rate,10,1,B,MI,882ab2cb4bfffff
261251569002013,30,30,12,4349734,130292,Clear Rate,10,1,B,MI,882ab2cb4bfffff
261251569002014,30,30,44,4349734,130292,Clear Rate,10,1,B,MI,882ab2cb4bfffff
261251569002015,30,30,4,4349734,130292,Clear Rate,10,1,B,MI,882ab2cb4bfffff
261251569002015,45,45,9,4349734,130292,Clear Rate,10,1,B,MI,882ab2cb4bfffff
261251569002016,30,30,5,4349734,130292,Clear Rate,10,1,B,MI,882ab2cb4bfffff
261251569002016,45,45,21,4349734,130292,Clear Rate,10,1,B,MI,882ab2cb4bfffff
261251569002017,30,30,1,4349734,130292,Clear Rate,10,1,B,MI,882ab2cb4bfffff
261251569002017,45,45,24,4349734,130292,Clear Rate,10,1,B,MI,882ab2cb4bfffff
261251569002018,30,30,2,4349734,130292,Clear Rate,10,1,B,MI,882ab2cb4bfffff
261251569002018,45,45,24,4349734,130292,Clear Rate,10,1,B,MI,882ab2cb4bfffff
261251569002019,30,30,2,4349734,130292,Clear Rate,10,1,B,MI,882ab2cb4bfffff
261251569002019,45,45,24,4349734,130292,Clear Rate,10,1,B,MI,882ab2cb5dfffff
261251569002020,30,30,4,4349734,130292,Clear Rate,10,1,B,MI,882ab2cb43fffff
261251569002020,45,45,15,4349734,130292,Clear Rate,10,1,B,MI,882ab2cb5dfffff
261251569002021,30,30,4,4349734,130292,Clear Rate,10,1,B,MI,882ab2cb5dfffff
261251569002021,45,45,15,4349734,130292,Clear Rate,10,1,B,MI,882ab2cb5dfffff
261251569002022,30,30,2,4349734,130292,Clear Rate,10,1,B,MI,882ab2cb4bfffff
261251569002022,45,45,17,4349734,130292,Clear Rate,10,1,B,MI,882ab2cb5dfffff
261251569002023,45,45,15,4349734,130292,Clear Rate,10,1,B,MI,882ab2cb5dfffff
261251569002024,30,30,2,4349734,130292,Clear Rate,10,1,B,MI,882ab2cb5dfffff
261251569002024,45,45,14,4349734,130292,Clear Rate,10,1,B,MI,882ab2cb5dfffff
261251570001003,30,30,25,4349734,130292,Clear Rate,10,1,B,MI,882ab2d9bbfffff
261251570001004,30,30,36,4349734,130292,Clear Rate,10,1,B,MI,882ab2d9b9fffff
261251570001005,30,30,12,4349734,130292,Clear Rate,10,1,B,MI,882ab2d9b9fffff
261251570001006,30,30,16,4349734,130292,Clear Rate,10,1,B,MI,882ab2d9bbfffff
261251570001007,30,30,13,4349734,130292,Clear Rate,10,1,B,MI,882ab2d9bbfffff
261251570001008,30,30,14,4349734,130292,Clear Rate,10,1,B,MI,882ab2d9bbfffff
261251570001009,30,30,14,4349734,130292,Clear Rate,10,1,B,MI,882ab2d9bbfffff
261251570001010,30,30,33,4349734,130292,Clear Rate,10,1,B,MI,882ab2d9bbfffff
261251570001010,45,45,1,4349734,130292,Clear Rate,10,1,B,MI,882ab2d9b1fffff
261251570002000,30,30,82,4349734,130292,Clear Rate,10,1,B,MI,882ab2d9b1fffff
261251570002000,45,45,82,4349734,130292,Clear Rate,10,1,B,MI,882ab2d9b1fffff
261251570002002,45,45,14,4349734,130292,Clear Rate,10,1,B,MI,882ab2d9b7fffff
261251570002002,80,80,1,4349734,130292,Clear Rate,10,1,B,MI,882ab2d9b7fffff
261251570002003,45,45,9,4349734,130292,Clear Rate,10,1,B,MI,882ab2d9b7fffff
261251570002004,45,45,16,4349734,130292,Clear Rate,10,1,B,MI,882ab2d9b7fffff
261251570002005,30,30,35,4349734,130292,Clear Rate,10,1,B,MI,882ab2d9b3fffff
261251570002005,45,45,1,4349734,130292,Clear Rate,10,1,B,MI,882ab2d9b7fffff
261251570002005,80,80,19,4349734,130292,Clear Rate,10,1,B,MI,882ab2d9b3fffff
261251570002006,30,30,2,4349734,130292,Clear Rate,10,1,B,MI,882ab2d9b3fffff
261251570002006,80,80,29,4349734,130292,Clear Rate,10,1,B,MI,882ab2d9b3fffff
261251570002007,80,80,20,4349734,130292,Clear Rate,10,1,B,MI,882ab2d9b7fffff
261251570002008,80,80,19,4349734,130292,Clear Rate,10,1,B,MI,882ab2d9b3fffff
261251570002009,80,80,21,4349734,130292,Clear Rate,10,1,B,MI,882ab2d9b7fffff
261251570002010,30,30,8,4349734,130292,Clear Rate,10,1,B,MI,882ab2d9b3fffff
261251570002010,80,80,2,4349734,130292,Clear Rate,10,1,B,MI,882ab2d9b3fffff
261251570002011,80,80,22,4349734,130292,Clear Rate,10,1,B,MI,882ab2d9b7fffff
261251570002012,80,80,21,4349734,130292,Clear Rate,10,1,B,MI,882ab2d9b3fffff
261251570002013,45,45,12,4349734,130292,Clear Rate,10,1,B,MI,882ab2d9b7fffff
261251570002014,30,30,6,4349734,130292,Clear Rate,10,1,B,MI,882ab2d9b3fffff
261251570002017,80,80,7,4349734,130292,Clear Rate,10,1,B,MI,882ab2d9b3fffff
261251570002018,80,80,6,4349734,130292,Clear Rate,10,1,B,MI,882ab2d9b3fffff
261251570002019,30,30,7,4349734,130292,Clear Rate,10,1,B,MI,882ab2cb59fffff
261251570002019,80,80,5,4349734,130292,Clear Rate,10,1,B,MI,882ab2d9b3fffff
261251570002020,30,30,8,4349734,130292,Clear Rate,10,1,B,MI,882ab2cb59fffff
261251570002021,30,30,8,4349734,130292,Clear Rate,10,1,B,MI,882ab2cb59fffff
261251570002021,45,45,1,4349734,130292,Clear Rate,10,1,B,MI,882ab2d9b7fffff
261251570002021,80,80,24,4349734,130292,Clear Rate,10,1,B,MI,882ab2d9b3fffff
261251570002022,30,30,17,4349734,130292,Clear Rate,10,1,B,MI,882ab2cb59fffff
261251570002024,45,45,14,4349734,130292,Clear Rate,10,1,B,MI,882ab2d9b7fffff
261251571001010,30,30,1,4349734,130292,Clear Rate,10,1,B,MI,882ab2cb49fffff
261251581001000,30,30,20,4349734,130292,Clear Rate,10,1,B,MI,882ab2d891fffff
261251581001001,30,30,11,4349734,130292,Clear Rate,10,1,B,MI,882ab2d897fffff
261251581001002,30,30,7,4349734,130292,Clear Rate,10,1,B,MI,882ab2d897fffff
261251581001003,30,30,15,4349734,130292,Clear Rate,10,1,B,MI,882ab2d897fffff
261251581001005,30,30,26,4349734,130292,Clear Rate,10,1,B,MI,882ab2d891fffff
261251581001007,30,30,22,4349734,130292,Clear Rate,10,1,B,MI,882ab2d891fffff
261251581001008,30,30,19,4349734,130292,Clear Rate,10,1,B,MI,882ab2d897fffff
261251581001009,30,30,16,4349734,130292,Clear Rate,10,1,B,MI,882ab2d897fffff
261251581001010,30,30,11,4349734,130292,Clear Rate,10,1,B,MI,882ab2d893fffff
261251581001011,30,30,7,4349734,130292,Clear Rate,10,1,B,MI,882ab2d893fffff
261251581002000,30,30,11,4349734,130292,Clear Rate,10,1,B,MI,882ab2d897fffff
261251582001000,30,30,9,4349734,130292,Clear Rate,10,1,B,MI,882ab2d89bfffff
261251582001001,30,30,31,4349734,130292,Clear Rate,10,1,B,MI,882ab2d89bfffff
261251582001002,30,30,5,4349734,130292,Clear Rate,10,1,B,MI,882ab2d891fffff
261251582001003,30,30,13,4349734,130292,Clear Rate,10,1,B,MI,882ab2d891fffff
261251582001004,30,30,30,4349734,130292,Clear Rate,10,1,B,MI,882ab2d893fffff
261251582001005,30,30,18,4349734,130292,Clear Rate,10,1,B,MI,882ab2d893fffff
261251582001006,30,30,18,4349734,130292,Clear Rate,10,1,B,MI,882ab2d893fffff
261251582001007,30,30,31,4349734,130292,Clear Rate,10,1,B,MI,882ab2d893fffff
261251582001008,30,30,11,4349734,130292,Clear Rate,10,1,B,MI,882ab2d891fffff
261251582001009,30,30,10,4349734,130292,Clear Rate,10,1,B,MI,882ab2d893fffff
261251582001010,30,30,31,4349734,130292,Clear Rate,10,1,B,MI,882ab2d893fffff
261251582001011,30,30,17,4349734,130292,Clear Rate,10,1,B,MI,882ab2d893fffff
261251582001012,30,30,15,4349734,130292,Clear Rate,10,1,B,MI,882ab2d893fffff
261251582001013,30,30,28,4349734,130292,Clear Rate,10,1,B,MI,882ab2d893fffff
261251582001014,30,30,11,4349734,130292,Clear Rate,10,1,B,MI,882ab2d893fffff
261251582001015,30,30,10,4349734,130292,Clear Rate,10,1,B,MI,882ab2d893fffff
261251582001016,30,30,28,4349734,130292,Clear Rate,10,1,B,MI,882ab2d893fffff
261251582001017,30,30,14,4349734,130292,Clear Rate,10,1,B,MI,882ab2d893fffff
261251582001018,30,30,15,4349734,130292,Clear Rate,10,1,B,MI,882ab2d893fffff
261251582001019,30,30,29,4349734,130292,Clear Rate,10,1,B,MI,882ab2d893fffff
261251582001020,30,30,12,4349734,130292,Clear Rate,10,1,B,MI,882ab2d893fffff
261251582001021,30,30,14,4349734,130292,Clear Rate,10,1,B,MI,882ab2d893fffff
261251582001022,30,30,34,4349734,130292,Clear Rate,10,1,B,MI,882ab2d893fffff
261251582001023,30,30,8,4349734,130292,Clear Rate,10,1,B,MI,882ab2d893fffff
261251582001024,30,30,6,4349734,130292,Clear Rate,10,1,B,MI,882ab2d893fffff
261251582002000,30,30,44,4349734,130292,Clear Rate,10,1,B,MI,882ab2d89bfffff
261251582002001,30,30,18,4349734,130292,Clear Rate,10,1,B,MI,882ab2d89bfffff
261251582002002,30,30,30,4349734,130292,Clear Rate,10,1,B,MI,882ab2d89bfffff
261251582002003,30,30,16,4349734,130292,Clear Rate,10,1,B,MI,882ab2d89bfffff
261251582002004,30,30,43,4349734,130292,Clear Rate,10,1,B,MI,882ab2c327fffff
261251582002005,30,30,43,4349734,130292,Clear Rate,10,1,B,MI,882ab2c327fffff
261251582002006,30,30,39,4349734,130292,Clear Rate,10,1,B,MI,882ab2d89bfffff
261251582002007,30,30,24,4349734,130292,Clear Rate,10,1,B,MI,882ab2c14dfffff
261251582002008,30,30,39,4349734,130292,Clear Rate,10,1,B,MI,882ab2c14dfffff
261251582002009,30,30,9,4349734,130292,Clear Rate,10,1,B,MI,882ab2c14dfffff
261251582002010,30,30,7,4349734,130292,Clear Rate,10,1,B,MI,882ab2c14dfffff
261251600002014,30,30,7,4349734,130292,Clear Rate,10,1,B,MI,882ab2c107fffff
261251600002015,30,30,8,4349734,130292,Clear Rate,10,1,B,MI,882ab2c13dfffff
261251600002019,30,30,10,4349734,130292,Clear Rate,10,1,B,MI,882ab2c13dfffff
261251600002020,30,30,17,4349734,130292,Clear Rate,10,1,B,MI,882ab2c107fffff
261251600002024,30,30,9,4349734,130292,Clear Rate,10,1,B,MI,882ab2c13dfffff
261251600002025,30,30,16,4349734,130292,Clear Rate,10,1,B,MI,882ab2c13dfffff
261251600002026,30,30,6,4349734,130292,Clear Rate,10,1,B,MI,882ab2c13dfffff
261251600002029,30,30,15,4349734,130292,Clear Rate,10,1,B,MI,882ab2c139fffff
261251600002036,30,30,18,4349734,130292,Clear Rate,10,1,B,MI,882ab2c139fffff
261251600002037,30,30,8,4349734,130292,Clear Rate,10,1,B,MI,882ab2c139fffff
261251600002042,30,30,22,4349734,130292,Clear Rate,10,1,B,MI,882ab2c13dfffff
261251600003013,30,30,12,4349734,130292,Clear Rate,10,1,B,MI,882ab2c105fffff
261251600003014,30,30,11,4349734,130292,Clear Rate,10,1,B,MI,882ab2c105fffff
261251600003019,30,30,2,4349734,130292,Clear Rate,10,1,B,MI,882ab2c105fffff
261251600003020,30,30,1,4349734,130292,Clear Rate,10,1,B,MI,882ab2c107fffff
261251600003022,30,30,12,4349734,130292,Clear Rate,10,1,B,MI,882ab2c107fffff
261251600003033,30,30,9,4349734,130292,Clear Rate,10,1,B,MI,882ab2c107fffff
261251600003034,30,30,8,4349734,130292,Clear Rate,10,1,B,MI,882ab2c107fffff
261251600003035,30,30,19,4349734,130292,Clear Rate,10,1,B,MI,882ab2c12bfffff
261251600003036,30,30,8,4349734,130292,Clear Rate,10,1,B,MI,882ab2c107fffff
261251600003037,30,30,16,4349734,130292,Clear Rate,10,1,B,MI,882ab2c107fffff
261251600003038,30,30,9,4349734,130292,Clear Rate,10,1,B,MI,882ab2c107fffff
261251600004013,30,30,18,4349734,130292,Clear Rate,10,1,B,MI,882ab2c101fffff
261251600004014,30,30,1,4349734,130292,Clear Rate,10,1,B,MI,882ab2c105fffff
261251600004015,30,30,36,4349734,130292,Clear Rate,10,1,B,MI,882ab2c101fffff
261251600004016,30,30,18,4349734,130292,Clear Rate,10,1,B,MI,882ab2c107fffff
261251600004017,30,30,14,4349734,130292,Clear Rate,10,1,B,MI,882ab2c107fffff
261251600004019,30,30,1,4349734,130292,Clear Rate,10,1,B,MI,882ab2c105fffff
261251600004020,30,30,12,4349734,130292,Clear Rate,10,1,B,MI,882ab2c107fffff
261251600004021,30,30,15,4349734,130292,Clear Rate,10,1,B,MI,882ab2c107fffff
261251600004022,30,30,13,4349734,130292,Clear Rate,10,1,B,MI,882ab2c107fffff
261251600004023,30,30,1,4349734,130292,Clear Rate,10,1,B,MI,882ab2c107fffff
261251605002003,30,30,16,4349734,130292,Clear Rate,10,1,B,MI,882ab2c147fffff
261251605002014,30,30,2,4349734,130292,Clear Rate,10,1,B,MI,882ab2c109fffff
261251605002015,30,30,33,4349734,130292,Clear Rate,10,1,B,MI,882ab2c147fffff
261251605002019,30,30,1,4349734,130292,Clear Rate,10,1,B,MI,882ab2c109fffff
261251605002021,30,30,29,4349734,130292,Clear Rate,10,1,B,MI,882ab2c109fffff
261251605002022,30,30,21,4349734,130292,Clear Rate,10,1,B,MI,882ab2c109fffff
261251608001005,30,30,44,4349734,130292,Clear Rate,10,1,B,MI,882ab2ca19fffff
261251608001005,45,45,6,4349734,130292,Clear Rate,10,1,B,MI,882ab2ca1bfffff
261251608001007,45,45,3,4349734,130292,Clear Rate,10,1,B,MI,882ab2ca1bfffff
261251608001008,30,30,16,4349734,130292,Clear Rate,10,1,B,MI,882ab2ca19fffff
261251608001009,45,45,2,4349734,130292,Clear Rate,10,1,B,MI,882ab2ca1bfffff
261251608001010,30,30,31,4349734,130292,Clear Rate,10,1,B,MI,882ab2ca19fffff
261251608001016,45,45,2,4349734,130292,Clear Rate,10,1,B,MI,882ab2ca1bfffff
261251608003000,45,45,4,4349734,130292,Clear Rate,10,1,B,MI,882ab2ca15fffff
261251608004000,45,45,2,4349734,130292,Clear Rate,10,1,B,MI,882ab2ca1bfffff
261251608005000,45,45,2,4349734,130292,Clear Rate,10,1,B,MI,882ab2ca1dfffff
261251610002009,30,30,8,4349734,130292,Clear Rate,10,1,B,MI,882ab2cae1fffff
261251610002010,30,30,8,4349734,130292,Clear Rate,10,1,B,MI,882ab2cae1fffff
261251611001000,45,45,33,4349734,130292,Clear Rate,10,1,B,MI,882ab2cac5fffff
261251611001001,45,45,13,4349734,130292,Clear Rate,10,1,B,MI,882ab2cac1fffff
261251611001002,45,45,20,4349734,130292,Clear Rate,10,1,B,MI,882ab2cac5fffff
261251611001003,45,45,19,4349734,130292,Clear Rate,10,1,B,MI,882ab2cac5fffff
261251611001004,45,45,23,4349734,130292,Clear Rate,10,1,B,MI,882ab2cac5fffff
261251611001005,45,45,71,4349734,130292,Clear Rate,10,1,B,MI,882ab2ca13fffff
261251611001006,30,30,31,4349734,130292,Clear Rate,10,1,B,MI,882ab2ca13fffff
261251611001007,30,30,27,4349734,130292,Clear Rate,10,1,B,MI,882ab2cae9fffff
261251611001008,30,30,17,4349734,130292,Clear Rate,10,1,B,MI,882ab2cae9fffff
261251611001009,30,30,12,4349734,130292,Clear Rate,10,1,B,MI,882ab2cae9fffff
261251611001010,30,30,24,4349734,130292,Clear Rate,10,1,B,MI,882ab2cae9fffff
261251611001011,30,30,20,4349734,130292,Clear Rate,10,1,B,MI,882ab2cae9fffff
261251611001012,30,30,14,4349734,130292,Clear Rate,10,1,B,MI,882ab2cae9fffff
261251611001015,30,30,14,4349734,130292,Clear Rate,10,1,B,MI,882ab2cae9fffff
261251611001016,30,30,15,4349734,130292,Clear Rate,10,1,B,MI,882ab2cae9fffff
261251611001017,30,30,20,4349734,130292,Clear Rate,10,1,B,MI,882ab2cae9fffff
261251611001018,30,30,18,4349734,130292,Clear Rate,10,1,B,MI,882ab2cae9fffff
261251611001019,30,30,25,4349734,130292,Clear Rate,10,1,B,MI,882ab2caebfffff
261251611001019,45,45,1,4349734,130292,Clear Rate,10,1,B,MI,882ab2cac5fffff
261251611002000,30,30,14,4349734,130292,Clear Rate,10,1,B,MI,882ab2ca13fffff
261251611003000,30,30,1,4349734,130292,Clear Rate,10,1,B,MI,882ab2ca13fffff
261251611003000,80,80,4,4349734,130292,Clear Rate,10,1,B,MI,882ab2cacdfffff
261251611003001,30,30,1,4349734,130292,Clear Rate,10,1,B,MI,882ab2ca13fffff
261251611005000,45,45,1,4349734,130292,Clear Rate,10,1,B,MI,882ab2ca17fffff
261251611005001,30,30,5,4349734,130292,Clear Rate,10,1,B,MI,882ab2ca17fffff
261251612003000,30,30,134,4349734,130292,Clear Rate,10,1,B,MI,882ab2ca53fffff
261251612003001,30,30,21,4349734,130292,Clear Rate,10,1,B,MI,882ab2ca53fffff
261251612003002,30,30,55,4349734,130292,Clear Rate,10,1,B,MI,882ab2c125fffff
261251612003003,30,30,42,4349734,130292,Clear Rate,10,1,B,MI,882ab2c125fffff
261251612003004,30,30,55,4349734,130292,Clear Rate,10,1,B,MI,882ab2c125fffff
261251612003005,30,30,44,4349734,130292,Clear Rate,10,1,B,MI,882ab2c125fffff
261251612003006,30,30,39,4349734,130292,Clear Rate,10,1,B,MI,882ab2c125fffff
261251612003007,30,30,39,4349734,130292,Clear Rate,10,1,B,MI,882ab2c125fffff
261251612003008,30,30,45,4349734,130292,Clear Rate,10,1,B,MI,882ab2c125fffff
261251613001000,30,30,1,4349734,130292,Clear Rate,10,1,B,MI,882ab2c10bfffff
261251613001000,45,45,13,4349734,130292,Clear Rate,10,1,B,MI,882ab2c101fffff
261251613001001,45,45,24,4349734,130292,Clear Rate,10,1,B,MI,882ab2c101fffff
261251613001002,45,45,24,4349734,130292,Clear Rate,10,1,B,MI,882ab2c101fffff
261251613001003,45,45,26,4349734,130292,Clear Rate,10,1,B,MI,882ab2c103fffff
261251613001004,45,45,26,4349734,130292,Clear Rate,10,1,B,MI,882ab2c103fffff
261251613001005,45,45,23,4349734,130292,Clear Rate,10,1,B,MI,882ab2c103fffff
261251613001006,45,45,25,4349734,130292,Clear Rate,10,1,B,MI,882ab2c103fffff
261251613001007,45,45,26,4349734,130292,Clear Rate,10,1,B,MI,882ab2c103fffff
261251613001008,45,45,25,4349734,130292,Clear Rate,10,1,B,MI,882ab2c10bfffff
261251613001009,45,45,2,4349734,130292,Clear Rate,10,1,B,MI,882ab2c10bfffff
261251613001009,80,80,19,4349734,130292,Clear Rate,10,1,B,MI,882ab2c10bfffff
261251613001010,80,80,15,4349734,130292,Clear Rate,10,1,B,MI,882ab2c10bfffff
261251613001011,45,45,24,4349734,130292,Clear Rate,10,1,B,MI,882ab2c103fffff
261251613001012,45,45,23,4349734,130292,Clear Rate,10,1,B,MI,882ab2c103fffff
261251613001013,45,45,24,4349734,130292,Clear Rate,10,1,B,MI,882ab2c103fffff
261251613001014,45,45,25,4349734,130292,Clear Rate,10,1,B,MI,882ab2c103fffff
261251613001015,45,45,23,4349734,130292,Clear Rate,10,1,B,MI,882ab2c103fffff
261251613001016,45,45,26,4349734,130292,Clear Rate,10,1,B,MI,882ab2c103fffff
261251613002006,30,30,27,4349734,130292,Clear Rate,10,1,B,MI,882ab2c101fffff
261251613002014,30,30,11,4349734,130292,Clear Rate,10,1,B,MI,882ab2c101fffff
261251613002015,30,30,21,4349734,130292,Clear Rate,10,1,B,MI,882ab2c101fffff
261251613002016,30,30,23,4349734,130292,Clear Rate,10,1,B,MI,882ab2c101fffff
261251613002017,30,30,24,4349734,130292,Clear Rate,10,1,B,MI,882ab2c101fffff
261251613002018,30,30,24,4349734,130292,Clear Rate,10,1,B,MI,882ab2c101fffff
261251613002019,30,30,24,4349734,130292,Clear Rate,10,1,B,MI,882ab2c103fffff
261251613002020,30,30,42,4349734,130292,Clear Rate,10,1,B,MI,882ab2c103fffff
261251613002021,30,30,32,4349734,130292,Clear Rate,10,1,B,MI,882ab2c103fffff
261251613002022,30,30,40,4349734,130292,Clear Rate,10,1,B,MI,882ab2c107fffff
261251613002023,30,30,14,4349734,130292,Clear Rate,10,1,B,MI,882ab2c107fffff
261251613002024,30,30,10,4349734,130292,Clear Rate,10,1,B,MI,882ab2c107fffff
261251613002025,30,30,17,4349734,130292,Clear Rate,10,1,B,MI,882ab2c107fffff
261251613002026,30,30,43,4349734,130292,Clear Rate,10,1,B,MI,882ab2c103fffff
261251613003000,30,30,9,4349734,130292,Clear Rate,10,1,B,MI,882ab2c109fffff
261251613003001,30,30,19,4349734,130292,Clear Rate,10,1,B,MI,882ab2c109fffff
261251613003002,30,30,21,4349734,130292,Clear Rate,10,1,B,MI,882ab2c109fffff
261251613003003,30,30,18,4349734,130292,Clear Rate,10,1,B,MI,882ab2c109fffff
261251613003004,30,30,14,4349734,130292,Clear Rate,10,1,B,MI,882ab2c109fffff
261251613003005,30,30,12,4349734,130292,Clear Rate,10,1,B,MI,882ab2c109fffff
261251613003010,30,30,25,4349734,130292,Clear Rate,10,1,B,MI,882ab2c101fffff
261251613003011,30,30,33,4349734,130292,Clear Rate,10,1,B,MI,882ab2c109fffff
261251613003012,30,30,37,4349734,130292,Clear Rate,10,1,B,MI,882ab2c109fffff
261251613003013,30,30,34,4349734,130292,Clear Rate,10,1,B,MI,882ab2c10bfffff
261251613003014,30,30,36,4349734,130292,Clear Rate,10,1,B,MI,882ab2c10bfffff
261251613003015,30,30,21,4349734,130292,Clear Rate,10,1,B,MI,882ab2c10bfffff
261251613003016,30,30,18,4349734,130292,Clear Rate,10,1,B,MI,882ab2c10bfffff
261251613003017,30,30,33,4349734,130292,Clear Rate,10,1,B,MI,882ab2c10bfffff
261251613003018,30,30,30,4349734,130292,Clear Rate,10,1,B,MI,882ab2c10bfffff
261251613003019,30,30,31,4349734,130292,Clear Rate,10,1,B,MI,882ab2c10bfffff
261251613003020,30,30,32,4349734,130292,Clear Rate,10,1,B,MI,882ab2c101fffff
261251613003021,30,30,28,4349734,130292,Clear Rate,10,1,B,MI,882ab2c101fffff
261251613003022,30,30,28,4349734,130292,Clear Rate,10,1,B,MI,882ab2c101fffff
261251613003023,30,30,23,4349734,130292,Clear Rate,10,1,B,MI,882ab2c101fffff
261251614001000,30,30,46,4349734,130292,Clear Rate,10,1,B,MI,882ab2c103fffff
261251614001000,45,45,1,4349734,130292,Clear Rate,10,1,B,MI,882ab2c103fffff
261251614001001,30,30,4,4349734,130292,Clear Rate,10,1,B,MI,882ab2c103fffff
261251614001001,45,45,1,4349734,130292,Clear Rate,10,1,B,MI,882ab2c103fffff
261251614001005,30,30,8,4349734,130292,Clear Rate,10,1,B,MI,882ab2c103fffff
261251614001005,45,45,26,4349734,130292,Clear Rate,10,1,B,MI,882ab2c103fffff
261251614001009,30,30,1,4349734,130292,Clear Rate,10,1,B,MI,882ab2c11dfffff
261251614001009,45,45,11,4349734,130292,Clear Rate,10,1,B,MI,882ab2c103fffff
261251614002000,30,30,18,4349734,130292,Clear Rate,10,1,B,MI,882ab2c115fffff
261251614002002,45,45,1,4349734,130292,Clear Rate,10,1,B,MI,882ab2c115fffff
261251614002002,80,80,3,4349734,130292,Clear Rate,10,1,B,MI,882ab2c117fffff
261251614003001,30,30,18,4349734,130292,Clear Rate,10,1,B,MI,882ab2c139fffff
261251614003002,30,30,16,4349734,130292,Clear Rate,10,1,B,MI,882ab2c139fffff
261251614003003,30,30,15,4349734,130292,Clear Rate,10,1,B,MI,882ab2c139fffff
261251614003004,30,30,5,4349734,130292,Clear Rate,10,1,B,MI,882ab2c139fffff
261251614003008,30,30,24,4349734,130292,Clear Rate,10,1,B,MI,882ab2c139fffff
261251614003009,30,30,11,4349734,130292,Clear Rate,10,1,B,MI,882ab2c139fffff
261251614003010,30,30,4,4349734,130292,Clear Rate,10,1,B,MI,882ab2c139fffff
261251614003012,30,30,7,4349734,130292,Clear Rate,10,1,B,MI,882ab2c131fffff
261251615001009,30,30,2,4349734,130292,Clear Rate,10,1,B,MI,882ab2c123fffff
261251615001011,30,30,17,4349734,130292,Clear Rate,10,1,B,MI,882ab2c131fffff
261251615001012,30,30,3,4349734,130292,Clear Rate,10,1,B,MI,882ab2c13dfffff
261251615001014,30,30,14,4349734,130292,Clear Rate,10,1,B,MI,882ab2c131fffff
261251615001015,30,30,11,4349734,130292,Clear Rate,10,1,B,MI,882ab2c13dfffff
261251615001016,30,30,10,4349734,130292,Clear Rate,10,1,B,MI,882ab2c13dfffff
261251615001017,30,30,11,4349734,130292,Clear Rate,10,1,B,MI,882ab2c13dfffff
261251615001018,30,30,21,4349734,130292,Clear Rate,10,1,B,MI,882ab2c131fffff
261251615001019,30,30,10,4349734,130292,Clear Rate,10,1,B,MI,882ab2c131fffff
261251615001020,30,30,9,4349734,130292,Clear Rate,10,1,B,MI,882ab2c131fffff
261251615001021,30,30,8,4349734,130292,Clear Rate,10,1,B,MI,882ab2c131fffff
261251615001022,30,30,22,4349734,130292,Clear Rate,10,1,B,MI,882ab2c131fffff
261251615002000,30,30,17,4349734,130292,Clear Rate,10,1,B,MI,882ab2c131fffff
261251615002001,30,30,6,4349734,130292,Clear Rate,10,1,B,MI,882ab2c131fffff
261251615002002,30,30,2,4349734,130292,Clear Rate,10,1,B,MI,882ab2c131fffff
261251615002006,30,30,3,4349734,130292,Clear Rate,10,1,B,MI,882ab2c135fffff
261251615002007,30,30,14,4349734,130292,Clear Rate,10,1,B,MI,882ab2c135fffff
261251615002008,30,30,22,4349734,130292,Clear Rate,10,1,B,MI,882ab2c135fffff
261251615002009,30,30,13,4349734,130292,Clear Rate,10,1,B,MI,882ab2c135fffff
261251615002010,30,30,2,4349734,130292,Clear Rate,10,1,B,MI,882ab2cacbfffff
261251615002011,30,30,14,4349734,130292,Clear Rate,10,1,B,MI,882ab2c135fffff
261251615002012,30,30,20,4349734,130292,Clear Rate,10,1,B,MI,882ab2c135fffff
261251615002013,30,30,11,4349734,130292,Clear Rate,10,1,B,MI,882ab2c135fffff
261251615002014,30,30,8,4349734,130292,Clear Rate,10,1,B,MI,882ab2c135fffff
261251615002018,30,30,20,4349734,130292,Clear Rate,10,1,B,MI,882ab2c135fffff
261251615002019,30,30,21,4349734,130292,Clear Rate,10,1,B,MI,882ab2c135fffff
261251615002020,30,30,15,4349734,130292,Clear Rate,10,1,B,MI,882ab2cacbfffff
261251615002021,30,30,1,4349734,130292,Clear Rate,10,1,B,MI,882ab2cacbfffff
261251615002022,30,30,11,4349734,130292,Clear Rate,10,1,B,MI,882ab2cacbfffff
261251615002023,30,30,12,4349734,130292,Clear Rate,10,1,B,MI,882ab2c135fffff
261251615002024,30,30,16,4349734,130292,Clear Rate,10,1,B,MI,882ab2c137fffff
261251616001006,30,30,2,4349734,130292,Clear Rate,10,1,B,MI,882ab2c123fffff
261251616001008,30,30,8,4349734,130292,Clear Rate,10,1,B,MI,882ab2cac9fffff
261251616001008,45,45,5,4349734,130292,Clear Rate,10,1,B,MI,882ab2c127fffff
261251616001009,45,45,1,4349734,130292,Clear Rate,10,1,B,MI,882ab2c127fffff
261251616001010,45,45,1,4349734,130292,Clear Rate,10,1,B,MI,882ab2c127fffff
261251616001011,45,45,3,4349734,130292,Clear Rate,10,1,B,MI,882ab2c127fffff
261251616001012,30,30,14,4349734,130292,Clear Rate,10,1,B,MI,882ab2c127fffff
261251616001013,30,30,3,4349734,130292,Clear Rate,10,1,B,MI,882ab2c127fffff
261251616001014,30,30,1,4349734,130292,Clear Rate,10,1,B,MI,882ab2c127fffff
261251616001016,30,30,2,4349734,130292,Clear Rate,10,1,B,MI,882ab2c127fffff
261251616001019,30,30,6,4349734,130292,Clear Rate,10,1,B,MI,882ab2ca1bfffff
261251616001020,30,30,2,4349734,130292,Clear Rate,10,1,B,MI,882ab2c127fffff
261251616001022,30,30,1,4349734,130292,Clear Rate,10,1,B,MI,882ab2cacdfffff
261251616001022,45,45,1,4349734,130292,Clear Rate,10,1,B,MI,882ab2ca1bfffff
261251616001026,45,45,1,4349734,130292,Clear Rate,10,1,B,MI,882ab2cacdfffff
261251616001026,80,80,4,4349734,130292,Clear Rate,10,1,B,MI,882ab2cacdfffff
261251616002000,30,30,8,4349734,130292,Clear Rate,10,1,B,MI,882ab2cac9fffff
261251616002001,30,30,8,4349734,130292,Clear Rate,10,1,B,MI,882ab2cac9fffff
261251616002002,30,30,5,4349734,130292,Clear Rate,10,1,B,MI,882ab2cac9fffff
261251616002006,30,30,2,4349734,130292,Clear Rate,10,1,B,MI,882ab2cac1fffff
261251616002007,30,30,26,4349734,130292,Clear Rate,10,1,B,MI,882ab2cac1fffff
261251616002007,80,80,6,4349734,130292,Clear Rate,10,1,B,MI,882ab2cac1fffff
261251616002008,30,30,3,4349734,130292,Clear Rate,10,1,B,MI,882ab2cac1fffff
261251616002009,80,80,25,4349734,130292,Clear Rate,10,1,B,MI,882ab2cac1fffff
261251616002010,30,30,1,4349734,130292,Clear Rate,10,1,B,MI,882ab2cacbfffff
261251616002011,30,30,7,4349734,130292,Clear Rate,10,1,B,MI,882ab2cacbfffff
261251616002013,30,30,10,4349734,130292,Clear Rate,10,1,B,MI,882ab2cacbfffff
261251617002000,30,30,7,4349734,130292,Clear Rate,10,1,B,MI,882ab2cae1fffff
261251617002002,30,30,28,4349734,130292,Clear Rate,10,1,B,MI,882ab2cae1fffff
261251617002015,30,30,12,4349734,130292,Clear Rate,10,1,B,MI,882ab2cae1fffff
261251618001000,30,30,153,4349734,130292,Clear Rate,10,1,B,MI,882ab2caebfffff
261251618001001,30,30,11,4349734,130292,Clear Rate,10,1,B,MI,882ab2caebfffff
261251618001002,30,30,19,4349734,130292,Clear Rate,10,1,B,MI,882ab2caebfffff
261251618001003,30,30,23,4349734,130292,Clear Rate,10,1,B,MI,882ab2caebfffff
261251618003000,30,30,69,4349734,130292,Clear Rate,10,1,B,MI,882ab2caebfffff
261251618003001,30,30,8,4349734,130292,Clear Rate,10,1,B,MI,882ab2caebfffff
261251618003002,30,30,7,4349734,130292,Clear Rate,10,1,B,MI,882ab2cac5fffff
261251618003003,30,30,10,4349734,130292,Clear Rate,10,1,B,MI,882ab2cac5fffff
261251618003004,30,30,11,4349734,130292,Clear Rate,10,1,B,MI,882ab2ca8dfffff
261251618003006,30,30,26,4349734,130292,Clear Rate,10,1,B,MI,882ab2cac7fffff
261251618003007,30,30,16,4349734,130292,Clear Rate,10,1,B,MI,882ab2cac7fffff
261251618003008,30,30,25,4349734,130292,Clear Rate,10,1,B,MI,882ab2cac7fffff
261251618003008,45,45,6,4349734,130292,Clear Rate,10,1,B,MI,882ab2ca89fffff
261251618003010,30,30,9,4349734,130292,Clear Rate,10,1,B,MI,882ab2ca8dfffff
261251618003011,30,30,6,4349734,130292,Clear Rate,10,1,B,MI,882ab2ca8dfffff
261251618003012,30,30,3,4349734,130292,Clear Rate,10,1,B,MI,882ab2ca8dfffff
261251618003013,30,30,8,4349734,130292,Clear Rate,10,1,B,MI,882ab2cac5fffff
261251619001002,30,30,33,4349734,130292,Clear Rate,10,1,B,MI,882ab2cacbfffff
261251619001003,30,30,67,4349734,130292,Clear Rate,10,1,B,MI,882ab2cacbfffff
261251619001003,45,45,25,4349734,130292,Clear Rate,10,1,B,MI,882ab2cac3fffff
261251619001003,80,80,6,4349734,130292,Clear Rate,10,1,B,MI,882ab2cac1fffff
261251619001005,45,45,24,4349734,130292,Clear Rate,10,1,B,MI,882ab2cac3fffff
261251619001006,45,45,8,4349734,130292,Clear Rate,10,1,B,MI,882ab2cac7fffff
261251619001006,80,80,3,4349734,130292,Clear Rate,10,1,B,MI,882ab2cac1fffff
261251619001007,30,30,9,4349734,130292,Clear Rate,10,1,B,MI,882ab2cac1fffff
261251619001009,45,45,9,4349734,130292,Clear Rate,10,1,B,MI,882ab2cac3fffff
261251619001010,45,45,24,4349734,130292,Clear Rate,10,1,B,MI,882ab2ca89fffff
261251619001012,30,30,11,4349734,130292,Clear Rate,10,1,B,MI,882ab2ca89fffff
261251619001012,45,45,7,4349734,130292,Clear Rate,10,1,B,MI,882ab2ca89fffff
261251619001013,45,45,4,4349734,130292,Clear Rate,10,1,B,MI,882ab2cac3fffff
261251619001014,45,45,3,4349734,130292,Clear Rate,10,1,B,MI,882ab2cac7fffff
261251619001015,45,45,3,4349734,130292,Clear Rate,10,1,B,MI,882ab2cac7fffff
261251619002002,30,30,30,4349734,130292,Clear Rate,10,1,B,MI,882ab2cacbfffff
261251619002003,30,30,17,4349734,130292,Clear Rate,10,1,B,MI,882ab2c137fffff
261251620001000,30,30,95,4349734,130292,Clear Rate,10,1,B,MI,882ab2c133fffff
261251620001001,30,30,103,4349734,130292,Clear Rate,10,1,B,MI,882ab2c133fffff
261251620001007,30,30,26,4349734,130292,Clear Rate,10,1,B,MI,882ab2c133fffff
261251620001008,30,30,27,4349734,130292,Clear Rate,10,1,B,MI,882ab2c133fffff
261251620001009,30,30,23,4349734,130292,Clear Rate,10,1,B,MI,882ab2c1edfffff
261251620002003,30,30,2,4349734,130292,Clear Rate,10,1,B,MI,882ab2c137fffff
261251620002004,30,30,3,4349734,130292,Clear Rate,10,1,B,MI,882ab2cacbfffff
261251620002008,30,30,21,4349734,130292,Clear Rate,10,1,B,MI,882ab2c137fffff
261251620002013,30,30,12,4349734,130292,Clear Rate,10,1,B,MI,882ab2c137fffff
261251620003000,30,30,17,4349734,130292,Clear Rate,10,1,B,MI,882ab2c117fffff
261251620003003,30,30,26,4349734,130292,Clear Rate,10,1,B,MI,882ab2c117fffff
261251620003004,30,30,2,4349734,130292,Clear Rate,10,1,B,MI,882ab2c117fffff
261251620003008,30,30,9,4349734,130292,Clear Rate,10,1,B,MI,882ab2c1edfffff
261251620003009,30,30,7,4349734,130292,Clear Rate,10,1,B,MI,882ab2c1edfffff
261251620003010,30,30,28,4349734,130292,Clear Rate,10,1,B,MI,882ab2c1edfffff
261251620003014,30,30,18,4349734,130292,Clear Rate,10,1,B,MI,882ab2c117fffff
261251620003015,30,30,3,4349734,130292,Clear Rate,10,1,B,MI,882ab2c117fffff
261251620003016,30,30,13,4349734,130292,Clear Rate,10,1,B,MI,882ab2c1edfffff
261251620003017,30,30,6,4349734,130292,Clear Rate,10,1,B,MI,882ab2c1edfffff
261251620003018,30,30,20,4349734,130292,Clear Rate,10,1,B,MI,882ab2c1edfffff
261251620003019,30,30,13,4349734,130292,Clear Rate,10,1,B,MI,882ab2c117fffff
261251620003020,30,30,16,4349734,130292,Clear Rate,10,1,B,MI,882ab2c117fffff
261251620003021,30,30,23,4349734,130292,Clear Rate,10,1,B,MI,882ab2c1edfffff
261251620003022,30,30,17,4349734,130292,Clear Rate,10,1,B,MI,882ab2c117fffff
261251620003024,30,30,33,4349734,130292,Clear Rate,10,1,B,MI,882ab2c1edfffff
261251620003025,30,30,12,4349734,130292,Clear Rate,10,1,B,MI,882ab2c1edfffff
261251620003026,30,30,20,4349734,130292,Clear Rate,10,1,B,MI,882ab2c1edfffff
261251620003027,30,30,25,4349734,130292,Clear Rate,10,1,B,MI,882ab2c1edfffff
261251620003028,30,30,26,4349734,130292,Clear Rate,10,1,B,MI,882ab2c1e9fffff
261251621001003,30,30,1,4349734,130292,Clear Rate,10,1,B,MI,882ab2c1e1fffff
261251621001004,30,30,9,4349734,130292,Clear Rate,10,1,B,MI,882ab2c1e1fffff
261251621001005,30,30,4,4349734,130292,Clear Rate,10,1,B,MI,882ab2c1e1fffff
261251621001006,30,30,4,4349734,130292,Clear Rate,10,1,B,MI,882ab2c1e1fffff
261251621001007,30,30,4,4349734,130292,Clear Rate,10,1,B,MI,882ab2c1e1fffff
261251621001008,30,30,7,4349734,130292,Clear Rate,10,1,B,MI,882ab2c1e1fffff
261251621001012,30,30,4,4349734,130292,Clear Rate,10,1,B,MI,882ab2c1e1fffff
261251621002000,30,30,6,4349734,130292,Clear Rate,10,1,B,MI,882ab2c1edfffff
261251621003000,30,30,7,4349734,130292,Clear Rate,10,1,B,MI,882ab2c1edfffff
261251621003001,30,30,10,4349734,130292,Clear Rate,10,1,B,MI,882ab2c1edfffff
261251621003002,30,30,10,4349734,130292,Clear Rate,10,1,B,MI,882ab2c1edfffff
261251621003004,30,30,1,4349734,130292,Clear Rate,10,1,B,MI,882ab2c1e1fffff
261251621003005,30,30,6,4349734,130292,Clear Rate,10,1,B,MI,882ab2c1edfffff
261251621003007,30,30,1,4349734,130292,Clear Rate,10,1,B,MI,882ab2c1edfffff
261251621003008,30,30,1,4349734,130292,Clear Rate,10,1,B,MI,882ab2c1edfffff
261251621003009,30,30,2,4349734,130292,Clear Rate,10,1,B,MI,882ab2c1edfffff
261251624001001,30,30,52,4349734,130292,Clear Rate,10,1,B,MI,882ab2cad5fffff
261251624001002,30,30,8,4349734,130292,Clear Rate,10,1,B,MI,882ab2ca89fffff
261251660001001,30,30,5,4349734,130292,Clear Rate,10,1,B,MI,882ab2ca65fffff
261251660001003,30,30,80,4349734,130292,Clear Rate,10,1,B,MI,882ab2cb59fffff
261251660001004,30,30,33,4349734,130292,Clear Rate,10,1,B,MI,882ab2cb59fffff
261251660001005,30,30,26,4349734,130292,Clear Rate,10,1,B,MI,882ab2cb59fffff
261251660001007,30,30,1,4349734,130292,Clear Rate,10,1,B,MI,882ab2cb5bfffff
261251660001008,30,30,15,4349734,130292,Clear Rate,10,1,B,MI,882ab2cb59fffff
261251660001009,30,30,8,4349734,130292,Clear Rate,10,1,B,MI,882ab2cb59fffff
261251660001010,30,30,66,4349734,130292,Clear Rate,10,1,B,MI,882ab2cb59fffff
261251660001010,45,45,2,4349734,130292,Clear Rate,10,1,B,MI,882ab2cb59fffff
261251660001012,30,30,20,4349734,130292,Clear Rate,10,1,B,MI,882ab2cb5bfffff
261251660002002,30,30,1,4349734,130292,Clear Rate,10,1,B,MI,882ab2cb43fffff
261251660002004,30,30,25,4349734,130292,Clear Rate,10,1,B,MI,882ab2cb5dfffff
261251660002007,30,30,5,4349734,130292,Clear Rate,10,1,B,MI,882ab2cb51fffff
261251660002011,30,30,2,4349734,130292,Clear Rate,10,1,B,MI,882ab2cb51fffff
261251660003000,30,30,12,4349734,130292,Clear Rate,10,1,B,MI,882ab2cb5dfffff
261251660003000,45,45,14,4349734,130292,Clear Rate,10,1,B,MI,882ab2cb5dfffff
261251660003001,45,45,8,4349734,130292,Clear Rate,10,1,B,MI,882ab2cb5dfffff
261251660003002,30,30,11,4349734,130292,Clear Rate,10,1,B,MI,882ab2cb5dfffff
261251660003004,30,30,12,4349734,130292,Clear Rate,10,1,B,MI,882ab2cb51fffff
261251660003005,30,30,23,4349734,130292,Clear Rate,10,1,B,MI,882ab2cb51fffff
261251660003006,30,30,28,4349734,130292,Clear Rate,10,1,B,MI,882ab2cb51fffff
261251660003007,30,30,16,4349734,130292,Clear Rate,10,1,B,MI,882ab2cb51fffff
261251660003008,30,30,26,4349734,130292,Clear Rate,10,1,B,MI,882ab2cb51fffff
261251667002002,30,30,1,4349734,130292,Clear Rate,10,1,B,MI,882ab2ca2dfffff
261251704001001,30,30,6,4349734,130292,Clear Rate,10,1,B,MI,882ab2c067fffff
261251704001002,30,30,30,4349734,130292,Clear Rate,10,1,B,MI,882ab2c02dfffff
261251704001003,30,30,54,4349734,130292,Clear Rate,10,1,B,MI,882ab2c02dfffff
261251704001006,30,30,55,4349734,130292,Clear Rate,10,1,B,MI,882ab2c02dfffff
261251704001007,30,30,32,4349734,130292,Clear Rate,10,1,B,MI,882ab2c02dfffff
261251704001008,30,30,18,4349734,130292,Clear Rate,10,1,B,MI,882ab2c067fffff
261251704001009,30,30,23,4349734,130292,Clear Rate,10,1,B,MI,882ab2c02dfffff
261251704001010,30,30,30,4349734,130292,Clear Rate,10,1,B,MI,882ab2c02dfffff
261251704001011,30,30,47,4349734,130292,Clear Rate,10,1,B,MI,882ab2c02dfffff
261251704001018,30,30,58,4349734,130292,Clear Rate,10,1,B,MI,882ab2c02dfffff
261251704001019,30,30,31,4349734,130292,Clear Rate,10,1,B,MI,882ab2c02dfffff
261251704001020,30,30,36,4349734,130292,Clear Rate,10,1,B,MI,882ab2c02dfffff
261251704001021,30,30,45,4349734,130292,Clear Rate,10,1,B,MI,882ab2c02dfffff
261251704001022,30,30,29,4349734,130292,Clear Rate,10,1,B,MI,882ab2c02dfffff
261251704001023,30,30,56,4349734,130292,Clear Rate,10,1,B,MI,882ab2c02dfffff
261251704003006,30,30,4,4349734,130292,Clear Rate,10,1,B,MI,882ab2c15bfffff
261251704003014,30,30,55,4349734,130292,Clear Rate,10,1,B,MI,882ab2c02dfffff
261251704003015,30,30,16,4349734,130292,Clear Rate,10,1,B,MI,882ab2c02dfffff
261251710003002,30,30,3,4349734,130292,Clear Rate,10,1,B,MI,882ab2c111fffff
261251710003003,30,30,34,4349734,130292,Clear Rate,10,1,B,MI,882ab2c111fffff
261251710003003,45,45,2,4349734,130292,Clear Rate,10,1,B,MI,882ab2c111fffff
261251710003005,30,30,31,4349734,130292,Clear Rate,10,1,B,MI,882ab2c111fffff
261251710003006,30,30,4,4349734,130292,Clear Rate,10,1,B,MI,882ab2c111fffff
261251710003007,30,30,14,4349734,130292,Clear Rate,10,1,B,MI,882ab2c111fffff
261251710003008,30,30,4,4349734,130292,Clear Rate,10,1,B,MI,882ab2c111fffff
261251710003009,45,45,1,4349734,130292,Clear Rate,10,1,B,MI,882ab2c111fffff
261251710003014,30,30,1,4349734,130292,Clear Rate,10,1,B,MI,882ab2c111fffff
261251710003018,30,30,8,4349734,130292,Clear Rate,10,1,B,MI,882ab2c111fffff
261251710003020,30,30,4,4349734,130292,Clear Rate,10,1,B,MI,882ab2c117fffff
261251710005001,45,45,13,4349734,130292,Clear Rate,10,1,B,MI,882ab2c11dfffff
261251710005003,45,45,14,4349734,130292,Clear Rate,10,1,B,MI,882ab2c11dfffff
261251710005003,80,80,37,4349734,130292,Clear Rate,10,1,B,MI,882ab2c11dfffff
261251710005004,45,45,29,4349734,130292,Clear Rate,10,1,B,MI,882ab2c11dfffff
261251710005005,45,45,28,4349734,130292,Clear Rate,10,1,B,MI,882ab2c11dfffff
261251710005006,45,45,15,4349734,130292,Clear Rate,10,1,B,MI,882ab2c11dfffff
261251710005009,45,45,18,4349734,130292,Clear Rate,10,1,B,MI,882ab2c111fffff
261251710005010,45,45,29,4349734,130292,Clear Rate,10,1,B,MI,882ab2c11dfffff
261251710005011,45,45,54,4349734,130292,Clear Rate,10,1,B,MI,882ab2c11dfffff
261251710005012,45,45,30,4349734,130292,Clear Rate,10,1,B,MI,882ab2c11dfffff
261251710005013,45,45,45,4349734,130292,Clear Rate,10,1,B,MI,882ab2c11dfffff
261251711002000,30,30,36,4349734,130292,Clear Rate,10,1,B,MI,882ab2c023fffff
261251714003001,30,30,2,4349734,130292,Clear Rate,10,1,B,MI,882ab2c117fffff
261251724001000,45,45,1,4349734,130292,Clear Rate,10,1,B,MI,882ab2c111fffff
261251724001001,45,45,2,4349734,130292,Clear Rate,10,1,B,MI,882ab2c111fffff
261251724001002,45,45,3,4349734,130292,Clear Rate,10,1,B,MI,882ab2c111fffff
261251724001008,30,30,1,4349734,130292,Clear Rate,10,1,B,MI,882ab2c117fffff
261251724001009,30,30,3,4349734,130292,Clear Rate,10,1,B,MI,882ab2c117fffff
261251724001010,30,30,1,4349734,130292,Clear Rate,10,1,B,MI,882ab2c117fffff
261251724001011,30,30,1,4349734,130292,Clear Rate,10,1,B,MI,882ab2c117fffff
261251724001012,30,30,4,4349734,130292,Clear Rate,10,1,B,MI,882ab2c117fffff
261251724001013,30,30,10,4349734,130292,Clear Rate,10,1,B,MI,882ab2c117fffff
261251724001014,30,30,12,4349734,130292,Clear Rate,10,1,B,MI,882ab2c117fffff
261251724002001,80,80,1,4349734,130292,Clear Rate,10,1,B,MI,882ab2c111fffff
261251724002002,45,45,4,4349734,130292,Clear Rate,10,1,B,MI,882ab2c115fffff
261251724002003,80,80,1,4349734,130292,Clear Rate,10,1,B,MI,882ab2c115fffff
261251724002005,45,45,1,4349734,130292,Clear Rate,10,1,B,MI,882ab2c111fffff
261251724002006,45,45,3,4349734,130292,Clear Rate,10,1,B,MI,882ab2c115fffff
261251732001001,30,30,1,4349734,130292,Clear Rate,10,1,B,MI,882ab2c03bfffff
261251732001002,30,30,16,4349734,130292,Clear Rate,10,1,B,MI,882ab2c031fffff
261251732001003,30,30,38,4349734,130292,Clear Rate,10,1,B,MI,882ab2c031fffff
261251732001004,30,30,42,4349734,130292,Clear Rate,10,1,B,MI,882ab2c031fffff
261251732001005,30,30,52,4349734,130292,Clear Rate,10,1,B,MI,882ab2c031fffff
261251732001006,30,30,51,4349734,130292,Clear Rate,10,1,B,MI,882ab2c031fffff
261251732001007,30,30,1,4349734,130292,Clear Rate,10,1,B,MI,882ab2c031fffff
261251800001001,30,30,18,4349734,130292,Clear Rate,10,1,B,MI,882ab2c309fffff
261251800001002,30,30,32,4349734,130292,Clear Rate,10,1,B,MI,882ab2c309fffff
261251800001003,30,30,19,4349734,130292,Clear Rate,10,1,B,MI,882ab2c309fffff
261251800001004,30,30,10,4349734,130292,Clear Rate,10,1,B,MI,882ab2c309fffff
261251800001008,30,30,4,4349734,130292,Clear Rate,10,1,B,MI,882ab2c309fffff
261251800001009,30,30,2,4349734,130292,Clear Rate,10,1,B,MI,882ab2c309fffff
261251800002000,30,30,42,4349734,130292,Clear Rate,10,1,B,MI,882ab2c309fffff
261251800002001,30,30,45,4349734,130292,Clear Rate,10,1,B,MI,882ab2c301fffff
261251800002005,30,30,18,4349734,130292,Clear Rate,10,1,B,MI,882ab2c309fffff
261251800002009,30,30,18,4349734,130292,Clear Rate,10,1,B,MI,882ab2c301fffff
261251800002010,30,30,35,4349734,130292,Clear Rate,10,1,B,MI,882ab2c309fffff
261251800002011,30,30,30,4349734,130292,Clear Rate,10,1,B,MI,882ab2c309fffff
261251800002012,30,30,13,4349734,130292,Clear Rate,10,1,B,MI,882ab2c309fffff
261251801003000,30,30,7,4349734,130292,Clear Rate,10,1,B,MI,882ab2c301fffff
261251801003001,30,30,14,4349734,130292,Clear Rate,10,1,B,MI,882ab2c301fffff
261251802001000,30,30,31,4349734,130292,Clear Rate,10,1,B,MI,882ab2c357fffff
261251802001001,30,30,38,4349734,130292,Clear Rate,10,1,B,MI,882ab2c31dfffff
261251802001002,30,30,37,4349734,130292,Clear Rate,10,1,B,MI,882ab2c31dfffff
261251802001003,30,30,7,4349734,130292,Clear Rate,10,1,B,MI,882ab2c31dfffff
261251802001004,30,30,11,4349734,130292,Clear Rate,10,1,B,MI,882ab2c31dfffff
261251802001005,30,30,13,4349734,130292,Clear Rate,10,1,B,MI,882ab2c31dfffff
261251802001006,30,30,16,4349734,130292,Clear Rate,10,1,B,MI,882ab2c31dfffff
261251802001007,30,30,46,4349734,130292,Clear Rate,10,1,B,MI,882ab2c31dfffff
261251802001008,30,30,32,4349734,130292,Clear Rate,10,1,B,MI,882ab2c31dfffff
261251802001009,30,30,13,4349734,130292,Clear Rate,10,1,B,MI,882ab2c31dfffff
261251802001010,30,30,33,4349734,130292,Clear Rate,10,1,B,MI,882ab2c31dfffff
261251802001011,30,30,33,4349734,130292,Clear Rate,10,1,B,MI,882ab2c319fffff
261251802001012,30,30,30,4349734,130292,Clear Rate,10,1,B,MI,882ab2c31dfffff
261251802001013,30,30,17,4349734,130292,Clear Rate,10,1,B,MI,882ab2c31dfffff
261251802001014,30,30,34,4349734,130292,Clear Rate,10,1,B,MI,882ab2c311fffff
261251802001015,30,30,29,4349734,130292,Clear Rate,10,1,B,MI,882ab2c319fffff
261251802002000,30,30,4,4349734,130292,Clear Rate,10,1,B,MI,882ab2c357fffff
261251802002000,80,80,35,4349734,130292,Clear Rate,10,1,B,MI,882ab2c357fffff
261251802002001,30,30,35,4349734,130292,Clear Rate,10,1,B,MI,882ab2c357fffff
261251802002002,30,30,39,4349734,130292,Clear Rate,10,1,B,MI,882ab2c357fffff
261251802002002,80,80,25,4349734,130292,Clear Rate,10,1,B,MI,882ab2c357fffff
261251802002003,30,30,42,4349734,130292,Clear Rate,10,1,B,MI,882ab2c357fffff
261251802002004,30,30,42,4349734,130292,Clear Rate,10,1,B,MI,882ab2c357fffff
261251802002005,30,30,42,4349734,130292,Clear Rate,10,1,B,MI,882ab2c357fffff
261251802002006,30,30,54,4349734,130292,Clear Rate,10,1,B,MI,882ab2c357fffff
261251802002007,30,30,42,4349734,130292,Clear Rate,10,1,B,MI,882ab2c30bfffff
261251802002008,30,30,31,4349734,130292,Clear Rate,10,1,B,MI,882ab2c31dfffff
261251802002009,30,30,23,4349734,130292,Clear Rate,10,1,B,MI,882ab2c357fffff
261251802002010,30,30,77,4349734,130292,Clear Rate,10,1,B,MI,882ab2c357fffff
261251802002011,30,30,54,4349734,130292,Clear Rate,10,1,B,MI,882ab2c357fffff
261251802002012,30,30,25,4349734,130292,Clear Rate,10,1,B,MI,882ab2c31dfffff
261251802002013,30,30,21,4349734,130292,Clear Rate,10,1,B,MI,882ab2c31dfffff
261251802002014,30,30,16,4349734,130292,Clear Rate,10,1,B,MI,882ab2c31dfffff
261251802003000,45,45,27,4349734,130292,Clear Rate,10,1,B,MI,882ab2c351fffff
261251802003000,80,80,26,4349734,130292,Clear Rate,10,1,B,MI,882ab2c351fffff
261251802003001,45,45,26,4349734,130292,Clear Rate,10,1,B,MI,882ab2c351fffff
261251802003001,80,80,33,4349734,130292,Clear Rate,10,1,B,MI,882ab2c353fffff
261251802003002,45,45,10,4349734,130292,Clear Rate,10,1,B,MI,882ab2c353fffff
261251802003003,45,45,27,4349734,130292,Clear Rate,10,1,B,MI,882ab2c351fffff
261251802003004,45,45,3,4349734,130292,Clear Rate,10,1,B,MI,882ab2c353fffff
261251802003004,80,80,39,4349734,130292,Clear Rate,10,1,B,MI,882ab2c353fffff
261251802003005,80,80,36,4349734,130292,Clear Rate,10,1,B,MI,882ab2c353fffff
261251802003006,45,45,20,4349734,130292,Clear Rate,10,1,B,MI,882ab2c353fffff
261251802003007,45,45,10,4349734,130292,Clear Rate,10,1,B,MI,882ab2c353fffff
261251802003008,45,45,18,4349734,130292,Clear Rate,10,1,B,MI,882ab2c353fffff
261251802003009,45,45,36,4349734,130292,Clear Rate,10,1,B,MI,882ab2c353fffff
261251802003010,45,45,25,4349734,130292,Clear Rate,10,1,B,MI,882ab2c353fffff
261251802003011,45,45,14,4349734,130292,Clear Rate,10,1,B,MI,882ab2c353fffff
261251802003012,45,45,49,4349734,130292,Clear Rate,10,1,B,MI,882ab2c319fffff
261251802003013,45,45,48,4349734,130292,Clear Rate,10,1,B,MI,882ab2c357fffff
261251810011001,30,30,5,4349734,130292,Clear Rate,10,1,B,MI,882ab2c22dfffff
261251811003000,30,30,2,4349734,130292,Clear Rate,10,1,B,MI,882ab2c225fffff
261251811004000,30,30,14,4349734,130292,Clear Rate,10,1,B,MI,882ab2c22dfffff
261251811004001,30,30,7,4349734,130292,Clear Rate,10,1,B,MI,882ab2c353fffff
261251830001000,30,30,1,4349734,130292,Clear Rate,10,1,B,MI,882ab2c307fffff
261251830003001,30,30,3,4349734,130292,Clear Rate,10,1,B,MI,882ab2c32bfffff
261251830003002,30,30,2,4349734,130292,Clear Rate,10,1,B,MI,882ab2c32bfffff
261251830006000,30,30,36,4349734,130292,Clear Rate,10,1,B,MI,882ab2c301fffff
261251830006004,30,30,12,4349734,130292,Clear Rate,10,1,B,MI,882ab2c307fffff
261251830006005,30,30,28,4349734,130292,Clear Rate,10,1,B,MI,882ab2c307fffff
261251831001000,30,30,22,4349734,130292,Clear Rate,10,1,B,MI,882ab2c225fffff
261251831001001,30,30,30,4349734,130292,Clear Rate,10,1,B,MI,882ab2c353fffff
261251831001002,30,30,19,4349734,130292,Clear Rate,10,1,B,MI,882ab2c319fffff
261251831001003,30,30,19,4349734,130292,Clear Rate,10,1,B,MI,882ab2c319fffff
261251831001004,30,30,25,4349734,130292,Clear Rate,10,1,B,MI,882ab2c319fffff
261251831001005,30,30,20,4349734,130292,Clear Rate,10,1,B,MI,882ab2c319fffff
261251831001006,30,30,30,4349734,130292,Clear Rate,10,1,B,MI,882ab2c225fffff
261251831001007,30,30,35,4349734,130292,Clear Rate,10,1,B,MI,882ab2c225fffff
261251831001008,30,30,28,4349734,130292,Clear Rate,10,1,B,MI,882ab2c319fffff
261251831001009,30,30,39,4349734,130292,Clear Rate,10,1,B,MI,882ab2c319fffff
261251831001010,30,30,50,4349734,130292,Clear Rate,10,1,B,MI,882ab2c319fffff
261251831001011,30,30,37,4349734,130292,Clear Rate,10,1,B,MI,882ab2c319fffff
261251831001012,30,30,36,4349734,130292,Clear Rate,10,1,B,MI,882ab2c225fffff
261251831001013,30,30,26,4349734,130292,Clear Rate,10,1,B,MI,882ab2c353fffff
261251831003000,30,30,36,4349734,130292,Clear Rate,10,1,B,MI,882ab2c225fffff
261251831003001,30,30,38,4349734,130292,Clear Rate,10,1,B,MI,882ab2c319fffff
261251831003002,30,30,51,4349734,130292,Clear Rate,10,1,B,MI,882ab2c319fffff
261251831003003,30,30,61,4349734,130292,Clear Rate,10,1,B,MI,882ab2c319fffff
261251831003007,30,30,8,4349734,130292,Clear Rate,10,1,B,MI,882ab2c319fffff
261251831003008,30,30,1,4349734,130292,Clear Rate,10,1,B,MI,882ab2c311fffff
261251831004000,30,30,36,4349734,130292,Clear Rate,10,1,B,MI,882ab2c311fffff
261251831004001,30,30,72,4349734,130292,Clear Rate,10,1,B,MI,882ab2c311fffff
261251831004002,30,30,54,4349734,130292,Clear Rate,10,1,B,MI,882ab2c311fffff
261251831004003,30,30,6,4349734,130292,Clear Rate,10,1,B,MI,882ab2c311fffff
261251831004004,30,30,28,4349734,130292,Clear Rate,10,1,B,MI,882ab2c311fffff
261251831004005,30,30,17,4349734,130292,Clear Rate,10,1,B,MI,882ab2c311fffff
261251831004006,30,30,31,4349734,130292,Clear Rate,10,1,B,MI,882ab2c311fffff
261251831004007,30,30,19,4349734,130292,Clear Rate,10,1,B,MI,882ab2c311fffff
261251831004008,30,30,9,4349734,130292,Clear Rate,10,1,B,MI,882ab2c311fffff
261251831004009,30,30,15,4349734,130292,Clear Rate,10,1,B,MI,882ab2c311fffff
261251831004010,30,30,13,4349734,130292,Clear Rate,10,1,B,MI,882ab2c311fffff
261251831004011,30,30,27,4349734,130292,Clear Rate,10,1,B,MI,882ab2c311fffff
261251831004012,30,30,14,4349734,130292,Clear Rate,10,1,B,MI,882ab2c311fffff
261251831004013,30,30,7,4349734,130292,Clear Rate,10,1,B,MI,882ab2c311fffff
261251831004014,30,30,31,4349734,130292,Clear Rate,10,1,B,MI,882ab2c311fffff
261251831004015,30,30,33,4349734,130292,Clear Rate,10,1,B,MI,882ab2c311fffff
261251831004016,30,30,27,4349734,130292,Clear Rate,10,1,B,MI,882ab2c311fffff
261251831004017,30,30,16,4349734,130292,Clear Rate,10,1,B,MI,882ab2c313fffff
261251831004018,30,30,27,4349734,130292,Clear Rate,10,1,B,MI,882ab2c311fffff
261251833001012,30,30,31,4349734,130292,Clear Rate,10,1,B,MI,882ab2c327fffff
261251833001013,30,30,26,4349734,130292,Clear Rate,10,1,B,MI,882ab2c327fffff
261251833001014,30,30,22,4349734,130292,Clear Rate,10,1,B,MI,882ab2c323fffff
261251833001020,30,30,17,4349734,130292,Clear Rate,10,1,B,MI,882ab2c327fffff
261251833002005,30,30,3,4349734,130292,Clear Rate,10,1,B,MI,882ab2c323fffff
261251833002007,30,30,2,4349734,130292,Clear Rate,10,1,B,MI,882ab2c323fffff
261251833002008,30,30,2,4349734,130292,Clear Rate,10,1,B,MI,882ab2c323fffff
261251833002009,30,30,28,4349734,130292,Clear Rate,10,1,B,MI,882ab2c149fffff
261251833002013,30,30,1,4349734,130292,Clear Rate,10,1,B,MI,882ab2c149fffff
261251834001001,30,30,37,4349734,130292,Clear Rate,10,1,B,MI,882ab2c327fffff
261251834001002,30,30,43,4349734,130292,Clear Rate,10,1,B,MI,882ab2c327fffff
261251834001003,30,30,36,4349734,130292,Clear Rate,10,1,B,MI,882ab2c327fffff
261251838001012,30,30,21,4349734,130292,Clear Rate,10,1,B,MI,882ab2c069fffff
261251839001000,30,30,83,4349734,130292,Clear Rate,10,1,B,MI,882ab2c047fffff
261251839001002,30,30,28,4349734,130292,Clear Rate,10,1,B,MI,882ab2c045fffff
261251839001003,30,30,27,4349734,130292,Clear Rate,10,1,B,MI,882ab2c047fffff
261251839001004,30,30,27,4349734,130292,Clear Rate,10,1,B,MI,882ab2c047fffff
261251839001005,30,30,33,4349734,130292,Clear Rate,10,1,B,MI,882ab2c045fffff
261251839001006,30,30,32,4349734,130292,Clear Rate,10,1,B,MI,882ab2c045fffff
261251839001007,30,30,33,4349734,130292,Clear Rate,10,1,B,MI,882ab2c06bfffff
261251839001008,30,30,32,4349734,130292,Clear Rate,10,1,B,MI,882ab2c047fffff
261251839001009,30,30,30,4349734,130292,Clear Rate,10,1,B,MI,882ab2c047fffff
261251839001010,30,30,29,4349734,130292,Clear Rate,10,1,B,MI,882ab2c047fffff
261251839001011,30,30,31,4349734,130292,Clear Rate,10,1,B,MI,882ab2c047fffff
261251839001012,30,30,31,4349734,130292,Clear Rate,10,1,B,MI,882ab2c047fffff
261251839001013,30,30,33,4349734,130292,Clear Rate,10,1,B,MI,882ab2c047fffff
261251839001014,30,30,34,4349734,130292,Clear Rate,10,1,B,MI,882ab2c047fffff
261251839003000,30,30,147,4349734,130292,Clear Rate,10,1,B,MI,882ab2c045fffff
261251839003001,30,30,22,4349734,130292,Clear Rate,10,1,B,MI,882ab2c045fffff
261251839003002,30,30,52,4349734,130292,Clear Rate,10,1,B,MI,882ab2c06bfffff
261251839003003,30,30,14,4349734,130292,Clear Rate,10,1,B,MI,882ab2c045fffff
261251839003004,30,30,44,4349734,130292,Clear Rate,10,1,B,MI,882ab2c045fffff
261251839003006,30,30,21,4349734,130292,Clear Rate,10,1,B,MI,882ab2c06bfffff
261251839003007,30,30,22,4349734,130292,Clear Rate,10,1,B,MI,882ab2c06bfffff
261251840001000,30,30,38,4349734,130292,Clear Rate,10,1,B,MI,882ab2c061fffff
261251840001001,30,30,39,4349734,130292,Clear Rate,10,1,B,MI,882ab2c061fffff
261251840001002,30,30,4,4349734,130292,Clear Rate,10,1,B,MI,882ab2c061fffff
261251840001003,30,30,12,4349734,130292,Clear Rate,10,1,B,MI,882ab2c061fffff
261251840001004,30,30,11,4349734,130292,Clear Rate,10,1,B,MI,882ab2c061fffff
261251840001005,30,30,25,4349734,130292,Clear Rate,10,1,B,MI,882ab2c061fffff
261251840001006,30,30,12,4349734,130292,Clear Rate,10,1,B,MI,882ab2c061fffff
261251840001007,30,30,35,4349734,130292,Clear Rate,10,1,B,MI,882ab2c061fffff
261251840001008,30,30,23,4349734,130292,Clear Rate,10,1,B,MI,882ab2c061fffff
261251840001009,30,30,24,4349734,130292,Clear Rate,10,1,B,MI,882ab2c061fffff
261251840001010,30,30,24,4349734,130292,Clear Rate,10,1,B,MI,882ab2c061fffff
261251840001011,30,30,24,4349734,130292,Clear Rate,10,1,B,MI,882ab2c061fffff
261251840001012,30,30,24,4349734,130292,Clear Rate,10,1,B,MI,882ab2c061fffff
261251840001013,30,30,22,4349734,130292,Clear Rate,10,1,B,MI,882ab2c061fffff
261251840001014,30,30,25,4349734,130292,Clear Rate,10,1,B,MI,882ab2c061fffff
261251840001015,30,30,25,4349734,130292,Clear Rate,10,1,B,MI,882ab2c061fffff
261251840001016,30,30,25,4349734,130292,Clear Rate,10,1,B,MI,882ab2c061fffff
261251840001017,30,30,40,4349734,130292,Clear Rate,10,1,B,MI,882ab2c061fffff
261251840003000,30,30,7,4349734,130292,Clear Rate,10,1,B,MI,882ab2c06bfffff
261251840003001,30,30,11,4349734,130292,Clear Rate,10,1,B,MI,882ab2c061fffff
261251840003002,30,30,3,4349734,130292,Clear Rate,10,1,B,MI,882ab2c061fffff
261251840003003,30,30,28,4349734,130292,Clear Rate,10,1,B,MI,882ab2c061fffff
261251840003004,30,30,12,4349734,130292,Clear Rate,10,1,B,MI,882ab2c061fffff
261251840003005,30,30,30,4349734,130292,Clear Rate,10,1,B,MI,882ab2c06bfffff
261251840003006,30,30,20,4349734,130292,Clear Rate,10,1,B,MI,882ab2c061fffff
261251840003007,30,30,35,4349734,130292,Clear Rate,10,1,B,MI,882ab2c061fffff
261251840003008,30,30,20,4349734,130292,Clear Rate,10,1,B,MI,882ab2c061fffff
261251840003009,30,30,14,4349734,130292,Clear Rate,10,1,B,MI,882ab2c061fffff
261251840003010,30,30,18,4349734,130292,Clear Rate,10,1,B,MI,882ab2c063fffff
261251840003011,30,30,23,4349734,130292,Clear Rate,10,1,B,MI,882ab2c063fffff
261251840003012,30,30,15,4349734,130292,Clear Rate,10,1,B,MI,882ab2c063fffff
261251840003013,30,30,3,4349734,130292,Clear Rate,10,1,B,MI,882ab2c06bfffff
261251840003014,30,30,14,4349734,130292,Clear Rate,10,1,B,MI,882ab2c06bfffff
261251840003015,30,30,23,4349734,130292,Clear Rate,10,1,B,MI,882ab2c06bfffff
261251840003016,30,30,25,4349734,130292,Clear Rate,10,1,B,MI,882ab2c063fffff
261251840003017,30,30,7,4349734,130292,Clear Rate,10,1,B,MI,882ab2c063fffff
261251841001000,30,30,34,4349734,130292,Clear Rate,10,1,B,MI,882ab2c063fffff
261251841001001,30,30,60,4349734,130292,Clear Rate,10,1,B,MI,882ab2c063fffff
261251841001002,30,30,28,4349734,130292,Clear Rate,10,1,B,MI,882ab2c063fffff
261251841001003,30,30,26,4349734,130292,Clear Rate,10,1,B,MI,882ab2c063fffff
261251841001004,30,30,39,4349734,130292,Clear Rate,10,1,B,MI,882ab2c063fffff
261251841001004,45,45,16,4349734,130292,Clear Rate,10,1,B,MI,882ab2c063fffff
261251841001006,30,30,13,4349734,130292,Clear Rate,10,1,B,MI,882ab2c067fffff
261251841001007,30,30,16,4349734,130292,Clear Rate,10,1,B,MI,882ab2c067fffff
261251841001008,30,30,16,4349734,130292,Clear Rate,10,1,B,MI,882ab2c067fffff
261251841001009,30,30,16,4349734,130292,Clear Rate,10,1,B,MI,882ab2c067fffff
261251841001010,30,30,17,4349734,130292,Clear Rate,10,1,B,MI,882ab2c067fffff
261251841001011,30,30,43,4349734,130292,Clear Rate,10,1,B,MI,882ab2c067fffff
261251841001013,30,30,7,4349734,130292,Clear Rate,10,1,B,MI,882ab2c067fffff
261251841001014,30,30,19,4349734,130292,Clear Rate,10,1,B,MI,882ab2c067fffff
261251841001015,30,30,14,4349734,130292,Clear Rate,10,1,B,MI,882ab2c063fffff
261251841001016,30,30,14,4349734,130292,Clear Rate,10,1,B,MI,882ab2c067fffff
261251841001017,30,30,14,4349734,130292,Clear Rate,10,1,B,MI,882ab2c067fffff
261251841001018,30,30,13,4349734,130292,Clear Rate,10,1,B,MI,882ab2c067fffff
261251841001019,30,30,30,4349734,130292,Clear Rate,10,1,B,MI,882ab2c067fffff
261251841001020,30,30,9,4349734,130292,Clear Rate,10,1,B,MI,882ab2c067fffff
261251841001021,30,30,17,4349734,130292,Clear Rate,10,1,B,MI,882ab2c067fffff
261251841001022,30,30,16,4349734,130292,Clear Rate,10,1,B,MI,882ab2c067fffff
261251841001023,30,30,15,4349734,130292,Clear Rate,10,1,B,MI,882ab2c063fffff
261251841001024,80,80,6,4349734,130292,Clear Rate,10,1,B,MI,882ab2c063fffff
261251841001025,80,80,14,4349734,130292,Clear Rate,10,1,B,MI,882ab2c063fffff
261251841001026,30,30,17,4349734,130292,Clear Rate,10,1,B,MI,882ab2c063fffff
261251841001027,80,80,5,4349734,130292,Clear Rate,10,1,B,MI,882ab2c063fffff
261251841001028,80,80,2,4349734,130292,Clear Rate,10,1,B,MI,882ab2c063fffff
261251841002000,80,80,22,4349734,130292,Clear Rate,10,1,B,MI,882ab2c063fffff
261251841002001,80,80,28,4349734,130292,Clear Rate,10,1,B,MI,882ab2c063fffff
261251841002002,45,45,33,4349734,130292,Clear Rate,10,1,B,MI,882ab2c063fffff
261251841002003,45,45,19,4349734,130292,Clear Rate,10,1,B,MI,882ab2c063fffff
261251841002004,30,30,39,4349734,130292,Clear Rate,10,1,B,MI,882ab2c063fffff
261251841002005,30,30,16,4349734,130292,Clear Rate,10,1,B,MI,882ab2c063fffff
261251841002006,30,30,10,4349734,130292,Clear Rate,10,1,B,MI,882ab2c029fffff
261251841002007,30,30,16,4349734,130292,Clear Rate,10,1,B,MI,882ab2c063fffff
261251841002008,30,30,10,4349734,130292,Clear Rate,10,1,B,MI,882ab2c029fffff
261251841002009,30,30,30,4349734,130292,Clear Rate,10,1,B,MI,882ab2c067fffff
261251841002010,30,30,10,4349734,130292,Clear Rate,10,1,B,MI,882ab2c067fffff
261251841002011,30,30,29,4349734,130292,Clear Rate,10,1,B,MI,882ab2c067fffff
261251841002012,30,30,10,4349734,130292,Clear Rate,10,1,B,MI,882ab2c067fffff
261251841002013,30,30,31,4349734,130292,Clear Rate,10,1,B,MI,882ab2c029fffff
261251841002013,45,45,19,4349734,130292,Clear Rate,10,1,B,MI,882ab2c029fffff
261251841002014,30,30,10,4349734,130292,Clear Rate,10,1,B,MI,882ab2c029fffff
261251841002015,30,30,5,4349734,130292,Clear Rate,10,1,B,MI,882ab2c029fffff
261251841002016,30,30,16,4349734,130292,Clear Rate,10,1,B,MI,882ab2c029fffff
261251841002017,30,30,4,4349734,130292,Clear Rate,10,1,B,MI,882ab2c029fffff
261251841002018,30,30,31,4349734,130292,Clear Rate,10,1,B,MI,882ab2c029fffff
261251841002018,45,45,2,4349734,130292,Clear Rate,10,1,B,MI,882ab2c029fffff
261251841002019,30,30,13,4349734,130292,Clear Rate,10,1,B,MI,882ab2c029fffff
261251841002020,30,30,18,4349734,130292,Clear Rate,10,1,B,MI,882ab2c029fffff
261251841002021,30,30,4,4349734,130292,Clear Rate,10,1,B,MI,882ab2c029fffff
261251841002022,30,30,1,4349734,130292,Clear Rate,10,1,B,MI,882ab2c005fffff
261251841002023,80,80,11,4349734,130292,Clear Rate,10,1,B,MI,882ab2c063fffff
261251841002024,80,80,27,4349734,130292,Clear Rate,10,1,B,MI,882ab2c063fffff
261251841002025,45,45,15,4349734,130292,Clear Rate,10,1,B,MI,882ab2c005fffff
261251842001000,30,30,39,4349734,130292,Clear Rate,10,1,B,MI,882ab2c00dfffff
261251842001001,30,30,69,4349734,130292,Clear Rate,10,1,B,MI,882ab2c00dfffff
261251842001002,30,30,16,4349734,130292,Clear Rate,10,1,B,MI,882ab2c00dfffff
261251842001003,30,30,24,4349734,130292,Clear Rate,10,1,B,MI,882ab2c00dfffff
261251842001004,30,30,38,4349734,130292,Clear Rate,10,1,B,MI,882ab2c00dfffff
261251842001005,30,30,36,4349734,130292,Clear Rate,10,1,B,MI,882ab2c00dfffff
261251842001005,45,45,33,4349734,130292,Clear Rate,10,1,B,MI,882ab2c00dfffff
261251842001006,45,45,19,4349734,130292,Clear Rate,10,1,B,MI,882ab2c00dfffff
261251842001007,45,45,18,4349734,130292,Clear Rate,10,1,B,MI,882ab2c063fffff
261251842001008,30,30,20,4349734,130292,Clear Rate,10,1,B,MI,882ab2c063fffff
261251842001009,30,30,3,4349734,130292,Clear Rate,10,1,B,MI,882ab2c00dfffff
261251842001009,45,45,64,4349734,130292,Clear Rate,10,1,B,MI,882ab2c00dfffff
261251842001010,45,45,18,4349734,130292,Clear Rate,10,1,B,MI,882ab2c00dfffff
261251842001011,45,45,20,4349734,130292,Clear Rate,10,1,B,MI,882ab2c063fffff
261251842002000,30,30,32,4349734,130292,Clear Rate,10,1,B,MI,882ab2c009fffff
261251842002001,30,30,28,4349734,130292,Clear Rate,10,1,B,MI,882ab2c009fffff
261251842002002,30,30,24,4349734,130292,Clear Rate,10,1,B,MI,882ab2c009fffff
261251842002003,30,30,31,4349734,130292,Clear Rate,10,1,B,MI,882ab2c009fffff
261251842002004,30,30,30,4349734,130292,Clear Rate,10,1,B,MI,882ab2c00dfffff
261251842002005,30,30,31,4349734,130292,Clear Rate,10,1,B,MI,882ab2c00dfffff
261251842002006,30,30,32,4349734,130292,Clear Rate,10,1,B,MI,882ab2c00dfffff
261251842002006,45,45,1,4349734,130292,Clear Rate,10,1,B,MI,882ab2c00dfffff
261251842002007,30,30,3,4349734,130292,Clear Rate,10,1,B,MI,882ab2c00dfffff
261251842002007,45,45,31,4349734,130292,Clear Rate,10,1,B,MI,882ab2c00dfffff
261251842002008,45,45,31,4349734,130292,Clear Rate,10,1,B,MI,882ab2c00dfffff
261251842002009,30,30,26,4349734,130292,Clear Rate,10,1,B,MI,882ab2c00dfffff
261251842002009,45,45,3,4349734,130292,Clear Rate,10,1,B,MI,882ab2c00dfffff
261251842002010,30,30,25,4349734,130292,Clear Rate,10,1,B,MI,882ab2c009fffff
261251842002011,30,30,25,4349734,130292,Clear Rate,10,1,B,MI,882ab2c009fffff
261251842002012,30,30,28,4349734,130292,Clear Rate,10,1,B,MI,882ab2c009fffff
261251842002013,30,30,28,4349734,130292,Clear Rate,10,1,B,MI,882ab2c009fffff
261251842002014,30,30,27,4349734,130292,Clear Rate,10,1,B,MI,882ab2c009fffff
261251842002015,30,30,25,4349734,130292,Clear Rate,10,1,B,MI,882ab2c009fffff
261251842003000,30,30,17,4349734,130292,Clear Rate,10,1,B,MI,882ab2c047fffff
261251842003001,30,30,26,4349734,130292,Clear Rate,10,1,B,MI,882ab2c047fffff
261251842003002,30,30,24,4349734,130292,Clear Rate,10,1,B,MI,882ab2c047fffff
261251842003003,30,30,25,4349734,130292,Clear Rate,10,1,B,MI,882ab2c047fffff
261251842003004,30,30,26,4349734,130292,Clear Rate,10,1,B,MI,882ab2c047fffff
261251842003005,30,30,26,4349734,130292,Clear Rate,10,1,B,MI,882ab2c047fffff
261251842003006,30,30,24,4349734,130292,Clear Rate,10,1,B,MI,882ab2c047fffff
261251842003007,30,30,24,4349734,130292,Clear Rate,10,1,B,MI,882ab2c00dfffff
261251842003008,30,30,23,4349734,130292,Clear Rate,10,1,B,MI,882ab2c00dfffff
261251842003008,45,45,6,4349734,130292,Clear Rate,10,1,B,MI,882ab2c00dfffff
261251842003009,30,30,29,4349734,130292,Clear Rate,10,1,B,MI,882ab2c047fffff
261251842003010,30,30,27,4349734,130292,Clear Rate,10,1,B,MI,882ab2c047fffff
261251842003011,30,30,29,4349734,130292,Clear Rate,10,1,B,MI,882ab2c047fffff
261251842003012,30,30,28,4349734,130292,Clear Rate,10,1,B,MI,882ab2c047fffff
261251842003013,30,30,28,4349734,130292,Clear Rate,10,1,B,MI,882ab2c047fffff
261251842003014,30,30,27,4349734,130292,Clear Rate,10,1,B,MI,882ab2c047fffff
261251842003015,30,30,25,4349734,130292,Clear Rate,10,1,B,MI,882ab2c047fffff
261251842004000,45,45,34,4349734,130292,Clear Rate,10,1,B,MI,882ab2c00dfffff
261251842004001,45,45,37,4349734,130292,Clear Rate,10,1,B,MI,882ab2c00dfffff
261251842004002,45,45,35,4349734,130292,Clear Rate,10,1,B,MI,882ab2c00dfffff
261251842004003,45,45,29,4349734,130292,Clear Rate,10,1,B,MI,882ab2c00dfffff
261251842004004,45,45,20,4349734,130292,Clear Rate,10,1,B,MI,882ab2c063fffff
261251842004005,45,45,15,4349734,130292,Clear Rate,10,1,B,MI,882ab2c063fffff
261251842004006,80,80,17,4349734,130292,Clear Rate,10,1,B,MI,882ab2c00dfffff
261251842004007,45,45,11,4349734,130292,Clear Rate,10,1,B,MI,882ab2c00dfffff
261251842004007,80,80,6,4349734,130292,Clear Rate,10,1,B,MI,882ab2c00dfffff
261251842004008,45,45,9,4349734,130292,Clear Rate,10,1,B,MI,882ab2c00dfffff
261251842004008,80,80,24,4349734,130292,Clear Rate,10,1,B,MI,882ab2c00dfffff
261251842004009,45,45,15,4349734,130292,Clear Rate,10,1,B,MI,882ab2c00dfffff
261251842004010,45,45,25,4349734,130292,Clear Rate,10,1,B,MI,882ab2c00dfffff
261251842004011,45,45,27,4349734,130292,Clear Rate,10,1,B,MI,882ab2c00dfffff
261251842004012,45,45,26,4349734,130292,Clear Rate,10,1,B,MI,882ab2c00dfffff
261251842004013,45,45,27,4349734,130292,Clear Rate,10,1,B,MI,882ab2c00dfffff
261251843001003,30,30,22,4349734,130292,Clear Rate,10,1,B,MI,882ab2c00bfffff
261251843001005,30,30,11,4349734,130292,Clear Rate,10,1,B,MI,882ab2c00bfffff
261251843001006,30,30,15,4349734,130292,Clear Rate,10,1,B,MI,882ab2c00bfffff
261251843001007,30,30,14,4349734,130292,Clear Rate,10,1,B,MI,882ab2c055fffff
261251843001008,30,30,36,4349734,130292,Clear Rate,10,1,B,MI,882ab2c055fffff
261251843001009,30,30,39,4349734,130292,Clear Rate,10,1,B,MI,882ab2c055fffff
261251843001010,30,30,41,4349734,130292,Clear Rate,10,1,B,MI,882ab2c009fffff
261251843001011,30,30,1,4349734,130292,Clear Rate,10,1,B,MI,882ab2c009fffff
261251843001015,30,30,7,4349734,130292,Clear Rate,10,1,B,MI,882ab2c055fffff
261251843001016,30,30,37,4349734,130292,Clear Rate,10,1,B,MI,882ab2c00bfffff
261251843001017,30,30,36,4349734,130292,Clear Rate,10,1,B,MI,882ab2c00bfffff
261251843001018,30,30,14,4349734,130292,Clear Rate,10,1,B,MI,882ab2c00bfffff
261251843001023,30,30,33,4349734,130292,Clear Rate,10,1,B,MI,882ab2c00bfffff
261251843001024,30,30,27,4349734,130292,Clear Rate,10,1,B,MI,882ab2c00bfffff
261251843001025,30,30,27,4349734,130292,Clear Rate,10,1,B,MI,882ab2c00bfffff
261251843001026,30,30,27,4349734,130292,Clear Rate,10,1,B,MI,882ab2c00bfffff
261251843001027,30,30,33,4349734,130292,Clear Rate,10,1,B,MI,882ab2c00bfffff
261251843001028,30,30,29,4349734,130292,Clear Rate,10,1,B,MI,882ab2c00bfffff
261251843001029,30,30,33,4349734,130292,Clear Rate,10,1,B,MI,882ab2c00bfffff
261251843001030,30,30,38,4349734,130292,Clear Rate,10,1,B,MI,882ab2c00bfffff
261251843001031,30,30,36,4349734,130292,Clear Rate,10,1,B,MI,882ab2c00bfffff
261251843001032,30,30,33,4349734,130292,Clear Rate,10,1,B,MI,882ab2c00bfffff
261251843001033,30,30,31,4349734,130292,Clear Rate,10,1,B,MI,882ab2c00bfffff
261251843001034,30,30,30,4349734,130292,Clear Rate,10,1,B,MI,882ab2c00bfffff
261251843001034,45,45,3,4349734,130292,Clear Rate,10,1,B,MI,882ab2c00bfffff
261251843001035,30,30,21,4349734,130292,Clear Rate,10,1,B,MI,882ab2c00bfffff
261251843001035,45,45,19,4349734,130292,Clear Rate,10,1,B,MI,882ab2c00bfffff
261251843001036,30,30,35,4349734,130292,Clear Rate,10,1,B,MI,882ab2c00bfffff
261251843001037,30,30,16,4349734,130292,Clear Rate,10,1,B,MI,882ab2c00bfffff
261251843002012,30,30,20,4349734,130292,Clear Rate,10,1,B,MI,882ab2c055fffff
261251843002013,30,30,27,4349734,130292,Clear Rate,10,1,B,MI,882ab2c009fffff
261251843002014,30,30,24,4349734,130292,Clear Rate,10,1,B,MI,882ab2c009fffff
261251843002015,30,30,12,4349734,130292,Clear Rate,10,1,B,MI,882ab2c009fffff
261251843002019,30,30,13,4349734,130292,Clear Rate,10,1,B,MI,882ab2c055fffff
261251843002020,30,30,20,4349734,130292,Clear Rate,10,1,B,MI,882ab2c055fffff
261251843002023,30,30,11,4349734,130292,Clear Rate,10,1,B,MI,882ab2c009fffff
261251843002024,30,30,28,4349734,130292,Clear Rate,10,1,B,MI,882ab2c009fffff
261251843002025,30,30,28,4349734,130292,Clear Rate,10,1,B,MI,882ab2c055fffff
261251843002026,30,30,19,4349734,130292,Clear Rate,10,1,B,MI,882ab2c055fffff
261251843002027,30,30,12,4349734,130292,Clear Rate,10,1,B,MI,882ab2c055fffff
261251844001000,45,45,22,4349734,130292,Clear Rate,10,1,B,MI,882ab2c001fffff
261251844001001,80,80,25,4349734,130292,Clear Rate,10,1,B,MI,882ab2c005fffff
261251844001002,80,80,21,4349734,130292,Clear Rate,10,1,B,MI,882ab2c005fffff
261251844001003,80,80,11,4349734,130292,Clear Rate,10,1,B,MI,882ab2c005fffff
261251844001004,45,45,18,4349734,130292,Clear Rate,10,1,B,MI,882ab2c001fffff
261251844001004,80,80,3,4349734,130292,Clear Rate,10,1,B,MI,882ab2c001fffff
261251844001005,45,45,28,4349734,130292,Clear Rate,10,1,B,MI,882ab2c001fffff
261251844001005,80,80,2,4349734,130292,Clear Rate,10,1,B,MI,882ab2c001fffff
261251844001006,80,80,15,4349734,130292,Clear Rate,10,1,B,MI,882ab2c005fffff
261251844001007,80,80,2,4349734,130292,Clear Rate,10,1,B,MI,882ab2c005fffff
261251844001008,80,80,8,4349734,130292,Clear Rate,10,1,B,MI,882ab2c005fffff
261251844001009,80,80,4,4349734,130292,Clear Rate,10,1,B,MI,882ab2c005fffff
261251844001010,80,80,2,4349734,130292,Clear Rate,10,1,B,MI,882ab2c005fffff
261251844001011,45,45,13,4349734,130292,Clear Rate,10,1,B,MI,882ab2c005fffff
261251844001012,80,80,1,4349734,130292,Clear Rate,10,1,B,MI,882ab2c005fffff
261251844001013,80,80,9,4349734,130292,Clear Rate,10,1,B,MI,882ab2c005fffff
261251844001016,45,45,8,4349734,130292,Clear Rate,10,1,B,MI,882ab2c001fffff
261251844001017,45,45,19,4349734,130292,Clear Rate,10,1,B,MI,882ab2c005fffff
261251844001017,80,80,2,4349734,130292,Clear Rate,10,1,B,MI,882ab2c005fffff
261251844001018,45,45,1,4349734,130292,Clear Rate,10,1,B,MI,882ab2c005fffff
261251844001018,80,80,30,4349734,130292,Clear Rate,10,1,B,MI,882ab2c005fffff
261251844001019,45,45,2,4349734,130292,Clear Rate,10,1,B,MI,882ab2c005fffff
261251844001019,80,80,21,4349734,130292,Clear Rate,10,1,B,MI,882ab2c005fffff
261251844001020,80,80,1,4349734,130292,Clear Rate,10,1,B,MI,882ab2c005fffff
261251844001021,80,80,2,4349734,130292,Clear Rate,10,1,B,MI,882ab2c005fffff
261251844001022,80,80,1,4349734,130292,Clear Rate,10,1,B,MI,882ab2c005fffff
261251844001023,80,80,2,4349734,130292,Clear Rate,10,1,B,MI,882ab2c005fffff
261251844001024,80,80,23,4349734,130292,Clear Rate,10,1,B,MI,882ab2c005fffff
261251844001025,80,80,29,4349734,130292,Clear Rate,10,1,B,MI,882ab2c001fffff
261251844001026,80,80,29,4349734,130292,Clear Rate,10,1,B,MI,882ab2c001fffff
261251844001027,45,45,5,4349734,130292,Clear Rate,10,1,B,MI,882ab2c001fffff
261251844001027,80,80,32,4349734,130292,Clear Rate,10,1,B,MI,882ab2c001fffff
261251844001028,80,80,35,4349734,130292,Clear Rate,10,1,B,MI,882ab2c001fffff
261251844001029,45,45,13,4349734,130292,Clear Rate,10,1,B,MI,882ab2c001fffff
261251844001030,80,80,13,4349734,130292,Clear Rate,10,1,B,MI,882ab2c005fffff
261251844001031,80,80,6,4349734,130292,Clear Rate,10,1,B,MI,882ab2c005fffff
261251844001032,80,80,2,4349734,130292,Clear Rate,10,1,B,MI,882ab2c005fffff
261251844002000,30,30,12,4349734,130292,Clear Rate,10,1,B,MI,882ab2c009fffff
261251844002001,30,30,15,4349734,130292,Clear Rate,10,1,B,MI,882ab2c009fffff
261251844002002,30,30,14,4349734,130292,Clear Rate,10,1,B,MI,882ab2c009fffff
261251844002003,30,30,7,4349734,130292,Clear Rate,10,1,B,MI,882ab2c009fffff
261251844002004,30,30,15,4349734,130292,Clear Rate,10,1,B,MI,882ab2c001fffff
261251844002005,45,45,26,4349734,130292,Clear Rate,10,1,B,MI,882ab2c00dfffff
261251844002006,45,45,31,4349734,130292,Clear Rate,10,1,B,MI,882ab2c001fffff
261251844002007,45,45,9,4349734,130292,Clear Rate,10,1,B,MI,882ab2c001fffff
261251844002008,30,30,12,4349734,130292,Clear Rate,10,1,B,MI,882ab2c009fffff
261251844002009,30,30,27,4349734,130292,Clear Rate,10,1,B,MI,882ab2c009fffff
261251844002010,30,30,26,4349734,130292,Clear Rate,10,1,B,MI,882ab2c009fffff
261251844002011,30,30,23,4349734,130292,Clear Rate,10,1,B,MI,882ab2c009fffff
261251844002016,30,30,15,4349734,130292,Clear Rate,10,1,B,MI,882ab2c009fffff
261251844002017,45,45,27,4349734,130292,Clear Rate,10,1,B,MI,882ab2c001fffff
261251844002018,45,45,33,4349734,130292,Clear Rate,10,1,B,MI,882ab2c001fffff
261251844002021,45,45,26,4349734,130292,Clear Rate,10,1,B,MI,882ab2c001fffff
261251844002022,45,45,23,4349734,130292,Clear Rate,10,1,B,MI,882ab2c001fffff
261251844002023,45,45,11,4349734,130292,Clear Rate,10,1,B,MI,882ab2c001fffff
261251844002024,45,45,10,4349734,130292,Clear Rate,10,1,B,MI,882ab2c001fffff
261251844002025,45,45,12,4349734,130292,Clear Rate,10,1,B,MI,882ab2c00bfffff
261251844002026,45,45,14,4349734,130292,Clear Rate,10,1,B,MI,882ab2c00bfffff
261251844002027,45,45,12,4349734,130292,Clear Rate,10,1,B,MI,882ab2c001fffff
261251844002028,45,45,14,4349734,130292,Clear Rate,10,1,B,MI,882ab2c001fffff
261251844002029,45,45,11,4349734,130292,Clear Rate,10,1,B,MI,882ab2c001fffff
261251844002030,45,45,15,4349734,130292,Clear Rate,10,1,B,MI,882ab2c001fffff
261251844002031,45,45,14,4349734,130292,Clear Rate,10,1,B,MI,882ab2c001fffff
261251844002032,45,45,11,4349734,130292,Clear Rate,10,1,B,MI,882ab2c001fffff
261251844002033,45,45,12,4349734,130292,Clear Rate,10,1,B,MI,882ab2c001fffff
261251844002034,45,45,12,4349734,130292,Clear Rate,10,1,B,MI,882ab2c001fffff
261251844002035,30,30,30,4349734,130292,Clear Rate,10,1,B,MI,882ab2c001fffff
261251844002035,80,80,7,4349734,130292,Clear Rate,10,1,B,MI,882ab2c001fffff
261251844002036,30,30,36,4349734,130292,Clear Rate,10,1,B,MI,882ab2c001fffff
261251844002037,30,30,40,4349734,130292,Clear Rate,10,1,B,MI,882ab2c001fffff
261251844002038,30,30,2,4349734,130292,Clear Rate,10,1,B,MI,882ab2c001fffff
261251844002038,45,45,40,4349734,130292,Clear Rate,10,1,B,MI,882ab2c001fffff
261251844002039,45,45,26,4349734,130292,Clear Rate,10,1,B,MI,882ab2c001fffff
261251844002040,45,45,38,4349734,130292,Clear Rate,10,1,B,MI,882ab2c00bfffff
261251844002041,45,45,22,4349734,130292,Clear Rate,10,1,B,MI,882ab2c00bfffff
261251844002042,45,45,1,4349734,130292,Clear Rate,10,1,B,MI,882ab2c00bfffff
261251844002043,45,45,8,4349734,130292,Clear Rate,10,1,B,MI,882ab2c001fffff
261251845001000,80,80,2,4349734,130292,Clear Rate,10,1,B,MI,882ab2c005fffff
261251845001001,80,80,1,4349734,130292,Clear Rate,10,1,B,MI,882ab2c005fffff
261251845001002,80,80,1,4349734,130292,Clear Rate,10,1,B,MI,882ab2c005fffff
261251845001003,45,45,3,4349734,130292,Clear Rate,10,1,B,MI,882ab2c005fffff
261251845001004,45,45,12,4349734,130292,Clear Rate,10,1,B,MI,882ab2c029fffff
261251845001005,30,30,1,4349734,130292,Clear Rate,10,1,B,MI,882ab2c029fffff
261251845001005,45,45,14,4349734,130292,Clear Rate,10,1,B,MI,882ab2c029fffff
261251845001006,45,45,9,4349734,130292,Clear Rate,10,1,B,MI,882ab2c029fffff
261251845001007,30,30,6,4349734,130292,Clear Rate,10,1,B,MI,882ab2c029fffff
261251845001007,45,45,10,4349734,130292,Clear Rate,10,1,B,MI,882ab2c029fffff
261251845001008,30,30,2,4349734,130292,Clear Rate,10,1,B,MI,882ab2c029fffff
261251845001008,45,45,21,4349734,130292,Clear Rate,10,1,B,MI,882ab2c029fffff
261251845001009,45,45,16,4349734,130292,Clear Rate,10,1,B,MI,882ab2c029fffff
261251845001010,45,45,9,4349734,130292,Clear Rate,10,1,B,MI,882ab2c029fffff
261251845001011,45,45,8,4349734,130292,Clear Rate,10,1,B,MI,882ab2c029fffff
261251845001012,80,80,25,4349734,130292,Clear Rate,10,1,B,MI,882ab2c029fffff
261251845001013,45,45,13,4349734,130292,Clear Rate,10,1,B,MI,882ab2c029fffff
261251845001014,45,45,16,4349734,130292,Clear Rate,10,1,B,MI,882ab2c029fffff
261251845001015,45,45,16,4349734,130292,Clear Rate,10,1,B,MI,882ab2c029fffff
261251845001016,80,80,22,4349734,130292,Clear Rate,10,1,B,MI,882ab2c005fffff
261251845001017,80,80,9,4349734,130292,Clear Rate,10,1,B,MI,882ab2c005fffff
261251845001018,80,80,12,4349734,130292,Clear Rate,10,1,B,MI,882ab2c005fffff
261251845001019,45,45,2,4349734,130292,Clear Rate,10,1,B,MI,882ab2c005fffff
261251845001020,45,45,5,4349734,130292,Clear Rate,10,1,B,MI,882ab2c005fffff
261251845001020,80,80,3,4349734,130292,Clear Rate,10,1,B,MI,882ab2c005fffff
261251845001021,80,80,3,4349734,130292,Clear Rate,10,1,B,MI,882ab2c005fffff
261251845001022,80,80,8,4349734,130292,Clear Rate,10,1,B,MI,882ab2c005fffff
261251845001023,80,80,1,4349734,130292,Clear Rate,10,1,B,MI,882ab2c005fffff
261251845001024,80,80,2,4349734,130292,Clear Rate,10,1,B,MI,882ab2c005fffff
261251845001025,80,80,6,4349734,130292,Clear Rate,10,1,B,MI,882ab2c005fffff
261251845001026,80,80,9,4349734,130292,Clear Rate,10,1,B,MI,882ab2c005fffff
261251845001027,80,80,4,4349734,130292,Clear Rate,10,1,B,MI,882ab2c005fffff
261251845001028,80,80,3,4349734,130292,Clear Rate,10,1,B,MI,882ab2c005fffff
261251845001029,80,80,3,4349734,130292,Clear Rate,10,1,B,MI,882ab2c02bfffff
261251845001030,80,80,1,4349734,130292,Clear Rate,10,1,B,MI,882ab2c005fffff
261251845001031,80,80,7,4349734,130292,Clear Rate,10,1,B,MI,882ab2c005fffff
261251845001033,80,80,27,4349734,130292,Clear Rate,10,1,B,MI,882ab2c02bfffff
261251845001034,80,80,9,4349734,130292,Clear Rate,10,1,B,MI,882ab2c02bfffff
261251845001035,80,80,22,4349734,130292,Clear Rate,10,1,B,MI,882ab2c02bfffff
261251845001036,45,45,13,4349734,130292,Clear Rate,10,1,B,MI,882ab2c029fffff
261251845001037,80,80,19,4349734,130292,Clear Rate,10,1,B,MI,882ab2c02bfffff
261251845001038,80,80,18,4349734,130292,Clear Rate,10,1,B,MI,882ab2c02bfffff
261251845001039,80,80,10,4349734,130292,Clear Rate,10,1,B,MI,882ab2c02bfffff
261251845001040,45,45,7,4349734,130292,Clear Rate,10,1,B,MI,882ab2c02bfffff
261251845002000,45,45,8,4349734,130292,Clear Rate,10,1,B,MI,882ab2c007fffff
261251845002000,80,80,5,4349734,130292,Clear Rate,10,1,B,MI,882ab2c007fffff
261251845002001,45,45,1,4349734,130292,Clear Rate,10,1,B,MI,882ab2c02bfffff
261251845002001,80,80,2,4349734,130292,Clear Rate,10,1,B,MI,882ab2c02bfffff
261251845002002,45,45,9,4349734,130292,Clear Rate,10,1,B,MI,882ab2c005fffff
261251845002002,80,80,1,4349734,130292,Clear Rate,10,1,B,MI,882ab2c02bfffff
261251845002003,80,80,34,4349734,130292,Clear Rate,10,1,B,MI,882ab2c02bfffff
261251845002004,80,80,16,4349734,130292,Clear Rate,10,1,B,MI,882ab2c007fffff
261251845002005,45,45,13,4349734,130292,Clear Rate,10,1,B,MI,882ab2c02bfffff
261251845002005,80,80,2,4349734,130292,Clear Rate,10,1,B,MI,882ab2c02bfffff
261251845002006,45,45,16,4349734,130292,Clear Rate,10,1,B,MI,882ab2c02bfffff
261251845002006,80,80,33,4349734,130292,Clear Rate,10,1,B,MI,882ab2c02bfffff
261251845002007,45,45,10,4349734,130292,Clear Rate,10,1,B,MI,882ab2c02bfffff
261251845002007,80,80,3,4349734,130292,Clear Rate,10,1,B,MI,882ab2c02bfffff
261251845002008,80,80,32,4349734,130292,Clear Rate,10,1,B,MI,882ab2c02bfffff
261251845002010,30,30,21,4349734,130292,Clear Rate,10,1,B,MI,882ab2c02bfffff
261251845002012,30,30,2,4349734,130292,Clear Rate,10,1,B,MI,882ab2c02bfffff
261251845002013,30,30,18,4349734,130292,Clear Rate,10,1,B,MI,882ab2c02bfffff
261251845002014,30,30,24,4349734,130292,Clear Rate,10,1,B,MI,882ab2c02bfffff
261251845002016,45,45,1,4349734,130292,Clear Rate,10,1,B,MI,882ab2c03dfffff
261251845002017,45,45,3,4349734,130292,Clear Rate,10,1,B,MI,882ab2c03dfffff
261251845002018,45,45,12,4349734,130292,Clear Rate,10,1,B,MI,882ab2c007fffff
261251845002019,80,80,13,4349734,130292,Clear Rate,10,1,B,MI,882ab2c007fffff
261251845002020,80,80,15,4349734,130292,Clear Rate,10,1,B,MI,882ab2c007fffff
261251845002021,30,30,16,4349734,130292,Clear Rate,10,1,B,MI,882ab2c02bfffff
261251845002022,30,30,27,4349734,130292,Clear Rate,10,1,B,MI,882ab2c02bfffff
261251845002023,45,45,12,4349734,130292,Clear Rate,10,1,B,MI,882ab2c02bfffff
261251845002023,80,80,2,4349734,130292,Clear Rate,10,1,B,MI,882ab2c02bfffff
261251845002024,30,30,7,4349734,130292,Clear Rate,10,1,B,MI,882ab2c02bfffff
261251846001000,30,30,22,4349734,130292,Clear Rate,10,1,B,MI,882ab2c001fffff
261251846001001,30,30,14,4349734,130292,Clear Rate,10,1,B,MI,882ab2c001fffff
261251846001001,80,80,8,4349734,130292,Clear Rate,10,1,B,MI,882ab2c001fffff
261251846001002,80,80,19,4349734,130292,Clear Rate,10,1,B,MI,882ab2c001fffff
261251846001003,80,80,28,4349734,130292,Clear Rate,10,1,B,MI,882ab2c007fffff
261251846001004,80,80,15,4349734,130292,Clear Rate,10,1,B,MI,882ab2c007fffff
261251846001005,80,80,9,4349734,130292,Clear Rate,10,1,B,MI,882ab2c007fffff
261251846001006,80,80,12,4349734,130292,Clear Rate,10,1,B,MI,882ab2c007fffff
261251846001007,80,80,1,4349734,130292,Clear Rate,10,1,B,MI,882ab2c007fffff
261251846001008,80,80,23,4349734,130292,Clear Rate,10,1,B,MI,882ab2c007fffff
261251846001009,80,80,17,4349734,130292,Clear Rate,10,1,B,MI,882ab2c007fffff
261251846001010,30,30,12,4349734,130292,Clear Rate,10,1,B,MI,882ab2c007fffff
261251846001010,80,80,8,4349734,130292,Clear Rate,10,1,B,MI,882ab2c007fffff
261251846001011,30,30,18,4349734,130292,Clear Rate,10,1,B,MI,882ab2c001fffff
261251846001012,30,30,38,4349734,130292,Clear Rate,10,1,B,MI,882ab2c003fffff
261251846001013,30,30,11,4349734,130292,Clear Rate,10,1,B,MI,882ab2c007fffff
261251846001013,80,80,11,4349734,130292,Clear Rate,10,1,B,MI,882ab2c007fffff
261251846001014,80,80,18,4349734,130292,Clear Rate,10,1,B,MI,882ab2c007fffff
261251846001015,80,80,8,4349734,130292,Clear Rate,10,1,B,MI,882ab2c007fffff
261251846001016,30,30,15,4349734,130292,Clear Rate,10,1,B,MI,882ab2c003fffff
261251846001017,30,30,8,4349734,130292,Clear Rate,10,1,B,MI,882ab2c003fffff
261251846001018,80,80,9,4349734,130292,Clear Rate,10,1,B,MI,882ab2c007fffff
261251846001019,30,30,3,4349734,130292,Clear Rate,10,1,B,MI,882ab2c003fffff
261251846001022,45,45,96,4349734,130292,Clear Rate,10,1,B,MI,882ab2c007fffff
261251846001022,80,80,3,4349734,130292,Clear Rate,10,1,B,MI,882ab2c007fffff
261251846001023,45,45,25,4349734,130292,Clear Rate,10,1,B,MI,882ab2c007fffff
261251846001024,45,45,18,4349734,130292,Clear Rate,10,1,B,MI,882ab2c007fffff
261251846001025,80,80,2,4349734,130292,Clear Rate,10,1,B,MI,882ab2c007fffff
261251846002000,30,30,34,4349734,130292,Clear Rate,10,1,B,MI,882ab2c00bfffff
261251846002001,30,30,35,4349734,130292,Clear Rate,10,1,B,MI,882ab2c00bfffff
261251846002002,30,30,35,4349734,130292,Clear Rate,10,1,B,MI,882ab2c00bfffff
261251846002003,30,30,32,4349734,130292,Clear Rate,10,1,B,MI,882ab2c003fffff
261251846002004,30,30,29,4349734,130292,Clear Rate,10,1,B,MI,882ab2c003fffff
261251846002005,30,30,31,4349734,130292,Clear Rate,10,1,B,MI,882ab2c003fffff
261251846002006,30,30,34,4349734,130292,Clear Rate,10,1,B,MI,882ab2c003fffff
261251846002007,30,30,35,4349734,130292,Clear Rate,10,1,B,MI,882ab2c003fffff
261251846002008,30,30,48,4349734,130292,Clear Rate,10,1,B,MI,882ab2c003fffff
261251846002009,30,30,50,4349734,130292,Clear Rate,10,1,B,MI,882ab2c003fffff
261251846002010,30,30,47,4349734,130292,Clear Rate,10,1,B,MI,882ab2c003fffff
261251846002011,30,30,45,4349734,130292,Clear Rate,10,1,B,MI,882ab2c003fffff
261251846002012,30,30,21,4349734,130292,Clear Rate,10,1,B,MI,882ab2c003fffff
261251846002013,30,30,66,4349734,130292,Clear Rate,10,1,B,MI,882ab2c003fffff
261251846002014,30,30,61,4349734,130292,Clear Rate,10,1,B,MI,882ab2c003fffff
261251846002015,30,30,58,4349734,130292,Clear Rate,10,1,B,MI,882ab2c00bfffff
261251846002017,30,30,65,4349734,130292,Clear Rate,10,1,B,MI,882ab2c003fffff
261251846002018,30,30,17,4349734,130292,Clear Rate,10,1,B,MI,882ab2c003fffff
261251847001003,30,30,27,4349734,130292,Clear Rate,10,1,B,MI,882ab2c00bfffff
261251847001004,30,30,34,4349734,130292,Clear Rate,10,1,B,MI,882ab2c00bfffff
261251847001005,30,30,5,4349734,130292,Clear Rate,10,1,B,MI,882ab2c01dfffff
261251847001006,30,30,42,4349734,130292,Clear Rate,10,1,B,MI,882ab2c01dfffff
261251847001007,30,30,39,4349734,130292,Clear Rate,10,1,B,MI,882ab2c01dfffff
261251847001008,30,30,32,4349734,130292,Clear Rate,10,1,B,MI,882ab2c003fffff
261251847001009,30,30,89,4349734,130292,Clear Rate,10,1,B,MI,882ab2c01dfffff
261251847001010,30,30,70,4349734,130292,Clear Rate,10,1,B,MI,882ab2c01dfffff
261251847001011,30,30,37,4349734,130292,Clear Rate,10,1,B,MI,882ab2c01dfffff
261251847001012,30,30,39,4349734,130292,Clear Rate,10,1,B,MI,882ab2c01dfffff
261251847001013,30,30,33,4349734,130292,Clear Rate,10,1,B,MI,882ab2c00bfffff
261251847001014,30,30,33,4349734,130292,Clear Rate,10,1,B,MI,882ab2c00bfffff
261251847001015,30,30,35,4349734,130292,Clear Rate,10,1,B,MI,882ab2c00bfffff
261251847001016,30,30,39,4349734,130292,Clear Rate,10,1,B,MI,882ab2c00bfffff
261251847001017,30,30,6,4349734,130292,Clear Rate,10,1,B,MI,882ab2c00bfffff
261251847001018,30,30,5,4349734,130292,Clear Rate,10,1,B,MI,882ab2c00bfffff
261251847001019,30,30,35,4349734,130292,Clear Rate,10,1,B,MI,882ab2c01dfffff
261251847001020,30,30,35,4349734,130292,Clear Rate,10,1,B,MI,882ab2c01dfffff
261251847001026,30,30,32,4349734,130292,Clear Rate,10,1,B,MI,882ab2c01dfffff
261251847001027,30,30,31,4349734,130292,Clear Rate,10,1,B,MI,882ab2c00bfffff
261251847001028,30,30,28,4349734,130292,Clear Rate,10,1,B,MI,882ab2c00bfffff
261251847001029,30,30,30,4349734,130292,Clear Rate,10,1,B,MI,882ab2c00bfffff
261251847001030,30,30,32,4349734,130292,Clear Rate,10,1,B,MI,882ab2c00bfffff
261251847001031,30,30,26,4349734,130292,Clear Rate,10,1,B,MI,882ab2c00bfffff
261251870001001,30,30,114,4349734,130292,Clear Rate,10,1,B,MI,882ab2c039fffff
261251870001003,30,30,48,4349734,130292,Clear Rate,10,1,B,MI,882ab2c039fffff
261251870001005,30,30,123,4349734,130292,Clear Rate,10,1,B,MI,882ab2c039fffff
261251870002002,30,30,78,4349734,130292,Clear Rate,10,1,B,MI,882ab2c023fffff
261251870002003,30,30,41,4349734,130292,Clear Rate,10,1,B,MI,882ab2c035fffff
261251870002004,30,30,33,4349734,130292,Clear Rate,10,1,B,MI,882ab2c03dfffff
261251870002005,30,30,59,4349734,130292,Clear Rate,10,1,B,MI,882ab2c023fffff
261251870002007,30,30,2,4349734,130292,Clear Rate,10,1,B,MI,882ab2c035fffff
261251870002008,30,30,37,4349734,130292,Clear Rate,10,1,B,MI,882ab2c03dfffff
261251870002010,30,30,37,4349734,130292,Clear Rate,10,1,B,MI,882ab2c035fffff
261251870002016,30,30,24,4349734,130292,Clear Rate,10,1,B,MI,882ab2c031fffff
261251870002017,30,30,46,4349734,130292,Clear Rate,10,1,B,MI,882ab2c035fffff
261251870002019,30,30,47,4349734,130292,Clear Rate,10,1,B,MI,882ab2c031fffff
261251880011001,30,30,15,4349734,130292,Clear Rate,10,1,B,MI,882ab2c02bfffff
261251880011002,30,30,23,4349734,130292,Clear Rate,10,1,B,MI,882ab2c02bfffff
261251880011002,45,45,2,4349734,130292,Clear Rate,10,1,B,MI,882ab2c02bfffff
261251880011003,30,30,14,4349734,130292,Clear Rate,10,1,B,MI,882ab2c02bfffff
261251880011005,30,30,20,4349734,130292,Clear Rate,10,1,B,MI,882ab2c02bfffff
261251880011006,30,30,22,4349734,130292,Clear Rate,10,1,B,MI,882ab2c021fffff
261251880011007,30,30,20,4349734,130292,Clear Rate,10,1,B,MI,882ab2c021fffff
261251880011008,30,30,26,4349734,130292,Clear Rate,10,1,B,MI,882ab2c021fffff
261251880011009,30,30,2,4349734,130292,Clear Rate,10,1,B,MI,882ab2c021fffff
261251880011010,30,30,2,4349734,130292,Clear Rate,10,1,B,MI,882ab2c021fffff
261251880011011,30,30,19,4349734,130292,Clear Rate,10,1,B,MI,882ab2c02bfffff
261251880011012,30,30,13,4349734,130292,Clear Rate,10,1,B,MI,882ab2c02bfffff
261251880011014,30,30,6,4349734,130292,Clear Rate,10,1,B,MI,882ab2c02bfffff
261251880011015,30,30,30,4349734,130292,Clear Rate,10,1,B,MI,882ab2c02bfffff
261251880011016,30,30,29,4349734,130292,Clear Rate,10,1,B,MI,882ab2c02bfffff
261251880011017,30,30,32,4349734,130292,Clear Rate,10,1,B,MI,882ab2c02bfffff
261251880012001,30,30,13,4349734,130292,Clear Rate,10,1,B,MI,882ab2c029fffff
261251880012001,45,45,17,4349734,130292,Clear Rate,10,1,B,MI,882ab2c029fffff
261251880012002,30,30,12,4349734,130292,Clear Rate,10,1,B,MI,882ab2c029fffff
261251880012003,30,30,14,4349734,130292,Clear Rate,10,1,B,MI,882ab2c021fffff
261251880012004,30,30,17,4349734,130292,Clear Rate,10,1,B,MI,882ab2c021fffff
261251880012005,30,30,30,4349734,130292,Clear Rate,10,1,B,MI,882ab2c02dfffff
261251880012006,30,30,1,4349734,130292,Clear Rate,10,1,B,MI,882ab2c02dfffff
261251880012007,30,30,1,4349734,130292,Clear Rate,10,1,B,MI,882ab2c021fffff
261251880012008,30,30,32,4349734,130292,Clear Rate,10,1,B,MI,882ab2c021fffff
261251880012009,30,30,13,4349734,130292,Clear Rate,10,1,B,MI,882ab2c021fffff
261251880012010,30,30,10,4349734,130292,Clear Rate,10,1,B,MI,882ab2c021fffff
261251880012011,30,30,19,4349734,130292,Clear Rate,10,1,B,MI,882ab2c021fffff
261251880012012,45,45,27,4349734,130292,Clear Rate,10,1,B,MI,882ab2c029fffff
261251880012013,30,30,15,4349734,130292,Clear Rate,10,1,B,MI,882ab2c021fffff
261251880012015,30,30,17,4349734,130292,Clear Rate,10,1,B,MI,882ab2c021fffff
261251880012017,45,45,12,4349734,130292,Clear Rate,10,1,B,MI,882ab2c029fffff
261251880012018,30,30,16,4349734,130292,Clear Rate,10,1,B,MI,882ab2c021fffff
261251880012019,45,45,23,4349734,130292,Clear Rate,10,1,B,MI,882ab2c029fffff
261251880012020,30,30,13,4349734,130292,Clear Rate,10,1,B,MI,882ab2c029fffff
261251880012021,30,30,20,4349734,130292,Clear Rate,10,1,B,MI,882ab2c021fffff
261251880012022,30,30,13,4349734,130292,Clear Rate,10,1,B,MI,882ab2c021fffff
261251880013000,30,30,33,4349734,130292,Clear Rate,10,1,B,MI,882ab2c021fffff
261251880013001,30,30,32,4349734,130292,Clear Rate,10,1,B,MI,882ab2c025fffff
261251880013002,30,30,3,4349734,130292,Clear Rate,10,1,B,MI,882ab2c025fffff
261251880013004,30,30,14,4349734,130292,Clear Rate,10,1,B,MI,882ab2c025fffff
261251880013005,30,30,5,4349734,130292,Clear Rate,10,1,B,MI,882ab2c021fffff
261251880014000,30,30,24,4349734,130292,Clear Rate,10,1,B,MI,882ab2c02dfffff
261251880014001,30,30,27,4349734,130292,Clear Rate,10,1,B,MI,882ab2c02dfffff
261251880014002,30,30,3,4349734,130292,Clear Rate,10,1,B,MI,882ab2c02dfffff
261251880014004,30,30,33,4349734,130292,Clear Rate,10,1,B,MI,882ab2c02dfffff
261251880014005,30,30,31,4349734,130292,Clear Rate,10,1,B,MI,882ab2c02dfffff
261251880014007,30,30,32,4349734,130292,Clear Rate,10,1,B,MI,882ab2c02dfffff
261251880014008,30,30,29,4349734,130292,Clear Rate,10,1,B,MI,882ab2c02dfffff
261251880014013,30,30,32,4349734,130292,Clear Rate,10,1,B,MI,882ab2c02dfffff
261251880014014,30,30,32,4349734,130292,Clear Rate,10,1,B,MI,882ab2c021fffff
261251880014015,30,30,31,4349734,130292,Clear Rate,10,1,B,MI,882ab2c021fffff
261251880014016,30,30,30,4349734,130292,Clear Rate,10,1,B,MI,882ab2c025fffff
261251880014017,30,30,17,4349734,130292,Clear Rate,10,1,B,MI,882ab2c025fffff
261251927001001,30,30,10,4349734,130292,Clear Rate,10,1,B,MI,88274da4a5fffff
261251927001002,30,30,7,4349734,130292,Clear Rate,10,1,B,MI,88274da4a5fffff
261251927002001,30,30,44,4349734,130292,Clear Rate,10,1,B,MI,88274da4a7fffff
261251927002003,30,30,30,4349734,130292,Clear Rate,10,1,B,MI,88274da4a7fffff
261251927002005,30,30,24,4349734,130292,Clear Rate,10,1,B,MI,88274da4a7fffff
261251927002006,30,30,28,4349734,130292,Clear Rate,10,1,B,MI,88274da4a7fffff
261251944002000,30,30,45,4349734,130292,Clear Rate,10,1,B,MI,882ab2d127fffff
261251944002001,30,30,41,4349734,130292,Clear Rate,10,1,B,MI,882ab2d127fffff
261251944002002,30,30,71,4349734,130292,Clear Rate,10,1,B,MI,882ab2d127fffff
261251944002004,30,30,17,4349734,130292,Clear Rate,10,1,B,MI,882ab2d127fffff
261251944002005,30,30,6,4349734,130292,Clear Rate,10,1,B,MI,882ab2dac9fffff
261251944002006,30,30,26,4349734,130292,Clear Rate,10,1,B,MI,882ab2d127fffff
261251944002008,30,30,2,4349734,130292,Clear Rate,10,1,B,MI,882ab2d127fffff
261251944002009,30,30,61,4349734,130292,Clear Rate,10,1,B,MI,882ab2dac9fffff
261251944002010,30,30,11,4349734,130292,Clear Rate,10,1,B,MI,882ab2d127fffff
261251944002011,30,30,12,4349734,130292,Clear Rate,10,1,B,MI,882ab2dac9fffff
261251944002012,30,30,10,4349734,130292,Clear Rate,10,1,B,MI,882ab2dac9fffff
261251944003001,30,30,44,4349734,130292,Clear Rate,10,1,B,MI,882ab2dacdfffff
261251944003002,30,30,15,4349734,130292,Clear Rate,10,1,B,MI,882ab2dacdfffff
261251945001000,30,30,8,4349734,130292,Clear Rate,10,1,B,MI,882ab2d12dfffff
261251945001024,30,30,4,4349734,130292,Clear Rate,10,1,B,MI,882ab2d12dfffff
261251945001024,45,45,12,4349734,130292,Clear Rate,10,1,B,MI,882ab2d125fffff
261251946001000,30,30,7,4349734,130292,Clear Rate,10,1,B,MI,882ab2d121fffff
261251946002008,30,30,10,4349734,130292,Clear Rate,10,1,B,MI,882ab2d13dfffff
261251946002013,30,30,20,4349734,130292,Clear Rate,10,1,B,MI,882ab2d13dfffff
261251946002014,30,30,5,4349734,130292,Clear Rate,10,1,B,MI,882ab2d139fffff
261251946002017,30,30,31,4349734,130292,Clear Rate,10,1,B,MI,882ab2d139fffff
261251946002019,30,30,19,4349734,130292,Clear Rate,10,1,B,MI,882ab2d139fffff
261251946003002,30,30,11,4349734,130292,Clear Rate,10,1,B,MI,882ab2d13dfffff
261251946003003,30,30,48,4349734,130292,Clear Rate,10,1,B,MI,882ab2d123fffff
261251946003004,30,30,8,4349734,130292,Clear Rate,10,1,B,MI,882ab2d13dfffff
261251946003005,30,30,38,4349734,130292,Clear Rate,10,1,B,MI,882ab2d135fffff
261251946003006,30,30,17,4349734,130292,Clear Rate,10,1,B,MI,882ab2d123fffff
261251946003007,30,30,24,4349734,130292,Clear Rate,10,1,B,MI,882ab2d123fffff
261251946004000,30,30,14,4349734,130292,Clear Rate,10,1,B,MI,882ab2d123fffff
261251946004003,30,30,1,4349734,130292,Clear Rate,10,1,B,MI,882ab2d123fffff
261251946004004,30,30,83,4349734,130292,Clear Rate,10,1,B,MI,882ab2d123fffff
261251946004009,30,30,42,4349734,130292,Clear Rate,10,1,B,MI,882ab2d123fffff
261251946004010,30,30,18,4349734,130292,Clear Rate,10,1,B,MI,882ab2d123fffff
261251946004011,30,30,18,4349734,130292,Clear Rate,10,1,B,MI,882ab2d123fffff
261251946004012,30,30,20,4349734,130292,Clear Rate,10,1,B,MI,882ab2d123fffff
261251946004013,30,30,22,4349734,130292,Clear Rate,10,1,B,MI,882ab2d123fffff
261251946004014,30,30,21,4349734,130292,Clear Rate,10,1,B,MI,882ab2d123fffff
261251946004015,30,30,19,4349734,130292,Clear Rate,10,1,B,MI,882ab2d123fffff
261251946004016,30,30,13,4349734,130292,Clear Rate,10,1,B,MI,882ab2d123fffff
261251946004016,80,80,29,4349734,130292,Clear Rate,10,1,B,MI,882ab2d123fffff
261251946004017,30,30,17,4349734,130292,Clear Rate,10,1,B,MI,882ab2d123fffff
261251946004017,80,80,21,4349734,130292,Clear Rate,10,1,B,MI,882ab2d123fffff
261251946004020,30,30,18,4349734,130292,Clear Rate,10,1,B,MI,882ab2d123fffff
261251946004021,30,30,20,4349734,130292,Clear Rate,10,1,B,MI,882ab2d123fffff
261251946004022,30,30,21,4349734,130292,Clear Rate,10,1,B,MI,882ab2d123fffff
261251946004023,30,30,7,4349734,130292,Clear Rate,10,1,B,MI,882ab2d123fffff
261251946004023,80,80,21,4349734,130292,Clear Rate,10,1,B,MI,882ab2d123fffff
261251962001022,30,30,6,4349734,130292,Clear Rate,10,1,B,MI,882ab2d133fffff
261251963002000,30,30,22,4349734,130292,Clear Rate,10,1,B,MI,882ab2d135fffff
261251963002001,30,30,10,4349734,130292,Clear Rate,10,1,B,MI,882ab2d135fffff
261251963002001,45,45,6,4349734,130292,Clear Rate,10,1,B,MI,882ab2d135fffff
261251963002002,30,30,48,4349734,130292,Clear Rate,10,1,B,MI,882ab2d135fffff
261251963002002,45,45,19,4349734,130292,Clear Rate,10,1,B,MI,882ab2d135fffff
261251963002005,30,30,11,4349734,130292,Clear Rate,10,1,B,MI,882ab2dacbfffff
261251963002006,30,30,19,4349734,130292,Clear Rate,10,1,B,MI,882ab2d135fffff
261251963002006,45,45,4,4349734,130292,Clear Rate,10,1,B,MI,882ab2d135fffff
261251963002007,30,30,12,4349734,130292,Clear Rate,10,1,B,MI,882ab2d135fffff
261251963002007,45,45,10,4349734,130292,Clear Rate,10,1,B,MI,882ab2d135fffff
261251963002008,30,30,50,4349734,130292,Clear Rate,10,1,B,MI,882ab2d135fffff
261251963002009,30,30,10,4349734,130292,Clear Rate,10,1,B,MI,882ab2d135fffff
261251963002011,30,30,31,4349734,130292,Clear Rate,10,1,B,MI,882ab2d131fffff
261251963002012,30,30,25,4349734,130292,Clear Rate,10,1,B,MI,882ab2d131fffff
261251963002014,30,30,4,4349734,130292,Clear Rate,10,1,B,MI,882ab2d135fffff
261251963002015,30,30,21,4349734,130292,Clear Rate,10,1,B,MI,882ab2d135fffff
261251963002016,30,30,4,4349734,130292,Clear Rate,10,1,B,MI,882ab2dacbfffff
261251963002016,45,45,3,4349734,130292,Clear Rate,10,1,B,MI,882ab2dacbfffff
261251963002017,30,30,46,4349734,130292,Clear Rate,10,1,B,MI,882ab2dacbfffff
261251963002018,30,30,31,4349734,130292,Clear Rate,10,1,B,MI,882ab2dacbfffff
261251963002019,30,30,26,4349734,130292,Clear Rate,10,1,B,MI,882ab2dacbfffff
261251963003000,30,30,3,4349734,130292,Clear Rate,10,1,B,MI,882ab2d137fffff
261251963003005,30,30,37,4349734,130292,Clear Rate,10,1,B,MI,882ab2dacbfffff
261251963003006,30,30,32,4349734,130292,Clear Rate,10,1,B,MI,882ab2dacbfffff
261251963003009,30,30,35,4349734,130292,Clear Rate,10,1,B,MI,882ab2dacbfffff
261251963003010,30,30,28,4349734,130292,Clear Rate,10,1,B,MI,882ab2dacbfffff
261251963003011,30,30,34,4349734,130292,Clear Rate,10,1,B,MI,882ab2daddfffff
261251963003012,30,30,17,4349734,130292,Clear Rate,10,1,B,MI,882ab2daddfffff
261251963003013,30,30,24,4349734,130292,Clear Rate,10,1,B,MI,882ab2daddfffff
261251964002000,30,30,64,4349734,130292,Clear Rate,10,1,B,MI,882ab2dac1fffff
261251964002001,30,30,70,4349734,130292,Clear Rate,10,1,B,MI,882ab2dac5fffff
261251964002002,30,30,24,4349734,130292,Clear Rate,10,1,B,MI,882ab2dac1fffff
261251964002003,30,30,75,4349734,130292,Clear Rate,10,1,B,MI,882ab2dac5fffff
261251964002004,30,30,34,4349734,130292,Clear Rate,10,1,B,MI,882ab2dac1fffff
261251964002005,30,30,17,4349734,130292,Clear Rate,10,1,B,MI,882ab2dac1fffff
261251964003000,30,30,60,4349734,130292,Clear Rate,10,1,B,MI,882ab2dac9fffff
261251964003001,30,30,8,4349734,130292,Clear Rate,10,1,B,MI,882ab2dacbfffff
261251964003003,30,30,29,4349734,130292,Clear Rate,10,1,B,MI,882ab2dac1fffff
261251964003004,30,30,22,4349734,130292,Clear Rate,10,1,B,MI,882ab2dac9fffff
261251964003005,30,30,10,4349734,130292,Clear Rate,10,1,B,MI,882ab2dac1fffff
261251964003006,30,30,29,4349734,130292,Clear Rate,10,1,B,MI,882ab2dac1fffff
261251964003007,30,30,10,4349734,130292,Clear Rate,10,1,B,MI,882ab2dac1fffff
261251964003008,30,30,58,4349734,130292,Clear Rate,10,1,B,MI,882ab2dac3fffff
261251964003009,30,30,31,4349734,130292,Clear Rate,10,1,B,MI,882ab2dac1fffff
261251964003010,30,30,8,4349734,130292,Clear Rate,10,1,B,MI,882ab2dacbfffff
261251964003011,30,30,12,4349734,130292,Clear Rate,10,1,B,MI,882ab2dacbfffff
261251964003012,30,30,33,4349734,130292,Clear Rate,10,1,B,MI,882ab2dacbfffff
261251964003013,30,30,31,4349734,130292,Clear Rate,10,1,B,MI,882ab2dac3fffff
261251964003014,30,30,39,4349734,130292,Clear Rate,10,1,B,MI,882ab2dac1fffff
261251964003015,30,30,21,4349734,130292,Clear Rate,10,1,B,MI,882ab2dac3fffff
261251964003016,30,30,31,4349734,130292,Clear Rate,10,1,B,MI,882ab2dac3fffff
261251964003017,30,30,26,4349734,130292,Clear Rate,10,1,B,MI,882ab2dac3fffff
261251964003018,30,30,18,4349734,130292,Clear Rate,10,1,B,MI,882ab2dac3fffff
261251964003020,30,30,1,4349734,130292,Clear Rate,10,1,B,MI,882ab2dac3fffff
261251964003021,30,30,11,4349734,130292,Clear Rate,10,1,B,MI,882ab2dacbfffff
261251965002001,30,30,6,4349734,130292,Clear Rate,10,1,B,MI,882ab2dad5fffff
261251965002009,30,30,1,4349734,130292,Clear Rate,10,1,B,MI,882ab2dad5fffff
261251967002021,30,30,1,4349734,130292,Clear Rate,10,1,B,MI,882ab2c36dfffff
261251969001011,80,80,3,4349734,130292,Clear Rate,10,1,B,MI,882ab2c345fffff
261251970002007,30,30,13,4349734,130292,Clear Rate,10,1,B,MI,882ab2d1b5fffff
261251974001002,30,30,1,4349734,130292,Clear Rate,10,1,B,MI,882ab2d1b5fffff
261251974001003,30,30,8,4349734,130292,Clear Rate,10,1,B,MI,882ab2d1b5fffff
261251974001011,30,30,128,4349734,130292,Clear Rate,10,1,B,MI,882ab2d1b3fffff
261251974001012,30,30,53,4349734,130292,Clear Rate,10,1,B,MI,882ab2d1b3fffff
261251974001013,30,30,21,4349734,130292,Clear Rate,10,1,B,MI,882ab2d1b7fffff
261251974001014,30,30,23,4349734,130292,Clear Rate,10,1,B,MI,882ab2d1b3fffff
261251974001015,30,30,18,4349734,130292,Clear Rate,10,1,B,MI,882ab2d1b3fffff
261251974001016,30,30,24,4349734,130292,Clear Rate,10,1,B,MI,882ab2d1b3fffff
261251974001017,30,30,13,4349734,130292,Clear Rate,10,1,B,MI,882ab2d1b3fffff
261251974001018,30,30,14,4349734,130292,Clear Rate,10,1,B,MI,882ab2c359fffff
261251974001020,45,45,136,4349734,130292,Clear Rate,10,1,B,MI,882ab2c359fffff
261251974001025,45,45,8,4349734,130292,Clear Rate,10,1,B,MI,882ab2c35dfffff
261251974001026,45,45,11,4349734,130292,Clear Rate,10,1,B,MI,882ab2c35dfffff
261251974001027,45,45,10,4349734,130292,Clear Rate,10,1,B,MI,882ab2c35dfffff
261251974001028,45,45,12,4349734,130292,Clear Rate,10,1,B,MI,882ab2c35dfffff
261251974001029,45,45,8,4349734,130292,Clear Rate,10,1,B,MI,882ab2c35dfffff
261251974001031,30,30,11,4349734,130292,Clear Rate,10,1,B,MI,882ab2c265fffff
261251974001032,30,30,14,4349734,130292,Clear Rate,10,1,B,MI,882ab2d1b3fffff
261251974001033,30,30,1,4349734,130292,Clear Rate,10,1,B,MI,882ab2d1b3fffff
261251974001035,30,30,1,4349734,130292,Clear Rate,10,1,B,MI,882ab2c265fffff
261251974001036,30,30,1,4349734,130292,Clear Rate,10,1,B,MI,882ab2c265fffff
261251974002000,45,45,1,4349734,130292,Clear Rate,10,1,B,MI,882ab2c35bfffff
261251974002003,45,45,1,4349734,130292,Clear Rate,10,1,B,MI,882ab2c35bfffff
261251974002003,80,80,1,4349734,130292,Clear Rate,10,1,B,MI,882ab2c35bfffff
261251974002005,30,30,6,4349734,130292,Clear Rate,10,1,B,MI,882ab2c22dfffff
261251974003000,45,45,3,4349734,130292,Clear Rate,10,1,B,MI,882ab2c359fffff
261251974003001,45,45,3,4349734,130292,Clear Rate,10,1,B,MI,882ab2c359fffff
261251974003001,80,80,11,4349734,130292,Clear Rate,10,1,B,MI,882ab2c351fffff
261251974003002,80,80,11,4349734,130292,Clear Rate,10,1,B,MI,882ab2c351fffff
261251974003003,80,80,8,4349734,130292,Clear Rate,10,1,B,MI,882ab2c35dfffff
261251974003004,45,45,60,4349734,130292,Clear Rate,10,1,B,MI,882ab2c351fffff
261251974003004,80,80,29,4349734,130292,Clear Rate,10,1,B,MI,882ab2c351fffff
261251974003005,45,45,27,4349734,130292,Clear Rate,10,1,B,MI,882ab2c355fffff
261251974003005,80,80,23,4349734,130292,Clear Rate,10,1,B,MI,882ab2c355fffff
261251974003006,30,30,3,4349734,130292,Clear Rate,10,1,B,MI,882ab2c351fffff
261251974003006,45,45,1,4349734,130292,Clear Rate,10,1,B,MI,882ab2c35bfffff
261251974003007,45,45,10,4349734,130292,Clear Rate,10,1,B,MI,882ab2c351fffff
261251974003007,80,80,6,4349734,130292,Clear Rate,10,1,B,MI,882ab2c351fffff
261251974003008,80,80,14,4349734,130292,Clear Rate,10,1,B,MI,882ab2c351fffff
261251974003009,30,30,3,4349734,130292,Clear Rate,10,1,B,MI,882ab2c35bfffff
261251974003009,45,45,8,4349734,130292,Clear Rate,10,1,B,MI,882ab2c351fffff
261251974003009,80,80,25,4349734,130292,Clear Rate,10,1,B,MI,882ab2c351fffff
261251974003010,45,45,18,4349734,130292,Clear Rate,10,1,B,MI,882ab2c351fffff
261251974003011,45,45,36,4349734,130292,Clear Rate,10,1,B,MI,882ab2c35bfffff
261251974003012,45,45,26,4349734,130292,Clear Rate,10,1,B,MI,882ab2c351fffff
261251974003013,45,45,4,4349734,130292,Clear Rate,10,1,B,MI,882ab2c351fffff
261251974003014,45,45,25,4349734,130292,Clear Rate,10,1,B,MI,882ab2c353fffff
261251974003015,45,45,31,4349734,130292,Clear Rate,10,1,B,MI,882ab2c35bfffff
261251974003016,30,30,46,4349734,130292,Clear Rate,10,1,B,MI,882ab2c22dfffff
261251974003016,45,45,11,4349734,130292,Clear Rate,10,1,B,MI,882ab2c35bfffff
261251974003017,45,45,29,4349734,130292,Clear Rate,10,1,B,MI,882ab2c353fffff
261251974003018,45,45,45,4349734,130292,Clear Rate,10,1,B,MI,882ab2c353fffff
261251974003019,45,45,28,4349734,130292,Clear Rate,10,1,B,MI,882ab2c353fffff
261251974003020,45,45,45,4349734,130292,Clear Rate,10,1,B,MI,882ab2c353fffff
261251974003021,45,45,16,4349734,130292,Clear Rate,10,1,B,MI,882ab2c353fffff
261251974004001,30,30,4,4349734,130292,Clear Rate,10,1,B,MI,882ab2c265fffff
261251974004006,30,30,4,4349734,130292,Clear Rate,10,1,B,MI,882ab2c35bfffff
261251975001001,30,30,131,4349734,130292,Clear Rate,10,1,B,MI,882ab2c34bfffff
261251975001002,30,30,19,4349734,130292,Clear Rate,10,1,B,MI,882ab2c34bfffff
261251975001003,30,30,35,4349734,130292,Clear Rate,10,1,B,MI,882ab2c34bfffff
261251975001004,30,30,18,4349734,130292,Clear Rate,10,1,B,MI,882ab2c34bfffff
261251975001006,30,30,11,4349734,130292,Clear Rate,10,1,B,MI,882ab2c34bfffff
261251975001007,30,30,35,4349734,130292,Clear Rate,10,1,B,MI,882ab2c343fffff
261251975002000,30,30,13,4349734,130292,Clear Rate,10,1,B,MI,882ab2c35dfffff
261251975002000,45,45,14,4349734,130292,Clear Rate,10,1,B,MI,882ab2c35dfffff
261251975002001,45,45,6,4349734,130292,Clear Rate,10,1,B,MI,882ab2c35dfffff
261251975002002,30,30,12,4349734,130292,Clear Rate,10,1,B,MI,882ab2c35dfffff
261251975002002,45,45,56,4349734,130292,Clear Rate,10,1,B,MI,882ab2c35dfffff
261251975002003,30,30,25,4349734,130292,Clear Rate,10,1,B,MI,882ab2c35dfffff
261251975002003,45,45,99,4349734,130292,Clear Rate,10,1,B,MI,882ab2c355fffff
261251975002004,30,30,27,4349734,130292,Clear Rate,10,1,B,MI,882ab2c34bfffff
261251975002004,45,45,39,4349734,130292,Clear Rate,10,1,B,MI,882ab2c355fffff
261251975002005,30,30,41,4349734,130292,Clear Rate,10,1,B,MI,882ab2c343fffff
261251975002005,45,45,14,4349734,130292,Clear Rate,10,1,B,MI,882ab2c35dfffff
261251975002006,30,30,28,4349734,130292,Clear Rate,10,1,B,MI,882ab2c343fffff
261251975002007,30,30,32,4349734,130292,Clear Rate,10,1,B,MI,882ab2c343fffff
261251975002008,30,30,28,4349734,130292,Clear Rate,10,1,B,MI,882ab2c343fffff
261251975002009,30,30,30,4349734,130292,Clear Rate,10,1,B,MI,882ab2c343fffff
261251975002010,30,30,31,4349734,130292,Clear Rate,10,1,B,MI,882ab2c343fffff
261251975002011,30,30,15,4349734,130292,Clear Rate,10,1,B,MI,882ab2c343fffff
261251975002012,30,30,14,4349734,130292,Clear Rate,10,1,B,MI,882ab2c343fffff
261251975002013,30,30,14,4349734,130292,Clear Rate,10,1,B,MI,882ab2c343fffff
261251975002014,30,30,15,4349734,130292,Clear Rate,10,1,B,MI,882ab2c343fffff
261251975002015,30,30,16,4349734,130292,Clear Rate,10,1,B,MI,882ab2c355fffff
261251975002016,30,30,15,4349734,130292,Clear Rate,10,1,B,MI,882ab2c343fffff
261251975003000,30,30,7,4349734,130292,Clear Rate,10,1,B,MI,882ab2d1b5fffff
261251976002002,30,30,2,4349734,130292,Clear Rate,10,1,B,MI,882ab2c347fffff
261251976002004,30,30,3,4349734,130292,Clear Rate,10,1,B,MI,882ab2c347fffff
261251976002007,30,30,69,4349734,130292,Clear Rate,10,1,B,MI,882ab2c347fffff
261251976002011,30,30,5,4349734,130292,Clear Rate,10,1,B,MI,882ab2c347fffff
261251976002013,30,30,17,4349734,130292,Clear Rate,10,1,B,MI,882ab2c30dfffff
261251976002014,30,30,15,4349734,130292,Clear Rate,10,1,B,MI,882ab2c30dfffff
261251976002015,30,30,1,4349734,130292,Clear Rate,10,1,B,MI,882ab2c309fffff
261251976002016,30,30,1,4349734,130292,Clear Rate,10,1,B,MI,882ab2c347fffff
261251977011003,30,30,9,4349734,130292,Clear Rate,10,1,B,MI,882ab2c36bfffff
261251977011005,30,30,1,4349734,130292,Clear Rate,10,1,B,MI,882ab2c361fffff
261251977011007,30,30,1,4349734,130292,Clear Rate,10,1,B,MI,882ab2c365fffff
261251977011008,30,30,2,4349734,130292,Clear Rate,10,1,B,MI,882ab2c365fffff
261251977011009,30,30,1,4349734,130292,Clear Rate,10,1,B,MI,882ab2c365fffff
261251977011017,30,30,1,4349734,130292,Clear Rate,10,1,B,MI,882ab2d8dbfffff
261251977011018,30,30,10,4349734,130292,Clear Rate,10,1,B,MI,882ab2c365fffff
261251977011019,30,30,63,4349734,130292,Clear Rate,10,1,B,MI,882ab2c365fffff
261251977011020,30,30,21,4349734,130292,Clear Rate,10,1,B,MI,882ab2c365fffff
261251977011021,30,30,18,4349734,130292,Clear Rate,10,1,B,MI,882ab2c365fffff
261251977011022,30,30,36,4349734,130292,Clear Rate,10,1,B,MI,882ab2c365fffff
261251977011023,30,30,3,4349734,130292,Clear Rate,10,1,B,MI,882ab2c365fffff
261251977011024,30,30,24,4349734,130292,Clear Rate,10,1,B,MI,882ab2c361fffff
261251977011024,45,45,14,4349734,130292,Clear Rate,10,1,B,MI,882ab2c367fffff
261251977011025,30,30,23,4349734,130292,Clear Rate,10,1,B,MI,882ab2c361fffff
261251977011025,80,80,11,4349734,130292,Clear Rate,10,1,B,MI,882ab2c361fffff
261251977011029,30,30,18,4349734,130292,Clear Rate,10,1,B,MI,882ab2c365fffff
261251977011031,30,30,13,4349734,130292,Clear Rate,10,1,B,MI,882ab2d8dbfffff
261251977011032,30,30,16,4349734,130292,Clear Rate,10,1,B,MI,882ab2c367fffff
261251977011033,30,30,10,4349734,130292,Clear Rate,10,1,B,MI,882ab2c367fffff
261251977021000,30,30,33,4349734,130292,Clear Rate,10,1,B,MI,882ab2c361fffff
261251977021000,45,45,11,4349734,130292,Clear Rate,10,1,B,MI,882ab2c363fffff
261251977021000,80,80,18,4349734,130292,Clear Rate,10,1,B,MI,882ab2c363fffff
261251977021001,30,30,4,4349734,130292,Clear Rate,10,1,B,MI,882ab2c363fffff
261251977021001,45,45,2,4349734,130292,Clear Rate,10,1,B,MI,882ab2c363fffff
261251977021002,45,45,1,4349734,130292,Clear Rate,10,1,B,MI,882ab2c367fffff
261251977021002,80,80,13,4349734,130292,Clear Rate,10,1,B,MI,882ab2c363fffff
261251977021003,45,45,4,4349734,130292,Clear Rate,10,1,B,MI,882ab2c367fffff
261251977021003,80,80,5,4349734,130292,Clear Rate,10,1,B,MI,882ab2c367fffff
261251977021007,30,30,11,4349734,130292,Clear Rate,10,1,B,MI,882ab2c329fffff
261251977021008,30,30,6,4349734,130292,Clear Rate,10,1,B,MI,882ab2c36bfffff
261251977021008,45,45,7,4349734,130292,Clear Rate,10,1,B,MI,882ab2c36bfffff
261251977021009,45,45,9,4349734,130292,Clear Rate,10,1,B,MI,882ab2c363fffff
261251977021010,30,30,1,4349734,130292,Clear Rate,10,1,B,MI,882ab2c30dfffff
261251977021010,45,45,6,4349734,130292,Clear Rate,10,1,B,MI,882ab2c30dfffff
261251977021011,45,45,4,4349734,130292,Clear Rate,10,1,B,MI,882ab2c30dfffff
261251977021012,30,30,20,4349734,130292,Clear Rate,10,1,B,MI,882ab2c367fffff
261251977021013,30,30,3,4349734,130292,Clear Rate,10,1,B,MI,882ab2c367fffff
261251977021014,30,30,3,4349734,130292,Clear Rate,10,1,B,MI,882ab2c329fffff
261251977021014,45,45,4,4349734,130292,Clear Rate,10,1,B,MI,882ab2c32dfffff
261251977022000,30,30,9,4349734,130292,Clear Rate,10,1,B,MI,882ab2c30dfffff
261251977022001,30,30,14,4349734,130292,Clear Rate,10,1,B,MI,882ab2c363fffff
261251977022002,30,30,35,4349734,130292,Clear Rate,10,1,B,MI,882ab2c329fffff
261251981002002,30,30,10,4349734,130292,Clear Rate,10,1,B,MI,882ab2c265fffff
261259811001000,30,30,1,4349734,130292,Clear Rate,10,1,B,MI,882ab2c02bfffff
261259813001008,45,45,2,4349734,130292,Clear Rate,10,1,B,MI,88274da593fffff
261259813001022,30,30,1,4349734,130292,Clear Rate,10,1,B,MI,882ab2da45fffff
261259815001001,80,80,1,4349734,130292,Clear Rate,10,1,B,MI,882ab2da45fffff
261259815001004,30,30,2,4349734,130292,Clear Rate,10,1,B,MI,882ab2da6bfffff
261259815001008,80,80,1,4349734,130292,Clear Rate,10,1,B,MI,882ab2da6bfffff
261450001001000,30,30,4,4349734,130292,Clear Rate,10,1,B,MI,88276b6da5fffff
261450001001001,30,30,5,4349734,130292,Clear Rate,10,1,B,MI,88276b6da5fffff
261450001001002,30,30,6,4349734,130292,Clear Rate,10,1,B,MI,88276b6da7fffff
261450001001003,30,30,3,4349734,130292,Clear Rate,10,1,B,MI,88276b6da5fffff
261450001001004,30,30,2,4349734,130292,Clear Rate,10,1,B,MI,88276b6da5fffff
261450001001005,30,30,2,4349734,130292,Clear Rate,10,1,B,MI,88276b6da5fffff
261450001001006,30,30,1,4349734,130292,Clear Rate,10,1,B,MI,88276b6da5fffff
261450001001007,30,30,1,4349734,130292,Clear Rate,10,1,B,MI,88276b6da5fffff
261450001001010,30,30,2,4349734,130292,Clear Rate,10,1,B,MI,88274dd299fffff
261450001001011,30,30,3,4349734,130292,Clear Rate,10,1,B,MI,88274dd299fffff
261450001001012,30,30,3,4349734,130292,Clear Rate,10,1,B,MI,88274dd299fffff
261450001001013,30,30,1,4349734,130292,Clear Rate,10,1,B,MI,88274dd299fffff
261450001001014,45,45,1,4349734,130292,Clear Rate,10,1,B,MI,88274dd299fffff
261450001001015,45,45,3,4349734,130292,Clear Rate,10,1,B,MI,88274dd299fffff
261450001001016,45,45,6,4349734,130292,Clear Rate,10,1,B,MI,88274dd299fffff
261450001001017,45,45,2,4349734,130292,Clear Rate,10,1,B,MI,88274dd299fffff
261450001001018,30,30,4,4349734,130292,Clear Rate,10,1,B,MI,88274dd299fffff
261450001001019,30,30,7,4349734,130292,Clear Rate,10,1,B,MI,88274dd299fffff
261450001001020,30,30,10,4349734,130292,Clear Rate,10,1,B,MI,88274dd299fffff
261450001001021,30,30,3,4349734,130292,Clear Rate,10,1,B,MI,88274dd299fffff
261450001001022,30,30,1,4349734,130292,Clear Rate,10,1,B,MI,88274dd299fffff
261450001001022,45,45,4,4349734,130292,Clear Rate,10,1,B,MI,88274dd299fffff
261450001001023,45,45,1,4349734,130292,Clear Rate,10,1,B,MI,88274dd291fffff
261450001001024,45,45,1,4349734,130292,Clear Rate,10,1,B,MI,88274dd291fffff
261450001001025,30,30,1,4349734,130292,Clear Rate,10,1,B,MI,88274dd291fffff
261450001001030,30,30,2,4349734,130292,Clear Rate,10,1,B,MI,88274dd29bfffff
261450001001032,30,30,4,4349734,130292,Clear Rate,10,1,B,MI,88274dd29bfffff
261450001001033,30,30,5,4349734,130292,Clear Rate,10,1,B,MI,88274dd29bfffff
261450001001034,30,30,6,4349734,130292,Clear Rate,10,1,B,MI,88274dd29bfffff
261450001001035,30,30,6,4349734,130292,Clear Rate,10,1,B,MI,88274dd299fffff
261450001001036,30,30,4,4349734,130292,Clear Rate,10,1,B,MI,88274dd299fffff
261450001001037,30,30,3,4349734,130292,Clear Rate,10,1,B,MI,88274dd29bfffff
261450001001038,30,30,8,4349734,130292,Clear Rate,10,1,B,MI,88274dd29bfffff
261450001001039,30,30,4,4349734,130292,Clear Rate,10,1,B,MI,88274dd29bfffff
261450001001040,30,30,4,4349734,130292,Clear Rate,10,1,B,MI,88274dd29bfffff
261450001001041,30,30,5,4349734,130292,Clear Rate,10,1,B,MI,88276b6da5fffff
261450001001042,30,30,3,4349734,130292,Clear Rate,10,1,B,MI,88276b6da5fffff
261450001001043,30,30,7,4349734,130292,Clear Rate,10,1,B,MI,88274dd29bfffff
261450001001044,30,30,4,4349734,130292,Clear Rate,10,1,B,MI,88274dd29bfffff
261450001001045,30,30,15,4349734,130292,Clear Rate,10,1,B,MI,88276b6da7fffff
261450001001046,30,30,4,4349734,130292,Clear Rate,10,1,B,MI,88276b6da7fffff
261450001001047,30,30,5,4349734,130292,Clear Rate,10,1,B,MI,88276b6da5fffff
261450001001048,30,30,1,4349734,130292,Clear Rate,10,1,B,MI,88276b6da5fffff
261450001001049,30,30,6,4349734,130292,Clear Rate,10,1,B,MI,88276b6da5fffff
261450001001054,30,30,1,4349734,130292,Clear Rate,10,1,B,MI,88276b6da7fffff
261450001002005,30,30,2,4349734,130292,Clear Rate,10,1,B,MI,88274dd2d7fffff
261450001002009,45,45,2,4349734,130292,Clear Rate,10,1,B,MI,88274dd299fffff
261450001002010,30,30,1,4349734,130292,Clear Rate,10,1,B,MI,88274dd299fffff
261450001002011,30,30,2,4349734,130292,Clear Rate,10,1,B,MI,88274dd299fffff
261450001002012,30,30,2,4349734,130292,Clear Rate,10,1,B,MI,88274dd299fffff
261450001002013,30,30,2,4349734,130292,Clear Rate,10,1,B,MI,88274dd2d3fffff
261450001002014,30,30,3,4349734,130292,Clear Rate,10,1,B,MI,88274dd299fffff
261450001002015,30,30,1,4349734,130292,Clear Rate,10,1,B,MI,88274dd2d3fffff
261450001002016,30,30,4,4349734,130292,Clear Rate,10,1,B,MI,88274dd299fffff
261450001002017,30,30,2,4349734,130292,Clear Rate,10,1,B,MI,88274dd299fffff
261450001002021,30,30,3,4349734,130292,Clear Rate,10,1,B,MI,88274dd299fffff
261450001002022,30,30,8,4349734,130292,Clear Rate,10,1,B,MI,88274dd299fffff
261450001002024,30,30,3,4349734,130292,Clear Rate,10,1,B,MI,88274dd299fffff
261450001002053,30,30,6,4349734,130292,Clear Rate,10,1,B,MI,88274dd299fffff
261450001002054,30,30,6,4349734,130292,Clear Rate,10,1,B,MI,88274dd299fffff
261450001002061,30,30,3,4349734,130292,Clear Rate,10,1,B,MI,88274dd299fffff
261450004001003,80,80,1,4349734,130292,Clear Rate,10,1,B,MI,88274dd291fffff
261450004001006,80,80,1,4349734,130292,Clear Rate,10,1,B,MI,88274dd291fffff
261450004001007,80,80,2,4349734,130292,Clear Rate,10,1,B,MI,88274dd291fffff
261450004001008,80,80,6,4349734,130292,Clear Rate,10,1,B,MI,88274dd291fffff
261450004001009,80,80,1,4349734,130292,Clear Rate,10,1,B,MI,88274dd291fffff
261450004001010,80,80,2,4349734,130292,Clear Rate,10,1,B,MI,88274dd291fffff
261450004001011,45,45,1,4349734,130292,Clear Rate,10,1,B,MI,88274dd29bfffff
261450004001012,45,45,2,4349734,130292,Clear Rate,10,1,B,MI,88274dd29bfffff
261450004001013,30,30,3,4349734,130292,Clear Rate,10,1,B,MI,88274dd29bfffff
261450004001013,45,45,3,4349734,130292,Clear Rate,10,1,B,MI,88274dd29bfffff
261450004001014,30,30,6,4349734,130292,Clear Rate,10,1,B,MI,88274dd29bfffff
261450004001015,30,30,5,4349734,130292,Clear Rate,10,1,B,MI,88274dd29bfffff
261450004001016,30,30,9,4349734,130292,Clear Rate,10,1,B,MI,88274dd29bfffff
261450004001017,45,45,5,4349734,130292,Clear Rate,10,1,B,MI,88274dd29bfffff
261450004001018,45,45,10,4349734,130292,Clear Rate,10,1,B,MI,88274dd29bfffff
261450004001019,45,45,8,4349734,130292,Clear Rate,10,1,B,MI,88274dd29bfffff
261450004001020,45,45,6,4349734,130292,Clear Rate,10,1,B,MI,88274dd29bfffff
261450004001022,80,80,5,4349734,130292,Clear Rate,10,1,B,MI,88274dd291fffff
261450004001023,45,45,2,4349734,130292,Clear Rate,10,1,B,MI,88274dd29bfffff
261450004001024,45,45,1,4349734,130292,Clear Rate,10,1,B,MI,88274dd29bfffff
261450004001025,45,45,5,4349734,130292,Clear Rate,10,1,B,MI,88274dd29bfffff
261450004001026,30,30,6,4349734,130292,Clear Rate,10,1,B,MI,88274dd29bfffff
261450004001027,30,30,2,4349734,130292,Clear Rate,10,1,B,MI,88274dd29bfffff
261450004001028,45,45,1,4349734,130292,Clear Rate,10,1,B,MI,88274dd29bfffff
261450004001028,80,80,8,4349734,130292,Clear Rate,10,1,B,MI,88274dd29bfffff
261450004001029,45,45,2,4349734,130292,Clear Rate,10,1,B,MI,88274dd29bfffff
261450004001029,80,80,6,4349734,130292,Clear Rate,10,1,B,MI,88274dd29bfffff
261450004001030,45,45,4,4349734,130292,Clear Rate,10,1,B,MI,88274dd29bfffff
261450004001032,45,45,2,4349734,130292,Clear Rate,10,1,B,MI,88274dd29bfffff
261450004001034,80,80,1,4349734,130292,Clear Rate,10,1,B,MI,88274dd291fffff
261450004001035,80,80,5,4349734,130292,Clear Rate,10,1,B,MI,88274dd291fffff
261450004001036,80,80,2,4349734,130292,Clear Rate,10,1,B,MI,88274dd291fffff
261450004001040,80,80,2,4349734,130292,Clear Rate,10,1,B,MI,88274dd297fffff
261450004001041,80,80,1,4349734,130292,Clear Rate,10,1,B,MI,88274dd293fffff
261450004001042,80,80,2,4349734,130292,Clear Rate,10,1,B,MI,88274dd291fffff
261450004001043,80,80,8,4349734,130292,Clear Rate,10,1,B,MI,88274dd293fffff
261450004001044,80,80,1,4349734,130292,Clear Rate,10,1,B,MI,88274dd293fffff
261450004001045,80,80,2,4349734,130292,Clear Rate,10,1,B,MI,88274dd291fffff
261450004001046,80,80,1,4349734,130292,Clear Rate,10,1,B,MI,88274dd291fffff
261450004001047,45,45,1,4349734,130292,Clear Rate,10,1,B,MI,88274dd29bfffff
261450004001048,45,45,3,4349734,130292,Clear Rate,10,1,B,MI,88274dd29bfffff
261450004001049,45,45,2,4349734,130292,Clear Rate,10,1,B,MI,88274dd29bfffff
261450004001050,45,45,6,4349734,130292,Clear Rate,10,1,B,MI,88274dd293fffff
261450004001051,80,80,8,4349734,130292,Clear Rate,10,1,B,MI,88274dd293fffff
261450004001052,80,80,1,4349734,130292,Clear Rate,10,1,B,MI,88274dd293fffff
261450004001053,80,80,8,4349734,130292,Clear Rate,10,1,B,MI,88274dd293fffff
261450004001054,80,80,4,4349734,130292,Clear Rate,10,1,B,MI,88274dd293fffff
261450004001055,80,80,1,4349734,130292,Clear Rate,10,1,B,MI,88274dd293fffff
261450004001056,80,80,3,4349734,130292,Clear Rate,10,1,B,MI,88274dd293fffff
261450004001057,80,80,6,4349734,130292,Clear Rate,10,1,B,MI,88274dd293fffff
261450004001058,80,80,3,4349734,130292,Clear Rate,10,1,B,MI,88274dd293fffff
261450004001059,80,80,1,4349734,130292,Clear Rate,10,1,B,MI,88274dd293fffff
261450004001061,80,80,2,4349734,130292,Clear Rate,10,1,B,MI,88274dd293fffff
261450004001062,80,80,3,4349734,130292,Clear Rate,10,1,B,MI,88274dd293fffff
261450004001063,45,45,1,4349734,130292,Clear Rate,10,1,B,MI,88274dd293fffff
261450004001064,45,45,5,4349734,130292,Clear Rate,10,1,B,MI,88274dd293fffff
261450004001065,45,45,7,4349734,130292,Clear Rate,10,1,B,MI,88274dd293fffff
261450004001065,80,80,3,4349734,130292,Clear Rate,10,1,B,MI,88274dd293fffff
261450004001066,80,80,14,4349734,130292,Clear Rate,10,1,B,MI,88274dd293fffff
261450004001067,80,80,8,4349734,130292,Clear Rate,10,1,B,MI,88274dd74dfffff
261450004001068,30,30,6,4349734,130292,Clear Rate,10,1,B,MI,88274dd29bfffff
261450004001069,45,45,3,4349734,130292,Clear Rate,10,1,B,MI,88274dd293fffff
261450004001070,80,80,6,4349734,130292,Clear Rate,10,1,B,MI,88274dd293fffff
261450004001072,45,45,1,4349734,130292,Clear Rate,10,1,B,MI,88274dd293fffff
261450004002000,30,30,5,4349734,130292,Clear Rate,10,1,B,MI,88276b6da7fffff
261450004002002,30,30,2,4349734,130292,Clear Rate,10,1,B,MI,88274dd29bfffff
261450004002003,30,30,4,4349734,130292,Clear Rate,10,1,B,MI,88274dd29bfffff
261450004002005,30,30,7,4349734,130292,Clear Rate,10,1,B,MI,88274dd29bfffff
261450004002006,30,30,6,4349734,130292,Clear Rate,10,1,B,MI,88274dd29bfffff
261450004002007,30,30,21,4349734,130292,Clear Rate,10,1,B,MI,88276b6da7fffff
261450004002008,30,30,7,4349734,130292,Clear Rate,10,1,B,MI,88276b6da7fffff
261450004002009,30,30,9,4349734,130292,Clear Rate,10,1,B,MI,88276b6da7fffff
261450004002010,30,30,3,4349734,130292,Clear Rate,10,1,B,MI,88276b6da7fffff
261450004002011,30,30,6,4349734,130292,Clear Rate,10,1,B,MI,88276b6da7fffff
261450004002012,30,30,1,4349734,130292,Clear Rate,10,1,B,MI,88274dd29bfffff
261450004002013,30,30,9,4349734,130292,Clear Rate,10,1,B,MI,88274dd29bfffff
261450004002014,30,30,9,4349734,130292,Clear Rate,10,1,B,MI,88274dd29bfffff
261450004002015,30,30,4,4349734,130292,Clear Rate,10,1,B,MI,88274dd29bfffff
261450004002016,30,30,6,4349734,130292,Clear Rate,10,1,B,MI,88274dd29bfffff
261450004002017,30,30,13,4349734,130292,Clear Rate,10,1,B,MI,88274dd29bfffff
261450004002018,30,30,9,4349734,130292,Clear Rate,10,1,B,MI,88276b6da7fffff
261450004002019,30,30,8,4349734,130292,Clear Rate,10,1,B,MI,88276b6da7fffff
261450004002020,30,30,3,4349734,130292,Clear Rate,10,1,B,MI,88276b6da7fffff
261450004002021,30,30,16,4349734,130292,Clear Rate,10,1,B,MI,88276b6da7fffff
261450004002022,30,30,15,4349734,130292,Clear Rate,10,1,B,MI,88274dd74dfffff
261450004002023,30,30,7,4349734,130292,Clear Rate,10,1,B,MI,88276b6da7fffff
261450004002024,30,30,12,4349734,130292,Clear Rate,10,1,B,MI,88274dd29bfffff
261450004002025,30,30,12,4349734,130292,Clear Rate,10,1,B,MI,88274dd29bfffff
261450004002026,30,30,8,4349734,130292,Clear Rate,10,1,B,MI,88274dd29bfffff
261450004002027,30,30,5,4349734,130292,Clear Rate,10,1,B,MI,88274dd29bfffff
261450004002028,30,30,13,4349734,130292,Clear Rate,10,1,B,MI,88274dd74dfffff
261450004002029,30,30,9,4349734,130292,Clear Rate,10,1,B,MI,88274dd74dfffff
261450004002030,30,30,4,4349734,130292,Clear Rate,10,1,B,MI,88274dd74dfffff
261450004002031,30,30,5,4349734,130292,Clear Rate,10,1,B,MI,88274dd29bfffff
261450004002032,30,30,8,4349734,130292,Clear Rate,10,1,B,MI,88276b6da7fffff
261450004002033,30,30,12,4349734,130292,Clear Rate,10,1,B,MI,88276b6da7fffff
261450004002034,30,30,15,4349734,130292,Clear Rate,10,1,B,MI,88276b6da7fffff
261450006001000,80,80,7,4349734,130292,Clear Rate,10,1,B,MI,88274dd293fffff
261450006001001,80,80,2,4349734,130292,Clear Rate,10,1,B,MI,88274dd293fffff
261450006001002,80,80,2,4349734,130292,Clear Rate,10,1,B,MI,88274dd293fffff
261450006001003,80,80,1,4349734,130292,Clear Rate,10,1,B,MI,88274dd293fffff
261450006001005,80,80,3,4349734,130292,Clear Rate,10,1,B,MI,88274dd293fffff
261450006001006,80,80,2,4349734,130292,Clear Rate,10,1,B,MI,88274dd293fffff
261450006001008,80,80,1,4349734,130292,Clear Rate,10,1,B,MI,88274dd293fffff
261450006001009,80,80,3,4349734,130292,Clear Rate,10,1,B,MI,88274dd293fffff
261450006001010,80,80,8,4349734,130292,Clear Rate,10,1,B,MI,88274dd293fffff
261450006001011,80,80,4,4349734,130292,Clear Rate,10,1,B,MI,88274dd293fffff
261450006001012,80,80,3,4349734,130292,Clear Rate,10,1,B,MI,88274dd297fffff
261450006001014,30,30,5,4349734,130292,Clear Rate,10,1,B,MI,88274dd293fffff
261450006001015,45,45,1,4349734,130292,Clear Rate,10,1,B,MI,88274dd293fffff
261450006001015,80,80,5,4349734,130292,Clear Rate,10,1,B,MI,88274dd293fffff
261450006001017,80,80,1,4349734,130292,Clear Rate,10,1,B,MI,88274dd769fffff
261450006001019,45,45,1,4349734,130292,Clear Rate,10,1,B,MI,88274dd769fffff
261450006001020,45,45,5,4349734,130292,Clear Rate,10,1,B,MI,88274dd769fffff
261450006001021,45,45,3,4349734,130292,Clear Rate,10,1,B,MI,88274dd769fffff
261450006001023,30,30,9,4349734,130292,Clear Rate,10,1,B,MI,88274dd745fffff
261450006001023,45,45,3,4349734,130292,Clear Rate,10,1,B,MI,88274dd293fffff
261450006001024,30,30,2,4349734,130292,Clear Rate,10,1,B,MI,88274dd745fffff
261450006001025,45,45,5,4349734,130292,Clear Rate,10,1,B,MI,88274dd297fffff
261450006001026,45,45,1,4349734,130292,Clear Rate,10,1,B,MI,88274dd769fffff
261450006001027,45,45,2,4349734,130292,Clear Rate,10,1,B,MI,88274dd769fffff
261450006001028,45,45,18,4349734,130292,Clear Rate,10,1,B,MI,88274dd769fffff
261450006001029,45,45,8,4349734,130292,Clear Rate,10,1,B,MI,88274dd769fffff
261450006001030,45,45,3,4349734,130292,Clear Rate,10,1,B,MI,88274dd769fffff
261450006001032,45,45,1,4349734,130292,Clear Rate,10,1,B,MI,88274dd769fffff
261450006001033,45,45,1,4349734,130292,Clear Rate,10,1,B,MI,88274dd769fffff
261450006001034,45,45,1,4349734,130292,Clear Rate,10,1,B,MI,88274dd769fffff
261450006001035,45,45,7,4349734,130292,Clear Rate,10,1,B,MI,88274dd769fffff
261450006001036,30,30,5,4349734,130292,Clear Rate,10,1,B,MI,88274dd769fffff
261450006001037,30,30,9,4349734,130292,Clear Rate,10,1,B,MI,88274dd769fffff
261450006001038,45,45,14,4349734,130292,Clear Rate,10,1,B,MI,88274dd769fffff
261450006001039,45,45,6,4349734,130292,Clear Rate,10,1,B,MI,88274dd769fffff
261450006001040,45,45,11,4349734,130292,Clear Rate,10,1,B,MI,88274dd769fffff
261450006001041,45,45,16,4349734,130292,Clear Rate,10,1,B,MI,88274dd745fffff
261450006001042,30,30,1,4349734,130292,Clear Rate,10,1,B,MI,88274dd745fffff
261450006001043,30,30,6,4349734,130292,Clear Rate,10,1,B,MI,88274dd769fffff
261450006001044,30,30,7,4349734,130292,Clear Rate,10,1,B,MI,88274dd769fffff
261450006001045,45,45,8,4349734,130292,Clear Rate,10,1,B,MI,88274dd769fffff
261450006001046,45,45,6,4349734,130292,Clear Rate,10,1,B,MI,88274dd745fffff
261450006001047,30,30,4,4349734,130292,Clear Rate,10,1,B,MI,88274dd745fffff
261450006001048,30,30,9,4349734,130292,Clear Rate,10,1,B,MI,88274dd76bfffff
261450006001049,30,30,7,4349734,130292,Clear Rate,10,1,B,MI,88274dd769fffff
261450006001050,30,30,5,4349734,130292,Clear Rate,10,1,B,MI,88274dd769fffff
261450006001051,30,30,7,4349734,130292,Clear Rate,10,1,B,MI,88274dd769fffff
261450006001052,30,30,3,4349734,130292,Clear Rate,10,1,B,MI,88274dd769fffff
261450006001054,45,45,7,4349734,130292,Clear Rate,10,1,B,MI,88274dd769fffff
261450006001055,45,45,6,4349734,130292,Clear Rate,10,1,B,MI,88274dd769fffff
261450006001059,30,30,12,4349734,130292,Clear Rate,10,1,B,MI,88274dd76bfffff
261450006001060,30,30,1,4349734,130292,Clear Rate,10,1,B,MI,88274dd76bfffff
261450006001061,30,30,8,4349734,130292,Clear Rate,10,1,B,MI,88274dd76bfffff
261450006002007,45,45,1,4349734,130292,Clear Rate,10,1,B,MI,88274dd761fffff
261450006002009,45,45,1,4349734,130292,Clear Rate,10,1,B,MI,88274dd761fffff
261450006002010,45,45,11,4349734,130292,Clear Rate,10,1,B,MI,88274dd761fffff
261450006002026,45,45,2,4349734,130292,Clear Rate,10,1,B,MI,88274dd761fffff
261450006002037,45,45,4,4349734,130292,Clear Rate,10,1,B,MI,88274dd765fffff
261450007001001,30,30,1,4349734,130292,Clear Rate,10,1,B,MI,88274dd741fffff
261450007001002,30,30,1,4349734,130292,Clear Rate,10,1,B,MI,88274dd741fffff
261450007001005,30,30,1,4349734,130292,Clear Rate,10,1,B,MI,88274dd741fffff
261450007001006,30,30,6,4349734,130292,Clear Rate,10,1,B,MI,88274dd741fffff
261450007001007,30,30,2,4349734,130292,Clear Rate,10,1,B,MI,88274dd741fffff
261450007001008,30,30,2,4349734,130292,Clear Rate,10,1,B,MI,88274dd745fffff
261450007001009,30,30,5,4349734,130292,Clear Rate,10,1,B,MI,88274dd745fffff
261450007001010,30,30,2,4349734,130292,Clear Rate,10,1,B,MI,88274dd741fffff
261450007002000,30,30,11,4349734,130292,Clear Rate,10,1,B,MI,88274dd745fffff
261450007002001,30,30,9,4349734,130292,Clear Rate,10,1,B,MI,88274dd745fffff
261450007002002,30,30,6,4349734,130292,Clear Rate,10,1,B,MI,88274dd745fffff
261450007002003,30,30,11,4349734,130292,Clear Rate,10,1,B,MI,88274dd745fffff
261450007002004,30,30,6,4349734,130292,Clear Rate,10,1,B,MI,88274dd745fffff
261450007002005,30,30,5,4349734,130292,Clear Rate,10,1,B,MI,88274dd745fffff
261450007002006,30,30,5,4349734,130292,Clear Rate,10,1,B,MI,88274dd745fffff
261450007002007,30,30,9,4349734,130292,Clear Rate,10,1,B,MI,88274dd745fffff
261450007002008,30,30,9,4349734,130292,Clear Rate,10,1,B,MI,88274dd745fffff
261450007002009,30,30,7,4349734,130292,Clear Rate,10,1,B,MI,88274dd745fffff
261450007002010,30,30,9,4349734,130292,Clear Rate,10,1,B,MI,88274dd745fffff
261450007002011,30,30,8,4349734,130292,Clear Rate,10,1,B,MI,88274dd745fffff
261450007002012,30,30,5,4349734,130292,Clear Rate,10,1,B,MI,88274dd745fffff
261450007002013,30,30,5,4349734,130292,Clear Rate,10,1,B,MI,88274dd745fffff
261450007002014,30,30,11,4349734,130292,Clear Rate,10,1,B,MI,88274dd745fffff
261450007002015,30,30,4,4349734,130292,Clear Rate,10,1,B,MI,88274dd745fffff
261450007002016,30,30,1,4349734,130292,Clear Rate,10,1,B,MI,88274dd745fffff
261450007002018,30,30,1,4349734,130292,Clear Rate,10,1,B,MI,88274dd745fffff
261450007002019,30,30,1,4349734,130292,Clear Rate,10,1,B,MI,88274dd745fffff
261450007002020,30,30,7,4349734,130292,Clear Rate,10,1,B,MI,88274dd745fffff
261450007002021,30,30,9,4349734,130292,Clear Rate,10,1,B,MI,88274dd745fffff
261450007002022,30,30,7,4349734,130292,Clear Rate,10,1,B,MI,88274dd745fffff
261450007002023,30,30,2,4349734,130292,Clear Rate,10,1,B,MI,88274dd745fffff
261450007002024,30,30,2,4349734,130292,Clear Rate,10,1,B,MI,88274dd745fffff
261450007002025,30,30,8,4349734,130292,Clear Rate,10,1,B,MI,88274dd745fffff
261450007002026,30,30,5,4349734,130292,Clear Rate,10,1,B,MI,88274dd745fffff
261450007002027,30,30,8,4349734,130292,Clear Rate,10,1,B,MI,88274dd76bfffff
261450007002028,30,30,5,4349734,130292,Clear Rate,10,1,B,MI,88274dd76bfffff
261450007002029,30,30,10,4349734,130292,Clear Rate,10,1,B,MI,88274dd76bfffff
261450007002030,30,30,12,4349734,130292,Clear Rate,10,1,B,MI,88274dd76bfffff
261450007002031,30,30,3,4349734,130292,Clear Rate,10,1,B,MI,88274dd745fffff
261450007002032,30,30,1,4349734,130292,Clear Rate,10,1,B,MI,88274dd745fffff
261450007002033,30,30,11,4349734,130292,Clear Rate,10,1,B,MI,88274dd745fffff
261450007003000,30,30,16,4349734,130292,Clear Rate,10,1,B,MI,88274dd74dfffff
261450007003001,30,30,11,4349734,130292,Clear Rate,10,1,B,MI,88274dd74dfffff
261450007003002,30,30,5,4349734,130292,Clear Rate,10,1,B,MI,88274dd74dfffff
261450007003003,30,30,1,4349734,130292,Clear Rate,10,1,B,MI,88274dd74dfffff
261450007003003,45,45,1,4349734,130292,Clear Rate,10,1,B,MI,88274dd293fffff
261450007003004,45,45,3,4349734,130292,Clear Rate,10,1,B,MI,88274dd293fffff
261450007003005,45,45,8,4349734,130292,Clear Rate,10,1,B,MI,88274dd293fffff
261450007003006,45,45,6,4349734,130292,Clear Rate,10,1,B,MI,88274dd293fffff
261450007003007,80,80,5,4349734,130292,Clear Rate,10,1,B,MI,88274dd293fffff
261450007003008,80,80,2,4349734,130292,Clear Rate,10,1,B,MI,88274dd293fffff
261450007003009,45,45,10,4349734,130292,Clear Rate,10,1,B,MI,88274dd293fffff
261450007003009,80,80,5,4349734,130292,Clear Rate,10,1,B,MI,88274dd293fffff
261450007003010,45,45,8,4349734,130292,Clear Rate,10,1,B,MI,88274dd293fffff
261450007003010,80,80,1,4349734,130292,Clear Rate,10,1,B,MI,88274dd293fffff
261450007003011,45,45,8,4349734,130292,Clear Rate,10,1,B,MI,88274dd293fffff
261450007003012,45,45,1,4349734,130292,Clear Rate,10,1,B,MI,88274dd74dfffff
261450007003013,45,45,2,4349734,130292,Clear Rate,10,1,B,MI,88274dd293fffff
261450007003014,30,30,4,4349734,130292,Clear Rate,10,1,B,MI,88274dd74dfffff
261450007003015,30,30,8,4349734,130292,Clear Rate,10,1,B,MI,88274dd74dfffff
261450007003016,30,30,8,4349734,130292,Clear Rate,10,1,B,MI,88274dd74dfffff
261450007003017,30,30,14,4349734,130292,Clear Rate,10,1,B,MI,88274dd74dfffff
261450007003018,45,45,10,4349734,130292,Clear Rate,10,1,B,MI,88274dd293fffff
261450007003019,45,45,8,4349734,130292,Clear Rate,10,1,B,MI,88274dd74dfffff
261450007003020,45,45,3,4349734,130292,Clear Rate,10,1,B,MI,88274dd74dfffff
261450007003021,45,45,5,4349734,130292,Clear Rate,10,1,B,MI,88274dd74dfffff
261450007003022,30,30,5,4349734,130292,Clear Rate,10,1,B,MI,88274dd74dfffff
261450007003024,30,30,14,4349734,130292,Clear Rate,10,1,B,MI,88274dd74dfffff
261450007003025,30,30,6,4349734,130292,Clear Rate,10,1,B,MI,88274dd74dfffff
261450007003026,45,45,10,4349734,130292,Clear Rate,10,1,B,MI,88274dd745fffff
261450007003027,45,45,6,4349734,130292,Clear Rate,10,1,B,MI,88274dd745fffff
261450007003028,45,45,8,4349734,130292,Clear Rate,10,1,B,MI,88274dd293fffff
261450007003029,45,45,2,4349734,130292,Clear Rate,10,1,B,MI,88274dd293fffff
261450007003030,30,30,8,4349734,130292,Clear Rate,10,1,B,MI,88274dd293fffff
261450007003031,30,30,8,4349734,130292,Clear Rate,10,1,B,MI,88274dd745fffff
261450007003032,30,30,4,4349734,130292,Clear Rate,10,1,B,MI,88274dd745fffff
261450007003033,30,30,11,4349734,130292,Clear Rate,10,1,B,MI,88274dd745fffff
261450007003034,30,30,2,4349734,130292,Clear Rate,10,1,B,MI,88274dd745fffff
261450007003035,30,30,5,4349734,130292,Clear Rate,10,1,B,MI,88274dd745fffff
261450007003036,30,30,13,4349734,130292,Clear Rate,10,1,B,MI,88274dd293fffff
261450007003037,30,30,2,4349734,130292,Clear Rate,10,1,B,MI,88274dd745fffff
261450007003038,30,30,12,4349734,130292,Clear Rate,10,1,B,MI,88274dd745fffff
261450007003039,30,30,1,4349734,130292,Clear Rate,10,1,B,MI,88274dd745fffff
261450007003040,30,30,3,4349734,130292,Clear Rate,10,1,B,MI,88274dd74dfffff
261450007003041,30,30,3,4349734,130292,Clear Rate,10,1,B,MI,88274dd74dfffff
261450008001000,30,30,9,4349734,130292,Clear Rate,10,1,B,MI,88276b6da7fffff
261450008001001,30,30,15,4349734,130292,Clear Rate,10,1,B,MI,88276b6da7fffff
261450008001002,30,30,10,4349734,130292,Clear Rate,10,1,B,MI,88276b6da7fffff
261450008001003,30,30,14,4349734,130292,Clear Rate,10,1,B,MI,88274dd74dfffff
261450008001004,30,30,7,4349734,130292,Clear Rate,10,1,B,MI,88274dd74dfffff
261450008001005,30,30,18,4349734,130292,Clear Rate,10,1,B,MI,88274dd749fffff
261450008001006,30,30,12,4349734,130292,Clear Rate,10,1,B,MI,88274dd749fffff
261450008001007,30,30,12,4349734,130292,Clear Rate,10,1,B,MI,88274dd74dfffff
261450008001008,30,30,18,4349734,130292,Clear Rate,10,1,B,MI,88274dd74dfffff
261450008001009,30,30,7,4349734,130292,Clear Rate,10,1,B,MI,88274dd74dfffff
261450008001010,30,30,13,4349734,130292,Clear Rate,10,1,B,MI,88274dd741fffff
261450008001011,30,30,16,4349734,130292,Clear Rate,10,1,B,MI,88274dd741fffff
261450008002004,30,30,2,4349734,130292,Clear Rate,10,1,B,MI,88274dd741fffff
261450008002009,30,30,2,4349734,130292,Clear Rate,10,1,B,MI,88274dd741fffff
261450008003016,30,30,31,4349734,130292,Clear Rate,10,1,B,MI,88274dd749fffff
261450008003017,30,30,21,4349734,130292,Clear Rate,10,1,B,MI,88274dd749fffff
261450008003018,30,30,25,4349734,130292,Clear Rate,10,1,B,MI,88274dd749fffff
261450008003019,30,30,10,4349734,130292,Clear Rate,10,1,B,MI,88274dd749fffff
261450008003020,30,30,18,4349734,130292,Clear Rate,10,1,B,MI,88274dd749fffff
261450008003021,30,30,4,4349734,130292,Clear Rate,10,1,B,MI,88274dd749fffff
261450008003022,30,30,6,4349734,130292,Clear Rate,10,1,B,MI,88274dd741fffff
261450008004000,30,30,9,4349734,130292,Clear Rate,10,1,B,MI,88274dd74dfffff
261450008004001,30,30,16,4349734,130292,Clear Rate,10,1,B,MI,88274dd74dfffff
261450008004002,30,30,9,4349734,130292,Clear Rate,10,1,B,MI,88274dd74dfffff
261450008004003,30,30,12,4349734,130292,Clear Rate,10,1,B,MI,88274dd74dfffff
261450008004004,30,30,11,4349734,130292,Clear Rate,10,1,B,MI,88274dd74dfffff
261450008004005,30,30,8,4349734,130292,Clear Rate,10,1,B,MI,88274dd74dfffff
261450008004006,30,30,12,4349734,130292,Clear Rate,10,1,B,MI,88274dd74dfffff
261450008004007,30,30,10,4349734,130292,Clear Rate,10,1,B,MI,88274dd74dfffff
261450008004008,30,30,14,4349734,130292,Clear Rate,10,1,B,MI,88274dd74dfffff
261450008004009,30,30,10,4349734,130292,Clear Rate,10,1,B,MI,88274dd74dfffff
261450008004010,30,30,11,4349734,130292,Clear Rate,10,1,B,MI,88274dd741fffff
261450008004011,30,30,14,4349734,130292,Clear Rate,10,1,B,MI,88274dd741fffff
261450008004012,30,30,12,4349734,130292,Clear Rate,10,1,B,MI,88274dd741fffff
261450008004013,30,30,12,4349734,130292,Clear Rate,10,1,B,MI,88274dd741fffff
261450008004014,30,30,15,4349734,130292,Clear Rate,10,1,B,MI,88274dd741fffff
261450008004015,30,30,11,4349734,130292,Clear Rate,10,1,B,MI,88274dd741fffff
261450008004016,30,30,8,4349734,130292,Clear Rate,10,1,B,MI,88274dd741fffff
261450008004017,30,30,6,4349734,130292,Clear Rate,10,1,B,MI,88274dd741fffff
261450008004018,30,30,6,4349734,130292,Clear Rate,10,1,B,MI,88274dd741fffff
261450008004019,30,30,10,4349734,130292,Clear Rate,10,1,B,MI,88274dd741fffff
261450008004020,30,30,14,4349734,130292,Clear Rate,10,1,B,MI,88274dd741fffff
261450008004021,30,30,12,4349734,130292,Clear Rate,10,1,B,MI,88274dd741fffff
261450008004022,30,30,12,4349734,130292,Clear Rate,10,1,B,MI,88274dd741fffff
261450009001001,30,30,1,4349734,130292,Clear Rate,10,1,B,MI,88274dd747fffff
261450009001002,30,30,12,4349734,130292,Clear Rate,10,1,B,MI,88274dd76bfffff
261450009001003,30,30,5,4349734,130292,Clear Rate,10,1,B,MI,88274dd76bfffff
261450009001004,30,30,9,4349734,130292,Clear Rate,10,1,B,MI,88274dd76bfffff
261450009001005,30,30,20,4349734,130292,Clear Rate,10,1,B,MI,88274dd76bfffff
261450009001006,30,30,1,4349734,130292,Clear Rate,10,1,B,MI,88274dd76bfffff
261450009001007,30,30,2,4349734,130292,Clear Rate,10,1,B,MI,88274dd76bfffff
261450009001008,30,30,1,4349734,130292,Clear Rate,10,1,B,MI,88274dd747fffff
261450017001007,30,30,1,4349734,130292,Clear Rate,10,1,B,MI,88274dd2b3fffff
261450017001009,30,30,2,4349734,130292,Clear Rate,10,1,B,MI,88274dd76dfffff
261450017001011,30,30,9,4349734,130292,Clear Rate,10,1,B,MI,88274dd76dfffff
261450017001012,30,30,10,4349734,130292,Clear Rate,10,1,B,MI,88274dd2b3fffff
261450017001013,30,30,10,4349734,130292,Clear Rate,10,1,B,MI,88274dd76dfffff
261450017001014,30,30,1,4349734,130292,Clear Rate,10,1,B,MI,88274dd76dfffff
261450017001015,30,30,6,4349734,130292,Clear Rate,10,1,B,MI,88274dd76dfffff
261450017001016,30,30,3,4349734,130292,Clear Rate,10,1,B,MI,88274dd76dfffff
261450017001018,30,30,12,4349734,130292,Clear Rate,10,1,B,MI,88274dd76dfffff
261450017001019,30,30,6,4349734,130292,Clear Rate,10,1,B,MI,88274dd76dfffff
261450017001020,30,30,4,4349734,130292,Clear Rate,10,1,B,MI,88274dd76dfffff
261450017001021,30,30,4,4349734,130292,Clear Rate,10,1,B,MI,88274dd76dfffff
261450017001023,30,30,3,4349734,130292,Clear Rate,10,1,B,MI,88274dd76dfffff
261450017001025,30,30,1,4349734,130292,Clear Rate,10,1,B,MI,88274dd76dfffff
261450017001026,30,30,3,4349734,130292,Clear Rate,10,1,B,MI,88274dd76dfffff
261450017001034,30,30,1,4349734,130292,Clear Rate,10,1,B,MI,88274dd765fffff
261450017001035,30,30,2,4349734,130292,Clear Rate,10,1,B,MI,88274dd765fffff
261450017001036,30,30,2,4349734,130292,Clear Rate,10,1,B,MI,88274dd765fffff
261450017001037,30,30,1,4349734,130292,Clear Rate,10,1,B,MI,88274dd76dfffff
261450017003005,30,30,11,4349734,130292,Clear Rate,10,1,B,MI,88274dd2b3fffff
261450017003008,30,30,11,4349734,130292,Clear Rate,10,1,B,MI,88274dd2b3fffff
261450017003009,30,30,8,4349734,130292,Clear Rate,10,1,B,MI,88274dd76dfffff
261450017003014,30,30,3,4349734,130292,Clear Rate,10,1,B,MI,88274dd2b3fffff
261450017003015,30,30,4,4349734,130292,Clear Rate,10,1,B,MI,88274dd2b3fffff
261450017003016,30,30,8,4349734,130292,Clear Rate,10,1,B,MI,88274dd2b3fffff
261450017003017,30,30,7,4349734,130292,Clear Rate,10,1,B,MI,88274dd2b3fffff
261450017003018,30,30,2,4349734,130292,Clear Rate,10,1,B,MI,88274dd76dfffff
261450017003023,30,30,5,4349734,130292,Clear Rate,10,1,B,MI,88274dd2b3fffff
261450018001001,80,80,3,4349734,130292,Clear Rate,10,1,B,MI,88274dd291fffff
261450018001002,80,80,6,4349734,130292,Clear Rate,10,1,B,MI,88274dd291fffff
261450018001003,80,80,2,4349734,130292,Clear Rate,10,1,B,MI,88274dd295fffff
261450018001004,30,30,2,4349734,130292,Clear Rate,10,1,B,MI,88274dd295fffff
261450018001005,30,30,7,4349734,130292,Clear Rate,10,1,B,MI,88274dd295fffff
261450018001006,30,30,11,4349734,130292,Clear Rate,10,1,B,MI,88274dd295fffff
261450018001007,30,30,1,4349734,130292,Clear Rate,10,1,B,MI,88274dd295fffff
261450018001008,30,30,14,4349734,130292,Clear Rate,10,1,B,MI,88274dd295fffff
261450018001009,30,30,6,4349734,130292,Clear Rate,10,1,B,MI,88274dd295fffff
261450018001010,30,30,4,4349734,130292,Clear Rate,10,1,B,MI,88274dd295fffff
261450018001011,30,30,3,4349734,130292,Clear Rate,10,1,B,MI,88274dd295fffff
261450018001011,45,45,2,4349734,130292,Clear Rate,10,1,B,MI,88274dd295fffff
261450018001012,30,30,2,4349734,130292,Clear Rate,10,1,B,MI,88274dd295fffff
261450018001013,30,30,12,4349734,130292,Clear Rate,10,1,B,MI,88274dd295fffff
261450018001014,30,30,10,4349734,130292,Clear Rate,10,1,B,MI,88274dd295fffff
261450018001015,30,30,2,4349734,130292,Clear Rate,10,1,B,MI,88274dd2bbfffff
261450018001016,30,30,1,4349734,130292,Clear Rate,10,1,B,MI,88274dd297fffff
261450018001016,45,45,1,4349734,130292,Clear Rate,10,1,B,MI,88274dd297fffff
261450018001017,30,30,18,4349734,130292,Clear Rate,10,1,B,MI,88274dd76dfffff
261450018001017,45,45,11,4349734,130292,Clear Rate,10,1,B,MI,88274dd295fffff
261450018001018,30,30,5,4349734,130292,Clear Rate,10,1,B,MI,88274dd76dfffff
261450018001019,30,30,4,4349734,130292,Clear Rate,10,1,B,MI,88274dd295fffff
261450018001019,45,45,3,4349734,130292,Clear Rate,10,1,B,MI,88274dd295fffff
261450018001020,80,80,7,4349734,130292,Clear Rate,10,1,B,MI,88274dd295fffff
261450018001021,80,80,1,4349734,130292,Clear Rate,10,1,B,MI,88274dd297fffff
261450018001024,30,30,4,4349734,130292,Clear Rate,10,1,B,MI,88274dd297fffff
261450018001025,30,30,8,4349734,130292,Clear Rate,10,1,B,MI,88274dd76dfffff
261450018001025,80,80,1,4349734,130292,Clear Rate,10,1,B,MI,88274dd297fffff
261450018001027,30,30,3,4349734,130292,Clear Rate,10,1,B,MI,88274dd76dfffff
261450018001028,30,30,2,4349734,130292,Clear Rate,10,1,B,MI,88274dd76dfffff
261450018001029,30,30,2,4349734,130292,Clear Rate,10,1,B,MI,88274dd76dfffff
261450018001030,30,30,14,4349734,130292,Clear Rate,10,1,B,MI,88274dd76dfffff
261450018001031,30,30,7,4349734,130292,Clear Rate,10,1,B,MI,88274dd76dfffff
261450018001032,30,30,14,4349734,130292,Clear Rate,10,1,B,MI,88274dd76dfffff
261450018001033,30,30,5,4349734,130292,Clear Rate,10,1,B,MI,88274dd76dfffff
261450018001045,30,30,1,4349734,130292,Clear Rate,10,1,B,MI,88274dd76dfffff
261450018002000,30,30,1,4349734,130292,Clear Rate,10,1,B,MI,88274dd2bbfffff
261450018002001,30,30,10,4349734,130292,Clear Rate,10,1,B,MI,88274dd2bbfffff
261450018002002,30,30,7,4349734,130292,Clear Rate,10,1,B,MI,88274dd2bbfffff
261450018002003,30,30,15,4349734,130292,Clear Rate,10,1,B,MI,88274dd2bbfffff
261450018002004,30,30,16,4349734,130292,Clear Rate,10,1,B,MI,88274dd2bbfffff
261450018002005,30,30,4,4349734,130292,Clear Rate,10,1,B,MI,88274dd2bbfffff
261450018002008,30,30,10,4349734,130292,Clear Rate,10,1,B,MI,88274dd2bbfffff
261450018002009,30,30,14,4349734,130292,Clear Rate,10,1,B,MI,88274dd2bbfffff
261450018002010,30,30,11,4349734,130292,Clear Rate,10,1,B,MI,88274dd2bbfffff
261450018002011,30,30,1,4349734,130292,Clear Rate,10,1,B,MI,88274dd2bbfffff
261450018002012,30,30,9,4349734,130292,Clear Rate,10,1,B,MI,88274dd2bbfffff
261450018002013,30,30,1,4349734,130292,Clear Rate,10,1,B,MI,88274dd2bbfffff
261450018002015,30,30,12,4349734,130292,Clear Rate,10,1,B,MI,88274dd2bbfffff
261450018002016,30,30,3,4349734,130292,Clear Rate,10,1,B,MI,88274dd2bbfffff
261450018002017,30,30,4,4349734,130292,Clear Rate,10,1,B,MI,88274dd2bbfffff
261450018002018,30,30,2,4349734,130292,Clear Rate,10,1,B,MI,88274dd2bbfffff
261450018003000,30,30,8,4349734,130292,Clear Rate,10,1,B,MI,88274dd295fffff
261450018003001,30,30,9,4349734,130292,Clear Rate,10,1,B,MI,88274dd295fffff
261450018003002,30,30,7,4349734,130292,Clear Rate,10,1,B,MI,88274dd295fffff
261450018003003,30,30,10,4349734,130292,Clear Rate,10,1,B,MI,88274dd295fffff
261450018003004,30,30,13,4349734,130292,Clear Rate,10,1,B,MI,88274dd2b9fffff
261450018003005,30,30,2,4349734,130292,Clear Rate,10,1,B,MI,88274dd2b9fffff
261450018003008,30,30,1,4349734,130292,Clear Rate,10,1,B,MI,88274dd2b9fffff
261450018003009,30,30,15,4349734,130292,Clear Rate,10,1,B,MI,88274dd2bbfffff
261450018003010,30,30,14,4349734,130292,Clear Rate,10,1,B,MI,88274dd2bbfffff
261450018003011,30,30,8,4349734,130292,Clear Rate,10,1,B,MI,88274dd2bbfffff
261450018003012,30,30,10,4349734,130292,Clear Rate,10,1,B,MI,88274dd295fffff
261450018003013,30,30,10,4349734,130292,Clear Rate,10,1,B,MI,88274dd295fffff
261450018003014,30,30,15,4349734,130292,Clear Rate,10,1,B,MI,88274dd295fffff
261450018003015,30,30,12,4349734,130292,Clear Rate,10,1,B,MI,88274dd295fffff
261450018003016,30,30,8,4349734,130292,Clear Rate,10,1,B,MI,88274dd2bbfffff
261450018003017,30,30,14,4349734,130292,Clear Rate,10,1,B,MI,88274dd2bbfffff
261450018003018,30,30,11,4349734,130292,Clear Rate,10,1,B,MI,88274dd2bbfffff
261450018003019,30,30,1,4349734,130292,Clear Rate,10,1,B,MI,88274dd2bbfffff
261450019001006,30,30,4,4349734,130292,Clear Rate,10,1,B,MI,88274dd295fffff
261450019001011,30,30,4,4349734,130292,Clear Rate,10,1,B,MI,88274dd295fffff
261450019001012,30,30,8,4349734,130292,Clear Rate,10,1,B,MI,88274dd295fffff
261450019001013,30,30,7,4349734,130292,Clear Rate,10,1,B,MI,88274dd295fffff
261450019001014,30,30,1,4349734,130292,Clear Rate,10,1,B,MI,88274dd295fffff
261450019001015,30,30,1,4349734,130292,Clear Rate,10,1,B,MI,88274dd295fffff
261450019001015,80,80,1,4349734,130292,Clear Rate,10,1,B,MI,88274dd295fffff
261450019001018,30,30,3,4349734,130292,Clear Rate,10,1,B,MI,88274dd295fffff
261450019001019,30,30,9,4349734,130292,Clear Rate,10,1,B,MI,88274dd295fffff
261450019001020,30,30,6,4349734,130292,Clear Rate,10,1,B,MI,88274dd295fffff
261450019001021,30,30,9,4349734,130292,Clear Rate,10,1,B,MI,88274dd295fffff
261450019001022,30,30,6,4349734,130292,Clear Rate,10,1,B,MI,88274dd295fffff
261450019001023,30,30,15,4349734,130292,Clear Rate,10,1,B,MI,88274dd295fffff
261450019001024,30,30,7,4349734,130292,Clear Rate,10,1,B,MI,88274dd283fffff
261450019001026,30,30,37,4349734,130292,Clear Rate,10,1,B,MI,88274dd283fffff
261450019001027,30,30,22,4349734,130292,Clear Rate,10,1,B,MI,88274dd295fffff
261450019001028,30,30,12,4349734,130292,Clear Rate,10,1,B,MI,88274dd295fffff
261450019001029,30,30,8,4349734,130292,Clear Rate,10,1,B,MI,88274dd295fffff
261450019001030,30,30,9,4349734,130292,Clear Rate,10,1,B,MI,88274dd295fffff
261450019001031,30,30,9,4349734,130292,Clear Rate,10,1,B,MI,88274dd295fffff
261450019001032,30,30,12,4349734,130292,Clear Rate,10,1,B,MI,88274dd295fffff
261450019001033,30,30,8,4349734,130292,Clear Rate,10,1,B,MI,88274dd295fffff
261450019001034,30,30,10,4349734,130292,Clear Rate,10,1,B,MI,88274dd295fffff
261450019001035,30,30,6,4349734,130292,Clear Rate,10,1,B,MI,88274dd295fffff
261450019002000,30,30,17,4349734,130292,Clear Rate,10,1,B,MI,88274dd283fffff
261450019002001,30,30,16,4349734,130292,Clear Rate,10,1,B,MI,88274dd283fffff
261450019002002,30,30,27,4349734,130292,Clear Rate,10,1,B,MI,88274dd2b9fffff
261450019002003,30,30,10,4349734,130292,Clear Rate,10,1,B,MI,88274dd2b9fffff
261450019002005,30,30,2,4349734,130292,Clear Rate,10,1,B,MI,88274dd2b9fffff
261450019002006,30,30,10,4349734,130292,Clear Rate,10,1,B,MI,88274dd2b9fffff
261450019002007,30,30,10,4349734,130292,Clear Rate,10,1,B,MI,88274dd2b9fffff
261450019002008,30,30,18,4349734,130292,Clear Rate,10,1,B,MI,88274dd2b9fffff
261450019002009,30,30,24,4349734,130292,Clear Rate,10,1,B,MI,88274dd2b9fffff
261450019002010,30,30,25,4349734,130292,Clear Rate,10,1,B,MI,88274dd2b9fffff
261450019002011,30,30,27,4349734,130292,Clear Rate,10,1,B,MI,88274dd2b9fffff
261450019002012,30,30,12,4349734,130292,Clear Rate,10,1,B,MI,88274dd295fffff
261450019002013,30,30,16,4349734,130292,Clear Rate,10,1,B,MI,88274dd295fffff
261450019002014,30,30,19,4349734,130292,Clear Rate,10,1,B,MI,88274dd2b9fffff
261450019002015,30,30,18,4349734,130292,Clear Rate,10,1,B,MI,88274dd2b9fffff
261450019002016,30,30,11,4349734,130292,Clear Rate,10,1,B,MI,88274dd2b9fffff
261450019002017,30,30,11,4349734,130292,Clear Rate,10,1,B,MI,88274dd2b9fffff
261450019002018,30,30,11,4349734,130292,Clear Rate,10,1,B,MI,88274dd295fffff
261450019002020,30,30,8,4349734,130292,Clear Rate,10,1,B,MI,88274dd295fffff
261450019002021,30,30,10,4349734,130292,Clear Rate,10,1,B,MI,88274dd295fffff
261614001001000,80,80,10,4349734,130292,Clear Rate,10,1,B,MI,88274996cbfffff
261614001001001,80,80,8,4349734,130292,Clear Rate,10,1,B,MI,88274996cbfffff
261614001001002,45,45,6,4349734,130292,Clear Rate,10,1,B,MI,88274996cbfffff
261614001001003,80,80,2,4349734,130292,Clear Rate,10,1,B,MI,88274996cbfffff
261614001001004,80,80,3,4349734,130292,Clear Rate,10,1,B,MI,88274996cbfffff
261614001001006,30,30,2,4349734,130292,Clear Rate,10,1,B,MI,88274996c1fffff
261614001001006,80,80,2,4349734,130292,Clear Rate,10,1,B,MI,88274996c1fffff
261614001001007,30,30,4,4349734,130292,Clear Rate,10,1,B,MI,88274996c1fffff
261614001001008,80,80,6,4349734,130292,Clear Rate,10,1,B,MI,88274996c3fffff
261614001001009,80,80,18,4349734,130292,Clear Rate,10,1,B,MI,88274996c3fffff
261614001001010,80,80,9,4349734,130292,Clear Rate,10,1,B,MI,88274996cbfffff
261614001001011,80,80,5,4349734,130292,Clear Rate,10,1,B,MI,88274996cbfffff
261614001001012,80,80,1,4349734,130292,Clear Rate,10,1,B,MI,88274996cbfffff
261614001001013,80,80,6,4349734,130292,Clear Rate,10,1,B,MI,88274996cbfffff
261614001001014,80,80,9,4349734,130292,Clear Rate,10,1,B,MI,88274996cbfffff
261614001001015,80,80,3,4349734,130292,Clear Rate,10,1,B,MI,88274996cbfffff
261614001001016,80,80,13,4349734,130292,Clear Rate,10,1,B,MI,88274996cbfffff
261614001001017,80,80,15,4349734,130292,Clear Rate,10,1,B,MI,88274996cbfffff
261614001001018,80,80,22,4349734,130292,Clear Rate,10,1,B,MI,88274996cbfffff
261614001001019,30,30,11,4349734,130292,Clear Rate,10,1,B,MI,88274996cbfffff
261614001001019,80,80,2,4349734,130292,Clear Rate,10,1,B,MI,88274996c3fffff
261614001001020,45,45,11,4349734,130292,Clear Rate,10,1,B,MI,88274996c3fffff
261614001001021,45,45,13,4349734,130292,Clear Rate,10,1,B,MI,88274996c3fffff
261614001001023,30,30,2,4349734,130292,Clear Rate,10,1,B,MI,88274996cbfffff
261614001001024,80,80,13,4349734,130292,Clear Rate,10,1,B,MI,88274996cbfffff
261614001001025,80,80,5,4349734,130292,Clear Rate,10,1,B,MI,88274996ddfffff
261614001002000,45,45,1,4349734,130292,Clear Rate,10,1,B,MI,88274996cbfffff
261614001002000,80,80,5,4349734,130292,Clear Rate,10,1,B,MI,88274996cbfffff
261614001002001,45,45,5,4349734,130292,Clear Rate,10,1,B,MI,88274996cbfffff
261614001002001,80,80,6,4349734,130292,Clear Rate,10,1,B,MI,88274996cbfffff
261614001002003,80,80,10,4349734,130292,Clear Rate,10,1,B,MI,88274996cbfffff
261614001002004,80,80,14,4349734,130292,Clear Rate,10,1,B,MI,88274996cbfffff
261614001002005,80,80,22,4349734,130292,Clear Rate,10,1,B,MI,88274996ddfffff
261614001002006,80,80,11,4349734,130292,Clear Rate,10,1,B,MI,88274996cbfffff
261614003001000,30,30,15,4349734,130292,Clear Rate,10,1,B,MI,88274996d1fffff
261614003001001,30,30,23,4349734,130292,Clear Rate,10,1,B,MI,88274996ddfffff
261614003001002,30,30,16,4349734,130292,Clear Rate,10,1,B,MI,88274996ddfffff
261614003001003,30,30,20,4349734,130292,Clear Rate,10,1,B,MI,88274996ddfffff
261614003002000,30,30,6,4349734,130292,Clear Rate,10,1,B,MI,88274996d9fffff
261614003002000,45,45,1,4349734,130292,Clear Rate,10,1,B,MI,88274996d9fffff
261614003002001,30,30,30,4349734,130292,Clear Rate,10,1,B,MI,88274996d9fffff
261614003002002,30,30,17,4349734,130292,Clear Rate,10,1,B,MI,88274996d9fffff
261614003002003,30,30,18,4349734,130292,Clear Rate,10,1,B,MI,88274996d9fffff
261614003002004,30,30,19,4349734,130292,Clear Rate,10,1,B,MI,88274996d9fffff
261614003003000,30,30,20,4349734,130292,Clear Rate,10,1,B,MI,88274996d9fffff
261614003003002,30,30,2,4349734,130292,Clear Rate,10,1,B,MI,88274996d9fffff
261614003003003,30,30,11,4349734,130292,Clear Rate,10,1,B,MI,88274996d9fffff
261614003003003,45,45,12,4349734,130292,Clear Rate,10,1,B,MI,88274996d9fffff
261614003003004,30,30,3,4349734,130292,Clear Rate,10,1,B,MI,88274996d9fffff
261614003003004,45,45,19,4349734,130292,Clear Rate,10,1,B,MI,88274996d9fffff
261614003003005,30,30,4,4349734,130292,Clear Rate,10,1,B,MI,88274996d9fffff
261614003003005,45,45,22,4349734,130292,Clear Rate,10,1,B,MI,88274996d9fffff
261614003003006,30,30,1,4349734,130292,Clear Rate,10,1,B,MI,88274996d9fffff
261614003003006,45,45,17,4349734,130292,Clear Rate,10,1,B,MI,88274996d9fffff
261614003003007,30,30,13,4349734,130292,Clear Rate,10,1,B,MI,88274996d9fffff
261614003003007,45,45,7,4349734,130292,Clear Rate,10,1,B,MI,88274996d9fffff
261614003003007,80,80,1,4349734,130292,Clear Rate,10,1,B,MI,882ab25937fffff
261614003003008,30,30,5,4349734,130292,Clear Rate,10,1,B,MI,88274996d9fffff
261614003003009,30,30,17,4349734,130292,Clear Rate,10,1,B,MI,88274996d9fffff
261614003003010,30,30,4,4349734,130292,Clear Rate,10,1,B,MI,88274996d9fffff
261614003003011,30,30,15,4349734,130292,Clear Rate,10,1,B,MI,88274996d9fffff
261614003003012,30,30,6,4349734,130292,Clear Rate,10,1,B,MI,88274996d9fffff
261614004001000,30,30,12,4349734,130292,Clear Rate,10,1,B,MI,88274996dbfffff
261614004001001,30,30,33,4349734,130292,Clear Rate,10,1,B,MI,88274996d9fffff
261614004001002,30,30,38,4349734,130292,Clear Rate,10,1,B,MI,88274996d9fffff
261614004001003,30,30,44,4349734,130292,Clear Rate,10,1,B,MI,88274996d9fffff
261614004001004,30,30,32,4349734,130292,Clear Rate,10,1,B,MI,88274996d9fffff
261614004001005,30,30,16,4349734,130292,Clear Rate,10,1,B,MI,88274996d1fffff
261614004001006,30,30,14,4349734,130292,Clear Rate,10,1,B,MI,88274996d1fffff
261614004001007,30,30,23,4349734,130292,Clear Rate,10,1,B,MI,88274996dbfffff
261614004001008,30,30,38,4349734,130292,Clear Rate,10,1,B,MI,88274996d1fffff
261614004001009,30,30,36,4349734,130292,Clear Rate,10,1,B,MI,88274996d1fffff
261614004001010,30,30,15,4349734,130292,Clear Rate,10,1,B,MI,88274996d1fffff
261614004001011,30,30,17,4349734,130292,Clear Rate,10,1,B,MI,88274996d1fffff
261614004002000,30,30,29,4349734,130292,Clear Rate,10,1,B,MI,88274996d1fffff
261614004002004,30,30,3,4349734,130292,Clear Rate,10,1,B,MI,88274996d1fffff
261614004002005,30,30,44,4349734,130292,Clear Rate,10,1,B,MI,88274996d1fffff
261614004002006,30,30,27,4349734,130292,Clear Rate,10,1,B,MI,88274996d1fffff
261614004002008,30,30,11,4349734,130292,Clear Rate,10,1,B,MI,88274996d1fffff
261614004002011,30,30,14,4349734,130292,Clear Rate,10,1,B,MI,88274996d3fffff
261614004002012,30,30,22,4349734,130292,Clear Rate,10,1,B,MI,88274996d1fffff
261614004002013,30,30,21,4349734,130292,Clear Rate,10,1,B,MI,88274996d3fffff
261614004002014,30,30,21,4349734,130292,Clear Rate,10,1,B,MI,88274996d3fffff
261614004002015,30,30,24,4349734,130292,Clear Rate,10,1,B,MI,88274996d3fffff
261614004002016,30,30,21,4349734,130292,Clear Rate,10,1,B,MI,88274996d3fffff
261614004002017,30,30,11,4349734,130292,Clear Rate,10,1,B,MI,88274996d3fffff
261614004002018,30,30,8,4349734,130292,Clear Rate,10,1,B,MI,88274996d3fffff
261614004002019,30,30,3,4349734,130292,Clear Rate,10,1,B,MI,88274996d3fffff
261614004003000,30,30,17,4349734,130292,Clear Rate,10,1,B,MI,88274996dbfffff
261614004003001,30,30,20,4349734,130292,Clear Rate,10,1,B,MI,88274996dbfffff
261614004003002,30,30,31,4349734,130292,Clear Rate,10,1,B,MI,88274996d1fffff
261614004003003,30,30,11,4349734,130292,Clear Rate,10,1,B,MI,88274996d3fffff
261614004003004,30,30,10,4349734,130292,Clear Rate,10,1,B,MI,88274996dbfffff
261614004003005,30,30,10,4349734,130292,Clear Rate,10,1,B,MI,88274996dbfffff
261614005002000,30,30,10,4349734,130292,Clear Rate,10,1,B,MI,88274996d1fffff
261614005002001,30,30,26,4349734,130292,Clear Rate,10,1,B,MI,88274996d1fffff
261614005002002,30,30,12,4349734,130292,Clear Rate,10,1,B,MI,88274996d1fffff
261614005002003,30,30,30,4349734,130292,Clear Rate,10,1,B,MI,88274996d1fffff
261614005002004,30,30,32,4349734,130292,Clear Rate,10,1,B,MI,88274996d1fffff
261614005002005,30,30,37,4349734,130292,Clear Rate,10,1,B,MI,88274996d1fffff
261614005003000,30,30,3,4349734,130292,Clear Rate,10,1,B,MI,88274996ddfffff
261614005003000,80,80,2,4349734,130292,Clear Rate,10,1,B,MI,88274996ddfffff
261614005003001,80,80,24,4349734,130292,Clear Rate,10,1,B,MI,88274996ddfffff
261614005003002,80,80,17,4349734,130292,Clear Rate,10,1,B,MI,88274996ddfffff
261614005003003,80,80,19,4349734,130292,Clear Rate,10,1,B,MI,88274996d5fffff
261614005003004,80,80,21,4349734,130292,Clear Rate,10,1,B,MI,88274996d5fffff
261614005003005,80,80,29,4349734,130292,Clear Rate,10,1,B,MI,88274996d1fffff
261614005004000,30,30,6,4349734,130292,Clear Rate,10,1,B,MI,88274996d1fffff
261614005004000,80,80,12,4349734,130292,Clear Rate,10,1,B,MI,88274996d1fffff
261614005004001,30,30,28,4349734,130292,Clear Rate,10,1,B,MI,88274996d1fffff
261614005004002,30,30,24,4349734,130292,Clear Rate,10,1,B,MI,88274996d1fffff
261614005004003,30,30,29,4349734,130292,Clear Rate,10,1,B,MI,88274996d1fffff
261614005004004,30,30,24,4349734,130292,Clear Rate,10,1,B,MI,88274996d1fffff
261614005004005,30,30,26,4349734,130292,Clear Rate,10,1,B,MI,88274996d1fffff
261614005004006,30,30,40,4349734,130292,Clear Rate,10,1,B,MI,88274996d1fffff
261614005005000,30,30,12,4349734,130292,Clear Rate,10,1,B,MI,88274996ddfffff
261614005005001,30,30,27,4349734,130292,Clear Rate,10,1,B,MI,88274996d1fffff
261614005005001,80,80,2,4349734,130292,Clear Rate,10,1,B,MI,88274996ddfffff
261614005005002,30,30,31,4349734,130292,Clear Rate,10,1,B,MI,88274996d1fffff
261614005005003,30,30,29,4349734,130292,Clear Rate,10,1,B,MI,88274996d1fffff
261614005005004,30,30,20,4349734,130292,Clear Rate,10,1,B,MI,88274996d1fffff
261614005006000,80,80,27,4349734,130292,Clear Rate,10,1,B,MI,88274996ddfffff
261614005006001,80,80,19,4349734,130292,Clear Rate,10,1,B,MI,88274996c3fffff
261614005006002,30,30,16,4349734,130292,Clear Rate,10,1,B,MI,88274996c3fffff
261614005006003,30,30,12,4349734,130292,Clear Rate,10,1,B,MI,88274996c3fffff
261614005006004,45,45,45,4349734,130292,Clear Rate,10,1,B,MI,88274996c3fffff
261614005006005,45,45,2,4349734,130292,Clear Rate,10,1,B,MI,88274996c3fffff
261614005006007,45,45,4,4349734,130292,Clear Rate,10,1,B,MI,88274996c3fffff
261614005006008,45,45,18,4349734,130292,Clear Rate,10,1,B,MI,88274996c3fffff
261614005006009,45,45,28,4349734,130292,Clear Rate,10,1,B,MI,88274996c3fffff
261614005006010,45,45,9,4349734,130292,Clear Rate,10,1,B,MI,88274996ddfffff
261614005006011,80,80,29,4349734,130292,Clear Rate,10,1,B,MI,88274996c3fffff
261614005006012,45,45,2,4349734,130292,Clear Rate,10,1,B,MI,88274996c3fffff
261614005006013,45,45,32,4349734,130292,Clear Rate,10,1,B,MI,88274996ddfffff
261614005006014,45,45,19,4349734,130292,Clear Rate,10,1,B,MI,88274996ddfffff
261614005007001,80,80,18,4349734,130292,Clear Rate,10,1,B,MI,88274996ddfffff
261614005007002,80,80,20,4349734,130292,Clear Rate,10,1,B,MI,88274996ddfffff
261614005007004,45,45,19,4349734,130292,Clear Rate,10,1,B,MI,88274996ddfffff
261614005007005,45,45,20,4349734,130292,Clear Rate,10,1,B,MI,88274996ddfffff
261614005007005,80,80,10,4349734,130292,Clear Rate,10,1,B,MI,88274996ddfffff
261614005007006,30,30,16,4349734,130292,Clear Rate,10,1,B,MI,88274996ddfffff
261614005007006,45,45,1,4349734,130292,Clear Rate,10,1,B,MI,88274996ddfffff
261614005007006,80,80,5,4349734,130292,Clear Rate,10,1,B,MI,88274996ddfffff
261614006001000,45,45,1,4349734,130292,Clear Rate,10,1,B,MI,88274996c3fffff
261614006001001,30,30,18,4349734,130292,Clear Rate,10,1,B,MI,88274996c3fffff
261614006001002,30,30,15,4349734,130292,Clear Rate,10,1,B,MI,88274996d5fffff
261614006001003,30,30,14,4349734,130292,Clear Rate,10,1,B,MI,88274996c3fffff
261614006001004,30,30,17,4349734,130292,Clear Rate,10,1,B,MI,88274996d5fffff
261614006001005,30,30,13,4349734,130292,Clear Rate,10,1,B,MI,88274996d5fffff
261614006001006,30,30,1,4349734,130292,Clear Rate,10,1,B,MI,88274996d5fffff
261614006001008,30,30,5,4349734,130292,Clear Rate,10,1,B,MI,88274996d5fffff
261614006002000,30,30,1,4349734,130292,Clear Rate,10,1,B,MI,88274996c1fffff
261614006002001,30,30,40,4349734,130292,Clear Rate,10,1,B,MI,88274996c1fffff
261614006002001,45,45,4,4349734,130292,Clear Rate,10,1,B,MI,88274996c1fffff
261614006002002,30,30,46,4349734,130292,Clear Rate,10,1,B,MI,88274996c1fffff
261614006002003,30,30,14,4349734,130292,Clear Rate,10,1,B,MI,88274996c1fffff
261614006002004,30,30,25,4349734,130292,Clear Rate,10,1,B,MI,88274996c1fffff
261614006002004,45,45,17,4349734,130292,Clear Rate,10,1,B,MI,88274996c1fffff
261614006002005,30,30,40,4349734,130292,Clear Rate,10,1,B,MI,88274996c1fffff
261614006004000,45,45,4,4349734,130292,Clear Rate,10,1,B,MI,88274996c3fffff
261614006004001,45,45,17,4349734,130292,Clear Rate,10,1,B,MI,88274996c3fffff
261614006004002,45,45,14,4349734,130292,Clear Rate,10,1,B,MI,88274996c3fffff
261614006004003,45,45,13,4349734,130292,Clear Rate,10,1,B,MI,88274996c3fffff
261614006004004,30,30,11,4349734,130292,Clear Rate,10,1,B,MI,8827499689fffff
261614006004004,45,45,57,4349734,130292,Clear Rate,10,1,B,MI,8827499689fffff
261614006004005,30,30,19,4349734,130292,Clear Rate,10,1,B,MI,8827499689fffff
261614006004005,45,45,6,4349734,130292,Clear Rate,10,1,B,MI,8827499689fffff
261614006004006,30,30,34,4349734,130292,Clear Rate,10,1,B,MI,8827499689fffff
261614006004007,30,30,32,4349734,130292,Clear Rate,10,1,B,MI,8827499689fffff
261614006004008,30,30,25,4349734,130292,Clear Rate,10,1,B,MI,8827499689fffff
261614006004009,30,30,26,4349734,130292,Clear Rate,10,1,B,MI,8827499689fffff
261614006004010,45,45,14,4349734,130292,Clear Rate,10,1,B,MI,8827499689fffff
261614006004011,45,45,19,4349734,130292,Clear Rate,10,1,B,MI,8827499689fffff
261614006004012,30,30,16,4349734,130292,Clear Rate,10,1,B,MI,8827499689fffff
261614006004012,45,45,14,4349734,130292,Clear Rate,10,1,B,MI,8827499689fffff
261614006004013,45,45,17,4349734,130292,Clear Rate,10,1,B,MI,88274996c3fffff
261614006004014,45,45,20,4349734,130292,Clear Rate,10,1,B,MI,88274996c3fffff
261614006004015,30,30,14,4349734,130292,Clear Rate,10,1,B,MI,88274996d5fffff
261614006004016,30,30,7,4349734,130292,Clear Rate,10,1,B,MI,88274996d5fffff
261614006004017,30,30,19,4349734,130292,Clear Rate,10,1,B,MI,88274996d5fffff
261614006004018,30,30,48,4349734,130292,Clear Rate,10,1,B,MI,88274996d5fffff
261614006004018,45,45,3,4349734,130292,Clear Rate,10,1,B,MI,88274996d5fffff
261614006005000,30,30,4,4349734,130292,Clear Rate,10,1,B,MI,88274996c3fffff
261614006005001,30,30,15,4349734,130292,Clear Rate,10,1,B,MI,88274996c3fffff
261614006005002,30,30,11,4349734,130292,Clear Rate,10,1,B,MI,88274996c3fffff
261614006005003,30,30,12,4349734,130292,Clear Rate,10,1,B,MI,88274996c3fffff
261614006005004,30,30,50,4349734,130292,Clear Rate,10,1,B,MI,88274996c3fffff
261614006005005,30,30,15,4349734,130292,Clear Rate,10,1,B,MI,88274996c3fffff
261614006005006,30,30,24,4349734,130292,Clear Rate,10,1,B,MI,88274996c3fffff
261614006005007,30,30,30,4349734,130292,Clear Rate,10,1,B,MI,88274996c3fffff
261614006005008,30,30,5,4349734,130292,Clear Rate,10,1,B,MI,88274996c3fffff
261614006005008,45,45,2,4349734,130292,Clear Rate,10,1,B,MI,88274996c3fffff
261614006005009,30,30,19,4349734,130292,Clear Rate,10,1,B,MI,88274996c3fffff
261614006005009,45,45,6,4349734,130292,Clear Rate,10,1,B,MI,88274996c3fffff
261614006005010,30,30,23,4349734,130292,Clear Rate,10,1,B,MI,88274996c3fffff
261614006005010,45,45,2,4349734,130292,Clear Rate,10,1,B,MI,8827499689fffff
261614006005011,45,45,14,4349734,130292,Clear Rate,10,1,B,MI,88274996c3fffff
261614006005012,45,45,28,4349734,130292,Clear Rate,10,1,B,MI,88274996c3fffff
261614006005013,45,45,26,4349734,130292,Clear Rate,10,1,B,MI,88274996c3fffff
261614006005014,45,45,26,4349734,130292,Clear Rate,10,1,B,MI,88274996c3fffff
261614006005015,45,45,23,4349734,130292,Clear Rate,10,1,B,MI,88274996c3fffff
261614006005016,30,30,5,4349734,130292,Clear Rate,10,1,B,MI,88274996c3fffff
261614006005016,45,45,23,4349734,130292,Clear Rate,10,1,B,MI,88274996c3fffff
261614006006000,30,30,4,4349734,130292,Clear Rate,10,1,B,MI,88274996d5fffff
261614006006001,30,30,39,4349734,130292,Clear Rate,10,1,B,MI,88274996d5fffff
261614006006002,30,30,1,4349734,130292,Clear Rate,10,1,B,MI,8827499689fffff
261614006006006,30,30,17,4349734,130292,Clear Rate,10,1,B,MI,882749968bfffff
261614006006007,30,30,22,4349734,130292,Clear Rate,10,1,B,MI,882749968bfffff
261614006006008,30,30,18,4349734,130292,Clear Rate,10,1,B,MI,882749968bfffff
261614006006009,30,30,16,4349734,130292,Clear Rate,10,1,B,MI,88274996d5fffff
261614006006010,30,30,19,4349734,130292,Clear Rate,10,1,B,MI,882749968bfffff
261614006006014,30,30,19,4349734,130292,Clear Rate,10,1,B,MI,882749968bfffff
261614006006015,30,30,20,4349734,130292,Clear Rate,10,1,B,MI,882749968bfffff
261614006006016,30,30,35,4349734,130292,Clear Rate,10,1,B,MI,882749968bfffff
261614006006017,30,30,15,4349734,130292,Clear Rate,10,1,B,MI,882749968bfffff
261614007001002,30,30,1,4349734,130292,Clear Rate,10,1,B,MI,88274996c9fffff
261614007001002,45,45,6,4349734,130292,Clear Rate,10,1,B,MI,88274996c9fffff
261614007001003,45,45,12,4349734,130292,Clear Rate,10,1,B,MI,88274996c9fffff
261614007001004,45,45,5,4349734,130292,Clear Rate,10,1,B,MI,88274996c9fffff
261614007001005,45,45,25,4349734,130292,Clear Rate,10,1,B,MI,88274996c9fffff
261614007001006,45,45,38,4349734,130292,Clear Rate,10,1,B,MI,88274996c9fffff
261614007001007,45,45,3,4349734,130292,Clear Rate,10,1,B,MI,88274996cbfffff
261614007001008,45,45,17,4349734,130292,Clear Rate,10,1,B,MI,88274996cbfffff
261614007001009,45,45,24,4349734,130292,Clear Rate,10,1,B,MI,88274996c9fffff
261614007001010,45,45,18,4349734,130292,Clear Rate,10,1,B,MI,88274996c9fffff
261614007001011,45,45,4,4349734,130292,Clear Rate,10,1,B,MI,88274996cbfffff
261614007001011,80,80,12,4349734,130292,Clear Rate,10,1,B,MI,88274996cbfffff
261614007001012,80,80,19,4349734,130292,Clear Rate,10,1,B,MI,88274996cbfffff
261614007001013,45,45,2,4349734,130292,Clear Rate,10,1,B,MI,88274996cbfffff
261614007001014,45,45,5,4349734,130292,Clear Rate,10,1,B,MI,88274996cbfffff
261614007001015,45,45,23,4349734,130292,Clear Rate,10,1,B,MI,88274996cbfffff
261614007001016,80,80,25,4349734,130292,Clear Rate,10,1,B,MI,88274996cbfffff
261614007001017,80,80,6,4349734,130292,Clear Rate,10,1,B,MI,88274996cbfffff
261614007001018,45,45,3,4349734,130292,Clear Rate,10,1,B,MI,88274996cbfffff
261614007002000,30,30,8,4349734,130292,Clear Rate,10,1,B,MI,88274996c9fffff
261614007002001,30,30,15,4349734,130292,Clear Rate,10,1,B,MI,88274996c9fffff
261614007002002,30,30,17,4349734,130292,Clear Rate,10,1,B,MI,88274996c9fffff
261614007002003,30,30,9,4349734,130292,Clear Rate,10,1,B,MI,88274996c9fffff
261614007002004,30,30,24,4349734,130292,Clear Rate,10,1,B,MI,88274996c9fffff
261614007002005,30,30,23,4349734,130292,Clear Rate,10,1,B,MI,88274996c1fffff
261614007002006,30,30,26,4349734,130292,Clear Rate,10,1,B,MI,88274996c1fffff
261614007002007,30,30,22,4349734,130292,Clear Rate,10,1,B,MI,88274996c1fffff
261614007002008,30,30,23,4349734,130292,Clear Rate,10,1,B,MI,88274996c1fffff
261614007002009,30,30,18,4349734,130292,Clear Rate,10,1,B,MI,88274996c1fffff
261614007002010,30,30,12,4349734,130292,Clear Rate,10,1,B,MI,88274996c1fffff
261614007002011,30,30,19,4349734,130292,Clear Rate,10,1,B,MI,88274996c1fffff
261614007002012,30,30,19,4349734,130292,Clear Rate,10,1,B,MI,88274996c1fffff
261614007002013,30,30,14,4349734,130292,Clear Rate,10,1,B,MI,88274996c1fffff
261614007002014,30,30,27,4349734,130292,Clear Rate,10,1,B,MI,88274996c1fffff
261614007002015,30,30,13,4349734,130292,Clear Rate,10,1,B,MI,88274996c1fffff
261614007002016,30,30,25,4349734,130292,Clear Rate,10,1,B,MI,88274996c1fffff
261614007002017,30,30,16,4349734,130292,Clear Rate,10,1,B,MI,88274996c1fffff
261614007002018,45,45,12,4349734,130292,Clear Rate,10,1,B,MI,88274996c1fffff
261614007002019,45,45,12,4349734,130292,Clear Rate,10,1,B,MI,88274996c1fffff
261614007002020,45,45,12,4349734,130292,Clear Rate,10,1,B,MI,88274996c9fffff
261614007002021,45,45,18,4349734,130292,Clear Rate,10,1,B,MI,88274996c1fffff
261614007002022,45,45,16,4349734,130292,Clear Rate,10,1,B,MI,88274996c1fffff
261614007003000,45,45,9,4349734,130292,Clear Rate,10,1,B,MI,88274996c1fffff
261614007003000,80,80,5,4349734,130292,Clear Rate,10,1,B,MI,88274996c1fffff
261614007003001,45,45,3,4349734,130292,Clear Rate,10,1,B,MI,88274996c1fffff
261614007003001,80,80,10,4349734,130292,Clear Rate,10,1,B,MI,88274996c1fffff
261614007003002,45,45,17,4349734,130292,Clear Rate,10,1,B,MI,88274996c1fffff
261614007003003,30,30,45,4349734,130292,Clear Rate,10,1,B,MI,88274996c1fffff
261614007003003,45,45,17,4349734,130292,Clear Rate,10,1,B,MI,88274996c1fffff
261614008001000,80,80,2,4349734,130292,Clear Rate,10,1,B,MI,88274996cbfffff
261614008001001,45,45,1,4349734,130292,Clear Rate,10,1,B,MI,88274996cbfffff
261614008001001,80,80,2,4349734,130292,Clear Rate,10,1,B,MI,88274996cbfffff
261614008001004,80,80,24,4349734,130292,Clear Rate,10,1,B,MI,88274996cbfffff
261614008001005,45,45,1,4349734,130292,Clear Rate,10,1,B,MI,88274996cbfffff
261614008001005,80,80,29,4349734,130292,Clear Rate,10,1,B,MI,88274996cbfffff
261614008001006,80,80,20,4349734,130292,Clear Rate,10,1,B,MI,88274996cbfffff
261614008001007,80,80,26,4349734,130292,Clear Rate,10,1,B,MI,88274996cbfffff
261614008001008,80,80,19,4349734,130292,Clear Rate,10,1,B,MI,88274996cbfffff
261614008002002,80,80,1,4349734,130292,Clear Rate,10,1,B,MI,882ab25935fffff
261614008002004,80,80,37,4349734,130292,Clear Rate,10,1,B,MI,882ab25937fffff
261614008002005,30,30,2,4349734,130292,Clear Rate,10,1,B,MI,882ab25937fffff
261614008002006,45,45,16,4349734,130292,Clear Rate,10,1,B,MI,882ab25935fffff
261614008002007,45,45,14,4349734,130292,Clear Rate,10,1,B,MI,88274996cbfffff
261614008002008,45,45,15,4349734,130292,Clear Rate,10,1,B,MI,88274996cbfffff
261614008002009,45,45,15,4349734,130292,Clear Rate,10,1,B,MI,88274996cbfffff
261614008002010,45,45,16,4349734,130292,Clear Rate,10,1,B,MI,88274996cbfffff
261614008002011,45,45,18,4349734,130292,Clear Rate,10,1,B,MI,882ab25937fffff
261614008002012,45,45,22,4349734,130292,Clear Rate,10,1,B,MI,882ab25937fffff
261614008002013,45,45,14,4349734,130292,Clear Rate,10,1,B,MI,88274996cbfffff
261614008002014,45,45,12,4349734,130292,Clear Rate,10,1,B,MI,88274996cbfffff
261614008002015,45,45,15,4349734,130292,Clear Rate,10,1,B,MI,88274996cbfffff
261614021001000,30,30,1,4349734,130292,Clear Rate,10,1,B,MI,88274996c9fffff
261614021001001,30,30,12,4349734,130292,Clear Rate,10,1,B,MI,882ab25923fffff
261614021001005,30,30,2,4349734,130292,Clear Rate,10,1,B,MI,882ab25935fffff
261614021001005,80,80,1,4349734,130292,Clear Rate,10,1,B,MI,882ab25935fffff
261614021001006,30,30,5,4349734,130292,Clear Rate,10,1,B,MI,882ab25935fffff
261614021001007,30,30,17,4349734,130292,Clear Rate,10,1,B,MI,882ab25935fffff
261614021001008,30,30,53,4349734,130292,Clear Rate,10,1,B,MI,882ab25923fffff
261614021001009,30,30,9,4349734,130292,Clear Rate,10,1,B,MI,882ab25923fffff
261614021001010,30,30,12,4349734,130292,Clear Rate,10,1,B,MI,882ab25923fffff
261614021001011,30,30,31,4349734,130292,Clear Rate,10,1,B,MI,882ab25923fffff
261614021001012,30,30,40,4349734,130292,Clear Rate,10,1,B,MI,882ab25923fffff
261614021001013,30,30,14,4349734,130292,Clear Rate,10,1,B,MI,882ab25923fffff
261614021001014,30,30,13,4349734,130292,Clear Rate,10,1,B,MI,882ab25923fffff
261614021002000,30,30,52,4349734,130292,Clear Rate,10,1,B,MI,882ab25931fffff
261614021002001,30,30,20,4349734,130292,Clear Rate,10,1,B,MI,882ab25935fffff
261614021002002,30,30,2,4349734,130292,Clear Rate,10,1,B,MI,882ab25935fffff
261614021002005,80,80,1,4349734,130292,Clear Rate,10,1,B,MI,882ab25935fffff
261614021002006,30,30,3,4349734,130292,Clear Rate,10,1,B,MI,882ab25935fffff
261614021002008,30,30,18,4349734,130292,Clear Rate,10,1,B,MI,882ab25935fffff
261614021003000,30,30,19,4349734,130292,Clear Rate,10,1,B,MI,882ab2593dfffff
261614021003001,30,30,15,4349734,130292,Clear Rate,10,1,B,MI,882ab25923fffff
261614021003002,30,30,32,4349734,130292,Clear Rate,10,1,B,MI,882ab2593dfffff
261614021003003,30,30,15,4349734,130292,Clear Rate,10,1,B,MI,882ab2593dfffff
261614021003004,30,30,32,4349734,130292,Clear Rate,10,1,B,MI,882ab25935fffff
261614021003005,30,30,13,4349734,130292,Clear Rate,10,1,B,MI,882ab25923fffff
261614021003006,30,30,12,4349734,130292,Clear Rate,10,1,B,MI,882ab25923fffff
261614021003007,30,30,2,4349734,130292,Clear Rate,10,1,B,MI,882ab25935fffff
261614021003008,30,30,24,4349734,130292,Clear Rate,10,1,B,MI,882ab2593dfffff
261614021003009,30,30,45,4349734,130292,Clear Rate,10,1,B,MI,882ab2593dfffff
261614021003010,30,30,12,4349734,130292,Clear Rate,10,1,B,MI,882ab25935fffff
261614021003011,30,30,11,4349734,130292,Clear Rate,10,1,B,MI,882ab25935fffff
261614022013000,30,30,1,4349734,130292,Clear Rate,10,1,B,MI,882ab25931fffff
261614022015007,30,30,21,4349734,130292,Clear Rate,10,1,B,MI,882ab2593dfffff
261614022015014,30,30,9,4349734,130292,Clear Rate,10,1,B,MI,882ab25931fffff
261614027003002,30,30,10,4349734,130292,Clear Rate,10,1,B,MI,882ab25943fffff
261614027003006,30,30,7,4349734,130292,Clear Rate,10,1,B,MI,882ab25947fffff
261614031001029,30,30,7,4349734,130292,Clear Rate,10,1,B,MI,882ab25927fffff
261614032001002,30,30,1,4349734,130292,Clear Rate,10,1,B,MI,882ab25923fffff
261614032001003,30,30,1,4349734,130292,Clear Rate,10,1,B,MI,882ab25923fffff
261614032001004,30,30,3,4349734,130292,Clear Rate,10,1,B,MI,882ab25923fffff
261614032001005,30,30,3,4349734,130292,Clear Rate,10,1,B,MI,88274996c9fffff
261614032001006,30,30,1,4349734,130292,Clear Rate,10,1,B,MI,882ab25923fffff
261614032001007,30,30,59,4349734,130292,Clear Rate,10,1,B,MI,882ab25927fffff
261614032001008,30,30,33,4349734,130292,Clear Rate,10,1,B,MI,88274996c9fffff
261614032001009,30,30,16,4349734,130292,Clear Rate,10,1,B,MI,882ab25927fffff
261614032001010,30,30,56,4349734,130292,Clear Rate,10,1,B,MI,88274996c9fffff
261614032001011,30,30,15,4349734,130292,Clear Rate,10,1,B,MI,882ab25927fffff
261614032001012,30,30,21,4349734,130292,Clear Rate,10,1,B,MI,88274996c9fffff
261614032001013,30,30,7,4349734,130292,Clear Rate,10,1,B,MI,882ab25927fffff
261614032001014,30,30,1,4349734,130292,Clear Rate,10,1,B,MI,882ab25927fffff
261614032001018,30,30,27,4349734,130292,Clear Rate,10,1,B,MI,88274996cdfffff
261614032001019,30,30,23,4349734,130292,Clear Rate,10,1,B,MI,882ab25927fffff
261614032001023,30,30,64,4349734,130292,Clear Rate,10,1,B,MI,88274996cdfffff
261614032001024,30,30,67,4349734,130292,Clear Rate,10,1,B,MI,88274996cdfffff
261614032001025,30,30,20,4349734,130292,Clear Rate,10,1,B,MI,88274996cdfffff
261614032001026,30,30,18,4349734,130292,Clear Rate,10,1,B,MI,88274996cdfffff
261614032001027,30,30,12,4349734,130292,Clear Rate,10,1,B,MI,88274996c9fffff
261614032001028,30,30,20,4349734,130292,Clear Rate,10,1,B,MI,88274996c9fffff
261614032002000,30,30,36,4349734,130292,Clear Rate,10,1,B,MI,882749961bfffff
261614032002001,30,30,24,4349734,130292,Clear Rate,10,1,B,MI,8827499613fffff
261614032002002,30,30,80,4349734,130292,Clear Rate,10,1,B,MI,88274996cdfffff
261614032002003,30,30,42,4349734,130292,Clear Rate,10,1,B,MI,88274996cdfffff
261614032002004,30,30,16,4349734,130292,Clear Rate,10,1,B,MI,88274996cdfffff
261614032002005,30,30,14,4349734,130292,Clear Rate,10,1,B,MI,88274996cdfffff
261614032002006,30,30,13,4349734,130292,Clear Rate,10,1,B,MI,88274996cdfffff
261614032002007,30,30,7,4349734,130292,Clear Rate,10,1,B,MI,88274996cdfffff
261614032002008,30,30,9,4349734,130292,Clear Rate,10,1,B,MI,88274996cdfffff
261614032002009,30,30,45,4349734,130292,Clear Rate,10,1,B,MI,88274996cdfffff
261614032002010,30,30,54,4349734,130292,Clear Rate,10,1,B,MI,88274996cdfffff
261614032003018,30,30,12,4349734,130292,Clear Rate,10,1,B,MI,88274996cdfffff
261614034002000,30,30,24,4349734,130292,Clear Rate,10,1,B,MI,88274996c1fffff
261614034002001,30,30,25,4349734,130292,Clear Rate,10,1,B,MI,88274996c5fffff
261614034002002,30,30,26,4349734,130292,Clear Rate,10,1,B,MI,88274996c5fffff
261614034002003,30,30,14,4349734,130292,Clear Rate,10,1,B,MI,88274996c5fffff
261614034002007,30,30,17,4349734,130292,Clear Rate,10,1,B,MI,88274996c5fffff
261614034003000,30,30,3,4349734,130292,Clear Rate,10,1,B,MI,88274996c1fffff
261614034003000,45,45,28,4349734,130292,Clear Rate,10,1,B,MI,88274996c1fffff
261614034003001,45,45,71,4349734,130292,Clear Rate,10,1,B,MI,88274996c1fffff
261614034003002,45,45,23,4349734,130292,Clear Rate,10,1,B,MI,88274996c1fffff
261614034003003,45,45,15,4349734,130292,Clear Rate,10,1,B,MI,88274996c1fffff
261614034003004,30,30,3,4349734,130292,Clear Rate,10,1,B,MI,88274996c5fffff
261614034003004,45,45,20,4349734,130292,Clear Rate,10,1,B,MI,88274996c5fffff
261614034003005,30,30,16,4349734,130292,Clear Rate,10,1,B,MI,88274996c5fffff
261614034003006,30,30,11,4349734,130292,Clear Rate,10,1,B,MI,88274996c5fffff
261614034003007,30,30,19,4349734,130292,Clear Rate,10,1,B,MI,88274996c5fffff
261614034003015,30,30,22,4349734,130292,Clear Rate,10,1,B,MI,88274996c5fffff
261614034003016,30,30,14,4349734,130292,Clear Rate,10,1,B,MI,88274996c5fffff
261614034003017,30,30,15,4349734,130292,Clear Rate,10,1,B,MI,88274996c5fffff
261614034003018,30,30,10,4349734,130292,Clear Rate,10,1,B,MI,88274996c1fffff
261614034003019,30,30,10,4349734,130292,Clear Rate,10,1,B,MI,88274996c5fffff
261614034003019,45,45,20,4349734,130292,Clear Rate,10,1,B,MI,88274996c5fffff
261614034003020,30,30,4,4349734,130292,Clear Rate,10,1,B,MI,88274996c5fffff
261614035001000,45,45,7,4349734,130292,Clear Rate,10,1,B,MI,88274996c1fffff
261614035001001,45,45,10,4349734,130292,Clear Rate,10,1,B,MI,88274996c7fffff
261614035001002,45,45,22,4349734,130292,Clear Rate,10,1,B,MI,88274996c7fffff
261614035001003,30,30,26,4349734,130292,Clear Rate,10,1,B,MI,88274996c7fffff
261614035001004,30,30,24,4349734,130292,Clear Rate,10,1,B,MI,88274996c7fffff
261614035001012,30,30,24,4349734,130292,Clear Rate,10,1,B,MI,88274996c7fffff
261614035001013,30,30,22,4349734,130292,Clear Rate,10,1,B,MI,88274996c5fffff
261614035001014,30,30,15,4349734,130292,Clear Rate,10,1,B,MI,88274996c7fffff
261614035001014,45,45,27,4349734,130292,Clear Rate,10,1,B,MI,88274996c7fffff
261614035001015,30,30,9,4349734,130292,Clear Rate,10,1,B,MI,88274996c7fffff
261614035001015,45,45,20,4349734,130292,Clear Rate,10,1,B,MI,88274996c1fffff
261614035001016,30,30,33,4349734,130292,Clear Rate,10,1,B,MI,88274996c7fffff
261614035001017,30,30,40,4349734,130292,Clear Rate,10,1,B,MI,88274996c7fffff
261614035001018,30,30,12,4349734,130292,Clear Rate,10,1,B,MI,88274996c7fffff
261614035001019,30,30,12,4349734,130292,Clear Rate,10,1,B,MI,88274996c7fffff
261614035001020,30,30,24,4349734,130292,Clear Rate,10,1,B,MI,88274996c7fffff
261614035003000,30,30,27,4349734,130292,Clear Rate,10,1,B,MI,88274996ebfffff
261614035003001,30,30,30,4349734,130292,Clear Rate,10,1,B,MI,88274996ebfffff
261614035003002,30,30,3,4349734,130292,Clear Rate,10,1,B,MI,88274996c7fffff
261614035003005,30,30,37,4349734,130292,Clear Rate,10,1,B,MI,88274996ebfffff
261614035003007,30,30,28,4349734,130292,Clear Rate,10,1,B,MI,88274996ebfffff
261614036002001,30,30,37,4349734,130292,Clear Rate,10,1,B,MI,882ab25907fffff
261614036002003,30,30,4,4349734,130292,Clear Rate,10,1,B,MI,882ab25907fffff
261614036002005,30,30,6,4349734,130292,Clear Rate,10,1,B,MI,882ab25907fffff
261614036002007,30,30,3,4349734,130292,Clear Rate,10,1,B,MI,882ab25907fffff
261614036002009,30,30,21,4349734,130292,Clear Rate,10,1,B,MI,882ab2593dfffff
261614036002013,30,30,3,4349734,130292,Clear Rate,10,1,B,MI,882ab25907fffff
261614038001013,30,30,1,4349734,130292,Clear Rate,10,1,B,MI,882ab2593dfffff
261614041002000,30,30,91,4349734,130292,Clear Rate,10,1,B,MI,88274996c7fffff
261614041002001,30,30,9,4349734,130292,Clear Rate,10,1,B,MI,88274996c7fffff
261614041002008,30,30,14,4349734,130292,Clear Rate,10,1,B,MI,8827499689fffff
261614041002009,30,30,4,4349734,130292,Clear Rate,10,1,B,MI,8827499689fffff
261614041002012,30,30,62,4349734,130292,Clear Rate,10,1,B,MI,8827499689fffff
261614041002017,30,30,29,4349734,130292,Clear Rate,10,1,B,MI,8827499689fffff
261614041002018,30,30,4,4349734,130292,Clear Rate,10,1,B,MI,88274996c7fffff
261614044001002,30,30,9,4349734,130292,Clear Rate,10,1,B,MI,8827499683fffff
261614044001004,30,30,8,4349734,130292,Clear Rate,10,1,B,MI,8827499683fffff
261614045001000,30,30,1,4349734,130292,Clear Rate,10,1,B,MI,88274996d7fffff
261614045001001,30,30,6,4349734,130292,Clear Rate,10,1,B,MI,88274996d7fffff
261614045001002,30,30,2,4349734,130292,Clear Rate,10,1,B,MI,882749969dfffff
261614045001012,30,30,1,4349734,130292,Clear Rate,10,1,B,MI,882749969dfffff
261614046003000,30,30,27,4349734,130292,Clear Rate,10,1,B,MI,88274996d3fffff
261614046003001,30,30,3,4349734,130292,Clear Rate,10,1,B,MI,88274996d3fffff
261614053002002,30,30,122,4349734,130292,Clear Rate,10,1,B,MI,882ab259edfffff
261614053002003,30,30,11,4349734,130292,Clear Rate,10,1,B,MI,882ab25933fffff
261614053002005,30,30,6,4349734,130292,Clear Rate,10,1,B,MI,882ab25933fffff
261614053002006,30,30,9,4349734,130292,Clear Rate,10,1,B,MI,882ab25933fffff
261614053002007,30,30,1,4349734,130292,Clear Rate,10,1,B,MI,882ab259edfffff
261614053002008,30,30,13,4349734,130292,Clear Rate,10,1,B,MI,882ab259e5fffff
261614053002009,30,30,5,4349734,130292,Clear Rate,10,1,B,MI,882ab25933fffff
261614053002010,30,30,3,4349734,130292,Clear Rate,10,1,B,MI,882ab259e5fffff
261614053002011,30,30,1,4349734,130292,Clear Rate,10,1,B,MI,882ab259edfffff
261614053002012,30,30,21,4349734,130292,Clear Rate,10,1,B,MI,882ab259edfffff
261614053002018,30,30,16,4349734,130292,Clear Rate,10,1,B,MI,882ab259edfffff
261614053002019,30,30,1,4349734,130292,Clear Rate,10,1,B,MI,882ab259e1fffff
261614053002020,30,30,1,4349734,130292,Clear Rate,10,1,B,MI,882ab259e1fffff
261614053002021,30,30,1,4349734,130292,Clear Rate,10,1,B,MI,882ab259edfffff
261614053002022,30,30,16,4349734,130292,Clear Rate,10,1,B,MI,882ab259edfffff
261614053002023,30,30,1,4349734,130292,Clear Rate,10,1,B,MI,882ab259edfffff
261614053002024,30,30,1,4349734,130292,Clear Rate,10,1,B,MI,882ab259e5fffff
261614053002025,30,30,10,4349734,130292,Clear Rate,10,1,B,MI,882ab259edfffff
261614053002026,30,30,1,4349734,130292,Clear Rate,10,1,B,MI,882ab259e5fffff
261614053002027,30,30,1,4349734,130292,Clear Rate,10,1,B,MI,882ab259edfffff
261614053002028,30,30,1,4349734,130292,Clear Rate,10,1,B,MI,882ab259edfffff
261614053002029,30,30,3,4349734,130292,Clear Rate,10,1,B,MI,882ab259edfffff
261614053002030,30,30,3,4349734,130292,Clear Rate,10,1,B,MI,882ab259edfffff
261614053002031,30,30,6,4349734,130292,Clear Rate,10,1,B,MI,882ab259edfffff
261614053002032,30,30,13,4349734,130292,Clear Rate,10,1,B,MI,882ab259edfffff
261614053002033,30,30,1,4349734,130292,Clear Rate,10,1,B,MI,882ab259e1fffff
261614053002034,30,30,3,4349734,130292,Clear Rate,10,1,B,MI,882ab259edfffff
261614053002038,30,30,2,4349734,130292,Clear Rate,10,1,B,MI,882ab259edfffff
261614053002039,30,30,5,4349734,130292,Clear Rate,10,1,B,MI,882ab259e5fffff
261614053002040,30,30,2,4349734,130292,Clear Rate,10,1,B,MI,882ab259e5fffff
261614053002041,30,30,7,4349734,130292,Clear Rate,10,1,B,MI,882ab259e5fffff
261614053002042,30,30,3,4349734,130292,Clear Rate,10,1,B,MI,882ab259edfffff
261614053002043,30,30,2,4349734,130292,Clear Rate,10,1,B,MI,882ab259edfffff
261614053002044,30,30,1,4349734,130292,Clear Rate,10,1,B,MI,882ab259e1fffff
261614053002045,30,30,1,4349734,130292,Clear Rate,10,1,B,MI,882ab259edfffff
261614053002046,30,30,1,4349734,130292,Clear Rate,10,1,B,MI,882ab259edfffff
261614053002047,30,30,2,4349734,130292,Clear Rate,10,1,B,MI,882ab259edfffff
261614053002048,30,30,5,4349734,130292,Clear Rate,10,1,B,MI,882ab259e5fffff
261614053003000,30,30,18,4349734,130292,Clear Rate,10,1,B,MI,882ab259e1fffff
261614053003001,30,30,1,4349734,130292,Clear Rate,10,1,B,MI,882ab259e1fffff
261614053003002,30,30,1,4349734,130292,Clear Rate,10,1,B,MI,882ab259e1fffff
261614053003004,30,30,22,4349734,130292,Clear Rate,10,1,B,MI,882ab259e1fffff
261614053003005,30,30,69,4349734,130292,Clear Rate,10,1,B,MI,882ab259e5fffff
261614053003006,30,30,1,4349734,130292,Clear Rate,10,1,B,MI,882ab259e5fffff
261614053003007,30,30,41,4349734,130292,Clear Rate,10,1,B,MI,882ab259e5fffff
261614053003008,30,30,16,4349734,130292,Clear Rate,10,1,B,MI,882ab259e5fffff
261614053003009,30,30,11,4349734,130292,Clear Rate,10,1,B,MI,882ab259e5fffff
261614053003010,30,30,10,4349734,130292,Clear Rate,10,1,B,MI,88274996d9fffff
261614053003011,30,30,35,4349734,130292,Clear Rate,10,1,B,MI,882ab259e5fffff
261614053003012,30,30,4,4349734,130292,Clear Rate,10,1,B,MI,882ab259e5fffff
261614053003013,30,30,9,4349734,130292,Clear Rate,10,1,B,MI,882ab259e5fffff
261614053003015,30,30,1,4349734,130292,Clear Rate,10,1,B,MI,88274996d9fffff
261614053004002,30,30,2,4349734,130292,Clear Rate,10,1,B,MI,882ab259e5fffff
261614053006003,30,30,2,4349734,130292,Clear Rate,10,1,B,MI,88274996dbfffff
261614053006005,30,30,4,4349734,130292,Clear Rate,10,1,B,MI,88274996dbfffff
261614053006006,30,30,3,4349734,130292,Clear Rate,10,1,B,MI,88274996dbfffff
261614053006007,30,30,5,4349734,130292,Clear Rate,10,1,B,MI,88274996dbfffff
261614053006008,30,30,11,4349734,130292,Clear Rate,10,1,B,MI,88274996dbfffff
261614053006009,30,30,11,4349734,130292,Clear Rate,10,1,B,MI,88274996dbfffff
261614053006010,30,30,7,4349734,130292,Clear Rate,10,1,B,MI,88274996dbfffff
261614053006011,30,30,12,4349734,130292,Clear Rate,10,1,B,MI,88274996dbfffff
261614053006012,30,30,3,4349734,130292,Clear Rate,10,1,B,MI,88274996dbfffff
261619801011002,45,45,15,4349734,130292,Clear Rate,10,1,B,MI,88274996cbfffff
261619801011005,30,30,6,4349734,130292,Clear Rate,10,1,B,MI,88274996d9fffff
261619801011005,45,45,7,4349734,130292,Clear Rate,10,1,B,MI,882ab25937fffff
261619801011005,80,80,8,4349734,130292,Clear Rate,10,1,B,MI,88274996d9fffff
261619801011007,30,30,11,4349734,130292,Clear Rate,10,1,B,MI,88274996ddfffff
261619801011008,30,30,8,4349734,130292,Clear Rate,10,1,B,MI,88274996ddfffff
261619801011014,30,30,18,4349734,130292,Clear Rate,10,1,B,MI,88274996ddfffff
261619801011015,30,30,19,4349734,130292,Clear Rate,10,1,B,MI,88274996d9fffff
261619801021004,30,30,2,4349734,130292,Clear Rate,10,1,B,MI,882ab25931fffff
261619801021005,30,30,1,4349734,130292,Clear Rate,10,1,B,MI,882ab25937fffff
261619801021009,30,30,6,4349734,130292,Clear Rate,10,1,B,MI,88274996d9fffff
261619801021009,45,45,8,4349734,130292,Clear Rate,10,1,B,MI,88274996d9fffff
261619801021013,30,30,11,4349734,130292,Clear Rate,10,1,B,MI,882ab25937fffff
261635170002007,30,30,1,4349734,130292,Clear Rate,10,1,B,MI,882ab2c5c7fffff
261635170002007,45,45,1,4349734,130292,Clear Rate,10,1,B,MI,882ab2c5c7fffff
261635172001002,45,45,1,4349734,130292,Clear Rate,10,1,B,MI,882ab2c5c7fffff
261635172001005,45,45,1,4349734,130292,Clear Rate,10,1,B,MI,882ab2c5c5fffff
261635172001008,45,45,2,4349734,130292,Clear Rate,10,1,B,MI,882ab2c5ebfffff
261635172001009,30,30,1,4349734,130292,Clear Rate,10,1,B,MI,882ab2c5ebfffff
261635172001010,45,45,2,4349734,130292,Clear Rate,10,1,B,MI,882ab2c5c7fffff
261635172001011,45,45,2,4349734,130292,Clear Rate,10,1,B,MI,882ab2c5c7fffff
261635172001013,80,80,1,4349734,130292,Clear Rate,10,1,B,MI,882ab2c5c7fffff
261635172001020,45,45,2,4349734,130292,Clear Rate,10,1,B,MI,882ab2c5c7fffff
261635172001023,80,80,3,4349734,130292,Clear Rate,10,1,B,MI,882ab2c5ebfffff
261635172001026,45,45,3,4349734,130292,Clear Rate,10,1,B,MI,882ab2c5c7fffff
261635172001026,80,80,1,4349734,130292,Clear Rate,10,1,B,MI,882ab2c5c7fffff
261635172001030,80,80,1,4349734,130292,Clear Rate,10,1,B,MI,882ab2c5c7fffff
261635172001031,80,80,1,4349734,130292,Clear Rate,10,1,B,MI,882ab2c5c7fffff
261635172001032,80,80,1,4349734,130292,Clear Rate,10,1,B,MI,882ab2c5c7fffff
261635172001034,45,45,1,4349734,130292,Clear Rate,10,1,B,MI,882ab2c5c7fffff
261635172001035,45,45,1,4349734,130292,Clear Rate,10,1,B,MI,882ab2c5c7fffff
261635172001035,80,80,1,4349734,130292,Clear Rate,10,1,B,MI,882ab2c5c7fffff
261635172001036,45,45,1,4349734,130292,Clear Rate,10,1,B,MI,882ab2c5c7fffff
261635172001037,45,45,1,4349734,130292,Clear Rate,10,1,B,MI,882ab2c5c7fffff
261635172001038,45,45,5,4349734,130292,Clear Rate,10,1,B,MI,882ab2c5c7fffff
261635172001040,80,80,11,4349734,130292,Clear Rate,10,1,B,MI,882ab2c58dfffff
261635172001041,80,80,3,4349734,130292,Clear Rate,10,1,B,MI,882ab2c58dfffff
261635172001042,80,80,1,4349734,130292,Clear Rate,10,1,B,MI,882ab2c58dfffff
261635172001043,80,80,1,4349734,130292,Clear Rate,10,1,B,MI,882ab2c5c7fffff
261635172001044,80,80,8,4349734,130292,Clear Rate,10,1,B,MI,882ab2c5c7fffff
261635172001045,80,80,9,4349734,130292,Clear Rate,10,1,B,MI,882ab2c5c7fffff
261635172001047,45,45,2,4349734,130292,Clear Rate,10,1,B,MI,882ab2c5c7fffff
261635172001048,45,45,3,4349734,130292,Clear Rate,10,1,B,MI,882ab2c5c7fffff
261635172002022,45,45,1,4349734,130292,Clear Rate,10,1,B,MI,882ab2c5c7fffff
261635172002024,45,45,2,4349734,130292,Clear Rate,10,1,B,MI,882ab2c589fffff
261635172002025,45,45,1,4349734,130292,Clear Rate,10,1,B,MI,882ab2c589fffff
261635172002025,80,80,10,4349734,130292,Clear Rate,10,1,B,MI,882ab2c589fffff
261635172002026,45,45,1,4349734,130292,Clear Rate,10,1,B,MI,882ab2c589fffff
261635172002028,45,45,1,4349734,130292,Clear Rate,10,1,B,MI,882ab2c5c7fffff
261635172002029,45,45,3,4349734,130292,Clear Rate,10,1,B,MI,882ab2c5c7fffff
261635172002030,45,45,3,4349734,130292,Clear Rate,10,1,B,MI,882ab2c5c7fffff
261635172002031,45,45,9,4349734,130292,Clear Rate,10,1,B,MI,882ab2c5c7fffff
261635172002032,45,45,4,4349734,130292,Clear Rate,10,1,B,MI,882ab2c5c7fffff
261635172002033,45,45,2,4349734,130292,Clear Rate,10,1,B,MI,882ab2c5c7fffff
261635172002036,45,45,1,4349734,130292,Clear Rate,10,1,B,MI,882ab2c5c3fffff
261635172002039,45,45,1,4349734,130292,Clear Rate,10,1,B,MI,882ab2c5c7fffff
261635172002041,45,45,2,4349734,130292,Clear Rate,10,1,B,MI,882ab2c589fffff
261635172002045,45,45,1,4349734,130292,Clear Rate,10,1,B,MI,882ab2c589fffff
261635172002046,45,45,4,4349734,130292,Clear Rate,10,1,B,MI,882ab2c589fffff
261635172002047,45,45,1,4349734,130292,Clear Rate,10,1,B,MI,882ab2c589fffff
261635172002047,80,80,1,4349734,130292,Clear Rate,10,1,B,MI,882ab2c589fffff
261635172002048,45,45,5,4349734,130292,Clear Rate,10,1,B,MI,882ab2c589fffff
261635172002050,45,45,3,4349734,130292,Clear Rate,10,1,B,MI,882ab2c589fffff
261635172002051,45,45,7,4349734,130292,Clear Rate,10,1,B,MI,882ab2c589fffff
261635172002052,80,80,1,4349734,130292,Clear Rate,10,1,B,MI,882ab2c5c7fffff
261635172002053,80,80,2,4349734,130292,Clear Rate,10,1,B,MI,882ab2c5c7fffff
261635172002054,80,80,4,4349734,130292,Clear Rate,10,1,B,MI,882ab2c5c7fffff
261635172002058,80,80,2,4349734,130292,Clear Rate,10,1,B,MI,882ab2c589fffff
261635172002061,45,45,6,4349734,130292,Clear Rate,10,1,B,MI,882ab2c58dfffff
261635172002062,80,80,2,4349734,130292,Clear Rate,10,1,B,MI,882ab2c589fffff
261635172002064,45,45,2,4349734,130292,Clear Rate,10,1,B,MI,882ab2c589fffff
261635172002074,45,45,2,4349734,130292,Clear Rate,10,1,B,MI,882ab2c589fffff
261635173002012,30,30,96,4349734,130292,Clear Rate,10,1,B,MI,882ab2c5ebfffff
261635173002013,30,30,7,4349734,130292,Clear Rate,10,1,B,MI,882ab2c5c5fffff
261635173002014,30,30,2,4349734,130292,Clear Rate,10,1,B,MI,882ab2c5c5fffff
261635173002016,30,30,59,4349734,130292,Clear Rate,10,1,B,MI,882ab2c5ebfffff
261635207001000,80,80,9,4349734,130292,Clear Rate,10,1,B,MI,882ab2c58dfffff
261635207001002,80,80,9,4349734,130292,Clear Rate,10,1,B,MI,882ab2c58dfffff
261635207001004,80,80,4,4349734,130292,Clear Rate,10,1,B,MI,882ab2c58dfffff
261635207001005,80,80,1,4349734,130292,Clear Rate,10,1,B,MI,882ab2c58dfffff
261635207001006,80,80,1,4349734,130292,Clear Rate,10,1,B,MI,882ab2c58dfffff
261635207001009,80,80,3,4349734,130292,Clear Rate,10,1,B,MI,882ab2c58dfffff
261635207001011,80,80,31,4349734,130292,Clear Rate,10,1,B,MI,882ab2c58dfffff
261635207001012,80,80,5,4349734,130292,Clear Rate,10,1,B,MI,882ab2c58dfffff
261635207001013,80,80,2,4349734,130292,Clear Rate,10,1,B,MI,882ab2c58dfffff
261635207002000,80,80,1,4349734,130292,Clear Rate,10,1,B,MI,882ab2c5ebfffff
261635207002001,80,80,4,4349734,130292,Clear Rate,10,1,B,MI,882ab2c58dfffff
261635207002003,80,80,1,4349734,130292,Clear Rate,10,1,B,MI,882ab2c5ebfffff
261635207002004,80,80,2,4349734,130292,Clear Rate,10,1,B,MI,882ab2c5ebfffff
261635207002006,80,80,1,4349734,130292,Clear Rate,10,1,B,MI,882ab2c5ebfffff
261635207002007,80,80,3,4349734,130292,Clear Rate,10,1,B,MI,882ab2c58dfffff
261635207002008,80,80,1,4349734,130292,Clear Rate,10,1,B,MI,882ab2c58dfffff
261635207002009,80,80,10,4349734,130292,Clear Rate,10,1,B,MI,882ab2c58dfffff
261635207002010,80,80,3,4349734,130292,Clear Rate,10,1,B,MI,882ab2c58dfffff
261635207002012,80,80,1,4349734,130292,Clear Rate,10,1,B,MI,882ab2c58dfffff
261635207003002,80,80,2,4349734,130292,Clear Rate,10,1,B,MI,882ab2c5ebfffff
261635207003003,80,80,4,4349734,130292,Clear Rate,10,1,B,MI,882ab2c5ebfffff
261635207003004,80,80,2,4349734,130292,Clear Rate,10,1,B,MI,882ab2c5ebfffff
261635207003005,80,80,1,4349734,130292,Clear Rate,10,1,B,MI,882ab2c5ebfffff
261635207003009,80,80,3,4349734,130292,Clear Rate,10,1,B,MI,882ab2c5ebfffff
261635207003011,80,80,1,4349734,130292,Clear Rate,10,1,B,MI,882ab2c5ebfffff
261635207003013,80,80,1,4349734,130292,Clear Rate,10,1,B,MI,882ab2c5ebfffff
261635207003014,80,80,4,4349734,130292,Clear Rate,10,1,B,MI,882ab2c5ebfffff
261635207003015,80,80,5,4349734,130292,Clear Rate,10,1,B,MI,882ab2c5ebfffff
261635207003016,80,80,2,4349734,130292,Clear Rate,10,1,B,MI,882ab2c5ebfffff
261635207003019,80,80,1,4349734,130292,Clear Rate,10,1,B,MI,882ab2c5ebfffff
261635207004001,80,80,1,4349734,130292,Clear Rate,10,1,B,MI,882ab2c5ebfffff
261635207004002,80,80,1,4349734,130292,Clear Rate,10,1,B,MI,882ab2c5ebfffff
261635207004003,80,80,1,4349734,130292,Clear Rate,10,1,B,MI,882ab2c5e3fffff
261635207004006,80,80,1,4349734,130292,Clear Rate,10,1,B,MI,882ab2c5e3fffff
261635207004007,80,80,1,4349734,130292,Clear Rate,10,1,B,MI,882ab2c5ebfffff
261635207004008,80,80,1,4349734,130292,Clear Rate,10,1,B,MI,882ab2c5e3fffff
261635207004009,80,80,1,4349734,130292,Clear Rate,10,1,B,MI,882ab2c5e3fffff
261635207004012,80,80,1,4349734,130292,Clear Rate,10,1,B,MI,882ab2c58dfffff
261635207004014,80,80,1,4349734,130292,Clear Rate,10,1,B,MI,882ab2c58dfffff
261635207004015,80,80,3,4349734,130292,Clear Rate,10,1,B,MI,882ab2c58dfffff
261635208001002,80,80,1,4349734,130292,Clear Rate,10,1,B,MI,882ab2c58dfffff
261635208001003,80,80,3,4349734,130292,Clear Rate,10,1,B,MI,882ab2c58dfffff
261635208001004,80,80,1,4349734,130292,Clear Rate,10,1,B,MI,882ab2c58dfffff
261635208001006,80,80,5,4349734,130292,Clear Rate,10,1,B,MI,882ab2c58dfffff
261635208001007,80,80,2,4349734,130292,Clear Rate,10,1,B,MI,882ab2c58dfffff
261635208001008,80,80,2,4349734,130292,Clear Rate,10,1,B,MI,882ab2c58dfffff
261635208001010,80,80,2,4349734,130292,Clear Rate,10,1,B,MI,882ab2c5e3fffff
261635208001012,80,80,4,4349734,130292,Clear Rate,10,1,B,MI,882ab2c58dfffff
261635208001015,80,80,2,4349734,130292,Clear Rate,10,1,B,MI,882ab2c58dfffff
261635208001016,80,80,4,4349734,130292,Clear Rate,10,1,B,MI,882ab2c58dfffff
261635208001017,80,80,1,4349734,130292,Clear Rate,10,1,B,MI,882ab2c58dfffff
261635208001019,80,80,1,4349734,130292,Clear Rate,10,1,B,MI,882ab2c58dfffff
261635208001020,80,80,3,4349734,130292,Clear Rate,10,1,B,MI,882ab2c58dfffff
261635208001024,80,80,1,4349734,130292,Clear Rate,10,1,B,MI,882ab2c58dfffff
261635208001025,80,80,1,4349734,130292,Clear Rate,10,1,B,MI,882ab2c58dfffff
261635208001026,80,80,2,4349734,130292,Clear Rate,10,1,B,MI,882ab2c58dfffff
261635208001028,80,80,1,4349734,130292,Clear Rate,10,1,B,MI,882ab2c589fffff
261635208001029,45,45,1,4349734,130292,Clear Rate,10,1,B,MI,882ab2c58dfffff
261635208001029,80,80,1,4349734,130292,Clear Rate,10,1,B,MI,882ab2c58dfffff
261635208001030,80,80,1,4349734,130292,Clear Rate,10,1,B,MI,882ab2c58dfffff
261635208001032,80,80,1,4349734,130292,Clear Rate,10,1,B,MI,882ab2c58dfffff
261635208001033,80,80,2,4349734,130292,Clear Rate,10,1,B,MI,882ab2c58dfffff
261635208001034,80,80,4,4349734,130292,Clear Rate,10,1,B,MI,882ab2c58dfffff
261635208001040,30,30,2,4349734,130292,Clear Rate,10,1,B,MI,882ab2c5abfffff
261635208001047,80,80,1,4349734,130292,Clear Rate,10,1,B,MI,882ab2c585fffff
261635208001049,80,80,1,4349734,130292,Clear Rate,10,1,B,MI,882ab2c58dfffff
261635208001054,80,80,3,4349734,130292,Clear Rate,10,1,B,MI,882ab2c58dfffff
261635208001058,45,45,3,4349734,130292,Clear Rate,10,1,B,MI,882ab2c5e3fffff
261635208001058,80,80,1,4349734,130292,Clear Rate,10,1,B,MI,882ab2c5e3fffff
261635208001060,45,45,1,4349734,130292,Clear Rate,10,1,B,MI,882ab2c585fffff
261635208001061,45,45,2,4349734,130292,Clear Rate,10,1,B,MI,882ab2c585fffff
261635208001061,80,80,1,4349734,130292,Clear Rate,10,1,B,MI,882ab2c585fffff
261635208001064,80,80,1,4349734,130292,Clear Rate,10,1,B,MI,882ab2c585fffff
261635208001070,45,45,2,4349734,130292,Clear Rate,10,1,B,MI,882ab2c585fffff
261635208001072,45,45,3,4349734,130292,Clear Rate,10,1,B,MI,882ab2c585fffff
261635208001073,45,45,4,4349734,130292,Clear Rate,10,1,B,MI,882ab2c585fffff
261635208001074,45,45,3,4349734,130292,Clear Rate,10,1,B,MI,882ab2c585fffff
261635208001075,45,45,1,4349734,130292,Clear Rate,10,1,B,MI,882ab2c585fffff
261635208001076,45,45,2,4349734,130292,Clear Rate,10,1,B,MI,882ab2c585fffff
261635208001082,80,80,4,4349734,130292,Clear Rate,10,1,B,MI,882ab2c58dfffff
261635211002012,30,30,2,4349734,130292,Clear Rate,10,1,B,MI,882ab2c5adfffff
261635211002013,30,30,1,4349734,130292,Clear Rate,10,1,B,MI,882ab2c5adfffff
261635211002014,30,30,18,4349734,130292,Clear Rate,10,1,B,MI,882ab2c5adfffff
261635211002017,30,30,38,4349734,130292,Clear Rate,10,1,B,MI,882ab2c5adfffff
261635211002018,30,30,17,4349734,130292,Clear Rate,10,1,B,MI,882ab2c5adfffff
261635211002019,30,30,27,4349734,130292,Clear Rate,10,1,B,MI,882ab2c5adfffff
261635211002020,30,30,1,4349734,130292,Clear Rate,10,1,B,MI,882ab2c5adfffff
261635211002021,30,30,34,4349734,130292,Clear Rate,10,1,B,MI,882ab2c5a1fffff
261635211002022,30,30,9,4349734,130292,Clear Rate,10,1,B,MI,882ab2c5a1fffff
261635211002024,30,30,12,4349734,130292,Clear Rate,10,1,B,MI,882ab2c5a1fffff
261635211002025,30,30,8,4349734,130292,Clear Rate,10,1,B,MI,882ab2c5a1fffff
261635211002026,30,30,5,4349734,130292,Clear Rate,10,1,B,MI,882ab2c5a1fffff
261635211002027,30,30,41,4349734,130292,Clear Rate,10,1,B,MI,882ab2c5a1fffff
261635211002032,30,30,1,4349734,130292,Clear Rate,10,1,B,MI,882ab2c5a1fffff
261635214001007,45,45,4,4349734,130292,Clear Rate,10,1,B,MI,882ab2c5e7fffff
261635214001018,45,45,4,4349734,130292,Clear Rate,10,1,B,MI,882ab2c5e7fffff
261635214001019,45,45,3,4349734,130292,Clear Rate,10,1,B,MI,882ab2c5e7fffff
261635214001020,30,30,2,4349734,130292,Clear Rate,10,1,B,MI,882ab2c5e7fffff
261635214001022,30,30,1,4349734,130292,Clear Rate,10,1,B,MI,882ab2c5e7fffff
261635214001024,30,30,9,4349734,130292,Clear Rate,10,1,B,MI,882ab2c5e7fffff
261635214001025,30,30,13,4349734,130292,Clear Rate,10,1,B,MI,882ab2c5a9fffff
261635214001026,30,30,2,4349734,130292,Clear Rate,10,1,B,MI,882ab2c5e3fffff
261635214001027,30,30,10,4349734,130292,Clear Rate,10,1,B,MI,882ab2c5a9fffff
261635214001028,30,30,4,4349734,130292,Clear Rate,10,1,B,MI,882ab2c5e7fffff
261635214001029,30,30,13,4349734,130292,Clear Rate,10,1,B,MI,882ab2c5a9fffff
261635214001030,30,30,1,4349734,130292,Clear Rate,10,1,B,MI,882ab2c5a9fffff
261635214001032,30,30,10,4349734,130292,Clear Rate,10,1,B,MI,882ab2c5a9fffff
261635214001032,45,45,5,4349734,130292,Clear Rate,10,1,B,MI,882ab2c5a9fffff
261635214001033,30,30,13,4349734,130292,Clear Rate,10,1,B,MI,882ab2c5a9fffff
261635214001033,45,45,8,4349734,130292,Clear Rate,10,1,B,MI,882ab2c5a9fffff
261635214001034,45,45,33,4349734,130292,Clear Rate,10,1,B,MI,882ab2c5a9fffff
261635214001035,45,45,18,4349734,130292,Clear Rate,10,1,B,MI,882ab2c5a9fffff
261635214001040,30,30,1,4349734,130292,Clear Rate,10,1,B,MI,882ab2c5adfffff
261635214001041,30,30,1,4349734,130292,Clear Rate,10,1,B,MI,882ab2c5adfffff
261635214001043,30,30,11,4349734,130292,Clear Rate,10,1,B,MI,882ab2c5a9fffff
261635214001044,30,30,2,4349734,130292,Clear Rate,10,1,B,MI,882ab2c5a9fffff
261635214001046,30,30,18,4349734,130292,Clear Rate,10,1,B,MI,882ab2c5a9fffff
261635214001047,30,30,1,4349734,130292,Clear Rate,10,1,B,MI,882ab2c5a9fffff
261635214002002,45,45,4,4349734,130292,Clear Rate,10,1,B,MI,882ab2c5e7fffff
261635214002003,45,45,1,4349734,130292,Clear Rate,10,1,B,MI,882ab2c5e3fffff
261635214002004,45,45,1,4349734,130292,Clear Rate,10,1,B,MI,882ab2c5e3fffff
261635214002005,45,45,2,4349734,130292,Clear Rate,10,1,B,MI,882ab2c5e3fffff
261635214002007,45,45,4,4349734,130292,Clear Rate,10,1,B,MI,882ab2c5e3fffff
261635214002008,45,45,3,4349734,130292,Clear Rate,10,1,B,MI,882ab2c5e3fffff
261635214002009,45,45,5,4349734,130292,Clear Rate,10,1,B,MI,882ab2c5e3fffff
261635214002010,45,45,4,4349734,130292,Clear Rate,10,1,B,MI,882ab2c5e3fffff
261635214002011,45,45,2,4349734,130292,Clear Rate,10,1,B,MI,882ab2c5e3fffff
261635214002012,45,45,6,4349734,130292,Clear Rate,10,1,B,MI,882ab2c5e3fffff
261635214002013,45,45,1,4349734,130292,Clear Rate,10,1,B,MI,882ab2c5e3fffff
261635214002014,45,45,2,4349734,130292,Clear Rate,10,1,B,MI,882ab2c5e3fffff
261635214002016,45,45,28,4349734,130292,Clear Rate,10,1,B,MI,882ab2c5e3fffff
261635214002017,45,45,21,4349734,130292,Clear Rate,10,1,B,MI,882ab2c5e3fffff
261635214002018,45,45,20,4349734,130292,Clear Rate,10,1,B,MI,882ab2c5e3fffff
261635214002019,45,45,6,4349734,130292,Clear Rate,10,1,B,MI,882ab2c5e3fffff
261635214002020,45,45,13,4349734,130292,Clear Rate,10,1,B,MI,882ab2c5e3fffff
261635214002021,45,45,7,4349734,130292,Clear Rate,10,1,B,MI,882ab2c5e3fffff
261635214002022,45,45,5,4349734,130292,Clear Rate,10,1,B,MI,882ab2c5e3fffff
261635214002023,45,45,7,4349734,130292,Clear Rate,10,1,B,MI,882ab2c5a9fffff
261635215001005,45,45,1,4349734,130292,Clear Rate,10,1,B,MI,882ab2c5e1fffff
261635215001007,30,30,1,4349734,130292,Clear Rate,10,1,B,MI,882ab2c5e1fffff
261635215001010,30,30,1,4349734,130292,Clear Rate,10,1,B,MI,882ab2c5e5fffff
261635215001012,30,30,6,4349734,130292,Clear Rate,10,1,B,MI,882ab2c5e5fffff
261635215001013,30,30,1,4349734,130292,Clear Rate,10,1,B,MI,882ab2c5e1fffff
261635215001014,30,30,1,4349734,130292,Clear Rate,10,1,B,MI,882ab2c5e1fffff
261635215001015,30,30,1,4349734,130292,Clear Rate,10,1,B,MI,882ab2c5e1fffff
261635215001016,30,30,7,4349734,130292,Clear Rate,10,1,B,MI,882ab2c5e5fffff
261635215001017,30,30,8,4349734,130292,Clear Rate,10,1,B,MI,882ab2c5e5fffff
261635215001018,30,30,5,4349734,130292,Clear Rate,10,1,B,MI,882ab2c5e5fffff
261635215001025,30,30,1,4349734,130292,Clear Rate,10,1,B,MI,882ab2c5e5fffff
261635215001026,30,30,6,4349734,130292,Clear Rate,10,1,B,MI,882ab2c5e5fffff
261635215001027,30,30,9,4349734,130292,Clear Rate,10,1,B,MI,882ab2c5e5fffff
261635215001028,30,30,14,4349734,130292,Clear Rate,10,1,B,MI,882ab2c5e5fffff
261635215001031,30,30,10,4349734,130292,Clear Rate,10,1,B,MI,882ab2c5e7fffff
261635215001032,30,30,8,4349734,130292,Clear Rate,10,1,B,MI,882ab2c5e5fffff
261635215001033,30,30,6,4349734,130292,Clear Rate,10,1,B,MI,882ab2c5e7fffff
261635215001034,30,30,8,4349734,130292,Clear Rate,10,1,B,MI,882ab2c5e7fffff
261635215001035,30,30,8,4349734,130292,Clear Rate,10,1,B,MI,882ab2c5e7fffff
261635215001036,30,30,4,4349734,130292,Clear Rate,10,1,B,MI,882ab2c5e1fffff
261635215001037,30,30,1,4349734,130292,Clear Rate,10,1,B,MI,882ab2c5e1fffff
261635215001042,30,30,6,4349734,130292,Clear Rate,10,1,B,MI,882ab2c5e7fffff
261635215001043,30,30,7,4349734,130292,Clear Rate,10,1,B,MI,882ab2c5e7fffff
261635215001044,30,30,3,4349734,130292,Clear Rate,10,1,B,MI,882ab2c5e7fffff
261635215001045,30,30,2,4349734,130292,Clear Rate,10,1,B,MI,882ab2c5e7fffff
261635215001046,30,30,6,4349734,130292,Clear Rate,10,1,B,MI,882ab2c5e7fffff
261635215001047,30,30,8,4349734,130292,Clear Rate,10,1,B,MI,882ab2c5e7fffff
261635215001050,30,30,2,4349734,130292,Clear Rate,10,1,B,MI,882ab2c5e7fffff
261635215001052,30,30,3,4349734,130292,Clear Rate,10,1,B,MI,882ab2c5e7fffff
261635215001053,30,30,2,4349734,130292,Clear Rate,10,1,B,MI,882ab2c5e7fffff
261635215001054,30,30,2,4349734,130292,Clear Rate,10,1,B,MI,882ab2c5e7fffff
261635215001055,30,30,5,4349734,130292,Clear Rate,10,1,B,MI,882ab2c5e7fffff
261635215001056,30,30,3,4349734,130292,Clear Rate,10,1,B,MI,882ab2c5e7fffff
261635215001057,30,30,1,4349734,130292,Clear Rate,10,1,B,MI,882ab2c5e7fffff
261635215001058,30,30,1,4349734,130292,Clear Rate,10,1,B,MI,882ab2c5e7fffff
261635215001059,30,30,4,4349734,130292,Clear Rate,10,1,B,MI,882ab2c5e7fffff
261635215001060,30,30,5,4349734,130292,Clear Rate,10,1,B,MI,882ab2c5e7fffff
261635215001061,30,30,1,4349734,130292,Clear Rate,10,1,B,MI,882ab2c5e7fffff
261635215001062,30,30,2,4349734,130292,Clear Rate,10,1,B,MI,882ab2c5e7fffff
261635215001063,30,30,7,4349734,130292,Clear Rate,10,1,B,MI,882ab2c5e1fffff
261635215001065,30,30,1,4349734,130292,Clear Rate,10,1,B,MI,882ab2c5e7fffff
261635215001066,30,30,1,4349734,130292,Clear Rate,10,1,B,MI,882ab2c5e1fffff
261635215001067,30,30,3,4349734,130292,Clear Rate,10,1,B,MI,882ab2c5e7fffff
261635215002019,30,30,7,4349734,130292,Clear Rate,10,1,B,MI,882ab2c5e7fffff
261635215002025,30,30,2,4349734,130292,Clear Rate,10,1,B,MI,882ab2cedbfffff
261635215002026,30,30,5,4349734,130292,Clear Rate,10,1,B,MI,882ab2c5e7fffff
261635219001025,30,30,1,4349734,130292,Clear Rate,10,1,B,MI,882ab2c5e5fffff
261635220001015,30,30,1,4349734,130292,Clear Rate,10,1,B,MI,882ab2c5e5fffff
261635225001011,80,80,1,4349734,130292,Clear Rate,10,1,B,MI,882ab2c5ebfffff
261635225001012,80,80,2,4349734,130292,Clear Rate,10,1,B,MI,882ab2c5ebfffff
261635225001015,45,45,1,4349734,130292,Clear Rate,10,1,B,MI,882ab2c5ebfffff
261635225001016,45,45,1,4349734,130292,Clear Rate,10,1,B,MI,882ab2c5ebfffff
261635225001017,45,45,1,4349734,130292,Clear Rate,10,1,B,MI,882ab2c5ebfffff
261635225001019,45,45,2,4349734,130292,Clear Rate,10,1,B,MI,882ab2c5ebfffff
261635225001024,80,80,1,4349734,130292,Clear Rate,10,1,B,MI,882ab2c5ebfffff
261635225001025,80,80,8,4349734,130292,Clear Rate,10,1,B,MI,882ab2c5ebfffff
261635225002019,30,30,3,4349734,130292,Clear Rate,10,1,B,MI,882ab2c5e1fffff
261635225002020,30,30,1,4349734,130292,Clear Rate,10,1,B,MI,882ab2c5e1fffff
261635225002022,30,30,4,4349734,130292,Clear Rate,10,1,B,MI,882ab2c5ebfffff
261635225002024,45,45,3,4349734,130292,Clear Rate,10,1,B,MI,882ab2c5e3fffff
261635225002025,45,45,3,4349734,130292,Clear Rate,10,1,B,MI,882ab2c5e3fffff
261635225002026,45,45,3,4349734,130292,Clear Rate,10,1,B,MI,882ab2c5e1fffff
261635225002027,45,45,1,4349734,130292,Clear Rate,10,1,B,MI,882ab2c5e1fffff
261635225002028,45,45,3,4349734,130292,Clear Rate,10,1,B,MI,882ab2c5e1fffff
261635225002031,30,30,1,4349734,130292,Clear Rate,10,1,B,MI,882ab2c5e1fffff
261635225002032,30,30,1,4349734,130292,Clear Rate,10,1,B,MI,882ab2c5e1fffff
261635581002000,30,30,21,4349734,130292,Clear Rate,10,1,B,MI,882ab2c8b5fffff
261635581002001,30,30,17,4349734,130292,Clear Rate,10,1,B,MI,882ab2c8b5fffff
261635581002002,30,30,22,4349734,130292,Clear Rate,10,1,B,MI,882ab2c8b5fffff
261635581002003,30,30,26,4349734,130292,Clear Rate,10,1,B,MI,882ab2c8b5fffff
261635581002006,30,30,3,4349734,130292,Clear Rate,10,1,B,MI,882ab2c8b5fffff
261635581002007,30,30,2,4349734,130292,Clear Rate,10,1,B,MI,882ab2c8b5fffff
261635581002008,30,30,6,4349734,130292,Clear Rate,10,1,B,MI,882ab2c8b5fffff
261635581002009,30,30,57,4349734,130292,Clear Rate,10,1,B,MI,882ab25249fffff
261635581002010,30,30,57,4349734,130292,Clear Rate,10,1,B,MI,882ab25249fffff
261635581002011,30,30,42,4349734,130292,Clear Rate,10,1,B,MI,882ab25249fffff
261635581002012,30,30,23,4349734,130292,Clear Rate,10,1,B,MI,882ab25249fffff
261635581002013,30,30,31,4349734,130292,Clear Rate,10,1,B,MI,882ab2524bfffff
261635581002014,30,30,38,4349734,130292,Clear Rate,10,1,B,MI,882ab25249fffff
261635581002015,30,30,23,4349734,130292,Clear Rate,10,1,B,MI,882ab25249fffff
261635581002016,30,30,22,4349734,130292,Clear Rate,10,1,B,MI,882ab2524bfffff
261635581002017,30,30,38,4349734,130292,Clear Rate,10,1,B,MI,882ab2524bfffff
261635581002018,30,30,18,4349734,130292,Clear Rate,10,1,B,MI,882ab2524bfffff
261635581002023,30,30,6,4349734,130292,Clear Rate,10,1,B,MI,882ab2524bfffff
261635581002024,30,30,9,4349734,130292,Clear Rate,10,1,B,MI,882ab2524bfffff
261635581002025,30,30,10,4349734,130292,Clear Rate,10,1,B,MI,882ab2524bfffff
261635581002026,30,30,14,4349734,130292,Clear Rate,10,1,B,MI,882ab2524bfffff
261635583011016,30,30,19,4349734,130292,Clear Rate,10,1,B,MI,882ab2524bfffff
261635583011016,45,45,6,4349734,130292,Clear Rate,10,1,B,MI,882ab25243fffff
261635583011017,30,30,17,4349734,130292,Clear Rate,10,1,B,MI,882ab25247fffff
261635583011018,30,30,43,4349734,130292,Clear Rate,10,1,B,MI,882ab25247fffff
261635583011018,45,45,6,4349734,130292,Clear Rate,10,1,B,MI,882ab25243fffff
261635583011019,30,30,7,4349734,130292,Clear Rate,10,1,B,MI,882ab25247fffff
261635583011020,45,45,9,4349734,130292,Clear Rate,10,1,B,MI,882ab25243fffff
261635583011023,30,30,7,4349734,130292,Clear Rate,10,1,B,MI,882ab2524bfffff
261635583011024,45,45,1,4349734,130292,Clear Rate,10,1,B,MI,882ab2525dfffff
261635583011024,80,80,8,4349734,130292,Clear Rate,10,1,B,MI,882ab25255fffff
261635583011025,30,30,6,4349734,130292,Clear Rate,10,1,B,MI,882ab2520dfffff
261635583011025,45,45,19,4349734,130292,Clear Rate,10,1,B,MI,882ab25209fffff
261635583011025,80,80,6,4349734,130292,Clear Rate,10,1,B,MI,882ab25209fffff
261635583011026,30,30,5,4349734,130292,Clear Rate,10,1,B,MI,882ab2520dfffff
261635583011026,45,45,8,4349734,130292,Clear Rate,10,1,B,MI,882ab25243fffff
261635583011030,80,80,6,4349734,130292,Clear Rate,10,1,B,MI,882ab25243fffff
261635583011031,80,80,4,4349734,130292,Clear Rate,10,1,B,MI,882ab25255fffff
261635583011032,30,30,3,4349734,130292,Clear Rate,10,1,B,MI,882ab2525dfffff
261635583011032,45,45,5,4349734,130292,Clear Rate,10,1,B,MI,882ab25255fffff
261635583011032,80,80,15,4349734,130292,Clear Rate,10,1,B,MI,882ab25255fffff
261635583011033,30,30,1,4349734,130292,Clear Rate,10,1,B,MI,882ab2525dfffff
261635583011034,30,30,8,4349734,130292,Clear Rate,10,1,B,MI,882ab2525dfffff
261635583011035,30,30,1,4349734,130292,Clear Rate,10,1,B,MI,882ab2525dfffff
261635583011036,45,45,16,4349734,130292,Clear Rate,10,1,B,MI,882ab25243fffff
261635583011037,80,80,14,4349734,130292,Clear Rate,10,1,B,MI,882ab25255fffff
261635583011038,45,45,25,4349734,130292,Clear Rate,10,1,B,MI,882ab25209fffff
261635583012027,30,30,7,4349734,130292,Clear Rate,10,1,B,MI,882ab2520dfffff
261635583012042,30,30,17,4349734,130292,Clear Rate,10,1,B,MI,882ab2520dfffff
261635583012042,45,45,14,4349734,130292,Clear Rate,10,1,B,MI,882ab25209fffff
261635583013000,30,30,128,4349734,130292,Clear Rate,10,1,B,MI,882ab25259fffff
261635586001000,30,30,72,4349734,130292,Clear Rate,10,1,B,MI,882ab25205fffff
261635587001000,80,80,19,4349734,130292,Clear Rate,10,1,B,MI,882ab25255fffff
261635587001001,80,80,31,4349734,130292,Clear Rate,10,1,B,MI,882ab25255fffff
261635587001002,80,80,29,4349734,130292,Clear Rate,10,1,B,MI,882ab25255fffff
261635587001003,80,80,28,4349734,130292,Clear Rate,10,1,B,MI,882ab25255fffff
261635587001004,80,80,24,4349734,130292,Clear Rate,10,1,B,MI,882ab25209fffff
261635587001005,45,45,30,4349734,130292,Clear Rate,10,1,B,MI,882ab25209fffff
261635587001006,45,45,20,4349734,130292,Clear Rate,10,1,B,MI,882ab25209fffff
261635587001007,45,45,21,4349734,130292,Clear Rate,10,1,B,MI,882ab25209fffff
261635587001008,45,45,28,4349734,130292,Clear Rate,10,1,B,MI,882ab2520bfffff
261635587001009,45,45,26,4349734,130292,Clear Rate,10,1,B,MI,882ab2520bfffff
261635587001010,45,45,32,4349734,130292,Clear Rate,10,1,B,MI,882ab2520bfffff
261635587001011,80,80,27,4349734,130292,Clear Rate,10,1,B,MI,882ab2520bfffff
261635587001012,80,80,32,4349734,130292,Clear Rate,10,1,B,MI,882ab2520bfffff
261635587001013,80,80,30,4349734,130292,Clear Rate,10,1,B,MI,882ab2520bfffff
261635587001014,80,80,28,4349734,130292,Clear Rate,10,1,B,MI,882ab25255fffff
261635587001015,80,80,25,4349734,130292,Clear Rate,10,1,B,MI,882ab25255fffff
261635587001016,30,30,23,4349734,130292,Clear Rate,10,1,B,MI,882ab2520bfffff
261635587001017,30,30,24,4349734,130292,Clear Rate,10,1,B,MI,882ab2520bfffff
261635587001018,30,30,28,4349734,130292,Clear Rate,10,1,B,MI,882ab2520bfffff
261635587001019,30,30,24,4349734,130292,Clear Rate,10,1,B,MI,882ab2520bfffff
261635587001020,30,30,25,4349734,130292,Clear Rate,10,1,B,MI,882ab2520bfffff
261635587001021,30,30,30,4349734,130292,Clear Rate,10,1,B,MI,882ab2520bfffff
261635587001022,30,30,30,4349734,130292,Clear Rate,10,1,B,MI,882ab2520bfffff
261635587001023,30,30,18,4349734,130292,Clear Rate,10,1,B,MI,882ab2520bfffff
261635587002000,30,30,20,4349734,130292,Clear Rate,10,1,B,MI,882ab25201fffff
261635587002000,45,45,12,4349734,130292,Clear Rate,10,1,B,MI,882ab25209fffff
261635587002001,45,45,60,4349734,130292,Clear Rate,10,1,B,MI,882ab25209fffff
261635587002002,45,45,60,4349734,130292,Clear Rate,10,1,B,MI,882ab25209fffff
261635587002003,45,45,60,4349734,130292,Clear Rate,10,1,B,MI,882ab25201fffff
261635587002004,30,30,55,4349734,130292,Clear Rate,10,1,B,MI,882ab25201fffff
261635587002005,30,30,3,4349734,130292,Clear Rate,10,1,B,MI,882ab25201fffff
261635587002006,30,30,27,4349734,130292,Clear Rate,10,1,B,MI,882ab25201fffff
261635587002007,30,30,27,4349734,130292,Clear Rate,10,1,B,MI,882ab25201fffff
261635587002008,30,30,27,4349734,130292,Clear Rate,10,1,B,MI,882ab25201fffff
261635587002009,30,30,26,4349734,130292,Clear Rate,10,1,B,MI,882ab25201fffff
261635587002010,30,30,27,4349734,130292,Clear Rate,10,1,B,MI,882ab25201fffff
261635587002011,30,30,27,4349734,130292,Clear Rate,10,1,B,MI,882ab2520bfffff
261635587002012,30,30,4,4349734,130292,Clear Rate,10,1,B,MI,882ab2520bfffff
261635587002013,30,30,29,4349734,130292,Clear Rate,10,1,B,MI,882ab25201fffff
261635587002014,30,30,26,4349734,130292,Clear Rate,10,1,B,MI,882ab25201fffff
261635588001000,30,30,36,4349734,130292,Clear Rate,10,1,B,MI,882ab2520bfffff
261635588001001,30,30,43,4349734,130292,Clear Rate,10,1,B,MI,882ab2520bfffff
261635588001002,30,30,22,4349734,130292,Clear Rate,10,1,B,MI,882ab25203fffff
261635588001003,30,30,34,4349734,130292,Clear Rate,10,1,B,MI,882ab2521dfffff
261635588001004,30,30,41,4349734,130292,Clear Rate,10,1,B,MI,882ab2520bfffff
261635588001005,30,30,51,4349734,130292,Clear Rate,10,1,B,MI,882ab2520bfffff
261635588001006,30,30,24,4349734,130292,Clear Rate,10,1,B,MI,882ab2520bfffff
261635588001007,30,30,23,4349734,130292,Clear Rate,10,1,B,MI,882ab2520bfffff
261635588001008,30,30,22,4349734,130292,Clear Rate,10,1,B,MI,882ab2521dfffff
261635588001009,30,30,14,4349734,130292,Clear Rate,10,1,B,MI,882ab2521dfffff
261635588001010,30,30,14,4349734,130292,Clear Rate,10,1,B,MI,882ab2521dfffff
261635588001011,30,30,30,4349734,130292,Clear Rate,10,1,B,MI,882ab25203fffff
261635588001012,30,30,22,4349734,130292,Clear Rate,10,1,B,MI,882ab25203fffff
261635588001014,30,30,27,4349734,130292,Clear Rate,10,1,B,MI,882ab2521dfffff
261635588001015,30,30,31,4349734,130292,Clear Rate,10,1,B,MI,882ab2521dfffff
261635588002000,30,30,16,4349734,130292,Clear Rate,10,1,B,MI,882ab25203fffff
261635588002001,30,30,32,4349734,130292,Clear Rate,10,1,B,MI,882ab25201fffff
261635588002002,30,30,37,4349734,130292,Clear Rate,10,1,B,MI,882ab25201fffff
261635588002003,30,30,19,4349734,130292,Clear Rate,10,1,B,MI,882ab25203fffff
261635588002004,30,30,23,4349734,130292,Clear Rate,10,1,B,MI,882ab25203fffff
261635588002005,30,30,52,4349734,130292,Clear Rate,10,1,B,MI,882ab25203fffff
261635588002006,30,30,42,4349734,130292,Clear Rate,10,1,B,MI,882ab25203fffff
261635588002007,30,30,33,4349734,130292,Clear Rate,10,1,B,MI,882ab25203fffff
261635588002009,30,30,1,4349734,130292,Clear Rate,10,1,B,MI,882ab25203fffff
261635588002010,30,30,30,4349734,130292,Clear Rate,10,1,B,MI,882ab25203fffff
261635588002011,30,30,16,4349734,130292,Clear Rate,10,1,B,MI,882ab25203fffff
261635588002012,30,30,22,4349734,130292,Clear Rate,10,1,B,MI,882ab25203fffff
261635588002013,30,30,33,4349734,130292,Clear Rate,10,1,B,MI,882ab25203fffff
261635589001000,30,30,18,4349734,130292,Clear Rate,10,1,B,MI,882ab25251fffff
261635589001000,45,45,38,4349734,130292,Clear Rate,10,1,B,MI,882ab25251fffff
261635589001001,30,30,10,4349734,130292,Clear Rate,10,1,B,MI,882ab25253fffff
261635589001002,30,30,9,4349734,130292,Clear Rate,10,1,B,MI,882ab25251fffff
261635589001002,45,45,15,4349734,130292,Clear Rate,10,1,B,MI,882ab25251fffff
261635589001003,45,45,26,4349734,130292,Clear Rate,10,1,B,MI,882ab25251fffff
261635589001004,45,45,13,4349734,130292,Clear Rate,10,1,B,MI,882ab25251fffff
261635589001005,45,45,28,4349734,130292,Clear Rate,10,1,B,MI,882ab25251fffff
261635589001006,45,45,21,4349734,130292,Clear Rate,10,1,B,MI,882ab25251fffff
261635589001007,45,45,26,4349734,130292,Clear Rate,10,1,B,MI,882ab25253fffff
261635589001008,45,45,39,4349734,130292,Clear Rate,10,1,B,MI,882ab25251fffff
261635589001009,30,30,3,4349734,130292,Clear Rate,10,1,B,MI,882ab25253fffff
261635589001009,45,45,13,4349734,130292,Clear Rate,10,1,B,MI,882ab25251fffff
261635589001010,45,45,41,4349734,130292,Clear Rate,10,1,B,MI,882ab25253fffff
261635589001011,30,30,14,4349734,130292,Clear Rate,10,1,B,MI,882ab25253fffff
261635589001011,45,45,24,4349734,130292,Clear Rate,10,1,B,MI,882ab25253fffff
261635589001012,30,30,8,4349734,130292,Clear Rate,10,1,B,MI,882ab25253fffff
261635589001013,45,45,24,4349734,130292,Clear Rate,10,1,B,MI,882ab25253fffff
261635589002000,45,45,5,4349734,130292,Clear Rate,10,1,B,MI,882ab25255fffff
261635589002000,80,80,12,4349734,130292,Clear Rate,10,1,B,MI,882ab25255fffff
261635589002001,80,80,8,4349734,130292,Clear Rate,10,1,B,MI,882ab25255fffff
261635589002002,80,80,34,4349734,130292,Clear Rate,10,1,B,MI,882ab25257fffff
261635589002003,80,80,33,4349734,130292,Clear Rate,10,1,B,MI,882ab25257fffff
261635589002004,45,45,7,4349734,130292,Clear Rate,10,1,B,MI,882ab25257fffff
261635589002004,80,80,8,4349734,130292,Clear Rate,10,1,B,MI,882ab25257fffff
261635589002005,45,45,38,4349734,130292,Clear Rate,10,1,B,MI,882ab25257fffff
261635589002006,45,45,6,4349734,130292,Clear Rate,10,1,B,MI,882ab25255fffff
261635589002007,45,45,8,4349734,130292,Clear Rate,10,1,B,MI,882ab25257fffff
261635589002008,45,45,8,4349734,130292,Clear Rate,10,1,B,MI,882ab25251fffff
261635589002009,45,45,34,4349734,130292,Clear Rate,10,1,B,MI,882ab25257fffff
261635589002010,45,45,10,4349734,130292,Clear Rate,10,1,B,MI,882ab25257fffff
261635589002011,45,45,12,4349734,130292,Clear Rate,10,1,B,MI,882ab25257fffff
261635589002012,45,45,1,4349734,130292,Clear Rate,10,1,B,MI,882ab25257fffff
261635589002013,45,45,36,4349734,130292,Clear Rate,10,1,B,MI,882ab25257fffff
261635589002014,80,80,14,4349734,130292,Clear Rate,10,1,B,MI,882ab25257fffff
261635589002015,80,80,33,4349734,130292,Clear Rate,10,1,B,MI,882ab25257fffff
261635589002016,80,80,30,4349734,130292,Clear Rate,10,1,B,MI,882ab25257fffff
261635589002017,80,80,38,4349734,130292,Clear Rate,10,1,B,MI,882ab25257fffff
261635589002018,30,30,18,4349734,130292,Clear Rate,10,1,B,MI,882ab25257fffff
261635589002018,45,45,1,4349734,130292,Clear Rate,10,1,B,MI,882ab25257fffff
261635589002019,80,80,17,4349734,130292,Clear Rate,10,1,B,MI,882ab25257fffff
261635590001000,45,45,5,4349734,130292,Clear Rate,10,1,B,MI,882ab25253fffff
261635590001001,30,30,34,4349734,130292,Clear Rate,10,1,B,MI,882ab25253fffff
261635590001001,45,45,3,4349734,130292,Clear Rate,10,1,B,MI,882ab25253fffff
261635590001002,30,30,38,4349734,130292,Clear Rate,10,1,B,MI,882ab25257fffff
261635590001005,30,30,41,4349734,130292,Clear Rate,10,1,B,MI,882ab25257fffff
261635590001006,30,30,44,4349734,130292,Clear Rate,10,1,B,MI,882ab25257fffff
261635590001011,30,30,26,4349734,130292,Clear Rate,10,1,B,MI,882ab25253fffff
261635590001012,30,30,26,4349734,130292,Clear Rate,10,1,B,MI,882ab25253fffff
261635590001013,30,30,24,4349734,130292,Clear Rate,10,1,B,MI,882ab25219fffff
261635590001014,30,30,24,4349734,130292,Clear Rate,10,1,B,MI,882ab25257fffff
261635590001015,30,30,16,4349734,130292,Clear Rate,10,1,B,MI,882ab25219fffff
261635590001016,30,30,14,4349734,130292,Clear Rate,10,1,B,MI,882ab25219fffff
261635590001017,30,30,15,4349734,130292,Clear Rate,10,1,B,MI,882ab25219fffff
261635590001018,30,30,19,4349734,130292,Clear Rate,10,1,B,MI,882ab25253fffff
261635590002000,30,30,36,4349734,130292,Clear Rate,10,1,B,MI,882ab25257fffff
261635590002001,30,30,35,4349734,130292,Clear Rate,10,1,B,MI,882ab25257fffff
261635590002002,30,30,35,4349734,130292,Clear Rate,10,1,B,MI,882ab25257fffff
261635590002003,30,30,39,4349734,130292,Clear Rate,10,1,B,MI,882ab2521dfffff
261635590002004,30,30,40,4349734,130292,Clear Rate,10,1,B,MI,882ab25257fffff
261635590002005,30,30,44,4349734,130292,Clear Rate,10,1,B,MI,882ab25257fffff
261635590002006,30,30,41,4349734,130292,Clear Rate,10,1,B,MI,882ab2521dfffff
261635590002007,30,30,74,4349734,130292,Clear Rate,10,1,B,MI,882ab2521dfffff
261635590002008,30,30,37,4349734,130292,Clear Rate,10,1,B,MI,882ab25219fffff
261635590002009,30,30,38,4349734,130292,Clear Rate,10,1,B,MI,882ab2521dfffff
261635590002010,30,30,38,4349734,130292,Clear Rate,10,1,B,MI,882ab2521dfffff
261635591001004,30,30,48,4349734,130292,Clear Rate,10,1,B,MI,882ab2cd65fffff
261635591001005,30,30,37,4349734,130292,Clear Rate,10,1,B,MI,882ab2525bfffff
261635591001006,30,30,32,4349734,130292,Clear Rate,10,1,B,MI,882ab2cd67fffff
261635591001015,30,30,64,4349734,130292,Clear Rate,10,1,B,MI,882ab2cd67fffff
261635591001016,30,30,14,4349734,130292,Clear Rate,10,1,B,MI,882ab2cd67fffff
261635591001017,30,30,18,4349734,130292,Clear Rate,10,1,B,MI,882ab2cd67fffff
261635591001018,30,30,38,4349734,130292,Clear Rate,10,1,B,MI,882ab2cd67fffff
261635591001019,30,30,37,4349734,130292,Clear Rate,10,1,B,MI,882ab2cd67fffff
261635591001020,30,30,38,4349734,130292,Clear Rate,10,1,B,MI,882ab2cd67fffff
261635591001021,30,30,18,4349734,130292,Clear Rate,10,1,B,MI,882ab2cd67fffff
261635591002000,30,30,104,4349734,130292,Clear Rate,10,1,B,MI,882ab2525bfffff
261635591002001,30,30,40,4349734,130292,Clear Rate,10,1,B,MI,882ab2525bfffff
261635591002002,30,30,42,4349734,130292,Clear Rate,10,1,B,MI,882ab2525bfffff
261635591002003,30,30,6,4349734,130292,Clear Rate,10,1,B,MI,882ab2525bfffff
261635591002004,30,30,23,4349734,130292,Clear Rate,10,1,B,MI,882ab25251fffff
261635591002005,30,30,28,4349734,130292,Clear Rate,10,1,B,MI,882ab2525bfffff
261635591002006,30,30,28,4349734,130292,Clear Rate,10,1,B,MI,882ab2525bfffff
261635591002007,30,30,7,4349734,130292,Clear Rate,10,1,B,MI,882ab2525bfffff
261635591002008,30,30,18,4349734,130292,Clear Rate,10,1,B,MI,882ab2525bfffff
261635591002009,30,30,28,4349734,130292,Clear Rate,10,1,B,MI,882ab2525bfffff
261635591002010,30,30,19,4349734,130292,Clear Rate,10,1,B,MI,882ab2525bfffff
261635591002011,30,30,6,4349734,130292,Clear Rate,10,1,B,MI,882ab2525bfffff
261635591002012,30,30,6,4349734,130292,Clear Rate,10,1,B,MI,882ab2525bfffff
261635591002013,30,30,25,4349734,130292,Clear Rate,10,1,B,MI,882ab2525bfffff
261635591002014,30,30,10,4349734,130292,Clear Rate,10,1,B,MI,882ab2525bfffff
261635591002015,30,30,10,4349734,130292,Clear Rate,10,1,B,MI,882ab2525bfffff
261635592002003,30,30,3,4349734,130292,Clear Rate,10,1,B,MI,882ab2cd2dfffff
261635592002006,30,30,1,4349734,130292,Clear Rate,10,1,B,MI,882ab2cd2dfffff
261635601001000,45,45,3,4349734,130292,Clear Rate,10,1,B,MI,88274d2681fffff
261635601001001,30,30,15,4349734,130292,Clear Rate,10,1,B,MI,88274d2685fffff
261635601001002,30,30,26,4349734,130292,Clear Rate,10,1,B,MI,88274d2685fffff
261635601001003,30,30,29,4349734,130292,Clear Rate,10,1,B,MI,88274d26abfffff
261635601001004,30,30,24,4349734,130292,Clear Rate,10,1,B,MI,88274d2685fffff
261635601001005,30,30,23,4349734,130292,Clear Rate,10,1,B,MI,88274d2687fffff
261635601001012,30,30,2,4349734,130292,Clear Rate,10,1,B,MI,88274d2687fffff
261635601001014,30,30,18,4349734,130292,Clear Rate,10,1,B,MI,88274d2685fffff
261635601001015,30,30,7,4349734,130292,Clear Rate,10,1,B,MI,88274d2685fffff
261635601001017,30,30,9,4349734,130292,Clear Rate,10,1,B,MI,88274d2687fffff
261635601001018,30,30,2,4349734,130292,Clear Rate,10,1,B,MI,88274d2687fffff
261635601001019,30,30,8,4349734,130292,Clear Rate,10,1,B,MI,88274d2687fffff
261635601001020,30,30,2,4349734,130292,Clear Rate,10,1,B,MI,88274d2687fffff
261635601001021,30,30,6,4349734,130292,Clear Rate,10,1,B,MI,88274d2687fffff
261635601002000,45,45,12,4349734,130292,Clear Rate,10,1,B,MI,88274d268dfffff
261635601002001,30,30,33,4349734,130292,Clear Rate,10,1,B,MI,88274d2685fffff
261635601002001,45,45,10,4349734,130292,Clear Rate,10,1,B,MI,88274d268dfffff
261635601002001,80,80,1,4349734,130292,Clear Rate,10,1,B,MI,88274d268dfffff
261635601002002,30,30,59,4349734,130292,Clear Rate,10,1,B,MI,88274d2685fffff
261635601002003,30,30,16,4349734,130292,Clear Rate,10,1,B,MI,88274d26e3fffff
261635601002004,30,30,68,4349734,130292,Clear Rate,10,1,B,MI,88274d2685fffff
261635601002005,30,30,1,4349734,130292,Clear Rate,10,1,B,MI,88274d2685fffff
261635601002006,30,30,18,4349734,130292,Clear Rate,10,1,B,MI,88274d2685fffff
261635601002007,30,30,17,4349734,130292,Clear Rate,10,1,B,MI,88274d2685fffff
261635601002008,30,30,17,4349734,130292,Clear Rate,10,1,B,MI,88274d268dfffff
261635601002009,30,30,4,4349734,130292,Clear Rate,10,1,B,MI,88274d268dfffff
261635601002010,45,45,33,4349734,130292,Clear Rate,10,1,B,MI,88274d268dfffff
261635601002011,30,30,4,4349734,130292,Clear Rate,10,1,B,MI,88274d268dfffff
261635601002011,45,45,5,4349734,130292,Clear Rate,10,1,B,MI,88274d268dfffff
261635601002012,45,45,8,4349734,130292,Clear Rate,10,1,B,MI,88274d2681fffff
261635601002013,30,30,10,4349734,130292,Clear Rate,10,1,B,MI,88274d2685fffff
261635601002014,30,30,9,4349734,130292,Clear Rate,10,1,B,MI,88274d2685fffff
261635601002015,30,30,8,4349734,130292,Clear Rate,10,1,B,MI,88274d2685fffff
261635601002016,30,30,18,4349734,130292,Clear Rate,10,1,B,MI,88274d2685fffff
261635601002017,30,30,6,4349734,130292,Clear Rate,10,1,B,MI,88274d2685fffff
261635601003000,30,30,1,4349734,130292,Clear Rate,10,1,B,MI,88274d2689fffff
261635601003000,45,45,1,4349734,130292,Clear Rate,10,1,B,MI,88274d2689fffff
261635601003001,30,30,17,4349734,130292,Clear Rate,10,1,B,MI,88274d268dfffff
261635601003001,45,45,6,4349734,130292,Clear Rate,10,1,B,MI,88274d2689fffff
261635601003002,45,45,14,4349734,130292,Clear Rate,10,1,B,MI,88274d268dfffff
261635601003003,30,30,16,4349734,130292,Clear Rate,10,1,B,MI,88274d268dfffff
261635601003004,45,45,20,4349734,130292,Clear Rate,10,1,B,MI,88274d268dfffff
261635601003005,45,45,16,4349734,130292,Clear Rate,10,1,B,MI,88274d268dfffff
261635601003006,45,45,16,4349734,130292,Clear Rate,10,1,B,MI,88274d268dfffff
261635601003007,45,45,12,4349734,130292,Clear Rate,10,1,B,MI,88274d268dfffff
261635601003008,45,45,16,4349734,130292,Clear Rate,10,1,B,MI,88274d268dfffff
261635601003009,30,30,6,4349734,130292,Clear Rate,10,1,B,MI,88274d268dfffff
261635601003010,30,30,5,4349734,130292,Clear Rate,10,1,B,MI,88274d268dfffff
261635601003011,30,30,11,4349734,130292,Clear Rate,10,1,B,MI,88274d268dfffff
261635601003012,30,30,14,4349734,130292,Clear Rate,10,1,B,MI,88274d2681fffff
261635601003013,30,30,7,4349734,130292,Clear Rate,10,1,B,MI,88274d2681fffff
261635601003016,45,45,15,4349734,130292,Clear Rate,10,1,B,MI,88274d268dfffff
261635601003017,45,45,20,4349734,130292,Clear Rate,10,1,B,MI,88274d2681fffff
261635601003018,45,45,12,4349734,130292,Clear Rate,10,1,B,MI,88274d2681fffff
261635601003019,30,30,1,4349734,130292,Clear Rate,10,1,B,MI,88274d2681fffff
261635601003020,30,30,6,4349734,130292,Clear Rate,10,1,B,MI,88274d2681fffff
261635601003021,30,30,17,4349734,130292,Clear Rate,10,1,B,MI,88274d2681fffff
261635601003022,30,30,3,4349734,130292,Clear Rate,10,1,B,MI,88274d2681fffff
261635601003023,30,30,10,4349734,130292,Clear Rate,10,1,B,MI,88274d2681fffff
261635601003025,30,30,1,4349734,130292,Clear Rate,10,1,B,MI,88274d2683fffff
261635601003031,30,30,12,4349734,130292,Clear Rate,10,1,B,MI,88274d2681fffff
261635601003032,30,30,11,4349734,130292,Clear Rate,10,1,B,MI,88274d2681fffff
261635601003033,30,30,15,4349734,130292,Clear Rate,10,1,B,MI,88274d2681fffff
261635601003034,30,30,12,4349734,130292,Clear Rate,10,1,B,MI,88274d2681fffff
261635601003035,30,30,9,4349734,130292,Clear Rate,10,1,B,MI,88274d2681fffff
261635601003036,45,45,3,4349734,130292,Clear Rate,10,1,B,MI,88274d2681fffff
261635602012001,45,45,1,4349734,130292,Clear Rate,10,1,B,MI,88274d2689fffff
261635602021002,30,30,2,4349734,130292,Clear Rate,10,1,B,MI,88274d26ddfffff
261635602022000,30,30,59,4349734,130292,Clear Rate,10,1,B,MI,88274d26d5fffff
261635613011004,30,30,5,4349734,130292,Clear Rate,10,1,B,MI,88274d26b9fffff
261635613012000,30,30,39,4349734,130292,Clear Rate,10,1,B,MI,88274d26b9fffff
261635613013000,30,30,47,4349734,130292,Clear Rate,10,1,B,MI,88274d26a9fffff
261635613013001,30,30,7,4349734,130292,Clear Rate,10,1,B,MI,88274d26a9fffff
261635613013003,30,30,8,4349734,130292,Clear Rate,10,1,B,MI,88274d26e3fffff
261635613013005,30,30,16,4349734,130292,Clear Rate,10,1,B,MI,88274d26e3fffff
261635613013009,30,30,24,4349734,130292,Clear Rate,10,1,B,MI,88274d26abfffff
261635613013010,30,30,15,4349734,130292,Clear Rate,10,1,B,MI,88274d26a9fffff
261635613013011,30,30,9,4349734,130292,Clear Rate,10,1,B,MI,88274d26a9fffff
261635613013012,30,30,20,4349734,130292,Clear Rate,10,1,B,MI,88274d26a9fffff
261635613013013,30,30,4,4349734,130292,Clear Rate,10,1,B,MI,88274d2685fffff
261635613013014,30,30,8,4349734,130292,Clear Rate,10,1,B,MI,88274d2685fffff
261635613013015,30,30,3,4349734,130292,Clear Rate,10,1,B,MI,88274d26a9fffff
261635613013017,30,30,9,4349734,130292,Clear Rate,10,1,B,MI,88274d26abfffff
261635673001000,30,30,5,4349734,130292,Clear Rate,10,1,B,MI,882ab25211fffff
261635673003000,30,30,23,4349734,130292,Clear Rate,10,1,B,MI,882ab2521dfffff
261635673003001,30,30,51,4349734,130292,Clear Rate,10,1,B,MI,882ab2521dfffff
261635673003002,30,30,42,4349734,130292,Clear Rate,10,1,B,MI,882ab25215fffff
261635673003003,30,30,34,4349734,130292,Clear Rate,10,1,B,MI,882ab25215fffff
261635673003004,30,30,23,4349734,130292,Clear Rate,10,1,B,MI,882ab25215fffff
261635673003005,30,30,23,4349734,130292,Clear Rate,10,1,B,MI,882ab25215fffff
261635673003006,30,30,126,4349734,130292,Clear Rate,10,1,B,MI,882ab25215fffff
261635673003007,30,30,48,4349734,130292,Clear Rate,10,1,B,MI,882ab2521dfffff
261635673003008,30,30,28,4349734,130292,Clear Rate,10,1,B,MI,882ab2521dfffff
261635673003009,30,30,58,4349734,130292,Clear Rate,10,1,B,MI,882ab25211fffff
261635673003010,30,30,20,4349734,130292,Clear Rate,10,1,B,MI,882ab25211fffff
261635673003011,30,30,25,4349734,130292,Clear Rate,10,1,B,MI,882ab25211fffff
261635673003012,30,30,36,4349734,130292,Clear Rate,10,1,B,MI,882ab25211fffff
261635673003013,30,30,5,4349734,130292,Clear Rate,10,1,B,MI,882ab25211fffff
261635673003014,30,30,31,4349734,130292,Clear Rate,10,1,B,MI,882ab25215fffff
261635673003015,30,30,26,4349734,130292,Clear Rate,10,1,B,MI,882ab25215fffff
261635673003016,30,30,26,4349734,130292,Clear Rate,10,1,B,MI,882ab25215fffff
261635673003017,30,30,29,4349734,130292,Clear Rate,10,1,B,MI,882ab25215fffff
261639853001000,45,45,3,4349734,130292,Clear Rate,10,1,B,MI,882ab2c5a9fffff
261639853001001,45,45,2,4349734,130292,Clear Rate,10,1,B,MI,882ab2c5a9fffff
261639853001002,45,45,7,4349734,130292,Clear Rate,10,1,B,MI,882ab2c5a9fffff
261639853001003,45,45,3,4349734,130292,Clear Rate,10,1,B,MI,882ab2c585fffff
261639853001006,45,45,4,4349734,130292,Clear Rate,10,1,B,MI,882ab2c5a9fffff
261639853001007,30,30,8,4349734,130292,Clear Rate,10,1,B,MI,882ab2c5a9fffff
261639853001007,45,45,3,4349734,130292,Clear Rate,10,1,B,MI,882ab2c5a9fffff
261639853001008,30,30,1,4349734,130292,Clear Rate,10,1,B,MI,882ab2c5a9fffff
261639853001012,45,45,2,4349734,130292,Clear Rate,10,1,B,MI,882ab2c5a9fffff
261639853001013,45,45,8,4349734,130292,Clear Rate,10,1,B,MI,882ab2c585fffff
261639853001014,45,45,5,4349734,130292,Clear Rate,10,1,B,MI,882ab2c585fffff
261639853001015,45,45,1,4349734,130292,Clear Rate,10,1,B,MI,882ab2c585fffff
261639853001016,30,30,2,4349734,130292,Clear Rate,10,1,B,MI,882ab2c5abfffff
261639853001016,45,45,1,4349734,130292,Clear Rate,10,1,B,MI,882ab2c585fffff
261639853001019,30,30,2,4349734,130292,Clear Rate,10,1,B,MI,882ab2c5abfffff
261639853001020,30,30,1,4349734,130292,Clear Rate,10,1,B,MI,882ab2c5a9fffff
261639853001023,30,30,2,4349734,130292,Clear Rate,10,1,B,MI,882ab2c5abfffff
261639853001024,30,30,2,4349734,130292,Clear Rate,10,1,B,MI,882ab2c5abfffff
261639853001025,30,30,2,4349734,130292,Clear Rate,10,1,B,MI,882ab2c5abfffff
261639853001026,30,30,3,4349734,130292,Clear Rate,10,1,B,MI,882ab2c5a1fffff
261639853001027,30,30,2,4349734,130292,Clear Rate,10,1,B,MI,882ab2c5a1fffff
261639853001028,30,30,3,4349734,130292,Clear Rate,10,1,B,MI,882ab2c5abfffff
261639853001030,30,30,1,4349734,130292,Clear Rate,10,1,B,MI,882ab2c5a1fffff
