block_geoid,max_advertised_download_speed,max_advertised_upload_speed,count,frn,provider_id,brand_name,technology,low_latency,business_residential_code,state_usps,h3_res8_id
260130002004164,0,0,1,4927802,530107,Michigan Broadband Service,10,1,X,MI,882746c74bfffff
260130002004168,0,0,1,4927802,530107,Michigan Broadband Service,10,1,X,MI,882746c74bfffff
260130002004169,0,0,2,4927802,530107,Michigan Broadband Service,10,1,X,MI,882746c74bfffff
260130002004281,10,1,50,4927802,530107,Michigan Broadband Service,10,1,X,MI,882746c63bfffff
260130002004311,0,0,1,4927802,530107,Michigan Broadband Service,10,1,X,MI,882746c617fffff
260130002004311,10,1,15,4927802,530107,Michigan Broadband Service,10,1,X,MI,882746c617fffff
260130002004312,10,1,3,4927802,530107,Michigan Broadband Service,10,1,X,MI,882746c6edfffff
260130002004313,10,1,1,4927802,530107,Michigan Broadband Service,10,1,X,MI,882746c617fffff
260130002004315,0,0,7,4927802,530107,Michigan Broadband Service,10,1,X,MI,882746c615fffff
260130002004315,10,1,11,4927802,530107,Michigan Broadband Service,10,1,X,MI,882746c61dfffff
260130002004330,10,1,3,4927802,530107,Michigan Broadband Service,10,1,X,MI,882746c617fffff
260130002004350,0,0,16,4927802,530107,Michigan Broadband Service,10,1,X,MI,882746c611fffff
260339711001001,10,1,12,4927802,530107,Michigan Broadband Service,10,1,X,MI,88276e1357fffff
260339711001018,10,1,7,4927802,530107,Michigan Broadband Service,10,1,X,MI,88276e115dfffff
260339711001018,25,3,10,4927802,530107,Michigan Broadband Service,10,1,X,MI,88276e1143fffff
260339711001019,0,0,12,4927802,530107,Michigan Broadband Service,10,1,X,MI,88276e1105fffff
260339711001019,10,1,17,4927802,530107,Michigan Broadband Service,10,1,X,MI,88276e1147fffff
260339711001019,25,3,6,4927802,530107,Michigan Broadband Service,10,1,X,MI,88276e1109fffff
260339711001054,0,0,14,4927802,530107,Michigan Broadband Service,10,1,X,MI,88276e1111fffff
260339711001054,10,1,41,4927802,530107,Michigan Broadband Service,10,1,X,MI,88276e1119fffff
260339711001054,25,3,3,4927802,530107,Michigan Broadband Service,10,1,X,MI,88276e102dfffff
260339711001056,10,1,32,4927802,530107,Michigan Broadband Service,10,1,X,MI,88276e1235fffff
260339711001056,25,3,20,4927802,530107,Michigan Broadband Service,10,1,X,MI,88276e1033fffff
260339711001077,0,0,7,4927802,530107,Michigan Broadband Service,10,1,X,MI,88276e1023fffff
260339711001077,10,1,20,4927802,530107,Michigan Broadband Service,10,1,X,MI,88276e102bfffff
260339711001077,25,3,4,4927802,530107,Michigan Broadband Service,10,1,X,MI,88276e102dfffff
260339711001079,10,1,3,4927802,530107,Michigan Broadband Service,10,1,X,MI,88276e1025fffff
260339711002011,10,1,1,4927802,530107,Michigan Broadband Service,10,1,X,MI,88276e8881fffff
260339711002011,25,3,2,4927802,530107,Michigan Broadband Service,10,1,X,MI,88276e8881fffff
260339711002016,0,0,1,4927802,530107,Michigan Broadband Service,10,1,X,MI,88276e88e3fffff
260339711002016,10,1,20,4927802,530107,Michigan Broadband Service,10,1,X,MI,88276e8881fffff
260339711002016,25,3,1,4927802,530107,Michigan Broadband Service,10,1,X,MI,88276e8887fffff
260339711002018,0,0,1,4927802,530107,Michigan Broadband Service,10,1,X,MI,88276e88a9fffff
260339711002020,10,1,7,4927802,530107,Michigan Broadband Service,10,1,X,MI,88276e88abfffff
260339711002020,25,3,7,4927802,530107,Michigan Broadband Service,10,1,X,MI,88276e8881fffff
260339711002022,25,3,12,4927802,530107,Michigan Broadband Service,10,1,X,MI,88276e8993fffff
260339711002026,10,1,5,4927802,530107,Michigan Broadband Service,10,1,X,MI,88276e1353fffff
260339711002027,0,0,31,4927802,530107,Michigan Broadband Service,10,1,X,MI,88276e88b5fffff
260339711002027,10,1,7,4927802,530107,Michigan Broadband Service,10,1,X,MI,88276e88b1fffff
260339711002028,10,1,7,4927802,530107,Michigan Broadband Service,10,1,X,MI,88276e899bfffff
260339711002033,0,0,13,4927802,530107,Michigan Broadband Service,10,1,X,MI,88276e1257fffff
260339711002033,10,1,13,4927802,530107,Michigan Broadband Service,10,1,X,MI,88276e88bbfffff
260339711002035,0,0,2,4927802,530107,Michigan Broadband Service,10,1,X,MI,88276e88b5fffff
260339711002038,0,0,1,4927802,530107,Michigan Broadband Service,10,1,X,MI,88276e1253fffff
260339711002038,10,1,9,4927802,530107,Michigan Broadband Service,10,1,X,MI,88276e8d35fffff
260339711002038,25,3,5,4927802,530107,Michigan Broadband Service,10,1,X,MI,88276e12c9fffff
260339711002039,0,0,4,4927802,530107,Michigan Broadband Service,10,1,X,MI,88276e125dfffff
260339711002041,10,1,2,4927802,530107,Michigan Broadband Service,10,1,X,MI,88276e8d33fffff
260339711002042,0,0,3,4927802,530107,Michigan Broadband Service,10,1,X,MI,88276e8dabfffff
260339711002042,10,1,44,4927802,530107,Michigan Broadband Service,10,1,X,MI,88276e8dabfffff
260339711002042,25,3,13,4927802,530107,Michigan Broadband Service,10,1,X,MI,88276e8d85fffff
260339711002045,0,0,2,4927802,530107,Michigan Broadband Service,10,1,X,MI,88276e8dedfffff
260339711002045,10,1,5,4927802,530107,Michigan Broadband Service,10,1,X,MI,88276e8dedfffff
260339711002045,25,3,6,4927802,530107,Michigan Broadband Service,10,1,X,MI,88276e8de3fffff
260339711002046,0,0,1,4927802,530107,Michigan Broadband Service,10,1,X,MI,88276e12ddfffff
260339711002046,10,1,8,4927802,530107,Michigan Broadband Service,10,1,X,MI,88276e12ddfffff
260339711002046,25,3,5,4927802,530107,Michigan Broadband Service,10,1,X,MI,88276e12c9fffff
260339711002047,0,0,4,4927802,530107,Michigan Broadband Service,10,1,X,MI,88276e1213fffff
260339711002047,10,1,3,4927802,530107,Michigan Broadband Service,10,1,X,MI,88276e1211fffff
260339711002048,0,0,3,4927802,530107,Michigan Broadband Service,10,1,X,MI,88276e1213fffff
260339711002048,10,1,25,4927802,530107,Michigan Broadband Service,10,1,X,MI,88276e1239fffff
260339711002048,25,3,8,4927802,530107,Michigan Broadband Service,10,1,X,MI,88276e1207fffff
260339711002053,10,1,1,4927802,530107,Michigan Broadband Service,10,1,X,MI,88276e1203fffff
260339711002062,0,0,1,4927802,530107,Michigan Broadband Service,10,1,X,MI,88276e1257fffff
260339711002062,10,1,8,4927802,530107,Michigan Broadband Service,10,1,X,MI,88276e1203fffff
260339711002064,0,0,3,4927802,530107,Michigan Broadband Service,10,1,X,MI,88276e12d3fffff
260339711002075,0,0,4,4927802,530107,Michigan Broadband Service,10,1,X,MI,88276e8db9fffff
260339711002085,0,0,3,4927802,530107,Michigan Broadband Service,10,1,X,MI,88276e8c83fffff
260339711002085,10,1,20,4927802,530107,Michigan Broadband Service,10,1,X,MI,88276e8c87fffff
260339711002085,25,3,19,4927802,530107,Michigan Broadband Service,10,1,X,MI,88276e8de3fffff
260339711002090,25,3,1,4927802,530107,Michigan Broadband Service,10,1,X,MI,88276e88b9fffff
260339711002094,25,3,5,4927802,530107,Michigan Broadband Service,10,1,X,MI,88276e8887fffff
260339711002096,0,0,1,4927802,530107,Michigan Broadband Service,10,1,X,MI,88276e8dadfffff
260439501001038,0,0,2,4927802,530107,Michigan Broadband Service,10,1,X,MI,882746a83dfffff
260439501001038,10,1,3,4927802,530107,Michigan Broadband Service,10,1,X,MI,882746a837fffff
260439501001038,25,3,1,4927802,530107,Michigan Broadband Service,10,1,X,MI,882746a9ddfffff
260439501001049,0,0,2,4927802,530107,Michigan Broadband Service,10,1,X,MI,882746a9e3fffff
260439501001050,0,0,5,4927802,530107,Michigan Broadband Service,10,1,X,MI,8827460413fffff
260439501001052,0,0,1,4927802,530107,Michigan Broadband Service,10,1,X,MI,8827460691fffff
260439501001054,0,0,7,4927802,530107,Michigan Broadband Service,10,1,X,MI,8827460413fffff
260439501001058,0,0,6,4927802,530107,Michigan Broadband Service,10,1,X,MI,88274604cbfffff
260439501001059,0,0,2,4927802,530107,Michigan Broadband Service,10,1,X,MI,88274606b1fffff
260439501001060,0,0,4,4927802,530107,Michigan Broadband Service,10,1,X,MI,88274604cbfffff
260439501001061,0,0,3,4927802,530107,Michigan Broadband Service,10,1,X,MI,8827460417fffff
260439501001063,10,1,2,4927802,530107,Michigan Broadband Service,10,1,X,MI,882746a9c3fffff
260439501001065,10,1,3,4927802,530107,Michigan Broadband Service,10,1,X,MI,882746a8e5fffff
260439501001065,25,3,18,4927802,530107,Michigan Broadband Service,10,1,X,MI,882746a9d9fffff
260439501001066,0,0,7,4927802,530107,Michigan Broadband Service,10,1,X,MI,882746a8e1fffff
260439501001066,10,1,1,4927802,530107,Michigan Broadband Service,10,1,X,MI,882746a9d9fffff
260439501001066,25,3,3,4927802,530107,Michigan Broadband Service,10,1,X,MI,882746a9d9fffff
260439501001067,0,0,1,4927802,530107,Michigan Broadband Service,10,1,X,MI,882746a88dfffff
260439501001068,0,0,1,4927802,530107,Michigan Broadband Service,10,1,X,MI,882746a8ebfffff
260439501001074,0,0,1,4927802,530107,Michigan Broadband Service,10,1,X,MI,882746a8a1fffff
260439501001074,10,1,1,4927802,530107,Michigan Broadband Service,10,1,X,MI,882746a8a1fffff
260439501001076,10,1,1,4927802,530107,Michigan Broadband Service,10,1,X,MI,882746a98bfffff
260439501001076,25,3,3,4927802,530107,Michigan Broadband Service,10,1,X,MI,882746a9d1fffff
260439501001077,10,1,1,4927802,530107,Michigan Broadband Service,10,1,X,MI,882746a98bfffff
260439501001077,25,3,3,4927802,530107,Michigan Broadband Service,10,1,X,MI,882746a9d1fffff
260439501001080,0,0,12,4927802,530107,Michigan Broadband Service,10,1,X,MI,882746a995fffff
260439501001080,10,1,11,4927802,530107,Michigan Broadband Service,10,1,X,MI,882746a9b7fffff
260439501001087,0,0,3,4927802,530107,Michigan Broadband Service,10,1,X,MI,882746af01fffff
260439501001094,10,1,14,4927802,530107,Michigan Broadband Service,10,1,X,MI,8827463359fffff
260439501001094,25,3,11,4927802,530107,Michigan Broadband Service,10,1,X,MI,8827463353fffff
260439501001095,0,0,9,4927802,530107,Michigan Broadband Service,10,1,X,MI,882746a9b7fffff
260439501001095,10,1,16,4927802,530107,Michigan Broadband Service,10,1,X,MI,882746335dfffff
260439501001097,0,0,2,4927802,530107,Michigan Broadband Service,10,1,X,MI,882746334dfffff
260439501001101,0,0,1,4927802,530107,Michigan Broadband Service,10,1,X,MI,882746331bfffff
260439501001101,10,1,10,4927802,530107,Michigan Broadband Service,10,1,X,MI,8827463351fffff
260439501001101,25,3,4,4927802,530107,Michigan Broadband Service,10,1,X,MI,8827463353fffff
260439501001102,25,3,2,4927802,530107,Michigan Broadband Service,10,1,X,MI,8827463353fffff
260439501001103,10,1,1,4927802,530107,Michigan Broadband Service,10,1,X,MI,8827463225fffff
260439501001111,0,0,4,4927802,530107,Michigan Broadband Service,10,1,X,MI,882746ade1fffff
260439501001111,10,1,16,4927802,530107,Michigan Broadband Service,10,1,X,MI,882746adabfffff
260439501001111,25,3,18,4927802,530107,Michigan Broadband Service,10,1,X,MI,882746ad89fffff
260439501001112,0,0,6,4927802,530107,Michigan Broadband Service,10,1,X,MI,882746add1fffff
260439501001112,10,1,3,4927802,530107,Michigan Broadband Service,10,1,X,MI,882746add5fffff
260439501001112,25,3,2,4927802,530107,Michigan Broadband Service,10,1,X,MI,882746ad89fffff
260439501001114,25,3,1,4927802,530107,Michigan Broadband Service,10,1,X,MI,882746ad8dfffff
260439501001119,0,0,1,4927802,530107,Michigan Broadband Service,10,1,X,MI,882746ad9dfffff
260439501001119,10,1,6,4927802,530107,Michigan Broadband Service,10,1,X,MI,882746add5fffff
260439501001119,25,3,6,4927802,530107,Michigan Broadband Service,10,1,X,MI,882746ad89fffff
260439501001121,10,1,4,4927802,530107,Michigan Broadband Service,10,1,X,MI,882746add1fffff
260439501001122,0,0,37,4927802,530107,Michigan Broadband Service,10,1,X,MI,8827463143fffff
260439501001122,10,1,5,4927802,530107,Michigan Broadband Service,10,1,X,MI,8827463151fffff
260439501001122,25,3,9,4927802,530107,Michigan Broadband Service,10,1,X,MI,8827463157fffff
260439501001130,10,1,4,4927802,530107,Michigan Broadband Service,10,1,X,MI,8827463025fffff
260439501001130,25,3,5,4927802,530107,Michigan Broadband Service,10,1,X,MI,8827463153fffff
260439501001131,0,0,11,4927802,530107,Michigan Broadband Service,10,1,X,MI,882746300dfffff
260439501001131,10,1,11,4927802,530107,Michigan Broadband Service,10,1,X,MI,882746315bfffff
260439501001131,25,3,2,4927802,530107,Michigan Broadband Service,10,1,X,MI,8827463153fffff
260439501001132,0,0,4,4927802,530107,Michigan Broadband Service,10,1,X,MI,882746300dfffff
260439501001134,0,0,5,4927802,530107,Michigan Broadband Service,10,1,X,MI,882746300dfffff
260439501001135,0,0,3,4927802,530107,Michigan Broadband Service,10,1,X,MI,882746300dfffff
260439501001136,0,0,13,4927802,530107,Michigan Broadband Service,10,1,X,MI,8827463047fffff
260439501001136,10,1,2,4927802,530107,Michigan Broadband Service,10,1,X,MI,8827463051fffff
260439501001137,0,0,5,4927802,530107,Michigan Broadband Service,10,1,X,MI,8827463009fffff
260439501001137,10,1,2,4927802,530107,Michigan Broadband Service,10,1,X,MI,8827463051fffff
260439501001137,25,3,5,4927802,530107,Michigan Broadband Service,10,1,X,MI,8827463001fffff
260439501001138,0,0,6,4927802,530107,Michigan Broadband Service,10,1,X,MI,88274632e7fffff
260439501001138,10,1,3,4927802,530107,Michigan Broadband Service,10,1,X,MI,8827463057fffff
260439501001139,0,0,7,4927802,530107,Michigan Broadband Service,10,1,X,MI,882746302dfffff
260439501001139,10,1,2,4927802,530107,Michigan Broadband Service,10,1,X,MI,882746302dfffff
260439501001140,0,0,3,4927802,530107,Michigan Broadband Service,10,1,X,MI,8827463025fffff
260439501001140,10,1,3,4927802,530107,Michigan Broadband Service,10,1,X,MI,882746302dfffff
260439501001141,0,0,6,4927802,530107,Michigan Broadband Service,10,1,X,MI,8827463029fffff
260439501001141,10,1,1,4927802,530107,Michigan Broadband Service,10,1,X,MI,8827463005fffff
260439501001142,0,0,1,4927802,530107,Michigan Broadband Service,10,1,X,MI,8827463001fffff
260439501001142,25,3,1,4927802,530107,Michigan Broadband Service,10,1,X,MI,8827463001fffff
260439501001143,0,0,6,4927802,530107,Michigan Broadband Service,10,1,X,MI,8827463009fffff
260439501001144,0,0,3,4927802,530107,Michigan Broadband Service,10,1,X,MI,882746300dfffff
260439501001145,0,0,2,4927802,530107,Michigan Broadband Service,10,1,X,MI,882746300dfffff
260439501001146,0,0,5,4927802,530107,Michigan Broadband Service,10,1,X,MI,8827463291fffff
260439501001146,10,1,11,4927802,530107,Michigan Broadband Service,10,1,X,MI,8827463283fffff
260439501001146,25,3,16,4927802,530107,Michigan Broadband Service,10,1,X,MI,88274632b9fffff
260439501001147,10,1,9,4927802,530107,Michigan Broadband Service,10,1,X,MI,882746329bfffff
260439501001150,0,0,8,4927802,530107,Michigan Broadband Service,10,1,X,MI,882746ada1fffff
260439501001150,10,1,4,4927802,530107,Michigan Broadband Service,10,1,X,MI,882746ada5fffff
260439501001150,25,3,1,4927802,530107,Michigan Broadband Service,10,1,X,MI,882746ada7fffff
260439501001151,25,3,5,4927802,530107,Michigan Broadband Service,10,1,X,MI,882746a9d1fffff
260439501001152,0,0,5,4927802,530107,Michigan Broadband Service,10,1,X,MI,882746300dfffff
260439501001156,0,0,3,4927802,530107,Michigan Broadband Service,10,1,X,MI,88274632a1fffff
260439501001156,10,1,7,4927802,530107,Michigan Broadband Service,10,1,X,MI,88274632bdfffff
260439501001156,25,3,2,4927802,530107,Michigan Broadband Service,10,1,X,MI,88274632bbfffff
260439501001160,0,0,12,4927802,530107,Michigan Broadband Service,10,1,X,MI,882746adbbfffff
260439501001160,10,1,16,4927802,530107,Michigan Broadband Service,10,1,X,MI,882746adbdfffff
260439501001160,25,3,6,4927802,530107,Michigan Broadband Service,10,1,X,MI,8827463749fffff
260439502001000,25,3,2,4927802,530107,Michigan Broadband Service,10,1,X,MI,8827463001fffff
260439502001001,25,3,2,4927802,530107,Michigan Broadband Service,10,1,X,MI,8827463001fffff
260439502001002,0,0,12,4927802,530107,Michigan Broadband Service,10,1,X,MI,8827463025fffff
260439502001002,10,1,6,4927802,530107,Michigan Broadband Service,10,1,X,MI,882746301dfffff
260439502001002,25,3,5,4927802,530107,Michigan Broadband Service,10,1,X,MI,8827463003fffff
260439502001004,25,3,4,4927802,530107,Michigan Broadband Service,10,1,X,MI,882746300bfffff
260439502001005,25,3,1,4927802,530107,Michigan Broadband Service,10,1,X,MI,882746300bfffff
260439502001006,10,1,4,4927802,530107,Michigan Broadband Service,10,1,X,MI,882746311dfffff
260439502001006,25,3,2,4927802,530107,Michigan Broadband Service,10,1,X,MI,8827463119fffff
260439502001007,0,0,6,4927802,530107,Michigan Broadband Service,10,1,X,MI,8827463123fffff
260439502001007,10,1,6,4927802,530107,Michigan Broadband Service,10,1,X,MI,8827463115fffff
260439502001007,25,3,1,4927802,530107,Michigan Broadband Service,10,1,X,MI,882746311dfffff
260439502001009,0,0,14,4927802,530107,Michigan Broadband Service,10,1,X,MI,882746312bfffff
260439502001009,10,1,5,4927802,530107,Michigan Broadband Service,10,1,X,MI,8827463103fffff
260439502001009,25,3,2,4927802,530107,Michigan Broadband Service,10,1,X,MI,882746310bfffff
260439502001010,10,1,6,4927802,530107,Michigan Broadband Service,10,1,X,MI,8827463101fffff
260439502001010,25,3,4,4927802,530107,Michigan Broadband Service,10,1,X,MI,8827463157fffff
260439502001017,0,0,1,4927802,530107,Michigan Broadband Service,10,1,X,MI,882746303bfffff
260439502001018,0,0,1,4927802,530107,Michigan Broadband Service,10,1,X,MI,88274631d9fffff
260439502001021,0,0,5,4927802,530107,Michigan Broadband Service,10,1,X,MI,8827463123fffff
260439502001046,10,1,1,4927802,530107,Michigan Broadband Service,10,1,X,MI,8827463abbfffff
260439502001075,10,1,3,4927802,530107,Michigan Broadband Service,10,1,X,MI,8827463ab5fffff
260439502001087,10,1,2,4927802,530107,Michigan Broadband Service,10,1,X,MI,882746311dfffff
260439502001087,25,3,6,4927802,530107,Michigan Broadband Service,10,1,X,MI,8827463157fffff
260439502002004,0,0,1,4927802,530107,Michigan Broadband Service,10,1,X,MI,88274631a3fffff
260439502002005,0,0,3,4927802,530107,Michigan Broadband Service,10,1,X,MI,88274631a1fffff
260439502002014,0,0,1,4927802,530107,Michigan Broadband Service,10,1,X,MI,88274638ddfffff
260439502004000,0,0,3,4927802,530107,Michigan Broadband Service,10,1,X,MI,8827463605fffff
260439502004001,0,0,10,4927802,530107,Michigan Broadband Service,10,1,X,MI,8827463665fffff
260439502004001,10,1,6,4927802,530107,Michigan Broadband Service,10,1,X,MI,882746375dfffff
260439502004002,0,0,3,4927802,530107,Michigan Broadband Service,10,1,X,MI,8827463761fffff
260439502004002,10,1,7,4927802,530107,Michigan Broadband Service,10,1,X,MI,8827463769fffff
260439502004002,25,3,11,4927802,530107,Michigan Broadband Service,10,1,X,MI,8827463749fffff
260439502004003,25,3,3,4927802,530107,Michigan Broadband Service,10,1,X,MI,8827463749fffff
260439502004004,10,1,2,4927802,530107,Michigan Broadband Service,10,1,X,MI,8827463297fffff
260439502004004,25,3,1,4927802,530107,Michigan Broadband Service,10,1,X,MI,882746374dfffff
260439502004005,10,1,2,4927802,530107,Michigan Broadband Service,10,1,X,MI,882746374dfffff
260439502004005,25,3,3,4927802,530107,Michigan Broadband Service,10,1,X,MI,882746374dfffff
260439502004006,10,1,2,4927802,530107,Michigan Broadband Service,10,1,X,MI,8827463297fffff
260439502004006,25,3,1,4927802,530107,Michigan Broadband Service,10,1,X,MI,88274632bbfffff
260439502004007,25,3,3,4927802,530107,Michigan Broadband Service,10,1,X,MI,88274632b1fffff
260439502004008,0,0,2,4927802,530107,Michigan Broadband Service,10,1,X,MI,88274630c1fffff
260439502004008,10,1,8,4927802,530107,Michigan Broadband Service,10,1,X,MI,88274632bdfffff
260439502004008,25,3,4,4927802,530107,Michigan Broadband Service,10,1,X,MI,88274632b1fffff
260439502004009,10,1,1,4927802,530107,Michigan Broadband Service,10,1,X,MI,8827463057fffff
260439502004009,25,3,5,4927802,530107,Michigan Broadband Service,10,1,X,MI,882746300bfffff
260439502004010,10,1,3,4927802,530107,Michigan Broadband Service,10,1,X,MI,882746301dfffff
260439502004011,25,3,5,4927802,530107,Michigan Broadband Service,10,1,X,MI,8827463001fffff
260439502004012,25,3,3,4927802,530107,Michigan Broadband Service,10,1,X,MI,882746300bfffff
260439502004014,0,0,6,4927802,530107,Michigan Broadband Service,10,1,X,MI,88274630cbfffff
260439502004014,10,1,1,4927802,530107,Michigan Broadband Service,10,1,X,MI,88274632b1fffff
260439502004015,0,0,3,4927802,530107,Michigan Broadband Service,10,1,X,MI,88274630d1fffff
260439502004015,10,1,2,4927802,530107,Michigan Broadband Service,10,1,X,MI,88274632b7fffff
260439502004015,25,3,5,4927802,530107,Michigan Broadband Service,10,1,X,MI,88274632b3fffff
260439502004016,25,3,1,4927802,530107,Michigan Broadband Service,10,1,X,MI,88274632bbfffff
260439502004017,0,0,3,4927802,530107,Michigan Broadband Service,10,1,X,MI,8827463729fffff
260439502004017,10,1,14,4927802,530107,Michigan Broadband Service,10,1,X,MI,8827463769fffff
260439502004019,0,0,2,4927802,530107,Michigan Broadband Service,10,1,X,MI,88274630d9fffff
260439502004019,10,1,8,4927802,530107,Michigan Broadband Service,10,1,X,MI,88274632b7fffff
260439502004019,25,3,1,4927802,530107,Michigan Broadband Service,10,1,X,MI,88274632b3fffff
260439502004023,0,0,1,4927802,530107,Michigan Broadband Service,10,1,X,MI,88274630b9fffff
260439502004025,0,0,11,4927802,530107,Michigan Broadband Service,10,1,X,MI,88274631d1fffff
260439502004028,0,0,3,4927802,530107,Michigan Broadband Service,10,1,X,MI,88274630bdfffff
260439502004030,0,0,2,4927802,530107,Michigan Broadband Service,10,1,X,MI,88274630bbfffff
260439502004030,10,1,1,4927802,530107,Michigan Broadband Service,10,1,X,MI,8827463569fffff
260439502004030,25,3,4,4927802,530107,Michigan Broadband Service,10,1,X,MI,8827463545fffff
260439502004031,0,0,4,4927802,530107,Michigan Broadband Service,10,1,X,MI,88274630bbfffff
260439502004035,0,0,5,4927802,530107,Michigan Broadband Service,10,1,X,MI,882746356dfffff
260439502004035,10,1,3,4927802,530107,Michigan Broadband Service,10,1,X,MI,8827463093fffff
260439502004041,0,0,6,4927802,530107,Michigan Broadband Service,10,1,X,MI,882746372bfffff
260439502004045,0,0,2,4927802,530107,Michigan Broadband Service,10,1,X,MI,88274630a3fffff
260439502004045,10,1,2,4927802,530107,Michigan Broadband Service,10,1,X,MI,882746356dfffff
260439502004045,25,3,2,4927802,530107,Michigan Broadband Service,10,1,X,MI,8827463547fffff
260439502004047,0,0,4,4927802,530107,Michigan Broadband Service,10,1,X,MI,882746355bfffff
260439502004047,25,3,1,4927802,530107,Michigan Broadband Service,10,1,X,MI,8827463547fffff
260439502004052,0,0,2,4927802,530107,Michigan Broadband Service,10,1,X,MI,8827463555fffff
260439502004052,10,1,1,4927802,530107,Michigan Broadband Service,10,1,X,MI,8827463505fffff
260439502004060,0,0,7,4927802,530107,Michigan Broadband Service,10,1,X,MI,882746353dfffff
260439502004061,0,0,2,4927802,530107,Michigan Broadband Service,10,1,X,MI,8827463503fffff
260439502004068,0,0,2,4927802,530107,Michigan Broadband Service,10,1,X,MI,8827463503fffff
260439502004070,0,0,2,4927802,530107,Michigan Broadband Service,10,1,X,MI,8827463503fffff
260439502004072,0,0,1,4927802,530107,Michigan Broadband Service,10,1,X,MI,8827463517fffff
260439502004073,0,0,1,4927802,530107,Michigan Broadband Service,10,1,X,MI,8827463513fffff
260439502004074,0,0,2,4927802,530107,Michigan Broadband Service,10,1,X,MI,8827463511fffff
260439502004095,0,0,4,4927802,530107,Michigan Broadband Service,10,1,X,MI,88274631bbfffff
260539502003000,10,1,15,4927802,530107,Michigan Broadband Service,10,1,X,MI,88277365b7fffff
260539502003000,25,3,26,4927802,530107,Michigan Broadband Service,10,1,X,MI,8827559b5bfffff
260539502003002,25,3,8,4927802,530107,Michigan Broadband Service,10,1,X,MI,8827559b17fffff
260539502003003,10,1,20,4927802,530107,Michigan Broadband Service,10,1,X,MI,8827559b15fffff
260539502003003,25,3,17,4927802,530107,Michigan Broadband Service,10,1,X,MI,8827559b15fffff
260539502003004,10,1,38,4927802,530107,Michigan Broadband Service,10,1,X,MI,8827559847fffff
260539502003004,25,3,35,4927802,530107,Michigan Broadband Service,10,1,X,MI,8827559847fffff
260539502003005,10,1,10,4927802,530107,Michigan Broadband Service,10,1,X,MI,8827559b6bfffff
260539502003005,25,3,25,4927802,530107,Michigan Broadband Service,10,1,X,MI,8827559b6bfffff
260539502003006,25,3,3,4927802,530107,Michigan Broadband Service,10,1,X,MI,8827559b45fffff
260539502003007,25,3,2,4927802,530107,Michigan Broadband Service,10,1,X,MI,8827559b0dfffff
260539502003011,10,1,13,4927802,530107,Michigan Broadband Service,10,1,X,MI,8827559a35fffff
260539502003011,25,3,7,4927802,530107,Michigan Broadband Service,10,1,X,MI,8827559a29fffff
260539502003036,10,1,21,4927802,530107,Michigan Broadband Service,10,1,X,MI,882755d685fffff
260539502003042,0,0,1,4927802,530107,Michigan Broadband Service,10,1,X,MI,882755d6d3fffff
260539502003044,25,3,4,4927802,530107,Michigan Broadband Service,10,1,X,MI,8827559847fffff
260539502003046,10,1,1,4927802,530107,Michigan Broadband Service,10,1,X,MI,8827559b03fffff
260539502003046,25,3,3,4927802,530107,Michigan Broadband Service,10,1,X,MI,8827559b03fffff
260539502003047,10,1,2,4927802,530107,Michigan Broadband Service,10,1,X,MI,882755d68dfffff
260539502003048,0,0,2,4927802,530107,Michigan Broadband Service,10,1,X,MI,88275599c7fffff
260539502003048,25,3,1,4927802,530107,Michigan Broadband Service,10,1,X,MI,8827559835fffff
260539502003049,25,3,3,4927802,530107,Michigan Broadband Service,10,1,X,MI,8827559847fffff
260539502003129,10,1,20,4927802,530107,Michigan Broadband Service,10,1,X,MI,8827559851fffff
260539502003129,25,3,10,4927802,530107,Michigan Broadband Service,10,1,X,MI,8827559811fffff
260539508001018,0,0,1,4927802,530107,Michigan Broadband Service,10,1,X,MI,8827559893fffff
260539508001029,10,1,4,4927802,530107,Michigan Broadband Service,10,1,X,MI,882755d6b9fffff
260539508001029,25,3,2,4927802,530107,Michigan Broadband Service,10,1,X,MI,882755d6b9fffff
260539508001030,25,3,11,4927802,530107,Michigan Broadband Service,10,1,X,MI,882755d6b9fffff
260539508001031,0,0,3,4927802,530107,Michigan Broadband Service,10,1,X,MI,8827558b2dfffff
260539508001032,0,0,1,4927802,530107,Michigan Broadband Service,10,1,X,MI,882755d4d1fffff
260539508001033,10,1,3,4927802,530107,Michigan Broadband Service,10,1,X,MI,882755d6b1fffff
260539508001058,10,1,2,4927802,530107,Michigan Broadband Service,10,1,X,MI,8827558adbfffff
260539508001060,10,1,12,4927802,530107,Michigan Broadband Service,10,1,X,MI,8827558adbfffff
260539508001060,25,3,1,4927802,530107,Michigan Broadband Service,10,1,X,MI,8827558ad3fffff
260539508001062,25,3,1,4927802,530107,Michigan Broadband Service,10,1,X,MI,8827558f2dfffff
260539508001072,0,0,9,4927802,530107,Michigan Broadband Service,10,1,X,MI,88275581a5fffff
260539508001081,0,0,15,4927802,530107,Michigan Broadband Service,10,1,X,MI,88275589c5fffff
260539508001083,0,0,21,4927802,530107,Michigan Broadband Service,10,1,X,MI,8827558933fffff
260539508001083,10,1,19,4927802,530107,Michigan Broadband Service,10,1,X,MI,8827558933fffff
260539508001084,25,3,4,4927802,530107,Michigan Broadband Service,10,1,X,MI,8827558945fffff
260539508001108,0,0,2,4927802,530107,Michigan Broadband Service,10,1,X,MI,8827558463fffff
260539508001108,10,1,2,4927802,530107,Michigan Broadband Service,10,1,X,MI,88275585d9fffff
260539508001108,25,3,16,4927802,530107,Michigan Broadband Service,10,1,X,MI,88275584e5fffff
260539508001126,10,1,6,4927802,530107,Michigan Broadband Service,10,1,X,MI,8827558e2bfffff
260539508001126,25,3,31,4927802,530107,Michigan Broadband Service,10,1,X,MI,8827558e39fffff
260539508001127,25,3,3,4927802,530107,Michigan Broadband Service,10,1,X,MI,8827558e39fffff
260539508001130,0,0,8,4927802,530107,Michigan Broadband Service,10,1,X,MI,8827558407fffff
260539508001130,10,1,25,4927802,530107,Michigan Broadband Service,10,1,X,MI,8827558409fffff
260539508001130,25,3,24,4927802,530107,Michigan Broadband Service,10,1,X,MI,882755840bfffff
260539508001131,10,1,1,4927802,530107,Michigan Broadband Service,10,1,X,MI,8827558447fffff
260539508001131,25,3,1,4927802,530107,Michigan Broadband Service,10,1,X,MI,8827558403fffff
260539508001132,25,3,1,4927802,530107,Michigan Broadband Service,10,1,X,MI,882755841dfffff
260539508001133,25,3,13,4927802,530107,Michigan Broadband Service,10,1,X,MI,88275584e5fffff
260539508001134,10,1,1,4927802,530107,Michigan Broadband Service,10,1,X,MI,88275584edfffff
260539508001135,0,0,2,4927802,530107,Michigan Broadband Service,10,1,X,MI,8827558413fffff
260539508001135,10,1,3,4927802,530107,Michigan Broadband Service,10,1,X,MI,8827558413fffff
260539508001135,25,3,1,4927802,530107,Michigan Broadband Service,10,1,X,MI,8827558415fffff
260539508001137,0,0,2,4927802,530107,Michigan Broadband Service,10,1,X,MI,8827558633fffff
260539508001138,10,1,40,4927802,530107,Michigan Broadband Service,10,1,X,MI,88275584edfffff
260539508001138,25,3,8,4927802,530107,Michigan Broadband Service,10,1,X,MI,88275584e1fffff
260539508001139,0,0,7,4927802,530107,Michigan Broadband Service,10,1,X,MI,8827558413fffff
260539508001139,10,1,6,4927802,530107,Michigan Broadband Service,10,1,X,MI,8827558413fffff
260539508001145,0,0,2,4927802,530107,Michigan Broadband Service,10,1,X,MI,88275584e1fffff
260539508001145,10,1,7,4927802,530107,Michigan Broadband Service,10,1,X,MI,88275584e9fffff
260539508001145,25,3,5,4927802,530107,Michigan Broadband Service,10,1,X,MI,88275584e1fffff
260539508001148,25,3,7,4927802,530107,Michigan Broadband Service,10,1,X,MI,882755d6b9fffff
260539508001149,25,3,10,4927802,530107,Michigan Broadband Service,10,1,X,MI,882755d6b9fffff
260539508001150,25,3,9,4927802,530107,Michigan Broadband Service,10,1,X,MI,882755d6b9fffff
260539508002007,10,1,1,4927802,530107,Michigan Broadband Service,10,1,X,MI,88277365b7fffff
260539508002007,25,3,1,4927802,530107,Michigan Broadband Service,10,1,X,MI,8827559b59fffff
260539508002010,10,1,1,4927802,530107,Michigan Broadband Service,10,1,X,MI,8827559a35fffff
260539508002010,25,3,1,4927802,530107,Michigan Broadband Service,10,1,X,MI,8827559a35fffff
260539508002011,10,1,2,4927802,530107,Michigan Broadband Service,10,1,X,MI,8827559a2bfffff
260539508002012,0,0,1,4927802,530107,Michigan Broadband Service,10,1,X,MI,8827559893fffff
260539508002025,10,1,2,4927802,530107,Michigan Broadband Service,10,1,X,MI,8827559817fffff
260539508002026,25,3,4,4927802,530107,Michigan Broadband Service,10,1,X,MI,8827559831fffff
260539508002134,10,1,7,4927802,530107,Michigan Broadband Service,10,1,X,MI,8827558689fffff
260539508002134,25,3,2,4927802,530107,Michigan Broadband Service,10,1,X,MI,88275584c9fffff
260539508002136,0,0,1,4927802,530107,Michigan Broadband Service,10,1,X,MI,882755868dfffff
260539508002136,10,1,21,4927802,530107,Michigan Broadband Service,10,1,X,MI,8827558689fffff
260539508002136,25,3,6,4927802,530107,Michigan Broadband Service,10,1,X,MI,8827558681fffff
260539508002145,25,3,1,4927802,530107,Michigan Broadband Service,10,1,X,MI,882755b309fffff
260539508002146,25,3,1,4927802,530107,Michigan Broadband Service,10,1,X,MI,882755b343fffff
260539508002148,0,0,1,4927802,530107,Michigan Broadband Service,10,1,X,MI,882755b32dfffff
260539508002148,10,1,12,4927802,530107,Michigan Broadband Service,10,1,X,MI,88275584dbfffff
260539508002148,25,3,19,4927802,530107,Michigan Broadband Service,10,1,X,MI,882755b361fffff
260539508002149,25,3,1,4927802,530107,Michigan Broadband Service,10,1,X,MI,882755b309fffff
260539508002150,0,0,10,4927802,530107,Michigan Broadband Service,10,1,X,MI,88275584d1fffff
260539508002150,10,1,30,4927802,530107,Michigan Broadband Service,10,1,X,MI,88275584ddfffff
260539508002150,25,3,10,4927802,530107,Michigan Broadband Service,10,1,X,MI,882755b365fffff
260539508002151,0,0,5,4927802,530107,Michigan Broadband Service,10,1,X,MI,88275584e1fffff
260539508002151,10,1,1,4927802,530107,Michigan Broadband Service,10,1,X,MI,88275584c5fffff
260539508002152,0,0,1,4927802,530107,Michigan Broadband Service,10,1,X,MI,8827558413fffff
260539508002152,10,1,3,4927802,530107,Michigan Broadband Service,10,1,X,MI,88275584c5fffff
260539508002158,10,1,11,4927802,530107,Michigan Broadband Service,10,1,X,MI,882755b357fffff
260539508002160,10,1,2,4927802,530107,Michigan Broadband Service,10,1,X,MI,882755b30bfffff
260539508002162,0,0,9,4927802,530107,Michigan Broadband Service,10,1,X,MI,882755848dfffff
260539508002162,10,1,29,4927802,530107,Michigan Broadband Service,10,1,X,MI,8827558489fffff
260539508002169,0,0,2,4927802,530107,Michigan Broadband Service,10,1,X,MI,8827559895fffff
260539508002170,0,0,6,4927802,530107,Michigan Broadband Service,10,1,X,MI,882755b237fffff
260539508003000,0,0,1,4927802,530107,Michigan Broadband Service,10,1,X,MI,882755d6d3fffff
260539508003000,10,1,1,4927802,530107,Michigan Broadband Service,10,1,X,MI,882755d69dfffff
260539508003001,25,3,11,4927802,530107,Michigan Broadband Service,10,1,X,MI,882755d687fffff
260539508003002,25,3,7,4927802,530107,Michigan Broadband Service,10,1,X,MI,882755d6b9fffff
260539508003003,25,3,10,4927802,530107,Michigan Broadband Service,10,1,X,MI,882755d687fffff
260539508003004,25,3,7,4927802,530107,Michigan Broadband Service,10,1,X,MI,882755d681fffff
260539508003005,25,3,1,4927802,530107,Michigan Broadband Service,10,1,X,MI,882755d681fffff
260539508003006,10,1,4,4927802,530107,Michigan Broadband Service,10,1,X,MI,882755d6b1fffff
260539508003006,25,3,33,4927802,530107,Michigan Broadband Service,10,1,X,MI,882755d687fffff
260539508003007,25,3,18,4927802,530107,Michigan Broadband Service,10,1,X,MI,882755d687fffff
260539508003008,25,3,4,4927802,530107,Michigan Broadband Service,10,1,X,MI,882755d687fffff
260539508003009,25,3,2,4927802,530107,Michigan Broadband Service,10,1,X,MI,882755d687fffff
260539508003010,10,1,2,4927802,530107,Michigan Broadband Service,10,1,X,MI,882755d685fffff
260539508003011,0,0,1,4927802,530107,Michigan Broadband Service,10,1,X,MI,882755d411fffff
260539508003094,10,1,1,4927802,530107,Michigan Broadband Service,10,1,X,MI,882755c2b3fffff
260539508003099,0,0,2,4927802,530107,Michigan Broadband Service,10,1,X,MI,882755c2bbfffff
260539508003099,10,1,13,4927802,530107,Michigan Broadband Service,10,1,X,MI,882755c0dbfffff
260539508003099,25,3,4,4927802,530107,Michigan Broadband Service,10,1,X,MI,882755c0d3fffff
260539508003101,0,0,10,4927802,530107,Michigan Broadband Service,10,1,X,MI,882755c76dfffff
260539508003101,10,1,22,4927802,530107,Michigan Broadband Service,10,1,X,MI,882755c0dbfffff
260539508003101,25,3,1,4927802,530107,Michigan Broadband Service,10,1,X,MI,882755c0dbfffff
260539508003111,0,0,6,4927802,530107,Michigan Broadband Service,10,1,X,MI,882755d4e5fffff
260539508003115,0,0,1,4927802,530107,Michigan Broadband Service,10,1,X,MI,882755d439fffff
260539508003120,0,0,2,4927802,530107,Michigan Broadband Service,10,1,X,MI,882755d4d7fffff
260539508003120,10,1,1,4927802,530107,Michigan Broadband Service,10,1,X,MI,882755d497fffff
260539508003123,0,0,2,4927802,530107,Michigan Broadband Service,10,1,X,MI,882755d4d1fffff
260539508003132,25,3,1,4927802,530107,Michigan Broadband Service,10,1,X,MI,882755c0d3fffff
260539508003135,25,3,8,4927802,530107,Michigan Broadband Service,10,1,X,MI,882755d687fffff
260539508003136,25,3,8,4927802,530107,Michigan Broadband Service,10,1,X,MI,882755d687fffff
260539508003137,25,3,17,4927802,530107,Michigan Broadband Service,10,1,X,MI,882755d687fffff
260539508003138,25,3,8,4927802,530107,Michigan Broadband Service,10,1,X,MI,882755d6b9fffff
260539508003139,25,3,5,4927802,530107,Michigan Broadband Service,10,1,X,MI,882755d687fffff
260539508003140,25,3,7,4927802,530107,Michigan Broadband Service,10,1,X,MI,882755d687fffff
260539508003141,25,3,8,4927802,530107,Michigan Broadband Service,10,1,X,MI,882755d6b9fffff
260539508003142,25,3,3,4927802,530107,Michigan Broadband Service,10,1,X,MI,882755d6b9fffff
260610007001020,10,1,2,4927802,530107,Michigan Broadband Service,10,1,X,MI,882773aa59fffff
260610007001025,0,0,1,4927802,530107,Michigan Broadband Service,10,1,X,MI,882773a143fffff
260610007001025,10,1,3,4927802,530107,Michigan Broadband Service,10,1,X,MI,882773a109fffff
260610007001025,25,3,15,4927802,530107,Michigan Broadband Service,10,1,X,MI,882773a101fffff
260610007001026,25,3,8,4927802,530107,Michigan Broadband Service,10,1,X,MI,882773a101fffff
260610007001027,10,1,3,4927802,530107,Michigan Broadband Service,10,1,X,MI,882773a109fffff
260610007001027,25,3,2,4927802,530107,Michigan Broadband Service,10,1,X,MI,882773a109fffff
260610007003003,0,0,1,4927802,530107,Michigan Broadband Service,10,1,X,MI,882773b8a5fffff
260610007003004,0,0,5,4927802,530107,Michigan Broadband Service,10,1,X,MI,882773b997fffff
260610007003004,10,1,2,4927802,530107,Michigan Broadband Service,10,1,X,MI,882773aa69fffff
260610007003005,10,1,4,4927802,530107,Michigan Broadband Service,10,1,X,MI,882773b8a7fffff
260610007003005,25,3,2,4927802,530107,Michigan Broadband Service,10,1,X,MI,882773aa4bfffff
260610007003006,10,1,3,4927802,530107,Michigan Broadband Service,10,1,X,MI,882773b8b7fffff
260610007003006,25,3,9,4927802,530107,Michigan Broadband Service,10,1,X,MI,882773aa49fffff
260610007003011,0,0,1,4927802,530107,Michigan Broadband Service,10,1,X,MI,882773ab59fffff
260610007003011,10,1,5,4927802,530107,Michigan Broadband Service,10,1,X,MI,882773aa63fffff
260610007003011,25,3,3,4927802,530107,Michigan Broadband Service,10,1,X,MI,882773aa63fffff
260610007003012,0,0,6,4927802,530107,Michigan Broadband Service,10,1,X,MI,882773b9b7fffff
260610007003012,10,1,1,4927802,530107,Michigan Broadband Service,10,1,X,MI,882773ab5bfffff
260610007003013,0,0,3,4927802,530107,Michigan Broadband Service,10,1,X,MI,882773b9b5fffff
260610007003015,10,1,6,4927802,530107,Michigan Broadband Service,10,1,X,MI,882773ab53fffff
260610007003016,25,3,1,4927802,530107,Michigan Broadband Service,10,1,X,MI,882773aa2dfffff
260610007003017,10,1,5,4927802,530107,Michigan Broadband Service,10,1,X,MI,882773aa0dfffff
260610007003017,25,3,3,4927802,530107,Michigan Broadband Service,10,1,X,MI,882773aa63fffff
260610007003018,10,1,8,4927802,530107,Michigan Broadband Service,10,1,X,MI,882773aa0dfffff
260610007003021,0,0,2,4927802,530107,Michigan Broadband Service,10,1,X,MI,882773a137fffff
260610007003021,10,1,1,4927802,530107,Michigan Broadband Service,10,1,X,MI,882773aa9dfffff
260610007003021,25,3,1,4927802,530107,Michigan Broadband Service,10,1,X,MI,882773aa9dfffff
260610007003022,10,1,1,4927802,530107,Michigan Broadband Service,10,1,X,MI,882773a10dfffff
260610007003022,25,3,10,4927802,530107,Michigan Broadband Service,10,1,X,MI,882773a101fffff
260610007003025,25,3,4,4927802,530107,Michigan Broadband Service,10,1,X,MI,882773a101fffff
260610007003037,10,1,1,4927802,530107,Michigan Broadband Service,10,1,X,MI,882773a1e5fffff
260610007003041,10,1,2,4927802,530107,Michigan Broadband Service,10,1,X,MI,882773a1e5fffff
260610007003041,25,3,3,4927802,530107,Michigan Broadband Service,10,1,X,MI,882773aad3fffff
260610007003042,25,3,1,4927802,530107,Michigan Broadband Service,10,1,X,MI,882773aa99fffff
260610007003043,25,3,2,4927802,530107,Michigan Broadband Service,10,1,X,MI,882773aa99fffff
260610007003049,25,3,5,4927802,530107,Michigan Broadband Service,10,1,X,MI,882773aa99fffff
260610007003055,10,1,2,4927802,530107,Michigan Broadband Service,10,1,X,MI,882773a8b9fffff
260610007003056,10,1,2,4927802,530107,Michigan Broadband Service,10,1,X,MI,882773a89dfffff
260610007003056,25,3,2,4927802,530107,Michigan Broadband Service,10,1,X,MI,882773a8d1fffff
260610007003057,10,1,8,4927802,530107,Michigan Broadband Service,10,1,X,MI,882773a899fffff
260610007003058,10,1,11,4927802,530107,Michigan Broadband Service,10,1,X,MI,882773a899fffff
260610007003058,25,3,43,4927802,530107,Michigan Broadband Service,10,1,X,MI,882773a8dbfffff
260610007003059,10,1,55,4927802,530107,Michigan Broadband Service,10,1,X,MI,882773a899fffff
260610007003059,25,3,27,4927802,530107,Michigan Broadband Service,10,1,X,MI,882773a891fffff
260610007003060,10,1,3,4927802,530107,Michigan Broadband Service,10,1,X,MI,882773a899fffff
260610007003061,10,1,2,4927802,530107,Michigan Broadband Service,10,1,X,MI,882773af25fffff
260610007003093,10,1,24,4927802,530107,Michigan Broadband Service,10,1,X,MI,882773a899fffff
260610007003093,25,3,9,4927802,530107,Michigan Broadband Service,10,1,X,MI,882773a891fffff
260610007003094,10,1,13,4927802,530107,Michigan Broadband Service,10,1,X,MI,882773a89dfffff
260610007003095,25,3,5,4927802,530107,Michigan Broadband Service,10,1,X,MI,882773a895fffff
260610007003098,0,0,4,4927802,530107,Michigan Broadband Service,10,1,X,MI,8827733247fffff
260610007003098,10,1,2,4927802,530107,Michigan Broadband Service,10,1,X,MI,882773324bfffff
260610007003099,10,1,1,4927802,530107,Michigan Broadband Service,10,1,X,MI,882773324bfffff
260610007003100,10,1,1,4927802,530107,Michigan Broadband Service,10,1,X,MI,8827733241fffff
260610007003101,10,1,2,4927802,530107,Michigan Broadband Service,10,1,X,MI,882773a8bbfffff
260610007003101,25,3,1,4927802,530107,Michigan Broadband Service,10,1,X,MI,882773a897fffff
260610007003102,10,1,2,4927802,530107,Michigan Broadband Service,10,1,X,MI,882773a8bbfffff
260610007003102,25,3,1,4927802,530107,Michigan Broadband Service,10,1,X,MI,882773a8bbfffff
260610007003103,10,1,2,4927802,530107,Michigan Broadband Service,10,1,X,MI,882773a8b9fffff
260610010003029,25,3,2,4927802,530107,Michigan Broadband Service,10,1,X,MI,882773ad29fffff
260610010003030,25,3,6,4927802,530107,Michigan Broadband Service,10,1,X,MI,882773a8b7fffff
260610010003034,10,1,7,4927802,530107,Michigan Broadband Service,10,1,X,MI,882773ad29fffff
260610010003034,25,3,15,4927802,530107,Michigan Broadband Service,10,1,X,MI,882773ad29fffff
260610010003037,10,1,1,4927802,530107,Michigan Broadband Service,10,1,X,MI,8827733255fffff
260710001001045,10,1,3,4927802,530107,Michigan Broadband Service,10,1,X,MI,8827460229fffff
260710001001046,10,1,1,4927802,530107,Michigan Broadband Service,10,1,X,MI,8827460205fffff
260710001001068,10,1,2,4927802,530107,Michigan Broadband Service,10,1,X,MI,8827460351fffff
260710001001071,10,1,1,4927802,530107,Michigan Broadband Service,10,1,X,MI,8827460353fffff
260710001001080,10,1,5,4927802,530107,Michigan Broadband Service,10,1,X,MI,8827460225fffff
260710001001081,10,1,2,4927802,530107,Michigan Broadband Service,10,1,X,MI,8827460229fffff
260710001001083,0,0,2,4927802,530107,Michigan Broadband Service,10,1,X,MI,882746023dfffff
260710002002047,10,1,1,4927802,530107,Michigan Broadband Service,10,1,X,MI,8827464d23fffff
260710002002049,10,1,2,4927802,530107,Michigan Broadband Service,10,1,X,MI,8827464d3dfffff
260710002002050,25,3,16,4927802,530107,Michigan Broadband Service,10,1,X,MI,882755b2d1fffff
260710002002052,25,3,3,4927802,530107,Michigan Broadband Service,10,1,X,MI,882755b2ddfffff
260710002002053,25,3,1,4927802,530107,Michigan Broadband Service,10,1,X,MI,882755b2ddfffff
260710002002056,25,3,3,4927802,530107,Michigan Broadband Service,10,1,X,MI,882755b2d3fffff
260710002002058,25,3,1,4927802,530107,Michigan Broadband Service,10,1,X,MI,882755b2d3fffff
260799504001012,0,0,2,21672852,160127,Michigan Broadband Service,10,1,X,MI,88276a7b11fffff
260799504001013,10,1,7,21672852,160127,Michigan Broadband Service,10,1,X,MI,88276a7b17fffff
260799504001014,0,0,14,21672852,160127,Michigan Broadband Service,10,1,X,MI,88276a7b11fffff
260799504001034,10,1,4,21672852,160127,Michigan Broadband Service,10,1,X,MI,88276a784dfffff
260799504001037,10,1,6,21672852,160127,Michigan Broadband Service,10,1,X,MI,88276a784dfffff
260799504001037,25,3,1,21672852,160127,Michigan Broadband Service,10,1,X,MI,88276a784dfffff
260799504001041,10,1,8,21672852,160127,Michigan Broadband Service,10,1,X,MI,88276a7b3bfffff
260799504001041,25,3,5,21672852,160127,Michigan Broadband Service,10,1,X,MI,88276a7b37fffff
260799504001042,10,1,2,21672852,160127,Michigan Broadband Service,10,1,X,MI,88276a7941fffff
260799504001042,25,3,1,21672852,160127,Michigan Broadband Service,10,1,X,MI,88276a7b35fffff
260799504001047,10,1,1,21672852,160127,Michigan Broadband Service,10,1,X,MI,88276a7b17fffff
260799506022040,0,0,5,21672852,160127,Michigan Broadband Service,10,1,X,MI,88276a45b3fffff
260799506022043,0,0,4,21672852,160127,Michigan Broadband Service,10,1,X,MI,88276a45b3fffff
260799506022106,0,0,3,21672852,160127,Michigan Broadband Service,10,1,X,MI,88276a7b27fffff
260799506022107,0,0,8,21672852,160127,Michigan Broadband Service,10,1,X,MI,88276a7b27fffff
260979502001001,0,0,5,4927802,530107,Michigan Broadband Service,10,1,X,MI,8827636413fffff
260979502001020,10,1,8,4927802,530107,Michigan Broadband Service,10,1,X,MI,88276365a5fffff
260979502001028,0,0,8,4927802,530107,Michigan Broadband Service,10,1,X,MI,8827636cc9fffff
260979502001030,0,0,10,4927802,530107,Michigan Broadband Service,10,1,X,MI,8827636ce7fffff
260979502001032,0,0,1,4927802,530107,Michigan Broadband Service,10,1,X,MI,8827636ce7fffff
260979502001060,0,0,3,4927802,530107,Michigan Broadband Service,10,1,X,MI,8827636cc1fffff
260979502001061,0,0,9,4927802,530107,Michigan Broadband Service,10,1,X,MI,8827636ccbfffff
260979502001062,0,0,1,4927802,530107,Michigan Broadband Service,10,1,X,MI,8827636eb1fffff
260979502001063,0,0,9,4927802,530107,Michigan Broadband Service,10,1,X,MI,8827636ebbfffff
260979502001065,0,0,2,4927802,530107,Michigan Broadband Service,10,1,X,MI,8827636ccbfffff
260979502001066,0,0,10,4927802,530107,Michigan Broadband Service,10,1,X,MI,8827636eb5fffff
260979502001067,0,0,2,4927802,530107,Michigan Broadband Service,10,1,X,MI,8827636eb1fffff
260979502001068,0,0,16,4927802,530107,Michigan Broadband Service,10,1,X,MI,8827636ebbfffff
260979502001069,10,1,7,4927802,530107,Michigan Broadband Service,10,1,X,MI,8827636e93fffff
260979502001072,10,1,5,4927802,530107,Michigan Broadband Service,10,1,X,MI,88276365a1fffff
260979502001077,0,0,1,4927802,530107,Michigan Broadband Service,10,1,X,MI,8827636587fffff
260979502001077,10,1,5,4927802,530107,Michigan Broadband Service,10,1,X,MI,88276365abfffff
260979502001078,10,1,5,4927802,530107,Michigan Broadband Service,10,1,X,MI,88276365abfffff
260979502001079,10,1,1,4927802,530107,Michigan Broadband Service,10,1,X,MI,88276365abfffff
260979502001083,0,0,1,4927802,530107,Michigan Broadband Service,10,1,X,MI,8827636433fffff
260979502001088,0,0,5,4927802,530107,Michigan Broadband Service,10,1,X,MI,88276365d7fffff
260979502001089,0,0,8,4927802,530107,Michigan Broadband Service,10,1,X,MI,882763659dfffff
260979502001090,0,0,8,4927802,530107,Michigan Broadband Service,10,1,X,MI,8827636599fffff
260979502001090,10,1,2,4927802,530107,Michigan Broadband Service,10,1,X,MI,8827636587fffff
260979502001093,10,1,6,4927802,530107,Michigan Broadband Service,10,1,X,MI,88276365abfffff
260979502001094,10,1,5,4927802,530107,Michigan Broadband Service,10,1,X,MI,88276365a3fffff
260979502001095,10,1,19,4927802,530107,Michigan Broadband Service,10,1,X,MI,88276365a3fffff
260979502001096,10,1,14,4927802,530107,Michigan Broadband Service,10,1,X,MI,88276365a3fffff
260979502001098,10,1,6,4927802,530107,Michigan Broadband Service,10,1,X,MI,8827636e93fffff
260979502001101,0,0,24,4927802,530107,Michigan Broadband Service,10,1,X,MI,8827459a45fffff
260979502001101,10,1,2,4927802,530107,Michigan Broadband Service,10,1,X,MI,88276365b5fffff
260979502001103,0,0,1,4927802,530107,Michigan Broadband Service,10,1,X,MI,8827459a45fffff
260979502001105,0,0,8,4927802,530107,Michigan Broadband Service,10,1,X,MI,8827636eb1fffff
260979502001127,0,0,4,4927802,530107,Michigan Broadband Service,10,1,X,MI,8827459a0bfffff
260979502001128,0,0,17,4927802,530107,Michigan Broadband Service,10,1,X,MI,882763659bfffff
260979502001232,0,0,4,4927802,530107,Michigan Broadband Service,10,1,X,MI,8827636ce7fffff
261030022001064,10,1,45,4927802,530107,Michigan Broadband Service,10,1,X,MI,882746b94dfffff
261030022001066,10,1,1,4927802,530107,Michigan Broadband Service,10,1,X,MI,882746b94dfffff
261030022001067,10,1,1,4927802,530107,Michigan Broadband Service,10,1,X,MI,882746b949fffff
261030022001073,10,1,4,4927802,530107,Michigan Broadband Service,10,1,X,MI,882746b943fffff
261030022001076,10,1,3,4927802,530107,Michigan Broadband Service,10,1,X,MI,882746b941fffff
261030022001081,0,0,8,4927802,530107,Michigan Broadband Service,10,1,X,MI,882746b95dfffff
261030022001081,10,1,13,4927802,530107,Michigan Broadband Service,10,1,X,MI,882746b943fffff
261030022001094,10,1,3,4927802,530107,Michigan Broadband Service,10,1,X,MI,882746b94dfffff
261030026002019,10,1,7,4927802,530107,Michigan Broadband Service,10,1,X,MI,882746baa1fffff
261030026002020,10,1,1,4927802,530107,Michigan Broadband Service,10,1,X,MI,882746baa3fffff
261030026002047,0,0,2,4927802,530107,Michigan Broadband Service,10,1,X,MI,882746a239fffff
261030026002047,10,1,11,4927802,530107,Michigan Broadband Service,10,1,X,MI,882746a241fffff
261030026002048,10,1,11,4927802,530107,Michigan Broadband Service,10,1,X,MI,882746a243fffff
261030026002050,0,0,1,4927802,530107,Michigan Broadband Service,10,1,X,MI,882746a239fffff
261030026002050,10,1,7,4927802,530107,Michigan Broadband Service,10,1,X,MI,882746a247fffff
261030026002051,0,0,1,4927802,530107,Michigan Broadband Service,10,1,X,MI,882746a26bfffff
261030026002071,10,1,4,4927802,530107,Michigan Broadband Service,10,1,X,MI,882746bab7fffff
261030026002072,10,1,4,4927802,530107,Michigan Broadband Service,10,1,X,MI,882746bab7fffff
261030026002073,10,1,26,4927802,530107,Michigan Broadband Service,10,1,X,MI,882746bab7fffff
261030026003055,0,0,3,4927802,530107,Michigan Broadband Service,10,1,X,MI,882746a2b1fffff
261030026003063,0,0,1,4927802,530107,Michigan Broadband Service,10,1,X,MI,882746a467fffff
261030026003063,10,1,3,4927802,530107,Michigan Broadband Service,10,1,X,MI,882746a437fffff
261030026003070,10,1,3,4927802,530107,Michigan Broadband Service,10,1,X,MI,882746a5cbfffff
261030026003074,10,1,20,4927802,530107,Michigan Broadband Service,10,1,X,MI,882746a53dfffff
261030026003075,0,0,1,4927802,530107,Michigan Broadband Service,10,1,X,MI,882746a58dfffff
261030026003080,0,0,3,4927802,530107,Michigan Broadband Service,10,1,X,MI,882746a5d9fffff
261030026003080,10,1,8,4927802,530107,Michigan Broadband Service,10,1,X,MI,882746a5d7fffff
261030026003081,10,1,3,4927802,530107,Michigan Broadband Service,10,1,X,MI,882746a5d5fffff
261030026003084,0,0,2,4927802,530107,Michigan Broadband Service,10,1,X,MI,882746a5e1fffff
261030026003084,10,1,13,4927802,530107,Michigan Broadband Service,10,1,X,MI,882746a5e1fffff
261030026003085,10,1,4,4927802,530107,Michigan Broadband Service,10,1,X,MI,882746a535fffff
261030026003086,10,1,1,4927802,530107,Michigan Broadband Service,10,1,X,MI,882746ae1bfffff
261030026003088,0,0,1,4927802,530107,Michigan Broadband Service,10,1,X,MI,882746af19fffff
261030026003088,10,1,3,4927802,530107,Michigan Broadband Service,10,1,X,MI,882746ae35fffff
261030026003090,10,1,2,4927802,530107,Michigan Broadband Service,10,1,X,MI,882746ae3bfffff
261030026003091,0,0,4,4927802,530107,Michigan Broadband Service,10,1,X,MI,882746ae25fffff
261030026003092,0,0,7,4927802,530107,Michigan Broadband Service,10,1,X,MI,882746ae25fffff
261030026003096,0,0,2,4927802,530107,Michigan Broadband Service,10,1,X,MI,882746af5bfffff
261030026003097,0,0,34,4927802,530107,Michigan Broadband Service,10,1,X,MI,882746ae25fffff
261030026003097,10,1,19,4927802,530107,Michigan Broadband Service,10,1,X,MI,882746ae15fffff
261030026003099,0,0,2,4927802,530107,Michigan Broadband Service,10,1,X,MI,882746a2b7fffff
261030026003101,0,0,4,4927802,530107,Michigan Broadband Service,10,1,X,MI,882746a2bdfffff
261030026003105,10,1,1,4927802,530107,Michigan Broadband Service,10,1,X,MI,882746ae23fffff
261030026003110,0,0,2,4927802,530107,Michigan Broadband Service,10,1,X,MI,882746a527fffff
261030026003110,10,1,5,4927802,530107,Michigan Broadband Service,10,1,X,MI,882746aec9fffff
261030026003111,10,1,2,4927802,530107,Michigan Broadband Service,10,1,X,MI,882746a563fffff
261030026003112,10,1,11,4927802,530107,Michigan Broadband Service,10,1,X,MI,882746a523fffff
261030026003114,10,1,1,4927802,530107,Michigan Broadband Service,10,1,X,MI,882746ae15fffff
261030026003129,10,1,6,4927802,530107,Michigan Broadband Service,10,1,X,MI,882746a533fffff
261030026003131,10,1,1,4927802,530107,Michigan Broadband Service,10,1,X,MI,882746a4a5fffff
261030026003132,10,1,3,4927802,530107,Michigan Broadband Service,10,1,X,MI,882746a583fffff
261030026003133,10,1,11,4927802,530107,Michigan Broadband Service,10,1,X,MI,882746a5bdfffff
261030026003134,10,1,1,4927802,530107,Michigan Broadband Service,10,1,X,MI,882746a4a3fffff
261030026003138,10,1,6,4927802,530107,Michigan Broadband Service,10,1,X,MI,882746a5a7fffff
261030026003139,10,1,11,4927802,530107,Michigan Broadband Service,10,1,X,MI,882746a5a3fffff
261079610021088,0,0,3,21672852,160127,Michigan Broadband Service,10,1,X,MI,88274c6143fffff
261079610021090,0,0,4,21672852,160127,Michigan Broadband Service,10,1,X,MI,88274c6167fffff
261099601001014,0,0,4,4927802,530107,Michigan Broadband Service,10,1,X,MI,8827463643fffff
261099601001016,0,0,3,4927802,530107,Michigan Broadband Service,10,1,X,MI,882740d92dfffff
261099601001020,0,0,4,4927802,530107,Michigan Broadband Service,10,1,X,MI,882740d823fffff
261099601001020,10,1,8,4927802,530107,Michigan Broadband Service,10,1,X,MI,882740d817fffff
261099601001020,25,3,1,4927802,530107,Michigan Broadband Service,10,1,X,MI,882740d8e1fffff
261099601001021,0,0,1,4927802,530107,Michigan Broadband Service,10,1,X,MI,882740d835fffff
261099601001022,0,0,3,4927802,530107,Michigan Broadband Service,10,1,X,MI,882740d817fffff
261099601001022,10,1,1,4927802,530107,Michigan Broadband Service,10,1,X,MI,882740d8e9fffff
261099601001023,0,0,3,4927802,530107,Michigan Broadband Service,10,1,X,MI,882740d9ddfffff
261099601001024,10,1,1,4927802,530107,Michigan Broadband Service,10,1,X,MI,882740d8ebfffff
261099601001025,0,0,2,4927802,530107,Michigan Broadband Service,10,1,X,MI,882740d8adfffff
261099601001027,0,0,2,4927802,530107,Michigan Broadband Service,10,1,X,MI,882740d8d7fffff
261099601001029,0,0,7,4927802,530107,Michigan Broadband Service,10,1,X,MI,882740d9c1fffff
261099601001029,10,1,1,4927802,530107,Michigan Broadband Service,10,1,X,MI,882740d9c1fffff
261099601001031,10,1,6,4927802,530107,Michigan Broadband Service,10,1,X,MI,882740d93bfffff
261099601001032,0,0,10,4927802,530107,Michigan Broadband Service,10,1,X,MI,8827463655fffff
261099601001032,25,3,1,4927802,530107,Michigan Broadband Service,10,1,X,MI,882740d917fffff
261099601001034,0,0,1,4927802,530107,Michigan Broadband Service,10,1,X,MI,882740d92dfffff
261099601001035,0,0,1,4927802,530107,Michigan Broadband Service,10,1,X,MI,8827463655fffff
261099601001037,0,0,4,4927802,530107,Michigan Broadband Service,10,1,X,MI,882740d9c1fffff
261099601001037,10,1,1,4927802,530107,Michigan Broadband Service,10,1,X,MI,882740d9c1fffff
261099601001037,25,3,1,4927802,530107,Michigan Broadband Service,10,1,X,MI,882740d9e9fffff
261099601001038,25,3,1,4927802,530107,Michigan Broadband Service,10,1,X,MI,882740d917fffff
261099601001039,0,0,1,4927802,530107,Michigan Broadband Service,10,1,X,MI,882740d9d7fffff
261099601001041,0,0,1,4927802,530107,Michigan Broadband Service,10,1,X,MI,882740d8adfffff
261099601001043,0,0,2,4927802,530107,Michigan Broadband Service,10,1,X,MI,882740d9d7fffff
261099601001044,0,0,2,4927802,530107,Michigan Broadband Service,10,1,X,MI,882740d9d1fffff
261099601001045,0,0,1,4927802,530107,Michigan Broadband Service,10,1,X,MI,882740d8adfffff
261099601001045,10,1,1,4927802,530107,Michigan Broadband Service,10,1,X,MI,882740d8abfffff
261099601001046,25,3,2,4927802,530107,Michigan Broadband Service,10,1,X,MI,882740d8a9fffff
261099601001047,10,1,4,4927802,530107,Michigan Broadband Service,10,1,X,MI,882740d8bdfffff
261099601001066,0,0,3,4927802,530107,Michigan Broadband Service,10,1,X,MI,882740d8b5fffff
261099601001066,10,1,5,4927802,530107,Michigan Broadband Service,10,1,X,MI,882740d8b5fffff
261099601001174,0,0,2,4927802,530107,Michigan Broadband Service,10,1,X,MI,882740d835fffff
261099601001175,0,0,6,4927802,530107,Michigan Broadband Service,10,1,X,MI,882740d9ddfffff
261099601001180,0,0,2,4927802,530107,Michigan Broadband Service,10,1,X,MI,8827463655fffff
261099601002044,0,0,7,4927802,530107,Michigan Broadband Service,10,1,X,MI,88274624e5fffff
261099601002044,10,1,7,4927802,530107,Michigan Broadband Service,10,1,X,MI,88274624e5fffff
261099601002045,0,0,2,4927802,530107,Michigan Broadband Service,10,1,X,MI,8827462417fffff
261099601002045,10,1,11,4927802,530107,Michigan Broadband Service,10,1,X,MI,88274624e5fffff
261099601002046,0,0,1,4927802,530107,Michigan Broadband Service,10,1,X,MI,882746243bfffff
261099601002048,0,0,1,4927802,530107,Michigan Broadband Service,10,1,X,MI,8827462421fffff
261099601002049,0,0,3,4927802,530107,Michigan Broadband Service,10,1,X,MI,88274625d5fffff
261099601002049,10,1,6,4927802,530107,Michigan Broadband Service,10,1,X,MI,882746258bfffff
261099601002050,0,0,3,4927802,530107,Michigan Broadband Service,10,1,X,MI,88274625e9fffff
261099601002051,0,0,2,4927802,530107,Michigan Broadband Service,10,1,X,MI,8827462421fffff
261099601002052,0,0,4,4927802,530107,Michigan Broadband Service,10,1,X,MI,8827462511fffff
261099601002055,0,0,3,4927802,530107,Michigan Broadband Service,10,1,X,MI,88274625ebfffff
261099601002055,10,1,2,4927802,530107,Michigan Broadband Service,10,1,X,MI,882746258bfffff
261099601002057,10,1,9,4927802,530107,Michigan Broadband Service,10,1,X,MI,882746258bfffff
261099601002060,0,0,4,4927802,530107,Michigan Broadband Service,10,1,X,MI,8827462593fffff
261099601002060,10,1,5,4927802,530107,Michigan Broadband Service,10,1,X,MI,8827405a69fffff
261099601002061,0,0,3,4927802,530107,Michigan Broadband Service,10,1,X,MI,8827462593fffff
261099601002061,10,1,10,4927802,530107,Michigan Broadband Service,10,1,X,MI,88274624a7fffff
261099601002062,10,1,1,4927802,530107,Michigan Broadband Service,10,1,X,MI,8827462599fffff
261099601002063,10,1,8,4927802,530107,Michigan Broadband Service,10,1,X,MI,88274625d3fffff
261099601002064,10,1,2,4927802,530107,Michigan Broadband Service,10,1,X,MI,88274625d3fffff
261099601002065,10,1,4,4927802,530107,Michigan Broadband Service,10,1,X,MI,88274625d3fffff
261099601002076,0,0,2,4927802,530107,Michigan Broadband Service,10,1,X,MI,88274624bdfffff
261099601002076,10,1,22,4927802,530107,Michigan Broadband Service,10,1,X,MI,88274624a3fffff
261099601002077,10,1,1,4927802,530107,Michigan Broadband Service,10,1,X,MI,88274624a5fffff
261099601002078,10,1,5,4927802,530107,Michigan Broadband Service,10,1,X,MI,88274625d3fffff
261099601002079,10,1,1,4927802,530107,Michigan Broadband Service,10,1,X,MI,8827405a41fffff
261099601002083,25,3,2,4927802,530107,Michigan Broadband Service,10,1,X,MI,882740506bfffff
261099601002084,10,1,2,4927802,530107,Michigan Broadband Service,10,1,X,MI,8827405047fffff
261099601002085,0,0,1,4927802,530107,Michigan Broadband Service,10,1,X,MI,8827405041fffff
261099601002093,0,0,6,4927802,530107,Michigan Broadband Service,10,1,X,MI,8827405119fffff
261099601002093,10,1,2,4927802,530107,Michigan Broadband Service,10,1,X,MI,882740502bfffff
261099601002093,25,3,2,4927802,530107,Michigan Broadband Service,10,1,X,MI,8827405063fffff
261099601002096,0,0,3,4927802,530107,Michigan Broadband Service,10,1,X,MI,8827405027fffff
261099601002097,0,0,4,4927802,530107,Michigan Broadband Service,10,1,X,MI,8827405119fffff
261099601002098,0,0,1,4927802,530107,Michigan Broadband Service,10,1,X,MI,8827405157fffff
261099601002101,0,0,5,4927802,530107,Michigan Broadband Service,10,1,X,MI,8827405007fffff
261099601002101,10,1,2,4927802,530107,Michigan Broadband Service,10,1,X,MI,8827405023fffff
261099601002102,0,0,5,4927802,530107,Michigan Broadband Service,10,1,X,MI,8827405009fffff
261099601002102,10,1,2,4927802,530107,Michigan Broadband Service,10,1,X,MI,882740502bfffff
261099601002102,25,3,2,4927802,530107,Michigan Broadband Service,10,1,X,MI,8827405063fffff
261099601002103,0,0,7,4927802,530107,Michigan Broadband Service,10,1,X,MI,8827405007fffff
261099601002104,0,0,3,4927802,530107,Michigan Broadband Service,10,1,X,MI,8827405043fffff
261099601002104,10,1,3,4927802,530107,Michigan Broadband Service,10,1,X,MI,8827405043fffff
261099601002105,0,0,6,4927802,530107,Michigan Broadband Service,10,1,X,MI,8827405055fffff
261099601002106,10,1,1,4927802,530107,Michigan Broadband Service,10,1,X,MI,8827405043fffff
261099601002107,0,0,1,4927802,530107,Michigan Broadband Service,10,1,X,MI,8827405041fffff
261099601002113,10,1,2,4927802,530107,Michigan Broadband Service,10,1,X,MI,88274051c9fffff
261099601002113,25,3,1,4927802,530107,Michigan Broadband Service,10,1,X,MI,88274051c3fffff
261099601002115,0,0,1,4927802,530107,Michigan Broadband Service,10,1,X,MI,88274051e7fffff
261099601002115,10,1,3,4927802,530107,Michigan Broadband Service,10,1,X,MI,8827405ad1fffff
261099601002116,10,1,3,4927802,530107,Michigan Broadband Service,10,1,X,MI,8827405ac7fffff
261099601002116,25,3,10,4927802,530107,Michigan Broadband Service,10,1,X,MI,8827405a8dfffff
261099601002117,10,1,1,4927802,530107,Michigan Broadband Service,10,1,X,MI,8827405ac5fffff
261099601002118,0,0,9,4927802,530107,Michigan Broadband Service,10,1,X,MI,8827405a19fffff
261099601002119,0,0,3,4927802,530107,Michigan Broadband Service,10,1,X,MI,8827405a1dfffff
261099601002119,10,1,3,4927802,530107,Michigan Broadband Service,10,1,X,MI,8827405a0bfffff
261099601002120,10,1,2,4927802,530107,Michigan Broadband Service,10,1,X,MI,8827405a55fffff
261099601002122,10,1,4,4927802,530107,Michigan Broadband Service,10,1,X,MI,8827405a43fffff
261099601002123,0,0,1,4927802,530107,Michigan Broadband Service,10,1,X,MI,8827405ae9fffff
261099601002124,0,0,1,4927802,530107,Michigan Broadband Service,10,1,X,MI,8827405a11fffff
261099601002125,0,0,1,4927802,530107,Michigan Broadband Service,10,1,X,MI,8827405a0bfffff
261099601002125,10,1,2,4927802,530107,Michigan Broadband Service,10,1,X,MI,8827405a0bfffff
261099601002126,0,0,1,4927802,530107,Michigan Broadband Service,10,1,X,MI,8827405a0bfffff
261099601002126,10,1,2,4927802,530107,Michigan Broadband Service,10,1,X,MI,8827405a0bfffff
261099601002127,0,0,4,4927802,530107,Michigan Broadband Service,10,1,X,MI,8827405a0dfffff
261099601002128,0,0,2,4927802,530107,Michigan Broadband Service,10,1,X,MI,8827405a0dfffff
261099601002128,10,1,4,4927802,530107,Michigan Broadband Service,10,1,X,MI,8827405a69fffff
261099601002129,0,0,3,4927802,530107,Michigan Broadband Service,10,1,X,MI,8827405a6dfffff
261099601002130,0,0,6,4927802,530107,Michigan Broadband Service,10,1,X,MI,88274625b3fffff
261099601002134,0,0,1,4927802,530107,Michigan Broadband Service,10,1,X,MI,8827405ae7fffff
261099601002134,10,1,5,4927802,530107,Michigan Broadband Service,10,1,X,MI,8827405ae3fffff
261099601002134,25,3,1,4927802,530107,Michigan Broadband Service,10,1,X,MI,8827405a8dfffff
261099601002135,0,0,1,4927802,530107,Michigan Broadband Service,10,1,X,MI,8827405aebfffff
261099601002135,10,1,3,4927802,530107,Michigan Broadband Service,10,1,X,MI,8827405aebfffff
261099601002136,0,0,1,4927802,530107,Michigan Broadband Service,10,1,X,MI,8827405aebfffff
261099601002136,10,1,2,4927802,530107,Michigan Broadband Service,10,1,X,MI,8827405ac5fffff
261099601002148,0,0,1,4927802,530107,Michigan Broadband Service,10,1,X,MI,8827405857fffff
261099601002150,10,1,2,4927802,530107,Michigan Broadband Service,10,1,X,MI,8827405237fffff
261099601002153,10,1,5,4927802,530107,Michigan Broadband Service,10,1,X,MI,8827405233fffff
261099601002154,0,0,1,4927802,530107,Michigan Broadband Service,10,1,X,MI,8827405231fffff
261099601002156,0,0,2,4927802,530107,Michigan Broadband Service,10,1,X,MI,8827405003fffff
261099601002156,10,1,1,4927802,530107,Michigan Broadband Service,10,1,X,MI,88274050edfffff
261099601002157,0,0,2,4927802,530107,Michigan Broadband Service,10,1,X,MI,8827405003fffff
261099601002158,0,0,1,4927802,530107,Michigan Broadband Service,10,1,X,MI,882740500bfffff
261099601002159,0,0,2,4927802,530107,Michigan Broadband Service,10,1,X,MI,8827405055fffff
261099601002159,10,1,3,4927802,530107,Michigan Broadband Service,10,1,X,MI,882740505dfffff
261099601002159,25,3,1,4927802,530107,Michigan Broadband Service,10,1,X,MI,882740505dfffff
261099601002162,25,3,3,4927802,530107,Michigan Broadband Service,10,1,X,MI,882740505dfffff
261099601002163,10,1,11,4927802,530107,Michigan Broadband Service,10,1,X,MI,8827405057fffff
261099601002163,25,3,2,4927802,530107,Michigan Broadband Service,10,1,X,MI,8827405051fffff
261099601002164,10,1,14,4927802,530107,Michigan Broadband Service,10,1,X,MI,8827405057fffff
261099601002165,10,1,18,4927802,530107,Michigan Broadband Service,10,1,X,MI,8827405019fffff
261099601002165,25,3,1,4927802,530107,Michigan Broadband Service,10,1,X,MI,8827405011fffff
261099601002166,10,1,4,4927802,530107,Michigan Broadband Service,10,1,X,MI,8827405057fffff
261099601002168,10,1,8,4927802,530107,Michigan Broadband Service,10,1,X,MI,882740501dfffff
261099601002169,10,1,2,4927802,530107,Michigan Broadband Service,10,1,X,MI,882740501dfffff
261099601002172,0,0,1,4927802,530107,Michigan Broadband Service,10,1,X,MI,8827405003fffff
261099601002172,10,1,1,4927802,530107,Michigan Broadband Service,10,1,X,MI,882740501dfffff
261099601002173,10,1,1,4927802,530107,Michigan Broadband Service,10,1,X,MI,8827405011fffff
261099601002174,10,1,3,4927802,530107,Michigan Broadband Service,10,1,X,MI,8827405017fffff
261099601002175,25,3,28,4927802,530107,Michigan Broadband Service,10,1,X,MI,8827405017fffff
261099601002176,25,3,4,4927802,530107,Michigan Broadband Service,10,1,X,MI,8827405013fffff
261099601002177,10,1,6,4927802,530107,Michigan Broadband Service,10,1,X,MI,8827405019fffff
261099601002178,10,1,6,4927802,530107,Michigan Broadband Service,10,1,X,MI,8827405019fffff
261099601002179,10,1,5,4927802,530107,Michigan Broadband Service,10,1,X,MI,8827405057fffff
261099601002180,10,1,6,4927802,530107,Michigan Broadband Service,10,1,X,MI,8827405057fffff
261099601002182,10,1,4,4927802,530107,Michigan Broadband Service,10,1,X,MI,8827405017fffff
261099601002182,25,3,1,4927802,530107,Michigan Broadband Service,10,1,X,MI,8827405017fffff
261099601003062,0,0,4,4927802,530107,Michigan Broadband Service,10,1,X,MI,882746241bfffff
261099601003063,0,0,1,4927802,530107,Michigan Broadband Service,10,1,X,MI,8827462417fffff
261099601003064,0,0,6,4927802,530107,Michigan Broadband Service,10,1,X,MI,8827462439fffff
261099602001051,10,1,3,4927802,530107,Michigan Broadband Service,10,1,X,MI,882740cc2bfffff
261099602001053,10,1,1,4927802,530107,Michigan Broadband Service,10,1,X,MI,882740cc23fffff
261099602001059,0,0,4,4927802,530107,Michigan Broadband Service,10,1,X,MI,882740cd11fffff
261099602001063,0,0,2,4927802,530107,Michigan Broadband Service,10,1,X,MI,882740cd15fffff
261099602001064,10,1,1,4927802,530107,Michigan Broadband Service,10,1,X,MI,882740cd33fffff
261099602001066,0,0,1,4927802,530107,Michigan Broadband Service,10,1,X,MI,88274052e9fffff
261099602001066,10,1,3,4927802,530107,Michigan Broadband Service,10,1,X,MI,88274052e1fffff
261099602001066,25,3,2,4927802,530107,Michigan Broadband Service,10,1,X,MI,88274052c7fffff
261099602001068,0,0,1,4927802,530107,Michigan Broadband Service,10,1,X,MI,882740cd3dfffff
261099602001072,10,1,6,4927802,530107,Michigan Broadband Service,10,1,X,MI,8827405233fffff
261099602001072,25,3,2,4927802,530107,Michigan Broadband Service,10,1,X,MI,8827405059fffff
261099602001073,0,0,1,4927802,530107,Michigan Broadband Service,10,1,X,MI,8827405217fffff
261099602003038,10,1,1,4927802,530107,Michigan Broadband Service,10,1,X,MI,882740cc03fffff
261099602003039,10,1,2,4927802,530107,Michigan Broadband Service,10,1,X,MI,882740cc03fffff
261099602003048,0,0,1,4927802,530107,Michigan Broadband Service,10,1,X,MI,882740562bfffff
261099602003051,10,1,4,4927802,530107,Michigan Broadband Service,10,1,X,MI,8827401905fffff
261099602003055,0,0,5,4927802,530107,Michigan Broadband Service,10,1,X,MI,8827401903fffff
261099602003055,10,1,21,4927802,530107,Michigan Broadband Service,10,1,X,MI,8827401907fffff
261099602003057,10,1,3,4927802,530107,Michigan Broadband Service,10,1,X,MI,8827401901fffff
261099602003059,0,0,2,4927802,530107,Michigan Broadband Service,10,1,X,MI,88274054d5fffff
261099602003059,10,1,9,4927802,530107,Michigan Broadband Service,10,1,X,MI,8827405499fffff
261099602003062,0,0,1,4927802,530107,Michigan Broadband Service,10,1,X,MI,8827405483fffff
261099602003065,10,1,1,4927802,530107,Michigan Broadband Service,10,1,X,MI,88274054d7fffff
261099602003066,0,0,1,4927802,530107,Michigan Broadband Service,10,1,X,MI,8827400b65fffff
261099602003066,10,1,32,4927802,530107,Michigan Broadband Service,10,1,X,MI,8827405697fffff
261099602003068,10,1,1,4927802,530107,Michigan Broadband Service,10,1,X,MI,8827400b2dfffff
261099602003069,0,0,9,4927802,530107,Michigan Broadband Service,10,1,X,MI,88274056d9fffff
261099602003069,10,1,15,4927802,530107,Michigan Broadband Service,10,1,X,MI,88274056d3fffff
261099602003070,0,0,2,4927802,530107,Michigan Broadband Service,10,1,X,MI,88274054c3fffff
261099602003070,10,1,30,4927802,530107,Michigan Broadband Service,10,1,X,MI,8827405697fffff
261099602003071,10,1,1,4927802,530107,Michigan Broadband Service,10,1,X,MI,88274056d7fffff
261099602003080,0,0,1,4927802,530107,Michigan Broadband Service,10,1,X,MI,882740460dfffff
261099602004007,25,3,1,4927802,530107,Michigan Broadband Service,10,1,X,MI,882740cd9bfffff
261099602004014,0,0,9,4927802,530107,Michigan Broadband Service,10,1,X,MI,8827405283fffff
261099602004015,0,0,1,4927802,530107,Michigan Broadband Service,10,1,X,MI,8827405285fffff
261099602004015,10,1,1,4927802,530107,Michigan Broadband Service,10,1,X,MI,88274052ebfffff
261099602004016,0,0,5,4927802,530107,Michigan Broadband Service,10,1,X,MI,88274052a9fffff
261099602004016,10,1,8,4927802,530107,Michigan Broadband Service,10,1,X,MI,88274052e3fffff
261099602004016,25,3,3,4927802,530107,Michigan Broadband Service,10,1,X,MI,88274052e5fffff
261099602004017,0,0,2,4927802,530107,Michigan Broadband Service,10,1,X,MI,88274052a1fffff
261099602004017,10,1,4,4927802,530107,Michigan Broadband Service,10,1,X,MI,88274052abfffff
261099602004017,25,3,11,4927802,530107,Michigan Broadband Service,10,1,X,MI,88274052a3fffff
261099602004018,10,1,5,4927802,530107,Michigan Broadband Service,10,1,X,MI,8827405019fffff
261099602004019,0,0,5,4927802,530107,Michigan Broadband Service,10,1,X,MI,8827405011fffff
261099602004019,10,1,14,4927802,530107,Michigan Broadband Service,10,1,X,MI,8827405013fffff
261099602004019,25,3,7,4927802,530107,Michigan Broadband Service,10,1,X,MI,8827405011fffff
261099602004020,10,1,14,4927802,530107,Michigan Broadband Service,10,1,X,MI,8827405013fffff
261099602004020,25,3,2,4927802,530107,Michigan Broadband Service,10,1,X,MI,8827405013fffff
261099602004021,10,1,5,4927802,530107,Michigan Broadband Service,10,1,X,MI,88274050cdfffff
261099602004022,10,1,6,4927802,530107,Michigan Broadband Service,10,1,X,MI,88274050c5fffff
261099602004022,25,3,6,4927802,530107,Michigan Broadband Service,10,1,X,MI,88274050c5fffff
261099602004023,10,1,4,4927802,530107,Michigan Broadband Service,10,1,X,MI,88274052b5fffff
261099602004023,25,3,5,4927802,530107,Michigan Broadband Service,10,1,X,MI,88274052a3fffff
261099602004024,0,0,2,4927802,530107,Michigan Broadband Service,10,1,X,MI,88274052bdfffff
261099602004024,10,1,2,4927802,530107,Michigan Broadband Service,10,1,X,MI,88274052b5fffff
261099602004024,25,3,1,4927802,530107,Michigan Broadband Service,10,1,X,MI,88274052bdfffff
261099602004025,0,0,4,4927802,530107,Michigan Broadband Service,10,1,X,MI,88274052bbfffff
261099602004026,0,0,2,4927802,530107,Michigan Broadband Service,10,1,X,MI,88274052b1fffff
261099602004027,0,0,1,4927802,530107,Michigan Broadband Service,10,1,X,MI,88274052b1fffff
261099602004027,10,1,1,4927802,530107,Michigan Broadband Service,10,1,X,MI,88274052b5fffff
261099602004027,25,3,1,4927802,530107,Michigan Broadband Service,10,1,X,MI,882740576dfffff
261099602004028,10,1,2,4927802,530107,Michigan Broadband Service,10,1,X,MI,88274050cbfffff
261099602004028,25,3,3,4927802,530107,Michigan Broadband Service,10,1,X,MI,88274050c1fffff
261099602004029,10,1,3,4927802,530107,Michigan Broadband Service,10,1,X,MI,88274050ddfffff
261099602004029,25,3,1,4927802,530107,Michigan Broadband Service,10,1,X,MI,88274050cbfffff
261099602004030,10,1,5,4927802,530107,Michigan Broadband Service,10,1,X,MI,8827405761fffff
261099602004030,25,3,1,4927802,530107,Michigan Broadband Service,10,1,X,MI,8827405765fffff
261099602004033,25,3,4,4927802,530107,Michigan Broadband Service,10,1,X,MI,882740575dfffff
261099602004035,10,1,2,4927802,530107,Michigan Broadband Service,10,1,X,MI,882740cdb1fffff
261099602004035,25,3,2,4927802,530107,Michigan Broadband Service,10,1,X,MI,882740cdb7fffff
261099602004041,0,0,2,4927802,530107,Michigan Broadband Service,10,1,X,MI,88274050d3fffff
261099602004041,10,1,11,4927802,530107,Michigan Broadband Service,10,1,X,MI,8827405767fffff
261099602004041,25,3,3,4927802,530107,Michigan Broadband Service,10,1,X,MI,88274050d9fffff
261099602004042,0,0,3,4927802,530107,Michigan Broadband Service,10,1,X,MI,8827405567fffff
261099602004042,10,1,9,4927802,530107,Michigan Broadband Service,10,1,X,MI,8827405095fffff
261099602004042,25,3,5,4927802,530107,Michigan Broadband Service,10,1,X,MI,8827405083fffff
261099602004043,10,1,8,4927802,530107,Michigan Broadband Service,10,1,X,MI,88274050c5fffff
261099602004043,25,3,7,4927802,530107,Michigan Broadband Service,10,1,X,MI,88274050c7fffff
261099602004044,10,1,4,4927802,530107,Michigan Broadband Service,10,1,X,MI,88274050c5fffff
261099602004044,25,3,1,4927802,530107,Michigan Broadband Service,10,1,X,MI,88274050e9fffff
261099602004045,10,1,3,4927802,530107,Michigan Broadband Service,10,1,X,MI,88274050e9fffff
261099602004045,25,3,1,4927802,530107,Michigan Broadband Service,10,1,X,MI,88274050e9fffff
261099602004050,0,0,3,4927802,530107,Michigan Broadband Service,10,1,X,MI,8827405711fffff
261099602004053,0,0,1,4927802,530107,Michigan Broadband Service,10,1,X,MI,8827405715fffff
261099602004058,0,0,6,4927802,530107,Michigan Broadband Service,10,1,X,MI,8827405623fffff
261099602004058,10,1,1,4927802,530107,Michigan Broadband Service,10,1,X,MI,8827405757fffff
261099602004068,0,0,2,4927802,530107,Michigan Broadband Service,10,1,X,MI,8827405561fffff
261099602004069,0,0,1,4927802,530107,Michigan Broadband Service,10,1,X,MI,8827405567fffff
261099602004070,0,0,9,4927802,530107,Michigan Broadband Service,10,1,X,MI,882740425bfffff
261099602004071,0,0,6,4927802,530107,Michigan Broadband Service,10,1,X,MI,88274050b5fffff
261099602004071,10,1,18,4927802,530107,Michigan Broadband Service,10,1,X,MI,8827404201fffff
261099602004071,25,3,5,4927802,530107,Michigan Broadband Service,10,1,X,MI,8827404241fffff
261099602004072,10,1,2,4927802,530107,Michigan Broadband Service,10,1,X,MI,88274050a3fffff
261099602004073,10,1,8,4927802,530107,Michigan Broadband Service,10,1,X,MI,88274050a1fffff
261099602004073,25,3,3,4927802,530107,Michigan Broadband Service,10,1,X,MI,88274050a9fffff
261099602004074,10,1,5,4927802,530107,Michigan Broadband Service,10,1,X,MI,88274050bbfffff
261099602004074,25,3,4,4927802,530107,Michigan Broadband Service,10,1,X,MI,88274050b9fffff
261099602004075,0,0,1,4927802,530107,Michigan Broadband Service,10,1,X,MI,8827405565fffff
261099602004075,10,1,2,4927802,530107,Michigan Broadband Service,10,1,X,MI,88274050b1fffff
261099602004081,0,0,8,4927802,530107,Michigan Broadband Service,10,1,X,MI,882740420bfffff
261099603001000,10,1,4,4927802,530107,Michigan Broadband Service,10,1,X,MI,88274050e9fffff
261099603001000,25,3,11,4927802,530107,Michigan Broadband Service,10,1,X,MI,88274050e9fffff
261099603001002,10,1,5,4927802,530107,Michigan Broadband Service,10,1,X,MI,88274050e9fffff
261099603001002,25,3,1,4927802,530107,Michigan Broadband Service,10,1,X,MI,88274050e9fffff
261099603001003,10,1,2,4927802,530107,Michigan Broadband Service,10,1,X,MI,88274050e9fffff
261099603001004,10,1,1,4927802,530107,Michigan Broadband Service,10,1,X,MI,88274050e9fffff
261099603001006,10,1,1,4927802,530107,Michigan Broadband Service,10,1,X,MI,88274050e1fffff
261099603001007,0,0,8,4927802,530107,Michigan Broadband Service,10,1,X,MI,88274050e5fffff
261099603001008,0,0,1,4927802,530107,Michigan Broadband Service,10,1,X,MI,88274050adfffff
261099603001009,10,1,2,4927802,530107,Michigan Broadband Service,10,1,X,MI,88274051d9fffff
261099603001011,10,1,3,4927802,530107,Michigan Broadband Service,10,1,X,MI,88274050e9fffff
261099603001011,25,3,1,4927802,530107,Michigan Broadband Service,10,1,X,MI,88274050e9fffff
261099603001012,10,1,5,4927802,530107,Michigan Broadband Service,10,1,X,MI,88274050e9fffff
261099603001014,10,1,1,4927802,530107,Michigan Broadband Service,10,1,X,MI,88274050a1fffff
261099603001014,25,3,1,4927802,530107,Michigan Broadband Service,10,1,X,MI,88274050a9fffff
261099603001016,10,1,10,4927802,530107,Michigan Broadband Service,10,1,X,MI,88274050a1fffff
261099603001017,10,1,2,4927802,530107,Michigan Broadband Service,10,1,X,MI,88274050a1fffff
261099603001018,10,1,3,4927802,530107,Michigan Broadband Service,10,1,X,MI,88274050adfffff
261099603001019,0,0,2,4927802,530107,Michigan Broadband Service,10,1,X,MI,882740519bfffff
261099603001019,10,1,4,4927802,530107,Michigan Broadband Service,10,1,X,MI,88274050a5fffff
261099603001020,0,0,8,4927802,530107,Michigan Broadband Service,10,1,X,MI,88274051d7fffff
261099603001020,10,1,1,4927802,530107,Michigan Broadband Service,10,1,X,MI,8827405181fffff
261099603001021,0,0,3,4927802,530107,Michigan Broadband Service,10,1,X,MI,88274051d7fffff
261099603001021,10,1,3,4927802,530107,Michigan Broadband Service,10,1,X,MI,88274051ddfffff
261099603001021,25,3,4,4927802,530107,Michigan Broadband Service,10,1,X,MI,88274051c3fffff
261099603001022,10,1,4,4927802,530107,Michigan Broadband Service,10,1,X,MI,882740518bfffff
261099603001022,25,3,1,4927802,530107,Michigan Broadband Service,10,1,X,MI,88274051c7fffff
261099603001023,0,0,2,4927802,530107,Michigan Broadband Service,10,1,X,MI,8827405185fffff
261099603001023,10,1,1,4927802,530107,Michigan Broadband Service,10,1,X,MI,882740518dfffff
261099603001024,0,0,5,4927802,530107,Michigan Broadband Service,10,1,X,MI,882740434bfffff
261099603001024,10,1,4,4927802,530107,Michigan Broadband Service,10,1,X,MI,882740430dfffff
261099603001025,0,0,3,4927802,530107,Michigan Broadband Service,10,1,X,MI,88274051b9fffff
261099603001027,0,0,1,4927802,530107,Michigan Broadband Service,10,1,X,MI,88274051e3fffff
261099603001028,0,0,4,4927802,530107,Michigan Broadband Service,10,1,X,MI,8827405187fffff
261099603001030,0,0,9,4927802,530107,Michigan Broadband Service,10,1,X,MI,8827405811fffff
261099603001030,10,1,3,4927802,530107,Michigan Broadband Service,10,1,X,MI,8827405aa9fffff
261099603001030,25,3,7,4927802,530107,Michigan Broadband Service,10,1,X,MI,8827405a89fffff
261099603001033,0,0,5,4927802,530107,Michigan Broadband Service,10,1,X,MI,8827405853fffff
261099603001036,0,0,1,4927802,530107,Michigan Broadband Service,10,1,X,MI,8827405817fffff
261099603001040,10,1,1,4927802,530107,Michigan Broadband Service,10,1,X,MI,8827405ad1fffff
261099603001040,25,3,2,4927802,530107,Michigan Broadband Service,10,1,X,MI,8827405a89fffff
261099603001041,10,1,1,4927802,530107,Michigan Broadband Service,10,1,X,MI,8827405a83fffff
261099603001043,0,0,2,4927802,530107,Michigan Broadband Service,10,1,X,MI,8827405191fffff
261099603001043,10,1,1,4927802,530107,Michigan Broadband Service,10,1,X,MI,8827404269fffff
261099603001044,0,0,3,4927802,530107,Michigan Broadband Service,10,1,X,MI,882740519bfffff
261099603001044,10,1,1,4927802,530107,Michigan Broadband Service,10,1,X,MI,8827404269fffff
261099603001044,25,3,2,4927802,530107,Michigan Broadband Service,10,1,X,MI,8827404245fffff
261099603001046,0,0,1,4927802,530107,Michigan Broadband Service,10,1,X,MI,88274050a7fffff
261099603001046,10,1,3,4927802,530107,Michigan Broadband Service,10,1,X,MI,88274050a7fffff
261099603001046,25,3,3,4927802,530107,Michigan Broadband Service,10,1,X,MI,882740424dfffff
261099603001047,10,1,1,4927802,530107,Michigan Broadband Service,10,1,X,MI,8827404247fffff
261099603001047,25,3,7,4927802,530107,Michigan Broadband Service,10,1,X,MI,8827404245fffff
261099603001049,0,0,1,4927802,530107,Michigan Broadband Service,10,1,X,MI,8827405899fffff
261099603001052,0,0,1,4927802,530107,Michigan Broadband Service,10,1,X,MI,88274058a1fffff
261099603001055,0,0,1,4927802,530107,Michigan Broadband Service,10,1,X,MI,8827405811fffff
261099603001055,25,3,12,4927802,530107,Michigan Broadband Service,10,1,X,MI,8827405823fffff
261099603001056,0,0,2,4927802,530107,Michigan Broadband Service,10,1,X,MI,8827405817fffff
261099603001056,10,1,17,4927802,530107,Michigan Broadband Service,10,1,X,MI,8827405835fffff
261099603001056,25,3,8,4927802,530107,Michigan Broadband Service,10,1,X,MI,8827405835fffff
261099603001062,0,0,12,4927802,530107,Michigan Broadband Service,10,1,X,MI,8827404359fffff
261099603001062,10,1,3,4927802,530107,Michigan Broadband Service,10,1,X,MI,8827404309fffff
261099603001063,0,0,3,4927802,530107,Michigan Broadband Service,10,1,X,MI,882740426dfffff
261099603001064,0,0,6,4927802,530107,Michigan Broadband Service,10,1,X,MI,88274051b3fffff
261099603001065,0,0,2,4927802,530107,Michigan Broadband Service,10,1,X,MI,8827404205fffff
261099603001065,10,1,1,4927802,530107,Michigan Broadband Service,10,1,X,MI,8827404269fffff
261099603001067,0,0,2,4927802,530107,Michigan Broadband Service,10,1,X,MI,882740426bfffff
261099603001067,10,1,6,4927802,530107,Michigan Broadband Service,10,1,X,MI,8827404269fffff
261099603001067,25,3,1,4927802,530107,Michigan Broadband Service,10,1,X,MI,8827404245fffff
261099603001072,0,0,1,4927802,530107,Michigan Broadband Service,10,1,X,MI,8827404207fffff
261099603002076,0,0,2,4927802,530107,Michigan Broadband Service,10,1,X,MI,8827404e1bfffff
261099603002083,0,0,7,4927802,530107,Michigan Broadband Service,10,1,X,MI,8827404e1bfffff
261099603002084,0,0,15,4927802,530107,Michigan Broadband Service,10,1,X,MI,8827404ec1fffff
261099603002085,0,0,1,4927802,530107,Michigan Broadband Service,10,1,X,MI,8827404ec1fffff
261099603002085,10,1,3,4927802,530107,Michigan Broadband Service,10,1,X,MI,8827404ec7fffff
261099603002086,0,0,2,4927802,530107,Michigan Broadband Service,10,1,X,MI,8827404ec1fffff
261099603002086,10,1,7,4927802,530107,Michigan Broadband Service,10,1,X,MI,8827404ec7fffff
261099604001000,0,0,2,4927802,530107,Michigan Broadband Service,10,1,X,MI,8827404547fffff
261099604001000,10,1,1,4927802,530107,Michigan Broadband Service,10,1,X,MI,882740450dfffff
261099604001001,0,0,11,4927802,530107,Michigan Broadband Service,10,1,X,MI,8827404567fffff
261099604001001,10,1,1,4927802,530107,Michigan Broadband Service,10,1,X,MI,882740450dfffff
261099604001002,0,0,7,4927802,530107,Michigan Broadband Service,10,1,X,MI,8827404529fffff
261099604001002,10,1,5,4927802,530107,Michigan Broadband Service,10,1,X,MI,8827404523fffff
261099604001003,0,0,2,4927802,530107,Michigan Broadband Service,10,1,X,MI,882740452dfffff
261099604001003,10,1,1,4927802,530107,Michigan Broadband Service,10,1,X,MI,8827404527fffff
261099604001004,0,0,12,4927802,530107,Michigan Broadband Service,10,1,X,MI,8827404ec9fffff
261099604001004,10,1,2,4927802,530107,Michigan Broadband Service,10,1,X,MI,8827404527fffff
261099604001005,0,0,2,4927802,530107,Michigan Broadband Service,10,1,X,MI,8827404ecbfffff
261099604001005,10,1,1,4927802,530107,Michigan Broadband Service,10,1,X,MI,8827404521fffff
261099604001006,0,0,3,4927802,530107,Michigan Broadband Service,10,1,X,MI,8827404531fffff
261099604001006,10,1,9,4927802,530107,Michigan Broadband Service,10,1,X,MI,8827404531fffff
261099604001007,0,0,9,4927802,530107,Michigan Broadband Service,10,1,X,MI,8827404537fffff
261099604001007,10,1,1,4927802,530107,Michigan Broadband Service,10,1,X,MI,8827404531fffff
261099604001008,0,0,22,4927802,530107,Michigan Broadband Service,10,1,X,MI,8827404ec1fffff
261099604001008,10,1,11,4927802,530107,Michigan Broadband Service,10,1,X,MI,8827404ec1fffff
261099604001009,0,0,3,4927802,530107,Michigan Broadband Service,10,1,X,MI,8827404ec3fffff
261099604001009,10,1,6,4927802,530107,Michigan Broadband Service,10,1,X,MI,8827404ec3fffff
261099604001010,0,0,3,4927802,530107,Michigan Broadband Service,10,1,X,MI,8827404ec7fffff
261099604001010,10,1,3,4927802,530107,Michigan Broadband Service,10,1,X,MI,8827404ec7fffff
261099604001011,0,0,6,4927802,530107,Michigan Broadband Service,10,1,X,MI,8827404eb1fffff
261099604001011,10,1,9,4927802,530107,Michigan Broadband Service,10,1,X,MI,8827404e89fffff
261099604001012,0,0,3,4927802,530107,Michigan Broadband Service,10,1,X,MI,8827404e81fffff
261099604001012,10,1,4,4927802,530107,Michigan Broadband Service,10,1,X,MI,8827404e81fffff
261099604001013,10,1,3,4927802,530107,Michigan Broadband Service,10,1,X,MI,8827404ec3fffff
261099604001014,10,1,1,4927802,530107,Michigan Broadband Service,10,1,X,MI,8827404e89fffff
261099604001018,10,1,2,4927802,530107,Michigan Broadband Service,10,1,X,MI,8827404e83fffff
261099604001019,0,0,4,4927802,530107,Michigan Broadband Service,10,1,X,MI,8827404ed5fffff
261099604001019,10,1,9,4927802,530107,Michigan Broadband Service,10,1,X,MI,8827404e89fffff
261099604001020,0,0,2,4927802,530107,Michigan Broadband Service,10,1,X,MI,8827404ed5fffff
261099604001021,0,0,1,4927802,530107,Michigan Broadband Service,10,1,X,MI,8827404eddfffff
261099604001022,0,0,6,4927802,530107,Michigan Broadband Service,10,1,X,MI,8827404eddfffff
261099604001023,0,0,5,4927802,530107,Michigan Broadband Service,10,1,X,MI,8827404537fffff
261099604001024,0,0,3,4927802,530107,Michigan Broadband Service,10,1,X,MI,8827404ed9fffff
261099604001025,0,0,4,4927802,530107,Michigan Broadband Service,10,1,X,MI,8827404eddfffff
261099604001026,0,0,5,4927802,530107,Michigan Broadband Service,10,1,X,MI,8827404ed9fffff
261099604001026,10,1,4,4927802,530107,Michigan Broadband Service,10,1,X,MI,8827404ed7fffff
261099604001027,0,0,1,4927802,530107,Michigan Broadband Service,10,1,X,MI,8827404edbfffff
261099604001029,0,0,1,4927802,530107,Michigan Broadband Service,10,1,X,MI,8827404edbfffff
261099604001029,10,1,1,4927802,530107,Michigan Broadband Service,10,1,X,MI,88274045adfffff
261099604001030,0,0,1,4927802,530107,Michigan Broadband Service,10,1,X,MI,88274045a5fffff
261099604001030,10,1,2,4927802,530107,Michigan Broadband Service,10,1,X,MI,88274045adfffff
261099604001031,10,1,6,4927802,530107,Michigan Broadband Service,10,1,X,MI,8827404e99fffff
261099604001032,10,1,7,4927802,530107,Michigan Broadband Service,10,1,X,MI,8827404e9dfffff
261099604002000,10,1,4,4927802,530107,Michigan Broadband Service,10,1,X,MI,8827404ee7fffff
261099604002001,10,1,2,4927802,530107,Michigan Broadband Service,10,1,X,MI,8827404c5bfffff
261099604002005,10,1,1,4927802,530107,Michigan Broadband Service,10,1,X,MI,8827404c5bfffff
261099604002006,10,1,1,4927802,530107,Michigan Broadband Service,10,1,X,MI,8827404ee7fffff
261099604002008,0,0,1,4927802,530107,Michigan Broadband Service,10,1,X,MI,8827404c13fffff
261099604002010,0,0,5,4927802,530107,Michigan Broadband Service,10,1,X,MI,8827404c19fffff
261099604003002,0,0,2,4927802,530107,Michigan Broadband Service,10,1,X,MI,8827404609fffff
261099604003002,10,1,8,4927802,530107,Michigan Broadband Service,10,1,X,MI,8827404631fffff
261099604003003,0,0,7,4927802,530107,Michigan Broadband Service,10,1,X,MI,882740460dfffff
261099604003027,0,0,3,4927802,530107,Michigan Broadband Service,10,1,X,MI,8827404737fffff
261099604003028,0,0,7,4927802,530107,Michigan Broadband Service,10,1,X,MI,882740454bfffff
261099604003028,10,1,2,4927802,530107,Michigan Broadband Service,10,1,X,MI,8827404509fffff
261099604003029,0,0,2,4927802,530107,Michigan Broadband Service,10,1,X,MI,8827404509fffff
261099604003029,10,1,5,4927802,530107,Michigan Broadband Service,10,1,X,MI,8827404503fffff
261099604003030,10,1,2,4927802,530107,Michigan Broadband Service,10,1,X,MI,8827404631fffff
261099604003031,10,1,1,4927802,530107,Michigan Broadband Service,10,1,X,MI,8827404631fffff
261099604003034,0,0,1,4927802,530107,Michigan Broadband Service,10,1,X,MI,882740440bfffff
261099604003034,10,1,1,4927802,530107,Michigan Broadband Service,10,1,X,MI,8827404459fffff
261099604003035,0,0,6,4927802,530107,Michigan Broadband Service,10,1,X,MI,8827404443fffff
261099604003035,10,1,1,4927802,530107,Michigan Broadband Service,10,1,X,MI,8827404443fffff
261099604003037,0,0,4,4927802,530107,Michigan Broadband Service,10,1,X,MI,8827404425fffff
261099604003038,0,0,13,4927802,530107,Michigan Broadband Service,10,1,X,MI,88274045e1fffff
261099604003038,10,1,11,4927802,530107,Michigan Broadband Service,10,1,X,MI,8827404503fffff
261099604003040,0,0,1,4927802,530107,Michigan Broadband Service,10,1,X,MI,88274045e5fffff
261099604003041,10,1,1,4927802,530107,Michigan Broadband Service,10,1,X,MI,882740451dfffff
261179705011000,10,1,16,21672852,160127,Michigan Broadband Service,10,1,X,MI,88274c6aebfffff
261179705011001,0,0,3,21672852,160127,Michigan Broadband Service,10,1,X,MI,88274c6aebfffff
261179705011001,10,1,3,21672852,160127,Michigan Broadband Service,10,1,X,MI,88274c6aebfffff
261179705011017,10,1,2,21672852,160127,Michigan Broadband Service,10,1,X,MI,88274c6a89fffff
261179705011026,0,0,13,21672852,160127,Michigan Broadband Service,10,1,X,MI,88274c6a9dfffff
261179705021005,0,0,7,21672852,160127,Michigan Broadband Service,10,1,X,MI,88274c6103fffff
261179705021006,0,0,1,21672852,160127,Michigan Broadband Service,10,1,X,MI,88274c610dfffff
261179705021007,0,0,13,21672852,160127,Michigan Broadband Service,10,1,X,MI,88274c6129fffff
261179705021007,10,1,1,21672852,160127,Michigan Broadband Service,10,1,X,MI,88274c612bfffff
261179705021008,0,0,2,21672852,160127,Michigan Broadband Service,10,1,X,MI,88274c6125fffff
261179705021008,10,1,1,21672852,160127,Michigan Broadband Service,10,1,X,MI,88274c6121fffff
261179705021009,0,0,1,21672852,160127,Michigan Broadband Service,10,1,X,MI,88274c6121fffff
261179705021010,0,0,4,21672852,160127,Michigan Broadband Service,10,1,X,MI,88274c6acdfffff
261179705021010,10,1,1,21672852,160127,Michigan Broadband Service,10,1,X,MI,88274c6123fffff
261179705021011,10,1,1,21672852,160127,Michigan Broadband Service,10,1,X,MI,88274c6123fffff
261179705021013,0,0,2,21672852,160127,Michigan Broadband Service,10,1,X,MI,88274c612bfffff
261179705021013,10,1,1,21672852,160127,Michigan Broadband Service,10,1,X,MI,88274c6123fffff
261179705021014,0,0,1,21672852,160127,Michigan Broadband Service,10,1,X,MI,88274c6107fffff
261179705021015,0,0,1,21672852,160127,Michigan Broadband Service,10,1,X,MI,88274c613dfffff
261179705021021,0,0,1,21672852,160127,Michigan Broadband Service,10,1,X,MI,88274c613bfffff
261179705021023,0,0,4,21672852,160127,Michigan Broadband Service,10,1,X,MI,88274c6139fffff
261179705021023,10,1,2,21672852,160127,Michigan Broadband Service,10,1,X,MI,88274c6135fffff
261179705021025,10,1,7,21672852,160127,Michigan Broadband Service,10,1,X,MI,88274c6135fffff
261179705021025,25,3,6,21672852,160127,Michigan Broadband Service,10,1,X,MI,88274c6137fffff
261179705021026,10,1,2,21672852,160127,Michigan Broadband Service,10,1,X,MI,88274c6135fffff
261179705021027,0,0,2,21672852,160127,Michigan Broadband Service,10,1,X,MI,88274c6ac9fffff
261179705021027,10,1,9,21672852,160127,Michigan Broadband Service,10,1,X,MI,88274c6135fffff
261179705021027,25,3,6,21672852,160127,Michigan Broadband Service,10,1,X,MI,88274c6acbfffff
261179705021028,0,0,1,21672852,160127,Michigan Broadband Service,10,1,X,MI,88274c613bfffff
261179705021029,0,0,2,21672852,160127,Michigan Broadband Service,10,1,X,MI,88274c61edfffff
261179705021034,0,0,1,21672852,160127,Michigan Broadband Service,10,1,X,MI,88274c61edfffff
261179705021035,0,0,5,21672852,160127,Michigan Broadband Service,10,1,X,MI,88274c61e7fffff
261179705021037,0,0,3,21672852,160127,Michigan Broadband Service,10,1,X,MI,88274c61adfffff
261179705021038,0,0,8,21672852,160127,Michigan Broadband Service,10,1,X,MI,88274c6adbfffff
261179705021039,10,1,1,21672852,160127,Michigan Broadband Service,10,1,X,MI,88274c6133fffff
261179705021040,10,1,8,21672852,160127,Michigan Broadband Service,10,1,X,MI,88274c6ad1fffff
261179705021040,25,3,7,21672852,160127,Michigan Broadband Service,10,1,X,MI,88274c6addfffff
261179705021041,0,0,1,21672852,160127,Michigan Broadband Service,10,1,X,MI,88274c6adbfffff
261179705021042,25,3,4,21672852,160127,Michigan Broadband Service,10,1,X,MI,88274c6acbfffff
261179705021043,25,3,1,21672852,160127,Michigan Broadband Service,10,1,X,MI,88274c6acbfffff
261179705021044,25,3,6,21672852,160127,Michigan Broadband Service,10,1,X,MI,88274c6acbfffff
261179705021045,25,3,8,21672852,160127,Michigan Broadband Service,10,1,X,MI,88274c6acbfffff
261179705021046,10,1,2,21672852,160127,Michigan Broadband Service,10,1,X,MI,88274c6ac7fffff
261179705021046,25,3,9,21672852,160127,Michigan Broadband Service,10,1,X,MI,88274c6addfffff
261179705021047,0,0,4,21672852,160127,Michigan Broadband Service,10,1,X,MI,88274c6ad5fffff
261179705021047,10,1,17,21672852,160127,Michigan Broadband Service,10,1,X,MI,88274c6ad5fffff
261179705021065,0,0,7,21672852,160127,Michigan Broadband Service,10,1,X,MI,88274c6ad7fffff
261179705021065,10,1,8,21672852,160127,Michigan Broadband Service,10,1,X,MI,88274c6ad7fffff
261179705021066,0,0,4,21672852,160127,Michigan Broadband Service,10,1,X,MI,88274c6a8bfffff
261179705021067,0,0,9,21672852,160127,Michigan Broadband Service,10,1,X,MI,88274c61a7fffff
261179705021075,0,0,26,21672852,160127,Michigan Broadband Service,10,1,X,MI,88274c6f4dfffff
261179705021076,0,0,15,21672852,160127,Michigan Broadband Service,10,1,X,MI,88274c6a9bfffff
261179705021078,0,0,1,21672852,160127,Michigan Broadband Service,10,1,X,MI,88274c6f4dfffff
261179705022000,0,0,9,21672852,160127,Michigan Broadband Service,10,1,X,MI,88274c6a1bfffff
261179705022001,0,0,3,21672852,160127,Michigan Broadband Service,10,1,X,MI,88274c6a13fffff
261179705022002,0,0,4,21672852,160127,Michigan Broadband Service,10,1,X,MI,88274c6a15fffff
261179705022003,0,0,3,21672852,160127,Michigan Broadband Service,10,1,X,MI,88274c6a15fffff
261179705022005,0,0,1,21672852,160127,Michigan Broadband Service,10,1,X,MI,88274c6a03fffff
261179705022039,0,0,1,21672852,160127,Michigan Broadband Service,10,1,X,MI,88274c6a15fffff
261179705022040,0,0,1,21672852,160127,Michigan Broadband Service,10,1,X,MI,88274c6a15fffff
261179705022041,0,0,9,21672852,160127,Michigan Broadband Service,10,1,X,MI,88274c6ae9fffff
261179705022041,10,1,8,21672852,160127,Michigan Broadband Service,10,1,X,MI,88274c6ac5fffff
261179705022042,0,0,8,21672852,160127,Michigan Broadband Service,10,1,X,MI,88274c6ac5fffff
261179705022042,10,1,8,21672852,160127,Michigan Broadband Service,10,1,X,MI,88274c6acdfffff
261179705022043,10,1,6,21672852,160127,Michigan Broadband Service,10,1,X,MI,88274c6acdfffff
261319701001002,10,1,3,4927802,530107,Michigan Broadband Service,10,1,X,MI,882773ab07fffff
261319701001004,0,0,1,4927802,530107,Michigan Broadband Service,10,1,X,MI,882773ab01fffff
261319701001004,10,1,8,4927802,530107,Michigan Broadband Service,10,1,X,MI,882773ab07fffff
261319701001004,25,3,2,4927802,530107,Michigan Broadband Service,10,1,X,MI,882773ab39fffff
261319701001005,0,0,2,4927802,530107,Michigan Broadband Service,10,1,X,MI,882773ab01fffff
261319701001005,10,1,5,4927802,530107,Michigan Broadband Service,10,1,X,MI,882773ab07fffff
261319701001009,10,1,1,4927802,530107,Michigan Broadband Service,10,1,X,MI,882773ab3dfffff
261319701001010,0,0,20,4927802,530107,Michigan Broadband Service,10,1,X,MI,882773ab09fffff
261319701001010,10,1,1,4927802,530107,Michigan Broadband Service,10,1,X,MI,882773ab09fffff
261319701001039,0,0,3,4927802,530107,Michigan Broadband Service,10,1,X,MI,882773a861fffff
261319701001039,10,1,2,4927802,530107,Michigan Broadband Service,10,1,X,MI,882773ab39fffff
261319701001039,25,3,7,4927802,530107,Michigan Broadband Service,10,1,X,MI,882773ab15fffff
261319701001040,10,1,4,4927802,530107,Michigan Broadband Service,10,1,X,MI,882773a861fffff
261319701001040,25,3,3,4927802,530107,Michigan Broadband Service,10,1,X,MI,882773ab15fffff
261319701001041,10,1,1,4927802,530107,Michigan Broadband Service,10,1,X,MI,882773ab07fffff
261319703001149,0,0,25,4927802,530107,Michigan Broadband Service,10,1,X,MI,88277365a3fffff
261319703001149,10,1,12,4927802,530107,Michigan Broadband Service,10,1,X,MI,88277365b5fffff
261319703001154,0,0,2,4927802,530107,Michigan Broadband Service,10,1,X,MI,88277365adfffff
261319703001156,10,1,1,4927802,530107,Michigan Broadband Service,10,1,X,MI,88277365b5fffff
261379504001002,0,0,1,21672852,160127,Michigan Broadband Service,10,1,X,MI,88276a1125fffff
261379504001002,10,1,26,21672852,160127,Michigan Broadband Service,10,1,X,MI,88276a1ac9fffff
261379504001002,25,3,3,21672852,160127,Michigan Broadband Service,10,1,X,MI,88276a1ac9fffff
261379504001029,10,1,5,21672852,160127,Michigan Broadband Service,10,1,X,MI,88276a1aebfffff
261379504001036,0,0,4,21672852,160127,Michigan Broadband Service,10,1,X,MI,88276a1803fffff
261379504001037,0,0,1,21672852,160127,Michigan Broadband Service,10,1,X,MI,88276a1839fffff
261379504001039,0,0,6,21672852,160127,Michigan Broadband Service,10,1,X,MI,88276a19cdfffff
261379504001041,0,0,2,21672852,160127,Michigan Broadband Service,10,1,X,MI,88276a19cdfffff
261379504001066,0,0,1,21672852,160127,Michigan Broadband Service,10,1,X,MI,88276a18cdfffff
261379504001068,10,1,1,21672852,160127,Michigan Broadband Service,10,1,X,MI,88276a18cbfffff
261379504001071,10,1,1,21672852,160127,Michigan Broadband Service,10,1,X,MI,88276a1a81fffff
261379504001075,0,0,1,21672852,160127,Michigan Broadband Service,10,1,X,MI,88276a1a87fffff
261379504001081,0,0,4,21672852,160127,Michigan Broadband Service,10,1,X,MI,88276a1ad1fffff
261379504001081,10,1,3,21672852,160127,Michigan Broadband Service,10,1,X,MI,88276a1addfffff
261379504001120,10,1,3,21672852,160127,Michigan Broadband Service,10,1,X,MI,88276a18d5fffff
261379504001120,25,3,7,21672852,160127,Michigan Broadband Service,10,1,X,MI,88276a18ddfffff
261379504001121,25,3,15,21672852,160127,Michigan Broadband Service,10,1,X,MI,88276a18d1fffff
261379504002037,0,0,1,21672852,160127,Michigan Broadband Service,10,1,X,MI,88276a1b05fffff
261379504002039,0,0,6,21672852,160127,Michigan Broadband Service,10,1,X,MI,88276a1b0dfffff
261379504002048,0,0,4,21672852,160127,Michigan Broadband Service,10,1,X,MI,88276a1863fffff
261379504002048,10,1,12,21672852,160127,Michigan Broadband Service,10,1,X,MI,88276a1b33fffff
261379504002048,25,3,13,21672852,160127,Michigan Broadband Service,10,1,X,MI,88276a1b35fffff
261379504002050,10,1,3,21672852,160127,Michigan Broadband Service,10,1,X,MI,88276a1b3dfffff
261379504002051,0,0,1,21672852,160127,Michigan Broadband Service,10,1,X,MI,88276a1b19fffff
261379504002052,0,0,2,21672852,160127,Michigan Broadband Service,10,1,X,MI,88276a184dfffff
261379504002057,25,3,1,21672852,160127,Michigan Broadband Service,10,1,X,MI,88276a1a33fffff
261379504002060,0,0,3,21672852,160127,Michigan Broadband Service,10,1,X,MI,88276a1a17fffff
261379504002060,10,1,4,21672852,160127,Michigan Broadband Service,10,1,X,MI,88276a1ae1fffff
261379504002061,0,0,1,21672852,160127,Michigan Broadband Service,10,1,X,MI,88276a1a17fffff
261379504002061,10,1,1,21672852,160127,Michigan Broadband Service,10,1,X,MI,88276a1ae9fffff
261379504002062,0,0,10,21672852,160127,Michigan Broadband Service,10,1,X,MI,88276a1a19fffff
261379504002062,10,1,5,21672852,160127,Michigan Broadband Service,10,1,X,MI,88276a1acdfffff
261379504002062,25,3,5,21672852,160127,Michigan Broadband Service,10,1,X,MI,88276a1ac1fffff
261379504002064,0,0,5,21672852,160127,Michigan Broadband Service,10,1,X,MI,88276a1ae9fffff
261379504002064,10,1,36,21672852,160127,Michigan Broadband Service,10,1,X,MI,88276a1ae9fffff
261379504002065,0,0,2,21672852,160127,Michigan Broadband Service,10,1,X,MI,88276a1a19fffff
261379504002066,25,3,26,21672852,160127,Michigan Broadband Service,10,1,X,MI,88276a1859fffff
261379504002074,0,0,1,21672852,160127,Michigan Broadband Service,10,1,X,MI,88276a1847fffff
261379504002079,10,1,2,21672852,160127,Michigan Broadband Service,10,1,X,MI,88276a1ae1fffff
261379505003000,0,0,1,21672852,160127,Michigan Broadband Service,10,1,X,MI,88276accb9fffff
261379505004000,0,0,20,21672852,160127,Michigan Broadband Service,10,1,X,MI,88276accb9fffff
261379505004001,0,0,52,21672852,160127,Michigan Broadband Service,10,1,X,MI,88276accb9fffff
261379505004001,10,1,11,21672852,160127,Michigan Broadband Service,10,1,X,MI,88276accbbfffff
261379505004002,0,0,2,21672852,160127,Michigan Broadband Service,10,1,X,MI,88276accbbfffff
261379505004002,10,1,9,21672852,160127,Michigan Broadband Service,10,1,X,MI,88276accbbfffff
261379505004003,0,0,2,21672852,160127,Michigan Broadband Service,10,1,X,MI,88276accbbfffff
261379505004003,10,1,3,21672852,160127,Michigan Broadband Service,10,1,X,MI,88276accbbfffff
261379505004004,0,0,23,21672852,160127,Michigan Broadband Service,10,1,X,MI,88276accbbfffff
261379505004005,0,0,2,21672852,160127,Michigan Broadband Service,10,1,X,MI,88276accb9fffff
261379505004008,0,0,1,21672852,160127,Michigan Broadband Service,10,1,X,MI,88276a1965fffff
261379505004008,10,1,37,21672852,160127,Michigan Broadband Service,10,1,X,MI,88276a196dfffff
261379505004008,25,3,13,21672852,160127,Michigan Broadband Service,10,1,X,MI,88276a1961fffff
261379505004010,10,1,18,21672852,160127,Michigan Broadband Service,10,1,X,MI,88276a1969fffff
261379505004011,10,1,6,21672852,160127,Michigan Broadband Service,10,1,X,MI,88276acc97fffff
261379505004012,0,0,9,21672852,160127,Michigan Broadband Service,10,1,X,MI,88276acc95fffff
261379505004012,10,1,23,21672852,160127,Michigan Broadband Service,10,1,X,MI,88276acc97fffff
261379505004016,10,1,127,21672852,160127,Michigan Broadband Service,10,1,X,MI,88276a1969fffff
261379505004016,25,3,22,21672852,160127,Michigan Broadband Service,10,1,X,MI,88276a1969fffff
261379505004017,10,1,17,21672852,160127,Michigan Broadband Service,10,1,X,MI,88276a196bfffff
261379505004018,0,0,10,21672852,160127,Michigan Broadband Service,10,1,X,MI,88276a1969fffff
261379505004019,0,0,12,21672852,160127,Michigan Broadband Service,10,1,X,MI,88276acc93fffff
261379505004020,0,0,8,21672852,160127,Michigan Broadband Service,10,1,X,MI,88276acc93fffff
261379505004021,0,0,178,21672852,160127,Michigan Broadband Service,10,1,X,MI,88276a1941fffff
261379505004022,25,3,4,21672852,160127,Michigan Broadband Service,10,1,X,MI,88276a196bfffff
261379505004023,0,0,41,21672852,160127,Michigan Broadband Service,10,1,X,MI,88276a1901fffff
261379505004023,10,1,34,21672852,160127,Michigan Broadband Service,10,1,X,MI,88276a1901fffff
261379505004024,0,0,2,21672852,160127,Michigan Broadband Service,10,1,X,MI,88276a1947fffff
261379505004024,10,1,23,21672852,160127,Michigan Broadband Service,10,1,X,MI,88276a190dfffff
261379505004025,0,0,5,21672852,160127,Michigan Broadband Service,10,1,X,MI,88276a1947fffff
261379505004025,10,1,10,21672852,160127,Michigan Broadband Service,10,1,X,MI,88276a1947fffff
261379505004026,10,1,17,21672852,160127,Michigan Broadband Service,10,1,X,MI,88276a1901fffff
261379505004027,10,1,14,21672852,160127,Michigan Broadband Service,10,1,X,MI,88276a1901fffff
261379505004028,10,1,13,21672852,160127,Michigan Broadband Service,10,1,X,MI,88276a1945fffff
261379505004028,25,3,19,21672852,160127,Michigan Broadband Service,10,1,X,MI,88276a196bfffff
261379505004029,0,0,9,21672852,160127,Michigan Broadband Service,10,1,X,MI,88276a1941fffff
261379505004030,0,0,16,21672852,160127,Michigan Broadband Service,10,1,X,MI,88276a1943fffff
261379505004031,25,3,9,21672852,160127,Michigan Broadband Service,10,1,X,MI,88276a1961fffff
261379505004032,25,3,9,21672852,160127,Michigan Broadband Service,10,1,X,MI,88276a196bfffff
261379505004033,25,3,10,21672852,160127,Michigan Broadband Service,10,1,X,MI,88276a196bfffff
261379505004034,10,1,9,21672852,160127,Michigan Broadband Service,10,1,X,MI,88276a196bfffff
261379505004034,25,3,1,21672852,160127,Michigan Broadband Service,10,1,X,MI,88276a196bfffff
261379505004035,10,1,25,21672852,160127,Michigan Broadband Service,10,1,X,MI,88276a196dfffff
261379505004036,0,0,9,21672852,160127,Michigan Broadband Service,10,1,X,MI,88276a5653fffff
261379505004036,10,1,13,21672852,160127,Michigan Broadband Service,10,1,X,MI,88276a1967fffff
261379505004037,10,1,5,21672852,160127,Michigan Broadband Service,10,1,X,MI,88276a196bfffff
261379505004038,10,1,31,21672852,160127,Michigan Broadband Service,10,1,X,MI,88276a190dfffff
261379505004038,25,3,1,21672852,160127,Michigan Broadband Service,10,1,X,MI,88276a1901fffff
261379506001036,0,0,39,21672852,160127,Michigan Broadband Service,10,1,X,MI,88276a1b25fffff
261379506001038,0,0,5,21672852,160127,Michigan Broadband Service,10,1,X,MI,88276accd3fffff
261379506001044,0,0,6,21672852,160127,Michigan Broadband Service,10,1,X,MI,88276accd3fffff
261379506001045,0,0,4,21672852,160127,Michigan Broadband Service,10,1,X,MI,88276a1b25fffff
261379506001046,0,0,1,21672852,160127,Michigan Broadband Service,10,1,X,MI,88276a1b27fffff
261379506001047,0,0,2,21672852,160127,Michigan Broadband Service,10,1,X,MI,88276a1b27fffff
261379506001054,25,3,1,21672852,160127,Michigan Broadband Service,10,1,X,MI,88276a1b3dfffff
261379506001058,0,0,12,21672852,160127,Michigan Broadband Service,10,1,X,MI,88276acc93fffff
261379506001059,0,0,23,21672852,160127,Michigan Broadband Service,10,1,X,MI,88276acc93fffff
261379506001060,0,0,5,21672852,160127,Michigan Broadband Service,10,1,X,MI,88276a194dfffff
261379506001062,0,0,2,21672852,160127,Michigan Broadband Service,10,1,X,MI,88276a194dfffff
261379506001065,0,0,12,21672852,160127,Michigan Broadband Service,10,1,X,MI,88276a1941fffff
261379506001065,10,1,4,21672852,160127,Michigan Broadband Service,10,1,X,MI,88276a195dfffff
261379506001068,0,0,15,21672852,160127,Michigan Broadband Service,10,1,X,MI,88276acc93fffff
261379506001069,25,3,3,21672852,160127,Michigan Broadband Service,10,1,X,MI,88276a1b35fffff
261379506001070,10,1,3,21672852,160127,Michigan Broadband Service,10,1,X,MI,88276a1b3dfffff
261379506001070,25,3,32,21672852,160127,Michigan Broadband Service,10,1,X,MI,88276a1b31fffff
261379506001071,10,1,6,21672852,160127,Michigan Broadband Service,10,1,X,MI,88276a1b3dfffff
261379506001071,25,3,4,21672852,160127,Michigan Broadband Service,10,1,X,MI,88276a1b31fffff
261379506001074,25,3,1,21672852,160127,Michigan Broadband Service,10,1,X,MI,88276a1951fffff
261379506001075,25,3,1,21672852,160127,Michigan Broadband Service,10,1,X,MI,88276a195bfffff
261379506001082,0,0,5,21672852,160127,Michigan Broadband Service,10,1,X,MI,88276a194dfffff
261379506001083,10,1,15,21672852,160127,Michigan Broadband Service,10,1,X,MI,88276a195dfffff
261379506001083,25,3,3,21672852,160127,Michigan Broadband Service,10,1,X,MI,88276a1955fffff
261379506002000,0,0,18,21672852,160127,Michigan Broadband Service,10,1,X,MI,88276a1943fffff
261379506002000,10,1,43,21672852,160127,Michigan Broadband Service,10,1,X,MI,88276a1943fffff
261379506002000,25,3,9,21672852,160127,Michigan Broadband Service,10,1,X,MI,88276a1955fffff
261379506002001,0,0,4,21672852,160127,Michigan Broadband Service,10,1,X,MI,88276a1943fffff
261379506002002,10,1,3,21672852,160127,Michigan Broadband Service,10,1,X,MI,88276a1909fffff
261379506002002,25,3,3,21672852,160127,Michigan Broadband Service,10,1,X,MI,88276a1955fffff
261379506002003,10,1,13,21672852,160127,Michigan Broadband Service,10,1,X,MI,88276a1903fffff
261379506002007,10,1,6,21672852,160127,Michigan Broadband Service,10,1,X,MI,88276a1939fffff
261379506002116,25,3,1,21672852,160127,Michigan Broadband Service,10,1,X,MI,88276a1957fffff
261379506002117,10,1,2,21672852,160127,Michigan Broadband Service,10,1,X,MI,88276a1825fffff
261379506002117,25,3,1,21672852,160127,Michigan Broadband Service,10,1,X,MI,88276a1957fffff
261419501001002,10,1,5,21672852,160127,Michigan Broadband Service,10,1,X,MI,88276e71d9fffff
261419501001002,25,3,30,21672852,160127,Michigan Broadband Service,10,1,X,MI,88276e71dbfffff
261419501001003,10,1,19,21672852,160127,Michigan Broadband Service,10,1,X,MI,88276e7561fffff
261419501001003,25,3,27,21672852,160127,Michigan Broadband Service,10,1,X,MI,88276e756dfffff
261419501001004,0,0,13,21672852,160127,Michigan Broadband Service,10,1,X,MI,88276e71cbfffff
261419501001004,10,1,4,21672852,160127,Michigan Broadband Service,10,1,X,MI,88276e7037fffff
261419501001005,10,1,11,21672852,160127,Michigan Broadband Service,10,1,X,MI,88276e71ddfffff
261419501001006,10,1,1,21672852,160127,Michigan Broadband Service,10,1,X,MI,88276e7529fffff
261419501001008,10,1,3,21672852,160127,Michigan Broadband Service,10,1,X,MI,88276e70bbfffff
261419501001008,25,3,14,21672852,160127,Michigan Broadband Service,10,1,X,MI,88276e70bbfffff
261419501001009,0,0,23,21672852,160127,Michigan Broadband Service,10,1,X,MI,88276e71c9fffff
261419501001038,10,1,1,21672852,160127,Michigan Broadband Service,10,1,X,MI,88276e7529fffff
261419501001039,10,1,5,21672852,160127,Michigan Broadband Service,10,1,X,MI,88276e7565fffff
261419501001040,0,0,1,21672852,160127,Michigan Broadband Service,10,1,X,MI,88276e71cbfffff
261419501001040,10,1,37,21672852,160127,Michigan Broadband Service,10,1,X,MI,88276e70abfffff
261419501001040,25,3,32,21672852,160127,Michigan Broadband Service,10,1,X,MI,88276e756dfffff
261419501001047,10,1,1,21672852,160127,Michigan Broadband Service,10,1,X,MI,88276e71d9fffff
