block_geoid,max_advertised_download_speed,max_advertised_upload_speed,count,frn,provider_id,brand_name,technology,low_latency,business_residential_code,state_usps,h3_res8_id
260030002001002,0,0,2,4948105,131310,TDS Telecom,10,1,X,MI,882744096bfffff
260030002001002,10,1,19,4948105,131310,TDS Telecom,10,1,X,MI,88274454bbfffff
260030002001002,25,5,8,4948105,131310,TDS Telecom,10,1,X,MI,88274454b5fffff
260030002001002,50,10,5,4948105,131310,TDS Telecom,10,1,X,MI,88274454b7fffff
260030002001004,0,0,3,4948105,131310,TDS Telecom,10,1,X,MI,88274454adfffff
260030002001004,10,1,8,4948105,131310,TDS Telecom,10,1,X,MI,8827445517fffff
260030002001004,50,10,8,4948105,131310,TDS Telecom,10,1,X,MI,88274454a1fffff
260030002001007,10,1,5,4948105,131310,TDS Telecom,10,1,X,MI,882744429dfffff
260030002001007,25,5,1,4948105,131310,TDS Telecom,10,1,X,MI,882744429dfffff
260030002001007,50,10,16,4948105,131310,TDS Telecom,10,1,X,MI,882744428dfffff
260030002001016,50,10,1,4948105,131310,TDS Telecom,10,1,X,MI,8827444287fffff
260030002001019,50,10,3,4948105,131310,TDS Telecom,10,1,X,MI,88274442dbfffff
260030002001020,10,1,8,4948105,131310,TDS Telecom,10,1,X,MI,882744090dfffff
260030002001020,25,5,3,4948105,131310,TDS Telecom,10,1,X,MI,8827440901fffff
260030002001021,10,1,3,4948105,131310,TDS Telecom,10,1,X,MI,8827440963fffff
260030002001022,10,1,4,4948105,131310,TDS Telecom,10,1,X,MI,8827440961fffff
260030002001026,10,1,2,4948105,131310,TDS Telecom,10,1,X,MI,88274455bbfffff
260030002001026,25,5,3,4948105,131310,TDS Telecom,10,1,X,MI,8827445591fffff
260030002001026,50,10,8,4948105,131310,TDS Telecom,10,1,X,MI,882744464dfffff
260030002001027,50,10,2,4948105,131310,TDS Telecom,10,1,X,MI,88274454b5fffff
260030002001028,10,1,7,4948105,131310,TDS Telecom,10,1,X,MI,8827445591fffff
260030002001028,25,5,6,4948105,131310,TDS Telecom,10,1,X,MI,88274455bbfffff
260030002001028,50,10,12,4948105,131310,TDS Telecom,10,1,X,MI,88274455a7fffff
260030002001032,50,10,4,4948105,131310,TDS Telecom,10,1,X,MI,88274455a5fffff
260030002001033,0,0,4,4948105,131310,TDS Telecom,10,1,X,MI,88274455bbfffff
260030002001033,10,1,9,4948105,131310,TDS Telecom,10,1,X,MI,8827444665fffff
260030002001033,50,10,3,4948105,131310,TDS Telecom,10,1,X,MI,8827444659fffff
260030002001035,0,0,1,4948105,131310,TDS Telecom,10,1,X,MI,8827444659fffff
260030002001036,0,0,1,4948105,131310,TDS Telecom,10,1,X,MI,8827444653fffff
260030002001037,10,1,2,4948105,131310,TDS Telecom,10,1,X,MI,88274455b3fffff
260030002001038,10,1,3,4948105,131310,TDS Telecom,10,1,X,MI,8827444703fffff
260030002001039,50,10,1,4948105,131310,TDS Telecom,10,1,X,MI,8827444741fffff
260030002001042,10,1,9,4948105,131310,TDS Telecom,10,1,X,MI,8827444299fffff
260030002001042,50,10,1,4948105,131310,TDS Telecom,10,1,X,MI,8827444293fffff
260030002001043,25,5,1,4948105,131310,TDS Telecom,10,1,X,MI,8827444295fffff
260030002001044,10,1,7,4948105,131310,TDS Telecom,10,1,X,MI,8827444295fffff
260030002001044,25,5,1,4948105,131310,TDS Telecom,10,1,X,MI,8827444295fffff
260030002001044,50,10,1,4948105,131310,TDS Telecom,10,1,X,MI,8827444287fffff
260030002001053,10,1,1,4948105,131310,TDS Telecom,10,1,X,MI,882744468dfffff
260030002001055,0,0,1,4948105,131310,TDS Telecom,10,1,X,MI,8827444419fffff
260030002001055,10,1,12,4948105,131310,TDS Telecom,10,1,X,MI,8827444681fffff
260030002001055,25,5,6,4948105,131310,TDS Telecom,10,1,X,MI,882744441bfffff
260030002001055,50,10,3,4948105,131310,TDS Telecom,10,1,X,MI,882744441dfffff
260030002001056,50,10,1,4948105,131310,TDS Telecom,10,1,X,MI,88274444cdfffff
260030002001059,50,10,3,4948105,131310,TDS Telecom,10,1,X,MI,88274446b3fffff
260030002001060,25,5,2,4948105,131310,TDS Telecom,10,1,X,MI,88274444c9fffff
260030002001060,50,10,2,4948105,131310,TDS Telecom,10,1,X,MI,88274444cdfffff
260030002001062,0,0,1,4948105,131310,TDS Telecom,10,1,X,MI,8827440937fffff
260030002001067,10,1,2,4948105,131310,TDS Telecom,10,1,X,MI,8827440901fffff
260030002001067,25,5,3,4948105,131310,TDS Telecom,10,1,X,MI,8827440901fffff
260030002001069,10,1,1,4948105,131310,TDS Telecom,10,1,X,MI,882744090bfffff
260030002001069,25,5,3,4948105,131310,TDS Telecom,10,1,X,MI,882744090bfffff
260030002001073,50,10,3,4948105,131310,TDS Telecom,10,1,X,MI,8827440957fffff
260030002001083,50,10,2,4948105,131310,TDS Telecom,10,1,X,MI,882744091bfffff
260030002001086,10,1,8,4948105,131310,TDS Telecom,10,1,X,MI,8827440911fffff
260030002001086,25,5,14,4948105,131310,TDS Telecom,10,1,X,MI,8827440913fffff
260030002001086,50,10,3,4948105,131310,TDS Telecom,10,1,X,MI,8827440913fffff
260030002001087,10,1,7,4948105,131310,TDS Telecom,10,1,X,MI,8827440913fffff
260030002001088,10,1,6,4948105,131310,TDS Telecom,10,1,X,MI,8827440917fffff
260030002001094,10,1,10,4948105,131310,TDS Telecom,10,1,X,MI,8827444683fffff
260030002001094,25,5,5,4948105,131310,TDS Telecom,10,1,X,MI,8827447369fffff
260030002001095,10,1,3,4948105,131310,TDS Telecom,10,1,X,MI,8827447347fffff
260030002001095,50,10,1,4948105,131310,TDS Telecom,10,1,X,MI,8827447343fffff
260030002001097,10,1,1,4948105,131310,TDS Telecom,10,1,X,MI,8827447347fffff
260030002001098,10,1,6,4948105,131310,TDS Telecom,10,1,X,MI,8827447345fffff
260030002001098,25,5,1,4948105,131310,TDS Telecom,10,1,X,MI,882744736bfffff
260030002001099,25,5,1,4948105,131310,TDS Telecom,10,1,X,MI,8827447361fffff
260030002001099,50,10,1,4948105,131310,TDS Telecom,10,1,X,MI,882744736dfffff
260030002001100,50,10,2,4948105,131310,TDS Telecom,10,1,X,MI,8827447365fffff
260030002001101,25,5,1,4948105,131310,TDS Telecom,10,1,X,MI,882744736dfffff
260030002001101,50,10,3,4948105,131310,TDS Telecom,10,1,X,MI,88274446b3fffff
260030002001102,25,5,1,4948105,131310,TDS Telecom,10,1,X,MI,88274446b7fffff
260030002001103,25,5,1,4948105,131310,TDS Telecom,10,1,X,MI,88274446b7fffff
260030002001104,50,10,1,4948105,131310,TDS Telecom,10,1,X,MI,8827447361fffff
260030002001107,25,5,2,4948105,131310,TDS Telecom,10,1,X,MI,88274444ddfffff
260030002001107,50,10,2,4948105,131310,TDS Telecom,10,1,X,MI,88274444ddfffff
260030002001108,10,1,1,4948105,131310,TDS Telecom,10,1,X,MI,88274444c3fffff
260030002001109,10,1,3,4948105,131310,TDS Telecom,10,1,X,MI,88274444cbfffff
260030002001109,25,5,1,4948105,131310,TDS Telecom,10,1,X,MI,88274444ddfffff
260030002001109,50,10,3,4948105,131310,TDS Telecom,10,1,X,MI,88274444cbfffff
260030002001110,0,0,1,4948105,131310,TDS Telecom,10,1,X,MI,88274444c1fffff
260030002001110,50,10,5,4948105,131310,TDS Telecom,10,1,X,MI,88274444cbfffff
260030002001111,10,1,1,4948105,131310,TDS Telecom,10,1,X,MI,88274444cdfffff
260030002001111,50,10,1,4948105,131310,TDS Telecom,10,1,X,MI,88274444cdfffff
260030002001112,10,1,1,4948105,131310,TDS Telecom,10,1,X,MI,88274444cdfffff
260030002001112,50,10,3,4948105,131310,TDS Telecom,10,1,X,MI,88274444c5fffff
260030002001113,50,10,3,4948105,131310,TDS Telecom,10,1,X,MI,8827444417fffff
260030002001115,0,0,1,4948105,131310,TDS Telecom,10,1,X,MI,8827444407fffff
260030002001115,10,1,7,4948105,131310,TDS Telecom,10,1,X,MI,8827444439fffff
260030002001115,25,5,3,4948105,131310,TDS Telecom,10,1,X,MI,882744441dfffff
260030002001115,50,10,3,4948105,131310,TDS Telecom,10,1,X,MI,882744443bfffff
260030002001116,50,10,1,4948105,131310,TDS Telecom,10,1,X,MI,882744443bfffff
260030002001117,10,1,2,4948105,131310,TDS Telecom,10,1,X,MI,8827444439fffff
260030002001117,25,5,1,4948105,131310,TDS Telecom,10,1,X,MI,8827444415fffff
260030002001117,50,10,4,4948105,131310,TDS Telecom,10,1,X,MI,8827444415fffff
260030002001120,25,5,6,4948105,131310,TDS Telecom,10,1,X,MI,88274444c3fffff
260030002001120,50,10,2,4948105,131310,TDS Telecom,10,1,X,MI,88274444c3fffff
260030002001121,25,5,2,4948105,131310,TDS Telecom,10,1,X,MI,88274444c3fffff
260030002001121,50,10,1,4948105,131310,TDS Telecom,10,1,X,MI,88274444c3fffff
260030002001122,0,0,6,4948105,131310,TDS Telecom,10,1,X,MI,88274444c1fffff
260030002001123,0,0,1,4948105,131310,TDS Telecom,10,1,X,MI,88274444c1fffff
260030002001124,50,10,2,4948105,131310,TDS Telecom,10,1,X,MI,88274444c7fffff
260030002001125,50,10,5,4948105,131310,TDS Telecom,10,1,X,MI,88274444c5fffff
260030002001126,10,1,2,4948105,131310,TDS Telecom,10,1,X,MI,88274444e1fffff
260030002001126,25,5,2,4948105,131310,TDS Telecom,10,1,X,MI,88274444e1fffff
260030002001126,50,10,4,4948105,131310,TDS Telecom,10,1,X,MI,88274444edfffff
260030002001127,10,1,1,4948105,131310,TDS Telecom,10,1,X,MI,88274444edfffff
260030002001127,50,10,2,4948105,131310,TDS Telecom,10,1,X,MI,88274444edfffff
260030002001128,10,1,3,4948105,131310,TDS Telecom,10,1,X,MI,8827444435fffff
260030002001128,25,5,3,4948105,131310,TDS Telecom,10,1,X,MI,8827444437fffff
260030002001128,50,10,2,4948105,131310,TDS Telecom,10,1,X,MI,882744443bfffff
260030002001129,0,0,3,4948105,131310,TDS Telecom,10,1,X,MI,8827444421fffff
260030002001129,10,1,12,4948105,131310,TDS Telecom,10,1,X,MI,8827444423fffff
260030002001129,25,5,8,4948105,131310,TDS Telecom,10,1,X,MI,88274445c5fffff
260030002001129,50,10,12,4948105,131310,TDS Telecom,10,1,X,MI,88274445d5fffff
260030002001130,10,1,3,4948105,131310,TDS Telecom,10,1,X,MI,8827444517fffff
260030002001130,25,5,1,4948105,131310,TDS Telecom,10,1,X,MI,88274445e9fffff
260030002001131,10,1,2,4948105,131310,TDS Telecom,10,1,X,MI,882744473bfffff
260030002001134,0,0,1,4948105,131310,TDS Telecom,10,1,X,MI,8827444705fffff
260030002001134,10,1,3,4948105,131310,TDS Telecom,10,1,X,MI,8827444709fffff
260030002001135,10,1,7,4948105,131310,TDS Telecom,10,1,X,MI,8827444295fffff
260030002001135,50,10,3,4948105,131310,TDS Telecom,10,1,X,MI,8827444763fffff
260030002001137,10,1,1,4948105,131310,TDS Telecom,10,1,X,MI,8827444747fffff
260030002001137,50,10,1,4948105,131310,TDS Telecom,10,1,X,MI,8827444709fffff
260030002001138,0,0,2,4948105,131310,TDS Telecom,10,1,X,MI,8827444761fffff
260030002001138,10,1,1,4948105,131310,TDS Telecom,10,1,X,MI,88274442b5fffff
260030002001138,25,5,1,4948105,131310,TDS Telecom,10,1,X,MI,88274440cbfffff
260030002001138,50,10,8,4948105,131310,TDS Telecom,10,1,X,MI,88274440c9fffff
260030002001141,0,0,1,4948105,131310,TDS Telecom,10,1,X,MI,8827444723fffff
260030002001143,10,1,3,4948105,131310,TDS Telecom,10,1,X,MI,8827444517fffff
260030002001144,0,0,3,4948105,131310,TDS Telecom,10,1,X,MI,8827444533fffff
260030002001144,10,1,3,4948105,131310,TDS Telecom,10,1,X,MI,88274445edfffff
260030002001144,25,5,1,4948105,131310,TDS Telecom,10,1,X,MI,88274445e9fffff
260030002001145,0,0,1,4948105,131310,TDS Telecom,10,1,X,MI,8827444533fffff
260030002001145,10,1,1,4948105,131310,TDS Telecom,10,1,X,MI,8827444533fffff
260030002001147,25,5,3,4948105,131310,TDS Telecom,10,1,X,MI,88274445e1fffff
260030002001148,25,5,1,4948105,131310,TDS Telecom,10,1,X,MI,88274445e1fffff
260030002001148,50,10,1,4948105,131310,TDS Telecom,10,1,X,MI,88274445e1fffff
260030002001149,10,1,2,4948105,131310,TDS Telecom,10,1,X,MI,8827444edbfffff
260030002001149,25,5,3,4948105,131310,TDS Telecom,10,1,X,MI,88274445e5fffff
260030002001149,50,10,1,4948105,131310,TDS Telecom,10,1,X,MI,88274445adfffff
260030002001150,50,10,2,4948105,131310,TDS Telecom,10,1,X,MI,88274445e3fffff
260030002001152,50,10,3,4948105,131310,TDS Telecom,10,1,X,MI,88274445d9fffff
260030002001153,10,1,1,4948105,131310,TDS Telecom,10,1,X,MI,8827444433fffff
260030002001155,25,5,1,4948105,131310,TDS Telecom,10,1,X,MI,88274444e1fffff
260030002001155,50,10,1,4948105,131310,TDS Telecom,10,1,X,MI,88274444edfffff
260030002001157,25,5,1,4948105,131310,TDS Telecom,10,1,X,MI,8827447367fffff
260030002001157,50,10,1,4948105,131310,TDS Telecom,10,1,X,MI,8827447367fffff
260030002001162,10,1,2,4948105,131310,TDS Telecom,10,1,X,MI,88274444d3fffff
260030002001162,25,5,4,4948105,131310,TDS Telecom,10,1,X,MI,88274444d3fffff
260030002001162,50,10,7,4948105,131310,TDS Telecom,10,1,X,MI,882744732dfffff
260030002001164,10,1,4,4948105,131310,TDS Telecom,10,1,X,MI,88274444d7fffff
260030002001164,25,5,6,4948105,131310,TDS Telecom,10,1,X,MI,882744448bfffff
260030002001164,50,10,5,4948105,131310,TDS Telecom,10,1,X,MI,88274444d5fffff
260030002001165,0,0,1,4948105,131310,TDS Telecom,10,1,X,MI,882744448bfffff
260030002001165,10,1,4,4948105,131310,TDS Telecom,10,1,X,MI,882744448bfffff
260030002001165,25,5,2,4948105,131310,TDS Telecom,10,1,X,MI,882744448bfffff
260030002001165,50,10,1,4948105,131310,TDS Telecom,10,1,X,MI,8827444489fffff
260030002001167,0,0,1,4948105,131310,TDS Telecom,10,1,X,MI,882744730dfffff
260030002001167,10,1,2,4948105,131310,TDS Telecom,10,1,X,MI,8827447363fffff
260030002001167,25,5,2,4948105,131310,TDS Telecom,10,1,X,MI,882744730dfffff
260030002001167,50,10,3,4948105,131310,TDS Telecom,10,1,X,MI,8827447361fffff
260030002001168,10,1,3,4948105,131310,TDS Telecom,10,1,X,MI,882744736bfffff
260030002001168,25,5,2,4948105,131310,TDS Telecom,10,1,X,MI,882744736bfffff
260030002001169,10,1,2,4948105,131310,TDS Telecom,10,1,X,MI,8827447309fffff
260030002001170,50,10,3,4948105,131310,TDS Telecom,10,1,X,MI,8827447301fffff
260030002001171,10,1,3,4948105,131310,TDS Telecom,10,1,X,MI,8827447305fffff
260030002001171,25,5,3,4948105,131310,TDS Telecom,10,1,X,MI,8827447305fffff
260030002001171,50,10,1,4948105,131310,TDS Telecom,10,1,X,MI,882744730dfffff
260030002001175,50,10,1,4948105,131310,TDS Telecom,10,1,X,MI,882744429bfffff
260030002001186,10,1,1,4948105,131310,TDS Telecom,10,1,X,MI,88274446c1fffff
260030002002008,10,1,2,4948105,131310,TDS Telecom,10,1,X,MI,8827440b13fffff
260030002002008,25,5,1,4948105,131310,TDS Telecom,10,1,X,MI,8827440b13fffff
260030002002008,50,10,21,4948105,131310,TDS Telecom,10,1,X,MI,8827440b13fffff
260030002002009,25,5,1,4948105,131310,TDS Telecom,10,1,X,MI,8827440843fffff
260030002002009,50,10,4,4948105,131310,TDS Telecom,10,1,X,MI,8827440843fffff
260030002002062,0,0,1,4948105,131310,TDS Telecom,10,1,X,MI,88274409ddfffff
260030002002062,25,5,2,4948105,131310,TDS Telecom,10,1,X,MI,8827440809fffff
260030002002062,50,10,8,4948105,131310,TDS Telecom,10,1,X,MI,8827440809fffff
260030002002064,0,0,1,4948105,131310,TDS Telecom,10,1,X,MI,882744095bfffff
260030002002068,10,1,1,4948105,131310,TDS Telecom,10,1,X,MI,8827440821fffff
260030002002069,10,1,1,4948105,131310,TDS Telecom,10,1,X,MI,882744082dfffff
260030002002071,50,10,3,4948105,131310,TDS Telecom,10,1,X,MI,8827440953fffff
260030002002074,50,10,1,4948105,131310,TDS Telecom,10,1,X,MI,8827440953fffff
260030002002077,10,1,6,4948105,131310,TDS Telecom,10,1,X,MI,8827440827fffff
260030002002077,25,5,26,4948105,131310,TDS Telecom,10,1,X,MI,8827440827fffff
260030002002077,50,10,13,4948105,131310,TDS Telecom,10,1,X,MI,882744091bfffff
260030002002078,10,1,3,4948105,131310,TDS Telecom,10,1,X,MI,882744091bfffff
260030002002078,25,5,1,4948105,131310,TDS Telecom,10,1,X,MI,882744091bfffff
260030002002080,25,5,5,4948105,131310,TDS Telecom,10,1,X,MI,882744091bfffff
260030002002080,50,10,1,4948105,131310,TDS Telecom,10,1,X,MI,882744091bfffff
260030002002097,50,10,2,4948105,131310,TDS Telecom,10,1,X,MI,88274409c5fffff
260030002002099,10,1,19,4948105,131310,TDS Telecom,10,1,X,MI,882744091bfffff
260030002002099,25,5,19,4948105,131310,TDS Telecom,10,1,X,MI,8827440913fffff
260030002002099,50,10,3,4948105,131310,TDS Telecom,10,1,X,MI,8827440913fffff
260030003001000,0,0,1,4948105,131310,TDS Telecom,10,1,X,MI,8827447051fffff
260030003001000,25,5,1,4948105,131310,TDS Telecom,10,1,X,MI,8827447235fffff
260030003001000,50,10,3,4948105,131310,TDS Telecom,10,1,X,MI,8827447237fffff
260030003001003,0,0,1,4948105,131310,TDS Telecom,10,1,X,MI,882744704dfffff
260030003001011,50,10,2,4948105,131310,TDS Telecom,10,1,X,MI,8827447313fffff
260030003001014,50,10,2,4948105,131310,TDS Telecom,10,1,X,MI,8827447301fffff
260030003001015,0,0,2,4948105,131310,TDS Telecom,10,1,X,MI,8827447339fffff
260030003001015,10,1,9,4948105,131310,TDS Telecom,10,1,X,MI,8827447321fffff
260030003001015,25,5,4,4948105,131310,TDS Telecom,10,1,X,MI,8827447329fffff
260030003001015,50,10,6,4948105,131310,TDS Telecom,10,1,X,MI,8827447305fffff
260030003001017,10,1,1,4948105,131310,TDS Telecom,10,1,X,MI,88274444d3fffff
260030003001017,50,10,7,4948105,131310,TDS Telecom,10,1,X,MI,882744732dfffff
260030003001018,10,1,10,4948105,131310,TDS Telecom,10,1,X,MI,8827447325fffff
260030003001018,25,5,3,4948105,131310,TDS Telecom,10,1,X,MI,8827447325fffff
260030003001019,10,1,14,4948105,131310,TDS Telecom,10,1,X,MI,88274444d7fffff
260030003001019,25,5,1,4948105,131310,TDS Telecom,10,1,X,MI,8827444483fffff
260030003001019,50,10,2,4948105,131310,TDS Telecom,10,1,X,MI,8827444495fffff
260030003001020,0,0,1,4948105,131310,TDS Telecom,10,1,X,MI,88274444b5fffff
260030003001020,10,1,2,4948105,131310,TDS Telecom,10,1,X,MI,88274444b5fffff
260030003001020,25,5,1,4948105,131310,TDS Telecom,10,1,X,MI,8827447129fffff
260030003001020,50,10,4,4948105,131310,TDS Telecom,10,1,X,MI,8827444495fffff
260030003001021,50,10,8,4948105,131310,TDS Telecom,10,1,X,MI,88274445d7fffff
260030003001023,50,10,2,4948105,131310,TDS Telecom,10,1,X,MI,8827444581fffff
260030003001024,10,1,1,4948105,131310,TDS Telecom,10,1,X,MI,88274444adfffff
260030003001024,50,10,4,4948105,131310,TDS Telecom,10,1,X,MI,88274445dbfffff
260030003001025,25,5,1,4948105,131310,TDS Telecom,10,1,X,MI,88274444e7fffff
260030003001026,10,1,4,4948105,131310,TDS Telecom,10,1,X,MI,88274444a9fffff
260030003001027,0,0,4,4948105,131310,TDS Telecom,10,1,X,MI,8827444481fffff
260030003001027,10,1,10,4948105,131310,TDS Telecom,10,1,X,MI,88274444e1fffff
260030003001027,25,5,4,4948105,131310,TDS Telecom,10,1,X,MI,88274444e1fffff
260030003001027,50,10,13,4948105,131310,TDS Telecom,10,1,X,MI,882744448dfffff
260030003001028,50,10,1,4948105,131310,TDS Telecom,10,1,X,MI,882744448dfffff
260030003001029,10,1,3,4948105,131310,TDS Telecom,10,1,X,MI,8827444491fffff
260030003001029,25,5,1,4948105,131310,TDS Telecom,10,1,X,MI,8827447169fffff
260030003001029,50,10,3,4948105,131310,TDS Telecom,10,1,X,MI,8827444493fffff
260030003001030,10,1,1,4948105,131310,TDS Telecom,10,1,X,MI,882744714dfffff
260030003001030,25,5,1,4948105,131310,TDS Telecom,10,1,X,MI,8827447145fffff
260030003001031,10,1,2,4948105,131310,TDS Telecom,10,1,X,MI,8827447327fffff
260030003001032,10,1,4,4948105,131310,TDS Telecom,10,1,X,MI,8827447149fffff
260030003001033,0,0,3,4948105,131310,TDS Telecom,10,1,X,MI,8827447331fffff
260030003001034,0,0,2,4948105,131310,TDS Telecom,10,1,X,MI,8827447331fffff
260030003001034,10,1,6,4948105,131310,TDS Telecom,10,1,X,MI,8827447143fffff
260030003001034,25,5,6,4948105,131310,TDS Telecom,10,1,X,MI,8827447155fffff
260030003001034,50,10,2,4948105,131310,TDS Telecom,10,1,X,MI,8827447337fffff
260030003001035,10,1,4,4948105,131310,TDS Telecom,10,1,X,MI,882744714dfffff
260030003001036,10,1,9,4948105,131310,TDS Telecom,10,1,X,MI,8827447143fffff
260030003001036,25,5,4,4948105,131310,TDS Telecom,10,1,X,MI,882744716bfffff
260030003001036,50,10,7,4948105,131310,TDS Telecom,10,1,X,MI,8827447167fffff
260030003001037,25,5,4,4948105,131310,TDS Telecom,10,1,X,MI,8827447121fffff
260030003001040,10,1,4,4948105,131310,TDS Telecom,10,1,X,MI,8827447151fffff
260030003001041,0,0,1,4948105,131310,TDS Telecom,10,1,X,MI,8827447029fffff
260030003001041,10,1,6,4948105,131310,TDS Telecom,10,1,X,MI,8827447029fffff
260030003001041,25,5,7,4948105,131310,TDS Telecom,10,1,X,MI,882744711bfffff
260030003001041,50,10,21,4948105,131310,TDS Telecom,10,1,X,MI,8827447119fffff
260030003001042,10,1,1,4948105,131310,TDS Telecom,10,1,X,MI,8827447027fffff
260030003001042,25,5,1,4948105,131310,TDS Telecom,10,1,X,MI,882744711bfffff
260030003001042,50,10,3,4948105,131310,TDS Telecom,10,1,X,MI,8827447111fffff
260030003001044,10,1,3,4948105,131310,TDS Telecom,10,1,X,MI,8827447187fffff
260030003001044,25,5,3,4948105,131310,TDS Telecom,10,1,X,MI,8827447181fffff
260030003001044,50,10,3,4948105,131310,TDS Telecom,10,1,X,MI,88274471a9fffff
260030003001046,0,0,2,4948105,131310,TDS Telecom,10,1,X,MI,88274471adfffff
260030003001046,10,1,1,4948105,131310,TDS Telecom,10,1,X,MI,88274471e3fffff
260030003001046,25,5,1,4948105,131310,TDS Telecom,10,1,X,MI,88274471e3fffff
260030003001047,25,5,4,4948105,131310,TDS Telecom,10,1,X,MI,88274471edfffff
260030003001047,50,10,6,4948105,131310,TDS Telecom,10,1,X,MI,882744713bfffff
260030003001048,25,5,4,4948105,131310,TDS Telecom,10,1,X,MI,8827447121fffff
260030003001048,50,10,15,4948105,131310,TDS Telecom,10,1,X,MI,8827447135fffff
260030003001051,10,1,1,4948105,131310,TDS Telecom,10,1,X,MI,8827447a2bfffff
260030003001051,25,5,1,4948105,131310,TDS Telecom,10,1,X,MI,8827447123fffff
260030003001053,10,1,14,4948105,131310,TDS Telecom,10,1,X,MI,8827447aedfffff
260030003001053,50,10,1,4948105,131310,TDS Telecom,10,1,X,MI,8827447ac1fffff
260030003001054,0,0,2,4948105,131310,TDS Telecom,10,1,X,MI,8827447a33fffff
260030003001054,10,1,9,4948105,131310,TDS Telecom,10,1,X,MI,8827447a37fffff
260030003001055,0,0,2,4948105,131310,TDS Telecom,10,1,X,MI,8827447a27fffff
260030003001055,10,1,2,4948105,131310,TDS Telecom,10,1,X,MI,8827447a27fffff
260030003001056,10,1,3,4948105,131310,TDS Telecom,10,1,X,MI,8827447849fffff
260030003001056,25,5,2,4948105,131310,TDS Telecom,10,1,X,MI,8827447843fffff
260030003001056,50,10,4,4948105,131310,TDS Telecom,10,1,X,MI,8827447847fffff
260030003001060,10,1,1,4948105,131310,TDS Telecom,10,1,X,MI,8827447b4dfffff
260030003001061,10,1,1,4948105,131310,TDS Telecom,10,1,X,MI,88274445a5fffff
260030003001061,25,5,1,4948105,131310,TDS Telecom,10,1,X,MI,88274445a5fffff
260030003001061,50,10,1,4948105,131310,TDS Telecom,10,1,X,MI,88274445adfffff
260030003001062,50,10,4,4948105,131310,TDS Telecom,10,1,X,MI,88274445adfffff
260030003001065,10,1,2,4948105,131310,TDS Telecom,10,1,X,MI,8827447129fffff
260030003001065,25,5,2,4948105,131310,TDS Telecom,10,1,X,MI,8827447121fffff
260030003001066,10,1,8,4948105,131310,TDS Telecom,10,1,X,MI,8827447a81fffff
260030003001066,25,5,3,4948105,131310,TDS Telecom,10,1,X,MI,8827447ac7fffff
260030003001066,50,10,1,4948105,131310,TDS Telecom,10,1,X,MI,8827447ac5fffff
260030003001070,10,1,1,4948105,131310,TDS Telecom,10,1,X,MI,8827447b3bfffff
260030003001070,25,5,2,4948105,131310,TDS Telecom,10,1,X,MI,882744786dfffff
260030003001070,50,10,1,4948105,131310,TDS Telecom,10,1,X,MI,8827447b17fffff
260030003001071,10,1,1,4948105,131310,TDS Telecom,10,1,X,MI,8827447a89fffff
260030003001071,25,5,1,4948105,131310,TDS Telecom,10,1,X,MI,8827447ac7fffff
260030003001071,50,10,3,4948105,131310,TDS Telecom,10,1,X,MI,8827447ac5fffff
260030003001073,10,1,5,4948105,131310,TDS Telecom,10,1,X,MI,882744781dfffff
260030003001073,25,5,2,4948105,131310,TDS Telecom,10,1,X,MI,8827447843fffff
260030003001073,50,10,10,4948105,131310,TDS Telecom,10,1,X,MI,8827447847fffff
260030003001074,10,1,5,4948105,131310,TDS Telecom,10,1,X,MI,8827447815fffff
260030003001074,25,5,2,4948105,131310,TDS Telecom,10,1,X,MI,8827447815fffff
260030003001074,50,10,2,4948105,131310,TDS Telecom,10,1,X,MI,8827447813fffff
260030003001075,50,10,1,4948105,131310,TDS Telecom,10,1,X,MI,882744786bfffff
260030003001077,0,0,1,4948105,131310,TDS Telecom,10,1,X,MI,8827447861fffff
260030003001077,10,1,2,4948105,131310,TDS Telecom,10,1,X,MI,882744786dfffff
260030003001077,25,5,1,4948105,131310,TDS Telecom,10,1,X,MI,882744786dfffff
260030003001077,50,10,1,4948105,131310,TDS Telecom,10,1,X,MI,8827447861fffff
260030003001078,50,10,2,4948105,131310,TDS Telecom,10,1,X,MI,8827447869fffff
260030003001079,10,1,1,4948105,131310,TDS Telecom,10,1,X,MI,882744786dfffff
260030003001079,25,5,1,4948105,131310,TDS Telecom,10,1,X,MI,882744786dfffff
260030003001079,50,10,3,4948105,131310,TDS Telecom,10,1,X,MI,882744786dfffff
260030003001080,0,0,1,4948105,131310,TDS Telecom,10,1,X,MI,8827447aa5fffff
260030003001080,10,1,2,4948105,131310,TDS Telecom,10,1,X,MI,8827447aedfffff
260030003001081,10,1,4,4948105,131310,TDS Telecom,10,1,X,MI,8827447a95fffff
260030003001082,10,1,2,4948105,131310,TDS Telecom,10,1,X,MI,8827447a9dfffff
260030003001083,10,1,7,4948105,131310,TDS Telecom,10,1,X,MI,8827447a8bfffff
260030003001084,0,0,2,4948105,131310,TDS Telecom,10,1,X,MI,8827447adbfffff
260030003001084,10,1,4,4948105,131310,TDS Telecom,10,1,X,MI,8827447ad7fffff
260030003001084,25,5,1,4948105,131310,TDS Telecom,10,1,X,MI,8827447ad5fffff
260030003001084,50,10,2,4948105,131310,TDS Telecom,10,1,X,MI,8827447ad5fffff
260030003001085,50,10,2,4948105,131310,TDS Telecom,10,1,X,MI,8827447addfffff
260030003001087,10,1,2,4948105,131310,TDS Telecom,10,1,X,MI,8827447815fffff
260030003001087,25,5,1,4948105,131310,TDS Telecom,10,1,X,MI,8827447815fffff
260030003001087,50,10,3,4948105,131310,TDS Telecom,10,1,X,MI,8827447801fffff
260030003001088,10,1,2,4948105,131310,TDS Telecom,10,1,X,MI,882744783dfffff
260030003001089,0,0,1,4948105,131310,TDS Telecom,10,1,X,MI,88274478e1fffff
260030003001089,10,1,5,4948105,131310,TDS Telecom,10,1,X,MI,88274478e5fffff
260030003001089,25,5,1,4948105,131310,TDS Telecom,10,1,X,MI,88274478ebfffff
260030003001092,0,0,3,4948105,131310,TDS Telecom,10,1,X,MI,8827446a49fffff
260030003001092,10,1,5,4948105,131310,TDS Telecom,10,1,X,MI,88274478a9fffff
260030003001093,0,0,3,4948105,131310,TDS Telecom,10,1,X,MI,88274478abfffff
260030003001093,10,1,1,4948105,131310,TDS Telecom,10,1,X,MI,8827447885fffff
260030003001093,50,10,1,4948105,131310,TDS Telecom,10,1,X,MI,88274478c7fffff
260030003001094,25,5,1,4948105,131310,TDS Telecom,10,1,X,MI,8827446367fffff
260030003001096,10,1,2,4948105,131310,TDS Telecom,10,1,X,MI,88274478d9fffff
260030003001096,50,10,2,4948105,131310,TDS Telecom,10,1,X,MI,88274478cbfffff
260030003001097,10,1,1,4948105,131310,TDS Telecom,10,1,X,MI,8827447ab3fffff
260030003001097,50,10,3,4948105,131310,TDS Telecom,10,1,X,MI,8827447ab5fffff
260030003001100,25,5,1,4948105,131310,TDS Telecom,10,1,X,MI,8827446365fffff
260030003001101,25,5,1,4948105,131310,TDS Telecom,10,1,X,MI,8827446329fffff
260030003001101,50,10,9,4948105,131310,TDS Telecom,10,1,X,MI,8827446363fffff
260030003001102,50,10,1,4948105,131310,TDS Telecom,10,1,X,MI,8827446361fffff
260030003001103,10,1,1,4948105,131310,TDS Telecom,10,1,X,MI,8827447a97fffff
260030003001103,50,10,1,4948105,131310,TDS Telecom,10,1,X,MI,8827446361fffff
260030003001104,10,1,1,4948105,131310,TDS Telecom,10,1,X,MI,8827447a91fffff
260030003001104,25,5,2,4948105,131310,TDS Telecom,10,1,X,MI,8827447a93fffff
260030003001104,50,10,5,4948105,131310,TDS Telecom,10,1,X,MI,8827446369fffff
260030003001108,10,1,10,4948105,131310,TDS Telecom,10,1,X,MI,8827447a99fffff
260030003001108,25,5,5,4948105,131310,TDS Telecom,10,1,X,MI,8827447a93fffff
260030003001108,50,10,12,4948105,131310,TDS Telecom,10,1,X,MI,88274471b7fffff
260030003001109,50,10,3,4948105,131310,TDS Telecom,10,1,X,MI,88274471abfffff
260030003001113,25,5,4,4948105,131310,TDS Telecom,10,1,X,MI,8827446329fffff
260030003001114,10,1,3,4948105,131310,TDS Telecom,10,1,X,MI,882744632bfffff
260030003001114,25,5,1,4948105,131310,TDS Telecom,10,1,X,MI,8827446329fffff
260030003001115,0,0,1,4948105,131310,TDS Telecom,10,1,X,MI,882744614dfffff
260030003001121,10,1,4,4948105,131310,TDS Telecom,10,1,X,MI,8827446335fffff
260030003002089,50,10,1,4948105,131310,TDS Telecom,10,1,X,MI,882744705bfffff
260030003002113,0,0,3,4948105,131310,TDS Telecom,10,1,X,MI,88274470c1fffff
260030003002242,0,0,1,4948105,131310,TDS Telecom,10,1,X,MI,8827447525fffff
260030003002243,0,0,6,4948105,131310,TDS Telecom,10,1,X,MI,8827446243fffff
260030003002243,10,1,1,4948105,131310,TDS Telecom,10,1,X,MI,88274470e5fffff
260030003002251,10,1,2,4948105,131310,TDS Telecom,10,1,X,MI,8827447191fffff
260030003002254,10,1,1,4948105,131310,TDS Telecom,10,1,X,MI,8827447191fffff
260030003002254,25,5,2,4948105,131310,TDS Telecom,10,1,X,MI,88274471b1fffff
260030003002254,50,10,1,4948105,131310,TDS Telecom,10,1,X,MI,88274471b1fffff
260030003002259,10,1,4,4948105,131310,TDS Telecom,10,1,X,MI,8827447183fffff
260030003002259,25,5,2,4948105,131310,TDS Telecom,10,1,X,MI,8827447187fffff
260030003002259,50,10,1,4948105,131310,TDS Telecom,10,1,X,MI,8827447187fffff
260030003002264,0,0,2,4948105,131310,TDS Telecom,10,1,X,MI,88274470c1fffff
260030003002269,0,0,1,4948105,131310,TDS Telecom,10,1,X,MI,8827446267fffff
260030003002270,10,1,7,4948105,131310,TDS Telecom,10,1,X,MI,8827447197fffff
260030003002270,50,10,6,4948105,131310,TDS Telecom,10,1,X,MI,88274471b1fffff
260030003002271,10,1,5,4948105,131310,TDS Telecom,10,1,X,MI,8827446359fffff
260030003002271,25,5,1,4948105,131310,TDS Telecom,10,1,X,MI,8827446351fffff
260030003002271,50,10,1,4948105,131310,TDS Telecom,10,1,X,MI,882744635dfffff
260030003002272,25,5,1,4948105,131310,TDS Telecom,10,1,X,MI,882744635dfffff
260030003002273,10,1,12,4948105,131310,TDS Telecom,10,1,X,MI,8827446331fffff
260030003002273,25,5,6,4948105,131310,TDS Telecom,10,1,X,MI,8827446351fffff
260030003002273,50,10,4,4948105,131310,TDS Telecom,10,1,X,MI,882744635dfffff
260030003002277,0,0,2,4948105,131310,TDS Telecom,10,1,X,MI,882744622dfffff
260030003002277,10,1,7,4948105,131310,TDS Telecom,10,1,X,MI,8827446229fffff
260030003002277,25,5,1,4948105,131310,TDS Telecom,10,1,X,MI,8827446351fffff
260030003002277,50,10,2,4948105,131310,TDS Telecom,10,1,X,MI,8827446319fffff
260030003002279,10,1,1,4948105,131310,TDS Telecom,10,1,X,MI,8827446223fffff
260030003002296,25,5,2,4948105,131310,TDS Telecom,10,1,X,MI,8827446363fffff
260030003002296,50,10,10,4948105,131310,TDS Telecom,10,1,X,MI,8827446363fffff
260030003002298,10,1,1,4948105,131310,TDS Telecom,10,1,X,MI,8827446329fffff
260030003002299,10,1,8,4948105,131310,TDS Telecom,10,1,X,MI,8827446335fffff
260030003002299,25,5,1,4948105,131310,TDS Telecom,10,1,X,MI,8827446305fffff
260030003002299,50,10,2,4948105,131310,TDS Telecom,10,1,X,MI,8827446329fffff
260030003002302,10,1,2,4948105,131310,TDS Telecom,10,1,X,MI,8827446339fffff
260030003002302,25,5,2,4948105,131310,TDS Telecom,10,1,X,MI,8827446307fffff
260030003002302,50,10,1,4948105,131310,TDS Telecom,10,1,X,MI,882744630dfffff
260150105002036,10,1,2,4948105,131310,TDS Telecom,10,1,X,MI,88274876dbfffff
260150105002036,25,5,4,4948105,131310,TDS Telecom,10,1,X,MI,88274876dbfffff
260150105002036,50,10,1,4948105,131310,TDS Telecom,10,1,X,MI,88274876d3fffff
260150105003000,50,10,3,4948105,131310,TDS Telecom,10,1,X,MI,88274876d3fffff
260150105003017,10,1,8,4948105,131310,TDS Telecom,10,1,X,MI,8827482b45fffff
260150105003017,25,5,2,4948105,131310,TDS Telecom,10,1,X,MI,8827482b45fffff
260150105003017,50,10,4,4948105,131310,TDS Telecom,10,1,X,MI,8827482b41fffff
260150105003031,50,10,5,4948105,131310,TDS Telecom,10,1,X,MI,8827482b41fffff
260150105003032,50,10,8,4948105,131310,TDS Telecom,10,1,X,MI,8827482b47fffff
260150105003033,10,1,13,4948105,131310,TDS Telecom,10,1,X,MI,8827482b6bfffff
260150105003033,25,5,18,4948105,131310,TDS Telecom,10,1,X,MI,8827482b47fffff
260150105003033,50,10,3,4948105,131310,TDS Telecom,10,1,X,MI,8827482b47fffff
260150105003034,10,1,68,4948105,131310,TDS Telecom,10,1,X,MI,8827482b6bfffff
260150105003034,25,5,11,4948105,131310,TDS Telecom,10,1,X,MI,8827482b6bfffff
260150105003035,10,1,2,4948105,131310,TDS Telecom,10,1,X,MI,8827482b6bfffff
260150106012000,0,0,1,4948105,131310,TDS Telecom,10,1,X,MI,88274839c7fffff
260150106012000,10,1,21,4948105,131310,TDS Telecom,10,1,X,MI,88274839c7fffff
260150106012000,25,5,3,4948105,131310,TDS Telecom,10,1,X,MI,88274839c3fffff
260150106012000,50,10,2,4948105,131310,TDS Telecom,10,1,X,MI,88274839cbfffff
260150106012002,10,1,8,4948105,131310,TDS Telecom,10,1,X,MI,88274839ebfffff
260150106012003,10,1,28,4948105,131310,TDS Telecom,10,1,X,MI,88274839e7fffff
260150106012004,10,1,6,4948105,131310,TDS Telecom,10,1,X,MI,88274839e7fffff
260150106012004,25,5,2,4948105,131310,TDS Telecom,10,1,X,MI,88274876dbfffff
260150106012005,25,5,1,4948105,131310,TDS Telecom,10,1,X,MI,88274839adfffff
260150106012008,10,1,2,4948105,131310,TDS Telecom,10,1,X,MI,88274839e7fffff
260150106012011,10,1,1,4948105,131310,TDS Telecom,10,1,X,MI,8827483985fffff
260150106012013,10,1,8,4948105,131310,TDS Telecom,10,1,X,MI,882748398dfffff
260150106012014,25,5,1,4948105,131310,TDS Telecom,10,1,X,MI,8827483981fffff
260150106012014,50,10,8,4948105,131310,TDS Telecom,10,1,X,MI,8827483987fffff
260150106012015,10,1,3,4948105,131310,TDS Telecom,10,1,X,MI,8827483989fffff
260150106012015,25,5,2,4948105,131310,TDS Telecom,10,1,X,MI,8827483989fffff
260150106012016,25,5,2,4948105,131310,TDS Telecom,10,1,X,MI,882748398bfffff
260150106012016,50,10,7,4948105,131310,TDS Telecom,10,1,X,MI,882748398bfffff
260150106012017,10,1,2,4948105,131310,TDS Telecom,10,1,X,MI,88274839d5fffff
260150106012017,25,5,1,4948105,131310,TDS Telecom,10,1,X,MI,882748398bfffff
260150106012018,50,10,1,4948105,131310,TDS Telecom,10,1,X,MI,882748399dfffff
260150106012020,50,10,3,4948105,131310,TDS Telecom,10,1,X,MI,88274839bdfffff
260150106012021,10,1,1,4948105,131310,TDS Telecom,10,1,X,MI,8827483985fffff
260150106012021,25,5,3,4948105,131310,TDS Telecom,10,1,X,MI,8827483985fffff
260150106012021,50,10,2,4948105,131310,TDS Telecom,10,1,X,MI,8827483987fffff
260150106012026,10,1,2,4948105,131310,TDS Telecom,10,1,X,MI,88274839adfffff
260150106012026,50,10,6,4948105,131310,TDS Telecom,10,1,X,MI,88274876d3fffff
260150106012027,10,1,1,4948105,131310,TDS Telecom,10,1,X,MI,88274839adfffff
260150106012027,25,5,2,4948105,131310,TDS Telecom,10,1,X,MI,88274839adfffff
260150106012028,10,1,2,4948105,131310,TDS Telecom,10,1,X,MI,88274839adfffff
260150106012029,10,1,3,4948105,131310,TDS Telecom,10,1,X,MI,88274839adfffff
260150106012029,25,5,3,4948105,131310,TDS Telecom,10,1,X,MI,88274839a1fffff
260150106012029,50,10,3,4948105,131310,TDS Telecom,10,1,X,MI,88274839a5fffff
260150106012030,50,10,3,4948105,131310,TDS Telecom,10,1,X,MI,88274839a5fffff
260150106012031,10,1,2,4948105,131310,TDS Telecom,10,1,X,MI,88274839adfffff
260150106012032,25,5,1,4948105,131310,TDS Telecom,10,1,X,MI,88274839a5fffff
260150106012032,50,10,4,4948105,131310,TDS Telecom,10,1,X,MI,88274839a5fffff
260150106012033,50,10,1,4948105,131310,TDS Telecom,10,1,X,MI,88274839a3fffff
260150106012034,10,1,19,4948105,131310,TDS Telecom,10,1,X,MI,8827482b49fffff
260150106012034,25,5,9,4948105,131310,TDS Telecom,10,1,X,MI,88274839a3fffff
260150106012034,50,10,5,4948105,131310,TDS Telecom,10,1,X,MI,88274839bdfffff
260150106012035,10,1,1,4948105,131310,TDS Telecom,10,1,X,MI,88274839bbfffff
260150106012035,25,5,7,4948105,131310,TDS Telecom,10,1,X,MI,88274839bbfffff
260150106012035,50,10,1,4948105,131310,TDS Telecom,10,1,X,MI,88274839bdfffff
260150106012036,10,1,5,4948105,131310,TDS Telecom,10,1,X,MI,8827483997fffff
260150106012036,25,5,8,4948105,131310,TDS Telecom,10,1,X,MI,8827483991fffff
260150106012036,50,10,10,4948105,131310,TDS Telecom,10,1,X,MI,882748399dfffff
260150106012037,25,5,5,4948105,131310,TDS Telecom,10,1,X,MI,8827483991fffff
260150106012037,50,10,5,4948105,131310,TDS Telecom,10,1,X,MI,882748399dfffff
260150106012038,50,10,1,4948105,131310,TDS Telecom,10,1,X,MI,88274838a7fffff
260150106012041,25,5,1,4948105,131310,TDS Telecom,10,1,X,MI,8827483887fffff
260150106012041,50,10,5,4948105,131310,TDS Telecom,10,1,X,MI,8827483887fffff
260150106012042,10,1,6,4948105,131310,TDS Telecom,10,1,X,MI,8827482a69fffff
260150106012043,0,0,1,4948105,131310,TDS Telecom,10,1,X,MI,88274839b7fffff
260150106012043,10,1,14,4948105,131310,TDS Telecom,10,1,X,MI,88274839b3fffff
260150106012043,25,5,11,4948105,131310,TDS Telecom,10,1,X,MI,88274839b3fffff
260150106012044,0,0,2,4948105,131310,TDS Telecom,10,1,X,MI,8827482b5dfffff
260150106012044,10,1,8,4948105,131310,TDS Telecom,10,1,X,MI,88274839b7fffff
260150106012044,25,5,5,4948105,131310,TDS Telecom,10,1,X,MI,8827482b43fffff
260150106012045,10,1,22,4948105,131310,TDS Telecom,10,1,X,MI,8827482b41fffff
260150106012045,25,5,18,4948105,131310,TDS Telecom,10,1,X,MI,8827482b43fffff
260150106012045,50,10,2,4948105,131310,TDS Telecom,10,1,X,MI,8827482b41fffff
260150106012047,50,10,3,4948105,131310,TDS Telecom,10,1,X,MI,8827482b41fffff
260150106012048,10,1,6,4948105,131310,TDS Telecom,10,1,X,MI,8827483993fffff
260150106012049,10,1,6,4948105,131310,TDS Telecom,10,1,X,MI,8827482a49fffff
260150106012049,25,5,1,4948105,131310,TDS Telecom,10,1,X,MI,88274838a7fffff
260150106012049,50,10,1,4948105,131310,TDS Telecom,10,1,X,MI,88274838a7fffff
260150106012050,10,1,2,4948105,131310,TDS Telecom,10,1,X,MI,88274838bdfffff
260150106012050,25,5,2,4948105,131310,TDS Telecom,10,1,X,MI,88274838a7fffff
260150106012050,50,10,1,4948105,131310,TDS Telecom,10,1,X,MI,88274838a7fffff
260150106012051,10,1,1,4948105,131310,TDS Telecom,10,1,X,MI,88274838bdfffff
260150106012052,10,1,1,4948105,131310,TDS Telecom,10,1,X,MI,8827482a49fffff
260150106012053,0,0,2,4948105,131310,TDS Telecom,10,1,X,MI,88274838b7fffff
260150106012053,10,1,7,4948105,131310,TDS Telecom,10,1,X,MI,88274838b1fffff
260150106012054,10,1,3,4948105,131310,TDS Telecom,10,1,X,MI,88274838b9fffff
260150106012055,0,0,1,4948105,131310,TDS Telecom,10,1,X,MI,8827482a45fffff
260150106012055,10,1,8,4948105,131310,TDS Telecom,10,1,X,MI,8827482a49fffff
260150106012055,25,5,1,4948105,131310,TDS Telecom,10,1,X,MI,8827482a41fffff
260150106012056,0,0,2,4948105,131310,TDS Telecom,10,1,X,MI,8827482a45fffff
260150106012056,10,1,5,4948105,131310,TDS Telecom,10,1,X,MI,8827482a45fffff
260150106012057,10,1,3,4948105,131310,TDS Telecom,10,1,X,MI,8827483993fffff
260150106012058,0,0,1,4948105,131310,TDS Telecom,10,1,X,MI,8827482a4bfffff
260150106012058,10,1,14,4948105,131310,TDS Telecom,10,1,X,MI,88274838b5fffff
260150106012058,50,10,5,4948105,131310,TDS Telecom,10,1,X,MI,8827482a4bfffff
260150106013022,0,0,4,4948105,131310,TDS Telecom,10,1,X,MI,88274839e1fffff
260150106013022,10,1,15,4948105,131310,TDS Telecom,10,1,X,MI,88274839e1fffff
260150106013029,10,1,7,4948105,131310,TDS Telecom,10,1,X,MI,88274839ebfffff
260150106021068,10,1,41,4948105,131310,TDS Telecom,10,1,X,MI,88274839c9fffff
260150106021068,25,5,10,4948105,131310,TDS Telecom,10,1,X,MI,88274839c1fffff
260150106021068,50,10,1,4948105,131310,TDS Telecom,10,1,X,MI,88274839cbfffff
260150106021069,10,1,36,4948105,131310,TDS Telecom,10,1,X,MI,88274839c9fffff
260150106021069,25,5,1,4948105,131310,TDS Telecom,10,1,X,MI,88274839cbfffff
260150106021071,0,0,6,4948105,131310,TDS Telecom,10,1,X,MI,8827483839fffff
260150106021071,10,1,72,4948105,131310,TDS Telecom,10,1,X,MI,882748383dfffff
260150106021071,50,10,1,4948105,131310,TDS Telecom,10,1,X,MI,8827483831fffff
260150106021072,10,1,5,4948105,131310,TDS Telecom,10,1,X,MI,8827483831fffff
260150106021073,10,1,32,4948105,131310,TDS Telecom,10,1,X,MI,882748381dfffff
260150106021074,10,1,18,4948105,131310,TDS Telecom,10,1,X,MI,8827483803fffff
260150106021075,10,1,1,4948105,131310,TDS Telecom,10,1,X,MI,8827483803fffff
260150106021076,10,1,7,4948105,131310,TDS Telecom,10,1,X,MI,882748381dfffff
260150106021076,25,5,4,4948105,131310,TDS Telecom,10,1,X,MI,8827483815fffff
260150106021078,50,10,1,4948105,131310,TDS Telecom,10,1,X,MI,8827483833fffff
260150106021081,10,1,11,4948105,131310,TDS Telecom,10,1,X,MI,8827483835fffff
260150106021082,10,1,2,4948105,131310,TDS Telecom,10,1,X,MI,8827483835fffff
260150106021082,50,10,1,4948105,131310,TDS Telecom,10,1,X,MI,88274839ddfffff
260150106021083,10,1,19,4948105,131310,TDS Telecom,10,1,X,MI,88274839c3fffff
260150106021083,25,5,3,4948105,131310,TDS Telecom,10,1,X,MI,88274839d5fffff
260150106021083,50,10,3,4948105,131310,TDS Telecom,10,1,X,MI,88274839ddfffff
260150106021085,0,0,2,4948105,131310,TDS Telecom,10,1,X,MI,88274839dbfffff
260150106021085,10,1,5,4948105,131310,TDS Telecom,10,1,X,MI,88274839dbfffff
260150106021086,0,0,2,4948105,131310,TDS Telecom,10,1,X,MI,88274839dbfffff
260150106021086,10,1,1,4948105,131310,TDS Telecom,10,1,X,MI,88274839dbfffff
260150106021086,50,10,5,4948105,131310,TDS Telecom,10,1,X,MI,88274838edfffff
260150106021087,50,10,7,4948105,131310,TDS Telecom,10,1,X,MI,88274838e1fffff
260150106021088,10,1,2,4948105,131310,TDS Telecom,10,1,X,MI,8827483817fffff
260150106021088,25,5,3,4948105,131310,TDS Telecom,10,1,X,MI,8827483817fffff
260150106021089,25,5,1,4948105,131310,TDS Telecom,10,1,X,MI,88274838e3fffff
260150106021091,10,1,1,4948105,131310,TDS Telecom,10,1,X,MI,88274838e7fffff
260150106021091,25,5,5,4948105,131310,TDS Telecom,10,1,X,MI,88274838e7fffff
260150106021093,10,1,1,4948105,131310,TDS Telecom,10,1,X,MI,88274839d3fffff
260150106021094,10,1,1,4948105,131310,TDS Telecom,10,1,X,MI,88274839d3fffff
260150106021095,10,1,11,4948105,131310,TDS Telecom,10,1,X,MI,8827483999fffff
260150106021095,25,5,1,4948105,131310,TDS Telecom,10,1,X,MI,8827483999fffff
260150106021096,50,10,1,4948105,131310,TDS Telecom,10,1,X,MI,882748399dfffff
260150106021098,10,1,2,4948105,131310,TDS Telecom,10,1,X,MI,8827483831fffff
260150107005005,50,10,1,4948105,131310,TDS Telecom,10,1,X,MI,8827483887fffff
260150107005015,50,10,1,4948105,131310,TDS Telecom,10,1,X,MI,8827483887fffff
260150107005019,10,1,1,4948105,131310,TDS Telecom,10,1,X,MI,88274838b9fffff
260150107005021,10,1,4,4948105,131310,TDS Telecom,10,1,X,MI,88274838bbfffff
260172852011039,0,0,1,4948105,131310,TDS Telecom,10,1,X,MI,88276b6083fffff
260172853002016,0,0,1,4948105,131310,TDS Telecom,10,1,X,MI,88276b6e25fffff
260172853002016,10,1,3,4948105,131310,TDS Telecom,10,1,X,MI,88276b6e25fffff
260172853002017,10,1,15,4948105,131310,TDS Telecom,10,1,X,MI,88276b6e27fffff
260172853002017,25,5,4,4948105,131310,TDS Telecom,10,1,X,MI,88276b6e27fffff
260172853004016,0,0,7,4948105,131310,TDS Telecom,10,1,X,MI,88276b6e49fffff
260172853004017,0,0,1,4948105,131310,TDS Telecom,10,1,X,MI,88276b60a3fffff
260172853004021,0,0,6,4948105,131310,TDS Telecom,10,1,X,MI,88276b60b7fffff
260172853004022,0,0,3,4948105,131310,TDS Telecom,10,1,X,MI,88276b6e4bfffff
260172853004023,0,0,5,4948105,131310,TDS Telecom,10,1,X,MI,88276b6e43fffff
260172853004024,0,0,3,4948105,131310,TDS Telecom,10,1,X,MI,88276b6e55fffff
260172853004024,10,1,2,4948105,131310,TDS Telecom,10,1,X,MI,88276b6e55fffff
260172853004025,0,0,3,4948105,131310,TDS Telecom,10,1,X,MI,88276b6e51fffff
260172853004026,0,0,2,4948105,131310,TDS Telecom,10,1,X,MI,88276b6e55fffff
260172853004026,10,1,4,4948105,131310,TDS Telecom,10,1,X,MI,88276b6e19fffff
260172853004026,25,5,1,4948105,131310,TDS Telecom,10,1,X,MI,88276b6e19fffff
260172853004027,0,0,1,4948105,131310,TDS Telecom,10,1,X,MI,88276b6e55fffff
260172853004027,10,1,4,4948105,131310,TDS Telecom,10,1,X,MI,88276b6e57fffff
260172853004027,25,5,2,4948105,131310,TDS Telecom,10,1,X,MI,88276b6e1dfffff
260172853004027,50,10,2,4948105,131310,TDS Telecom,10,1,X,MI,88276b6e1dfffff
260172853004028,10,1,3,4948105,131310,TDS Telecom,10,1,X,MI,88276b6e0bfffff
260172853004028,25,5,1,4948105,131310,TDS Telecom,10,1,X,MI,88276b6e0dfffff
260172853004028,50,10,12,4948105,131310,TDS Telecom,10,1,X,MI,88276b6e01fffff
260172853004029,25,5,6,4948105,131310,TDS Telecom,10,1,X,MI,88276b6e09fffff
260172853004030,10,1,2,4948105,131310,TDS Telecom,10,1,X,MI,88276b6e6bfffff
260172853004038,0,0,16,4948105,131310,TDS Telecom,10,1,X,MI,88276b6e67fffff
260172853004038,10,1,1,4948105,131310,TDS Telecom,10,1,X,MI,88276b6e29fffff
260172853004042,0,0,1,4948105,131310,TDS Telecom,10,1,X,MI,88276b6f53fffff
260172853004042,10,1,5,4948105,131310,TDS Telecom,10,1,X,MI,88276b6e29fffff
260172853004042,25,5,13,4948105,131310,TDS Telecom,10,1,X,MI,88276b6e2dfffff
260172853004042,50,10,2,4948105,131310,TDS Telecom,10,1,X,MI,88276b6e23fffff
260172853004043,0,0,1,4948105,131310,TDS Telecom,10,1,X,MI,88276b6e29fffff
260172853004043,10,1,3,4948105,131310,TDS Telecom,10,1,X,MI,88276b6e29fffff
260172853004043,25,5,5,4948105,131310,TDS Telecom,10,1,X,MI,88276b6e05fffff
260172853004043,50,10,5,4948105,131310,TDS Telecom,10,1,X,MI,88276b6e23fffff
260172853004044,0,0,13,4948105,131310,TDS Telecom,10,1,X,MI,88276b6e67fffff
260172853004044,10,1,11,4948105,131310,TDS Telecom,10,1,X,MI,88276b6e29fffff
260172853004045,10,1,6,4948105,131310,TDS Telecom,10,1,X,MI,88276b6e6bfffff
260172853004045,25,5,1,4948105,131310,TDS Telecom,10,1,X,MI,88276b6e6bfffff
260172853004046,25,5,3,4948105,131310,TDS Telecom,10,1,X,MI,88276b6e05fffff
260172853004047,0,0,2,4948105,131310,TDS Telecom,10,1,X,MI,88276b6e43fffff
260172853004048,0,0,1,4948105,131310,TDS Telecom,10,1,X,MI,88276b6e43fffff
260172853004048,10,1,4,4948105,131310,TDS Telecom,10,1,X,MI,88276b6e09fffff
260172853005003,0,0,3,4948105,131310,TDS Telecom,10,1,X,MI,88276b60bdfffff
260172853005006,0,0,1,4948105,131310,TDS Telecom,10,1,X,MI,88276b60b7fffff
260172853005008,0,0,1,4948105,131310,TDS Telecom,10,1,X,MI,88276b60b1fffff
260172853005009,0,0,1,4948105,131310,TDS Telecom,10,1,X,MI,88276b6095fffff
260172853005010,0,0,2,4948105,131310,TDS Telecom,10,1,X,MI,88276b60b1fffff
260172853005012,0,0,1,4948105,131310,TDS Telecom,10,1,X,MI,88276b6561fffff
260172853005014,0,0,3,4948105,131310,TDS Telecom,10,1,X,MI,88276b656bfffff
260172853005015,0,0,7,4948105,131310,TDS Telecom,10,1,X,MI,88276b656bfffff
260172853005016,0,0,3,4948105,131310,TDS Telecom,10,1,X,MI,88276b6561fffff
260172853005017,0,0,2,4948105,131310,TDS Telecom,10,1,X,MI,88276b6529fffff
260172853005018,0,0,3,4948105,131310,TDS Telecom,10,1,X,MI,88276b653dfffff
260172853005019,0,0,1,4948105,131310,TDS Telecom,10,1,X,MI,88276b652dfffff
260172853005026,0,0,2,4948105,131310,TDS Telecom,10,1,X,MI,88276b6567fffff
260172853005027,0,0,1,4948105,131310,TDS Telecom,10,1,X,MI,88276b6e5bfffff
260172853005031,0,0,1,4948105,131310,TDS Telecom,10,1,X,MI,88276b6e59fffff
260172853005033,0,0,5,4948105,131310,TDS Telecom,10,1,X,MI,88276b6e51fffff
260172853005034,0,0,5,4948105,131310,TDS Telecom,10,1,X,MI,88276b6e53fffff
260172853005034,10,1,3,4948105,131310,TDS Telecom,10,1,X,MI,88276b6e53fffff
260172853005035,0,0,1,4948105,131310,TDS Telecom,10,1,X,MI,88276b652dfffff
260172853005036,0,0,2,4948105,131310,TDS Telecom,10,1,X,MI,88276b652dfffff
260172853005037,0,0,3,4948105,131310,TDS Telecom,10,1,X,MI,88276b6ecdfffff
260172853005038,0,0,2,4948105,131310,TDS Telecom,10,1,X,MI,88276b652dfffff
260172853005039,0,0,2,4948105,131310,TDS Telecom,10,1,X,MI,88276b6525fffff
260172853005039,10,1,2,4948105,131310,TDS Telecom,10,1,X,MI,88276b6525fffff
260172853005040,10,1,5,4948105,131310,TDS Telecom,10,1,X,MI,88276b6e19fffff
260172853005040,25,5,3,4948105,131310,TDS Telecom,10,1,X,MI,88276b6e15fffff
260172853005040,50,10,1,4948105,131310,TDS Telecom,10,1,X,MI,88276b6e1dfffff
260172853005041,10,1,1,4948105,131310,TDS Telecom,10,1,X,MI,88276b6e15fffff
260172853005041,50,10,9,4948105,131310,TDS Telecom,10,1,X,MI,88276b6e1dfffff
260172853005044,10,1,2,4948105,131310,TDS Telecom,10,1,X,MI,88276b6e37fffff
260172853005044,25,5,9,4948105,131310,TDS Telecom,10,1,X,MI,88276b6e31fffff
260172853005044,50,10,6,4948105,131310,TDS Telecom,10,1,X,MI,88276b6e31fffff
260172853005046,10,1,14,4948105,131310,TDS Telecom,10,1,X,MI,88276b6e27fffff
260172853005046,25,5,12,4948105,131310,TDS Telecom,10,1,X,MI,88276b6e23fffff
260172853005046,50,10,7,4948105,131310,TDS Telecom,10,1,X,MI,88276b6e23fffff
260172853005048,0,0,3,4948105,131310,TDS Telecom,10,1,X,MI,88276b6c4dfffff
260172853005048,10,1,3,4948105,131310,TDS Telecom,10,1,X,MI,88276b6c49fffff
260172853005048,25,5,1,4948105,131310,TDS Telecom,10,1,X,MI,88276b6e27fffff
260172853005049,0,0,1,4948105,131310,TDS Telecom,10,1,X,MI,88276b6e37fffff
260172853005049,10,1,3,4948105,131310,TDS Telecom,10,1,X,MI,88276b6e37fffff
260172853005049,25,5,1,4948105,131310,TDS Telecom,10,1,X,MI,88276b6e37fffff
260172853005049,50,10,1,4948105,131310,TDS Telecom,10,1,X,MI,88276b6e33fffff
260172853005050,0,0,1,4948105,131310,TDS Telecom,10,1,X,MI,88276b6c59fffff
260172853005051,10,1,4,4948105,131310,TDS Telecom,10,1,X,MI,88276b6ee5fffff
260172853005051,25,5,3,4948105,131310,TDS Telecom,10,1,X,MI,88276b6e3bfffff
260172853005051,50,10,2,4948105,131310,TDS Telecom,10,1,X,MI,88276b6e33fffff
260172853005052,10,1,2,4948105,131310,TDS Telecom,10,1,X,MI,88276b6e17fffff
260172853005052,25,5,5,4948105,131310,TDS Telecom,10,1,X,MI,88276b6e3bfffff
260172853005052,50,10,3,4948105,131310,TDS Telecom,10,1,X,MI,88276b6e15fffff
260172853005053,10,1,2,4948105,131310,TDS Telecom,10,1,X,MI,88276b6e15fffff
260172853005054,0,0,6,4948105,131310,TDS Telecom,10,1,X,MI,88276b6e13fffff
260172853005054,10,1,3,4948105,131310,TDS Telecom,10,1,X,MI,88276b6e17fffff
260172853005056,0,0,1,4948105,131310,TDS Telecom,10,1,X,MI,88276b6e13fffff
260172853005058,0,0,3,4948105,131310,TDS Telecom,10,1,X,MI,88276b6c59fffff
260172853005059,0,0,6,4948105,131310,TDS Telecom,10,1,X,MI,88276b6c51fffff
260172853005059,10,1,2,4948105,131310,TDS Telecom,10,1,X,MI,88276b6e37fffff
260172853005060,0,0,1,4948105,131310,TDS Telecom,10,1,X,MI,88276b6c51fffff
260172853005061,10,1,3,4948105,131310,TDS Telecom,10,1,X,MI,88276b6e35fffff
260172853005063,0,0,3,4948105,131310,TDS Telecom,10,1,X,MI,88276b6c5bfffff
260172853005066,10,1,1,4948105,131310,TDS Telecom,10,1,X,MI,88276b6c5bfffff
260172853005067,0,0,1,4948105,131310,TDS Telecom,10,1,X,MI,88276b6c5bfffff
260172853005072,0,0,2,4948105,131310,TDS Telecom,10,1,X,MI,88276b6c5bfffff
260172853005073,0,0,1,4948105,131310,TDS Telecom,10,1,X,MI,88276b6c5bfffff
260172853005074,0,0,8,4948105,131310,TDS Telecom,10,1,X,MI,88276b6c51fffff
260172853005075,0,0,4,4948105,131310,TDS Telecom,10,1,X,MI,88276b6c55fffff
260172853005076,0,0,11,4948105,131310,TDS Telecom,10,1,X,MI,88276b6c51fffff
260172853005076,10,1,1,4948105,131310,TDS Telecom,10,1,X,MI,88276b6c4bfffff
260172853005077,0,0,3,4948105,131310,TDS Telecom,10,1,X,MI,88276b6c55fffff
260172853005078,0,0,1,4948105,131310,TDS Telecom,10,1,X,MI,88276b6c09fffff
260172853005079,0,0,1,4948105,131310,TDS Telecom,10,1,X,MI,88276b6c0bfffff
260172853005080,0,0,5,4948105,131310,TDS Telecom,10,1,X,MI,88276b6c19fffff
260172853005081,0,0,4,4948105,131310,TDS Telecom,10,1,X,MI,88276b6c53fffff
260172853005082,0,0,3,4948105,131310,TDS Telecom,10,1,X,MI,88276b6c53fffff
260172853005083,0,0,3,4948105,131310,TDS Telecom,10,1,X,MI,88276b6c51fffff
260172853005085,0,0,7,4948105,131310,TDS Telecom,10,1,X,MI,88276b6eadfffff
260172853005088,0,0,13,4948105,131310,TDS Telecom,10,1,X,MI,88276b6ea9fffff
260172853005089,0,0,4,4948105,131310,TDS Telecom,10,1,X,MI,88276b6ec7fffff
260172853005090,0,0,5,4948105,131310,TDS Telecom,10,1,X,MI,88276b6eebfffff
260172853005091,10,1,3,4948105,131310,TDS Telecom,10,1,X,MI,88276b6e17fffff
260172853005092,0,0,4,4948105,131310,TDS Telecom,10,1,X,MI,88276b6ee1fffff
260172853005092,10,1,1,4948105,131310,TDS Telecom,10,1,X,MI,88276b6ee9fffff
260172853005092,25,5,1,4948105,131310,TDS Telecom,10,1,X,MI,88276b6e3bfffff
260172853005093,0,0,2,4948105,131310,TDS Telecom,10,1,X,MI,88276b6ee1fffff
260172853005094,0,0,1,4948105,131310,TDS Telecom,10,1,X,MI,88276b6ee5fffff
260172853005095,0,0,2,4948105,131310,TDS Telecom,10,1,X,MI,88276b6ee7fffff
260172853005095,10,1,1,4948105,131310,TDS Telecom,10,1,X,MI,88276b6ee7fffff
260172853005096,0,0,3,4948105,131310,TDS Telecom,10,1,X,MI,88276b6ee7fffff
260172853005097,0,0,3,4948105,131310,TDS Telecom,10,1,X,MI,88276b6e89fffff
260172853005098,0,0,1,4948105,131310,TDS Telecom,10,1,X,MI,88276b6e89fffff
260172853005099,0,0,3,4948105,131310,TDS Telecom,10,1,X,MI,88276b6e89fffff
260172853005100,0,0,5,4948105,131310,TDS Telecom,10,1,X,MI,88276b6eddfffff
260172853005101,0,0,3,4948105,131310,TDS Telecom,10,1,X,MI,88276b6ecdfffff
260172853005103,0,0,5,4948105,131310,TDS Telecom,10,1,X,MI,88276b6eddfffff
260172853005104,0,0,2,4948105,131310,TDS Telecom,10,1,X,MI,88276b6535fffff
260172853005106,0,0,2,4948105,131310,TDS Telecom,10,1,X,MI,88276b6507fffff
260172853005107,0,0,1,4948105,131310,TDS Telecom,10,1,X,MI,88276b6539fffff
260172853005108,0,0,2,4948105,131310,TDS Telecom,10,1,X,MI,88276b6eddfffff
260172853005109,0,0,3,4948105,131310,TDS Telecom,10,1,X,MI,88276b6ec3fffff
260172853005110,0,0,9,4948105,131310,TDS Telecom,10,1,X,MI,88276b6ecdfffff
260172853005112,0,0,4,4948105,131310,TDS Telecom,10,1,X,MI,88276b6535fffff
260172853005113,0,0,1,4948105,131310,TDS Telecom,10,1,X,MI,88276b6535fffff
260172853005114,0,0,7,4948105,131310,TDS Telecom,10,1,X,MI,88276b6ec9fffff
260172853005115,0,0,1,4948105,131310,TDS Telecom,10,1,X,MI,88276b6523fffff
260250025001000,10,1,9,4948105,131310,TDS Telecom,10,1,X,MI,8827482165fffff
260250025001001,50,10,3,4948105,131310,TDS Telecom,10,1,X,MI,8827482167fffff
260250025001002,50,10,1,4948105,131310,TDS Telecom,10,1,X,MI,8827482129fffff
260250025001003,25,5,2,4948105,131310,TDS Telecom,10,1,X,MI,8827482123fffff
260250025001003,50,10,6,4948105,131310,TDS Telecom,10,1,X,MI,8827482123fffff
260250025001007,50,10,2,4948105,131310,TDS Telecom,10,1,X,MI,8827482ac9fffff
260250025001012,50,10,3,4948105,131310,TDS Telecom,10,1,X,MI,8827482acbfffff
260290005001014,25,5,37,4948105,131310,TDS Telecom,10,1,X,MI,8827451ac1fffff
260290005001015,25,5,16,4948105,131310,TDS Telecom,10,1,X,MI,8827451aadfffff
260290005001037,10,1,36,4948105,131310,TDS Telecom,10,1,X,MI,8827450333fffff
260290005001037,25,5,17,4948105,131310,TDS Telecom,10,1,X,MI,8827450021fffff
260290005001038,10,1,13,4948105,131310,TDS Telecom,10,1,X,MI,88274518e3fffff
260290005001038,25,5,65,4948105,131310,TDS Telecom,10,1,X,MI,88274518a1fffff
260290005001039,25,5,23,4948105,131310,TDS Telecom,10,1,X,MI,8827450305fffff
260290005001040,10,1,6,4948105,131310,TDS Telecom,10,1,X,MI,8827451aa7fffff
260290005001041,10,1,10,4948105,131310,TDS Telecom,10,1,X,MI,88274518cdfffff
260290005001041,25,5,8,4948105,131310,TDS Telecom,10,1,X,MI,88274518c3fffff
260290005001043,25,5,30,4948105,131310,TDS Telecom,10,1,X,MI,88274501ebfffff
260290005001045,10,1,3,4948105,131310,TDS Telecom,10,1,X,MI,8827450333fffff
260290005001045,25,5,26,4948105,131310,TDS Telecom,10,1,X,MI,8827450331fffff
260290005001046,0,0,10,4948105,131310,TDS Telecom,10,1,X,MI,8827451a93fffff
260290005001046,10,1,6,4948105,131310,TDS Telecom,10,1,X,MI,882745036bfffff
260290005001046,25,5,35,4948105,131310,TDS Telecom,10,1,X,MI,882745036bfffff
260290005001056,10,1,2,4948105,131310,TDS Telecom,10,1,X,MI,8827451ad5fffff
260290005001056,25,5,28,4948105,131310,TDS Telecom,10,1,X,MI,8827451ac3fffff
260290005001058,25,5,4,4948105,131310,TDS Telecom,10,1,X,MI,8827451ac3fffff
260290005001059,25,5,5,4948105,131310,TDS Telecom,10,1,X,MI,8827451ac3fffff
260290005001061,25,5,1,4948105,131310,TDS Telecom,10,1,X,MI,8827451acbfffff
260290005001063,25,5,2,4948105,131310,TDS Telecom,10,1,X,MI,8827451acbfffff
260290005001066,25,5,1,4948105,131310,TDS Telecom,10,1,X,MI,8827451a81fffff
260290005001070,25,5,2,4948105,131310,TDS Telecom,10,1,X,MI,8827451ae5fffff
260290005001073,25,5,1,4948105,131310,TDS Telecom,10,1,X,MI,8827451ae5fffff
260290005001081,10,1,2,4948105,131310,TDS Telecom,10,1,X,MI,8827451aa3fffff
260290005001081,25,5,13,4948105,131310,TDS Telecom,10,1,X,MI,8827451aa3fffff
260290005001083,25,5,3,4948105,131310,TDS Telecom,10,1,X,MI,8827451a87fffff
260290005001085,0,0,1,4948105,131310,TDS Telecom,10,1,X,MI,8827451aa3fffff
260290005001085,10,1,1,4948105,131310,TDS Telecom,10,1,X,MI,8827451aa3fffff
260290005001085,25,5,20,4948105,131310,TDS Telecom,10,1,X,MI,8827451aa3fffff
260290005001086,0,0,2,4948105,131310,TDS Telecom,10,1,X,MI,8827451a93fffff
260290005001086,10,1,5,4948105,131310,TDS Telecom,10,1,X,MI,8827450329fffff
260290005001086,25,5,22,4948105,131310,TDS Telecom,10,1,X,MI,8827451ab9fffff
260290005001087,25,5,2,4948105,131310,TDS Telecom,10,1,X,MI,8827451a83fffff
260290005001091,25,5,9,4948105,131310,TDS Telecom,10,1,X,MI,8827450327fffff
260290005001092,0,0,4,4948105,131310,TDS Telecom,10,1,X,MI,88274518d3fffff
260290005001092,10,1,6,4948105,131310,TDS Telecom,10,1,X,MI,882745032dfffff
260290005001092,25,5,4,4948105,131310,TDS Telecom,10,1,X,MI,8827450327fffff
260290005001094,0,0,2,4948105,131310,TDS Telecom,10,1,X,MI,88274518d1fffff
260290005001094,10,1,2,4948105,131310,TDS Telecom,10,1,X,MI,8827450365fffff
260290005001094,25,5,17,4948105,131310,TDS Telecom,10,1,X,MI,8827450365fffff
260290005001096,25,5,6,4948105,131310,TDS Telecom,10,1,X,MI,882745016dfffff
260290005001097,10,1,1,4948105,131310,TDS Telecom,10,1,X,MI,8827451895fffff
260290005001097,25,5,4,4948105,131310,TDS Telecom,10,1,X,MI,8827451895fffff
260290005001098,25,5,2,4948105,131310,TDS Telecom,10,1,X,MI,88274518bbfffff
260290005001099,25,5,11,4948105,131310,TDS Telecom,10,1,X,MI,8827450161fffff
260290005001100,10,1,9,4948105,131310,TDS Telecom,10,1,X,MI,8827450067fffff
260290005001100,25,5,47,4948105,131310,TDS Telecom,10,1,X,MI,88274501e7fffff
260290005001101,25,5,5,4948105,131310,TDS Telecom,10,1,X,MI,8827450a5bfffff
260290005001102,25,5,3,4948105,131310,TDS Telecom,10,1,X,MI,8827450a83fffff
260290005001103,25,5,6,4948105,131310,TDS Telecom,10,1,X,MI,8827450331fffff
260290005001105,25,5,6,4948105,131310,TDS Telecom,10,1,X,MI,88274501e3fffff
260290005001106,10,1,1,4948105,131310,TDS Telecom,10,1,X,MI,8827450acdfffff
260290005001106,25,5,5,4948105,131310,TDS Telecom,10,1,X,MI,8827450ac7fffff
260419702001026,0,0,9,4948105,131310,TDS Telecom,10,1,X,MI,8827446283fffff
260419702001026,10,1,6,4948105,131310,TDS Telecom,10,1,X,MI,882744676dfffff
260419702001040,0,0,1,4948105,131310,TDS Telecom,10,1,X,MI,8827446541fffff
260419702001040,10,1,1,4948105,131310,TDS Telecom,10,1,X,MI,8827446547fffff
260419702001040,25,5,1,4948105,131310,TDS Telecom,10,1,X,MI,8827446541fffff
260419702001041,0,0,1,4948105,131310,TDS Telecom,10,1,X,MI,8827446541fffff
260419702001043,0,0,5,4948105,131310,TDS Telecom,10,1,X,MI,8827446715fffff
260419702001043,25,5,1,4948105,131310,TDS Telecom,10,1,X,MI,882744673bfffff
260419702001050,0,0,1,4948105,131310,TDS Telecom,10,1,X,MI,8827446549fffff
260419702001051,0,0,8,4948105,131310,TDS Telecom,10,1,X,MI,8827446553fffff
260419702002001,0,0,1,4948105,131310,TDS Telecom,10,1,X,MI,8827446211fffff
260419702002001,10,1,1,4948105,131310,TDS Telecom,10,1,X,MI,88274462b3fffff
260419702002003,0,0,1,4948105,131310,TDS Telecom,10,1,X,MI,8827446009fffff
260419702002003,10,1,9,4948105,131310,TDS Telecom,10,1,X,MI,8827446047fffff
260419702002003,50,10,1,4948105,131310,TDS Telecom,10,1,X,MI,882744604dfffff
260419702002005,0,0,2,4948105,131310,TDS Telecom,10,1,X,MI,8827446333fffff
260419702002005,10,1,8,4948105,131310,TDS Telecom,10,1,X,MI,8827446045fffff
260419702002005,25,5,2,4948105,131310,TDS Telecom,10,1,X,MI,8827446317fffff
260419702002005,50,10,2,4948105,131310,TDS Telecom,10,1,X,MI,8827446313fffff
260419702002006,0,0,1,4948105,131310,TDS Telecom,10,1,X,MI,8827446337fffff
260419702002006,10,1,2,4948105,131310,TDS Telecom,10,1,X,MI,8827446335fffff
260419702002006,50,10,2,4948105,131310,TDS Telecom,10,1,X,MI,882744615bfffff
260419702002007,0,0,1,4948105,131310,TDS Telecom,10,1,X,MI,8827446029fffff
260419702002007,10,1,3,4948105,131310,TDS Telecom,10,1,X,MI,8827446067fffff
260419702002007,25,5,1,4948105,131310,TDS Telecom,10,1,X,MI,8827446067fffff
260419702002007,50,10,5,4948105,131310,TDS Telecom,10,1,X,MI,882744615bfffff
260419702002008,10,1,6,4948105,131310,TDS Telecom,10,1,X,MI,8827446061fffff
260419702002008,50,10,1,4948105,131310,TDS Telecom,10,1,X,MI,8827446067fffff
260419702002009,0,0,3,4948105,131310,TDS Telecom,10,1,X,MI,8827446013fffff
260419702002009,10,1,5,4948105,131310,TDS Telecom,10,1,X,MI,882744600dfffff
260419702002010,0,0,3,4948105,131310,TDS Telecom,10,1,X,MI,8827446189fffff
260419702002011,0,0,2,4948105,131310,TDS Telecom,10,1,X,MI,8827446035fffff
260419702002012,0,0,1,4948105,131310,TDS Telecom,10,1,X,MI,8827446083fffff
260419702002012,10,1,2,4948105,131310,TDS Telecom,10,1,X,MI,88274460c9fffff
260419702002013,0,0,6,4948105,131310,TDS Telecom,10,1,X,MI,8827446e59fffff
260419702002013,10,1,10,4948105,131310,TDS Telecom,10,1,X,MI,8827446e17fffff
260419702002013,25,5,2,4948105,131310,TDS Telecom,10,1,X,MI,8827446187fffff
260419702002013,50,10,2,4948105,131310,TDS Telecom,10,1,X,MI,8827446e41fffff
260419702002015,10,1,1,4948105,131310,TDS Telecom,10,1,X,MI,8827446e63fffff
260419702002015,50,10,2,4948105,131310,TDS Telecom,10,1,X,MI,8827446e3dfffff
260419702002019,0,0,1,4948105,131310,TDS Telecom,10,1,X,MI,8827446189fffff
260419702002019,10,1,2,4948105,131310,TDS Telecom,10,1,X,MI,882744618dfffff
260419702002020,0,0,6,4948105,131310,TDS Telecom,10,1,X,MI,8827446525fffff
260419702002020,10,1,3,4948105,131310,TDS Telecom,10,1,X,MI,8827446ee9fffff
260419702002021,0,0,8,4948105,131310,TDS Telecom,10,1,X,MI,8827446521fffff
260419702002021,10,1,7,4948105,131310,TDS Telecom,10,1,X,MI,8827446561fffff
260419702002022,10,1,1,4948105,131310,TDS Telecom,10,1,X,MI,8827446529fffff
260419702002023,10,1,1,4948105,131310,TDS Telecom,10,1,X,MI,882744656bfffff
260419702002024,10,1,2,4948105,131310,TDS Telecom,10,1,X,MI,882744652bfffff
260419702002025,0,0,1,4948105,131310,TDS Telecom,10,1,X,MI,8827446ecbfffff
260419702002027,10,1,2,4948105,131310,TDS Telecom,10,1,X,MI,8827446eebfffff
260419702002027,25,5,1,4948105,131310,TDS Telecom,10,1,X,MI,8827446ee9fffff
260419702002028,50,10,2,4948105,131310,TDS Telecom,10,1,X,MI,8827446e33fffff
260419702002029,25,5,1,4948105,131310,TDS Telecom,10,1,X,MI,8827446c51fffff
260419702002029,50,10,2,4948105,131310,TDS Telecom,10,1,X,MI,8827446c5dfffff
260419702002031,10,1,1,4948105,131310,TDS Telecom,10,1,X,MI,8827446e35fffff
260419702002031,50,10,2,4948105,131310,TDS Telecom,10,1,X,MI,8827446c4bfffff
260419702002032,25,5,1,4948105,131310,TDS Telecom,10,1,X,MI,8827446c5dfffff
260419702002032,50,10,3,4948105,131310,TDS Telecom,10,1,X,MI,8827446c5dfffff
260419702002100,10,1,1,4948105,131310,TDS Telecom,10,1,X,MI,882744652bfffff
260419703001000,25,5,1,4948105,131310,TDS Telecom,10,1,X,MI,882744614bfffff
260419703001002,0,0,2,4948105,131310,TDS Telecom,10,1,X,MI,882744616bfffff
260419703001002,10,1,6,4948105,131310,TDS Telecom,10,1,X,MI,8827446107fffff
260419703001002,25,5,1,4948105,131310,TDS Telecom,10,1,X,MI,8827446101fffff
260419703001017,0,0,2,4948105,131310,TDS Telecom,10,1,X,MI,8827446ac3fffff
260419703001018,0,0,1,4948105,131310,TDS Telecom,10,1,X,MI,8827446ad7fffff
260419703001018,10,1,2,4948105,131310,TDS Telecom,10,1,X,MI,88274461a9fffff
260419703001018,50,10,3,4948105,131310,TDS Telecom,10,1,X,MI,8827446addfffff
260419703001019,10,1,1,4948105,131310,TDS Telecom,10,1,X,MI,88274461a9fffff
260419703001019,50,10,1,4948105,131310,TDS Telecom,10,1,X,MI,88274461edfffff
260419703001020,10,1,1,4948105,131310,TDS Telecom,10,1,X,MI,8827446185fffff
260419703001021,50,10,1,4948105,131310,TDS Telecom,10,1,X,MI,88274461edfffff
260419703001022,50,10,3,4948105,131310,TDS Telecom,10,1,X,MI,8827446109fffff
260419703001023,50,10,1,4948105,131310,TDS Telecom,10,1,X,MI,8827446119fffff
260419703001024,10,1,4,4948105,131310,TDS Telecom,10,1,X,MI,882744618dfffff
260419703001025,25,5,1,4948105,131310,TDS Telecom,10,1,X,MI,88274461abfffff
260419703001025,50,10,1,4948105,131310,TDS Telecom,10,1,X,MI,88274461bdfffff
260419703001027,10,1,4,4948105,131310,TDS Telecom,10,1,X,MI,88274461a1fffff
260419703001028,10,1,2,4948105,131310,TDS Telecom,10,1,X,MI,8827446f01fffff
260419703001028,25,5,1,4948105,131310,TDS Telecom,10,1,X,MI,8827446f43fffff
260419703001028,50,10,2,4948105,131310,TDS Telecom,10,1,X,MI,8827446f43fffff
260419703001029,50,10,1,4948105,131310,TDS Telecom,10,1,X,MI,8827446f5dfffff
260419703002000,10,1,2,4948105,131310,TDS Telecom,10,1,X,MI,8827446185fffff
260419703002000,25,5,1,4948105,131310,TDS Telecom,10,1,X,MI,8827446187fffff
260419703002000,50,10,1,4948105,131310,TDS Telecom,10,1,X,MI,88274461bdfffff
260419703002001,0,0,1,4948105,131310,TDS Telecom,10,1,X,MI,8827446f53fffff
260419703002001,10,1,3,4948105,131310,TDS Telecom,10,1,X,MI,8827446f53fffff
260419703002001,50,10,4,4948105,131310,TDS Telecom,10,1,X,MI,8827446f51fffff
260419703002002,25,5,1,4948105,131310,TDS Telecom,10,1,X,MI,8827446f51fffff
260419703002002,50,10,2,4948105,131310,TDS Telecom,10,1,X,MI,8827446f51fffff
260419703002003,10,1,2,4948105,131310,TDS Telecom,10,1,X,MI,8827446e25fffff
260419703002005,10,1,7,4948105,131310,TDS Telecom,10,1,X,MI,8827446c45fffff
260419703002005,25,5,1,4948105,131310,TDS Telecom,10,1,X,MI,8827446f53fffff
260419703002006,10,1,2,4948105,131310,TDS Telecom,10,1,X,MI,8827446e27fffff
260419703002006,50,10,1,4948105,131310,TDS Telecom,10,1,X,MI,8827446c43fffff
260419703002007,50,10,6,4948105,131310,TDS Telecom,10,1,X,MI,8827446c43fffff
260490124011000,10,1,2,4948105,131310,TDS Telecom,10,1,X,MI,88274d8017fffff
260490124011000,25,5,5,4948105,131310,TDS Telecom,10,1,X,MI,88274d81d9fffff
260490124011000,50,10,13,4948105,131310,TDS Telecom,10,1,X,MI,88274d81d9fffff
260490124011001,25,5,1,4948105,131310,TDS Telecom,10,1,X,MI,88274d8033fffff
260490124011001,50,10,11,4948105,131310,TDS Telecom,10,1,X,MI,88274d81d9fffff
260490124011002,10,1,2,4948105,131310,TDS Telecom,10,1,X,MI,88274d81d1fffff
260490124011002,25,5,11,4948105,131310,TDS Telecom,10,1,X,MI,88274d81ddfffff
260490124011002,50,10,5,4948105,131310,TDS Telecom,10,1,X,MI,88274d81cbfffff
260490124011003,10,1,4,4948105,131310,TDS Telecom,10,1,X,MI,88274d81c3fffff
260490124011003,25,5,11,4948105,131310,TDS Telecom,10,1,X,MI,88274d81cbfffff
260490124011003,50,10,10,4948105,131310,TDS Telecom,10,1,X,MI,88274d81cbfffff
260490124011004,10,1,1,4948105,131310,TDS Telecom,10,1,X,MI,88274d81c3fffff
260490124011005,0,0,9,4948105,131310,TDS Telecom,10,1,X,MI,88274d81d7fffff
260490124011005,10,1,10,4948105,131310,TDS Telecom,10,1,X,MI,88274d81d7fffff
260490124011006,0,0,2,4948105,131310,TDS Telecom,10,1,X,MI,88274d8199fffff
260490124011006,10,1,14,4948105,131310,TDS Telecom,10,1,X,MI,88274d8199fffff
260490124011006,25,5,6,4948105,131310,TDS Telecom,10,1,X,MI,88274d81d3fffff
260490124011006,50,10,2,4948105,131310,TDS Telecom,10,1,X,MI,88274d81d1fffff
260490124011007,10,1,6,4948105,131310,TDS Telecom,10,1,X,MI,88274d81dbfffff
260490124011007,25,5,6,4948105,131310,TDS Telecom,10,1,X,MI,88274d81d1fffff
260490124011008,10,1,12,4948105,131310,TDS Telecom,10,1,X,MI,88274d81d3fffff
260490124011008,25,5,4,4948105,131310,TDS Telecom,10,1,X,MI,88274d81d3fffff
260490124011009,0,0,14,4948105,131310,TDS Telecom,10,1,X,MI,88274d80e1fffff
260490124011010,0,0,12,4948105,131310,TDS Telecom,10,1,X,MI,88274d80ebfffff
260490124011010,10,1,3,4948105,131310,TDS Telecom,10,1,X,MI,88274d80e9fffff
260490124011011,0,0,12,4948105,131310,TDS Telecom,10,1,X,MI,88274d80ebfffff
260490124011012,0,0,6,4948105,131310,TDS Telecom,10,1,X,MI,88274d80a9fffff
260490124011013,0,0,12,4948105,131310,TDS Telecom,10,1,X,MI,88274d80a5fffff
260490124011013,10,1,1,4948105,131310,TDS Telecom,10,1,X,MI,88274d81d3fffff
260490124011016,0,0,8,4948105,131310,TDS Telecom,10,1,X,MI,88274d8195fffff
260490124011016,10,1,2,4948105,131310,TDS Telecom,10,1,X,MI,88274d8199fffff
260490124021000,50,10,3,4948105,131310,TDS Telecom,10,1,X,MI,88274d82b9fffff
260490124021003,50,10,6,4948105,131310,TDS Telecom,10,1,X,MI,88274d80c9fffff
260490124021004,25,5,1,4948105,131310,TDS Telecom,10,1,X,MI,88274d80c9fffff
260490124021005,10,1,5,4948105,131310,TDS Telecom,10,1,X,MI,88274d8013fffff
260490124021005,25,5,3,4948105,131310,TDS Telecom,10,1,X,MI,88274d8013fffff
260490124021006,0,0,7,4948105,131310,TDS Telecom,10,1,X,MI,88274d80c5fffff
260490124021006,10,1,1,4948105,131310,TDS Telecom,10,1,X,MI,88274d80e9fffff
260490125011000,0,0,11,4948105,131310,TDS Telecom,10,1,X,MI,88274d81ebfffff
260490125011000,10,1,9,4948105,131310,TDS Telecom,10,1,X,MI,88274d81c1fffff
260490125011000,25,5,6,4948105,131310,TDS Telecom,10,1,X,MI,88274d81c1fffff
260490125011001,0,0,30,4948105,131310,TDS Telecom,10,1,X,MI,88274d81e3fffff
260490125011001,10,1,10,4948105,131310,TDS Telecom,10,1,X,MI,88274d81ebfffff
260490125011012,0,0,32,4948105,131310,TDS Telecom,10,1,X,MI,88274d8189fffff
260490125011012,10,1,5,4948105,131310,TDS Telecom,10,1,X,MI,88274d8189fffff
260490125011013,0,0,5,4948105,131310,TDS Telecom,10,1,X,MI,88274d8189fffff
260490125011014,0,0,2,4948105,131310,TDS Telecom,10,1,X,MI,88274d818dfffff
260490125011015,0,0,40,4948105,131310,TDS Telecom,10,1,X,MI,88274d8189fffff
260490125011015,10,1,1,4948105,131310,TDS Telecom,10,1,X,MI,88274d8189fffff
260490125011016,0,0,7,4948105,131310,TDS Telecom,10,1,X,MI,88274d8195fffff
260650059001000,0,0,3,4948105,131310,TDS Telecom,10,1,X,MI,88274d7055fffff
260650059001000,10,1,2,4948105,131310,TDS Telecom,10,1,X,MI,88274d7051fffff
260650059001000,25,5,1,4948105,131310,TDS Telecom,10,1,X,MI,88274d7011fffff
260650059001000,50,10,5,4948105,131310,TDS Telecom,10,1,X,MI,88274d7055fffff
260650059001001,0,0,1,4948105,131310,TDS Telecom,10,1,X,MI,88274d7019fffff
260650059001002,0,0,2,4948105,131310,TDS Telecom,10,1,X,MI,88274d7055fffff
260650059001002,10,1,1,4948105,131310,TDS Telecom,10,1,X,MI,88274d7055fffff
260650059001002,50,10,6,4948105,131310,TDS Telecom,10,1,X,MI,88274d700bfffff
260650059001004,25,5,1,4948105,131310,TDS Telecom,10,1,X,MI,88274d7009fffff
260650059001005,50,10,1,4948105,131310,TDS Telecom,10,1,X,MI,88274d7053fffff
260650059001006,50,10,2,4948105,131310,TDS Telecom,10,1,X,MI,88274d72a5fffff
260650059001007,10,1,2,4948105,131310,TDS Telecom,10,1,X,MI,88274d72a5fffff
260650059001009,10,1,7,4948105,131310,TDS Telecom,10,1,X,MI,88274d70cdfffff
260650059001010,10,1,2,4948105,131310,TDS Telecom,10,1,X,MI,88274d70c5fffff
260650059001010,25,5,1,4948105,131310,TDS Telecom,10,1,X,MI,88274d7013fffff
260650059001010,50,10,2,4948105,131310,TDS Telecom,10,1,X,MI,88274d70c5fffff
260650059001011,50,10,1,4948105,131310,TDS Telecom,10,1,X,MI,88274d70e9fffff
260650059001012,10,1,3,4948105,131310,TDS Telecom,10,1,X,MI,88274d7015fffff
260650059001012,25,5,2,4948105,131310,TDS Telecom,10,1,X,MI,88274d7013fffff
260650059001012,50,10,2,4948105,131310,TDS Telecom,10,1,X,MI,88274d7013fffff
260650059001013,10,1,1,4948105,131310,TDS Telecom,10,1,X,MI,88274d7017fffff
260650059001013,25,5,1,4948105,131310,TDS Telecom,10,1,X,MI,88274d7017fffff
260650059001014,0,0,3,4948105,131310,TDS Telecom,10,1,X,MI,88274d7019fffff
260650059001014,10,1,1,4948105,131310,TDS Telecom,10,1,X,MI,88274d701dfffff
260650059001018,10,1,1,4948105,131310,TDS Telecom,10,1,X,MI,88274d7001fffff
260650059001018,50,10,3,4948105,131310,TDS Telecom,10,1,X,MI,88274d700bfffff
260650059001019,10,1,8,4948105,131310,TDS Telecom,10,1,X,MI,88274d7005fffff
260650059001020,10,1,4,4948105,131310,TDS Telecom,10,1,X,MI,88274d7005fffff
260650059001020,25,5,4,4948105,131310,TDS Telecom,10,1,X,MI,88274d7063fffff
260650059001021,0,0,1,4948105,131310,TDS Telecom,10,1,X,MI,88274d702bfffff
260650059001021,10,1,4,4948105,131310,TDS Telecom,10,1,X,MI,88274d7029fffff
260650059001021,25,5,2,4948105,131310,TDS Telecom,10,1,X,MI,88274d703dfffff
260650059001021,50,10,1,4948105,131310,TDS Telecom,10,1,X,MI,88274d7023fffff
260650059001022,10,1,1,4948105,131310,TDS Telecom,10,1,X,MI,88274d702dfffff
260650059001022,25,5,4,4948105,131310,TDS Telecom,10,1,X,MI,88274d7021fffff
260650059001022,50,10,1,4948105,131310,TDS Telecom,10,1,X,MI,88274d7023fffff
260650059001023,10,1,17,4948105,131310,TDS Telecom,10,1,X,MI,88274d71cdfffff
260650059001025,10,1,12,4948105,131310,TDS Telecom,10,1,X,MI,88274d71c7fffff
260650059001026,10,1,1,4948105,131310,TDS Telecom,10,1,X,MI,88274d718dfffff
260650059001027,10,1,4,4948105,131310,TDS Telecom,10,1,X,MI,88274d71cdfffff
260650059001028,0,0,1,4948105,131310,TDS Telecom,10,1,X,MI,88274d7027fffff
260650059001029,0,0,1,4948105,131310,TDS Telecom,10,1,X,MI,88274d7027fffff
260650059001029,50,10,6,4948105,131310,TDS Telecom,10,1,X,MI,88274d71c9fffff
260650059001030,50,10,1,4948105,131310,TDS Telecom,10,1,X,MI,88274d7023fffff
260650059001032,10,1,1,4948105,131310,TDS Telecom,10,1,X,MI,88274d7189fffff
260650059001033,0,0,2,4948105,131310,TDS Telecom,10,1,X,MI,88274d7189fffff
260650059001033,10,1,10,4948105,131310,TDS Telecom,10,1,X,MI,88274d71c3fffff
260650059001033,25,5,1,4948105,131310,TDS Telecom,10,1,X,MI,88274d71ddfffff
260650059001033,50,10,2,4948105,131310,TDS Telecom,10,1,X,MI,88274d71cbfffff
260650059001035,10,1,5,4948105,131310,TDS Telecom,10,1,X,MI,88274d71dbfffff
260650059001035,25,5,4,4948105,131310,TDS Telecom,10,1,X,MI,88274d71dbfffff
260650059001035,50,10,4,4948105,131310,TDS Telecom,10,1,X,MI,88274d71ddfffff
260650059001036,10,1,9,4948105,131310,TDS Telecom,10,1,X,MI,88274d71d9fffff
260650059001036,25,5,4,4948105,131310,TDS Telecom,10,1,X,MI,88274d7037fffff
260650059001037,50,10,6,4948105,131310,TDS Telecom,10,1,X,MI,88274d7037fffff
260650059001038,10,1,3,4948105,131310,TDS Telecom,10,1,X,MI,88274d7033fffff
260650059001038,50,10,2,4948105,131310,TDS Telecom,10,1,X,MI,88274d7031fffff
260650059001040,10,1,1,4948105,131310,TDS Telecom,10,1,X,MI,88274d7039fffff
260650059001040,50,10,5,4948105,131310,TDS Telecom,10,1,X,MI,88274d7031fffff
260650059001041,0,0,1,4948105,131310,TDS Telecom,10,1,X,MI,88274d7001fffff
260650059001041,10,1,1,4948105,131310,TDS Telecom,10,1,X,MI,88274d7007fffff
260650059001041,25,5,1,4948105,131310,TDS Telecom,10,1,X,MI,88274d7007fffff
260650059001041,50,10,1,4948105,131310,TDS Telecom,10,1,X,MI,88274d7003fffff
260650059001042,10,1,2,4948105,131310,TDS Telecom,10,1,X,MI,88274d70edfffff
260650059001043,10,1,3,4948105,131310,TDS Telecom,10,1,X,MI,88274d7039fffff
260650059001045,10,1,6,4948105,131310,TDS Telecom,10,1,X,MI,88274d703bfffff
260650059001046,10,1,1,4948105,131310,TDS Telecom,10,1,X,MI,88274d7003fffff
260650059001048,10,1,7,4948105,131310,TDS Telecom,10,1,X,MI,88274d7189fffff
260650059001049,10,1,2,4948105,131310,TDS Telecom,10,1,X,MI,88274d718bfffff
260650059001050,0,0,2,4948105,131310,TDS Telecom,10,1,X,MI,88274d718bfffff
260650059001050,10,1,11,4948105,131310,TDS Telecom,10,1,X,MI,88274d718bfffff
260650059001051,10,1,1,4948105,131310,TDS Telecom,10,1,X,MI,88274d719dfffff
260650059001052,10,1,4,4948105,131310,TDS Telecom,10,1,X,MI,88274d71d7fffff
260650059001052,25,5,3,4948105,131310,TDS Telecom,10,1,X,MI,88274d7199fffff
260650059001053,50,10,1,4948105,131310,TDS Telecom,10,1,X,MI,88274d70e1fffff
260650059001055,25,5,3,4948105,131310,TDS Telecom,10,1,X,MI,88274d70e9fffff
260650059001055,50,10,1,4948105,131310,TDS Telecom,10,1,X,MI,88274d70e1fffff
260650059001056,25,5,2,4948105,131310,TDS Telecom,10,1,X,MI,88274d70e9fffff
260650059001056,50,10,2,4948105,131310,TDS Telecom,10,1,X,MI,88274d70e9fffff
260650059001058,10,1,6,4948105,131310,TDS Telecom,10,1,X,MI,88274d70c5fffff
260650059001058,25,5,4,4948105,131310,TDS Telecom,10,1,X,MI,88274d70c5fffff
260650059001058,50,10,5,4948105,131310,TDS Telecom,10,1,X,MI,88274d70c5fffff
260650059001059,10,1,14,4948105,131310,TDS Telecom,10,1,X,MI,88274d7089fffff
260650059001059,25,5,5,4948105,131310,TDS Telecom,10,1,X,MI,88274d7089fffff
260650059001059,50,10,4,4948105,131310,TDS Telecom,10,1,X,MI,88274d7081fffff
260650059001061,50,10,4,4948105,131310,TDS Telecom,10,1,X,MI,88274d7085fffff
260650059001062,50,10,1,4948105,131310,TDS Telecom,10,1,X,MI,88274d70e9fffff
260650059001063,10,1,5,4948105,131310,TDS Telecom,10,1,X,MI,88274d7191fffff
260650059001063,25,5,1,4948105,131310,TDS Telecom,10,1,X,MI,88274d7191fffff
260650059001064,10,1,1,4948105,131310,TDS Telecom,10,1,X,MI,88274d7199fffff
260650059001065,10,1,2,4948105,131310,TDS Telecom,10,1,X,MI,88274d7191fffff
260650059001066,10,1,6,4948105,131310,TDS Telecom,10,1,X,MI,88274d719dfffff
260650059001067,0,0,1,4948105,131310,TDS Telecom,10,1,X,MI,88274d7181fffff
260650059001067,10,1,17,4948105,131310,TDS Telecom,10,1,X,MI,88274d7183fffff
260650059001073,25,5,2,4948105,131310,TDS Telecom,10,1,X,MI,88274d7087fffff
260650059001073,50,10,4,4948105,131310,TDS Telecom,10,1,X,MI,88274d7087fffff
260650059001074,0,0,3,4948105,131310,TDS Telecom,10,1,X,MI,88274d7083fffff
260650059001074,10,1,6,4948105,131310,TDS Telecom,10,1,X,MI,88274d7083fffff
260650059001074,50,10,1,4948105,131310,TDS Telecom,10,1,X,MI,88274d7087fffff
260650059001075,0,0,2,4948105,131310,TDS Telecom,10,1,X,MI,88274d7083fffff
260650059001075,10,1,10,4948105,131310,TDS Telecom,10,1,X,MI,88274d756dfffff
260650059001075,25,5,4,4948105,131310,TDS Telecom,10,1,X,MI,88274d7569fffff
260650059001075,50,10,4,4948105,131310,TDS Telecom,10,1,X,MI,88274d7095fffff
260650059001076,10,1,5,4948105,131310,TDS Telecom,10,1,X,MI,88274d70b3fffff
260650059001076,25,5,1,4948105,131310,TDS Telecom,10,1,X,MI,88274d70b7fffff
260650059001076,50,10,2,4948105,131310,TDS Telecom,10,1,X,MI,88274d70b3fffff
260650059001077,10,1,5,4948105,131310,TDS Telecom,10,1,X,MI,88274d70b7fffff
260650059001077,25,5,5,4948105,131310,TDS Telecom,10,1,X,MI,88274d624bfffff
260650059001077,50,10,4,4948105,131310,TDS Telecom,10,1,X,MI,88274d70a3fffff
260650059001078,10,1,12,4948105,131310,TDS Telecom,10,1,X,MI,88274d624bfffff
260650059001078,25,5,2,4948105,131310,TDS Telecom,10,1,X,MI,88274d70a7fffff
260650059001078,50,10,3,4948105,131310,TDS Telecom,10,1,X,MI,88274d70a3fffff
260650059001081,10,1,2,4948105,131310,TDS Telecom,10,1,X,MI,88274d7191fffff
260650059001083,10,1,7,4948105,131310,TDS Telecom,10,1,X,MI,88274d7195fffff
260650059001086,10,1,2,4948105,131310,TDS Telecom,10,1,X,MI,88274d71c7fffff
260650059001086,25,5,3,4948105,131310,TDS Telecom,10,1,X,MI,88274d71c1fffff
260650059001089,50,10,2,4948105,131310,TDS Telecom,10,1,X,MI,88274d700bfffff
260650059001090,10,1,1,4948105,131310,TDS Telecom,10,1,X,MI,88274d7199fffff
260650059001090,25,5,2,4948105,131310,TDS Telecom,10,1,X,MI,88274d719bfffff
260650059001090,50,10,2,4948105,131310,TDS Telecom,10,1,X,MI,88274d70a5fffff
260650059002000,10,1,5,4948105,131310,TDS Telecom,10,1,X,MI,88274d6241fffff
260650059002001,0,0,1,4948105,131310,TDS Telecom,10,1,X,MI,88274d6245fffff
260650059002001,10,1,3,4948105,131310,TDS Telecom,10,1,X,MI,88274d6245fffff
260650059003000,10,1,7,4948105,131310,TDS Telecom,10,1,X,MI,88274d756dfffff
260770026011000,25,5,1,4948105,131310,TDS Telecom,10,1,X,MI,8827482a41fffff
260770026011000,50,10,1,4948105,131310,TDS Telecom,10,1,X,MI,8827482a43fffff
260770026011001,0,0,1,4948105,131310,TDS Telecom,10,1,X,MI,8827482a45fffff
260770026011001,10,1,2,4948105,131310,TDS Telecom,10,1,X,MI,8827482a45fffff
260770026011002,0,0,1,4948105,131310,TDS Telecom,10,1,X,MI,8827482a45fffff
260770026011003,10,1,3,4948105,131310,TDS Telecom,10,1,X,MI,8827482a47fffff
260770026011003,25,5,2,4948105,131310,TDS Telecom,10,1,X,MI,8827482a47fffff
260770026011004,10,1,3,4948105,131310,TDS Telecom,10,1,X,MI,8827482a0dfffff
260770026011004,25,5,6,4948105,131310,TDS Telecom,10,1,X,MI,8827482a47fffff
260770026011005,10,1,14,4948105,131310,TDS Telecom,10,1,X,MI,8827482a6bfffff
260770026011006,10,1,7,4948105,131310,TDS Telecom,10,1,X,MI,8827482a6bfffff
260770026011006,25,5,1,4948105,131310,TDS Telecom,10,1,X,MI,8827482a63fffff
260770026011008,0,0,2,4948105,131310,TDS Telecom,10,1,X,MI,8827482b5dfffff
260770026011008,10,1,6,4948105,131310,TDS Telecom,10,1,X,MI,8827482b59fffff
260770026011008,25,5,3,4948105,131310,TDS Telecom,10,1,X,MI,8827482b5dfffff
260770026011008,50,10,3,4948105,131310,TDS Telecom,10,1,X,MI,8827482b5bfffff
260770026011009,50,10,15,4948105,131310,TDS Telecom,10,1,X,MI,8827482b55fffff
260770026011011,10,1,3,4948105,131310,TDS Telecom,10,1,X,MI,8827482b53fffff
260770026011011,50,10,93,4948105,131310,TDS Telecom,10,1,X,MI,8827482a25fffff
260770026011012,50,10,6,4948105,131310,TDS Telecom,10,1,X,MI,8827482a25fffff
260770026011013,50,10,11,4948105,131310,TDS Telecom,10,1,X,MI,8827482a25fffff
260770026011014,50,10,12,4948105,131310,TDS Telecom,10,1,X,MI,8827482a25fffff
260770026011015,50,10,8,4948105,131310,TDS Telecom,10,1,X,MI,8827482a27fffff
260770026011016,50,10,4,4948105,131310,TDS Telecom,10,1,X,MI,8827482a27fffff
260770026011017,50,10,7,4948105,131310,TDS Telecom,10,1,X,MI,8827482a27fffff
260770026011018,50,10,4,4948105,131310,TDS Telecom,10,1,X,MI,8827482a27fffff
260770026011020,50,10,12,4948105,131310,TDS Telecom,10,1,X,MI,8827482a25fffff
260770026011022,50,10,10,4948105,131310,TDS Telecom,10,1,X,MI,8827482a25fffff
260770026011023,25,5,1,4948105,131310,TDS Telecom,10,1,X,MI,8827482a29fffff
260770026011024,0,0,1,4948105,131310,TDS Telecom,10,1,X,MI,8827482a2bfffff
260770026011024,10,1,25,4948105,131310,TDS Telecom,10,1,X,MI,8827482a07fffff
260770026011024,25,5,4,4948105,131310,TDS Telecom,10,1,X,MI,8827482a29fffff
260770026011024,50,10,1,4948105,131310,TDS Telecom,10,1,X,MI,8827482a29fffff
260770026011025,10,1,4,4948105,131310,TDS Telecom,10,1,X,MI,8827482a07fffff
260770026011026,10,1,1,4948105,131310,TDS Telecom,10,1,X,MI,8827482a0dfffff
260770026011026,25,5,2,4948105,131310,TDS Telecom,10,1,X,MI,8827482a47fffff
260770026011026,50,10,2,4948105,131310,TDS Telecom,10,1,X,MI,8827482a47fffff
260770026011028,0,0,3,4948105,131310,TDS Telecom,10,1,X,MI,8827482a01fffff
260770026011028,10,1,7,4948105,131310,TDS Telecom,10,1,X,MI,8827482a03fffff
260770026011028,50,10,2,4948105,131310,TDS Telecom,10,1,X,MI,8827482a0bfffff
260770026011029,10,1,1,4948105,131310,TDS Telecom,10,1,X,MI,8827482a01fffff
260770026011030,10,1,1,4948105,131310,TDS Telecom,10,1,X,MI,8827482a21fffff
260770026011031,10,1,1,4948105,131310,TDS Telecom,10,1,X,MI,8827482a21fffff
260770026011032,25,5,1,4948105,131310,TDS Telecom,10,1,X,MI,8827482a27fffff
260770026011032,50,10,12,4948105,131310,TDS Telecom,10,1,X,MI,8827482a27fffff
260770026011033,25,5,1,4948105,131310,TDS Telecom,10,1,X,MI,8827482a27fffff
260770026011033,50,10,9,4948105,131310,TDS Telecom,10,1,X,MI,8827482a27fffff
260770026011034,50,10,8,4948105,131310,TDS Telecom,10,1,X,MI,8827482a27fffff
260770026012000,25,5,11,4948105,131310,TDS Telecom,10,1,X,MI,8827482a23fffff
260770026012000,50,10,22,4948105,131310,TDS Telecom,10,1,X,MI,8827482a23fffff
260770026012001,25,5,15,4948105,131310,TDS Telecom,10,1,X,MI,8827482a21fffff
260770026012001,50,10,18,4948105,131310,TDS Telecom,10,1,X,MI,8827482849fffff
260770026012002,25,5,14,4948105,131310,TDS Telecom,10,1,X,MI,8827482a27fffff
260770026012004,50,10,1,4948105,131310,TDS Telecom,10,1,X,MI,8827482849fffff
260770026012005,25,5,21,4948105,131310,TDS Telecom,10,1,X,MI,8827482a27fffff
260770026012008,25,5,1,4948105,131310,TDS Telecom,10,1,X,MI,8827482a27fffff
260770026012008,50,10,53,4948105,131310,TDS Telecom,10,1,X,MI,8827482849fffff
260770026012009,25,5,24,4948105,131310,TDS Telecom,10,1,X,MI,8827482a27fffff
260770026012012,50,10,1,4948105,131310,TDS Telecom,10,1,X,MI,8827482845fffff
260770026012014,50,10,5,4948105,131310,TDS Telecom,10,1,X,MI,8827482845fffff
260770026013003,50,10,15,4948105,131310,TDS Telecom,10,1,X,MI,8827482845fffff
260770026013004,50,10,7,4948105,131310,TDS Telecom,10,1,X,MI,8827482845fffff
260770026013005,50,10,10,4948105,131310,TDS Telecom,10,1,X,MI,8827482845fffff
260770026013006,25,5,4,4948105,131310,TDS Telecom,10,1,X,MI,8827482847fffff
260770026013006,50,10,2,4948105,131310,TDS Telecom,10,1,X,MI,8827482809fffff
260770026013007,50,10,7,4948105,131310,TDS Telecom,10,1,X,MI,8827482847fffff
260770026013008,50,10,7,4948105,131310,TDS Telecom,10,1,X,MI,882748286bfffff
260770026013009,25,5,3,4948105,131310,TDS Telecom,10,1,X,MI,8827482847fffff
260770026013009,50,10,2,4948105,131310,TDS Telecom,10,1,X,MI,8827482847fffff
260770026013010,0,0,5,4948105,131310,TDS Telecom,10,1,X,MI,8827482805fffff
260770026013010,10,1,21,4948105,131310,TDS Telecom,10,1,X,MI,882748280dfffff
260770026013012,0,0,1,4948105,131310,TDS Telecom,10,1,X,MI,8827482863fffff
260770026013012,25,5,8,4948105,131310,TDS Telecom,10,1,X,MI,882748286bfffff
260770026013014,25,5,8,4948105,131310,TDS Telecom,10,1,X,MI,882748286bfffff
260770026013015,0,0,3,4948105,131310,TDS Telecom,10,1,X,MI,882748283bfffff
260770026013015,10,1,5,4948105,131310,TDS Telecom,10,1,X,MI,8827482803fffff
260770026013016,10,1,5,4948105,131310,TDS Telecom,10,1,X,MI,8827482803fffff
260770026013016,25,5,2,4948105,131310,TDS Telecom,10,1,X,MI,8827482803fffff
260770026013017,10,1,3,4948105,131310,TDS Telecom,10,1,X,MI,8827482803fffff
260770026013019,10,1,11,4948105,131310,TDS Telecom,10,1,X,MI,8827482803fffff
260770026013019,25,5,25,4948105,131310,TDS Telecom,10,1,X,MI,882748280bfffff
260770026013019,50,10,12,4948105,131310,TDS Telecom,10,1,X,MI,882748280bfffff
260770026013020,10,1,6,4948105,131310,TDS Telecom,10,1,X,MI,8827482803fffff
260770026013020,25,5,3,4948105,131310,TDS Telecom,10,1,X,MI,882748280bfffff
260770026013020,50,10,3,4948105,131310,TDS Telecom,10,1,X,MI,882748280bfffff
260770026013021,10,1,21,4948105,131310,TDS Telecom,10,1,X,MI,8827482809fffff
260770026013021,25,5,6,4948105,131310,TDS Telecom,10,1,X,MI,8827482809fffff
260770026013021,50,10,7,4948105,131310,TDS Telecom,10,1,X,MI,8827482809fffff
260770026013022,10,1,23,4948105,131310,TDS Telecom,10,1,X,MI,8827482803fffff
260770026013022,25,5,1,4948105,131310,TDS Telecom,10,1,X,MI,8827482807fffff
260770026013023,10,1,5,4948105,131310,TDS Telecom,10,1,X,MI,882748280bfffff
260770026013023,25,5,5,4948105,131310,TDS Telecom,10,1,X,MI,882748280bfffff
260770026013024,0,0,6,4948105,131310,TDS Telecom,10,1,X,MI,882748283bfffff
260770026013024,10,1,2,4948105,131310,TDS Telecom,10,1,X,MI,8827482817fffff
260770026013025,0,0,46,4948105,131310,TDS Telecom,10,1,X,MI,8827482815fffff
260770026013025,10,1,18,4948105,131310,TDS Telecom,10,1,X,MI,8827482817fffff
260770026013025,25,5,1,4948105,131310,TDS Telecom,10,1,X,MI,8827482815fffff
260770026013026,10,1,5,4948105,131310,TDS Telecom,10,1,X,MI,8827482819fffff
260770026013027,10,1,2,4948105,131310,TDS Telecom,10,1,X,MI,8827482817fffff
260770026013029,0,0,5,4948105,131310,TDS Telecom,10,1,X,MI,8827482831fffff
260770026013030,0,0,14,4948105,131310,TDS Telecom,10,1,X,MI,8827482839fffff
260770026013031,0,0,1,4948105,131310,TDS Telecom,10,1,X,MI,8827482831fffff
260770026013032,0,0,2,4948105,131310,TDS Telecom,10,1,X,MI,8827482805fffff
260770026013034,0,0,14,4948105,131310,TDS Telecom,10,1,X,MI,8827482831fffff
260770026014000,0,0,3,4948105,131310,TDS Telecom,10,1,X,MI,8827482859fffff
260770026014000,25,5,1,4948105,131310,TDS Telecom,10,1,X,MI,8827482859fffff
260770026014000,50,10,10,4948105,131310,TDS Telecom,10,1,X,MI,882748285dfffff
260770026014001,50,10,1,4948105,131310,TDS Telecom,10,1,X,MI,8827482855fffff
260770026014002,10,1,3,4948105,131310,TDS Telecom,10,1,X,MI,882748285bfffff
260770026014002,25,5,3,4948105,131310,TDS Telecom,10,1,X,MI,8827482aadfffff
260770026014002,50,10,4,4948105,131310,TDS Telecom,10,1,X,MI,8827482aadfffff
260770026014003,10,1,13,4948105,131310,TDS Telecom,10,1,X,MI,8827482819fffff
260770026014003,25,5,7,4948105,131310,TDS Telecom,10,1,X,MI,8827482855fffff
260770026014003,50,10,2,4948105,131310,TDS Telecom,10,1,X,MI,8827482855fffff
260770026014004,25,5,1,4948105,131310,TDS Telecom,10,1,X,MI,8827482855fffff
260770026014004,50,10,6,4948105,131310,TDS Telecom,10,1,X,MI,8827482855fffff
260770026014005,0,0,3,4948105,131310,TDS Telecom,10,1,X,MI,8827482aa5fffff
260770026014005,50,10,10,4948105,131310,TDS Telecom,10,1,X,MI,8827482aa7fffff
260770026014011,25,5,2,4948105,131310,TDS Telecom,10,1,X,MI,8827482aadfffff
260770026014011,50,10,1,4948105,131310,TDS Telecom,10,1,X,MI,8827482aadfffff
260770026014043,50,10,5,4948105,131310,TDS Telecom,10,1,X,MI,8827482aa7fffff
260770026014044,10,1,2,4948105,131310,TDS Telecom,10,1,X,MI,8827482811fffff
260770026014044,25,5,11,4948105,131310,TDS Telecom,10,1,X,MI,88274828cdfffff
260770026014044,50,10,8,4948105,131310,TDS Telecom,10,1,X,MI,8827482aa7fffff
260770026015000,50,10,1,4948105,131310,TDS Telecom,10,1,X,MI,88274838b3fffff
260770026015001,10,1,2,4948105,131310,TDS Telecom,10,1,X,MI,8827482a59fffff
260770026015002,0,0,2,4948105,131310,TDS Telecom,10,1,X,MI,8827482a5dfffff
260770026015002,10,1,6,4948105,131310,TDS Telecom,10,1,X,MI,88274838b7fffff
260770026015002,50,10,3,4948105,131310,TDS Telecom,10,1,X,MI,8827482a4bfffff
260770026015003,50,10,4,4948105,131310,TDS Telecom,10,1,X,MI,8827482a4bfffff
260770026015005,10,1,1,4948105,131310,TDS Telecom,10,1,X,MI,8827482a41fffff
260770026015005,50,10,4,4948105,131310,TDS Telecom,10,1,X,MI,8827482a43fffff
260770026015008,10,1,2,4948105,131310,TDS Telecom,10,1,X,MI,8827482a59fffff
260770026015009,10,1,1,4948105,131310,TDS Telecom,10,1,X,MI,8827482165fffff
260770026015009,50,10,13,4948105,131310,TDS Telecom,10,1,X,MI,8827482a57fffff
260770026015010,10,1,4,4948105,131310,TDS Telecom,10,1,X,MI,8827482a0bfffff
260770026015010,25,5,1,4948105,131310,TDS Telecom,10,1,X,MI,8827482a1dfffff
260770026015010,50,10,4,4948105,131310,TDS Telecom,10,1,X,MI,8827482a57fffff
260770026015011,10,1,19,4948105,131310,TDS Telecom,10,1,X,MI,8827482a03fffff
260770026015011,25,5,7,4948105,131310,TDS Telecom,10,1,X,MI,8827482a3bfffff
260770026015011,50,10,24,4948105,131310,TDS Telecom,10,1,X,MI,8827482a19fffff
260770026015012,50,10,1,4948105,131310,TDS Telecom,10,1,X,MI,8827482a15fffff
260770026015014,25,5,3,4948105,131310,TDS Telecom,10,1,X,MI,8827482125fffff
260770026015014,50,10,13,4948105,131310,TDS Telecom,10,1,X,MI,8827482121fffff
260770026015015,10,1,4,4948105,131310,TDS Telecom,10,1,X,MI,8827482125fffff
260770026015015,25,5,14,4948105,131310,TDS Telecom,10,1,X,MI,8827482123fffff
260770026015015,50,10,26,4948105,131310,TDS Telecom,10,1,X,MI,8827482ac9fffff
260770026015016,10,1,1,4948105,131310,TDS Telecom,10,1,X,MI,8827482a03fffff
260770026015016,25,5,4,4948105,131310,TDS Telecom,10,1,X,MI,8827482a39fffff
260770026015016,50,10,2,4948105,131310,TDS Telecom,10,1,X,MI,8827482a31fffff
260770026015017,0,0,1,4948105,131310,TDS Telecom,10,1,X,MI,8827482a3dfffff
260770026015017,10,1,13,4948105,131310,TDS Telecom,10,1,X,MI,8827482a39fffff
260770026015017,50,10,1,4948105,131310,TDS Telecom,10,1,X,MI,8827482a33fffff
260770026015018,0,0,4,4948105,131310,TDS Telecom,10,1,X,MI,8827482a3dfffff
260770026015018,10,1,8,4948105,131310,TDS Telecom,10,1,X,MI,8827482a3dfffff
260770026015018,25,5,9,4948105,131310,TDS Telecom,10,1,X,MI,8827482a23fffff
260770026015018,50,10,10,4948105,131310,TDS Telecom,10,1,X,MI,8827482a23fffff
260770026015019,25,5,4,4948105,131310,TDS Telecom,10,1,X,MI,8827482a33fffff
260770026015019,50,10,21,4948105,131310,TDS Telecom,10,1,X,MI,8827482a37fffff
260770026015021,50,10,1,4948105,131310,TDS Telecom,10,1,X,MI,8827482ae1fffff
260770026015022,0,0,1,4948105,131310,TDS Telecom,10,1,X,MI,8827482ae1fffff
260770026015022,25,5,4,4948105,131310,TDS Telecom,10,1,X,MI,8827482ac5fffff
260770026015022,50,10,31,4948105,131310,TDS Telecom,10,1,X,MI,8827482ac5fffff
260770026015024,25,5,1,4948105,131310,TDS Telecom,10,1,X,MI,8827482acdfffff
260770026015024,50,10,5,4948105,131310,TDS Telecom,10,1,X,MI,8827482acdfffff
260770026015025,50,10,5,4948105,131310,TDS Telecom,10,1,X,MI,8827482ac9fffff
260770026015026,50,10,3,4948105,131310,TDS Telecom,10,1,X,MI,8827482ac9fffff
260770026015030,50,10,1,4948105,131310,TDS Telecom,10,1,X,MI,8827482ac7fffff
260770026015031,25,5,5,4948105,131310,TDS Telecom,10,1,X,MI,8827482ac1fffff
260770026015031,50,10,5,4948105,131310,TDS Telecom,10,1,X,MI,8827482ac7fffff
260770026015032,0,0,1,4948105,131310,TDS Telecom,10,1,X,MI,8827482ae3fffff
260770026015032,10,1,2,4948105,131310,TDS Telecom,10,1,X,MI,8827482a85fffff
260770026015033,10,1,1,4948105,131310,TDS Telecom,10,1,X,MI,8827482ae1fffff
260770026015034,10,1,2,4948105,131310,TDS Telecom,10,1,X,MI,882748285bfffff
260770026015035,0,0,3,4948105,131310,TDS Telecom,10,1,X,MI,8827482859fffff
260770026015035,10,1,11,4948105,131310,TDS Telecom,10,1,X,MI,882748285bfffff
260770026015038,0,0,1,4948105,131310,TDS Telecom,10,1,X,MI,8827482ad5fffff
260770026015040,10,1,3,4948105,131310,TDS Telecom,10,1,X,MI,8827482a85fffff
260770026015040,25,5,11,4948105,131310,TDS Telecom,10,1,X,MI,8827482aabfffff
260770026015040,50,10,3,4948105,131310,TDS Telecom,10,1,X,MI,8827482a8dfffff
260770026015041,0,0,2,4948105,131310,TDS Telecom,10,1,X,MI,8827482ae3fffff
260770026015041,10,1,7,4948105,131310,TDS Telecom,10,1,X,MI,8827482ae7fffff
260770026015041,25,5,7,4948105,131310,TDS Telecom,10,1,X,MI,8827482aabfffff
260770026015041,50,10,5,4948105,131310,TDS Telecom,10,1,X,MI,8827482aadfffff
260770026015042,50,10,3,4948105,131310,TDS Telecom,10,1,X,MI,8827482aa1fffff
260770026015043,25,5,1,4948105,131310,TDS Telecom,10,1,X,MI,8827482aabfffff
260770026015043,50,10,4,4948105,131310,TDS Telecom,10,1,X,MI,8827482aa1fffff
260770026015044,50,10,23,4948105,131310,TDS Telecom,10,1,X,MI,8827482aabfffff
260770026015046,50,10,2,4948105,131310,TDS Telecom,10,1,X,MI,8827482aa1fffff
260770026015048,10,1,11,4948105,131310,TDS Telecom,10,1,X,MI,8827482a81fffff
260770026015049,10,1,6,4948105,131310,TDS Telecom,10,1,X,MI,8827482a81fffff
260770026015050,10,1,1,4948105,131310,TDS Telecom,10,1,X,MI,8827482a87fffff
260770027011000,25,5,5,4948105,131310,TDS Telecom,10,1,X,MI,8827482b43fffff
260770027011000,50,10,7,4948105,131310,TDS Telecom,10,1,X,MI,8827482b55fffff
260770027011002,10,1,1,4948105,131310,TDS Telecom,10,1,X,MI,8827482b6bfffff
260770067011002,10,1,1,4948105,131310,TDS Telecom,10,1,X,MI,8827482ab9fffff
260770067011005,0,0,2,4948105,131310,TDS Telecom,10,1,X,MI,88274828c9fffff
260770067011007,10,1,1,4948105,131310,TDS Telecom,10,1,X,MI,88274828ebfffff
260770067011008,0,0,4,4948105,131310,TDS Telecom,10,1,X,MI,8827482887fffff
260770067011012,25,5,7,4948105,131310,TDS Telecom,10,1,X,MI,88274828c5fffff
260770067011014,10,1,5,4948105,131310,TDS Telecom,10,1,X,MI,88274828ebfffff
260770067011015,0,0,7,4948105,131310,TDS Telecom,10,1,X,MI,88274828e1fffff
260770067011016,0,0,13,4948105,131310,TDS Telecom,10,1,X,MI,88274828e3fffff
260770067011016,10,1,11,4948105,131310,TDS Telecom,10,1,X,MI,88274828e3fffff
260770067011016,25,5,18,4948105,131310,TDS Telecom,10,1,X,MI,88274828c5fffff
260770067011016,50,10,3,4948105,131310,TDS Telecom,10,1,X,MI,88274828cdfffff
260770067011017,0,0,11,4948105,131310,TDS Telecom,10,1,X,MI,8827482817fffff
260770067011017,10,1,4,4948105,131310,TDS Telecom,10,1,X,MI,8827482813fffff
260770067011018,0,0,16,4948105,131310,TDS Telecom,10,1,X,MI,88274828edfffff
260770067011021,0,0,1,4948105,131310,TDS Telecom,10,1,X,MI,8827482831fffff
260770067011035,0,0,7,4948105,131310,TDS Telecom,10,1,X,MI,88274828b9fffff
260770067011038,0,0,2,4948105,131310,TDS Telecom,10,1,X,MI,88274828cbfffff
260873305002034,10,1,8,4948105,131310,TDS Telecom,10,1,X,MI,88274d9409fffff
260873305002036,10,1,13,4948105,131310,TDS Telecom,10,1,X,MI,88274d9429fffff
260873305002036,25,5,3,4948105,131310,TDS Telecom,10,1,X,MI,88274d9405fffff
260873305002036,50,10,1,4948105,131310,TDS Telecom,10,1,X,MI,88274d9463fffff
260873305002037,10,1,9,4948105,131310,TDS Telecom,10,1,X,MI,88274d9423fffff
260873305002037,25,5,2,4948105,131310,TDS Telecom,10,1,X,MI,88274d942bfffff
260873305002039,10,1,3,4948105,131310,TDS Telecom,10,1,X,MI,88274d940bfffff
260873305002040,10,1,1,4948105,131310,TDS Telecom,10,1,X,MI,88274d9457fffff
260873305002043,10,1,4,4948105,131310,TDS Telecom,10,1,X,MI,88274d941dfffff
260873305002043,25,5,2,4948105,131310,TDS Telecom,10,1,X,MI,88274d9403fffff
260873305002043,50,10,8,4948105,131310,TDS Telecom,10,1,X,MI,88274d9415fffff
260873305002044,10,1,1,4948105,131310,TDS Telecom,10,1,X,MI,88274d9403fffff
260873305002044,25,5,2,4948105,131310,TDS Telecom,10,1,X,MI,88274d9403fffff
260873305002044,50,10,5,4948105,131310,TDS Telecom,10,1,X,MI,88274d9415fffff
260873305002045,10,1,2,4948105,131310,TDS Telecom,10,1,X,MI,88274d9403fffff
260873305002045,25,5,5,4948105,131310,TDS Telecom,10,1,X,MI,88274d9407fffff
260873305002045,50,10,1,4948105,131310,TDS Telecom,10,1,X,MI,88274d943dfffff
260873305002046,10,1,1,4948105,131310,TDS Telecom,10,1,X,MI,88274d943dfffff
260873305002046,25,5,3,4948105,131310,TDS Telecom,10,1,X,MI,88274d95c9fffff
260873305002046,50,10,13,4948105,131310,TDS Telecom,10,1,X,MI,88274d943dfffff
260873305002047,10,1,3,4948105,131310,TDS Telecom,10,1,X,MI,88274d9423fffff
260873305002048,50,10,3,4948105,131310,TDS Telecom,10,1,X,MI,88274d9437fffff
260873305002049,25,5,6,4948105,131310,TDS Telecom,10,1,X,MI,88274d94edfffff
260873305002049,50,10,15,4948105,131310,TDS Telecom,10,1,X,MI,88274d95d9fffff
260873305002050,10,1,3,4948105,131310,TDS Telecom,10,1,X,MI,88274d9413fffff
260873305002050,25,5,6,4948105,131310,TDS Telecom,10,1,X,MI,88274d9417fffff
260873305002050,50,10,12,4948105,131310,TDS Telecom,10,1,X,MI,88274d94edfffff
260873305002073,50,10,4,4948105,131310,TDS Telecom,10,1,X,MI,88274d95d9fffff
260873310001005,50,10,3,4948105,131310,TDS Telecom,10,1,X,MI,88274d82d3fffff
260873310001006,50,10,8,4948105,131310,TDS Telecom,10,1,X,MI,88274d82d3fffff
260873310002000,25,5,4,4948105,131310,TDS Telecom,10,1,X,MI,88274d829dfffff
260873310002000,50,10,2,4948105,131310,TDS Telecom,10,1,X,MI,88274d829dfffff
260873315002002,10,1,1,4948105,131310,TDS Telecom,10,1,X,MI,88274d9599fffff
260873320001005,0,0,1,4948105,131310,TDS Telecom,10,1,X,MI,88274d95d3fffff
260873320001005,10,1,2,4948105,131310,TDS Telecom,10,1,X,MI,88274d9599fffff
260910604021028,0,0,7,4948105,131310,TDS Telecom,10,1,X,MI,88274915b1fffff
260910604021030,0,0,3,4948105,131310,TDS Telecom,10,1,X,MI,88274915bbfffff
260910604021030,10,1,3,4948105,131310,TDS Telecom,10,1,X,MI,88274915bbfffff
260910605002016,50,10,1,4948105,131310,TDS Telecom,10,1,X,MI,88274914a3fffff
260910605002017,50,10,1,4948105,131310,TDS Telecom,10,1,X,MI,882749064dfffff
260910605002018,10,1,1,4948105,131310,TDS Telecom,10,1,X,MI,8827491597fffff
260910605002019,10,1,14,4948105,131310,TDS Telecom,10,1,X,MI,8827491593fffff
260910605002019,25,5,2,4948105,131310,TDS Telecom,10,1,X,MI,882749066bfffff
260910605002019,50,10,2,4948105,131310,TDS Telecom,10,1,X,MI,8827491593fffff
260910605002020,10,1,4,4948105,131310,TDS Telecom,10,1,X,MI,8827490641fffff
260910605002020,25,5,2,4948105,131310,TDS Telecom,10,1,X,MI,8827490641fffff
260910605002020,50,10,3,4948105,131310,TDS Telecom,10,1,X,MI,882749064dfffff
260910605002021,50,10,1,4948105,131310,TDS Telecom,10,1,X,MI,88274914bdfffff
260910605002023,50,10,2,4948105,131310,TDS Telecom,10,1,X,MI,8827491495fffff
260910605002036,50,10,1,4948105,131310,TDS Telecom,10,1,X,MI,8827491497fffff
260910605002037,50,10,8,4948105,131310,TDS Telecom,10,1,X,MI,88274914b7fffff
260910605002038,50,10,1,4948105,131310,TDS Telecom,10,1,X,MI,882749064bfffff
260910605002039,50,10,1,4948105,131310,TDS Telecom,10,1,X,MI,8827490651fffff
260910605002040,50,10,6,4948105,131310,TDS Telecom,10,1,X,MI,882749a961fffff
260910605002048,50,10,7,4948105,131310,TDS Telecom,10,1,X,MI,882749a961fffff
260910605002049,10,1,1,4948105,131310,TDS Telecom,10,1,X,MI,882749a963fffff
260910605002049,50,10,1,4948105,131310,TDS Telecom,10,1,X,MI,882749a961fffff
260910605002050,10,1,1,4948105,131310,TDS Telecom,10,1,X,MI,882749a963fffff
260910605002051,10,1,2,4948105,131310,TDS Telecom,10,1,X,MI,882749a963fffff
260910605002051,50,10,1,4948105,131310,TDS Telecom,10,1,X,MI,882749a961fffff
260910605002056,50,10,1,4948105,131310,TDS Telecom,10,1,X,MI,8827490651fffff
260910605002057,10,1,11,4948105,131310,TDS Telecom,10,1,X,MI,8827490609fffff
260910605002057,25,5,3,4948105,131310,TDS Telecom,10,1,X,MI,8827490641fffff
260910605002067,10,1,4,4948105,131310,TDS Telecom,10,1,X,MI,882749a929fffff
260910605002067,25,5,2,4948105,131310,TDS Telecom,10,1,X,MI,882749a921fffff
260910605002067,50,10,1,4948105,131310,TDS Telecom,10,1,X,MI,882749a921fffff
260910605002069,10,1,13,4948105,131310,TDS Telecom,10,1,X,MI,882749066bfffff
260910605002069,25,5,1,4948105,131310,TDS Telecom,10,1,X,MI,8827490609fffff
260910605002069,50,10,4,4948105,131310,TDS Telecom,10,1,X,MI,8827490605fffff
260910605002070,25,5,1,4948105,131310,TDS Telecom,10,1,X,MI,882749065dfffff
260910605002070,50,10,3,4948105,131310,TDS Telecom,10,1,X,MI,882749064bfffff
260910605003004,25,5,1,4948105,131310,TDS Telecom,10,1,X,MI,882749a927fffff
260910605003004,50,10,1,4948105,131310,TDS Telecom,10,1,X,MI,882749a927fffff
260910605003005,10,1,2,4948105,131310,TDS Telecom,10,1,X,MI,882749a92bfffff
260910605003005,25,5,7,4948105,131310,TDS Telecom,10,1,X,MI,882749a92bfffff
260910605003005,50,10,2,4948105,131310,TDS Telecom,10,1,X,MI,882749a921fffff
260910605003006,50,10,1,4948105,131310,TDS Telecom,10,1,X,MI,882749a925fffff
260910605003007,10,1,4,4948105,131310,TDS Telecom,10,1,X,MI,882749061dfffff
260910605003007,25,5,5,4948105,131310,TDS Telecom,10,1,X,MI,882749060bfffff
260910605003007,50,10,6,4948105,131310,TDS Telecom,10,1,X,MI,8827490651fffff
260910605003009,10,1,6,4948105,131310,TDS Telecom,10,1,X,MI,882749060bfffff
260910605003009,25,5,2,4948105,131310,TDS Telecom,10,1,X,MI,8827490601fffff
260910605003009,50,10,1,4948105,131310,TDS Telecom,10,1,X,MI,8827490603fffff
260910605003010,50,10,3,4948105,131310,TDS Telecom,10,1,X,MI,8827490601fffff
260910605003011,50,10,2,4948105,131310,TDS Telecom,10,1,X,MI,8827490639fffff
260910605003018,10,1,6,4948105,131310,TDS Telecom,10,1,X,MI,882749061bfffff
260910605003018,50,10,8,4948105,131310,TDS Telecom,10,1,X,MI,882749a927fffff
260910605003019,50,10,2,4948105,131310,TDS Telecom,10,1,X,MI,8827490617fffff
260910605003020,10,1,3,4948105,131310,TDS Telecom,10,1,X,MI,882749061dfffff
260910605003021,50,10,1,4948105,131310,TDS Telecom,10,1,X,MI,8827490603fffff
260910605003022,10,1,2,4948105,131310,TDS Telecom,10,1,X,MI,882749063bfffff
260910605003022,25,5,1,4948105,131310,TDS Telecom,10,1,X,MI,8827490631fffff
260910605003022,50,10,6,4948105,131310,TDS Telecom,10,1,X,MI,8827490631fffff
260910605003023,50,10,2,4948105,131310,TDS Telecom,10,1,X,MI,882749063dfffff
260910605003024,10,1,2,4948105,131310,TDS Telecom,10,1,X,MI,8827490459fffff
260910605003024,25,5,2,4948105,131310,TDS Telecom,10,1,X,MI,882749045bfffff
260910605003025,10,1,3,4948105,131310,TDS Telecom,10,1,X,MI,882749063bfffff
260910605003025,25,5,2,4948105,131310,TDS Telecom,10,1,X,MI,8827490633fffff
260910605003026,25,5,1,4948105,131310,TDS Telecom,10,1,X,MI,88274906c3fffff
260910605003026,50,10,2,4948105,131310,TDS Telecom,10,1,X,MI,88274906c9fffff
260910605003037,50,10,2,4948105,131310,TDS Telecom,10,1,X,MI,88274906cbfffff
260910605003038,10,1,1,4948105,131310,TDS Telecom,10,1,X,MI,88274906cdfffff
260910605003038,25,5,4,4948105,131310,TDS Telecom,10,1,X,MI,88274906c9fffff
260910605003038,50,10,5,4948105,131310,TDS Telecom,10,1,X,MI,88274906c1fffff
260910605003039,50,10,1,4948105,131310,TDS Telecom,10,1,X,MI,88274906ebfffff
260910605003042,10,1,2,4948105,131310,TDS Telecom,10,1,X,MI,88274906c7fffff
260910605003042,25,5,2,4948105,131310,TDS Telecom,10,1,X,MI,88274906c7fffff
260910605003043,25,5,1,4948105,131310,TDS Telecom,10,1,X,MI,88274906c7fffff
260910605003043,50,10,3,4948105,131310,TDS Telecom,10,1,X,MI,88274906ebfffff
260910605003044,10,1,4,4948105,131310,TDS Telecom,10,1,X,MI,882749068dfffff
260910605003044,25,5,6,4948105,131310,TDS Telecom,10,1,X,MI,88274906a9fffff
260910605003044,50,10,4,4948105,131310,TDS Telecom,10,1,X,MI,88274906c7fffff
260910605003045,10,1,7,4948105,131310,TDS Telecom,10,1,X,MI,88274906e1fffff
260910605003045,25,5,2,4948105,131310,TDS Telecom,10,1,X,MI,88274906ebfffff
260910605003047,25,5,1,4948105,131310,TDS Telecom,10,1,X,MI,8827490687fffff
260910605003048,50,10,6,4948105,131310,TDS Telecom,10,1,X,MI,882749045bfffff
260910618002000,0,0,3,4948105,131310,TDS Telecom,10,1,X,MI,88274915bbfffff
260910618002000,10,1,11,4948105,131310,TDS Telecom,10,1,X,MI,8827491597fffff
260910618002000,25,5,2,4948105,131310,TDS Telecom,10,1,X,MI,8827490661fffff
260910618002001,0,0,5,4948105,131310,TDS Telecom,10,1,X,MI,8827490759fffff
260910618002001,10,1,1,4948105,131310,TDS Telecom,10,1,X,MI,8827490759fffff
260910618002002,0,0,10,4948105,131310,TDS Telecom,10,1,X,MI,8827490755fffff
260910618002003,0,0,4,4948105,131310,TDS Telecom,10,1,X,MI,8827490709fffff
260910618002004,0,0,1,4948105,131310,TDS Telecom,10,1,X,MI,8827490741fffff
260910618002010,0,0,5,4948105,131310,TDS Telecom,10,1,X,MI,8827490709fffff
260910618002011,0,0,12,4948105,131310,TDS Telecom,10,1,X,MI,8827490755fffff
260910618002011,10,1,5,4948105,131310,TDS Telecom,10,1,X,MI,8827490757fffff
260910618002012,0,0,5,4948105,131310,TDS Telecom,10,1,X,MI,8827490751fffff
260910618002012,10,1,15,4948105,131310,TDS Telecom,10,1,X,MI,882749062dfffff
260910618002012,25,5,6,4948105,131310,TDS Telecom,10,1,X,MI,882749062dfffff
260910618002012,50,10,4,4948105,131310,TDS Telecom,10,1,X,MI,8827490629fffff
260910618002014,10,1,2,4948105,131310,TDS Telecom,10,1,X,MI,882749071dfffff
260910618002015,0,0,2,4948105,131310,TDS Telecom,10,1,X,MI,882749071dfffff
260910618002015,10,1,3,4948105,131310,TDS Telecom,10,1,X,MI,882749071bfffff
260910618002025,10,1,3,4948105,131310,TDS Telecom,10,1,X,MI,8827490627fffff
260910618002025,25,5,3,4948105,131310,TDS Telecom,10,1,X,MI,8827490623fffff
260910618002025,50,10,5,4948105,131310,TDS Telecom,10,1,X,MI,8827490623fffff
260910618002026,10,1,2,4948105,131310,TDS Telecom,10,1,X,MI,882749071bfffff
260910618002027,10,1,1,4948105,131310,TDS Telecom,10,1,X,MI,8827490627fffff
260910618002028,10,1,6,4948105,131310,TDS Telecom,10,1,X,MI,8827490627fffff
260910618002029,10,1,3,4948105,131310,TDS Telecom,10,1,X,MI,882749044bfffff
260910618002029,25,5,3,4948105,131310,TDS Telecom,10,1,X,MI,8827490623fffff
260910618002029,50,10,13,4948105,131310,TDS Telecom,10,1,X,MI,8827490623fffff
260910618002030,10,1,1,4948105,131310,TDS Telecom,10,1,X,MI,8827490451fffff
260910618002036,10,1,2,4948105,131310,TDS Telecom,10,1,X,MI,8827490459fffff
260910618002036,25,5,1,4948105,131310,TDS Telecom,10,1,X,MI,8827490459fffff
260910618002036,50,10,1,4948105,131310,TDS Telecom,10,1,X,MI,882749045bfffff
260910619001000,10,1,5,4948105,131310,TDS Telecom,10,1,X,MI,8827490415fffff
260910619001000,25,5,4,4948105,131310,TDS Telecom,10,1,X,MI,8827490415fffff
260910619001004,25,5,2,4948105,131310,TDS Telecom,10,1,X,MI,8827490415fffff
260910619001005,10,1,2,4948105,131310,TDS Telecom,10,1,X,MI,8827490439fffff
260910619001005,25,5,7,4948105,131310,TDS Telecom,10,1,X,MI,8827490415fffff
260910619002027,25,5,1,4948105,131310,TDS Telecom,10,1,X,MI,8827490411fffff
260910619002027,50,10,7,4948105,131310,TDS Telecom,10,1,X,MI,8827490411fffff
260910619002029,25,5,2,4948105,131310,TDS Telecom,10,1,X,MI,8827490415fffff
260910619002029,50,10,4,4948105,131310,TDS Telecom,10,1,X,MI,8827490411fffff
260910619002030,25,5,5,4948105,131310,TDS Telecom,10,1,X,MI,8827490415fffff
260910619002030,50,10,2,4948105,131310,TDS Telecom,10,1,X,MI,8827490415fffff
260910619002031,25,5,5,4948105,131310,TDS Telecom,10,1,X,MI,8827490415fffff
260910619002040,25,5,3,4948105,131310,TDS Telecom,10,1,X,MI,8827490411fffff
260910619002040,50,10,7,4948105,131310,TDS Telecom,10,1,X,MI,8827490415fffff
260937201001000,50,10,13,4948105,131310,TDS Telecom,10,1,X,MI,88274d72d5fffff
260937201001001,25,5,1,4948105,131310,TDS Telecom,10,1,X,MI,88274d72c3fffff
260937201001001,50,10,6,4948105,131310,TDS Telecom,10,1,X,MI,88274d72c7fffff
260937201001003,50,10,10,4948105,131310,TDS Telecom,10,1,X,MI,88274d728dfffff
260937201001004,50,10,7,4948105,131310,TDS Telecom,10,1,X,MI,88274d72e1fffff
260937201001005,10,1,1,4948105,131310,TDS Telecom,10,1,X,MI,88274d7053fffff
260937201001005,50,10,5,4948105,131310,TDS Telecom,10,1,X,MI,88274d72e1fffff
260937201001006,0,0,1,4948105,131310,TDS Telecom,10,1,X,MI,88274d7059fffff
260937201001007,10,1,3,4948105,131310,TDS Telecom,10,1,X,MI,88274d7283fffff
260937201001007,25,5,3,4948105,131310,TDS Telecom,10,1,X,MI,88274d7283fffff
260937201001007,50,10,22,4948105,131310,TDS Telecom,10,1,X,MI,88274d7289fffff
260937201001008,50,10,5,4948105,131310,TDS Telecom,10,1,X,MI,88274d7287fffff
260937201001010,0,0,2,4948105,131310,TDS Telecom,10,1,X,MI,88274d72b5fffff
260937201001010,50,10,1,4948105,131310,TDS Telecom,10,1,X,MI,88274d72abfffff
260937201001012,50,10,1,4948105,131310,TDS Telecom,10,1,X,MI,88274d7287fffff
260937201001013,25,5,3,4948105,131310,TDS Telecom,10,1,X,MI,88274d7283fffff
260937201001016,0,0,1,4948105,131310,TDS Telecom,10,1,X,MI,88274d72b5fffff
260937201001016,10,1,1,4948105,131310,TDS Telecom,10,1,X,MI,88274d70ddfffff
260937201001017,0,0,2,4948105,131310,TDS Telecom,10,1,X,MI,88274d72b5fffff
260937201001017,10,1,19,4948105,131310,TDS Telecom,10,1,X,MI,88274d72b5fffff
260937201001017,25,5,6,4948105,131310,TDS Telecom,10,1,X,MI,88274d70c1fffff
260937201001018,0,0,5,4948105,131310,TDS Telecom,10,1,X,MI,88274d72b5fffff
260937201001018,10,1,13,4948105,131310,TDS Telecom,10,1,X,MI,88274d72a5fffff
260937201001018,25,5,1,4948105,131310,TDS Telecom,10,1,X,MI,88274d72a5fffff
260937201001018,50,10,12,4948105,131310,TDS Telecom,10,1,X,MI,88274d72a1fffff
260937201001019,10,1,1,4948105,131310,TDS Telecom,10,1,X,MI,88274d7053fffff
260937201001019,50,10,1,4948105,131310,TDS Telecom,10,1,X,MI,88274d72adfffff
260937201001020,0,0,1,4948105,131310,TDS Telecom,10,1,X,MI,88274d72a5fffff
260937201001020,10,1,1,4948105,131310,TDS Telecom,10,1,X,MI,88274d72a5fffff
260937201001020,25,5,2,4948105,131310,TDS Telecom,10,1,X,MI,88274d72a1fffff
260937201001020,50,10,3,4948105,131310,TDS Telecom,10,1,X,MI,88274d72a1fffff
260937201001022,0,0,6,4948105,131310,TDS Telecom,10,1,X,MI,88274d72b3fffff
260937201001022,10,1,9,4948105,131310,TDS Telecom,10,1,X,MI,88274d72b1fffff
260937201001022,50,10,1,4948105,131310,TDS Telecom,10,1,X,MI,88274d72b7fffff
260937201001026,10,1,2,4948105,131310,TDS Telecom,10,1,X,MI,88274d70d7fffff
260937201001028,50,10,2,4948105,131310,TDS Telecom,10,1,X,MI,88274d70c3fffff
260937201001030,10,1,17,4948105,131310,TDS Telecom,10,1,X,MI,88274d772bfffff
260937201001030,25,5,1,4948105,131310,TDS Telecom,10,1,X,MI,88274d772bfffff
260937201001031,10,1,8,4948105,131310,TDS Telecom,10,1,X,MI,88274d772dfffff
260937201001031,25,5,2,4948105,131310,TDS Telecom,10,1,X,MI,88274d7729fffff
260937201001031,50,10,1,4948105,131310,TDS Telecom,10,1,X,MI,88274d7721fffff
260937201001032,10,1,3,4948105,131310,TDS Telecom,10,1,X,MI,88274d772dfffff
260937201001032,25,5,2,4948105,131310,TDS Telecom,10,1,X,MI,88274d7721fffff
260937201001032,50,10,9,4948105,131310,TDS Telecom,10,1,X,MI,88274d7721fffff
260937201001033,10,1,3,4948105,131310,TDS Telecom,10,1,X,MI,88274d7765fffff
260937201001033,50,10,1,4948105,131310,TDS Telecom,10,1,X,MI,88274d70d1fffff
260937201001035,50,10,6,4948105,131310,TDS Telecom,10,1,X,MI,88274d7099fffff
260937201001036,10,1,6,4948105,131310,TDS Telecom,10,1,X,MI,88274d708bfffff
260937201001037,10,1,12,4948105,131310,TDS Telecom,10,1,X,MI,88274d7095fffff
260937201001037,50,10,8,4948105,131310,TDS Telecom,10,1,X,MI,88274d7095fffff
260937201001038,10,1,1,4948105,131310,TDS Telecom,10,1,X,MI,88274d7099fffff
260937201001038,50,10,3,4948105,131310,TDS Telecom,10,1,X,MI,88274d7099fffff
260937201001040,10,1,2,4948105,131310,TDS Telecom,10,1,X,MI,88274d7093fffff
260937201001040,25,5,1,4948105,131310,TDS Telecom,10,1,X,MI,88274d7097fffff
260937201001042,25,5,2,4948105,131310,TDS Telecom,10,1,X,MI,88274d7727fffff
260937201001042,50,10,5,4948105,131310,TDS Telecom,10,1,X,MI,88274d7727fffff
260937201001044,10,1,1,4948105,131310,TDS Telecom,10,1,X,MI,88274d772bfffff
260937201001044,25,5,8,4948105,131310,TDS Telecom,10,1,X,MI,88274d7723fffff
260937201001044,50,10,1,4948105,131310,TDS Telecom,10,1,X,MI,88274d7723fffff
260937201001045,10,1,2,4948105,131310,TDS Telecom,10,1,X,MI,88274d7093fffff
260937201001047,25,5,5,4948105,131310,TDS Telecom,10,1,X,MI,88274d7097fffff
260937201001047,50,10,5,4948105,131310,TDS Telecom,10,1,X,MI,88274d7097fffff
260979505001004,0,0,7,4948105,131310,TDS Telecom,10,1,X,MI,88276e4f57fffff
260979505001004,10,1,23,4948105,131310,TDS Telecom,10,1,X,MI,88276e4f4dfffff
260979505001004,25,5,22,4948105,131310,TDS Telecom,10,1,X,MI,88276e451bfffff
260979505001004,50,10,35,4948105,131310,TDS Telecom,10,1,X,MI,88276e4f69fffff
260979505001005,0,0,11,4948105,131310,TDS Telecom,10,1,X,MI,88276e4ed1fffff
260979505001005,10,1,2,4948105,131310,TDS Telecom,10,1,X,MI,88276e455bfffff
260979505001005,25,5,9,4948105,131310,TDS Telecom,10,1,X,MI,88276e451bfffff
260979505001005,50,10,6,4948105,131310,TDS Telecom,10,1,X,MI,88276e45e7fffff
260979505001007,50,10,1,4948105,131310,TDS Telecom,10,1,X,MI,88276e4543fffff
260979505001008,25,5,1,4948105,131310,TDS Telecom,10,1,X,MI,88276e45e7fffff
260979505001008,50,10,7,4948105,131310,TDS Telecom,10,1,X,MI,88276e45e1fffff
260979505001012,0,0,1,4948105,131310,TDS Telecom,10,1,X,MI,88276e4eddfffff
260979505001012,10,1,7,4948105,131310,TDS Telecom,10,1,X,MI,88276e4e3dfffff
260979505001012,25,5,4,4948105,131310,TDS Telecom,10,1,X,MI,88276e4e2bfffff
260979505001012,50,10,1,4948105,131310,TDS Telecom,10,1,X,MI,88276e4e21fffff
260979505001015,50,10,1,4948105,131310,TDS Telecom,10,1,X,MI,88276e4ee7fffff
260979505001020,0,0,1,4948105,131310,TDS Telecom,10,1,X,MI,88276e4eddfffff
261030011001004,10,1,24,4948105,131310,TDS Telecom,10,1,X,MI,8827444035fffff
261030011001004,25,5,8,4948105,131310,TDS Telecom,10,1,X,MI,8827444031fffff
261030011001004,50,10,54,4948105,131310,TDS Telecom,10,1,X,MI,882744401bfffff
261030012001000,0,0,3,4948105,131310,TDS Telecom,10,1,X,MI,8827444f51fffff
261030012001002,0,0,1,4948105,131310,TDS Telecom,10,1,X,MI,8827444f57fffff
261030012001002,10,1,1,4948105,131310,TDS Telecom,10,1,X,MI,8827444f57fffff
261030012001003,0,0,2,4948105,131310,TDS Telecom,10,1,X,MI,8827444f57fffff
261030012001003,10,1,5,4948105,131310,TDS Telecom,10,1,X,MI,8827444f55fffff
261030012001004,0,0,2,4948105,131310,TDS Telecom,10,1,X,MI,8827444f57fffff
261030012001004,10,1,3,4948105,131310,TDS Telecom,10,1,X,MI,8827444f55fffff
261030012001004,25,5,4,4948105,131310,TDS Telecom,10,1,X,MI,8827444f0bfffff
261030012001004,50,10,1,4948105,131310,TDS Telecom,10,1,X,MI,8827444f1dfffff
261030012001007,10,1,3,4948105,131310,TDS Telecom,10,1,X,MI,8827444f0bfffff
261030012001007,25,5,4,4948105,131310,TDS Telecom,10,1,X,MI,8827444f0bfffff
261030012001007,50,10,1,4948105,131310,TDS Telecom,10,1,X,MI,8827444f1dfffff
261030012001009,0,0,2,4948105,131310,TDS Telecom,10,1,X,MI,8827444f53fffff
261030012001009,10,1,5,4948105,131310,TDS Telecom,10,1,X,MI,8827444f53fffff
261030012001011,10,1,5,4948105,131310,TDS Telecom,10,1,X,MI,8827444f19fffff
261030012001011,25,5,2,4948105,131310,TDS Telecom,10,1,X,MI,8827444f11fffff
261030012001011,50,10,5,4948105,131310,TDS Telecom,10,1,X,MI,8827444f1dfffff
261030012001012,10,1,2,4948105,131310,TDS Telecom,10,1,X,MI,8827444c69fffff
261030012001013,10,1,3,4948105,131310,TDS Telecom,10,1,X,MI,8827444f19fffff
261030012001013,25,5,2,4948105,131310,TDS Telecom,10,1,X,MI,8827444f19fffff
261030012001014,10,1,4,4948105,131310,TDS Telecom,10,1,X,MI,8827444c65fffff
261030012001014,25,5,4,4948105,131310,TDS Telecom,10,1,X,MI,8827444f33fffff
261030012001015,50,10,8,4948105,131310,TDS Telecom,10,1,X,MI,8827444f31fffff
261030012001016,50,10,1,4948105,131310,TDS Telecom,10,1,X,MI,8827444f35fffff
261030012001017,50,10,1,4948105,131310,TDS Telecom,10,1,X,MI,8827444f31fffff
261030012001018,0,0,1,4948105,131310,TDS Telecom,10,1,X,MI,8827444d6dfffff
261030012001018,10,1,16,4948105,131310,TDS Telecom,10,1,X,MI,8827444f21fffff
261030012001018,25,5,8,4948105,131310,TDS Telecom,10,1,X,MI,8827444f2bfffff
261030012001018,50,10,6,4948105,131310,TDS Telecom,10,1,X,MI,8827444f05fffff
261030012001021,10,1,4,4948105,131310,TDS Telecom,10,1,X,MI,8827444f23fffff
261030012001021,25,5,5,4948105,131310,TDS Telecom,10,1,X,MI,8827444f35fffff
261030012001021,50,10,2,4948105,131310,TDS Telecom,10,1,X,MI,8827444f35fffff
261030012001024,50,10,2,4948105,131310,TDS Telecom,10,1,X,MI,8827444f3bfffff
261030012001026,0,0,1,4948105,131310,TDS Telecom,10,1,X,MI,8827444c65fffff
261030012001026,10,1,7,4948105,131310,TDS Telecom,10,1,X,MI,8827444c6dfffff
261030012001026,25,5,3,4948105,131310,TDS Telecom,10,1,X,MI,8827444c61fffff
261030012001027,10,1,1,4948105,131310,TDS Telecom,10,1,X,MI,8827444c61fffff
261030012001027,50,10,2,4948105,131310,TDS Telecom,10,1,X,MI,8827444c61fffff
261030012001028,10,1,3,4948105,131310,TDS Telecom,10,1,X,MI,8827444c69fffff
261030012001028,50,10,3,4948105,131310,TDS Telecom,10,1,X,MI,8827444c61fffff
261030012001029,25,5,2,4948105,131310,TDS Telecom,10,1,X,MI,8827444f13fffff
261030012001029,50,10,6,4948105,131310,TDS Telecom,10,1,X,MI,8827444c45fffff
261030012001030,10,1,9,4948105,131310,TDS Telecom,10,1,X,MI,8827444f13fffff
261030012001030,25,5,7,4948105,131310,TDS Telecom,10,1,X,MI,8827444f1bfffff
261030012001030,50,10,3,4948105,131310,TDS Telecom,10,1,X,MI,8827444c4dfffff
261030012001031,0,0,1,4948105,131310,TDS Telecom,10,1,X,MI,8827444d3dfffff
261030012001033,10,1,3,4948105,131310,TDS Telecom,10,1,X,MI,8827444d5bfffff
261030012001034,10,1,4,4948105,131310,TDS Telecom,10,1,X,MI,8827444d5bfffff
261030012001034,25,5,1,4948105,131310,TDS Telecom,10,1,X,MI,8827444c67fffff
261030012001035,10,1,6,4948105,131310,TDS Telecom,10,1,X,MI,8827444d5bfffff
261030012001035,25,5,1,4948105,131310,TDS Telecom,10,1,X,MI,8827444c61fffff
261030012001036,25,5,5,4948105,131310,TDS Telecom,10,1,X,MI,8827444c05fffff
261030012001036,50,10,19,4948105,131310,TDS Telecom,10,1,X,MI,8827444c0dfffff
261030012001037,50,10,4,4948105,131310,TDS Telecom,10,1,X,MI,8827444c05fffff
261030012001038,50,10,7,4948105,131310,TDS Telecom,10,1,X,MI,8827444c3dfffff
261030012001040,10,1,4,4948105,131310,TDS Telecom,10,1,X,MI,8827444c2dfffff
261030012001041,10,1,1,4948105,131310,TDS Telecom,10,1,X,MI,8827444c2dfffff
261030012001042,0,0,2,4948105,131310,TDS Telecom,10,1,X,MI,8827444d53fffff
261030012001042,10,1,1,4948105,131310,TDS Telecom,10,1,X,MI,8827444d5bfffff
261030012001042,50,10,1,4948105,131310,TDS Telecom,10,1,X,MI,8827444d57fffff
261030012001043,50,10,1,4948105,131310,TDS Telecom,10,1,X,MI,8827444d11fffff
261030012001044,50,10,2,4948105,131310,TDS Telecom,10,1,X,MI,8827444d11fffff
261030012001047,0,0,1,4948105,131310,TDS Telecom,10,1,X,MI,8827444dc9fffff
261030012001047,10,1,1,4948105,131310,TDS Telecom,10,1,X,MI,8827444dc1fffff
261030012001047,25,5,1,4948105,131310,TDS Telecom,10,1,X,MI,8827444dc1fffff
261030012001047,50,10,5,4948105,131310,TDS Telecom,10,1,X,MI,8827444c35fffff
261030012001053,0,0,2,4948105,131310,TDS Telecom,10,1,X,MI,8827444d3dfffff
261030012001061,25,5,1,4948105,131310,TDS Telecom,10,1,X,MI,8827444d17fffff
261030012001061,50,10,2,4948105,131310,TDS Telecom,10,1,X,MI,8827444d15fffff
261030012001062,25,5,2,4948105,131310,TDS Telecom,10,1,X,MI,8827444f33fffff
261030012001062,50,10,2,4948105,131310,TDS Telecom,10,1,X,MI,8827444f33fffff
261030012002027,10,1,3,4948105,131310,TDS Telecom,10,1,X,MI,8827444899fffff
261030012002034,10,1,2,4948105,131310,TDS Telecom,10,1,X,MI,8827444f29fffff
261030012002034,25,5,2,4948105,131310,TDS Telecom,10,1,X,MI,8827444f05fffff
261030012002034,50,10,7,4948105,131310,TDS Telecom,10,1,X,MI,8827444f05fffff
261030012002035,10,1,2,4948105,131310,TDS Telecom,10,1,X,MI,8827444f01fffff
261030012002035,25,5,1,4948105,131310,TDS Telecom,10,1,X,MI,8827444f01fffff
261030012002035,50,10,9,4948105,131310,TDS Telecom,10,1,X,MI,8827444f01fffff
261030012003000,10,1,7,4948105,131310,TDS Telecom,10,1,X,MI,88274441c1fffff
261030012003000,25,5,2,4948105,131310,TDS Telecom,10,1,X,MI,8827444031fffff
261030012003000,50,10,9,4948105,131310,TDS Telecom,10,1,X,MI,88274442a3fffff
261030012003001,10,1,12,4948105,131310,TDS Telecom,10,1,X,MI,88274441c9fffff
261030012003002,0,0,2,4948105,131310,TDS Telecom,10,1,X,MI,88274440ebfffff
261030012003003,0,0,6,4948105,131310,TDS Telecom,10,1,X,MI,88274441c7fffff
261030012003038,0,0,1,4948105,131310,TDS Telecom,10,1,X,MI,88274440b1fffff
261030012003040,0,0,1,4948105,131310,TDS Telecom,10,1,X,MI,882744408dfffff
261030012003040,10,1,1,4948105,131310,TDS Telecom,10,1,X,MI,88274440cbfffff
261030012003040,50,10,5,4948105,131310,TDS Telecom,10,1,X,MI,88274440c9fffff
261030012003042,50,10,1,4948105,131310,TDS Telecom,10,1,X,MI,88274440c9fffff
261030012003048,10,1,4,4948105,131310,TDS Telecom,10,1,X,MI,8827444e25fffff
261030012003052,10,1,3,4948105,131310,TDS Telecom,10,1,X,MI,8827444e25fffff
261030012004000,0,0,1,4948105,131310,TDS Telecom,10,1,X,MI,88274440b5fffff
261030012004001,0,0,1,4948105,131310,TDS Telecom,10,1,X,MI,88274440b1fffff
261030012004004,0,0,1,4948105,131310,TDS Telecom,10,1,X,MI,882744452bfffff
261030012004004,10,1,1,4948105,131310,TDS Telecom,10,1,X,MI,8827444e1bfffff
261030012004004,25,5,4,4948105,131310,TDS Telecom,10,1,X,MI,8827444e19fffff
261030012004004,50,10,1,4948105,131310,TDS Telecom,10,1,X,MI,8827444e1dfffff
261030012004005,10,1,12,4948105,131310,TDS Telecom,10,1,X,MI,8827444e31fffff
261030012004005,25,5,7,4948105,131310,TDS Telecom,10,1,X,MI,8827444e23fffff
261030012004005,50,10,25,4948105,131310,TDS Telecom,10,1,X,MI,8827444c43fffff
261030012004006,50,10,17,4948105,131310,TDS Telecom,10,1,X,MI,8827444c4dfffff
261030012004007,10,1,13,4948105,131310,TDS Telecom,10,1,X,MI,8827444f1bfffff
261030012004008,10,1,1,4948105,131310,TDS Telecom,10,1,X,MI,8827444e25fffff
261030012004009,0,0,1,4948105,131310,TDS Telecom,10,1,X,MI,8827444523fffff
261030012004012,0,0,3,4948105,131310,TDS Telecom,10,1,X,MI,8827444ee3fffff
261030012004012,10,1,1,4948105,131310,TDS Telecom,10,1,X,MI,8827444c59fffff
261030012004012,25,5,5,4948105,131310,TDS Telecom,10,1,X,MI,8827444e3bfffff
261030012004012,50,10,11,4948105,131310,TDS Telecom,10,1,X,MI,8827444e3bfffff
261030012004013,50,10,3,4948105,131310,TDS Telecom,10,1,X,MI,8827444c55fffff
261030012004014,25,5,1,4948105,131310,TDS Telecom,10,1,X,MI,8827444c57fffff
261030012004014,50,10,2,4948105,131310,TDS Telecom,10,1,X,MI,8827444c55fffff
261030012004016,50,10,1,4948105,131310,TDS Telecom,10,1,X,MI,8827444c41fffff
261030012004019,50,10,1,4948105,131310,TDS Telecom,10,1,X,MI,8827444c0dfffff
261030012004020,50,10,1,4948105,131310,TDS Telecom,10,1,X,MI,8827444c47fffff
261030012004021,50,10,2,4948105,131310,TDS Telecom,10,1,X,MI,8827444c43fffff
261030012004022,25,5,1,4948105,131310,TDS Telecom,10,1,X,MI,8827444c0bfffff
261030012004022,50,10,2,4948105,131310,TDS Telecom,10,1,X,MI,8827444c55fffff
261030012004023,10,1,3,4948105,131310,TDS Telecom,10,1,X,MI,8827444c1dfffff
261030012004023,25,5,4,4948105,131310,TDS Telecom,10,1,X,MI,8827444c0bfffff
261030012004023,50,10,1,4948105,131310,TDS Telecom,10,1,X,MI,8827444c0bfffff
261030012004024,10,1,2,4948105,131310,TDS Telecom,10,1,X,MI,8827444c57fffff
261030012004025,10,1,5,4948105,131310,TDS Telecom,10,1,X,MI,8827444ea9fffff
261030012004025,25,5,1,4948105,131310,TDS Telecom,10,1,X,MI,8827444c57fffff
261030012004026,10,1,1,4948105,131310,TDS Telecom,10,1,X,MI,8827444ea1fffff
261030012004026,25,5,1,4948105,131310,TDS Telecom,10,1,X,MI,8827444ea1fffff
261030012004026,50,10,1,4948105,131310,TDS Telecom,10,1,X,MI,8827444e9dfffff
261030012004027,50,10,1,4948105,131310,TDS Telecom,10,1,X,MI,8827444e83fffff
261030012004030,10,1,2,4948105,131310,TDS Telecom,10,1,X,MI,8827444c11fffff
261030012004031,10,1,2,4948105,131310,TDS Telecom,10,1,X,MI,8827444c17fffff
261030012004032,50,10,1,4948105,131310,TDS Telecom,10,1,X,MI,8827444c31fffff
261030012004033,10,1,1,4948105,131310,TDS Telecom,10,1,X,MI,8827444c33fffff
261030012004034,25,5,1,4948105,131310,TDS Telecom,10,1,X,MI,8827444eb3fffff
261030012004034,50,10,1,4948105,131310,TDS Telecom,10,1,X,MI,8827444ebbfffff
261030012004035,25,5,2,4948105,131310,TDS Telecom,10,1,X,MI,8827444e99fffff
261030012004037,10,1,2,4948105,131310,TDS Telecom,10,1,X,MI,8827444cedfffff
261030012004037,25,5,1,4948105,131310,TDS Telecom,10,1,X,MI,8827444ce9fffff
261030012004037,50,10,2,4948105,131310,TDS Telecom,10,1,X,MI,8827444ca9fffff
261030012004040,50,10,3,4948105,131310,TDS Telecom,10,1,X,MI,8827444cadfffff
261030012004042,50,10,1,4948105,131310,TDS Telecom,10,1,X,MI,8827444dc3fffff
261030012004043,50,10,1,4948105,131310,TDS Telecom,10,1,X,MI,8827444dc3fffff
261030012004045,0,0,1,4948105,131310,TDS Telecom,10,1,X,MI,8827444cc1fffff
261030012004045,10,1,4,4948105,131310,TDS Telecom,10,1,X,MI,8827444c17fffff
261030012004045,50,10,1,4948105,131310,TDS Telecom,10,1,X,MI,8827444cc7fffff
261030012004046,10,1,8,4948105,131310,TDS Telecom,10,1,X,MI,8827444c1bfffff
261030012004047,10,1,4,4948105,131310,TDS Telecom,10,1,X,MI,8827444eb5fffff
261030012004047,25,5,2,4948105,131310,TDS Telecom,10,1,X,MI,8827444eb3fffff
261030012004047,50,10,8,4948105,131310,TDS Telecom,10,1,X,MI,8827444eabfffff
261030012004048,10,1,4,4948105,131310,TDS Telecom,10,1,X,MI,8827444eb3fffff
261030012004048,50,10,4,4948105,131310,TDS Telecom,10,1,X,MI,8827444cdbfffff
261030012004049,0,0,1,4948105,131310,TDS Telecom,10,1,X,MI,8827447b69fffff
261030012004049,10,1,2,4948105,131310,TDS Telecom,10,1,X,MI,8827447b69fffff
261030012004051,0,0,3,4948105,131310,TDS Telecom,10,1,X,MI,8827447b69fffff
261030012004051,10,1,9,4948105,131310,TDS Telecom,10,1,X,MI,8827447b69fffff
261030012004051,25,5,1,4948105,131310,TDS Telecom,10,1,X,MI,8827447b63fffff
261030012004051,50,10,2,4948105,131310,TDS Telecom,10,1,X,MI,8827447b63fffff
261030012004052,10,1,6,4948105,131310,TDS Telecom,10,1,X,MI,8827444e93fffff
261030012004052,25,5,3,4948105,131310,TDS Telecom,10,1,X,MI,8827444e9dfffff
261030012004052,50,10,6,4948105,131310,TDS Telecom,10,1,X,MI,8827444e9dfffff
261030012004053,25,5,2,4948105,131310,TDS Telecom,10,1,X,MI,8827444cddfffff
261030012004054,10,1,1,4948105,131310,TDS Telecom,10,1,X,MI,8827444c89fffff
261030012004056,0,0,1,4948105,131310,TDS Telecom,10,1,X,MI,8827447b31fffff
261030012004056,10,1,7,4948105,131310,TDS Telecom,10,1,X,MI,8827447b31fffff
261030012004056,25,5,1,4948105,131310,TDS Telecom,10,1,X,MI,8827447b0dfffff
261030012004056,50,10,2,4948105,131310,TDS Telecom,10,1,X,MI,8827447b05fffff
261030012004057,50,10,4,4948105,131310,TDS Telecom,10,1,X,MI,8827447b29fffff
261030012004058,10,1,4,4948105,131310,TDS Telecom,10,1,X,MI,8827447b31fffff
261030012004059,25,5,3,4948105,131310,TDS Telecom,10,1,X,MI,8827447b27fffff
261030012004059,50,10,4,4948105,131310,TDS Telecom,10,1,X,MI,8827447b23fffff
261030012004060,0,0,3,4948105,131310,TDS Telecom,10,1,X,MI,882746b649fffff
261030012004060,10,1,1,4948105,131310,TDS Telecom,10,1,X,MI,882744790bfffff
261030012004060,25,5,4,4948105,131310,TDS Telecom,10,1,X,MI,8827444cbdfffff
261030012004060,50,10,9,4948105,131310,TDS Telecom,10,1,X,MI,8827444c87fffff
261030012004061,10,1,1,4948105,131310,TDS Telecom,10,1,X,MI,8827444cabfffff
261030012004062,10,1,1,4948105,131310,TDS Telecom,10,1,X,MI,8827444dd3fffff
261030012004062,25,5,3,4948105,131310,TDS Telecom,10,1,X,MI,8827444cadfffff
261030012004062,50,10,2,4948105,131310,TDS Telecom,10,1,X,MI,8827444cadfffff
261030012004063,10,1,3,4948105,131310,TDS Telecom,10,1,X,MI,8827444dd7fffff
261030012004064,10,1,1,4948105,131310,TDS Telecom,10,1,X,MI,8827444dd5fffff
261030012004066,50,10,1,4948105,131310,TDS Telecom,10,1,X,MI,8827444d89fffff
261030012004074,0,0,2,4948105,131310,TDS Telecom,10,1,X,MI,882746b63dfffff
261030012004075,50,10,1,4948105,131310,TDS Telecom,10,1,X,MI,882744791dfffff
261030012004076,10,1,2,4948105,131310,TDS Telecom,10,1,X,MI,882744791dfffff
261030012004077,0,0,1,4948105,131310,TDS Telecom,10,1,X,MI,8827447911fffff
261030012004079,0,0,1,4948105,131310,TDS Telecom,10,1,X,MI,8827447b37fffff
261030012004083,25,5,1,4948105,131310,TDS Telecom,10,1,X,MI,8827444dc1fffff
261030012004084,25,5,1,4948105,131310,TDS Telecom,10,1,X,MI,8827444c55fffff
261030026003000,10,1,3,4948105,131310,TDS Telecom,10,1,X,MI,8827447989fffff
261030026003000,25,5,6,4948105,131310,TDS Telecom,10,1,X,MI,88274479e7fffff
261030026003000,50,10,2,4948105,131310,TDS Telecom,10,1,X,MI,88274479edfffff
261030026003001,0,0,1,4948105,131310,TDS Telecom,10,1,X,MI,882746b637fffff
261030026003001,25,5,1,4948105,131310,TDS Telecom,10,1,X,MI,8827447917fffff
261030026003001,50,10,3,4948105,131310,TDS Telecom,10,1,X,MI,88274479adfffff
261030026003004,10,1,1,4948105,131310,TDS Telecom,10,1,X,MI,8827447915fffff
261030026003009,0,0,2,4948105,131310,TDS Telecom,10,1,X,MI,882746b451fffff
261030026003025,10,1,1,4948105,131310,TDS Telecom,10,1,X,MI,88274479d5fffff
261112911032000,10,1,4,4948105,131310,TDS Telecom,10,1,X,MI,88274ca049fffff
261112911032001,25,5,5,4948105,131310,TDS Telecom,10,1,X,MI,88274ca333fffff
261112911032001,50,10,6,4948105,131310,TDS Telecom,10,1,X,MI,88274ca065fffff
261112911032003,10,1,16,4948105,131310,TDS Telecom,10,1,X,MI,88274ca067fffff
261112911032003,25,5,12,4948105,131310,TDS Telecom,10,1,X,MI,88274ca029fffff
261112911032003,50,10,43,4948105,131310,TDS Telecom,10,1,X,MI,88274ca029fffff
261112911032004,25,5,5,4948105,131310,TDS Telecom,10,1,X,MI,88274ca03bfffff
261112911032004,50,10,18,4948105,131310,TDS Telecom,10,1,X,MI,88274ca031fffff
261112911032005,50,10,3,4948105,131310,TDS Telecom,10,1,X,MI,88274ca003fffff
261112911032006,50,10,7,4948105,131310,TDS Telecom,10,1,X,MI,88274ca03dfffff
261112911032007,25,5,8,4948105,131310,TDS Telecom,10,1,X,MI,88274ca067fffff
261112911032007,50,10,27,4948105,131310,TDS Telecom,10,1,X,MI,88274ca067fffff
261112911032008,10,1,4,4948105,131310,TDS Telecom,10,1,X,MI,88274ca017fffff
261112911032008,25,5,5,4948105,131310,TDS Telecom,10,1,X,MI,88274ca0edfffff
261112911032008,50,10,28,4948105,131310,TDS Telecom,10,1,X,MI,88274ca033fffff
261112911032009,0,0,1,4948105,131310,TDS Telecom,10,1,X,MI,88274ca013fffff
261112911032009,10,1,11,4948105,131310,TDS Telecom,10,1,X,MI,88274ca0edfffff
261112911032009,25,5,5,4948105,131310,TDS Telecom,10,1,X,MI,88274ca0edfffff
261112911032009,50,10,5,4948105,131310,TDS Telecom,10,1,X,MI,88274ca0e1fffff
261112911032010,10,1,26,4948105,131310,TDS Telecom,10,1,X,MI,88274ca013fffff
261112911032010,25,5,35,4948105,131310,TDS Telecom,10,1,X,MI,88274ca01dfffff
261112911032010,50,10,15,4948105,131310,TDS Telecom,10,1,X,MI,88274ca015fffff
261112911032011,10,1,12,4948105,131310,TDS Telecom,10,1,X,MI,88274ca057fffff
261112911032011,50,10,3,4948105,131310,TDS Telecom,10,1,X,MI,88274ca003fffff
261112911032012,25,5,7,4948105,131310,TDS Telecom,10,1,X,MI,88274ca0ebfffff
261112911032012,50,10,2,4948105,131310,TDS Telecom,10,1,X,MI,88274ca0e1fffff
261112911032021,25,5,2,4948105,131310,TDS Telecom,10,1,X,MI,88274ca0e3fffff
261112911032022,10,1,6,4948105,131310,TDS Telecom,10,1,X,MI,88274ca0e3fffff
261112911032023,25,5,1,4948105,131310,TDS Telecom,10,1,X,MI,88274ca0e3fffff
261112911032024,25,5,26,4948105,131310,TDS Telecom,10,1,X,MI,88274ca0e1fffff
261112911032024,50,10,14,4948105,131310,TDS Telecom,10,1,X,MI,88274ca0e1fffff
261112911032026,50,10,111,4948105,131310,TDS Telecom,10,1,X,MI,88274ca0e5fffff
261112911032027,50,10,15,4948105,131310,TDS Telecom,10,1,X,MI,88274ca0e5fffff
261112911032028,50,10,10,4948105,131310,TDS Telecom,10,1,X,MI,88274ca0e5fffff
261112911032030,10,1,7,4948105,131310,TDS Telecom,10,1,X,MI,88274ca037fffff
261112911032030,25,5,6,4948105,131310,TDS Telecom,10,1,X,MI,88274ca1cbfffff
261112911032030,50,10,7,4948105,131310,TDS Telecom,10,1,X,MI,88274ca037fffff
261112911032031,10,1,12,4948105,131310,TDS Telecom,10,1,X,MI,88274ca1c9fffff
261112911032031,25,5,23,4948105,131310,TDS Telecom,10,1,X,MI,88274ca1c9fffff
261112911032032,25,5,12,4948105,131310,TDS Telecom,10,1,X,MI,88274ca1c9fffff
261112911032034,0,0,1,4948105,131310,TDS Telecom,10,1,X,MI,88274ca1dbfffff
261112911032034,25,5,2,4948105,131310,TDS Telecom,10,1,X,MI,88274ca1ddfffff
261112911032034,50,10,1,4948105,131310,TDS Telecom,10,1,X,MI,88274ca1ddfffff
261112911032036,25,5,13,4948105,131310,TDS Telecom,10,1,X,MI,88274ca0e7fffff
261112911032036,50,10,11,4948105,131310,TDS Telecom,10,1,X,MI,88274ca0e7fffff
261112911032037,50,10,22,4948105,131310,TDS Telecom,10,1,X,MI,88274ca1d9fffff
261112911032038,10,1,4,4948105,131310,TDS Telecom,10,1,X,MI,88274ca037fffff
261112911032038,25,5,15,4948105,131310,TDS Telecom,10,1,X,MI,88274ca1ddfffff
261112911032038,50,10,15,4948105,131310,TDS Telecom,10,1,X,MI,88274ca1ddfffff
261112911032039,10,1,14,4948105,131310,TDS Telecom,10,1,X,MI,88274ca1cbfffff
261112911032039,25,5,6,4948105,131310,TDS Telecom,10,1,X,MI,88274ca1cbfffff
261112911032040,25,5,5,4948105,131310,TDS Telecom,10,1,X,MI,88274ca1cbfffff
261112911032040,50,10,5,4948105,131310,TDS Telecom,10,1,X,MI,88274ca1c1fffff
261112911032041,25,5,5,4948105,131310,TDS Telecom,10,1,X,MI,88274ca1c3fffff
261112911032041,50,10,8,4948105,131310,TDS Telecom,10,1,X,MI,88274ca1c3fffff
261112911032042,25,5,2,4948105,131310,TDS Telecom,10,1,X,MI,88274ca1c3fffff
261112911032042,50,10,4,4948105,131310,TDS Telecom,10,1,X,MI,88274ca1c3fffff
261112911032045,50,10,2,4948105,131310,TDS Telecom,10,1,X,MI,88274ca1d9fffff
261112911032047,10,1,3,4948105,131310,TDS Telecom,10,1,X,MI,88274ca037fffff
261112911032047,50,10,8,4948105,131310,TDS Telecom,10,1,X,MI,88274ca037fffff
261112911032048,50,10,7,4948105,131310,TDS Telecom,10,1,X,MI,88274ca033fffff
261112911032053,50,10,2,4948105,131310,TDS Telecom,10,1,X,MI,88274ca1d9fffff
261112911032054,10,1,4,4948105,131310,TDS Telecom,10,1,X,MI,88274ca03bfffff
261112911032054,25,5,11,4948105,131310,TDS Telecom,10,1,X,MI,88274ca0edfffff
261112911032056,25,5,2,4948105,131310,TDS Telecom,10,1,X,MI,88274ca0e7fffff
261112911032056,50,10,9,4948105,131310,TDS Telecom,10,1,X,MI,88274ca0e1fffff
261112915001001,10,1,18,4948105,131310,TDS Telecom,10,1,X,MI,88274ca1b5fffff
261112915001002,0,0,1,4948105,131310,TDS Telecom,10,1,X,MI,88274caf4bfffff
261112915001002,10,1,27,4948105,131310,TDS Telecom,10,1,X,MI,88274caf4bfffff
261112915001002,25,5,6,4948105,131310,TDS Telecom,10,1,X,MI,88274caf41fffff
261112915001003,25,5,2,4948105,131310,TDS Telecom,10,1,X,MI,88274caf4dfffff
261112915001003,50,10,10,4948105,131310,TDS Telecom,10,1,X,MI,88274caf49fffff
261112915001004,10,1,8,4948105,131310,TDS Telecom,10,1,X,MI,88274caabbfffff
261112915001004,50,10,1,4948105,131310,TDS Telecom,10,1,X,MI,88274caf4dfffff
261112915001008,10,1,39,4948105,131310,TDS Telecom,10,1,X,MI,88274caf47fffff
261112915001008,25,5,7,4948105,131310,TDS Telecom,10,1,X,MI,88274caf41fffff
261112916011013,10,1,16,4948105,131310,TDS Telecom,10,1,X,MI,88274cb8d7fffff
261112916011013,25,5,2,4948105,131310,TDS Telecom,10,1,X,MI,88274cb8d3fffff
261112916011014,10,1,3,4948105,131310,TDS Telecom,10,1,X,MI,88274cb89dfffff
261112916011017,10,1,4,4948105,131310,TDS Telecom,10,1,X,MI,88274cb89dfffff
261112916011018,10,1,2,4948105,131310,TDS Telecom,10,1,X,MI,88274cb89dfffff
261112916011019,10,1,4,4948105,131310,TDS Telecom,10,1,X,MI,88274cb899fffff
261112916011019,25,5,1,4948105,131310,TDS Telecom,10,1,X,MI,88274cb899fffff
261112916011027,50,10,72,4948105,131310,TDS Telecom,10,1,X,MI,88274ca325fffff
261112916011028,50,10,8,4948105,131310,TDS Telecom,10,1,X,MI,88274cb89bfffff
261112916011049,10,1,1,4948105,131310,TDS Telecom,10,1,X,MI,88274cb891fffff
261112916011049,50,10,5,4948105,131310,TDS Telecom,10,1,X,MI,88274ca141fffff
261112916011053,10,1,2,4948105,131310,TDS Telecom,10,1,X,MI,88274ca14bfffff
261112916011053,25,5,15,4948105,131310,TDS Telecom,10,1,X,MI,88274ca141fffff
261112916011053,50,10,37,4948105,131310,TDS Telecom,10,1,X,MI,88274ca149fffff
261112916011054,25,5,19,4948105,131310,TDS Telecom,10,1,X,MI,88274ca141fffff
261112916011054,50,10,50,4948105,131310,TDS Telecom,10,1,X,MI,88274ca141fffff
261112916011055,25,5,13,4948105,131310,TDS Telecom,10,1,X,MI,88274ca141fffff
261112916011055,50,10,36,4948105,131310,TDS Telecom,10,1,X,MI,88274ca141fffff
261112916021000,10,1,12,4948105,131310,TDS Telecom,10,1,X,MI,88274ca1e1fffff
261112916021000,25,5,16,4948105,131310,TDS Telecom,10,1,X,MI,88274ca1e1fffff
261112916021000,50,10,3,4948105,131310,TDS Telecom,10,1,X,MI,88274ca1ebfffff
261112916021001,0,0,1,4948105,131310,TDS Telecom,10,1,X,MI,88274ca1e5fffff
261112916021001,10,1,18,4948105,131310,TDS Telecom,10,1,X,MI,88274ca133fffff
261112916021001,25,5,13,4948105,131310,TDS Telecom,10,1,X,MI,88274caad9fffff
261112916021001,50,10,8,4948105,131310,TDS Telecom,10,1,X,MI,88274caadbfffff
261112916021002,10,1,10,4948105,131310,TDS Telecom,10,1,X,MI,88274ca137fffff
261112916021002,25,5,12,4948105,131310,TDS Telecom,10,1,X,MI,88274caad1fffff
261112916021002,50,10,2,4948105,131310,TDS Telecom,10,1,X,MI,88274caad1fffff
261112916021003,10,1,1,4948105,131310,TDS Telecom,10,1,X,MI,88274caad5fffff
261112916021012,10,1,16,4948105,131310,TDS Telecom,10,1,X,MI,88274caab9fffff
261112916021012,25,5,6,4948105,131310,TDS Telecom,10,1,X,MI,88274caa95fffff
261112916021012,50,10,8,4948105,131310,TDS Telecom,10,1,X,MI,88274caad3fffff
261112916021015,10,1,8,4948105,131310,TDS Telecom,10,1,X,MI,88274ca1e7fffff
261112916021015,25,5,10,4948105,131310,TDS Telecom,10,1,X,MI,88274caadbfffff
261112916021015,50,10,23,4948105,131310,TDS Telecom,10,1,X,MI,88274caad3fffff
261112916021016,0,0,9,4948105,131310,TDS Telecom,10,1,X,MI,88274ca187fffff
261112916021016,10,1,47,4948105,131310,TDS Telecom,10,1,X,MI,88274ca1e1fffff
261112916021016,25,5,44,4948105,131310,TDS Telecom,10,1,X,MI,88274ca1a9fffff
261112916021016,50,10,46,4948105,131310,TDS Telecom,10,1,X,MI,88274ca1a9fffff
261112916021017,25,5,2,4948105,131310,TDS Telecom,10,1,X,MI,88274caa91fffff
261112916021017,50,10,9,4948105,131310,TDS Telecom,10,1,X,MI,88274caa9bfffff
261112916021018,10,1,7,4948105,131310,TDS Telecom,10,1,X,MI,88274caabbfffff
261112916021018,25,5,1,4948105,131310,TDS Telecom,10,1,X,MI,88274caa91fffff
261112916021022,50,10,4,4948105,131310,TDS Telecom,10,1,X,MI,88274caf49fffff
261112916021023,10,1,2,4948105,131310,TDS Telecom,10,1,X,MI,88274caa95fffff
261112916021023,25,5,3,4948105,131310,TDS Telecom,10,1,X,MI,88274caa93fffff
261112916021023,50,10,8,4948105,131310,TDS Telecom,10,1,X,MI,88274caf4dfffff
261112916022001,25,5,12,4948105,131310,TDS Telecom,10,1,X,MI,88274ca15dfffff
261112916022001,50,10,68,4948105,131310,TDS Telecom,10,1,X,MI,88274ca15dfffff
261112916022002,10,1,13,4948105,131310,TDS Telecom,10,1,X,MI,88274ca14bfffff
261112916022002,25,5,27,4948105,131310,TDS Telecom,10,1,X,MI,88274ca15dfffff
261112916022003,25,5,6,4948105,131310,TDS Telecom,10,1,X,MI,88274ca15dfffff
261112916022004,10,1,16,4948105,131310,TDS Telecom,10,1,X,MI,88274ca143fffff
261112916022004,25,5,3,4948105,131310,TDS Telecom,10,1,X,MI,88274ca143fffff
261112916022004,50,10,32,4948105,131310,TDS Telecom,10,1,X,MI,88274ca155fffff
261112916022006,50,10,24,4948105,131310,TDS Telecom,10,1,X,MI,88274ca155fffff
261112916022019,25,5,5,4948105,131310,TDS Telecom,10,1,X,MI,88274ca139fffff
261112916022019,50,10,33,4948105,131310,TDS Telecom,10,1,X,MI,88274ca115fffff
261112916022033,50,10,4,4948105,131310,TDS Telecom,10,1,X,MI,88274ca111fffff
261112916022036,10,1,5,4948105,131310,TDS Telecom,10,1,X,MI,88274ca117fffff
261112916022036,25,5,2,4948105,131310,TDS Telecom,10,1,X,MI,88274ca139fffff
261112916022036,50,10,13,4948105,131310,TDS Telecom,10,1,X,MI,88274ca13bfffff
261112916022038,0,0,5,4948105,131310,TDS Telecom,10,1,X,MI,88274ca131fffff
261112916022038,10,1,40,4948105,131310,TDS Telecom,10,1,X,MI,88274ca13bfffff
261112916022038,25,5,44,4948105,131310,TDS Telecom,10,1,X,MI,88274ca117fffff
261112916022039,10,1,9,4948105,131310,TDS Telecom,10,1,X,MI,88274ca13bfffff
261112916022041,0,0,8,4948105,131310,TDS Telecom,10,1,X,MI,88274ca123fffff
261112916022045,25,5,2,4948105,131310,TDS Telecom,10,1,X,MI,88274ca1e9fffff
261112916022045,50,10,4,4948105,131310,TDS Telecom,10,1,X,MI,88274ca1e9fffff
261112916022046,25,5,4,4948105,131310,TDS Telecom,10,1,X,MI,88274ca15dfffff
261112916022046,50,10,16,4948105,131310,TDS Telecom,10,1,X,MI,88274ca15dfffff
261112916022047,50,10,5,4948105,131310,TDS Telecom,10,1,X,MI,88274ca157fffff
261112916022048,50,10,2,4948105,131310,TDS Telecom,10,1,X,MI,88274ca157fffff
261112916022051,50,10,7,4948105,131310,TDS Telecom,10,1,X,MI,88274ca157fffff
261112916022052,25,5,7,4948105,131310,TDS Telecom,10,1,X,MI,88274ca15dfffff
261112916022053,50,10,1,4948105,131310,TDS Telecom,10,1,X,MI,88274ca1e9fffff
261112916022055,50,10,8,4948105,131310,TDS Telecom,10,1,X,MI,88274ca155fffff
261112916023001,50,10,14,4948105,131310,TDS Telecom,10,1,X,MI,88274ca111fffff
261112916023002,50,10,4,4948105,131310,TDS Telecom,10,1,X,MI,88274ca111fffff
261112916023003,25,5,4,4948105,131310,TDS Telecom,10,1,X,MI,88274ca1cdfffff
261112916023003,50,10,69,4948105,131310,TDS Telecom,10,1,X,MI,88274ca11bfffff
261112916023008,25,5,14,4948105,131310,TDS Telecom,10,1,X,MI,88274ca1cdfffff
261112916023008,50,10,25,4948105,131310,TDS Telecom,10,1,X,MI,88274ca1c5fffff
261112916023009,50,10,2,4948105,131310,TDS Telecom,10,1,X,MI,88274ca113fffff
261112916023010,50,10,4,4948105,131310,TDS Telecom,10,1,X,MI,88274ca1c5fffff
261112916023015,25,5,20,4948105,131310,TDS Telecom,10,1,X,MI,88274ca1c1fffff
261112916023015,50,10,16,4948105,131310,TDS Telecom,10,1,X,MI,88274ca1c1fffff
261112916023018,25,5,2,4948105,131310,TDS Telecom,10,1,X,MI,88274ca1c9fffff
261112916023022,50,10,6,4948105,131310,TDS Telecom,10,1,X,MI,88274ca1c3fffff
261112916023026,50,10,17,4948105,131310,TDS Telecom,10,1,X,MI,88274ca1c3fffff
261112916023030,25,5,4,4948105,131310,TDS Telecom,10,1,X,MI,88274ca1c1fffff
261112916023030,50,10,15,4948105,131310,TDS Telecom,10,1,X,MI,88274ca1c3fffff
261112916023031,25,5,6,4948105,131310,TDS Telecom,10,1,X,MI,88274ca1c1fffff
261112916023031,50,10,35,4948105,131310,TDS Telecom,10,1,X,MI,88274ca1c1fffff
261112916023036,10,1,57,4948105,131310,TDS Telecom,10,1,X,MI,88274ca189fffff
261112916023036,25,5,14,4948105,131310,TDS Telecom,10,1,X,MI,88274ca18dfffff
261112916023036,50,10,35,4948105,131310,TDS Telecom,10,1,X,MI,88274ca1ebfffff
261112916023037,0,0,4,4948105,131310,TDS Telecom,10,1,X,MI,88274ca187fffff
261112916023037,10,1,8,4948105,131310,TDS Telecom,10,1,X,MI,88274ca187fffff
261112916023037,50,10,26,4948105,131310,TDS Telecom,10,1,X,MI,88274ca18bfffff
261112916023038,0,0,3,4948105,131310,TDS Telecom,10,1,X,MI,88274ca1b9fffff
261112916024000,25,5,17,4948105,131310,TDS Telecom,10,1,X,MI,88274ca15dfffff
261112916024000,50,10,32,4948105,131310,TDS Telecom,10,1,X,MI,88274ca15dfffff
261112916024001,25,5,8,4948105,131310,TDS Telecom,10,1,X,MI,88274ca15dfffff
261112916024001,50,10,7,4948105,131310,TDS Telecom,10,1,X,MI,88274ca15dfffff
261112916024002,50,10,138,4948105,131310,TDS Telecom,10,1,X,MI,88274ca153fffff
261112916024003,50,10,13,4948105,131310,TDS Telecom,10,1,X,MI,88274ca027fffff
261112916024004,50,10,6,4948105,131310,TDS Telecom,10,1,X,MI,88274ca027fffff
261112916024005,50,10,33,4948105,131310,TDS Telecom,10,1,X,MI,88274ca025fffff
261450112001005,0,0,4,4948105,131310,TDS Telecom,10,1,X,MI,88276b6e85fffff
261450112001007,0,0,9,4948105,131310,TDS Telecom,10,1,X,MI,88276b6eadfffff
261450112001008,0,0,3,4948105,131310,TDS Telecom,10,1,X,MI,88276b6c19fffff
261450112001015,0,0,3,4948105,131310,TDS Telecom,10,1,X,MI,88276b6e87fffff
261450112001022,0,0,1,4948105,131310,TDS Telecom,10,1,X,MI,88276b6ea7fffff
261550313012048,10,1,3,4948105,131310,TDS Telecom,10,1,X,MI,88274d7259fffff
261550313012052,10,1,10,4948105,131310,TDS Telecom,10,1,X,MI,88274d0d25fffff
261550313012057,10,1,5,4948105,131310,TDS Telecom,10,1,X,MI,88274d72cdfffff
261550313012059,10,1,1,4948105,131310,TDS Telecom,10,1,X,MI,88274d72c1fffff
261550313021045,10,1,1,4948105,131310,TDS Telecom,10,1,X,MI,88274d0835fffff
261550313021082,50,10,7,4948105,131310,TDS Telecom,10,1,X,MI,88274d09ddfffff
261550313021083,50,10,1,4948105,131310,TDS Telecom,10,1,X,MI,88274d09d5fffff
261550313022033,10,1,2,4948105,131310,TDS Telecom,10,1,X,MI,88274d7241fffff
261550313022034,0,0,1,4948105,131310,TDS Telecom,10,1,X,MI,88274d7201fffff
261550313022034,25,5,3,4948105,131310,TDS Telecom,10,1,X,MI,88274d7241fffff
261550313022034,50,10,4,4948105,131310,TDS Telecom,10,1,X,MI,88274d7243fffff
261550313022037,0,0,1,4948105,131310,TDS Telecom,10,1,X,MI,88274d7201fffff
261550313022037,10,1,9,4948105,131310,TDS Telecom,10,1,X,MI,88274d7205fffff
261550313022039,10,1,7,4948105,131310,TDS Telecom,10,1,X,MI,88274d7205fffff
261550313022039,25,5,1,4948105,131310,TDS Telecom,10,1,X,MI,88274d7207fffff
261550313022040,10,1,1,4948105,131310,TDS Telecom,10,1,X,MI,88274d7207fffff
261550313022040,25,5,7,4948105,131310,TDS Telecom,10,1,X,MI,88274d7203fffff
261550313022040,50,10,13,4948105,131310,TDS Telecom,10,1,X,MI,88274d7203fffff
261550313022041,50,10,2,4948105,131310,TDS Telecom,10,1,X,MI,88274d7219fffff
261550313022042,10,1,2,4948105,131310,TDS Telecom,10,1,X,MI,88274d7241fffff
261550313022042,25,5,4,4948105,131310,TDS Telecom,10,1,X,MI,88274d725dfffff
261550313022042,50,10,12,4948105,131310,TDS Telecom,10,1,X,MI,88274d724bfffff
261550313022043,10,1,4,4948105,131310,TDS Telecom,10,1,X,MI,88274d08b7fffff
261550313022043,25,5,4,4948105,131310,TDS Telecom,10,1,X,MI,88274d725dfffff
261550313022043,50,10,1,4948105,131310,TDS Telecom,10,1,X,MI,88274d725dfffff
261550313022046,10,1,2,4948105,131310,TDS Telecom,10,1,X,MI,88274d7259fffff
261550313022046,25,5,1,4948105,131310,TDS Telecom,10,1,X,MI,88274d7259fffff
261550313022047,10,1,3,4948105,131310,TDS Telecom,10,1,X,MI,88274d7253fffff
261550313022047,50,10,3,4948105,131310,TDS Telecom,10,1,X,MI,88274d7251fffff
261550313022048,50,10,3,4948105,131310,TDS Telecom,10,1,X,MI,88274d7257fffff
261550313022049,10,1,1,4948105,131310,TDS Telecom,10,1,X,MI,88274d7253fffff
261550313022049,25,5,1,4948105,131310,TDS Telecom,10,1,X,MI,88274d7253fffff
261550313022049,50,10,1,4948105,131310,TDS Telecom,10,1,X,MI,88274d7219fffff
261550313022050,10,1,8,4948105,131310,TDS Telecom,10,1,X,MI,88274d721bfffff
261550313022050,25,5,4,4948105,131310,TDS Telecom,10,1,X,MI,88274d7219fffff
261550313022050,50,10,3,4948105,131310,TDS Telecom,10,1,X,MI,88274d7219fffff
261550313022051,25,5,1,4948105,131310,TDS Telecom,10,1,X,MI,88274d7219fffff
261550313022051,50,10,4,4948105,131310,TDS Telecom,10,1,X,MI,88274d7219fffff
261550313022052,10,1,17,4948105,131310,TDS Telecom,10,1,X,MI,88274d723bfffff
261550313022052,25,5,5,4948105,131310,TDS Telecom,10,1,X,MI,88274d7217fffff
261550313022052,50,10,19,4948105,131310,TDS Telecom,10,1,X,MI,88274d721dfffff
261550313022053,10,1,3,4948105,131310,TDS Telecom,10,1,X,MI,88274d72e9fffff
261550313022053,25,5,2,4948105,131310,TDS Telecom,10,1,X,MI,88274d7217fffff
261550313022054,10,1,1,4948105,131310,TDS Telecom,10,1,X,MI,88274d7207fffff
261550313022054,25,5,4,4948105,131310,TDS Telecom,10,1,X,MI,88274d7207fffff
261550313022054,50,10,1,4948105,131310,TDS Telecom,10,1,X,MI,88274d7203fffff
261550313022055,10,1,16,4948105,131310,TDS Telecom,10,1,X,MI,88274d7231fffff
261550313022056,0,0,3,4948105,131310,TDS Telecom,10,1,X,MI,88274d7231fffff
261550313022056,10,1,5,4948105,131310,TDS Telecom,10,1,X,MI,88274d7231fffff
261550313022058,10,1,3,4948105,131310,TDS Telecom,10,1,X,MI,88274d7213fffff
261550313022059,10,1,1,4948105,131310,TDS Telecom,10,1,X,MI,88274d7213fffff
261550313022060,0,0,1,4948105,131310,TDS Telecom,10,1,X,MI,88274d72cdfffff
261550313022060,10,1,3,4948105,131310,TDS Telecom,10,1,X,MI,88274d72cdfffff
261550313022062,10,1,3,4948105,131310,TDS Telecom,10,1,X,MI,88274d72c5fffff
261550313022063,10,1,3,4948105,131310,TDS Telecom,10,1,X,MI,88274d7213fffff
261550313022064,10,1,10,4948105,131310,TDS Telecom,10,1,X,MI,88274d72e9fffff
261550313022064,50,10,1,4948105,131310,TDS Telecom,10,1,X,MI,88274d72ebfffff
261550313022066,0,0,1,4948105,131310,TDS Telecom,10,1,X,MI,88274d72c5fffff
261550313022066,10,1,3,4948105,131310,TDS Telecom,10,1,X,MI,88274d72c5fffff
261550313022067,50,10,1,4948105,131310,TDS Telecom,10,1,X,MI,88274d72c1fffff
261550314012024,10,1,1,4948105,131310,TDS Telecom,10,1,X,MI,88274d4685fffff
261550314012025,10,1,1,4948105,131310,TDS Telecom,10,1,X,MI,88274d468bfffff
261550314012035,10,1,3,4948105,131310,TDS Telecom,10,1,X,MI,88274d4687fffff
261550314012036,10,1,6,4948105,131310,TDS Telecom,10,1,X,MI,88274d4683fffff
261550314012036,25,5,7,4948105,131310,TDS Telecom,10,1,X,MI,88274d469dfffff
261550314012037,50,10,6,4948105,131310,TDS Telecom,10,1,X,MI,88274d4699fffff
261550314012038,50,10,15,4948105,131310,TDS Telecom,10,1,X,MI,88274d46d3fffff
261550314012039,50,10,1,4948105,131310,TDS Telecom,10,1,X,MI,88274d09a1fffff
261550314012040,10,1,11,4948105,131310,TDS Telecom,10,1,X,MI,88274d09abfffff
261550314012040,50,10,6,4948105,131310,TDS Telecom,10,1,X,MI,88274d09abfffff
261550314012047,10,1,8,4948105,131310,TDS Telecom,10,1,X,MI,88274d0985fffff
261550314012049,10,1,12,4948105,131310,TDS Telecom,10,1,X,MI,88274d4687fffff
261550314012049,25,5,7,4948105,131310,TDS Telecom,10,1,X,MI,88274d469dfffff
261550314012049,50,10,7,4948105,131310,TDS Telecom,10,1,X,MI,88274d4695fffff
261550314012050,0,0,5,4948105,131310,TDS Telecom,10,1,X,MI,88274d46bdfffff
261550314012050,10,1,6,4948105,131310,TDS Telecom,10,1,X,MI,88274d4687fffff
261550314012051,50,10,2,4948105,131310,TDS Telecom,10,1,X,MI,88274d4699fffff
261550314014054,10,1,1,4948105,131310,TDS Telecom,10,1,X,MI,88274d4687fffff
261550314014059,0,0,2,4948105,131310,TDS Telecom,10,1,X,MI,88274d46bdfffff
261550314014059,10,1,4,4948105,131310,TDS Telecom,10,1,X,MI,88274d4687fffff
261550314014063,25,5,1,4948105,131310,TDS Telecom,10,1,X,MI,88274d4417fffff
261550314021002,10,1,1,4948105,131310,TDS Telecom,10,1,X,MI,88274d4493fffff
261550314021002,25,5,8,4948105,131310,TDS Telecom,10,1,X,MI,88274d449bfffff
261550314021002,50,10,8,4948105,131310,TDS Telecom,10,1,X,MI,88274d449bfffff
261550314021003,10,1,2,4948105,131310,TDS Telecom,10,1,X,MI,88274d4493fffff
261550314021003,50,10,4,4948105,131310,TDS Telecom,10,1,X,MI,88274d4493fffff
261550314021004,50,10,12,4948105,131310,TDS Telecom,10,1,X,MI,88274d4491fffff
261550314021005,25,5,2,4948105,131310,TDS Telecom,10,1,X,MI,88274d716dfffff
261550314021005,50,10,11,4948105,131310,TDS Telecom,10,1,X,MI,88274d4497fffff
261550314021012,50,10,4,4948105,131310,TDS Telecom,10,1,X,MI,88274d44b3fffff
261550314021013,50,10,9,4948105,131310,TDS Telecom,10,1,X,MI,88274d44b3fffff
261550314021014,50,10,12,4948105,131310,TDS Telecom,10,1,X,MI,88274d44b3fffff
261550314021015,50,10,3,4948105,131310,TDS Telecom,10,1,X,MI,88274d716dfffff
261550314021016,50,10,4,4948105,131310,TDS Telecom,10,1,X,MI,88274d716dfffff
261550314021018,50,10,1,4948105,131310,TDS Telecom,10,1,X,MI,88274d7169fffff
261550314021019,25,5,2,4948105,131310,TDS Telecom,10,1,X,MI,88274d7145fffff
261550314021019,50,10,9,4948105,131310,TDS Telecom,10,1,X,MI,88274d7145fffff
261550314021020,10,1,1,4948105,131310,TDS Telecom,10,1,X,MI,88274d7147fffff
261550314021021,50,10,3,4948105,131310,TDS Telecom,10,1,X,MI,88274d7145fffff
261550314021022,25,5,2,4948105,131310,TDS Telecom,10,1,X,MI,88274d44b3fffff
261550314021022,50,10,10,4948105,131310,TDS Telecom,10,1,X,MI,88274d44b3fffff
261550314021023,25,5,1,4948105,131310,TDS Telecom,10,1,X,MI,88274d7a55fffff
261550314021023,50,10,2,4948105,131310,TDS Telecom,10,1,X,MI,88274d7a43fffff
261550314021028,25,5,4,4948105,131310,TDS Telecom,10,1,X,MI,88274d7a57fffff
261550314021028,50,10,15,4948105,131310,TDS Telecom,10,1,X,MI,88274d7a19fffff
261550314021029,50,10,5,4948105,131310,TDS Telecom,10,1,X,MI,88274d7165fffff
261550314021031,50,10,5,4948105,131310,TDS Telecom,10,1,X,MI,88274d7161fffff
261550314021033,50,10,1,4948105,131310,TDS Telecom,10,1,X,MI,88274d716dfffff
261550314021035,0,0,1,4948105,131310,TDS Telecom,10,1,X,MI,88274d7121fffff
261550314021035,10,1,9,4948105,131310,TDS Telecom,10,1,X,MI,88274d7121fffff
261550314021035,25,5,4,4948105,131310,TDS Telecom,10,1,X,MI,88274d7167fffff
261550314021035,50,10,5,4948105,131310,TDS Telecom,10,1,X,MI,88274d7167fffff
261550314021037,10,1,6,4948105,131310,TDS Telecom,10,1,X,MI,88274d7129fffff
261550314021037,25,5,3,4948105,131310,TDS Telecom,10,1,X,MI,88274d7167fffff
261550314021037,50,10,2,4948105,131310,TDS Telecom,10,1,X,MI,88274d7163fffff
261550314021038,10,1,14,4948105,131310,TDS Telecom,10,1,X,MI,88274d7163fffff
261550314021038,25,5,3,4948105,131310,TDS Telecom,10,1,X,MI,88274d7109fffff
261550314021038,50,10,1,4948105,131310,TDS Telecom,10,1,X,MI,88274d7163fffff
261550314021039,10,1,3,4948105,131310,TDS Telecom,10,1,X,MI,88274d7101fffff
261550314021040,10,1,10,4948105,131310,TDS Telecom,10,1,X,MI,88274d7a1dfffff
261550314021040,25,5,14,4948105,131310,TDS Telecom,10,1,X,MI,88274d7a1dfffff
261550314021040,50,10,7,4948105,131310,TDS Telecom,10,1,X,MI,88274d7a19fffff
261550314021041,10,1,1,4948105,131310,TDS Telecom,10,1,X,MI,88274d7a0bfffff
261550314021041,25,5,1,4948105,131310,TDS Telecom,10,1,X,MI,88274d7a0bfffff
261550314021042,10,1,2,4948105,131310,TDS Telecom,10,1,X,MI,88274d7a0bfffff
261550314021042,25,5,11,4948105,131310,TDS Telecom,10,1,X,MI,88274d7a0bfffff
261550314021045,50,10,1,4948105,131310,TDS Telecom,10,1,X,MI,88274d7125fffff
261550314021046,50,10,2,4948105,131310,TDS Telecom,10,1,X,MI,88274d7a19fffff
261550314021047,50,10,2,4948105,131310,TDS Telecom,10,1,X,MI,88274d7a19fffff
261550314021056,10,1,3,4948105,131310,TDS Telecom,10,1,X,MI,88274d7a1dfffff
261550314021057,10,1,3,4948105,131310,TDS Telecom,10,1,X,MI,88274d7a1dfffff
261550314022000,10,1,1,4948105,131310,TDS Telecom,10,1,X,MI,88274d46b5fffff
261550314022000,50,10,10,4948105,131310,TDS Telecom,10,1,X,MI,88274d44c9fffff
261550314022001,10,1,1,4948105,131310,TDS Telecom,10,1,X,MI,88274d46b5fffff
261550314022002,50,10,3,4948105,131310,TDS Telecom,10,1,X,MI,88274d44c9fffff
261550314022007,50,10,2,4948105,131310,TDS Telecom,10,1,X,MI,88274d44c5fffff
261550314022008,10,1,1,4948105,131310,TDS Telecom,10,1,X,MI,88274d44e9fffff
261550314022008,25,5,1,4948105,131310,TDS Telecom,10,1,X,MI,88274d44e9fffff
261550314022008,50,10,10,4948105,131310,TDS Telecom,10,1,X,MI,88274d44e9fffff
261550314022010,10,1,4,4948105,131310,TDS Telecom,10,1,X,MI,88274d44edfffff
261550314022010,25,5,6,4948105,131310,TDS Telecom,10,1,X,MI,88274d44edfffff
261550314022010,50,10,1,4948105,131310,TDS Telecom,10,1,X,MI,88274d44e9fffff
261550314022017,10,1,6,4948105,131310,TDS Telecom,10,1,X,MI,88274d44edfffff
261550314022017,50,10,16,4948105,131310,TDS Telecom,10,1,X,MI,88274d44e1fffff
261550314022019,25,5,3,4948105,131310,TDS Telecom,10,1,X,MI,88274d44e9fffff
261550314022019,50,10,1,4948105,131310,TDS Telecom,10,1,X,MI,88274d44c5fffff
261550314022023,50,10,1,4948105,131310,TDS Telecom,10,1,X,MI,88274d44e1fffff
261550314022025,50,10,5,4948105,131310,TDS Telecom,10,1,X,MI,88274d44e7fffff
261550314022026,50,10,4,4948105,131310,TDS Telecom,10,1,X,MI,88274d44e7fffff
261550314022027,50,10,9,4948105,131310,TDS Telecom,10,1,X,MI,88274d44e1fffff
261550314022030,50,10,1,4948105,131310,TDS Telecom,10,1,X,MI,88274d44e1fffff
261550314022037,50,10,1,4948105,131310,TDS Telecom,10,1,X,MI,88274d44e7fffff
261550314022039,0,0,5,4948105,131310,TDS Telecom,10,1,X,MI,88274d44a5fffff
261550314022039,10,1,30,4948105,131310,TDS Telecom,10,1,X,MI,88274d44a5fffff
261550314022043,0,0,1,4948105,131310,TDS Telecom,10,1,X,MI,88274d4593fffff
261550314022044,10,1,4,4948105,131310,TDS Telecom,10,1,X,MI,88274d4593fffff
261550314022047,25,5,4,4948105,131310,TDS Telecom,10,1,X,MI,88274d44a3fffff
261550314022047,50,10,15,4948105,131310,TDS Telecom,10,1,X,MI,88274d7a43fffff
261550314022050,10,1,6,4948105,131310,TDS Telecom,10,1,X,MI,88274d44a1fffff
261550314022050,25,5,14,4948105,131310,TDS Telecom,10,1,X,MI,88274d44a1fffff
261550314022050,50,10,19,4948105,131310,TDS Telecom,10,1,X,MI,88274d44a1fffff
261550314022051,50,10,6,4948105,131310,TDS Telecom,10,1,X,MI,88274d44a9fffff
261550314022052,25,5,1,4948105,131310,TDS Telecom,10,1,X,MI,88274d4485fffff
261550314022052,50,10,7,4948105,131310,TDS Telecom,10,1,X,MI,88274d4485fffff
261550314022053,0,0,1,4948105,131310,TDS Telecom,10,1,X,MI,88274d448bfffff
261550314022053,10,1,1,4948105,131310,TDS Telecom,10,1,X,MI,88274d4481fffff
261550314022053,50,10,2,4948105,131310,TDS Telecom,10,1,X,MI,88274d44c3fffff
261550314022054,50,10,2,4948105,131310,TDS Telecom,10,1,X,MI,88274d44c3fffff
261550314022055,10,1,5,4948105,131310,TDS Telecom,10,1,X,MI,88274d448bfffff
261550314022055,25,5,5,4948105,131310,TDS Telecom,10,1,X,MI,88274d44d5fffff
261550314022055,50,10,8,4948105,131310,TDS Telecom,10,1,X,MI,88274d44cbfffff
261550314022056,25,5,4,4948105,131310,TDS Telecom,10,1,X,MI,88274d448bfffff
261550314022056,50,10,7,4948105,131310,TDS Telecom,10,1,X,MI,88274d44d5fffff
261550314022057,10,1,12,4948105,131310,TDS Telecom,10,1,X,MI,88274d44d7fffff
261550314022057,25,5,2,4948105,131310,TDS Telecom,10,1,X,MI,88274d44ddfffff
261550314022057,50,10,9,4948105,131310,TDS Telecom,10,1,X,MI,88274d44cbfffff
261550314022058,25,5,2,4948105,131310,TDS Telecom,10,1,X,MI,88274d4481fffff
261550314022058,50,10,8,4948105,131310,TDS Telecom,10,1,X,MI,88274d4485fffff
261550314022059,10,1,7,4948105,131310,TDS Telecom,10,1,X,MI,88274d4495fffff
261550314022059,25,5,2,4948105,131310,TDS Telecom,10,1,X,MI,88274d44b9fffff
261550314022059,50,10,10,4948105,131310,TDS Telecom,10,1,X,MI,88274d44bdfffff
261550314022060,10,1,9,4948105,131310,TDS Telecom,10,1,X,MI,88274d44d7fffff
261550314022061,0,0,4,4948105,131310,TDS Telecom,10,1,X,MI,88274d4499fffff
261550314022061,10,1,13,4948105,131310,TDS Telecom,10,1,X,MI,88274d4499fffff
261550314022061,25,5,1,4948105,131310,TDS Telecom,10,1,X,MI,88274d44d3fffff
261550314022062,10,1,10,4948105,131310,TDS Telecom,10,1,X,MI,88274d44d1fffff
261550314022062,25,5,5,4948105,131310,TDS Telecom,10,1,X,MI,88274d44d1fffff
261550314022063,0,0,2,4948105,131310,TDS Telecom,10,1,X,MI,88274d4499fffff
261550314022063,10,1,3,4948105,131310,TDS Telecom,10,1,X,MI,88274d4491fffff
261550314022064,0,0,1,4948105,131310,TDS Telecom,10,1,X,MI,88274d4499fffff
261550314022064,10,1,16,4948105,131310,TDS Telecom,10,1,X,MI,88274d4491fffff
261550314022065,25,5,1,4948105,131310,TDS Telecom,10,1,X,MI,88274d7a43fffff
261550314022065,50,10,21,4948105,131310,TDS Telecom,10,1,X,MI,88274d7a43fffff
261550314022066,10,1,6,4948105,131310,TDS Telecom,10,1,X,MI,88274d4495fffff
261550314022066,25,5,2,4948105,131310,TDS Telecom,10,1,X,MI,88274d44b9fffff
261550314022066,50,10,5,4948105,131310,TDS Telecom,10,1,X,MI,88274d44bbfffff
261550314022067,25,5,1,4948105,131310,TDS Telecom,10,1,X,MI,88274d44b9fffff
261550314022067,50,10,21,4948105,131310,TDS Telecom,10,1,X,MI,88274d44b9fffff
261550314022069,25,5,3,4948105,131310,TDS Telecom,10,1,X,MI,88274d7a47fffff
261550314022070,10,1,3,4948105,131310,TDS Telecom,10,1,X,MI,88274d7a47fffff
261550314022070,25,5,2,4948105,131310,TDS Telecom,10,1,X,MI,88274d7a43fffff
261550314022075,50,10,5,4948105,131310,TDS Telecom,10,1,X,MI,88274d44a9fffff
261550314022076,10,1,13,4948105,131310,TDS Telecom,10,1,X,MI,88274d44a1fffff
261550314022076,25,5,2,4948105,131310,TDS Telecom,10,1,X,MI,88274d44a1fffff
261550314022076,50,10,2,4948105,131310,TDS Telecom,10,1,X,MI,88274d44a1fffff
261550315011003,50,10,19,4948105,131310,TDS Telecom,10,1,X,MI,88274d7309fffff
261550315011004,50,10,4,4948105,131310,TDS Telecom,10,1,X,MI,88274d7309fffff
261550315011005,50,10,6,4948105,131310,TDS Telecom,10,1,X,MI,88274d7309fffff
261550315011006,50,10,4,4948105,131310,TDS Telecom,10,1,X,MI,88274d7309fffff
261550315011007,50,10,7,4948105,131310,TDS Telecom,10,1,X,MI,88274d7309fffff
261550315011008,50,10,10,4948105,131310,TDS Telecom,10,1,X,MI,88274d7309fffff
261550315011022,0,0,1,4948105,131310,TDS Telecom,10,1,X,MI,88274d7225fffff
261550315011022,10,1,6,4948105,131310,TDS Telecom,10,1,X,MI,88274d7319fffff
261550315011022,25,5,4,4948105,131310,TDS Telecom,10,1,X,MI,88274d7315fffff
261550315011022,50,10,19,4948105,131310,TDS Telecom,10,1,X,MI,88274d7315fffff
261550315011025,0,0,2,4948105,131310,TDS Telecom,10,1,X,MI,88274d7225fffff
261550315011025,50,10,5,4948105,131310,TDS Telecom,10,1,X,MI,88274d722dfffff
261550315011026,0,0,3,4948105,131310,TDS Telecom,10,1,X,MI,88274d7225fffff
261550315011026,10,1,1,4948105,131310,TDS Telecom,10,1,X,MI,88274d722dfffff
261550315011026,25,5,1,4948105,131310,TDS Telecom,10,1,X,MI,88274d7225fffff
261550315011027,0,0,7,4948105,131310,TDS Telecom,10,1,X,MI,88274d7225fffff
261550315011027,10,1,11,4948105,131310,TDS Telecom,10,1,X,MI,88274d7225fffff
261550315011028,25,5,2,4948105,131310,TDS Telecom,10,1,X,MI,88274d7315fffff
261550315011029,10,1,5,4948105,131310,TDS Telecom,10,1,X,MI,88274d733bfffff
261550315011029,25,5,11,4948105,131310,TDS Telecom,10,1,X,MI,88274d7339fffff
261550315011029,50,10,3,4948105,131310,TDS Telecom,10,1,X,MI,88274d7315fffff
261550315011030,25,5,1,4948105,131310,TDS Telecom,10,1,X,MI,88274d7303fffff
261550315011030,50,10,13,4948105,131310,TDS Telecom,10,1,X,MI,88274d7303fffff
261550315012000,50,10,16,4948105,131310,TDS Telecom,10,1,X,MI,88274d7309fffff
261550315012001,50,10,4,4948105,131310,TDS Telecom,10,1,X,MI,88274d7309fffff
261550315012002,50,10,37,4948105,131310,TDS Telecom,10,1,X,MI,88274d7309fffff
261550315012003,25,5,10,4948105,131310,TDS Telecom,10,1,X,MI,88274d730dfffff
261550315012004,50,10,5,4948105,131310,TDS Telecom,10,1,X,MI,88274d7309fffff
261550315012005,50,10,5,4948105,131310,TDS Telecom,10,1,X,MI,88274d7309fffff
261550315012006,25,5,10,4948105,131310,TDS Telecom,10,1,X,MI,88274d730dfffff
261550315012006,50,10,4,4948105,131310,TDS Telecom,10,1,X,MI,88274d730dfffff
261550315012007,25,5,7,4948105,131310,TDS Telecom,10,1,X,MI,88274d730dfffff
261550315012007,50,10,13,4948105,131310,TDS Telecom,10,1,X,MI,88274d7309fffff
261550315012010,50,10,2,4948105,131310,TDS Telecom,10,1,X,MI,88274d7309fffff
261550315012012,10,1,4,4948105,131310,TDS Telecom,10,1,X,MI,88274d730dfffff
261550315012012,25,5,6,4948105,131310,TDS Telecom,10,1,X,MI,88274d7305fffff
261550315012012,50,10,7,4948105,131310,TDS Telecom,10,1,X,MI,88274d7305fffff
261550315012013,25,5,14,4948105,131310,TDS Telecom,10,1,X,MI,88274d7307fffff
261550315012013,50,10,4,4948105,131310,TDS Telecom,10,1,X,MI,88274d7307fffff
261550315012014,50,10,43,4948105,131310,TDS Telecom,10,1,X,MI,88274d7307fffff
261550315012015,50,10,22,4948105,131310,TDS Telecom,10,1,X,MI,88274d7301fffff
261550315012017,50,10,25,4948105,131310,TDS Telecom,10,1,X,MI,88274d7303fffff
261550315012019,50,10,31,4948105,131310,TDS Telecom,10,1,X,MI,88274d7301fffff
261550315012025,50,10,2,4948105,131310,TDS Telecom,10,1,X,MI,88274d7303fffff
261550315012026,10,1,1,4948105,131310,TDS Telecom,10,1,X,MI,88274d732bfffff
261550315012026,25,5,17,4948105,131310,TDS Telecom,10,1,X,MI,88274d7307fffff
261550315012026,50,10,3,4948105,131310,TDS Telecom,10,1,X,MI,88274d7307fffff
261550315012027,25,5,2,4948105,131310,TDS Telecom,10,1,X,MI,88274d7307fffff
261550315012027,50,10,11,4948105,131310,TDS Telecom,10,1,X,MI,88274d7307fffff
261550315012028,25,5,1,4948105,131310,TDS Telecom,10,1,X,MI,88274d7307fffff
261550315012029,0,0,3,4948105,131310,TDS Telecom,10,1,X,MI,88274d7321fffff
261550315012029,10,1,13,4948105,131310,TDS Telecom,10,1,X,MI,88274d732bfffff
261550315012029,25,5,15,4948105,131310,TDS Telecom,10,1,X,MI,88274d7325fffff
261550315012029,50,10,5,4948105,131310,TDS Telecom,10,1,X,MI,88274d7321fffff
261550315012030,25,5,7,4948105,131310,TDS Telecom,10,1,X,MI,88274d7325fffff
261550315012030,50,10,3,4948105,131310,TDS Telecom,10,1,X,MI,88274d7325fffff
261550315012031,10,1,1,4948105,131310,TDS Telecom,10,1,X,MI,88274d7321fffff
261550315012031,25,5,10,4948105,131310,TDS Telecom,10,1,X,MI,88274d7327fffff
261550315012031,50,10,4,4948105,131310,TDS Telecom,10,1,X,MI,88274d7327fffff
261550315012032,50,10,29,4948105,131310,TDS Telecom,10,1,X,MI,88274d7327fffff
261550315012033,50,10,10,4948105,131310,TDS Telecom,10,1,X,MI,88274d449bfffff
261550315012034,50,10,22,4948105,131310,TDS Telecom,10,1,X,MI,88274d7327fffff
261550315012035,50,10,8,4948105,131310,TDS Telecom,10,1,X,MI,88274d449bfffff
261550315012036,50,10,14,4948105,131310,TDS Telecom,10,1,X,MI,88274d449bfffff
261550315012037,50,10,10,4948105,131310,TDS Telecom,10,1,X,MI,88274d7327fffff
261550315012041,50,10,2,4948105,131310,TDS Telecom,10,1,X,MI,88274d7327fffff
261550315012042,0,0,5,4948105,131310,TDS Telecom,10,1,X,MI,88274d7335fffff
261550315012042,10,1,2,4948105,131310,TDS Telecom,10,1,X,MI,88274d7331fffff
261550315012042,25,5,2,4948105,131310,TDS Telecom,10,1,X,MI,88274d7303fffff
261550315012042,50,10,2,4948105,131310,TDS Telecom,10,1,X,MI,88274d7335fffff
261550315012043,25,5,1,4948105,131310,TDS Telecom,10,1,X,MI,88274d7303fffff
261550315012043,50,10,2,4948105,131310,TDS Telecom,10,1,X,MI,88274d7303fffff
261550315012046,10,1,1,4948105,131310,TDS Telecom,10,1,X,MI,88274d7323fffff
261550315012047,50,10,1,4948105,131310,TDS Telecom,10,1,X,MI,88274d7339fffff
261550315012051,50,10,8,4948105,131310,TDS Telecom,10,1,X,MI,88274d7327fffff
261550315013000,0,0,6,4948105,131310,TDS Telecom,10,1,X,MI,88274d7237fffff
261550315013000,10,1,7,4948105,131310,TDS Telecom,10,1,X,MI,88274d7223fffff
261550315013001,0,0,7,4948105,131310,TDS Telecom,10,1,X,MI,88274d7049fffff
261550315013001,10,1,2,4948105,131310,TDS Telecom,10,1,X,MI,88274d7223fffff
261550315013002,0,0,10,4948105,131310,TDS Telecom,10,1,X,MI,88274d7049fffff
261550315013002,10,1,5,4948105,131310,TDS Telecom,10,1,X,MI,88274d7047fffff
261550315013002,25,5,1,4948105,131310,TDS Telecom,10,1,X,MI,88274d7047fffff
261550315013003,10,1,1,4948105,131310,TDS Telecom,10,1,X,MI,88274d7041fffff
261550315013004,0,0,4,4948105,131310,TDS Telecom,10,1,X,MI,88274d7061fffff
261550315013004,10,1,8,4948105,131310,TDS Telecom,10,1,X,MI,88274d7311fffff
261550315013004,25,5,2,4948105,131310,TDS Telecom,10,1,X,MI,88274d7317fffff
261550315013004,50,10,2,4948105,131310,TDS Telecom,10,1,X,MI,88274d706dfffff
261550315013005,0,0,1,4948105,131310,TDS Telecom,10,1,X,MI,88274d7333fffff
261550315013005,10,1,18,4948105,131310,TDS Telecom,10,1,X,MI,88274d733bfffff
261550315013006,0,0,5,4948105,131310,TDS Telecom,10,1,X,MI,88274d7335fffff
261550315013006,10,1,26,4948105,131310,TDS Telecom,10,1,X,MI,88274d7331fffff
261550315013006,25,5,3,4948105,131310,TDS Telecom,10,1,X,MI,88274d714bfffff
261550315013006,50,10,9,4948105,131310,TDS Telecom,10,1,X,MI,88274d7335fffff
261550315013008,10,1,3,4948105,131310,TDS Telecom,10,1,X,MI,88274d7047fffff
261550315013008,25,5,3,4948105,131310,TDS Telecom,10,1,X,MI,88274d7047fffff
261550315013008,50,10,1,4948105,131310,TDS Telecom,10,1,X,MI,88274d706bfffff
261550315013009,0,0,7,4948105,131310,TDS Telecom,10,1,X,MI,88274d704bfffff
261550315013009,10,1,6,4948105,131310,TDS Telecom,10,1,X,MI,88274d7055fffff
261550315013010,0,0,19,4948105,131310,TDS Telecom,10,1,X,MI,88274d705dfffff
261550315013011,10,1,1,4948105,131310,TDS Telecom,10,1,X,MI,88274d7047fffff
261550315013013,10,1,8,4948105,131310,TDS Telecom,10,1,X,MI,88274d7157fffff
261550315013013,25,5,1,4948105,131310,TDS Telecom,10,1,X,MI,88274d7155fffff
261550315013014,10,1,8,4948105,131310,TDS Telecom,10,1,X,MI,88274d7157fffff
261550315013014,25,5,3,4948105,131310,TDS Telecom,10,1,X,MI,88274d7155fffff
261550315013015,10,1,1,4948105,131310,TDS Telecom,10,1,X,MI,88274d710bfffff
261550315013015,50,10,1,4948105,131310,TDS Telecom,10,1,X,MI,88274d7109fffff
261550315013016,10,1,1,4948105,131310,TDS Telecom,10,1,X,MI,88274d7147fffff
261550315013016,25,5,1,4948105,131310,TDS Telecom,10,1,X,MI,88274d7147fffff
261550315013017,50,10,8,4948105,131310,TDS Telecom,10,1,X,MI,88274d7147fffff
261550315013020,0,0,2,4948105,131310,TDS Telecom,10,1,X,MI,88274d7061fffff
261550315013020,10,1,2,4948105,131310,TDS Telecom,10,1,X,MI,88274d706dfffff
261550315013021,50,10,5,4948105,131310,TDS Telecom,10,1,X,MI,88274d7151fffff
261550315013022,50,10,3,4948105,131310,TDS Telecom,10,1,X,MI,88274d7151fffff
261550315013024,50,10,1,4948105,131310,TDS Telecom,10,1,X,MI,88274d7063fffff
261550315013025,25,5,3,4948105,131310,TDS Telecom,10,1,X,MI,88274d7063fffff
261550315013025,50,10,1,4948105,131310,TDS Telecom,10,1,X,MI,88274d7063fffff
261550315013026,10,1,1,4948105,131310,TDS Telecom,10,1,X,MI,88274d7009fffff
261550315013027,10,1,2,4948105,131310,TDS Telecom,10,1,X,MI,88274d7109fffff
261550315013027,25,5,1,4948105,131310,TDS Telecom,10,1,X,MI,88274d7109fffff
261550315013027,50,10,1,4948105,131310,TDS Telecom,10,1,X,MI,88274d7109fffff
261550315013028,25,5,1,4948105,131310,TDS Telecom,10,1,X,MI,88274d7151fffff
261550315013028,50,10,1,4948105,131310,TDS Telecom,10,1,X,MI,88274d7151fffff
261550315021002,0,0,3,4948105,131310,TDS Telecom,10,1,X,MI,88274d46b3fffff
261550315021002,10,1,19,4948105,131310,TDS Telecom,10,1,X,MI,88274d4697fffff
261550315021002,25,5,2,4948105,131310,TDS Telecom,10,1,X,MI,88274d7369fffff
261550315021003,0,0,1,4948105,131310,TDS Telecom,10,1,X,MI,88274d46b1fffff
261550315021006,0,0,3,4948105,131310,TDS Telecom,10,1,X,MI,88274d46bdfffff
261550315021006,10,1,1,4948105,131310,TDS Telecom,10,1,X,MI,88274d46b5fffff
261550315021007,10,1,1,4948105,131310,TDS Telecom,10,1,X,MI,88274d4693fffff
261550315021007,50,10,4,4948105,131310,TDS Telecom,10,1,X,MI,88274d4693fffff
261550315021008,10,1,5,4948105,131310,TDS Telecom,10,1,X,MI,88274d7341fffff
261550315021008,25,5,1,4948105,131310,TDS Telecom,10,1,X,MI,88274d7369fffff
261550315021008,50,10,7,4948105,131310,TDS Telecom,10,1,X,MI,88274d734dfffff
261550315021009,0,0,7,4948105,131310,TDS Telecom,10,1,X,MI,88274d7367fffff
261550315021009,50,10,21,4948105,131310,TDS Telecom,10,1,X,MI,88274d7365fffff
261550315021010,0,0,16,4948105,131310,TDS Telecom,10,1,X,MI,88274d7367fffff
261550315021012,50,10,12,4948105,131310,TDS Telecom,10,1,X,MI,88274d7365fffff
261550315021014,50,10,4,4948105,131310,TDS Telecom,10,1,X,MI,88274d7365fffff
261550315021016,50,10,7,4948105,131310,TDS Telecom,10,1,X,MI,88274d7365fffff
261550315021017,0,0,13,4948105,131310,TDS Telecom,10,1,X,MI,88274d7367fffff
261550315021020,0,0,3,4948105,131310,TDS Telecom,10,1,X,MI,88274d46b3fffff
261550315021020,10,1,21,4948105,131310,TDS Telecom,10,1,X,MI,88274d46b3fffff
261550315021020,25,5,3,4948105,131310,TDS Telecom,10,1,X,MI,88274d44dbfffff
261550315021020,50,10,9,4948105,131310,TDS Telecom,10,1,X,MI,88274d44dbfffff
261550315021021,10,1,1,4948105,131310,TDS Telecom,10,1,X,MI,88274d44d1fffff
261550315021021,25,5,1,4948105,131310,TDS Telecom,10,1,X,MI,88274d44d1fffff
261550315021025,25,5,1,4948105,131310,TDS Telecom,10,1,X,MI,88274d730dfffff
261550315021025,50,10,7,4948105,131310,TDS Telecom,10,1,X,MI,88274d7363fffff
261550315021026,25,5,1,4948105,131310,TDS Telecom,10,1,X,MI,88274d730dfffff
261550315021027,50,10,8,4948105,131310,TDS Telecom,10,1,X,MI,88274d7347fffff
261550315021031,25,5,1,4948105,131310,TDS Telecom,10,1,X,MI,88274d7325fffff
261550315021031,50,10,1,4948105,131310,TDS Telecom,10,1,X,MI,88274d44dbfffff
261550315021032,10,1,6,4948105,131310,TDS Telecom,10,1,X,MI,88274d7325fffff
261550315021032,25,5,5,4948105,131310,TDS Telecom,10,1,X,MI,88274d44d3fffff
261550315021032,50,10,11,4948105,131310,TDS Telecom,10,1,X,MI,88274d44d3fffff
261550315021035,50,10,3,4948105,131310,TDS Telecom,10,1,X,MI,88274d7325fffff
261550315021036,10,1,1,4948105,131310,TDS Telecom,10,1,X,MI,88274d7363fffff
261550315021036,50,10,9,4948105,131310,TDS Telecom,10,1,X,MI,88274d7363fffff
261550315021037,0,0,7,4948105,131310,TDS Telecom,10,1,X,MI,88274d7329fffff
261550315021037,10,1,9,4948105,131310,TDS Telecom,10,1,X,MI,88274d732bfffff
261550315021037,25,5,1,4948105,131310,TDS Telecom,10,1,X,MI,88274d7305fffff
261550315021037,50,10,7,4948105,131310,TDS Telecom,10,1,X,MI,88274d7305fffff
261550315021038,0,0,7,4948105,131310,TDS Telecom,10,1,X,MI,88274d7321fffff
261550315021038,10,1,7,4948105,131310,TDS Telecom,10,1,X,MI,88274d7321fffff
261550315021038,25,5,3,4948105,131310,TDS Telecom,10,1,X,MI,88274d7321fffff
261550315021038,50,10,10,4948105,131310,TDS Telecom,10,1,X,MI,88274d7325fffff
261550315021040,0,0,3,4948105,131310,TDS Telecom,10,1,X,MI,88274d7367fffff
261550315022000,0,0,1,4948105,131310,TDS Telecom,10,1,X,MI,88274d09b9fffff
261550315022000,10,1,4,4948105,131310,TDS Telecom,10,1,X,MI,88274d0987fffff
261550315022001,0,0,2,4948105,131310,TDS Telecom,10,1,X,MI,88274d0987fffff
261550315022001,10,1,18,4948105,131310,TDS Telecom,10,1,X,MI,88274d09abfffff
261550315022001,25,5,2,4948105,131310,TDS Telecom,10,1,X,MI,88274d09a3fffff
261550315022001,50,10,3,4948105,131310,TDS Telecom,10,1,X,MI,88274d09abfffff
261550315022002,25,5,1,4948105,131310,TDS Telecom,10,1,X,MI,88274d09a3fffff
261550315022002,50,10,5,4948105,131310,TDS Telecom,10,1,X,MI,88274d09a3fffff
261550315022003,25,5,1,4948105,131310,TDS Telecom,10,1,X,MI,88274d09a7fffff
261550315022003,50,10,8,4948105,131310,TDS Telecom,10,1,X,MI,88274d09a1fffff
261550315022004,10,1,3,4948105,131310,TDS Telecom,10,1,X,MI,88274d7349fffff
261550315022004,50,10,13,4948105,131310,TDS Telecom,10,1,X,MI,88274d734dfffff
261550315022006,0,0,2,4948105,131310,TDS Telecom,10,1,X,MI,88274d09bdfffff
261550315022006,10,1,9,4948105,131310,TDS Telecom,10,1,X,MI,88274d09b5fffff
261550315022007,10,1,3,4948105,131310,TDS Telecom,10,1,X,MI,88274d09b5fffff
261550315022008,10,1,4,4948105,131310,TDS Telecom,10,1,X,MI,88274d7349fffff
261550315022012,10,1,1,4948105,131310,TDS Telecom,10,1,X,MI,88274d0995fffff
261550315022014,50,10,5,4948105,131310,TDS Telecom,10,1,X,MI,88274d09b1fffff
261550315022016,50,10,1,4948105,131310,TDS Telecom,10,1,X,MI,88274d09b1fffff
261550315022017,50,10,1,4948105,131310,TDS Telecom,10,1,X,MI,88274d09b1fffff
261550315022020,50,10,3,4948105,131310,TDS Telecom,10,1,X,MI,88274d09b3fffff
261550315022021,50,10,6,4948105,131310,TDS Telecom,10,1,X,MI,88274d09b3fffff
261550315022022,50,10,6,4948105,131310,TDS Telecom,10,1,X,MI,88274d09bbfffff
261550315022032,50,10,2,4948105,131310,TDS Telecom,10,1,X,MI,88274d735bfffff
261550315022043,10,1,5,4948105,131310,TDS Telecom,10,1,X,MI,88274d735dfffff
261550315022043,25,5,1,4948105,131310,TDS Telecom,10,1,X,MI,88274d09b7fffff
261550315022044,10,1,1,4948105,131310,TDS Telecom,10,1,X,MI,88274d735dfffff
261550315022045,10,1,3,4948105,131310,TDS Telecom,10,1,X,MI,88274d735dfffff
261550315022047,10,1,1,4948105,131310,TDS Telecom,10,1,X,MI,88274d7309fffff
261550315022047,50,10,4,4948105,131310,TDS Telecom,10,1,X,MI,88274d7347fffff
261550315022053,50,10,1,4948105,131310,TDS Telecom,10,1,X,MI,88274d09b1fffff
261550315022054,0,0,1,4948105,131310,TDS Telecom,10,1,X,MI,88274d7229fffff
261550315022054,25,5,3,4948105,131310,TDS Telecom,10,1,X,MI,88274d7267fffff
261550315022054,50,10,7,4948105,131310,TDS Telecom,10,1,X,MI,88274d7267fffff
261550315022056,25,5,1,4948105,131310,TDS Telecom,10,1,X,MI,88274d7221fffff
261550315022056,50,10,6,4948105,131310,TDS Telecom,10,1,X,MI,88274d722dfffff
261550315022058,10,1,2,4948105,131310,TDS Telecom,10,1,X,MI,88274d722bfffff
261550315022059,0,0,1,4948105,131310,TDS Telecom,10,1,X,MI,88274d7221fffff
261550315022059,10,1,1,4948105,131310,TDS Telecom,10,1,X,MI,88274d7221fffff
261570008003011,10,1,12,4948105,131310,TDS Telecom,10,1,X,MI,88274d98ebfffff
261570008003012,10,1,21,4948105,131310,TDS Telecom,10,1,X,MI,88274d98ebfffff
261570008003013,10,1,3,4948105,131310,TDS Telecom,10,1,X,MI,88274d98ebfffff
261570008003019,10,1,3,4948105,131310,TDS Telecom,10,1,X,MI,88274d98ebfffff
261570008003020,0,0,1,4948105,131310,TDS Telecom,10,1,X,MI,88274d98c7fffff
261570008003020,10,1,16,4948105,131310,TDS Telecom,10,1,X,MI,88274d98c7fffff
261570008003021,10,1,3,4948105,131310,TDS Telecom,10,1,X,MI,88274d98ebfffff
261570008003022,10,1,5,4948105,131310,TDS Telecom,10,1,X,MI,88274d98c7fffff
261570008003023,10,1,4,4948105,131310,TDS Telecom,10,1,X,MI,88274d98ebfffff
261570008003024,10,1,12,4948105,131310,TDS Telecom,10,1,X,MI,88274d988dfffff
261570008003031,10,1,8,4948105,131310,TDS Telecom,10,1,X,MI,88274d988dfffff
261570008003032,10,1,1,4948105,131310,TDS Telecom,10,1,X,MI,88274d988dfffff
261570008003032,25,5,6,4948105,131310,TDS Telecom,10,1,X,MI,88274d988dfffff
261570008003035,10,1,5,4948105,131310,TDS Telecom,10,1,X,MI,88274d98ebfffff
261570008003036,25,5,8,4948105,131310,TDS Telecom,10,1,X,MI,88274d988dfffff
261570008003036,50,10,2,4948105,131310,TDS Telecom,10,1,X,MI,88274d98abfffff
261570008003042,10,1,8,4948105,131310,TDS Telecom,10,1,X,MI,88274d988dfffff
261570008003042,25,5,3,4948105,131310,TDS Telecom,10,1,X,MI,88274d988dfffff
261570008003042,50,10,9,4948105,131310,TDS Telecom,10,1,X,MI,88274d988dfffff
261570008003043,10,1,1,4948105,131310,TDS Telecom,10,1,X,MI,88274d988dfffff
261570008003043,25,5,2,4948105,131310,TDS Telecom,10,1,X,MI,88274d9881fffff
261570008003044,10,1,7,4948105,131310,TDS Telecom,10,1,X,MI,88274d9889fffff
261570008003044,50,10,1,4948105,131310,TDS Telecom,10,1,X,MI,88274d988bfffff
261570008003045,10,1,4,4948105,131310,TDS Telecom,10,1,X,MI,88274d988bfffff
261570008003046,10,1,8,4948105,131310,TDS Telecom,10,1,X,MI,88274d98d5fffff
261570008003047,10,1,4,4948105,131310,TDS Telecom,10,1,X,MI,88274d98d7fffff
261570008003048,10,1,20,4948105,131310,TDS Telecom,10,1,X,MI,88274d836bfffff
261570008003048,25,5,1,4948105,131310,TDS Telecom,10,1,X,MI,88274d8363fffff
261570008003050,10,1,6,4948105,131310,TDS Telecom,10,1,X,MI,88274d832dfffff
261570008003050,25,5,2,4948105,131310,TDS Telecom,10,1,X,MI,88274d8305fffff
261570009001040,10,1,3,4948105,131310,TDS Telecom,10,1,X,MI,88274d98c3fffff
261570009001044,10,1,4,4948105,131310,TDS Telecom,10,1,X,MI,88274d98c7fffff
261570010003012,0,0,2,4948105,131310,TDS Telecom,10,1,X,MI,88274d90b9fffff
261570010003015,0,0,12,4948105,131310,TDS Telecom,10,1,X,MI,88274d90a5fffff
261570010003015,10,1,8,4948105,131310,TDS Telecom,10,1,X,MI,88274d90a3fffff
261570010003018,0,0,13,4948105,131310,TDS Telecom,10,1,X,MI,88274d9199fffff
261570010003019,0,0,2,4948105,131310,TDS Telecom,10,1,X,MI,88274d919bfffff
261570010003025,0,0,8,4948105,131310,TDS Telecom,10,1,X,MI,88274d90b9fffff
261570010003025,10,1,4,4948105,131310,TDS Telecom,10,1,X,MI,88274d90bdfffff
261570010003026,0,0,1,4948105,131310,TDS Telecom,10,1,X,MI,88274d8249fffff
261570010003026,10,1,2,4948105,131310,TDS Telecom,10,1,X,MI,88274d8249fffff
261570010003026,25,5,2,4948105,131310,TDS Telecom,10,1,X,MI,88274d90b5fffff
261570010003027,10,1,2,4948105,131310,TDS Telecom,10,1,X,MI,88274d824dfffff
261570010003027,25,5,1,4948105,131310,TDS Telecom,10,1,X,MI,88274d824bfffff
261570010003030,0,0,6,4948105,131310,TDS Telecom,10,1,X,MI,88274d9197fffff
261570010003030,10,1,2,4948105,131310,TDS Telecom,10,1,X,MI,88274d8269fffff
261570010003030,25,5,2,4948105,131310,TDS Telecom,10,1,X,MI,88274d826bfffff
261570010003031,25,5,12,4948105,131310,TDS Telecom,10,1,X,MI,88274d8245fffff
261570010003031,50,10,11,4948105,131310,TDS Telecom,10,1,X,MI,88274d8245fffff
261570010003033,25,5,2,4948105,131310,TDS Telecom,10,1,X,MI,88274d8241fffff
261570010003033,50,10,1,4948105,131310,TDS Telecom,10,1,X,MI,88274d8241fffff
261570010003040,0,0,1,4948105,131310,TDS Telecom,10,1,X,MI,88274d909dfffff
261570010003042,0,0,3,4948105,131310,TDS Telecom,10,1,X,MI,88274d9095fffff
261570010004005,0,0,17,4948105,131310,TDS Telecom,10,1,X,MI,88274d8269fffff
261570010004005,10,1,23,4948105,131310,TDS Telecom,10,1,X,MI,88274d8261fffff
261570010004014,10,1,1,4948105,131310,TDS Telecom,10,1,X,MI,88274d836bfffff
261570010004021,0,0,12,4948105,131310,TDS Telecom,10,1,X,MI,88274d8347fffff
261570010004021,10,1,6,4948105,131310,TDS Telecom,10,1,X,MI,88274d836bfffff
261570010004021,25,5,2,4948105,131310,TDS Telecom,10,1,X,MI,88274d8363fffff
261570010004022,0,0,19,4948105,131310,TDS Telecom,10,1,X,MI,88274d8347fffff
261570010004022,10,1,6,4948105,131310,TDS Telecom,10,1,X,MI,88274d8309fffff
261570010004022,25,5,1,4948105,131310,TDS Telecom,10,1,X,MI,88274d8309fffff
261570010004022,50,10,4,4948105,131310,TDS Telecom,10,1,X,MI,88274d830dfffff
261570010004023,10,1,4,4948105,131310,TDS Telecom,10,1,X,MI,88274d8309fffff
261570010004024,0,0,16,4948105,131310,TDS Telecom,10,1,X,MI,88274d8343fffff
261570010004024,10,1,1,4948105,131310,TDS Telecom,10,1,X,MI,88274d8355fffff
261570010004026,0,0,1,4948105,131310,TDS Telecom,10,1,X,MI,88274d8355fffff
261570010004027,0,0,12,4948105,131310,TDS Telecom,10,1,X,MI,88274d834bfffff
261570010004027,10,1,4,4948105,131310,TDS Telecom,10,1,X,MI,88274d835dfffff
261570010004028,0,0,2,4948105,131310,TDS Telecom,10,1,X,MI,88274d834bfffff
261570010004029,0,0,9,4948105,131310,TDS Telecom,10,1,X,MI,88274d834bfffff
261570010004030,0,0,21,4948105,131310,TDS Telecom,10,1,X,MI,88274d91b7fffff
261570010004031,0,0,18,4948105,131310,TDS Telecom,10,1,X,MI,88274d91b3fffff
261570010004032,0,0,4,4948105,131310,TDS Telecom,10,1,X,MI,88274d91b3fffff
261570010004033,0,0,11,4948105,131310,TDS Telecom,10,1,X,MI,88274d835dfffff
261570010004033,10,1,2,4948105,131310,TDS Telecom,10,1,X,MI,88274d8351fffff
261570010004034,0,0,1,4948105,131310,TDS Telecom,10,1,X,MI,88274d91b7fffff
261570010004035,0,0,23,4948105,131310,TDS Telecom,10,1,X,MI,88274d835bfffff
261570010004035,10,1,1,4948105,131310,TDS Telecom,10,1,X,MI,88274d8351fffff
261570010004036,10,1,1,4948105,131310,TDS Telecom,10,1,X,MI,88274d8351fffff
261570010004037,0,0,4,4948105,131310,TDS Telecom,10,1,X,MI,88274d8359fffff
261570010004038,0,0,1,4948105,131310,TDS Telecom,10,1,X,MI,88274d8359fffff
261570010004039,0,0,14,4948105,131310,TDS Telecom,10,1,X,MI,88274d91b7fffff
261570010004040,10,1,3,4948105,131310,TDS Telecom,10,1,X,MI,88274d8309fffff
261570010004041,0,0,4,4948105,131310,TDS Telecom,10,1,X,MI,88274d8355fffff
261570010004041,10,1,1,4948105,131310,TDS Telecom,10,1,X,MI,88274d8309fffff
261570010004043,25,5,1,4948105,131310,TDS Telecom,10,1,X,MI,88274d8363fffff
261570010004043,50,10,1,4948105,131310,TDS Telecom,10,1,X,MI,88274d8363fffff
261570012001005,0,0,3,4948105,131310,TDS Telecom,10,1,X,MI,88274d9733fffff
261570012001005,10,1,1,4948105,131310,TDS Telecom,10,1,X,MI,88274d9559fffff
261570012001005,50,10,7,4948105,131310,TDS Telecom,10,1,X,MI,88274d955dfffff
261570012001006,0,0,4,4948105,131310,TDS Telecom,10,1,X,MI,88274d955dfffff
261570012001006,10,1,2,4948105,131310,TDS Telecom,10,1,X,MI,88274d9735fffff
261570012001006,25,5,4,4948105,131310,TDS Telecom,10,1,X,MI,88274d9737fffff
261570012001006,50,10,1,4948105,131310,TDS Telecom,10,1,X,MI,88274d955dfffff
261570012001009,0,0,1,4948105,131310,TDS Telecom,10,1,X,MI,88274d9551fffff
261570012001009,10,1,2,4948105,131310,TDS Telecom,10,1,X,MI,88274d9551fffff
261570012001009,25,5,1,4948105,131310,TDS Telecom,10,1,X,MI,88274d9551fffff
261570012001009,50,10,2,4948105,131310,TDS Telecom,10,1,X,MI,88274d955dfffff
261570012001010,0,0,2,4948105,131310,TDS Telecom,10,1,X,MI,88274d9467fffff
261570012001010,10,1,10,4948105,131310,TDS Telecom,10,1,X,MI,88274d9465fffff
261570012001010,50,10,4,4948105,131310,TDS Telecom,10,1,X,MI,88274d9559fffff
261570012001011,10,1,32,4948105,131310,TDS Telecom,10,1,X,MI,88274d942dfffff
261570012001011,25,5,6,4948105,131310,TDS Telecom,10,1,X,MI,88274d9551fffff
261570012001011,50,10,2,4948105,131310,TDS Telecom,10,1,X,MI,88274d9559fffff
261570012001012,10,1,9,4948105,131310,TDS Telecom,10,1,X,MI,88274d9421fffff
261570012001013,10,1,6,4948105,131310,TDS Telecom,10,1,X,MI,88274d9423fffff
261570012001013,25,5,6,4948105,131310,TDS Telecom,10,1,X,MI,88274d9427fffff
261570012001013,50,10,12,4948105,131310,TDS Telecom,10,1,X,MI,88274d951bfffff
261570012001014,10,1,3,4948105,131310,TDS Telecom,10,1,X,MI,88274d9553fffff
261570012001014,25,5,5,4948105,131310,TDS Telecom,10,1,X,MI,88274d9553fffff
261570012001014,50,10,11,4948105,131310,TDS Telecom,10,1,X,MI,88274d951bfffff
261570012001015,50,10,5,4948105,131310,TDS Telecom,10,1,X,MI,88274d951bfffff
261570012001017,50,10,1,4948105,131310,TDS Telecom,10,1,X,MI,88274d950dfffff
261570012001019,10,1,2,4948105,131310,TDS Telecom,10,1,X,MI,88274d9517fffff
261570012001021,50,10,1,4948105,131310,TDS Telecom,10,1,X,MI,88274d950bfffff
261570012001022,50,10,5,4948105,131310,TDS Telecom,10,1,X,MI,88274d951bfffff
261570012001024,0,0,1,4948105,131310,TDS Telecom,10,1,X,MI,88274d9427fffff
261570012001024,10,1,2,4948105,131310,TDS Telecom,10,1,X,MI,88274d9423fffff
261570012001024,50,10,4,4948105,131310,TDS Telecom,10,1,X,MI,88274d951bfffff
261570012001026,50,10,2,4948105,131310,TDS Telecom,10,1,X,MI,88274d95e9fffff
261570012001029,50,10,2,4948105,131310,TDS Telecom,10,1,X,MI,88274d95c5fffff
261570012001035,25,5,6,4948105,131310,TDS Telecom,10,1,X,MI,88274d95c9fffff
261570012001035,50,10,20,4948105,131310,TDS Telecom,10,1,X,MI,88274d95c1fffff
261570012001036,50,10,7,4948105,131310,TDS Telecom,10,1,X,MI,88274d95c7fffff
261570012001037,25,5,11,4948105,131310,TDS Telecom,10,1,X,MI,88274d95c3fffff
261570012001037,50,10,6,4948105,131310,TDS Telecom,10,1,X,MI,88274d95c7fffff
261570012001038,25,5,3,4948105,131310,TDS Telecom,10,1,X,MI,88274d95cbfffff
261570012001038,50,10,22,4948105,131310,TDS Telecom,10,1,X,MI,88274d95c1fffff
261570012001043,50,10,2,4948105,131310,TDS Telecom,10,1,X,MI,88274d95e9fffff
261570012002001,0,0,4,4948105,131310,TDS Telecom,10,1,X,MI,88274d9535fffff
261570012002001,10,1,5,4948105,131310,TDS Telecom,10,1,X,MI,88274d82c1fffff
261570012002001,25,5,1,4948105,131310,TDS Telecom,10,1,X,MI,88274d82c5fffff
261570012002003,10,1,11,4948105,131310,TDS Telecom,10,1,X,MI,88274d82c5fffff
261570012002003,25,5,17,4948105,131310,TDS Telecom,10,1,X,MI,88274d8213fffff
261570012002003,50,10,23,4948105,131310,TDS Telecom,10,1,X,MI,88274d82b9fffff
261570012002006,50,10,1,4948105,131310,TDS Telecom,10,1,X,MI,88274d82abfffff
261570012002007,10,1,9,4948105,131310,TDS Telecom,10,1,X,MI,88274d8059fffff
261570012002007,25,5,5,4948105,131310,TDS Telecom,10,1,X,MI,88274d82e5fffff
261570012002007,50,10,4,4948105,131310,TDS Telecom,10,1,X,MI,88274d8233fffff
261570012002008,0,0,9,4948105,131310,TDS Telecom,10,1,X,MI,88274d8055fffff
261570012002008,10,1,19,4948105,131310,TDS Telecom,10,1,X,MI,88274d8055fffff
261570012002009,0,0,2,4948105,131310,TDS Telecom,10,1,X,MI,88274d8009fffff
261570012002009,10,1,6,4948105,131310,TDS Telecom,10,1,X,MI,88274d8009fffff
261570012002009,25,5,3,4948105,131310,TDS Telecom,10,1,X,MI,88274d8041fffff
261570012002010,0,0,42,4948105,131310,TDS Telecom,10,1,X,MI,88274d8055fffff
261570012002010,10,1,5,4948105,131310,TDS Telecom,10,1,X,MI,88274d8055fffff
261570012002010,25,5,2,4948105,131310,TDS Telecom,10,1,X,MI,88274d801dfffff
261570012002011,0,0,13,4948105,131310,TDS Telecom,10,1,X,MI,88274d8057fffff
261570012002011,10,1,25,4948105,131310,TDS Telecom,10,1,X,MI,88274d82a5fffff
261570012002011,25,5,8,4948105,131310,TDS Telecom,10,1,X,MI,88274d82a7fffff
261570012002011,50,10,7,4948105,131310,TDS Telecom,10,1,X,MI,88274d82abfffff
261570012002012,0,0,23,4948105,131310,TDS Telecom,10,1,X,MI,88274d8013fffff
261570012002012,10,1,25,4948105,131310,TDS Telecom,10,1,X,MI,88274d8013fffff
261570012002012,25,5,14,4948105,131310,TDS Telecom,10,1,X,MI,88274d801dfffff
261570012002012,50,10,1,4948105,131310,TDS Telecom,10,1,X,MI,88274d82a7fffff
261570012002015,25,5,1,4948105,131310,TDS Telecom,10,1,X,MI,88274d82d7fffff
261570012002015,50,10,3,4948105,131310,TDS Telecom,10,1,X,MI,88274d82d7fffff
261570012002018,50,10,10,4948105,131310,TDS Telecom,10,1,X,MI,88274d82d3fffff
261570012002020,50,10,50,4948105,131310,TDS Telecom,10,1,X,MI,88274d82d3fffff
261570012003000,0,0,16,4948105,131310,TDS Telecom,10,1,X,MI,88274d9095fffff
261570012003001,0,0,8,4948105,131310,TDS Telecom,10,1,X,MI,88274d9095fffff
261570012003001,10,1,5,4948105,131310,TDS Telecom,10,1,X,MI,88274d956dfffff
261570012003002,0,0,1,4948105,131310,TDS Telecom,10,1,X,MI,88274d956dfffff
261570012003002,10,1,2,4948105,131310,TDS Telecom,10,1,X,MI,88274d956dfffff
261570012003003,0,0,7,4948105,131310,TDS Telecom,10,1,X,MI,88274d90b1fffff
261570012003004,0,0,5,4948105,131310,TDS Telecom,10,1,X,MI,88274d90b1fffff
261570012003004,10,1,9,4948105,131310,TDS Telecom,10,1,X,MI,88274d90bdfffff
261570012003004,25,5,1,4948105,131310,TDS Telecom,10,1,X,MI,88274d90b5fffff
261570012003005,0,0,1,4948105,131310,TDS Telecom,10,1,X,MI,88274d90bdfffff
261570012003006,0,0,10,4948105,131310,TDS Telecom,10,1,X,MI,88274d90bbfffff
261570012003006,10,1,5,4948105,131310,TDS Telecom,10,1,X,MI,88274d956dfffff
261570012003006,25,5,5,4948105,131310,TDS Telecom,10,1,X,MI,88274d90b3fffff
261570012003006,50,10,2,4948105,131310,TDS Telecom,10,1,X,MI,88274d90b7fffff
261570012003007,0,0,12,4948105,131310,TDS Telecom,10,1,X,MI,88274d9567fffff
261570012003007,10,1,1,4948105,131310,TDS Telecom,10,1,X,MI,88274d956dfffff
261570012003009,0,0,1,4948105,131310,TDS Telecom,10,1,X,MI,88274d9565fffff
261570012003009,10,1,5,4948105,131310,TDS Telecom,10,1,X,MI,88274d956dfffff
261570012003010,0,0,3,4948105,131310,TDS Telecom,10,1,X,MI,88274d825bfffff
261570012003010,10,1,10,4948105,131310,TDS Telecom,10,1,X,MI,88274d90b3fffff
261570012003010,25,5,2,4948105,131310,TDS Telecom,10,1,X,MI,88274d90b3fffff
261570012003010,50,10,8,4948105,131310,TDS Telecom,10,1,X,MI,88274d90b7fffff
261570012003014,50,10,8,4948105,131310,TDS Telecom,10,1,X,MI,88274d825dfffff
261570012003016,50,10,1,4948105,131310,TDS Telecom,10,1,X,MI,88274d825dfffff
261570012003017,50,10,2,4948105,131310,TDS Telecom,10,1,X,MI,88274d825dfffff
261570012003018,10,1,2,4948105,131310,TDS Telecom,10,1,X,MI,88274d8209fffff
261570012003018,50,10,6,4948105,131310,TDS Telecom,10,1,X,MI,88274d8255fffff
261570012003021,0,0,12,4948105,131310,TDS Telecom,10,1,X,MI,88274d825bfffff
261570012003022,0,0,3,4948105,131310,TDS Telecom,10,1,X,MI,88274d9567fffff
261570012003025,0,0,9,4948105,131310,TDS Telecom,10,1,X,MI,88274d821dfffff
261570012003025,10,1,4,4948105,131310,TDS Telecom,10,1,X,MI,88274d8203fffff
261570012003025,25,5,7,4948105,131310,TDS Telecom,10,1,X,MI,88274d8209fffff
261570012003026,0,0,5,4948105,131310,TDS Telecom,10,1,X,MI,88274d8203fffff
261570012003026,10,1,17,4948105,131310,TDS Telecom,10,1,X,MI,88274d8201fffff
261570012003026,25,5,2,4948105,131310,TDS Telecom,10,1,X,MI,88274d8207fffff
261570012003027,0,0,5,4948105,131310,TDS Telecom,10,1,X,MI,88274d826bfffff
261570012003027,10,1,9,4948105,131310,TDS Telecom,10,1,X,MI,88274d8201fffff
261570012003027,25,5,13,4948105,131310,TDS Telecom,10,1,X,MI,88274d8247fffff
261570012003027,50,10,2,4948105,131310,TDS Telecom,10,1,X,MI,88274d8247fffff
261570012003028,0,0,8,4948105,131310,TDS Telecom,10,1,X,MI,88274d9525fffff
261570012003028,10,1,5,4948105,131310,TDS Telecom,10,1,X,MI,88274d8219fffff
261570012003028,25,5,7,4948105,131310,TDS Telecom,10,1,X,MI,88274d82cdfffff
261570012003029,10,1,2,4948105,131310,TDS Telecom,10,1,X,MI,88274d9523fffff
261570012003029,25,5,1,4948105,131310,TDS Telecom,10,1,X,MI,88274d9535fffff
261570012003032,0,0,2,4948105,131310,TDS Telecom,10,1,X,MI,88274d8219fffff
261570012003032,10,1,3,4948105,131310,TDS Telecom,10,1,X,MI,88274d821dfffff
261570012003032,25,5,9,4948105,131310,TDS Telecom,10,1,X,MI,88274d821dfffff
261570012003032,50,10,12,4948105,131310,TDS Telecom,10,1,X,MI,88274d8217fffff
261570012003033,0,0,1,4948105,131310,TDS Telecom,10,1,X,MI,88274d8203fffff
261570012003033,10,1,3,4948105,131310,TDS Telecom,10,1,X,MI,88274d8239fffff
261570012003033,25,5,3,4948105,131310,TDS Telecom,10,1,X,MI,88274d8239fffff
261570012003033,50,10,9,4948105,131310,TDS Telecom,10,1,X,MI,88274d8215fffff
261570012004000,0,0,6,4948105,131310,TDS Telecom,10,1,X,MI,88274d8205fffff
261570012004000,10,1,17,4948105,131310,TDS Telecom,10,1,X,MI,88274d8263fffff
261570012004001,0,0,5,4948105,131310,TDS Telecom,10,1,X,MI,88274d8265fffff
261570012004001,10,1,7,4948105,131310,TDS Telecom,10,1,X,MI,88274d8261fffff
261570012004002,0,0,16,4948105,131310,TDS Telecom,10,1,X,MI,88274d835bfffff
261570012004002,10,1,13,4948105,131310,TDS Telecom,10,1,X,MI,88274d8351fffff
261570012004002,25,5,7,4948105,131310,TDS Telecom,10,1,X,MI,88274d8353fffff
261570012004003,10,1,5,4948105,131310,TDS Telecom,10,1,X,MI,88274d8353fffff
261570012004003,25,5,5,4948105,131310,TDS Telecom,10,1,X,MI,88274d8353fffff
261570012004004,50,10,3,4948105,131310,TDS Telecom,10,1,X,MI,88274d8353fffff
261570012004005,25,5,15,4948105,131310,TDS Telecom,10,1,X,MI,88274d8353fffff
261570012004005,50,10,4,4948105,131310,TDS Telecom,10,1,X,MI,88274d8225fffff
261570012004006,0,0,7,4948105,131310,TDS Telecom,10,1,X,MI,88274d8205fffff
261570012004006,10,1,10,4948105,131310,TDS Telecom,10,1,X,MI,88274d823dfffff
261570012004006,25,5,4,4948105,131310,TDS Telecom,10,1,X,MI,88274d8221fffff
261570012004006,50,10,12,4948105,131310,TDS Telecom,10,1,X,MI,88274d8221fffff
261570012004008,50,10,1,4948105,131310,TDS Telecom,10,1,X,MI,88274d8221fffff
261570012004009,50,10,1,4948105,131310,TDS Telecom,10,1,X,MI,88274d8221fffff
261570012004010,50,10,1,4948105,131310,TDS Telecom,10,1,X,MI,88274d8221fffff
261570012004011,50,10,2,4948105,131310,TDS Telecom,10,1,X,MI,88274d8221fffff
261570012004015,10,1,2,4948105,131310,TDS Telecom,10,1,X,MI,88274d823dfffff
261570012004015,25,5,4,4948105,131310,TDS Telecom,10,1,X,MI,88274d823dfffff
261570012004015,50,10,4,4948105,131310,TDS Telecom,10,1,X,MI,88274d823dfffff
261570012004023,10,1,1,4948105,131310,TDS Telecom,10,1,X,MI,88274d804bfffff
261570012004023,50,10,10,4948105,131310,TDS Telecom,10,1,X,MI,88274d8041fffff
261570012004024,10,1,2,4948105,131310,TDS Telecom,10,1,X,MI,88274d804bfffff
261570012004024,25,5,1,4948105,131310,TDS Telecom,10,1,X,MI,88274d804bfffff
261570012004025,25,5,1,4948105,131310,TDS Telecom,10,1,X,MI,88274d8041fffff
261570012004025,50,10,6,4948105,131310,TDS Telecom,10,1,X,MI,88274d8041fffff
261570012004031,25,5,1,4948105,131310,TDS Telecom,10,1,X,MI,88274d8041fffff
261570012004035,0,0,1,4948105,131310,TDS Telecom,10,1,X,MI,88274d8041fffff
261570012004035,25,5,1,4948105,131310,TDS Telecom,10,1,X,MI,88274d8041fffff
261570012004037,50,10,2,4948105,131310,TDS Telecom,10,1,X,MI,88274d8221fffff
261570012004038,50,10,4,4948105,131310,TDS Telecom,10,1,X,MI,88274d8225fffff
261570012004039,10,1,3,4948105,131310,TDS Telecom,10,1,X,MI,88274d804bfffff
261570013001000,10,1,5,4948105,131310,TDS Telecom,10,1,X,MI,88274d8321fffff
261570013001000,25,5,1,4948105,131310,TDS Telecom,10,1,X,MI,88274d8321fffff
261570013001002,10,1,3,4948105,131310,TDS Telecom,10,1,X,MI,88274d98d7fffff
261570013001004,25,5,2,4948105,131310,TDS Telecom,10,1,X,MI,88274d989dfffff
261570013001004,50,10,1,4948105,131310,TDS Telecom,10,1,X,MI,88274d9883fffff
261570013001005,25,5,1,4948105,131310,TDS Telecom,10,1,X,MI,88274d9883fffff
261570013001005,50,10,1,4948105,131310,TDS Telecom,10,1,X,MI,88274d9883fffff
261570013001006,50,10,3,4948105,131310,TDS Telecom,10,1,X,MI,88274d9883fffff
261570013001007,50,10,16,4948105,131310,TDS Telecom,10,1,X,MI,88274d9887fffff
261570013001008,25,5,4,4948105,131310,TDS Telecom,10,1,X,MI,88274d98b1fffff
261570013001008,50,10,10,4948105,131310,TDS Telecom,10,1,X,MI,88274d98bdfffff
261570013001009,10,1,1,4948105,131310,TDS Telecom,10,1,X,MI,88274d98a3fffff
261570013001009,25,5,1,4948105,131310,TDS Telecom,10,1,X,MI,88274d98b5fffff
261570013001009,50,10,1,4948105,131310,TDS Telecom,10,1,X,MI,88274d98a3fffff
261570013001010,10,1,2,4948105,131310,TDS Telecom,10,1,X,MI,88274d98a3fffff
261570013001010,50,10,3,4948105,131310,TDS Telecom,10,1,X,MI,88274d98a3fffff
261570013001011,50,10,3,4948105,131310,TDS Telecom,10,1,X,MI,88274d98a7fffff
261570013001012,10,1,2,4948105,131310,TDS Telecom,10,1,X,MI,88274d8a4bfffff
261570013001013,10,1,7,4948105,131310,TDS Telecom,10,1,X,MI,88274d8a4bfffff
261570013001014,10,1,20,4948105,131310,TDS Telecom,10,1,X,MI,88274d8a4bfffff
261570013001015,10,1,9,4948105,131310,TDS Telecom,10,1,X,MI,88274d98b5fffff
261570013001015,25,5,2,4948105,131310,TDS Telecom,10,1,X,MI,88274d98b5fffff
261570013001016,25,5,2,4948105,131310,TDS Telecom,10,1,X,MI,88274d98b3fffff
261570013001016,50,10,1,4948105,131310,TDS Telecom,10,1,X,MI,88274d98b1fffff
261570013001017,50,10,5,4948105,131310,TDS Telecom,10,1,X,MI,88274d98b1fffff
261570013001018,25,5,1,4948105,131310,TDS Telecom,10,1,X,MI,88274d98b1fffff
261570013001018,50,10,4,4948105,131310,TDS Telecom,10,1,X,MI,88274d98b9fffff
261570013001019,25,5,1,4948105,131310,TDS Telecom,10,1,X,MI,88274d8169fffff
261570013001019,50,10,2,4948105,131310,TDS Telecom,10,1,X,MI,88274d9897fffff
261570013001020,10,1,1,4948105,131310,TDS Telecom,10,1,X,MI,88274d8145fffff
261570013001020,25,5,3,4948105,131310,TDS Telecom,10,1,X,MI,88274d9893fffff
261570013001020,50,10,2,4948105,131310,TDS Telecom,10,1,X,MI,88274d989bfffff
261570013001021,50,10,1,4948105,131310,TDS Telecom,10,1,X,MI,88274d989bfffff
261570013001024,10,1,3,4948105,131310,TDS Telecom,10,1,X,MI,88274d8165fffff
261570013001024,25,5,9,4948105,131310,TDS Telecom,10,1,X,MI,88274d98b3fffff
261570013001024,50,10,3,4948105,131310,TDS Telecom,10,1,X,MI,88274d98b1fffff
261570013001025,10,1,1,4948105,131310,TDS Telecom,10,1,X,MI,88274d8165fffff
261570013001025,25,5,3,4948105,131310,TDS Telecom,10,1,X,MI,88274d8165fffff
261570013001025,50,10,1,4948105,131310,TDS Telecom,10,1,X,MI,88274d816dfffff
261570013001026,10,1,5,4948105,131310,TDS Telecom,10,1,X,MI,88274d8163fffff
261570013001026,25,5,3,4948105,131310,TDS Telecom,10,1,X,MI,88274d8161fffff
261570013001026,50,10,1,4948105,131310,TDS Telecom,10,1,X,MI,88274d8161fffff
261570013001027,10,1,2,4948105,131310,TDS Telecom,10,1,X,MI,88274d8163fffff
261570013001027,25,5,5,4948105,131310,TDS Telecom,10,1,X,MI,88274d8163fffff
261570013001029,10,1,10,4948105,131310,TDS Telecom,10,1,X,MI,88274d8145fffff
261570013001029,25,5,3,4948105,131310,TDS Telecom,10,1,X,MI,88274d8145fffff
261570013001030,10,1,6,4948105,131310,TDS Telecom,10,1,X,MI,88274d8141fffff
261570013001030,25,5,2,4948105,131310,TDS Telecom,10,1,X,MI,88274d814bfffff
261570013001030,50,10,3,4948105,131310,TDS Telecom,10,1,X,MI,88274d814bfffff
261570013001031,10,1,4,4948105,131310,TDS Telecom,10,1,X,MI,88274d8141fffff
261570013001031,25,5,2,4948105,131310,TDS Telecom,10,1,X,MI,88274d8327fffff
261570013001031,50,10,1,4948105,131310,TDS Telecom,10,1,X,MI,88274d989bfffff
261570013001032,50,10,5,4948105,131310,TDS Telecom,10,1,X,MI,88274d9899fffff
261570013001033,0,0,3,4948105,131310,TDS Telecom,10,1,X,MI,88274d8a53fffff
261570013001033,10,1,8,4948105,131310,TDS Telecom,10,1,X,MI,88274d8a59fffff
261570013001034,0,0,2,4948105,131310,TDS Telecom,10,1,X,MI,88274d8a57fffff
261570013001034,10,1,2,4948105,131310,TDS Telecom,10,1,X,MI,88274d8a5dfffff
261570013001035,0,0,6,4948105,131310,TDS Telecom,10,1,X,MI,88274d8a57fffff
261570013001036,10,1,3,4948105,131310,TDS Telecom,10,1,X,MI,88274d8a4bfffff
261570013001038,0,0,8,4948105,131310,TDS Telecom,10,1,X,MI,88274d8a09fffff
261570013001039,0,0,12,4948105,131310,TDS Telecom,10,1,X,MI,88274d8a15fffff
261570013001039,10,1,2,4948105,131310,TDS Telecom,10,1,X,MI,88274d8a11fffff
261570013001040,0,0,6,4948105,131310,TDS Telecom,10,1,X,MI,88274d8a19fffff
261570013001040,10,1,2,4948105,131310,TDS Telecom,10,1,X,MI,88274d8a11fffff
261570013001041,0,0,9,4948105,131310,TDS Telecom,10,1,X,MI,88274d8a53fffff
261570013001042,0,0,5,4948105,131310,TDS Telecom,10,1,X,MI,88274d8a19fffff
261570013001042,10,1,31,4948105,131310,TDS Telecom,10,1,X,MI,88274d8a1bfffff
261570013001043,10,1,11,4948105,131310,TDS Telecom,10,1,X,MI,88274d8a53fffff
261570013001044,0,0,1,4948105,131310,TDS Telecom,10,1,X,MI,88274d812dfffff
261570013001044,10,1,38,4948105,131310,TDS Telecom,10,1,X,MI,88274d8163fffff
261570013001045,10,1,3,4948105,131310,TDS Telecom,10,1,X,MI,88274d8105fffff
261570013001045,25,5,6,4948105,131310,TDS Telecom,10,1,X,MI,88274d8129fffff
261570013001045,50,10,11,4948105,131310,TDS Telecom,10,1,X,MI,88274d812bfffff
261570013001046,10,1,10,4948105,131310,TDS Telecom,10,1,X,MI,88274d8101fffff
261570013001046,25,5,5,4948105,131310,TDS Telecom,10,1,X,MI,88274d8107fffff
261570013001047,10,1,1,4948105,131310,TDS Telecom,10,1,X,MI,88274d8109fffff
261570013001047,50,10,5,4948105,131310,TDS Telecom,10,1,X,MI,88274d8155fffff
261570013001048,10,1,3,4948105,131310,TDS Telecom,10,1,X,MI,88274d8101fffff
261570013001048,25,5,9,4948105,131310,TDS Telecom,10,1,X,MI,88274d810bfffff
261570013001048,50,10,10,4948105,131310,TDS Telecom,10,1,X,MI,88274d810bfffff
261570013001049,10,1,5,4948105,131310,TDS Telecom,10,1,X,MI,88274d811dfffff
261570013001049,25,5,7,4948105,131310,TDS Telecom,10,1,X,MI,88274d8157fffff
261570013001050,0,0,1,4948105,131310,TDS Telecom,10,1,X,MI,88274d8121fffff
261570013001050,10,1,5,4948105,131310,TDS Telecom,10,1,X,MI,88274d8127fffff
261570013001050,25,5,5,4948105,131310,TDS Telecom,10,1,X,MI,88274d8129fffff
261570013001050,50,10,4,4948105,131310,TDS Telecom,10,1,X,MI,88274d812bfffff
261570013001051,10,1,8,4948105,131310,TDS Telecom,10,1,X,MI,88274d8165fffff
261570013002000,0,0,17,4948105,131310,TDS Telecom,10,1,X,MI,88274d8355fffff
261570013002000,10,1,27,4948105,131310,TDS Telecom,10,1,X,MI,88274d830bfffff
261570013002000,25,5,5,4948105,131310,TDS Telecom,10,1,X,MI,88274d8353fffff
261570013002003,10,1,1,4948105,131310,TDS Telecom,10,1,X,MI,88274d8319fffff
261570013002003,25,5,5,4948105,131310,TDS Telecom,10,1,X,MI,88274d8319fffff
261570013002003,50,10,8,4948105,131310,TDS Telecom,10,1,X,MI,88274d8225fffff
261570013002004,0,0,1,4948105,131310,TDS Telecom,10,1,X,MI,88274d831dfffff
261570013002004,10,1,5,4948105,131310,TDS Telecom,10,1,X,MI,88274d8319fffff
261570013002004,25,5,7,4948105,131310,TDS Telecom,10,1,X,MI,88274d8319fffff
261570013002004,50,10,2,4948105,131310,TDS Telecom,10,1,X,MI,88274d8319fffff
261570013002005,10,1,11,4948105,131310,TDS Telecom,10,1,X,MI,88274d8315fffff
261570013002005,25,5,12,4948105,131310,TDS Telecom,10,1,X,MI,88274d8317fffff
261570013002005,50,10,17,4948105,131310,TDS Telecom,10,1,X,MI,88274d831bfffff
261570013002006,25,5,13,4948105,131310,TDS Telecom,10,1,X,MI,88274d8317fffff
261570013002006,50,10,22,4948105,131310,TDS Telecom,10,1,X,MI,88274d831bfffff
261570013002008,50,10,7,4948105,131310,TDS Telecom,10,1,X,MI,88274d831bfffff
261570013002010,50,10,15,4948105,131310,TDS Telecom,10,1,X,MI,88274d8225fffff
261570013002011,50,10,16,4948105,131310,TDS Telecom,10,1,X,MI,88274d8225fffff
261570013002012,10,1,3,4948105,131310,TDS Telecom,10,1,X,MI,88274d8317fffff
261570013002012,25,5,1,4948105,131310,TDS Telecom,10,1,X,MI,88274d8317fffff
261570013002012,50,10,2,4948105,131310,TDS Telecom,10,1,X,MI,88274d8317fffff
261570013002013,0,0,2,4948105,131310,TDS Telecom,10,1,X,MI,88274d806bfffff
261570013002013,10,1,10,4948105,131310,TDS Telecom,10,1,X,MI,88274d806bfffff
261570013002014,10,1,3,4948105,131310,TDS Telecom,10,1,X,MI,88274d8045fffff
261570013002014,25,5,4,4948105,131310,TDS Telecom,10,1,X,MI,88274d8045fffff
261570013002014,50,10,1,4948105,131310,TDS Telecom,10,1,X,MI,88274d804dfffff
261570013002015,50,10,1,4948105,131310,TDS Telecom,10,1,X,MI,88274d804dfffff
261570013002016,50,10,5,4948105,131310,TDS Telecom,10,1,X,MI,88274d804dfffff
261570013002019,0,0,1,4948105,131310,TDS Telecom,10,1,X,MI,88274d8009fffff
261570013002019,10,1,1,4948105,131310,TDS Telecom,10,1,X,MI,88274d8047fffff
261570013002020,0,0,12,4948105,131310,TDS Telecom,10,1,X,MI,88274d806bfffff
261570013002020,10,1,4,4948105,131310,TDS Telecom,10,1,X,MI,88274d806bfffff
261570013002020,25,5,1,4948105,131310,TDS Telecom,10,1,X,MI,88274d806bfffff
261570013002020,50,10,3,4948105,131310,TDS Telecom,10,1,X,MI,88274d8029fffff
261570013002022,50,10,3,4948105,131310,TDS Telecom,10,1,X,MI,88274d804dfffff
261570013002023,10,1,4,4948105,131310,TDS Telecom,10,1,X,MI,88274d8045fffff
261570013002023,25,5,20,4948105,131310,TDS Telecom,10,1,X,MI,88274d8045fffff
261570013002023,50,10,7,4948105,131310,TDS Telecom,10,1,X,MI,88274d8041fffff
261570013002024,0,0,5,4948105,131310,TDS Telecom,10,1,X,MI,88274d8009fffff
261570013002024,10,1,9,4948105,131310,TDS Telecom,10,1,X,MI,88274d8009fffff
261570013002024,25,5,9,4948105,131310,TDS Telecom,10,1,X,MI,88274d8045fffff
261570013002024,50,10,2,4948105,131310,TDS Telecom,10,1,X,MI,88274d8041fffff
261570013002025,0,0,6,4948105,131310,TDS Telecom,10,1,X,MI,88274d801dfffff
261570013002025,10,1,5,4948105,131310,TDS Telecom,10,1,X,MI,88274d8001fffff
261570013002025,25,5,8,4948105,131310,TDS Telecom,10,1,X,MI,88274d801dfffff
261570013002025,50,10,5,4948105,131310,TDS Telecom,10,1,X,MI,88274d8003fffff
261570013002026,0,0,1,4948105,131310,TDS Telecom,10,1,X,MI,88274d8001fffff
261570013002026,25,5,2,4948105,131310,TDS Telecom,10,1,X,MI,88274d8003fffff
261570013002026,50,10,4,4948105,131310,TDS Telecom,10,1,X,MI,88274d8003fffff
261570013002027,25,5,2,4948105,131310,TDS Telecom,10,1,X,MI,88274d8039fffff
261570013002027,50,10,17,4948105,131310,TDS Telecom,10,1,X,MI,88274d8039fffff
261570013002028,0,0,7,4948105,131310,TDS Telecom,10,1,X,MI,88274d8015fffff
261570013002028,10,1,7,4948105,131310,TDS Telecom,10,1,X,MI,88274d8017fffff
261570013002028,25,5,11,4948105,131310,TDS Telecom,10,1,X,MI,88274d8017fffff
261570013002028,50,10,4,4948105,131310,TDS Telecom,10,1,X,MI,88274d8003fffff
261570013003000,10,1,1,4948105,131310,TDS Telecom,10,1,X,MI,88274d8309fffff
261570013003000,25,5,1,4948105,131310,TDS Telecom,10,1,X,MI,88274d830bfffff
261570013003001,10,1,1,4948105,131310,TDS Telecom,10,1,X,MI,88274d8307fffff
261570013003001,25,5,4,4948105,131310,TDS Telecom,10,1,X,MI,88274d8303fffff
261570013003001,50,10,9,4948105,131310,TDS Telecom,10,1,X,MI,88274d8305fffff
261570013003002,10,1,2,4948105,131310,TDS Telecom,10,1,X,MI,88274d8329fffff
261570013003002,25,5,3,4948105,131310,TDS Telecom,10,1,X,MI,88274d8329fffff
261570013003002,50,10,5,4948105,131310,TDS Telecom,10,1,X,MI,88274d8305fffff
261570013003003,0,0,8,4948105,131310,TDS Telecom,10,1,X,MI,88274d8315fffff
261570013003003,10,1,4,4948105,131310,TDS Telecom,10,1,X,MI,88274d8315fffff
261570013003003,25,5,11,4948105,131310,TDS Telecom,10,1,X,MI,88274d8303fffff
261570013003003,50,10,8,4948105,131310,TDS Telecom,10,1,X,MI,88274d8307fffff
261570013003004,10,1,1,4948105,131310,TDS Telecom,10,1,X,MI,88274d833dfffff
261570013003004,25,5,1,4948105,131310,TDS Telecom,10,1,X,MI,88274d8323fffff
261570013003004,50,10,7,4948105,131310,TDS Telecom,10,1,X,MI,88274d8321fffff
261570013003005,0,0,5,4948105,131310,TDS Telecom,10,1,X,MI,88274d8335fffff
261570013003005,10,1,7,4948105,131310,TDS Telecom,10,1,X,MI,88274d8335fffff
261570013003005,25,5,17,4948105,131310,TDS Telecom,10,1,X,MI,88274d8335fffff
261570013003005,50,10,4,4948105,131310,TDS Telecom,10,1,X,MI,88274d8331fffff
261570013003006,0,0,11,4948105,131310,TDS Telecom,10,1,X,MI,88274d8331fffff
261570013003006,10,1,1,4948105,131310,TDS Telecom,10,1,X,MI,88274d833bfffff
261570013003006,50,10,8,4948105,131310,TDS Telecom,10,1,X,MI,88274d8331fffff
261570013003007,10,1,6,4948105,131310,TDS Telecom,10,1,X,MI,88274d833bfffff
261570013003008,0,0,5,4948105,131310,TDS Telecom,10,1,X,MI,88274d8331fffff
261570013003008,10,1,7,4948105,131310,TDS Telecom,10,1,X,MI,88274d833bfffff
261570013003008,25,5,3,4948105,131310,TDS Telecom,10,1,X,MI,88274d8333fffff
261570013003008,50,10,9,4948105,131310,TDS Telecom,10,1,X,MI,88274d8065fffff
261570013003009,0,0,8,4948105,131310,TDS Telecom,10,1,X,MI,88274d8159fffff
261570013003009,10,1,4,4948105,131310,TDS Telecom,10,1,X,MI,88274d8335fffff
261570013003009,25,5,8,4948105,131310,TDS Telecom,10,1,X,MI,88274d8337fffff
261570013003009,50,10,15,4948105,131310,TDS Telecom,10,1,X,MI,88274d8143fffff
261570013003010,25,5,3,4948105,131310,TDS Telecom,10,1,X,MI,88274d8159fffff
261570013003010,50,10,2,4948105,131310,TDS Telecom,10,1,X,MI,88274d8159fffff
261570013003011,25,5,2,4948105,131310,TDS Telecom,10,1,X,MI,88274d8159fffff
261570013003011,50,10,2,4948105,131310,TDS Telecom,10,1,X,MI,88274d8159fffff
261570013003012,0,0,7,4948105,131310,TDS Telecom,10,1,X,MI,88274d8061fffff
261570013003012,10,1,11,4948105,131310,TDS Telecom,10,1,X,MI,88274d8069fffff
261570013003012,25,5,1,4948105,131310,TDS Telecom,10,1,X,MI,88274d8065fffff
261570013003013,0,0,21,4948105,131310,TDS Telecom,10,1,X,MI,88274d815bfffff
261570013003013,10,1,3,4948105,131310,TDS Telecom,10,1,X,MI,88274d8153fffff
261570013003014,10,1,1,4948105,131310,TDS Telecom,10,1,X,MI,88274d8065fffff
261570013003014,25,5,14,4948105,131310,TDS Telecom,10,1,X,MI,88274d815bfffff
261570013003015,0,0,3,4948105,131310,TDS Telecom,10,1,X,MI,88274d8061fffff
261570013003015,25,5,1,4948105,131310,TDS Telecom,10,1,X,MI,88274d8029fffff
261570013003015,50,10,1,4948105,131310,TDS Telecom,10,1,X,MI,88274d8029fffff
261570013003016,25,5,5,4948105,131310,TDS Telecom,10,1,X,MI,88274d8029fffff
261570013003016,50,10,7,4948105,131310,TDS Telecom,10,1,X,MI,88274d8029fffff
261570013003017,10,1,1,4948105,131310,TDS Telecom,10,1,X,MI,88274d8021fffff
261570013003017,25,5,1,4948105,131310,TDS Telecom,10,1,X,MI,88274d8029fffff
261570013003017,50,10,1,4948105,131310,TDS Telecom,10,1,X,MI,88274d8021fffff
261570013003018,0,0,1,4948105,131310,TDS Telecom,10,1,X,MI,88274d8025fffff
261570013003018,10,1,6,4948105,131310,TDS Telecom,10,1,X,MI,88274d8021fffff
261570013003018,50,10,4,4948105,131310,TDS Telecom,10,1,X,MI,88274d8027fffff
261570013003019,0,0,6,4948105,131310,TDS Telecom,10,1,X,MI,88274d8025fffff
261570013003019,10,1,22,4948105,131310,TDS Telecom,10,1,X,MI,88274d811bfffff
261570013003019,25,5,2,4948105,131310,TDS Telecom,10,1,X,MI,88274d8157fffff
261570013003020,0,0,1,4948105,131310,TDS Telecom,10,1,X,MI,88274d8153fffff
261570013003020,10,1,8,4948105,131310,TDS Telecom,10,1,X,MI,88274d8119fffff
261570013003020,25,5,5,4948105,131310,TDS Telecom,10,1,X,MI,88274d8157fffff
261570013003020,50,10,1,4948105,131310,TDS Telecom,10,1,X,MI,88274d8157fffff
261570013003021,0,0,1,4948105,131310,TDS Telecom,10,1,X,MI,88274d8153fffff
261570013003021,10,1,2,4948105,131310,TDS Telecom,10,1,X,MI,88274d802dfffff
261570013003022,10,1,1,4948105,131310,TDS Telecom,10,1,X,MI,88274d81c9fffff
261570013003022,25,5,1,4948105,131310,TDS Telecom,10,1,X,MI,88274d8027fffff
261570013003022,50,10,3,4948105,131310,TDS Telecom,10,1,X,MI,88274d8027fffff
261570013003023,10,1,1,4948105,131310,TDS Telecom,10,1,X,MI,88274d81c1fffff
261570013003023,25,5,2,4948105,131310,TDS Telecom,10,1,X,MI,88274d811bfffff
261570013003024,10,1,7,4948105,131310,TDS Telecom,10,1,X,MI,88274d811bfffff
261570013003025,10,1,8,4948105,131310,TDS Telecom,10,1,X,MI,88274d8113fffff
261570013003026,10,1,15,4948105,131310,TDS Telecom,10,1,X,MI,88274d8113fffff
261570013003026,25,5,2,4948105,131310,TDS Telecom,10,1,X,MI,88274d81c1fffff
261570013004000,10,1,5,4948105,131310,TDS Telecom,10,1,X,MI,88274d811dfffff
261570013004001,10,1,5,4948105,131310,TDS Telecom,10,1,X,MI,88274d8115fffff
261570013004002,10,1,9,4948105,131310,TDS Telecom,10,1,X,MI,88274d8103fffff
261570013004002,25,5,2,4948105,131310,TDS Telecom,10,1,X,MI,88274d813bfffff
261570013004002,50,10,10,4948105,131310,TDS Telecom,10,1,X,MI,88274d8131fffff
261570013004003,25,5,2,4948105,131310,TDS Telecom,10,1,X,MI,88274d8107fffff
261570013004003,50,10,11,4948105,131310,TDS Telecom,10,1,X,MI,88274d813dfffff
261570013004004,10,1,15,4948105,131310,TDS Telecom,10,1,X,MI,88274d8127fffff
261570013004004,25,5,12,4948105,131310,TDS Telecom,10,1,X,MI,88274d8123fffff
261570013004004,50,10,12,4948105,131310,TDS Telecom,10,1,X,MI,88274d8ac9fffff
261570013004005,10,1,30,4948105,131310,TDS Telecom,10,1,X,MI,88274d8a13fffff
261570013004005,25,5,14,4948105,131310,TDS Telecom,10,1,X,MI,88274d8ac9fffff
261570013004005,50,10,14,4948105,131310,TDS Telecom,10,1,X,MI,88274d8ac1fffff
261570013004006,10,1,4,4948105,131310,TDS Telecom,10,1,X,MI,88274d8a11fffff
261570013004007,0,0,5,4948105,131310,TDS Telecom,10,1,X,MI,88274d8a17fffff
261570013004007,10,1,12,4948105,131310,TDS Telecom,10,1,X,MI,88274d8a17fffff
261570013004008,10,1,8,4948105,131310,TDS Telecom,10,1,X,MI,88274d8ac3fffff
261570013004008,25,5,40,4948105,131310,TDS Telecom,10,1,X,MI,88274d8addfffff
261570013004008,50,10,59,4948105,131310,TDS Telecom,10,1,X,MI,88274d8ac9fffff
261570013004009,25,5,5,4948105,131310,TDS Telecom,10,1,X,MI,88274d8addfffff
261570013004009,50,10,26,4948105,131310,TDS Telecom,10,1,X,MI,88274d8addfffff
261570013004010,25,5,6,4948105,131310,TDS Telecom,10,1,X,MI,88274d8ac1fffff
261570013004010,50,10,1,4948105,131310,TDS Telecom,10,1,X,MI,88274d8ac1fffff
261570013004011,50,10,1,4948105,131310,TDS Telecom,10,1,X,MI,88274d8137fffff
261570013004012,50,10,2,4948105,131310,TDS Telecom,10,1,X,MI,88274d8133fffff
261570013004013,50,10,10,4948105,131310,TDS Telecom,10,1,X,MI,88274d813bfffff
261570013004015,10,1,7,4948105,131310,TDS Telecom,10,1,X,MI,88274d81e1fffff
261570013004015,50,10,1,4948105,131310,TDS Telecom,10,1,X,MI,88274d8117fffff
261570013004016,10,1,1,4948105,131310,TDS Telecom,10,1,X,MI,88274d8115fffff
261570013004016,25,5,1,4948105,131310,TDS Telecom,10,1,X,MI,88274d8117fffff
261570013004017,10,1,11,4948105,131310,TDS Telecom,10,1,X,MI,88274d8117fffff
261570013004018,10,1,7,4948105,131310,TDS Telecom,10,1,X,MI,88274d8111fffff
261570013004019,0,0,1,4948105,131310,TDS Telecom,10,1,X,MI,88274d81e9fffff
261570013004019,10,1,18,4948105,131310,TDS Telecom,10,1,X,MI,88274d81e9fffff
261570013004019,25,5,1,4948105,131310,TDS Telecom,10,1,X,MI,88274d8117fffff
261570013004020,10,1,5,4948105,131310,TDS Telecom,10,1,X,MI,88274d81ebfffff
261570013004021,0,0,2,4948105,131310,TDS Telecom,10,1,X,MI,88274d8ae3fffff
261570013004021,10,1,20,4948105,131310,TDS Telecom,10,1,X,MI,88274d8ae1fffff
261570013004022,10,1,31,4948105,131310,TDS Telecom,10,1,X,MI,88274d8ac5fffff
261570013004022,25,5,8,4948105,131310,TDS Telecom,10,1,X,MI,88274d8ac1fffff
261570013004022,50,10,1,4948105,131310,TDS Telecom,10,1,X,MI,88274d8ac1fffff
261570013004023,10,1,5,4948105,131310,TDS Telecom,10,1,X,MI,88274d8a13fffff
261570013004024,10,1,1,4948105,131310,TDS Telecom,10,1,X,MI,88274d8ac5fffff
261570013004024,25,5,2,4948105,131310,TDS Telecom,10,1,X,MI,88274d8ac5fffff
261570013004024,50,10,2,4948105,131310,TDS Telecom,10,1,X,MI,88274d8ac1fffff
261570013004025,0,0,11,4948105,131310,TDS Telecom,10,1,X,MI,88274d8ae3fffff
261570013004025,10,1,3,4948105,131310,TDS Telecom,10,1,X,MI,88274d8ae3fffff
261570013004026,10,1,32,4948105,131310,TDS Telecom,10,1,X,MI,88274d8aebfffff
261570013004028,50,10,3,4948105,131310,TDS Telecom,10,1,X,MI,88274d8ad9fffff
