block_geoid,max_advertised_download_speed,max_advertised_upload_speed,count,frn,provider_id,brand_name,technology,low_latency,business_residential_code,state_usps,h3_res8_id
260099601001000,25,3,3,17146051,130309,186networks,72,1,X,MI,88274521d7fffff
260099601001004,25,3,6,17146051,130309,186networks,72,1,X,MI,882745218dfffff
260099601001005,25,3,1,17146051,130309,186networks,72,1,X,MI,88274521e7fffff
260099601001006,25,3,3,17146051,130309,186networks,72,1,X,MI,88274521abfffff
260099601001007,25,3,1,17146051,130309,186networks,72,1,X,MI,8827452183fffff
260099601001009,25,3,4,17146051,130309,186networks,72,1,X,MI,88274521b3fffff
260099601001013,25,3,2,17146051,130309,186networks,72,1,X,MI,8827452195fffff
260099601001016,25,3,9,17146051,130309,186networks,72,1,X,MI,88274521d3fffff
260099601001017,25,3,1,17146051,130309,186networks,72,1,X,MI,88274520a7fffff
260099601001023,25,3,9,17146051,130309,186networks,72,1,X,MI,8827452193fffff
260099601001031,25,3,13,17146051,130309,186networks,72,1,X,MI,8827452193fffff
260099601001032,25,3,2,17146051,130309,186networks,72,1,X,MI,8827452197fffff
260099601001033,25,3,3,17146051,130309,186networks,72,1,X,MI,8827452e69fffff
260099601001034,25,3,13,17146051,130309,186networks,72,1,X,MI,8827452193fffff
260099601001036,25,3,2,17146051,130309,186networks,72,1,X,MI,8827452193fffff
260099601001037,25,3,2,17146051,130309,186networks,72,1,X,MI,8827452193fffff
260099601001043,25,3,1,17146051,130309,186networks,72,1,X,MI,8827452193fffff
260099601001045,25,3,4,17146051,130309,186networks,72,1,X,MI,8827452e61fffff
260099601001046,25,3,1,17146051,130309,186networks,72,1,X,MI,8827452e6dfffff
260099601001048,25,3,2,17146051,130309,186networks,72,1,X,MI,8827452e21fffff
260099601002000,25,3,4,17146051,130309,186networks,72,1,X,MI,88274521a9fffff
260099601002003,25,3,3,17146051,130309,186networks,72,1,X,MI,8827452ad1fffff
260099601002004,25,3,1,17146051,130309,186networks,72,1,X,MI,8827452ad7fffff
260099601002005,25,3,8,17146051,130309,186networks,72,1,X,MI,8827452a8bfffff
260099601002010,25,3,1,17146051,130309,186networks,72,1,X,MI,8827452ad3fffff
260099601002012,25,3,8,17146051,130309,186networks,72,1,X,MI,8827452ad3fffff
260099601002013,25,3,5,17146051,130309,186networks,72,1,X,MI,8827452a8bfffff
260099601002019,25,3,18,17146051,130309,186networks,72,1,X,MI,8827452a91fffff
260099601002020,25,3,14,17146051,130309,186networks,72,1,X,MI,8827452a9dfffff
260099601002027,25,3,21,17146051,130309,186networks,72,1,X,MI,8827452f6dfffff
260099601002029,25,3,7,17146051,130309,186networks,72,1,X,MI,8827452f69fffff
260099601002030,25,3,20,17146051,130309,186networks,72,1,X,MI,8827452a93fffff
260099601002032,25,3,13,17146051,130309,186networks,72,1,X,MI,8827452f6dfffff
260099601002033,25,3,3,17146051,130309,186networks,72,1,X,MI,8827452f63fffff
260099601002034,25,3,26,17146051,130309,186networks,72,1,X,MI,8827452f47fffff
260099601002035,25,3,5,17146051,130309,186networks,72,1,X,MI,8827452a9bfffff
260099601002037,25,3,2,17146051,130309,186networks,72,1,X,MI,88274521a5fffff
260099601002038,25,3,1,17146051,130309,186networks,72,1,X,MI,8827452f05fffff
260099601002039,25,3,1,17146051,130309,186networks,72,1,X,MI,8827452f29fffff
260099601002042,25,3,2,17146051,130309,186networks,72,1,X,MI,8827452f2dfffff
260099601002046,25,3,3,17146051,130309,186networks,72,1,X,MI,8827452f07fffff
260099601002047,25,3,17,17146051,130309,186networks,72,1,X,MI,8827452f39fffff
260099601002048,25,3,3,17146051,130309,186networks,72,1,X,MI,8827452f1dfffff
260099601002049,25,3,6,17146051,130309,186networks,72,1,X,MI,8827452f47fffff
260099601002050,25,3,4,17146051,130309,186networks,72,1,X,MI,8827452f51fffff
260099601002051,25,3,15,17146051,130309,186networks,72,1,X,MI,88274521b3fffff
260099601002052,25,3,1,17146051,130309,186networks,72,1,X,MI,88274521abfffff
260099601002054,25,3,3,17146051,130309,186networks,72,1,X,MI,8827452f3bfffff
260099601002055,25,3,1,17146051,130309,186networks,72,1,X,MI,8827452f17fffff
260099601002056,25,3,1,17146051,130309,186networks,72,1,X,MI,8827452f17fffff
260099601002057,25,3,1,17146051,130309,186networks,72,1,X,MI,8827452f13fffff
260099601002060,25,3,3,17146051,130309,186networks,72,1,X,MI,8827452e25fffff
260099601002070,25,3,1,17146051,130309,186networks,72,1,X,MI,8827452e25fffff
260099601003000,25,3,3,17146051,130309,186networks,72,1,X,MI,8827452e4dfffff
260099601003010,25,3,6,17146051,130309,186networks,72,1,X,MI,8827452e01fffff
260099601003011,25,3,5,17146051,130309,186networks,72,1,X,MI,8827452e49fffff
260099601003012,25,3,2,17146051,130309,186networks,72,1,X,MI,8827452e0bfffff
260099601003014,25,3,4,17146051,130309,186networks,72,1,X,MI,8827452e39fffff
260099601003023,25,3,3,17146051,130309,186networks,72,1,X,MI,8827452e63fffff
260099601003025,25,3,1,17146051,130309,186networks,72,1,X,MI,8827452e21fffff
260099601003026,25,3,1,17146051,130309,186networks,72,1,X,MI,8827452e25fffff
260099601003030,25,3,1,17146051,130309,186networks,72,1,X,MI,8827452c49fffff
260099601003032,25,3,5,17146051,130309,186networks,72,1,X,MI,8827452c41fffff
260099601003032,50,50,1,17146051,130309,186networks,72,1,X,MI,8827452c69fffff
260099601003033,50,50,1,17146051,130309,186networks,72,1,X,MI,8827452f13fffff
260099601003034,25,3,2,17146051,130309,186networks,72,1,X,MI,8827452c69fffff
260099601003034,50,50,1,17146051,130309,186networks,72,1,X,MI,8827452f13fffff
260099601003035,25,3,3,17146051,130309,186networks,72,1,X,MI,8827452c6dfffff
260099601003036,25,3,3,17146051,130309,186networks,72,1,X,MI,8827452f33fffff
260099601003036,50,50,1,17146051,130309,186networks,72,1,X,MI,8827452f33fffff
260099601003037,25,3,11,17146051,130309,186networks,72,1,X,MI,8827452d59fffff
260099601003037,50,50,1,17146051,130309,186networks,72,1,X,MI,8827452f33fffff
260099601003039,25,3,2,17146051,130309,186networks,72,1,X,MI,8827452f39fffff
260099601003051,25,3,2,17146051,130309,186networks,72,1,X,MI,8827452c65fffff
260099601003051,50,50,1,17146051,130309,186networks,72,1,X,MI,8827452c65fffff
260099601003052,25,3,2,17146051,130309,186networks,72,1,X,MI,8827452c65fffff
260099601003053,25,3,2,17146051,130309,186networks,72,1,X,MI,8827452c61fffff
260099601003054,25,3,4,17146051,130309,186networks,72,1,X,MI,8827452c69fffff
260099601003058,25,3,1,17146051,130309,186networks,72,1,X,MI,8827452c65fffff
260099601003062,25,3,1,17146051,130309,186networks,72,1,X,MI,8827452c49fffff
260099601003065,25,3,2,17146051,130309,186networks,72,1,X,MI,8827452e37fffff
260099601003066,25,3,1,17146051,130309,186networks,72,1,X,MI,8827452e37fffff
260099601003068,25,3,1,17146051,130309,186networks,72,1,X,MI,8827452c49fffff
260099601003072,25,3,2,17146051,130309,186networks,72,1,X,MI,8827452c4bfffff
260099601003080,25,3,5,17146051,130309,186networks,72,1,X,MI,8827452e31fffff
260099601003084,25,3,2,17146051,130309,186networks,72,1,X,MI,8827452e15fffff
260099601004004,25,3,2,17146051,130309,186networks,72,1,X,MI,8827452d8dfffff
260099601004014,25,3,8,17146051,130309,186networks,72,1,X,MI,8827452d13fffff
260099601004015,25,3,31,17146051,130309,186networks,72,1,X,MI,8827452d19fffff
260099601004015,50,50,1,17146051,130309,186networks,72,1,X,MI,8827452d19fffff
260099601004016,25,3,4,17146051,130309,186networks,72,1,X,MI,8827452d1dfffff
260099601004018,25,3,2,17146051,130309,186networks,72,1,X,MI,8827452d1dfffff
260099601004019,25,3,9,17146051,130309,186networks,72,1,X,MI,8827452d55fffff
260099601004019,50,50,2,17146051,130309,186networks,72,1,X,MI,8827452d51fffff
260099601004020,25,3,1,17146051,130309,186networks,72,1,X,MI,8827452d55fffff
260099601004021,25,3,9,17146051,130309,186networks,72,1,X,MI,8827452d51fffff
260099601004021,50,50,28,17146051,130309,186networks,72,1,X,MI,8827452d51fffff
260099601004022,25,3,38,17146051,130309,186networks,72,1,X,MI,8827452d1bfffff
260099601004023,25,3,63,17146051,130309,186networks,72,1,X,MI,8827452d19fffff
260099601004023,50,50,1,17146051,130309,186networks,72,1,X,MI,8827452d1bfffff
260099601004024,25,3,10,17146051,130309,186networks,72,1,X,MI,8827452d19fffff
260099601004026,25,3,3,17146051,130309,186networks,72,1,X,MI,8827452d19fffff
260099601004027,25,3,4,17146051,130309,186networks,72,1,X,MI,8827452d19fffff
260099601004029,25,3,28,17146051,130309,186networks,72,1,X,MI,8827452d9dfffff
260099601004029,50,50,20,17146051,130309,186networks,72,1,X,MI,8827452d8bfffff
260099601004030,25,3,2,17146051,130309,186networks,72,1,X,MI,8827452d9dfffff
260099601004031,25,3,2,17146051,130309,186networks,72,1,X,MI,8827452d9dfffff
260099601004032,25,3,7,17146051,130309,186networks,72,1,X,MI,8827452dc7fffff
260099601004032,50,50,6,17146051,130309,186networks,72,1,X,MI,8827452dc7fffff
260099601004034,25,3,41,17146051,130309,186networks,72,1,X,MI,8827452d13fffff
260099601004034,50,50,1,17146051,130309,186networks,72,1,X,MI,8827452dc7fffff
260099601004035,25,3,5,17146051,130309,186networks,72,1,X,MI,8827452d13fffff
260099602001000,25,3,4,17146051,130309,186networks,72,1,X,MI,8827452511fffff
260099602001001,25,3,1,17146051,130309,186networks,72,1,X,MI,882745252bfffff
260099602001009,25,3,1,17146051,130309,186networks,72,1,X,MI,882745253bfffff
260099602001010,25,3,7,17146051,130309,186networks,72,1,X,MI,88274525e1fffff
260099602001011,25,3,1,17146051,130309,186networks,72,1,X,MI,882745251bfffff
260099602001017,25,3,12,17146051,130309,186networks,72,1,X,MI,882745258dfffff
260099602001022,25,3,18,17146051,130309,186networks,72,1,X,MI,88274525c1fffff
260099602001023,25,3,2,17146051,130309,186networks,72,1,X,MI,88274525d9fffff
260099602001032,25,3,4,17146051,130309,186networks,72,1,X,MI,8827452ebdfffff
260099602001034,25,3,3,17146051,130309,186networks,72,1,X,MI,88274525d1fffff
260099602001042,25,3,1,17146051,130309,186networks,72,1,X,MI,88274524a5fffff
260099602001057,25,3,3,17146051,130309,186networks,72,1,X,MI,8827452585fffff
260099602001068,25,3,1,17146051,130309,186networks,72,1,X,MI,88276a5b09fffff
260099602001079,25,3,1,17146051,130309,186networks,72,1,X,MI,88276a5ae3fffff
260099602001081,25,3,2,17146051,130309,186networks,72,1,X,MI,88276a5b07fffff
260099602001087,25,3,4,17146051,130309,186networks,72,1,X,MI,88276a5a85fffff
260099602001122,25,3,8,17146051,130309,186networks,72,1,X,MI,88276a5ab7fffff
260099602001123,25,3,3,17146051,130309,186networks,72,1,X,MI,88276a58c3fffff
260099602001129,25,3,3,17146051,130309,186networks,72,1,X,MI,88276a58d7fffff
260099602001130,25,3,4,17146051,130309,186networks,72,1,X,MI,88276a58d7fffff
260099602001131,25,3,1,17146051,130309,186networks,72,1,X,MI,88276a5895fffff
260099602001133,25,3,12,17146051,130309,186networks,72,1,X,MI,88276a58d9fffff
260099602002037,25,3,1,17146051,130309,186networks,72,1,X,MI,88276a5063fffff
260099602002040,25,3,9,17146051,130309,186networks,72,1,X,MI,88276a5027fffff
260099602002067,25,3,10,17146051,130309,186networks,72,1,X,MI,88276a51e3fffff
260099602002072,25,3,4,17146051,130309,186networks,72,1,X,MI,88276a51cdfffff
260099602002073,25,3,5,17146051,130309,186networks,72,1,X,MI,88276a51c5fffff
260099602002074,25,3,6,17146051,130309,186networks,72,1,X,MI,88276a51c5fffff
260099602002075,25,3,1,17146051,130309,186networks,72,1,X,MI,88276a51c1fffff
260099602002076,25,3,6,17146051,130309,186networks,72,1,X,MI,88276a51c5fffff
260099602002077,25,3,6,17146051,130309,186networks,72,1,X,MI,88276a51cdfffff
260099602002079,25,3,2,17146051,130309,186networks,72,1,X,MI,88276a51cbfffff
260099602002082,25,3,2,17146051,130309,186networks,72,1,X,MI,88276a51ebfffff
260099602002084,25,3,10,17146051,130309,186networks,72,1,X,MI,88276a51c5fffff
260099602002086,25,3,7,17146051,130309,186networks,72,1,X,MI,88276a51c5fffff
260099602002087,25,3,2,17146051,130309,186networks,72,1,X,MI,88276a51c5fffff
260099602002088,25,3,9,17146051,130309,186networks,72,1,X,MI,88276a51c5fffff
260099602002089,25,3,8,17146051,130309,186networks,72,1,X,MI,88276a51c1fffff
260099602002090,25,3,2,17146051,130309,186networks,72,1,X,MI,88276a51c1fffff
260099602002092,25,3,6,17146051,130309,186networks,72,1,X,MI,88276a51c1fffff
260099602002093,25,3,1,17146051,130309,186networks,72,1,X,MI,88276a5a89fffff
260099602002098,25,3,2,17146051,130309,186networks,72,1,X,MI,88276a5a95fffff
260099602002099,25,3,12,17146051,130309,186networks,72,1,X,MI,88276a5a91fffff
260099602002100,25,3,7,17146051,130309,186networks,72,1,X,MI,88276a5a99fffff
260099602002102,25,3,1,17146051,130309,186networks,72,1,X,MI,88276a501dfffff
260099602002104,25,3,1,17146051,130309,186networks,72,1,X,MI,88276a5015fffff
260099602002105,25,3,7,17146051,130309,186networks,72,1,X,MI,88276a5037fffff
260099602002107,25,3,3,17146051,130309,186networks,72,1,X,MI,88276a51c5fffff
260099602003003,25,3,1,17146051,130309,186networks,72,1,X,MI,88274526d3fffff
260099602003006,25,3,1,17146051,130309,186networks,72,1,X,MI,88274526abfffff
260099602003016,25,3,9,17146051,130309,186networks,72,1,X,MI,882745242bfffff
260099602003017,25,3,3,17146051,130309,186networks,72,1,X,MI,882745242bfffff
260099602003018,25,3,4,17146051,130309,186networks,72,1,X,MI,8827452421fffff
260099602003025,25,3,1,17146051,130309,186networks,72,1,X,MI,882745251bfffff
260099602003027,25,3,1,17146051,130309,186networks,72,1,X,MI,88274525cbfffff
260099602003035,25,3,2,17146051,130309,186networks,72,1,X,MI,8827452411fffff
260099602003036,25,3,2,17146051,130309,186networks,72,1,X,MI,882745241dfffff
260099602003040,25,3,2,17146051,130309,186networks,72,1,X,MI,8827452423fffff
260099602003041,25,3,1,17146051,130309,186networks,72,1,X,MI,8827452421fffff
260099602003042,25,3,4,17146051,130309,186networks,72,1,X,MI,88274524c9fffff
260099602003044,25,3,1,17146051,130309,186networks,72,1,X,MI,88274526a1fffff
260099602003052,25,3,1,17146051,130309,186networks,72,1,X,MI,88274524d7fffff
260099602003057,25,3,1,17146051,130309,186networks,72,1,X,MI,88274526b9fffff
260099602003058,25,3,1,17146051,130309,186networks,72,1,X,MI,88274526d5fffff
260099602003094,25,3,1,17146051,130309,186networks,72,1,X,MI,88276a506bfffff
260099603001001,25,3,1,17146051,130309,186networks,72,1,X,MI,8827452e3bfffff
260099603001002,25,3,1,17146051,130309,186networks,72,1,X,MI,8827452eedfffff
260099603001006,25,3,5,17146051,130309,186networks,72,1,X,MI,8827452ea9fffff
260099603001007,25,3,7,17146051,130309,186networks,72,1,X,MI,8827452ea9fffff
260099603001008,25,3,4,17146051,130309,186networks,72,1,X,MI,8827452ea9fffff
260099603001009,25,3,1,17146051,130309,186networks,72,1,X,MI,8827452eabfffff
260099603001013,25,3,3,17146051,130309,186networks,72,1,X,MI,8827452eabfffff
260099603001014,25,3,3,17146051,130309,186networks,72,1,X,MI,8827452eabfffff
260099603001015,25,3,1,17146051,130309,186networks,72,1,X,MI,8827452eb5fffff
260099603001021,25,3,1,17146051,130309,186networks,72,1,X,MI,88276a5b67fffff
260099603001024,25,3,2,17146051,130309,186networks,72,1,X,MI,88276a5b05fffff
260099603003006,25,3,1,17146051,130309,186networks,72,1,X,MI,88274196d1fffff
260099603003007,25,3,1,17146051,130309,186networks,72,1,X,MI,88274196cbfffff
260099603003008,25,3,7,17146051,130309,186networks,72,1,X,MI,88276a5923fffff
260099603003009,25,3,5,17146051,130309,186networks,72,1,X,MI,88276a5923fffff
260099603003018,25,3,8,17146051,130309,186networks,72,1,X,MI,88274196d7fffff
260099603003019,25,3,1,17146051,130309,186networks,72,1,X,MI,8827419691fffff
260099603004000,25,3,7,17146051,130309,186networks,72,1,X,MI,8827452c09fffff
260099603004001,25,3,5,17146051,130309,186networks,72,1,X,MI,8827452c0dfffff
260099603004001,50,50,1,17146051,130309,186networks,72,1,X,MI,8827452c0dfffff
260099603004002,25,3,3,17146051,130309,186networks,72,1,X,MI,8827452c61fffff
260099603004002,50,50,4,17146051,130309,186networks,72,1,X,MI,8827452c6bfffff
260099603004009,25,3,4,17146051,130309,186networks,72,1,X,MI,8827452c07fffff
260099603004009,50,50,5,17146051,130309,186networks,72,1,X,MI,8827452c05fffff
260099603004010,25,3,11,17146051,130309,186networks,72,1,X,MI,8827452c0bfffff
260099603004010,50,50,1,17146051,130309,186networks,72,1,X,MI,8827452c39fffff
260099603004011,25,3,2,17146051,130309,186networks,72,1,X,MI,8827452c03fffff
260099603004019,25,3,1,17146051,130309,186networks,72,1,X,MI,8827452c3bfffff
260099603004020,25,3,1,17146051,130309,186networks,72,1,X,MI,8827452c39fffff
260099603004022,25,3,2,17146051,130309,186networks,72,1,X,MI,8827452c07fffff
260099603004022,50,50,1,17146051,130309,186networks,72,1,X,MI,8827452c07fffff
260099603004024,25,3,3,17146051,130309,186networks,72,1,X,MI,8827452c3bfffff
260099604011002,25,3,7,17146051,130309,186networks,72,1,X,MI,88276a5827fffff
260099604011003,25,3,2,17146051,130309,186networks,72,1,X,MI,88276a5827fffff
260099604011004,25,3,15,17146051,130309,186networks,72,1,X,MI,88276a5953fffff
260099604011005,25,3,30,17146051,130309,186networks,72,1,X,MI,88276a59c9fffff
260099604011006,25,3,84,17146051,130309,186networks,72,1,X,MI,88276a59c5fffff
260099604011008,25,3,1,17146051,130309,186networks,72,1,X,MI,88276a59cbfffff
260099604011010,25,3,1,17146051,130309,186networks,72,1,X,MI,88276a59cbfffff
260099604011011,25,3,2,17146051,130309,186networks,72,1,X,MI,88276a59cbfffff
260099604011012,25,3,2,17146051,130309,186networks,72,1,X,MI,88276a59cbfffff
260099604011013,25,3,1,17146051,130309,186networks,72,1,X,MI,88276a59cbfffff
260099604011014,25,3,2,17146051,130309,186networks,72,1,X,MI,88276a59ddfffff
260099604011015,25,3,9,17146051,130309,186networks,72,1,X,MI,88276a59d7fffff
260099604011017,25,3,5,17146051,130309,186networks,72,1,X,MI,88276a59d9fffff
260099604011026,25,3,8,17146051,130309,186networks,72,1,X,MI,88276a598bfffff
260099604011034,25,3,6,17146051,130309,186networks,72,1,X,MI,88276a58b9fffff
260099604011035,25,3,1,17146051,130309,186networks,72,1,X,MI,88276a58b9fffff
260099604012000,25,3,23,17146051,130309,186networks,72,1,X,MI,88276a595bfffff
260099604012002,25,3,1,17146051,130309,186networks,72,1,X,MI,88276a5953fffff
260099604012003,25,3,3,17146051,130309,186networks,72,1,X,MI,88276a582dfffff
260099604012005,25,3,7,17146051,130309,186networks,72,1,X,MI,88276a583dfffff
260099604012006,25,3,3,17146051,130309,186networks,72,1,X,MI,88276a5815fffff
260099604012010,25,3,1,17146051,130309,186networks,72,1,X,MI,88276a5815fffff
260099604012011,25,3,2,17146051,130309,186networks,72,1,X,MI,88276a583dfffff
260099604012014,25,3,2,17146051,130309,186networks,72,1,X,MI,88276a5837fffff
260099604012016,25,3,2,17146051,130309,186networks,72,1,X,MI,88276a5831fffff
260099604012017,25,3,4,17146051,130309,186networks,72,1,X,MI,88276a583bfffff
260099604012018,25,3,9,17146051,130309,186networks,72,1,X,MI,88276a583bfffff
260099604012025,25,3,1,17146051,130309,186networks,72,1,X,MI,88276a59d9fffff
260099604012026,25,3,1,17146051,130309,186networks,72,1,X,MI,88276a5833fffff
260099604012031,25,3,9,17146051,130309,186networks,72,1,X,MI,88276a58edfffff
260099604012051,25,3,2,17146051,130309,186networks,72,1,X,MI,88276a58e5fffff
260099604021001,25,3,19,17146051,130309,186networks,72,1,X,MI,88276a586dfffff
260099604021003,25,3,2,17146051,130309,186networks,72,1,X,MI,88276a5b31fffff
260099604021018,25,3,12,17146051,130309,186networks,72,1,X,MI,88276a5955fffff
260099604021020,25,3,1,17146051,130309,186networks,72,1,X,MI,88276a5b27fffff
260099604021024,25,3,18,17146051,130309,186networks,72,1,X,MI,88276a594bfffff
260099604021025,25,3,5,17146051,130309,186networks,72,1,X,MI,88276a5955fffff
260099604021026,25,3,3,17146051,130309,186networks,72,1,X,MI,88276a5901fffff
260099604021027,25,3,1,17146051,130309,186networks,72,1,X,MI,88276a5903fffff
260099604021028,25,3,28,17146051,130309,186networks,72,1,X,MI,88276a590bfffff
260099604021029,25,3,9,17146051,130309,186networks,72,1,X,MI,88276a590bfffff
260099604021030,25,3,5,17146051,130309,186networks,72,1,X,MI,88276a590bfffff
260099604021031,25,3,6,17146051,130309,186networks,72,1,X,MI,88276a590bfffff
260099604021032,25,3,6,17146051,130309,186networks,72,1,X,MI,88276a5955fffff
260099604021033,25,3,3,17146051,130309,186networks,72,1,X,MI,88276a5955fffff
260099604021034,25,3,3,17146051,130309,186networks,72,1,X,MI,88276a5955fffff
260099604021035,25,3,38,17146051,130309,186networks,72,1,X,MI,88276a5955fffff
260099604021036,25,3,6,17146051,130309,186networks,72,1,X,MI,88276a5955fffff
260099604021037,25,3,3,17146051,130309,186networks,72,1,X,MI,88276a5957fffff
260099604021038,25,3,25,17146051,130309,186networks,72,1,X,MI,88276a5955fffff
260099604021039,25,3,9,17146051,130309,186networks,72,1,X,MI,88276a5957fffff
260099604021040,25,3,5,17146051,130309,186networks,72,1,X,MI,88276a5957fffff
260099604021043,25,3,1,17146051,130309,186networks,72,1,X,MI,88276a5959fffff
260099604021051,25,3,7,17146051,130309,186networks,72,1,X,MI,88276a5957fffff
260099604021052,25,3,5,17146051,130309,186networks,72,1,X,MI,88276a5957fffff
260099604021053,25,3,4,17146051,130309,186networks,72,1,X,MI,88276a5957fffff
260099604021054,25,3,4,17146051,130309,186networks,72,1,X,MI,88276a5955fffff
260099604021055,25,3,7,17146051,130309,186networks,72,1,X,MI,88276a5955fffff
260099604021056,25,3,6,17146051,130309,186networks,72,1,X,MI,88276a5955fffff
260099604021058,25,3,1,17146051,130309,186networks,72,1,X,MI,88276a5957fffff
260099604021059,25,3,61,17146051,130309,186networks,72,1,X,MI,88276a5957fffff
260099604021060,25,3,9,17146051,130309,186networks,72,1,X,MI,88276a5957fffff
260099604021061,25,3,7,17146051,130309,186networks,72,1,X,MI,88276a5953fffff
260099604021063,25,3,9,17146051,130309,186networks,72,1,X,MI,88276a5957fffff
260099604021064,25,3,2,17146051,130309,186networks,72,1,X,MI,88276a5957fffff
260099604021065,25,3,6,17146051,130309,186networks,72,1,X,MI,88276a5957fffff
260099604021066,25,3,4,17146051,130309,186networks,72,1,X,MI,88276a5957fffff
260099604021067,25,3,1,17146051,130309,186networks,72,1,X,MI,88276a5957fffff
260099604021068,25,3,3,17146051,130309,186networks,72,1,X,MI,88276a5957fffff
260099604021069,25,3,8,17146051,130309,186networks,72,1,X,MI,88276a5957fffff
260099604021070,25,3,4,17146051,130309,186networks,72,1,X,MI,88276a5953fffff
260099604021071,25,3,7,17146051,130309,186networks,72,1,X,MI,88276a5953fffff
260099604021072,25,3,8,17146051,130309,186networks,72,1,X,MI,88276a5953fffff
260099604021073,25,3,5,17146051,130309,186networks,72,1,X,MI,88276a5953fffff
260099604021074,25,3,7,17146051,130309,186networks,72,1,X,MI,88276a5957fffff
260099604021075,25,3,6,17146051,130309,186networks,72,1,X,MI,88276a5957fffff
260099604021077,25,3,5,17146051,130309,186networks,72,1,X,MI,88276a5957fffff
260099604021078,25,3,2,17146051,130309,186networks,72,1,X,MI,88276a5955fffff
260099604021079,25,3,7,17146051,130309,186networks,72,1,X,MI,88276a5957fffff
260099604021081,25,3,3,17146051,130309,186networks,72,1,X,MI,88276a5957fffff
260099604022000,25,3,4,17146051,130309,186networks,72,1,X,MI,88276a5953fffff
260099604022001,25,3,6,17146051,130309,186networks,72,1,X,MI,88276a5957fffff
260099604022002,25,3,5,17146051,130309,186networks,72,1,X,MI,88276a5957fffff
260099604022003,25,3,82,17146051,130309,186networks,72,1,X,MI,88276a5957fffff
260099604022004,25,3,3,17146051,130309,186networks,72,1,X,MI,88276a5957fffff
260099604022005,25,3,2,17146051,130309,186networks,72,1,X,MI,88276a5957fffff
260099604022006,25,3,5,17146051,130309,186networks,72,1,X,MI,88276a591dfffff
260099604022007,25,3,5,17146051,130309,186networks,72,1,X,MI,88276a5957fffff
260099604022008,25,3,11,17146051,130309,186networks,72,1,X,MI,88276a591dfffff
260099604022009,25,3,3,17146051,130309,186networks,72,1,X,MI,88276a5957fffff
260099604022010,25,3,4,17146051,130309,186networks,72,1,X,MI,88276a5957fffff
260099604022011,25,3,3,17146051,130309,186networks,72,1,X,MI,88276a5919fffff
260099604022012,25,3,4,17146051,130309,186networks,72,1,X,MI,88276a5919fffff
260099604022014,25,3,2,17146051,130309,186networks,72,1,X,MI,88276a591dfffff
260099604022015,25,3,22,17146051,130309,186networks,72,1,X,MI,88276a590bfffff
260099604022016,25,3,5,17146051,130309,186networks,72,1,X,MI,88276a5903fffff
260099604022018,25,3,7,17146051,130309,186networks,72,1,X,MI,88276a591dfffff
260099604022019,25,3,16,17146051,130309,186networks,72,1,X,MI,88276a5907fffff
260099604022020,25,3,5,17146051,130309,186networks,72,1,X,MI,88276a5907fffff
260099604022021,25,3,1,17146051,130309,186networks,72,1,X,MI,88276a59a9fffff
260099604022023,25,3,121,17146051,130309,186networks,72,1,X,MI,88276a592bfffff
260099604022024,25,3,15,17146051,130309,186networks,72,1,X,MI,88276a5933fffff
260099604022025,25,3,18,17146051,130309,186networks,72,1,X,MI,88274196d3fffff
260099604022027,25,3,11,17146051,130309,186networks,72,1,X,MI,88276a59adfffff
260099604022030,25,3,9,17146051,130309,186networks,72,1,X,MI,88276a59ebfffff
260099604022038,25,3,1,17146051,130309,186networks,72,1,X,MI,88276a4b41fffff
260099604022040,25,3,7,17146051,130309,186networks,72,1,X,MI,88276a4b4dfffff
260099604022047,25,3,7,17146051,130309,186networks,72,1,X,MI,88276a5957fffff
260099605011001,25,3,8,17146051,130309,186networks,72,1,X,MI,8827452d91fffff
260099605011001,50,50,2,17146051,130309,186networks,72,1,X,MI,8827452d91fffff
260099605011002,25,3,36,17146051,130309,186networks,72,1,X,MI,8827452dbbfffff
260099605011002,50,50,2,17146051,130309,186networks,72,1,X,MI,8827452dbbfffff
260099605011003,25,3,7,17146051,130309,186networks,72,1,X,MI,8827452dbbfffff
260099605011004,25,3,5,17146051,130309,186networks,72,1,X,MI,8827419601fffff
260099605011005,25,3,38,17146051,130309,186networks,72,1,X,MI,8827419633fffff
260099605011007,25,3,14,17146051,130309,186networks,72,1,X,MI,882741949dfffff
260099605011007,50,50,5,17146051,130309,186networks,72,1,X,MI,882741948bfffff
260099605011008,25,3,27,17146051,130309,186networks,72,1,X,MI,88274196e5fffff
260099605011009,25,3,66,17146051,130309,186networks,72,1,X,MI,88274196adfffff
260099605011011,25,3,8,17146051,130309,186networks,72,1,X,MI,88274196a5fffff
260099605011014,25,3,3,17146051,130309,186networks,72,1,X,MI,8827419459fffff
260099605011015,25,3,34,17146051,130309,186networks,72,1,X,MI,8827419639fffff
260099605011018,25,3,5,17146051,130309,186networks,72,1,X,MI,8827419663fffff
260099605011020,25,3,78,17146051,130309,186networks,72,1,X,MI,8827419489fffff
260099605011020,50,50,5,17146051,130309,186networks,72,1,X,MI,882741948bfffff
260099605011021,25,3,6,17146051,130309,186networks,72,1,X,MI,8827419481fffff
260099605011022,25,3,2,17146051,130309,186networks,72,1,X,MI,88274194cdfffff
260099605011023,25,3,14,17146051,130309,186networks,72,1,X,MI,8827419489fffff
260099605012002,25,3,30,17146051,130309,186networks,72,1,X,MI,88274194b7fffff
260099605012003,25,3,86,17146051,130309,186networks,72,1,X,MI,8827419483fffff
260099605012003,50,50,40,17146051,130309,186networks,72,1,X,MI,8827419495fffff
260099605012004,25,3,2,17146051,130309,186networks,72,1,X,MI,8827419487fffff
260099605012005,25,3,4,17146051,130309,186networks,72,1,X,MI,88276a4965fffff
260099605012008,25,3,48,17146051,130309,186networks,72,1,X,MI,88276a496dfffff
260099605012011,25,3,89,17146051,130309,186networks,72,1,X,MI,8827419497fffff
260099605012011,50,50,2,17146051,130309,186networks,72,1,X,MI,8827419495fffff
260099605012013,25,3,13,17146051,130309,186networks,72,1,X,MI,8827419487fffff
260099605012016,25,3,4,17146051,130309,186networks,72,1,X,MI,882741949dfffff
260099605012017,25,3,8,17146051,130309,186networks,72,1,X,MI,882741949dfffff
260099605012017,50,50,1,17146051,130309,186networks,72,1,X,MI,882741949dfffff
260099605012019,25,3,2,17146051,130309,186networks,72,1,X,MI,88274194b1fffff
260099605012020,25,3,1,17146051,130309,186networks,72,1,X,MI,8827419495fffff
260099605012020,50,50,1,17146051,130309,186networks,72,1,X,MI,8827419495fffff
260099605012021,25,3,4,17146051,130309,186networks,72,1,X,MI,8827419495fffff
260099605012021,50,50,4,17146051,130309,186networks,72,1,X,MI,8827419495fffff
260099605012022,50,50,1,17146051,130309,186networks,72,1,X,MI,8827419495fffff
260099605012023,25,3,5,17146051,130309,186networks,72,1,X,MI,882741949dfffff
260099605012024,25,3,1,17146051,130309,186networks,72,1,X,MI,8827419495fffff
260099605012024,50,50,3,17146051,130309,186networks,72,1,X,MI,8827419495fffff
260099605012025,25,3,22,17146051,130309,186networks,72,1,X,MI,88274194bbfffff
260099605012025,50,50,1,17146051,130309,186networks,72,1,X,MI,88274194bbfffff
260099605021000,25,3,18,17146051,130309,186networks,72,1,X,MI,88276a58b9fffff
260099605021001,25,3,5,17146051,130309,186networks,72,1,X,MI,88276a58b9fffff
260099605021003,25,3,1,17146051,130309,186networks,72,1,X,MI,88276a5993fffff
260099605021005,25,3,1,17146051,130309,186networks,72,1,X,MI,88276a59bbfffff
260099605021008,25,3,1,17146051,130309,186networks,72,1,X,MI,88276a4b59fffff
260099605021009,25,3,1,17146051,130309,186networks,72,1,X,MI,88276a4b4bfffff
260099605021010,25,3,3,17146051,130309,186networks,72,1,X,MI,88276a4b55fffff
260099605021019,25,3,2,17146051,130309,186networks,72,1,X,MI,88276a4a29fffff
260099605021021,25,3,7,17146051,130309,186networks,72,1,X,MI,88276a58b3fffff
260099605021022,25,3,5,17146051,130309,186networks,72,1,X,MI,88276a58b3fffff
260099605021027,25,3,7,17146051,130309,186networks,72,1,X,MI,88276a4167fffff
260099605021030,25,3,8,17146051,130309,186networks,72,1,X,MI,88276a4163fffff
260099605021031,25,3,19,17146051,130309,186networks,72,1,X,MI,88276a416dfffff
260099605021032,25,3,1,17146051,130309,186networks,72,1,X,MI,88276a4a29fffff
260099605021033,25,3,7,17146051,130309,186networks,72,1,X,MI,88276a4a29fffff
260099605021035,25,3,3,17146051,130309,186networks,72,1,X,MI,88276a4a21fffff
260099605021036,25,3,6,17146051,130309,186networks,72,1,X,MI,88276a412bfffff
260099605021039,25,3,1,17146051,130309,186networks,72,1,X,MI,88276a4a3dfffff
260099605022001,25,3,4,17146051,130309,186networks,72,1,X,MI,88276a4949fffff
260099605022002,25,3,12,17146051,130309,186networks,72,1,X,MI,88276a4b21fffff
260099605022003,25,3,1,17146051,130309,186networks,72,1,X,MI,8827419687fffff
260099605022005,25,3,2,17146051,130309,186networks,72,1,X,MI,88274196bbfffff
260099605022007,25,3,14,17146051,130309,186networks,72,1,X,MI,88276a4b6dfffff
260099605022008,25,3,2,17146051,130309,186networks,72,1,X,MI,8827419695fffff
260099605022012,25,3,5,17146051,130309,186networks,72,1,X,MI,88276a4b61fffff
260099605022013,25,3,15,17146051,130309,186networks,72,1,X,MI,8827419693fffff
260099605022016,25,3,3,17146051,130309,186networks,72,1,X,MI,88276a4b45fffff
260099605022017,25,3,1,17146051,130309,186networks,72,1,X,MI,88276a4b55fffff
260099605022034,25,3,1,17146051,130309,186networks,72,1,X,MI,88276a4b2bfffff
260099605022036,25,3,5,17146051,130309,186networks,72,1,X,MI,88276a4b21fffff
260099606001000,25,3,8,17146051,130309,186networks,72,1,X,MI,8827419665fffff
260099606004029,25,3,1,17146051,130309,186networks,72,1,X,MI,8827418661fffff
260099607011000,25,3,7,17146051,130309,186networks,72,1,X,MI,88276a434dfffff
260099607011002,25,3,11,17146051,130309,186networks,72,1,X,MI,88276a434dfffff
260099607011003,25,3,12,17146051,130309,186networks,72,1,X,MI,88276a5a9bfffff
260099607011004,25,3,8,17146051,130309,186networks,72,1,X,MI,88276a5a95fffff
260099607011005,25,3,3,17146051,130309,186networks,72,1,X,MI,88276a5a95fffff
260099607011006,25,3,5,17146051,130309,186networks,72,1,X,MI,88276a436dfffff
260099607011007,25,3,3,17146051,130309,186networks,72,1,X,MI,88276a4345fffff
260099607011008,25,3,13,17146051,130309,186networks,72,1,X,MI,88276a434dfffff
260099607011011,25,3,14,17146051,130309,186networks,72,1,X,MI,88276a4345fffff
260099607011012,25,3,9,17146051,130309,186networks,72,1,X,MI,88276a4363fffff
260099607011014,25,3,22,17146051,130309,186networks,72,1,X,MI,88276a436bfffff
260099607011015,25,3,1,17146051,130309,186networks,72,1,X,MI,88276a4363fffff
260099607011016,25,3,9,17146051,130309,186networks,72,1,X,MI,88276a5a97fffff
260099607011017,25,3,17,17146051,130309,186networks,72,1,X,MI,88276a4367fffff
260099607011018,25,3,2,17146051,130309,186networks,72,1,X,MI,88276a5ab3fffff
260099607011019,25,3,21,17146051,130309,186networks,72,1,X,MI,88276a58dbfffff
260099607011020,25,3,19,17146051,130309,186networks,72,1,X,MI,88276a58d7fffff
260099607011021,25,3,14,17146051,130309,186networks,72,1,X,MI,88276a5899fffff
260099607011022,25,3,36,17146051,130309,186networks,72,1,X,MI,88276a589bfffff
260099607011023,25,3,27,17146051,130309,186networks,72,1,X,MI,88276a5893fffff
260099607011024,25,3,15,17146051,130309,186networks,72,1,X,MI,88276a414dfffff
260099607011025,25,3,16,17146051,130309,186networks,72,1,X,MI,88276a422dfffff
260099607011026,25,3,7,17146051,130309,186networks,72,1,X,MI,88276a4303fffff
260099607011027,25,3,62,17146051,130309,186networks,72,1,X,MI,88276a4145fffff
260099607011028,25,3,1,17146051,130309,186networks,72,1,X,MI,88276a4147fffff
260099607011029,25,3,27,17146051,130309,186networks,72,1,X,MI,88276a414dfffff
260099607011030,25,3,17,17146051,130309,186networks,72,1,X,MI,88276a414dfffff
260099607011031,25,3,11,17146051,130309,186networks,72,1,X,MI,88276a414dfffff
260099607011032,25,3,2,17146051,130309,186networks,72,1,X,MI,88276a414dfffff
260099607011033,25,3,7,17146051,130309,186networks,72,1,X,MI,88276a414dfffff
260099607011034,25,3,1,17146051,130309,186networks,72,1,X,MI,88276a414dfffff
260099607011035,25,3,1,17146051,130309,186networks,72,1,X,MI,88276a431dfffff
260099607011036,25,3,2,17146051,130309,186networks,72,1,X,MI,88276a4353fffff
260099607011037,25,3,3,17146051,130309,186networks,72,1,X,MI,88276a4225fffff
260099607011042,25,3,11,17146051,130309,186networks,72,1,X,MI,88276a4069fffff
260099607011043,25,3,4,17146051,130309,186networks,72,1,X,MI,88276a4317fffff
260099607011044,25,3,9,17146051,130309,186networks,72,1,X,MI,88276a4069fffff
260099607011045,25,3,23,17146051,130309,186networks,72,1,X,MI,88276a430bfffff
260099607011046,25,3,9,17146051,130309,186networks,72,1,X,MI,88276a4315fffff
260099607011047,25,3,1,17146051,130309,186networks,72,1,X,MI,88276a410dfffff
260099607011048,25,3,5,17146051,130309,186networks,72,1,X,MI,88276a410dfffff
260099607011050,25,3,2,17146051,130309,186networks,72,1,X,MI,88276a410dfffff
260099607011051,25,3,4,17146051,130309,186networks,72,1,X,MI,88276a4147fffff
260099607011053,25,3,1,17146051,130309,186networks,72,1,X,MI,88276a4143fffff
260099607011061,25,3,2,17146051,130309,186networks,72,1,X,MI,88276a4061fffff
260099607012077,25,3,1,17146051,130309,186networks,72,1,X,MI,88276a4263fffff
260099607013001,25,3,1,17146051,130309,186networks,72,1,X,MI,88276a50edfffff
260099607013003,25,3,1,17146051,130309,186networks,72,1,X,MI,88276a51cbfffff
260099607013004,25,3,23,17146051,130309,186networks,72,1,X,MI,88276a51cbfffff
260099607013005,25,3,2,17146051,130309,186networks,72,1,X,MI,88276a51c1fffff
260099607013006,25,3,6,17146051,130309,186networks,72,1,X,MI,88276a51c1fffff
260099607013007,25,3,9,17146051,130309,186networks,72,1,X,MI,88276a51c1fffff
260099607013008,25,3,12,17146051,130309,186networks,72,1,X,MI,88276a51c1fffff
260099607013009,25,3,8,17146051,130309,186networks,72,1,X,MI,88276a51c1fffff
260099607013010,25,3,5,17146051,130309,186networks,72,1,X,MI,88276a51c7fffff
260099607013013,25,3,4,17146051,130309,186networks,72,1,X,MI,88276a51ebfffff
260099607013014,25,3,3,17146051,130309,186networks,72,1,X,MI,88276a51d5fffff
260099607013015,25,3,1,17146051,130309,186networks,72,1,X,MI,88276a51ddfffff
260099607013016,25,3,10,17146051,130309,186networks,72,1,X,MI,88276a51ddfffff
260099607013017,25,3,1,17146051,130309,186networks,72,1,X,MI,88276a5185fffff
260099607013019,25,3,4,17146051,130309,186networks,72,1,X,MI,88276a51e3fffff
260099607013022,25,3,5,17146051,130309,186networks,72,1,X,MI,88276a51abfffff
260099607013073,25,3,3,17146051,130309,186networks,72,1,X,MI,88276a51abfffff
260099607013088,25,3,10,17146051,130309,186networks,72,1,X,MI,88276a4341fffff
260099607013089,25,3,15,17146051,130309,186networks,72,1,X,MI,88276a4349fffff
260099607021000,25,3,12,17146051,130309,186networks,72,1,X,MI,88276a4305fffff
260099607021001,25,3,8,17146051,130309,186networks,72,1,X,MI,88276a4329fffff
260099607021003,25,3,3,17146051,130309,186networks,72,1,X,MI,88276a4329fffff
260099607021004,25,3,7,17146051,130309,186networks,72,1,X,MI,88276a432dfffff
260099607021005,25,3,22,17146051,130309,186networks,72,1,X,MI,88276a432dfffff
260099607021006,25,3,31,17146051,130309,186networks,72,1,X,MI,88276a4329fffff
260099607021007,25,3,14,17146051,130309,186networks,72,1,X,MI,88276a4305fffff
260099607021009,25,3,1,17146051,130309,186networks,72,1,X,MI,88276a4307fffff
260099607021010,25,3,6,17146051,130309,186networks,72,1,X,MI,88276a432bfffff
260099607021011,25,3,15,17146051,130309,186networks,72,1,X,MI,88276a432bfffff
260099607021012,25,3,7,17146051,130309,186networks,72,1,X,MI,88276a4329fffff
260099607021013,25,3,7,17146051,130309,186networks,72,1,X,MI,88276a4329fffff
260099607021014,25,3,21,17146051,130309,186networks,72,1,X,MI,88276a432dfffff
260099607021015,25,3,5,17146051,130309,186networks,72,1,X,MI,88276a4321fffff
260099607021016,25,3,3,17146051,130309,186networks,72,1,X,MI,88276a432bfffff
260099607021017,25,3,5,17146051,130309,186networks,72,1,X,MI,88276a432bfffff
260099607021018,25,3,12,17146051,130309,186networks,72,1,X,MI,88276a432bfffff
260099607021019,25,3,11,17146051,130309,186networks,72,1,X,MI,88276a432bfffff
260099607021020,25,3,12,17146051,130309,186networks,72,1,X,MI,88276a4321fffff
260099607021021,25,3,5,17146051,130309,186networks,72,1,X,MI,88276a4329fffff
260099607021022,25,3,5,17146051,130309,186networks,72,1,X,MI,88276a4321fffff
260099607021023,25,3,3,17146051,130309,186networks,72,1,X,MI,88276a4321fffff
260099607021024,25,3,10,17146051,130309,186networks,72,1,X,MI,88276a4321fffff
260099607021025,25,3,4,17146051,130309,186networks,72,1,X,MI,88276a432bfffff
260099607021026,25,3,8,17146051,130309,186networks,72,1,X,MI,88276a432bfffff
260099607021027,25,3,2,17146051,130309,186networks,72,1,X,MI,88276a432bfffff
260099607021028,25,3,19,17146051,130309,186networks,72,1,X,MI,88276a4321fffff
260099607021029,25,3,12,17146051,130309,186networks,72,1,X,MI,88276a4321fffff
260099607021030,25,3,7,17146051,130309,186networks,72,1,X,MI,88276a4321fffff
260099607021031,25,3,8,17146051,130309,186networks,72,1,X,MI,88276a432bfffff
260099607021032,25,3,10,17146051,130309,186networks,72,1,X,MI,88276a432bfffff
260099607021033,25,3,9,17146051,130309,186networks,72,1,X,MI,88276a432bfffff
260099607021034,25,3,3,17146051,130309,186networks,72,1,X,MI,88276a4339fffff
260099607021038,25,3,4,17146051,130309,186networks,72,1,X,MI,88276a4323fffff
260099607021039,25,3,18,17146051,130309,186networks,72,1,X,MI,88276a4149fffff
260099607021042,25,3,2,17146051,130309,186networks,72,1,X,MI,88276a4149fffff
260099607021044,25,3,4,17146051,130309,186networks,72,1,X,MI,88276a4327fffff
260099607021045,25,3,8,17146051,130309,186networks,72,1,X,MI,88276a4327fffff
260099607022000,25,3,14,17146051,130309,186networks,72,1,X,MI,88276a432dfffff
260099607022001,25,3,19,17146051,130309,186networks,72,1,X,MI,88276a432dfffff
260099607022002,25,3,8,17146051,130309,186networks,72,1,X,MI,88276a432dfffff
260099607022003,25,3,2,17146051,130309,186networks,72,1,X,MI,88276a432dfffff
260099607022004,25,3,12,17146051,130309,186networks,72,1,X,MI,88276a4325fffff
260099607022005,25,3,11,17146051,130309,186networks,72,1,X,MI,88276a4325fffff
260099607022006,25,3,2,17146051,130309,186networks,72,1,X,MI,88276a432dfffff
260099607022007,25,3,6,17146051,130309,186networks,72,1,X,MI,88276a4321fffff
260099607022008,25,3,11,17146051,130309,186networks,72,1,X,MI,88276a4321fffff
260099607022009,25,3,10,17146051,130309,186networks,72,1,X,MI,88276a4321fffff
260099607022010,25,3,7,17146051,130309,186networks,72,1,X,MI,88276a4321fffff
260099607022011,25,3,1,17146051,130309,186networks,72,1,X,MI,88276a4321fffff
260099607022012,25,3,1,17146051,130309,186networks,72,1,X,MI,88276a4321fffff
260099607022013,25,3,4,17146051,130309,186networks,72,1,X,MI,88276a4321fffff
260099607022014,25,3,3,17146051,130309,186networks,72,1,X,MI,88276a4321fffff
260099607022015,25,3,6,17146051,130309,186networks,72,1,X,MI,88276a4321fffff
260099607022016,25,3,6,17146051,130309,186networks,72,1,X,MI,88276a4321fffff
260099607022017,25,3,8,17146051,130309,186networks,72,1,X,MI,88276a4321fffff
260099607022018,25,3,5,17146051,130309,186networks,72,1,X,MI,88276a4321fffff
260099607022019,25,3,5,17146051,130309,186networks,72,1,X,MI,88276a4321fffff
260099607022020,25,3,3,17146051,130309,186networks,72,1,X,MI,88276a4321fffff
260099607022021,25,3,9,17146051,130309,186networks,72,1,X,MI,88276a432dfffff
260099607022022,25,3,12,17146051,130309,186networks,72,1,X,MI,88276a4325fffff
260099607022023,25,3,16,17146051,130309,186networks,72,1,X,MI,88276a4325fffff
260099607022024,25,3,4,17146051,130309,186networks,72,1,X,MI,88276a4325fffff
260099607022025,25,3,8,17146051,130309,186networks,72,1,X,MI,88276a4325fffff
260099607022026,25,3,8,17146051,130309,186networks,72,1,X,MI,88276a4321fffff
260099607022027,25,3,8,17146051,130309,186networks,72,1,X,MI,88276a4321fffff
260099607022028,25,3,1,17146051,130309,186networks,72,1,X,MI,88276a4321fffff
260099607022029,25,3,13,17146051,130309,186networks,72,1,X,MI,88276a4321fffff
260099607022030,25,3,1,17146051,130309,186networks,72,1,X,MI,88276a4321fffff
260099607022031,25,3,4,17146051,130309,186networks,72,1,X,MI,88276a4321fffff
260099607022032,25,3,5,17146051,130309,186networks,72,1,X,MI,88276a4321fffff
260099607022033,25,3,7,17146051,130309,186networks,72,1,X,MI,88276a4321fffff
260099607022034,25,3,7,17146051,130309,186networks,72,1,X,MI,88276a4321fffff
260099607022035,25,3,14,17146051,130309,186networks,72,1,X,MI,88276a4321fffff
260099607022036,25,3,7,17146051,130309,186networks,72,1,X,MI,88276a4321fffff
260099607022038,25,3,9,17146051,130309,186networks,72,1,X,MI,88276a4321fffff
260099607022040,25,3,5,17146051,130309,186networks,72,1,X,MI,88276a4321fffff
260099607022041,25,3,3,17146051,130309,186networks,72,1,X,MI,88276a4321fffff
260099607022042,25,3,12,17146051,130309,186networks,72,1,X,MI,88276a4321fffff
260099607022043,25,3,26,17146051,130309,186networks,72,1,X,MI,88276a4327fffff
260099607022044,25,3,12,17146051,130309,186networks,72,1,X,MI,88276a4321fffff
260099607022045,25,3,7,17146051,130309,186networks,72,1,X,MI,88276a4325fffff
260099607022046,25,3,7,17146051,130309,186networks,72,1,X,MI,88276a4321fffff
260099607022047,25,3,5,17146051,130309,186networks,72,1,X,MI,88276a4321fffff
260099607022048,25,3,5,17146051,130309,186networks,72,1,X,MI,88276a4321fffff
260099607022049,25,3,2,17146051,130309,186networks,72,1,X,MI,88276a4321fffff
260099607022051,25,3,3,17146051,130309,186networks,72,1,X,MI,88276a4321fffff
260099607022052,25,3,6,17146051,130309,186networks,72,1,X,MI,88276a4321fffff
260099607022053,25,3,4,17146051,130309,186networks,72,1,X,MI,88276a4321fffff
260099607022054,25,3,8,17146051,130309,186networks,72,1,X,MI,88276a4321fffff
260099607022055,25,3,3,17146051,130309,186networks,72,1,X,MI,88276a4321fffff
260099607022056,25,3,10,17146051,130309,186networks,72,1,X,MI,88276a4327fffff
260099607022057,25,3,7,17146051,130309,186networks,72,1,X,MI,88276a4327fffff
260099607022058,25,3,13,17146051,130309,186networks,72,1,X,MI,88276a4321fffff
260190001012031,25,3,2,17146051,130309,186networks,72,1,X,MI,882741154dfffff
260290002001058,25,3,1,17146051,130309,186networks,72,1,X,MI,88274536a3fffff
260290002001059,25,3,4,17146051,130309,186networks,72,1,X,MI,882745348dfffff
260290002001082,25,3,2,17146051,130309,186networks,72,1,X,MI,88274534c7fffff
260290002001083,25,3,21,17146051,130309,186networks,72,1,X,MI,8827453485fffff
260290002001085,25,3,2,17146051,130309,186networks,72,1,X,MI,88274534e3fffff
260290003001006,25,3,1,17146051,130309,186networks,72,1,X,MI,8827453723fffff
260290003001007,25,3,1,17146051,130309,186networks,72,1,X,MI,8827453723fffff
260290003001008,25,3,3,17146051,130309,186networks,72,1,X,MI,882745309bfffff
260290003001016,25,3,5,17146051,130309,186networks,72,1,X,MI,8827453551fffff
260290003001020,25,3,2,17146051,130309,186networks,72,1,X,MI,8827453737fffff
260290003001021,25,3,44,17146051,130309,186networks,72,1,X,MI,8827453543fffff
260290003001026,25,3,10,17146051,130309,186networks,72,1,X,MI,882745356bfffff
260290003002000,25,3,4,17146051,130309,186networks,72,1,X,MI,882745351dfffff
260290003002002,25,3,76,17146051,130309,186networks,72,1,X,MI,882745350bfffff
260290003002003,25,3,5,17146051,130309,186networks,72,1,X,MI,8827453509fffff
260290003002004,25,3,1,17146051,130309,186networks,72,1,X,MI,882745350bfffff
260290003002005,25,3,1,17146051,130309,186networks,72,1,X,MI,8827453509fffff
260290003002007,25,3,2,17146051,130309,186networks,72,1,X,MI,8827453509fffff
260290003002009,25,3,1,17146051,130309,186networks,72,1,X,MI,882745351dfffff
260290003002011,25,3,12,17146051,130309,186networks,72,1,X,MI,882745351dfffff
260290003002012,25,3,10,17146051,130309,186networks,72,1,X,MI,8827453511fffff
260290003002013,25,3,8,17146051,130309,186networks,72,1,X,MI,882745351dfffff
260290003002014,25,3,9,17146051,130309,186networks,72,1,X,MI,8827453511fffff
260290003002015,25,3,46,17146051,130309,186networks,72,1,X,MI,8827453511fffff
260290003002016,25,3,5,17146051,130309,186networks,72,1,X,MI,8827453511fffff
260290003002017,25,3,8,17146051,130309,186networks,72,1,X,MI,8827453511fffff
260290003002019,25,3,33,17146051,130309,186networks,72,1,X,MI,8827453589fffff
260290003002020,25,3,37,17146051,130309,186networks,72,1,X,MI,8827453589fffff
260290003002021,25,3,2,17146051,130309,186networks,72,1,X,MI,88274535c5fffff
260290003002022,25,3,26,17146051,130309,186networks,72,1,X,MI,88274535c3fffff
260290003002023,25,3,6,17146051,130309,186networks,72,1,X,MI,88274535c5fffff
260290003002024,25,3,16,17146051,130309,186networks,72,1,X,MI,88274535c3fffff
260290003002025,25,3,5,17146051,130309,186networks,72,1,X,MI,88274535ddfffff
260290003002026,25,3,9,17146051,130309,186networks,72,1,X,MI,88274535d5fffff
260290003003013,25,3,5,17146051,130309,186networks,72,1,X,MI,8827453437fffff
260290003003015,25,3,7,17146051,130309,186networks,72,1,X,MI,8827453437fffff
260290003003017,25,3,37,17146051,130309,186networks,72,1,X,MI,88274534edfffff
260290003003018,25,3,2,17146051,130309,186networks,72,1,X,MI,8827453417fffff
260290003003020,25,3,1,17146051,130309,186networks,72,1,X,MI,8827453433fffff
260290003003021,25,3,3,17146051,130309,186networks,72,1,X,MI,88274535d9fffff
260290003003022,25,3,21,17146051,130309,186networks,72,1,X,MI,88274535ddfffff
260290003003023,25,3,1,17146051,130309,186networks,72,1,X,MI,88274535d9fffff
260290003003024,25,3,25,17146051,130309,186networks,72,1,X,MI,88274534e7fffff
260290003003025,25,3,26,17146051,130309,186networks,72,1,X,MI,88274534e7fffff
260290003003026,25,3,6,17146051,130309,186networks,72,1,X,MI,88274535dbfffff
260290004002024,25,3,1,17146051,130309,186networks,72,1,X,MI,8827452259fffff
260290004002025,25,3,8,17146051,130309,186networks,72,1,X,MI,8827452243fffff
260290004002026,25,3,1,17146051,130309,186networks,72,1,X,MI,8827452259fffff
260290004002027,25,3,5,17146051,130309,186networks,72,1,X,MI,882745356bfffff
260290004002028,25,3,6,17146051,130309,186networks,72,1,X,MI,8827453567fffff
260290004002029,25,3,5,17146051,130309,186networks,72,1,X,MI,8827453567fffff
260290004002030,25,3,1,17146051,130309,186networks,72,1,X,MI,8827453565fffff
260290004002031,25,3,1,17146051,130309,186networks,72,1,X,MI,882745356bfffff
260290004003049,25,3,8,17146051,130309,186networks,72,1,X,MI,882745226bfffff
260290004003057,25,3,30,17146051,130309,186networks,72,1,X,MI,8827452253fffff
260290004003058,25,3,29,17146051,130309,186networks,72,1,X,MI,8827453501fffff
260290004003066,25,3,3,17146051,130309,186networks,72,1,X,MI,882745220dfffff
260290004003068,25,3,25,17146051,130309,186networks,72,1,X,MI,8827452209fffff
260290008001032,25,3,1,17146051,130309,186networks,72,1,X,MI,8827452121fffff
260290008001047,25,3,7,17146051,130309,186networks,72,1,X,MI,8827452131fffff
260290008001049,25,3,3,17146051,130309,186networks,72,1,X,MI,882745211dfffff
260290008001051,25,3,3,17146051,130309,186networks,72,1,X,MI,882745215bfffff
260290008001052,25,3,9,17146051,130309,186networks,72,1,X,MI,8827452027fffff
260290008001053,25,3,2,17146051,130309,186networks,72,1,X,MI,8827452157fffff
260290008001054,25,3,3,17146051,130309,186networks,72,1,X,MI,88274521c1fffff
260290008001061,25,3,2,17146051,130309,186networks,72,1,X,MI,8827452135fffff
260290008001069,25,3,4,17146051,130309,186networks,72,1,X,MI,8827452a89fffff
260290008002024,25,3,4,17146051,130309,186networks,72,1,X,MI,8827452313fffff
260290008002027,25,3,3,17146051,130309,186networks,72,1,X,MI,8827452041fffff
260290008002028,25,3,3,17146051,130309,186networks,72,1,X,MI,8827452313fffff
260290008002031,25,3,2,17146051,130309,186networks,72,1,X,MI,8827452313fffff
260290008002033,25,3,3,17146051,130309,186networks,72,1,X,MI,882745215bfffff
260290008002035,25,3,4,17146051,130309,186networks,72,1,X,MI,882745200dfffff
260290008002040,25,3,1,17146051,130309,186networks,72,1,X,MI,8827452047fffff
260290008002041,25,3,2,17146051,130309,186networks,72,1,X,MI,8827452047fffff
260290008002042,25,3,1,17146051,130309,186networks,72,1,X,MI,8827452041fffff
260290008002043,25,3,3,17146051,130309,186networks,72,1,X,MI,8827452055fffff
260290008002046,25,3,4,17146051,130309,186networks,72,1,X,MI,8827452035fffff
260290008002047,25,3,4,17146051,130309,186networks,72,1,X,MI,8827452037fffff
260290008002051,25,3,6,17146051,130309,186networks,72,1,X,MI,882745200bfffff
260290009001003,25,3,14,17146051,130309,186networks,72,1,X,MI,88274522e3fffff
260290009001004,25,3,17,17146051,130309,186networks,72,1,X,MI,8827452233fffff
260290009001005,25,3,4,17146051,130309,186networks,72,1,X,MI,88274522b1fffff
260290009001006,25,3,8,17146051,130309,186networks,72,1,X,MI,8827452289fffff
260290009001007,25,3,6,17146051,130309,186networks,72,1,X,MI,88274522c3fffff
260290009001008,25,3,6,17146051,130309,186networks,72,1,X,MI,88274522c7fffff
260290009001016,25,3,12,17146051,130309,186networks,72,1,X,MI,88274522c5fffff
260290009001021,25,3,6,17146051,130309,186networks,72,1,X,MI,88274522d1fffff
260290009001022,25,3,3,17146051,130309,186networks,72,1,X,MI,88274522dbfffff
260290009001023,25,3,10,17146051,130309,186networks,72,1,X,MI,8827452289fffff
260290009001024,25,3,4,17146051,130309,186networks,72,1,X,MI,88274522d3fffff
260290009001025,25,3,1,17146051,130309,186networks,72,1,X,MI,88274522dbfffff
260290009001029,25,3,1,17146051,130309,186networks,72,1,X,MI,88274535a3fffff
260290009001030,25,3,9,17146051,130309,186networks,72,1,X,MI,88274535a1fffff
260290009001031,25,3,4,17146051,130309,186networks,72,1,X,MI,88274535a1fffff
260290009001032,25,3,2,17146051,130309,186networks,72,1,X,MI,88274535a3fffff
260290009001034,25,3,7,17146051,130309,186networks,72,1,X,MI,88274535bdfffff
260290009001041,25,3,1,17146051,130309,186networks,72,1,X,MI,88274522b3fffff
260290009001042,25,3,4,17146051,130309,186networks,72,1,X,MI,8827452281fffff
260290009001044,25,3,1,17146051,130309,186networks,72,1,X,MI,8827452765fffff
260290009002008,25,3,13,17146051,130309,186networks,72,1,X,MI,8827452223fffff
260290009002011,25,3,25,17146051,130309,186networks,72,1,X,MI,8827452237fffff
260290009002013,25,3,29,17146051,130309,186networks,72,1,X,MI,882745205bfffff
260290009002014,25,3,14,17146051,130309,186networks,72,1,X,MI,8827452059fffff
260290009002016,25,3,3,17146051,130309,186networks,72,1,X,MI,8827452237fffff
260290009002017,25,3,1,17146051,130309,186networks,72,1,X,MI,8827452237fffff
260290009002018,25,3,4,17146051,130309,186networks,72,1,X,MI,8827452235fffff
260290009002021,25,3,21,17146051,130309,186networks,72,1,X,MI,8827452049fffff
260290009002022,25,3,1,17146051,130309,186networks,72,1,X,MI,8827452041fffff
260290009002023,25,3,2,17146051,130309,186networks,72,1,X,MI,8827452049fffff
260290009002025,25,3,11,17146051,130309,186networks,72,1,X,MI,8827452237fffff
260290009002026,25,3,3,17146051,130309,186networks,72,1,X,MI,8827452237fffff
260290009002027,25,3,3,17146051,130309,186networks,72,1,X,MI,8827452237fffff
260290009002028,25,3,4,17146051,130309,186networks,72,1,X,MI,8827452059fffff
260290009002029,25,3,5,17146051,130309,186networks,72,1,X,MI,8827452237fffff
260290009002030,25,3,1,17146051,130309,186networks,72,1,X,MI,8827452237fffff
260290009002031,25,3,1,17146051,130309,186networks,72,1,X,MI,882745205dfffff
260290009002033,25,3,1,17146051,130309,186networks,72,1,X,MI,8827452051fffff
260290009002035,25,3,1,17146051,130309,186networks,72,1,X,MI,8827452041fffff
260290009002039,25,3,8,17146051,130309,186networks,72,1,X,MI,88274522a1fffff
260290009002042,25,3,6,17146051,130309,186networks,72,1,X,MI,8827452011fffff
260290009002043,25,3,22,17146051,130309,186networks,72,1,X,MI,88274522a1fffff
260290009002045,25,3,17,17146051,130309,186networks,72,1,X,MI,88274522b5fffff
260290009002046,25,3,11,17146051,130309,186networks,72,1,X,MI,88274522a9fffff
260290009002048,25,3,26,17146051,130309,186networks,72,1,X,MI,88274520cbfffff
260290009002049,25,3,4,17146051,130309,186networks,72,1,X,MI,88274520cbfffff
260290009002050,25,3,17,17146051,130309,186networks,72,1,X,MI,88274520c3fffff
260290009002051,25,3,12,17146051,130309,186networks,72,1,X,MI,88274520c9fffff
260290009002052,25,3,1,17146051,130309,186networks,72,1,X,MI,88274522a7fffff
260290009002053,25,3,2,17146051,130309,186networks,72,1,X,MI,88274522a7fffff
260290009002055,25,3,7,17146051,130309,186networks,72,1,X,MI,8827452011fffff
260290009002057,25,3,5,17146051,130309,186networks,72,1,X,MI,88274520ebfffff
260290010001000,25,3,3,17146051,130309,186networks,72,1,X,MI,8827452295fffff
260290010001001,25,3,9,17146051,130309,186networks,72,1,X,MI,8827452769fffff
260290010001004,25,3,1,17146051,130309,186networks,72,1,X,MI,8827452769fffff
260290010001006,25,3,16,17146051,130309,186networks,72,1,X,MI,8827452761fffff
260290010001007,25,3,17,17146051,130309,186networks,72,1,X,MI,882745272dfffff
260290010001008,25,3,16,17146051,130309,186networks,72,1,X,MI,8827452763fffff
260290010001009,25,3,3,17146051,130309,186networks,72,1,X,MI,8827452701fffff
260290010001010,25,3,10,17146051,130309,186networks,72,1,X,MI,882745273dfffff
260290010001011,25,3,18,17146051,130309,186networks,72,1,X,MI,882745273dfffff
260290010001012,25,3,1,17146051,130309,186networks,72,1,X,MI,8827452707fffff
260290010001013,25,3,3,17146051,130309,186networks,72,1,X,MI,8827452731fffff
260290010001015,25,3,1,17146051,130309,186networks,72,1,X,MI,882745273dfffff
260290010002003,25,3,1,17146051,130309,186networks,72,1,X,MI,8827452559fffff
260290010002004,25,3,3,17146051,130309,186networks,72,1,X,MI,882745255bfffff
260290010002006,25,3,1,17146051,130309,186networks,72,1,X,MI,882745255bfffff
260290010002007,25,3,2,17146051,130309,186networks,72,1,X,MI,882745255bfffff
260290010002008,25,3,4,17146051,130309,186networks,72,1,X,MI,882745242dfffff
260290010002009,25,3,5,17146051,130309,186networks,72,1,X,MI,882745255bfffff
260290010002011,25,3,7,17146051,130309,186networks,72,1,X,MI,8827452553fffff
260290010002012,25,3,11,17146051,130309,186networks,72,1,X,MI,8827452551fffff
260290010002013,25,3,6,17146051,130309,186networks,72,1,X,MI,8827452551fffff
260290010002014,25,3,5,17146051,130309,186networks,72,1,X,MI,8827452555fffff
260290010002017,25,3,2,17146051,130309,186networks,72,1,X,MI,8827452429fffff
260290010002018,25,3,1,17146051,130309,186networks,72,1,X,MI,8827452519fffff
260290010002019,25,3,7,17146051,130309,186networks,72,1,X,MI,8827452557fffff
260290010002020,25,3,17,17146051,130309,186networks,72,1,X,MI,882745250bfffff
260290010002021,25,3,39,17146051,130309,186networks,72,1,X,MI,8827452547fffff
260290010002022,25,3,25,17146051,130309,186networks,72,1,X,MI,8827452541fffff
260290010002023,25,3,14,17146051,130309,186networks,72,1,X,MI,882745256bfffff
260290010002024,25,3,3,17146051,130309,186networks,72,1,X,MI,8827452561fffff
260290010002025,25,3,1,17146051,130309,186networks,72,1,X,MI,88274520b3fffff
260290010002033,25,3,1,17146051,130309,186networks,72,1,X,MI,8827452e5dfffff
260290010002044,25,3,16,17146051,130309,186networks,72,1,X,MI,8827452505fffff
260290010002045,25,3,5,17146051,130309,186networks,72,1,X,MI,882745252bfffff
260290010002046,25,3,7,17146051,130309,186networks,72,1,X,MI,882745252bfffff
260290010003001,25,3,46,17146051,130309,186networks,72,1,X,MI,88274520d1fffff
260290010003002,25,3,5,17146051,130309,186networks,72,1,X,MI,88274520d5fffff
260290010003003,25,3,10,17146051,130309,186networks,72,1,X,MI,88274520ddfffff
260290010003004,25,3,2,17146051,130309,186networks,72,1,X,MI,88274520c3fffff
260290010003005,25,3,6,17146051,130309,186networks,72,1,X,MI,88274520e3fffff
260290010003007,25,3,3,17146051,130309,186networks,72,1,X,MI,88274520edfffff
260290010003009,25,3,6,17146051,130309,186networks,72,1,X,MI,88274520d5fffff
260290010003012,25,3,2,17146051,130309,186networks,72,1,X,MI,8827452081fffff
260290010003013,25,3,2,17146051,130309,186networks,72,1,X,MI,8827452087fffff
260290010003014,25,3,1,17146051,130309,186networks,72,1,X,MI,88274520a1fffff
260290010003017,25,3,21,17146051,130309,186networks,72,1,X,MI,8827452727fffff
260290010003018,25,3,6,17146051,130309,186networks,72,1,X,MI,882745254dfffff
260290010003019,25,3,39,17146051,130309,186networks,72,1,X,MI,882745209bfffff
260290010003021,25,3,36,17146051,130309,186networks,72,1,X,MI,8827452099fffff
260290010003022,25,3,1,17146051,130309,186networks,72,1,X,MI,882745208bfffff
260290010003023,25,3,39,17146051,130309,186networks,72,1,X,MI,8827452091fffff
260290010003024,25,3,7,17146051,130309,186networks,72,1,X,MI,8827452083fffff
260290010003026,25,3,3,17146051,130309,186networks,72,1,X,MI,88274520abfffff
260290010003029,25,3,6,17146051,130309,186networks,72,1,X,MI,88274520b9fffff
260290010003031,25,3,37,17146051,130309,186networks,72,1,X,MI,882745254dfffff
260290010003032,25,3,9,17146051,130309,186networks,72,1,X,MI,8827452549fffff
260290010003033,25,3,5,17146051,130309,186networks,72,1,X,MI,8827452541fffff
260290010003034,25,3,31,17146051,130309,186networks,72,1,X,MI,8827452549fffff
260290010003035,25,3,27,17146051,130309,186networks,72,1,X,MI,882745254dfffff
260290010003036,25,3,5,17146051,130309,186networks,72,1,X,MI,8827452549fffff
260290010003037,25,3,3,17146051,130309,186networks,72,1,X,MI,88274520d7fffff
260290011001000,25,3,1,17146051,130309,186networks,72,1,X,MI,882745272dfffff
260290011001003,25,3,12,17146051,130309,186networks,72,1,X,MI,8827452721fffff
260290011001004,25,3,8,17146051,130309,186networks,72,1,X,MI,8827452735fffff
260290011001005,25,3,2,17146051,130309,186networks,72,1,X,MI,8827452721fffff
260290011001006,25,3,4,17146051,130309,186networks,72,1,X,MI,8827452721fffff
260290011001007,25,3,6,17146051,130309,186networks,72,1,X,MI,8827452735fffff
260290011001008,25,3,7,17146051,130309,186networks,72,1,X,MI,8827452731fffff
260290011001009,25,3,5,17146051,130309,186networks,72,1,X,MI,8827452735fffff
260290011001010,25,3,7,17146051,130309,186networks,72,1,X,MI,8827452731fffff
260290011001011,25,3,15,17146051,130309,186networks,72,1,X,MI,8827452731fffff
260290011001012,25,3,11,17146051,130309,186networks,72,1,X,MI,8827452731fffff
260290011001013,25,3,7,17146051,130309,186networks,72,1,X,MI,8827452731fffff
260290011001014,25,3,1,17146051,130309,186networks,72,1,X,MI,8827452731fffff
260290011001015,25,3,7,17146051,130309,186networks,72,1,X,MI,8827452731fffff
260290011001016,25,3,7,17146051,130309,186networks,72,1,X,MI,8827452731fffff
260290011001017,25,3,4,17146051,130309,186networks,72,1,X,MI,8827452731fffff
260290011001018,25,3,8,17146051,130309,186networks,72,1,X,MI,8827452731fffff
260290011001020,25,3,28,17146051,130309,186networks,72,1,X,MI,882745254bfffff
260290011001021,25,3,10,17146051,130309,186networks,72,1,X,MI,8827452549fffff
260290011001022,25,3,7,17146051,130309,186networks,72,1,X,MI,8827452735fffff
260290011001023,25,3,4,17146051,130309,186networks,72,1,X,MI,882745254bfffff
260290011001024,25,3,5,17146051,130309,186networks,72,1,X,MI,882745254bfffff
260290011001025,25,3,6,17146051,130309,186networks,72,1,X,MI,882745254bfffff
260290011001026,25,3,16,17146051,130309,186networks,72,1,X,MI,8827452549fffff
260290011001027,25,3,2,17146051,130309,186networks,72,1,X,MI,8827452549fffff
260290011001028,25,3,15,17146051,130309,186networks,72,1,X,MI,8827452549fffff
260290011001029,25,3,11,17146051,130309,186networks,72,1,X,MI,8827452549fffff
260290011001030,25,3,6,17146051,130309,186networks,72,1,X,MI,8827452549fffff
260290011001031,25,3,9,17146051,130309,186networks,72,1,X,MI,8827452549fffff
260290011001032,25,3,4,17146051,130309,186networks,72,1,X,MI,8827452549fffff
260290011001033,25,3,24,17146051,130309,186networks,72,1,X,MI,8827452549fffff
260290011001034,25,3,9,17146051,130309,186networks,72,1,X,MI,8827452549fffff
260290011001035,25,3,17,17146051,130309,186networks,72,1,X,MI,882745254bfffff
260290011001036,25,3,5,17146051,130309,186networks,72,1,X,MI,882745254bfffff
260290011001037,25,3,9,17146051,130309,186networks,72,1,X,MI,882745254bfffff
260290011001038,25,3,6,17146051,130309,186networks,72,1,X,MI,8827452541fffff
260290011001039,25,3,13,17146051,130309,186networks,72,1,X,MI,882745254bfffff
260290011001040,25,3,4,17146051,130309,186networks,72,1,X,MI,8827452555fffff
260290011001042,25,3,5,17146051,130309,186networks,72,1,X,MI,8827452559fffff
260290011001043,25,3,27,17146051,130309,186networks,72,1,X,MI,8827452737fffff
260290011001044,25,3,34,17146051,130309,186networks,72,1,X,MI,8827452733fffff
260290011001046,25,3,2,17146051,130309,186networks,72,1,X,MI,8827452551fffff
260290011001047,25,3,5,17146051,130309,186networks,72,1,X,MI,8827452551fffff
260290011001048,25,3,1,17146051,130309,186networks,72,1,X,MI,8827452555fffff
260290011001049,25,3,3,17146051,130309,186networks,72,1,X,MI,8827452735fffff
260290011001050,25,3,10,17146051,130309,186networks,72,1,X,MI,8827452549fffff
260290011002000,25,3,5,17146051,130309,186networks,72,1,X,MI,8827452729fffff
260290011002001,25,3,18,17146051,130309,186networks,72,1,X,MI,882745273dfffff
260290011002004,25,3,1,17146051,130309,186networks,72,1,X,MI,882745273dfffff
260290011002010,25,3,5,17146051,130309,186networks,72,1,X,MI,882745273dfffff
260290011002011,25,3,4,17146051,130309,186networks,72,1,X,MI,882745273dfffff
260290011002012,25,3,7,17146051,130309,186networks,72,1,X,MI,882745273dfffff
260290011002013,25,3,8,17146051,130309,186networks,72,1,X,MI,882745273dfffff
260290011002014,25,3,6,17146051,130309,186networks,72,1,X,MI,882745273dfffff
260290011002015,25,3,5,17146051,130309,186networks,72,1,X,MI,882745273dfffff
260290011002016,25,3,5,17146051,130309,186networks,72,1,X,MI,882745273dfffff
260290011002017,25,3,4,17146051,130309,186networks,72,1,X,MI,882745273dfffff
260290011002018,25,3,6,17146051,130309,186networks,72,1,X,MI,882745273dfffff
260290011002019,25,3,11,17146051,130309,186networks,72,1,X,MI,882745273dfffff
260290011002020,25,3,6,17146051,130309,186networks,72,1,X,MI,882745273dfffff
260290011002021,25,3,6,17146051,130309,186networks,72,1,X,MI,882745273dfffff
260290011002022,25,3,5,17146051,130309,186networks,72,1,X,MI,882745273dfffff
260290011002023,25,3,5,17146051,130309,186networks,72,1,X,MI,882745273dfffff
260290011002024,25,3,3,17146051,130309,186networks,72,1,X,MI,8827452735fffff
260290011002025,25,3,5,17146051,130309,186networks,72,1,X,MI,8827452735fffff
260290011002026,25,3,6,17146051,130309,186networks,72,1,X,MI,8827452735fffff
260290011002027,25,3,5,17146051,130309,186networks,72,1,X,MI,882745273dfffff
260290011002028,25,3,7,17146051,130309,186networks,72,1,X,MI,882745273dfffff
260290011002029,25,3,13,17146051,130309,186networks,72,1,X,MI,882745273dfffff
260290011002030,25,3,8,17146051,130309,186networks,72,1,X,MI,8827452735fffff
260290011002031,25,3,7,17146051,130309,186networks,72,1,X,MI,8827452735fffff
260290011002033,25,3,10,17146051,130309,186networks,72,1,X,MI,882745273dfffff
260290011002034,25,3,12,17146051,130309,186networks,72,1,X,MI,8827452735fffff
260290011002035,25,3,10,17146051,130309,186networks,72,1,X,MI,8827452735fffff
260290011002036,25,3,7,17146051,130309,186networks,72,1,X,MI,8827452735fffff
260290011002037,25,3,2,17146051,130309,186networks,72,1,X,MI,8827452735fffff
260290011002038,25,3,6,17146051,130309,186networks,72,1,X,MI,8827452735fffff
260290011002039,25,3,2,17146051,130309,186networks,72,1,X,MI,8827452735fffff
260290011002040,25,3,3,17146051,130309,186networks,72,1,X,MI,8827452735fffff
260290011002041,25,3,9,17146051,130309,186networks,72,1,X,MI,8827452735fffff
260290011002042,25,3,12,17146051,130309,186networks,72,1,X,MI,8827452735fffff
260290012001016,25,3,1,17146051,130309,186networks,72,1,X,MI,88276ac965fffff
260290012001022,25,3,3,17146051,130309,186networks,72,1,X,MI,88274534b7fffff
260290012001025,25,3,27,17146051,130309,186networks,72,1,X,MI,88276ac905fffff
260290012001029,25,3,1,17146051,130309,186networks,72,1,X,MI,88276ac905fffff
260290012001030,25,3,3,17146051,130309,186networks,72,1,X,MI,88276ac967fffff
260290012001047,25,3,3,17146051,130309,186networks,72,1,X,MI,88274526c7fffff
260290012001061,25,3,4,17146051,130309,186networks,72,1,X,MI,8827452659fffff
260290012002000,25,3,6,17146051,130309,186networks,72,1,X,MI,8827452601fffff
260290012002002,25,3,13,17146051,130309,186networks,72,1,X,MI,8827452601fffff
260290012002003,25,3,3,17146051,130309,186networks,72,1,X,MI,8827452629fffff
260290012002004,25,3,4,17146051,130309,186networks,72,1,X,MI,8827452667fffff
260290012002005,25,3,1,17146051,130309,186networks,72,1,X,MI,882745275bfffff
260290012002006,25,3,4,17146051,130309,186networks,72,1,X,MI,882745275bfffff
260290012002007,25,3,1,17146051,130309,186networks,72,1,X,MI,8827452625fffff
260290012002010,25,3,6,17146051,130309,186networks,72,1,X,MI,8827452625fffff
260290012002011,25,3,7,17146051,130309,186networks,72,1,X,MI,882745262bfffff
260290012002012,25,3,7,17146051,130309,186networks,72,1,X,MI,8827452623fffff
260290012002019,25,3,12,17146051,130309,186networks,72,1,X,MI,882745263dfffff
260290012002020,25,3,2,17146051,130309,186networks,72,1,X,MI,8827452451fffff
260290012002030,25,3,7,17146051,130309,186networks,72,1,X,MI,882745240dfffff
260290012002034,25,3,1,17146051,130309,186networks,72,1,X,MI,882745240dfffff
260290012002035,25,3,4,17146051,130309,186networks,72,1,X,MI,8827452459fffff
260290012002046,25,3,2,17146051,130309,186networks,72,1,X,MI,88274526ebfffff
260290012002047,25,3,8,17146051,130309,186networks,72,1,X,MI,88274526c7fffff
260290012002054,25,3,4,17146051,130309,186networks,72,1,X,MI,8827452633fffff
260290012003004,25,3,11,17146051,130309,186networks,72,1,X,MI,8827452641fffff
260290012003005,25,3,23,17146051,130309,186networks,72,1,X,MI,8827453593fffff
260290012003007,25,3,23,17146051,130309,186networks,72,1,X,MI,88274535b3fffff
260290012003008,25,3,6,17146051,130309,186networks,72,1,X,MI,88274535b1fffff
260290012003009,25,3,1,17146051,130309,186networks,72,1,X,MI,88274535bdfffff
260290012003013,25,3,3,17146051,130309,186networks,72,1,X,MI,8827452709fffff
260290012003027,25,3,6,17146051,130309,186networks,72,1,X,MI,882745275bfffff
260290012003028,25,3,1,17146051,130309,186networks,72,1,X,MI,882745275bfffff
260290012003031,25,3,4,17146051,130309,186networks,72,1,X,MI,88274535b5fffff
260290012003035,25,3,2,17146051,130309,186networks,72,1,X,MI,8827452667fffff
260290012003036,25,3,1,17146051,130309,186networks,72,1,X,MI,8827452667fffff
260290012003040,25,3,1,17146051,130309,186networks,72,1,X,MI,8827452751fffff
260290012003042,25,3,3,17146051,130309,186networks,72,1,X,MI,882745270bfffff
260290012003046,25,3,6,17146051,130309,186networks,72,1,X,MI,8827452769fffff
260290013001001,25,3,29,17146051,130309,186networks,72,1,X,MI,88274534adfffff
260290013001002,25,3,1,17146051,130309,186networks,72,1,X,MI,88274534a9fffff
260290013001005,25,3,8,17146051,130309,186networks,72,1,X,MI,88274534adfffff
260290013001007,25,3,6,17146051,130309,186networks,72,1,X,MI,88274534a1fffff
260290013001008,25,3,1,17146051,130309,186networks,72,1,X,MI,88274534a1fffff
260290013001009,25,3,17,17146051,130309,186networks,72,1,X,MI,88274534a1fffff
260290013001018,25,3,5,17146051,130309,186networks,72,1,X,MI,88274534a5fffff
260290013001019,25,3,2,17146051,130309,186networks,72,1,X,MI,88274534a5fffff
260290013001028,25,3,1,17146051,130309,186networks,72,1,X,MI,88274534a1fffff
260290013001037,25,3,1,17146051,130309,186networks,72,1,X,MI,88274534adfffff
260290014001000,25,3,12,17146051,130309,186networks,72,1,X,MI,88274535d9fffff
260290014001001,25,3,32,17146051,130309,186networks,72,1,X,MI,88274535d1fffff
260290014001002,25,3,2,17146051,130309,186networks,72,1,X,MI,88274535ddfffff
260290014001003,25,3,13,17146051,130309,186networks,72,1,X,MI,88274535d1fffff
260290014001004,25,3,12,17146051,130309,186networks,72,1,X,MI,88274535d1fffff
260290014001005,25,3,14,17146051,130309,186networks,72,1,X,MI,88274535ddfffff
260290014001006,25,3,10,17146051,130309,186networks,72,1,X,MI,88274535ddfffff
260290014001007,25,3,26,17146051,130309,186networks,72,1,X,MI,88274535d5fffff
260290014001008,25,3,4,17146051,130309,186networks,72,1,X,MI,88274535d5fffff
260290014001009,25,3,25,17146051,130309,186networks,72,1,X,MI,88274535d5fffff
260290014001010,25,3,7,17146051,130309,186networks,72,1,X,MI,88274535d5fffff
260290014001011,25,3,13,17146051,130309,186networks,72,1,X,MI,88274535d1fffff
260290014001012,25,3,27,17146051,130309,186networks,72,1,X,MI,88274535dbfffff
260290014001013,25,3,37,17146051,130309,186networks,72,1,X,MI,88274535d1fffff
260290014001014,25,3,79,17146051,130309,186networks,72,1,X,MI,88274535d1fffff
260290014001015,25,3,13,17146051,130309,186networks,72,1,X,MI,88274535d1fffff
260290014001016,25,3,23,17146051,130309,186networks,72,1,X,MI,88274535d1fffff
260290014001017,25,3,13,17146051,130309,186networks,72,1,X,MI,88274535d1fffff
260290014001018,25,3,25,17146051,130309,186networks,72,1,X,MI,88274535d1fffff
260290014001020,25,3,10,17146051,130309,186networks,72,1,X,MI,88274535d5fffff
260290014001021,25,3,13,17146051,130309,186networks,72,1,X,MI,88274535ddfffff
260290014001024,25,3,7,17146051,130309,186networks,72,1,X,MI,88274535dbfffff
260290014001025,25,3,15,17146051,130309,186networks,72,1,X,MI,88274535dbfffff
260290014001026,25,3,8,17146051,130309,186networks,72,1,X,MI,88274535dbfffff
260290014001031,25,3,1,17146051,130309,186networks,72,1,X,MI,88274535dbfffff
260290014001032,25,3,10,17146051,130309,186networks,72,1,X,MI,88274534adfffff
260290014001033,25,3,19,17146051,130309,186networks,72,1,X,MI,88274535dbfffff
260290014001034,25,3,17,17146051,130309,186networks,72,1,X,MI,88274535dbfffff
260290014001036,25,3,47,17146051,130309,186networks,72,1,X,MI,88274534adfffff
260290014001040,25,3,4,17146051,130309,186networks,72,1,X,MI,88274535d3fffff
260290014001041,25,3,8,17146051,130309,186networks,72,1,X,MI,88274534adfffff
260290014001049,25,3,26,17146051,130309,186networks,72,1,X,MI,88274535d1fffff
260290014001050,25,3,14,17146051,130309,186networks,72,1,X,MI,88274534a9fffff
260290014001053,25,3,10,17146051,130309,186networks,72,1,X,MI,8827453485fffff
260555501011001,25,3,11,17146051,130309,186networks,72,1,X,MI,882741858dfffff
260555501011002,25,3,42,17146051,130309,186networks,72,1,X,MI,8827418581fffff
260555501011004,25,3,5,17146051,130309,186networks,72,1,X,MI,882741858dfffff
260555501011005,25,3,20,17146051,130309,186networks,72,1,X,MI,882741858dfffff
260555501011006,25,3,20,17146051,130309,186networks,72,1,X,MI,8827418587fffff
260555501011007,25,3,18,17146051,130309,186networks,72,1,X,MI,8827418581fffff
260555501011009,25,3,25,17146051,130309,186networks,72,1,X,MI,882741858dfffff
260555501011010,25,3,31,17146051,130309,186networks,72,1,X,MI,88274185a9fffff
260555501011011,25,3,12,17146051,130309,186networks,72,1,X,MI,88274185e3fffff
260555501011012,25,3,3,17146051,130309,186networks,72,1,X,MI,88274185e3fffff
260555501011013,25,3,16,17146051,130309,186networks,72,1,X,MI,88274185ebfffff
260555501011014,25,3,39,17146051,130309,186networks,72,1,X,MI,88274185abfffff
260555501011015,25,3,69,17146051,130309,186networks,72,1,X,MI,88274185abfffff
260555501011016,25,3,27,17146051,130309,186networks,72,1,X,MI,88274185a9fffff
260555501011017,25,3,11,17146051,130309,186networks,72,1,X,MI,88274185a1fffff
260555501011018,25,3,8,17146051,130309,186networks,72,1,X,MI,88274185a1fffff
260555501011019,25,3,5,17146051,130309,186networks,72,1,X,MI,88274185ebfffff
260555501011021,25,3,8,17146051,130309,186networks,72,1,X,MI,88274185abfffff
260555501011022,25,3,16,17146051,130309,186networks,72,1,X,MI,8827418585fffff
260555501011023,25,3,11,17146051,130309,186networks,72,1,X,MI,8827418585fffff
260555501011024,25,3,49,17146051,130309,186networks,72,1,X,MI,88274185a1fffff
260555501011025,25,3,17,17146051,130309,186networks,72,1,X,MI,88274185a1fffff
260555501011026,25,3,48,17146051,130309,186networks,72,1,X,MI,88274185abfffff
260555501011028,25,3,1,17146051,130309,186networks,72,1,X,MI,88274185abfffff
260555501011029,25,3,8,17146051,130309,186networks,72,1,X,MI,88274185abfffff
260555501012010,25,3,159,17146051,130309,186networks,72,1,X,MI,88274185a3fffff
260555501012012,25,3,26,17146051,130309,186networks,72,1,X,MI,88274185bdfffff
260555501012013,25,3,2,17146051,130309,186networks,72,1,X,MI,88274185b1fffff
260555501012015,25,3,19,17146051,130309,186networks,72,1,X,MI,88274185bdfffff
260555501012017,25,3,20,17146051,130309,186networks,72,1,X,MI,8827418587fffff
260555501012018,25,3,16,17146051,130309,186networks,72,1,X,MI,8827418587fffff
260555501012019,25,3,8,17146051,130309,186networks,72,1,X,MI,88274185abfffff
260555501012023,25,3,5,17146051,130309,186networks,72,1,X,MI,88274185abfffff
260555501012025,25,3,2,17146051,130309,186networks,72,1,X,MI,88274185abfffff
260555501013007,25,3,7,17146051,130309,186networks,72,1,X,MI,88274185b7fffff
260555501013022,25,3,3,17146051,130309,186networks,72,1,X,MI,882741bb5dfffff
260555501014000,25,3,3,17146051,130309,186networks,72,1,X,MI,88274184c5fffff
260555501014001,25,3,12,17146051,130309,186networks,72,1,X,MI,8827418413fffff
260555501014002,25,3,1,17146051,130309,186networks,72,1,X,MI,8827418417fffff
260555501014003,25,3,2,17146051,130309,186networks,72,1,X,MI,88274184edfffff
260555501014004,25,3,12,17146051,130309,186networks,72,1,X,MI,88274184edfffff
260555501014005,25,3,8,17146051,130309,186networks,72,1,X,MI,8827418433fffff
260555501014015,25,3,21,17146051,130309,186networks,72,1,X,MI,882741858dfffff
260555501014021,25,3,2,17146051,130309,186networks,72,1,X,MI,88274184e9fffff
260555501014024,25,3,13,17146051,130309,186networks,72,1,X,MI,88274184e9fffff
260555501014025,25,3,6,17146051,130309,186networks,72,1,X,MI,88274184c5fffff
260555501021001,25,3,17,17146051,130309,186networks,72,1,X,MI,88274186e7fffff
260555501021004,25,3,1,17146051,130309,186networks,72,1,X,MI,8827418629fffff
260555501021005,25,3,1,17146051,130309,186networks,72,1,X,MI,8827418667fffff
260555501021006,25,3,3,17146051,130309,186networks,72,1,X,MI,8827418667fffff
260555501021007,25,3,6,17146051,130309,186networks,72,1,X,MI,882741862bfffff
260555501021008,25,3,51,17146051,130309,186networks,72,1,X,MI,8827418639fffff
260555501021008,50,50,5,17146051,130309,186networks,72,1,X,MI,8827418639fffff
260555501021009,25,3,17,17146051,130309,186networks,72,1,X,MI,8827418607fffff
260555501021011,25,3,3,17146051,130309,186networks,72,1,X,MI,8827418637fffff
260555501021012,25,3,21,17146051,130309,186networks,72,1,X,MI,8827418631fffff
260555501021012,50,50,4,17146051,130309,186networks,72,1,X,MI,8827418639fffff
260555501021013,25,3,8,17146051,130309,186networks,72,1,X,MI,8827418637fffff
260555501021014,25,3,6,17146051,130309,186networks,72,1,X,MI,882741844bfffff
260555501021015,25,3,7,17146051,130309,186networks,72,1,X,MI,8827418459fffff
260555501021015,50,50,4,17146051,130309,186networks,72,1,X,MI,88274186e5fffff
260555501021016,25,3,6,17146051,130309,186networks,72,1,X,MI,8827418419fffff
260555501021018,25,3,12,17146051,130309,186networks,72,1,X,MI,88274186a5fffff
260555501021020,25,3,18,17146051,130309,186networks,72,1,X,MI,882741845bfffff
260555501021020,50,50,2,17146051,130309,186networks,72,1,X,MI,882741845bfffff
260555501021022,25,3,2,17146051,130309,186networks,72,1,X,MI,88274186e7fffff
260555501021026,25,3,1,17146051,130309,186networks,72,1,X,MI,88274186a5fffff
260555501021029,25,3,15,17146051,130309,186networks,72,1,X,MI,882741861bfffff
260555501021032,25,3,53,17146051,130309,186networks,72,1,X,MI,88274186cdfffff
260555501021032,50,50,4,17146051,130309,186networks,72,1,X,MI,88274186cdfffff
260555501021033,25,3,4,17146051,130309,186networks,72,1,X,MI,88274186ddfffff
260555501021033,50,50,1,17146051,130309,186networks,72,1,X,MI,88274186ddfffff
260555501021034,25,3,3,17146051,130309,186networks,72,1,X,MI,88274186a1fffff
260555501021035,25,3,1,17146051,130309,186networks,72,1,X,MI,8827418683fffff
260555501021037,25,3,1,17146051,130309,186networks,72,1,X,MI,88274186a3fffff
260555501021038,25,3,2,17146051,130309,186networks,72,1,X,MI,88274186a3fffff
260555501021039,25,3,16,17146051,130309,186networks,72,1,X,MI,88274186a3fffff
260555501021040,25,3,3,17146051,130309,186networks,72,1,X,MI,88274186a7fffff
260555501021041,25,3,12,17146051,130309,186networks,72,1,X,MI,882741869dfffff
260555501021042,25,3,8,17146051,130309,186networks,72,1,X,MI,88274186d5fffff
260555501021042,50,50,1,17146051,130309,186networks,72,1,X,MI,88274186d5fffff
260555501021045,25,3,9,17146051,130309,186networks,72,1,X,MI,882741841dfffff
260555501021046,25,3,1,17146051,130309,186networks,72,1,X,MI,8827418411fffff
260555501021049,25,3,5,17146051,130309,186networks,72,1,X,MI,882741863bfffff
260555501022003,25,3,14,17146051,130309,186networks,72,1,X,MI,8827418719fffff
260555501022006,25,3,135,17146051,130309,186networks,72,1,X,MI,8827418425fffff
260555501022008,25,3,12,17146051,130309,186networks,72,1,X,MI,88274185ebfffff
260555501022009,25,3,1,17146051,130309,186networks,72,1,X,MI,88274185e9fffff
260555501022010,25,3,7,17146051,130309,186networks,72,1,X,MI,8827418513fffff
260555501022012,25,3,31,17146051,130309,186networks,72,1,X,MI,8827418513fffff
260555501022013,25,3,6,17146051,130309,186networks,72,1,X,MI,88274185c5fffff
260555501022014,25,3,8,17146051,130309,186networks,72,1,X,MI,8827418519fffff
260555501022018,25,3,17,17146051,130309,186networks,72,1,X,MI,8827418557fffff
260555501022020,25,3,10,17146051,130309,186networks,72,1,X,MI,882741851bfffff
260555501023001,25,3,1,17146051,130309,186networks,72,1,X,MI,882741871bfffff
260555501023002,25,3,2,17146051,130309,186networks,72,1,X,MI,882741871bfffff
260555501023003,25,3,5,17146051,130309,186networks,72,1,X,MI,8827418441fffff
260555501023004,25,3,7,17146051,130309,186networks,72,1,X,MI,8827418445fffff
260555501023006,25,3,4,17146051,130309,186networks,72,1,X,MI,8827418409fffff
260555501023007,25,3,13,17146051,130309,186networks,72,1,X,MI,8827418407fffff
260555501023008,25,3,3,17146051,130309,186networks,72,1,X,MI,8827418447fffff
260555501023009,25,3,1,17146051,130309,186networks,72,1,X,MI,882741846bfffff
260555501023013,25,3,4,17146051,130309,186networks,72,1,X,MI,8827418405fffff
260555501023016,25,3,8,17146051,130309,186networks,72,1,X,MI,8827418427fffff
260555501023023,25,3,12,17146051,130309,186networks,72,1,X,MI,8827418427fffff
260555501023024,25,3,1,17146051,130309,186networks,72,1,X,MI,8827418427fffff
260555501023026,25,3,28,17146051,130309,186networks,72,1,X,MI,8827418407fffff
260555501023027,25,3,2,17146051,130309,186networks,72,1,X,MI,8827418407fffff
260555501023028,25,3,7,17146051,130309,186networks,72,1,X,MI,882741843bfffff
260555501023029,25,3,100,17146051,130309,186networks,72,1,X,MI,8827418403fffff
260555501023030,25,3,2,17146051,130309,186networks,72,1,X,MI,882741841dfffff
260555501023032,25,3,1,17146051,130309,186networks,72,1,X,MI,8827418417fffff
260555501023038,25,3,10,17146051,130309,186networks,72,1,X,MI,88274185c1fffff
260555501023041,25,3,16,17146051,130309,186networks,72,1,X,MI,88274185c5fffff
260555501023042,25,3,4,17146051,130309,186networks,72,1,X,MI,88274185c5fffff
260555501023043,25,3,1,17146051,130309,186networks,72,1,X,MI,88274185c5fffff
260555501023044,25,3,25,17146051,130309,186networks,72,1,X,MI,88274185ebfffff
260555501023045,25,3,14,17146051,130309,186networks,72,1,X,MI,88274185c5fffff
260555501023046,25,3,12,17146051,130309,186networks,72,1,X,MI,88274185c5fffff
260555501023047,25,3,1,17146051,130309,186networks,72,1,X,MI,88274185cbfffff
260555501023049,25,3,10,17146051,130309,186networks,72,1,X,MI,88274185c5fffff
260555502001000,25,3,4,17146051,130309,186networks,72,1,X,MI,882741869dfffff
260555502001006,25,3,5,17146051,130309,186networks,72,1,X,MI,88274186a3fffff
260555502001008,25,3,4,17146051,130309,186networks,72,1,X,MI,88274184c9fffff
260555502001016,25,3,11,17146051,130309,186networks,72,1,X,MI,88274184cbfffff
260555502001017,25,3,8,17146051,130309,186networks,72,1,X,MI,88274186b7fffff
260555502001034,25,3,1,17146051,130309,186networks,72,1,X,MI,88274186a3fffff
260555503003000,25,3,3,17146051,130309,186networks,72,1,X,MI,882741ab49fffff
260555503003001,25,3,5,17146051,130309,186networks,72,1,X,MI,882741ab4dfffff
260555503003002,25,3,9,17146051,130309,186networks,72,1,X,MI,882741ab69fffff
260555503003003,25,3,19,17146051,130309,186networks,72,1,X,MI,88274116b3fffff
260555503003004,25,3,16,17146051,130309,186networks,72,1,X,MI,88274116b3fffff
260555503003005,25,3,14,17146051,130309,186networks,72,1,X,MI,88274116a7fffff
260555503003006,25,3,1,17146051,130309,186networks,72,1,X,MI,88274114cdfffff
260555503003007,25,3,5,17146051,130309,186networks,72,1,X,MI,882741ab45fffff
260555503003008,25,3,26,17146051,130309,186networks,72,1,X,MI,882741ab63fffff
260555503003009,25,3,14,17146051,130309,186networks,72,1,X,MI,882741ab6dfffff
260555503003010,25,3,6,17146051,130309,186networks,72,1,X,MI,882741ab65fffff
260555503003011,25,3,24,17146051,130309,186networks,72,1,X,MI,88274114cbfffff
260555503003012,25,3,19,17146051,130309,186networks,72,1,X,MI,88274114cbfffff
260555503003013,25,3,3,17146051,130309,186networks,72,1,X,MI,88274114c3fffff
260555503003014,25,3,9,17146051,130309,186networks,72,1,X,MI,882741148bfffff
260555503003015,25,3,6,17146051,130309,186networks,72,1,X,MI,88274114d1fffff
260555503003016,25,3,3,17146051,130309,186networks,72,1,X,MI,88274114dbfffff
260555503003017,25,3,11,17146051,130309,186networks,72,1,X,MI,882741ab67fffff
260555503003018,25,3,8,17146051,130309,186networks,72,1,X,MI,882741ab09fffff
260555503003020,25,3,2,17146051,130309,186networks,72,1,X,MI,882741ab21fffff
260555503003021,25,3,16,17146051,130309,186networks,72,1,X,MI,8827411491fffff
260555503003022,25,3,10,17146051,130309,186networks,72,1,X,MI,8827411499fffff
260555503003023,25,3,3,17146051,130309,186networks,72,1,X,MI,882741a90dfffff
260555503003028,25,3,6,17146051,130309,186networks,72,1,X,MI,882741ab0bfffff
260555503003029,25,3,1,17146051,130309,186networks,72,1,X,MI,882741b9b7fffff
260555503003034,25,3,7,17146051,130309,186networks,72,1,X,MI,882741ab05fffff
260555503003035,25,3,2,17146051,130309,186networks,72,1,X,MI,882741ab03fffff
260555503003047,25,3,8,17146051,130309,186networks,72,1,X,MI,882741a961fffff
260555503003048,25,3,5,17146051,130309,186networks,72,1,X,MI,882741a961fffff
260555503003053,25,3,2,17146051,130309,186networks,72,1,X,MI,882741a90dfffff
260555503004000,25,3,2,17146051,130309,186networks,72,1,X,MI,8827411413fffff
260555503004003,25,3,5,17146051,130309,186networks,72,1,X,MI,88274114e9fffff
260555503004004,25,3,1,17146051,130309,186networks,72,1,X,MI,88274114edfffff
260555503004006,25,3,1,17146051,130309,186networks,72,1,X,MI,88274114a9fffff
260555503004033,25,3,1,17146051,130309,186networks,72,1,X,MI,8827411485fffff
260555503004036,25,3,6,17146051,130309,186networks,72,1,X,MI,88274114c7fffff
260555503004037,25,3,2,17146051,130309,186networks,72,1,X,MI,88274114c1fffff
260555503004050,25,3,2,17146051,130309,186networks,72,1,X,MI,882741a961fffff
260555503004051,25,3,1,17146051,130309,186networks,72,1,X,MI,8827411485fffff
260555503004052,25,3,1,17146051,130309,186networks,72,1,X,MI,8827411483fffff
260555503004054,25,3,1,17146051,130309,186networks,72,1,X,MI,88274114ebfffff
260555503004063,25,3,3,17146051,130309,186networks,72,1,X,MI,882741a967fffff
260555504022009,25,3,3,17146051,130309,186networks,72,1,X,MI,882741154dfffff
260555505001001,25,3,9,17146051,130309,186networks,72,1,X,MI,8827411607fffff
260555505001002,25,3,23,17146051,130309,186networks,72,1,X,MI,8827411607fffff
260555505001003,25,3,8,17146051,130309,186networks,72,1,X,MI,8827411607fffff
260555505001004,25,3,11,17146051,130309,186networks,72,1,X,MI,8827411607fffff
260555505001005,25,3,1,17146051,130309,186networks,72,1,X,MI,882741162bfffff
260555505001008,25,3,6,17146051,130309,186networks,72,1,X,MI,8827411631fffff
260555505001011,25,3,12,17146051,130309,186networks,72,1,X,MI,8827411631fffff
260555505001012,25,3,6,17146051,130309,186networks,72,1,X,MI,8827411633fffff
260555505001013,25,3,3,17146051,130309,186networks,72,1,X,MI,8827411453fffff
260555505001018,25,3,23,17146051,130309,186networks,72,1,X,MI,8827411613fffff
260555505001022,25,3,1,17146051,130309,186networks,72,1,X,MI,88274116a9fffff
260555505001026,25,3,4,17146051,130309,186networks,72,1,X,MI,8827411685fffff
260555505001027,25,3,2,17146051,130309,186networks,72,1,X,MI,8827411685fffff
260555505001028,25,3,3,17146051,130309,186networks,72,1,X,MI,88274116a9fffff
260555505001032,25,3,4,17146051,130309,186networks,72,1,X,MI,8827411453fffff
260555505001033,25,3,3,17146051,130309,186networks,72,1,X,MI,882741145bfffff
260555505001034,25,3,13,17146051,130309,186networks,72,1,X,MI,88274116a5fffff
260555505001035,25,3,12,17146051,130309,186networks,72,1,X,MI,88274116a3fffff
260555505001037,25,3,5,17146051,130309,186networks,72,1,X,MI,8827411687fffff
260555505002023,25,3,6,17146051,130309,186networks,72,1,X,MI,88274116a5fffff
260555505002025,25,3,1,17146051,130309,186networks,72,1,X,MI,8827411411fffff
260555505003000,25,3,3,17146051,130309,186networks,72,1,X,MI,8827411601fffff
260555505003001,25,3,1,17146051,130309,186networks,72,1,X,MI,8827411601fffff
260555505003002,25,3,46,17146051,130309,186networks,72,1,X,MI,8827411603fffff
260555505003003,25,3,21,17146051,130309,186networks,72,1,X,MI,8827411603fffff
260555505003004,25,3,10,17146051,130309,186networks,72,1,X,MI,8827411607fffff
260555505003005,25,3,20,17146051,130309,186networks,72,1,X,MI,8827411603fffff
260555505003006,25,3,15,17146051,130309,186networks,72,1,X,MI,8827411607fffff
260555505003007,25,3,13,17146051,130309,186networks,72,1,X,MI,8827411603fffff
260555505003008,25,3,7,17146051,130309,186networks,72,1,X,MI,8827411607fffff
260555505003009,25,3,15,17146051,130309,186networks,72,1,X,MI,8827411607fffff
260555505003010,25,3,32,17146051,130309,186networks,72,1,X,MI,8827411607fffff
260555505003011,25,3,26,17146051,130309,186networks,72,1,X,MI,8827411607fffff
260555505003012,25,3,9,17146051,130309,186networks,72,1,X,MI,8827411607fffff
260555505003013,25,3,44,17146051,130309,186networks,72,1,X,MI,882741163dfffff
260555505003014,25,3,20,17146051,130309,186networks,72,1,X,MI,882741163dfffff
260555505003015,25,3,63,17146051,130309,186networks,72,1,X,MI,8827411631fffff
260555505003016,25,3,106,17146051,130309,186networks,72,1,X,MI,8827411603fffff
260555505003017,25,3,1,17146051,130309,186networks,72,1,X,MI,882741163bfffff
260555505004000,25,3,8,17146051,130309,186networks,72,1,X,MI,8827411657fffff
260555505004001,25,3,5,17146051,130309,186networks,72,1,X,MI,8827411609fffff
260555505004002,25,3,33,17146051,130309,186networks,72,1,X,MI,8827411619fffff
260555505004003,25,3,4,17146051,130309,186networks,72,1,X,MI,8827411619fffff
260555505004004,25,3,12,17146051,130309,186networks,72,1,X,MI,882741161dfffff
260555505004005,25,3,26,17146051,130309,186networks,72,1,X,MI,882741161dfffff
260555505004006,25,3,22,17146051,130309,186networks,72,1,X,MI,8827411603fffff
260555505004007,25,3,27,17146051,130309,186networks,72,1,X,MI,882741161dfffff
260555505004008,25,3,10,17146051,130309,186networks,72,1,X,MI,882741161dfffff
260555505004009,25,3,1,17146051,130309,186networks,72,1,X,MI,882741161dfffff
260555505004010,25,3,9,17146051,130309,186networks,72,1,X,MI,882741161dfffff
260555505004011,25,3,5,17146051,130309,186networks,72,1,X,MI,882741161dfffff
260555505004012,25,3,27,17146051,130309,186networks,72,1,X,MI,8827411611fffff
260555505004013,25,3,29,17146051,130309,186networks,72,1,X,MI,882741161dfffff
260555505004014,25,3,40,17146051,130309,186networks,72,1,X,MI,882741161dfffff
260555505004015,25,3,5,17146051,130309,186networks,72,1,X,MI,882741161dfffff
260555505004016,25,3,62,17146051,130309,186networks,72,1,X,MI,8827411615fffff
260555505004017,25,3,8,17146051,130309,186networks,72,1,X,MI,882741161dfffff
260555505004018,25,3,5,17146051,130309,186networks,72,1,X,MI,8827411615fffff
260555505004019,25,3,16,17146051,130309,186networks,72,1,X,MI,8827411615fffff
260555505004020,25,3,7,17146051,130309,186networks,72,1,X,MI,8827411615fffff
260555505004021,25,3,64,17146051,130309,186networks,72,1,X,MI,8827411615fffff
260555505004022,25,3,31,17146051,130309,186networks,72,1,X,MI,8827411615fffff
260555505004023,25,3,96,17146051,130309,186networks,72,1,X,MI,8827411613fffff
260555505004024,25,3,24,17146051,130309,186networks,72,1,X,MI,8827411611fffff
260555505004025,25,3,17,17146051,130309,186networks,72,1,X,MI,8827411617fffff
260555505004026,25,3,27,17146051,130309,186networks,72,1,X,MI,8827411611fffff
260555505004027,25,3,15,17146051,130309,186networks,72,1,X,MI,8827411613fffff
260555505004028,25,3,18,17146051,130309,186networks,72,1,X,MI,8827411617fffff
260555505004029,25,3,19,17146051,130309,186networks,72,1,X,MI,8827411613fffff
260555506011000,25,3,4,17146051,130309,186networks,72,1,X,MI,882741bb3bfffff
260555506011012,25,3,14,17146051,130309,186networks,72,1,X,MI,882741bb35fffff
260555506011013,25,3,6,17146051,130309,186networks,72,1,X,MI,882741b94bfffff
260555506011014,25,3,36,17146051,130309,186networks,72,1,X,MI,882741b94dfffff
260555506011016,25,3,12,17146051,130309,186networks,72,1,X,MI,882741b941fffff
260555506011018,25,3,184,17146051,130309,186networks,72,1,X,MI,882741b945fffff
260555506011019,25,3,37,17146051,130309,186networks,72,1,X,MI,882741b947fffff
260555506011021,25,3,10,17146051,130309,186networks,72,1,X,MI,882741b947fffff
260555506011022,25,3,17,17146051,130309,186networks,72,1,X,MI,882741b96bfffff
260555506011023,25,3,8,17146051,130309,186networks,72,1,X,MI,882741b947fffff
260555506011024,25,3,19,17146051,130309,186networks,72,1,X,MI,882741b947fffff
260555506011025,25,3,6,17146051,130309,186networks,72,1,X,MI,8827418c93fffff
260555506011026,25,3,9,17146051,130309,186networks,72,1,X,MI,882741b96dfffff
260555506011029,25,3,5,17146051,130309,186networks,72,1,X,MI,882741bb31fffff
260555506011031,25,3,4,17146051,130309,186networks,72,1,X,MI,882741b959fffff
260555506021000,25,3,36,17146051,130309,186networks,72,1,X,MI,882741bb09fffff
260555506021001,25,3,72,17146051,130309,186networks,72,1,X,MI,882741bb01fffff
260555506021002,25,3,4,17146051,130309,186networks,72,1,X,MI,882741bb0dfffff
260555506021003,25,3,3,17146051,130309,186networks,72,1,X,MI,882741bb09fffff
260555506021004,25,3,11,17146051,130309,186networks,72,1,X,MI,882741bb0dfffff
260555506021005,25,3,22,17146051,130309,186networks,72,1,X,MI,882741bb01fffff
260555506021006,25,3,28,17146051,130309,186networks,72,1,X,MI,882741bb07fffff
260555506021007,25,3,15,17146051,130309,186networks,72,1,X,MI,882741bb05fffff
260555506021008,25,3,2,17146051,130309,186networks,72,1,X,MI,882741bb0dfffff
260555506021009,25,3,13,17146051,130309,186networks,72,1,X,MI,882741bb05fffff
260555506021010,25,3,28,17146051,130309,186networks,72,1,X,MI,882741bb63fffff
260555506021011,25,3,15,17146051,130309,186networks,72,1,X,MI,882741bb63fffff
260555506021012,25,3,6,17146051,130309,186networks,72,1,X,MI,882741bb63fffff
260555506021013,25,3,10,17146051,130309,186networks,72,1,X,MI,882741bb29fffff
260555506021014,25,3,59,17146051,130309,186networks,72,1,X,MI,882741bb05fffff
260555506021015,25,3,11,17146051,130309,186networks,72,1,X,MI,882741bb05fffff
260555506021016,25,3,16,17146051,130309,186networks,72,1,X,MI,882741bb05fffff
260555506021017,25,3,26,17146051,130309,186networks,72,1,X,MI,882741bb07fffff
260555506021018,25,3,7,17146051,130309,186networks,72,1,X,MI,882741bb2bfffff
260555506021019,25,3,6,17146051,130309,186networks,72,1,X,MI,882741bb29fffff
260555506021020,25,3,2,17146051,130309,186networks,72,1,X,MI,882741bb01fffff
260555506021021,25,3,6,17146051,130309,186networks,72,1,X,MI,882741bb07fffff
260555506021022,25,3,2,17146051,130309,186networks,72,1,X,MI,882741bb07fffff
260555506021023,25,3,8,17146051,130309,186networks,72,1,X,MI,882741bb03fffff
260555506022010,25,3,2,17146051,130309,186networks,72,1,X,MI,882741b967fffff
260555506022019,25,3,8,17146051,130309,186networks,72,1,X,MI,8827411651fffff
260555506022023,25,3,13,17146051,130309,186networks,72,1,X,MI,882741b927fffff
260555506022024,25,3,9,17146051,130309,186networks,72,1,X,MI,882741b925fffff
260555506022025,25,3,12,17146051,130309,186networks,72,1,X,MI,882741b927fffff
260555506022026,25,3,29,17146051,130309,186networks,72,1,X,MI,882741b925fffff
260555506022028,25,3,26,17146051,130309,186networks,72,1,X,MI,882741b925fffff
260555506022029,25,3,95,17146051,130309,186networks,72,1,X,MI,8827411619fffff
260555506022030,25,3,8,17146051,130309,186networks,72,1,X,MI,882741b925fffff
260555506022031,25,3,64,17146051,130309,186networks,72,1,X,MI,8827411619fffff
260555506022032,25,3,8,17146051,130309,186networks,72,1,X,MI,882741b925fffff
260555506022033,25,3,8,17146051,130309,186networks,72,1,X,MI,882741161bfffff
260555506022034,25,3,8,17146051,130309,186networks,72,1,X,MI,882741b925fffff
260555506022035,25,3,8,17146051,130309,186networks,72,1,X,MI,882741b925fffff
260555506022036,25,3,9,17146051,130309,186networks,72,1,X,MI,882741161bfffff
260555506022037,25,3,19,17146051,130309,186networks,72,1,X,MI,882741b927fffff
260555506022043,25,3,19,17146051,130309,186networks,72,1,X,MI,882741b927fffff
260555506022044,25,3,9,17146051,130309,186networks,72,1,X,MI,882741b927fffff
260555506022045,25,3,15,17146051,130309,186networks,72,1,X,MI,8827411613fffff
260555506022046,25,3,4,17146051,130309,186networks,72,1,X,MI,882741161bfffff
260555506022048,25,3,1,17146051,130309,186networks,72,1,X,MI,882741168bfffff
260555506022050,25,3,3,17146051,130309,186networks,72,1,X,MI,8827411681fffff
260555506022051,25,3,1,17146051,130309,186networks,72,1,X,MI,8827411683fffff
260555506022052,25,3,10,17146051,130309,186networks,72,1,X,MI,8827411683fffff
260555506022053,25,3,2,17146051,130309,186networks,72,1,X,MI,882741169dfffff
260555506022054,25,3,2,17146051,130309,186networks,72,1,X,MI,882741b9a5fffff
260555506023000,25,3,25,17146051,130309,186networks,72,1,X,MI,882741bb2bfffff
260555506023002,25,3,75,17146051,130309,186networks,72,1,X,MI,8827418cd3fffff
260555506023003,25,3,11,17146051,130309,186networks,72,1,X,MI,8827418cdbfffff
260555506023004,25,3,2,17146051,130309,186networks,72,1,X,MI,8827418cd3fffff
260555506023005,25,3,3,17146051,130309,186networks,72,1,X,MI,882741bb25fffff
260555506023006,25,3,132,17146051,130309,186networks,72,1,X,MI,8827418c99fffff
260555506023007,25,3,30,17146051,130309,186networks,72,1,X,MI,8827418c9bfffff
260555506023008,25,3,1,17146051,130309,186networks,72,1,X,MI,8827418cd3fffff
260555506023009,25,3,28,17146051,130309,186networks,72,1,X,MI,8827418c9bfffff
260555506023010,25,3,2,17146051,130309,186networks,72,1,X,MI,8827418cd3fffff
260555506023011,25,3,2,17146051,130309,186networks,72,1,X,MI,8827418cd3fffff
260555506023012,25,3,11,17146051,130309,186networks,72,1,X,MI,882741b94dfffff
260555506023013,25,3,26,17146051,130309,186networks,72,1,X,MI,882741bb27fffff
260555506023014,25,3,8,17146051,130309,186networks,72,1,X,MI,882741bb2bfffff
260555506023015,25,3,9,17146051,130309,186networks,72,1,X,MI,882741bb35fffff
260555506023016,25,3,5,17146051,130309,186networks,72,1,X,MI,8827418c97fffff
260555506023019,25,3,6,17146051,130309,186networks,72,1,X,MI,8827418c95fffff
260555506023023,25,3,5,17146051,130309,186networks,72,1,X,MI,8827418c83fffff
260555506023024,25,3,6,17146051,130309,186networks,72,1,X,MI,8827418c81fffff
260555506023025,25,3,5,17146051,130309,186networks,72,1,X,MI,8827418c81fffff
260555506023026,25,3,7,17146051,130309,186networks,72,1,X,MI,8827418c85fffff
260555506023027,25,3,3,17146051,130309,186networks,72,1,X,MI,8827418c85fffff
260555506023028,25,3,1,17146051,130309,186networks,72,1,X,MI,8827418ca9fffff
260555506023029,25,3,5,17146051,130309,186networks,72,1,X,MI,8827418cabfffff
260555506023030,25,3,26,17146051,130309,186networks,72,1,X,MI,8827418c87fffff
260555506023031,25,3,4,17146051,130309,186networks,72,1,X,MI,8827418ca3fffff
260555506023032,25,3,8,17146051,130309,186networks,72,1,X,MI,882741164bfffff
260555506023033,25,3,7,17146051,130309,186networks,72,1,X,MI,8827418cb7fffff
260555506023035,25,3,2,17146051,130309,186networks,72,1,X,MI,8827418cb5fffff
260555506023037,25,3,7,17146051,130309,186networks,72,1,X,MI,8827418c87fffff
260555506023045,25,3,130,17146051,130309,186networks,72,1,X,MI,882741165dfffff
260555506023046,25,3,9,17146051,130309,186networks,72,1,X,MI,882741165dfffff
260555506023047,25,3,10,17146051,130309,186networks,72,1,X,MI,8827411651fffff
260555506023048,25,3,40,17146051,130309,186networks,72,1,X,MI,882741165dfffff
260555506023049,25,3,13,17146051,130309,186networks,72,1,X,MI,8827411651fffff
260555506023050,25,3,15,17146051,130309,186networks,72,1,X,MI,882741165dfffff
260555506023051,25,3,6,17146051,130309,186networks,72,1,X,MI,882741165dfffff
260555506023054,25,3,17,17146051,130309,186networks,72,1,X,MI,882741bb21fffff
260555506023055,25,3,6,17146051,130309,186networks,72,1,X,MI,882741bb21fffff
260555506023056,25,3,11,17146051,130309,186networks,72,1,X,MI,882741bb25fffff
260555506023057,25,3,8,17146051,130309,186networks,72,1,X,MI,8827418c93fffff
260555506023058,25,3,6,17146051,130309,186networks,72,1,X,MI,8827418cb5fffff
260555506023059,25,3,1,17146051,130309,186networks,72,1,X,MI,8827418ca3fffff
260555507011000,25,3,43,17146051,130309,186networks,72,1,X,MI,8827418c21fffff
260555507011003,25,3,22,17146051,130309,186networks,72,1,X,MI,8827418c21fffff
260555507011004,25,3,30,17146051,130309,186networks,72,1,X,MI,8827418dc1fffff
260555507011005,25,3,15,17146051,130309,186networks,72,1,X,MI,8827418c27fffff
260555507011008,25,3,2,17146051,130309,186networks,72,1,X,MI,8827418dc1fffff
260555507011009,25,3,2,17146051,130309,186networks,72,1,X,MI,8827418c27fffff
260555507011011,25,3,2,17146051,130309,186networks,72,1,X,MI,8827418dcbfffff
260555507011013,25,3,12,17146051,130309,186networks,72,1,X,MI,8827418d81fffff
260555507012000,25,3,7,17146051,130309,186networks,72,1,X,MI,8827418c37fffff
260555507012003,25,3,4,17146051,130309,186networks,72,1,X,MI,8827418dcbfffff
260555507012004,25,3,104,17146051,130309,186networks,72,1,X,MI,8827418dd9fffff
260555507012005,25,3,10,17146051,130309,186networks,72,1,X,MI,8827418dd9fffff
260555507012007,25,3,10,17146051,130309,186networks,72,1,X,MI,8827418dd9fffff
260555507012008,25,3,10,17146051,130309,186networks,72,1,X,MI,8827418dddfffff
260555507012009,25,3,2,17146051,130309,186networks,72,1,X,MI,8827418dd9fffff
260555507012010,25,3,10,17146051,130309,186networks,72,1,X,MI,8827418dd9fffff
260555507012011,25,3,1,17146051,130309,186networks,72,1,X,MI,8827418dddfffff
260555507012012,25,3,4,17146051,130309,186networks,72,1,X,MI,8827418c37fffff
260555507013000,25,3,3,17146051,130309,186networks,72,1,X,MI,8827418c39fffff
260555507013001,25,3,67,17146051,130309,186networks,72,1,X,MI,8827418dcbfffff
260555507013003,25,3,14,17146051,130309,186networks,72,1,X,MI,8827418c35fffff
260555507013004,25,3,4,17146051,130309,186networks,72,1,X,MI,8827418c35fffff
260555507013006,25,3,6,17146051,130309,186networks,72,1,X,MI,8827418c31fffff
260555507013009,25,3,44,17146051,130309,186networks,72,1,X,MI,8827418c3bfffff
260555507013010,25,3,2,17146051,130309,186networks,72,1,X,MI,8827418c31fffff
260555507013012,25,3,3,17146051,130309,186networks,72,1,X,MI,8827418dd9fffff
260555507013014,25,3,8,17146051,130309,186networks,72,1,X,MI,8827418dd9fffff
260555507013016,25,3,10,17146051,130309,186networks,72,1,X,MI,8827418c3bfffff
260555507013018,25,3,1,17146051,130309,186networks,72,1,X,MI,8827418ddbfffff
260555507013022,25,3,10,17146051,130309,186networks,72,1,X,MI,8827418c33fffff
260555507013025,25,3,4,17146051,130309,186networks,72,1,X,MI,8827418c3bfffff
260555507021000,25,3,126,17146051,130309,186networks,72,1,X,MI,8827418ca7fffff
260555507021001,25,3,23,17146051,130309,186networks,72,1,X,MI,8827418ca3fffff
260555507021002,25,3,14,17146051,130309,186networks,72,1,X,MI,8827411649fffff
260555507021003,25,3,14,17146051,130309,186networks,72,1,X,MI,8827418ca7fffff
260555507021005,25,3,5,17146051,130309,186networks,72,1,X,MI,8827418ca3fffff
260555507021006,25,3,18,17146051,130309,186networks,72,1,X,MI,8827418ca3fffff
260555507021007,25,3,14,17146051,130309,186networks,72,1,X,MI,8827411649fffff
260555507021008,25,3,18,17146051,130309,186networks,72,1,X,MI,8827418ca5fffff
260555507021009,25,3,18,17146051,130309,186networks,72,1,X,MI,8827418ca5fffff
260555507021010,25,3,8,17146051,130309,186networks,72,1,X,MI,8827418ca7fffff
260555507021011,25,3,17,17146051,130309,186networks,72,1,X,MI,8827418ca3fffff
260555507021012,25,3,23,17146051,130309,186networks,72,1,X,MI,8827418ca3fffff
260555507021013,25,3,3,17146051,130309,186networks,72,1,X,MI,8827418ca3fffff
260555507021016,25,3,21,17146051,130309,186networks,72,1,X,MI,8827418ca3fffff
260555507021017,25,3,22,17146051,130309,186networks,72,1,X,MI,8827418ca3fffff
260555507022000,25,3,229,17146051,130309,186networks,72,1,X,MI,8827418ca5fffff
260555507022002,25,3,4,17146051,130309,186networks,72,1,X,MI,8827418d9bfffff
260555507022003,25,3,8,17146051,130309,186networks,72,1,X,MI,8827418d9bfffff
260555507022004,25,3,1,17146051,130309,186networks,72,1,X,MI,8827411645fffff
260555507022006,25,3,2,17146051,130309,186networks,72,1,X,MI,8827418d9bfffff
260555507022007,25,3,98,17146051,130309,186networks,72,1,X,MI,8827411641fffff
260555507022008,25,3,11,17146051,130309,186networks,72,1,X,MI,8827411643fffff
260555507022009,25,3,4,17146051,130309,186networks,72,1,X,MI,8827411641fffff
260555507022011,25,3,1,17146051,130309,186networks,72,1,X,MI,8827411647fffff
260555507022012,25,3,133,17146051,130309,186networks,72,1,X,MI,8827411647fffff
260555507022014,25,3,65,17146051,130309,186networks,72,1,X,MI,882741160dfffff
260555507022015,25,3,42,17146051,130309,186networks,72,1,X,MI,8827411609fffff
260555507022016,25,3,21,17146051,130309,186networks,72,1,X,MI,8827411609fffff
260555507022017,25,3,12,17146051,130309,186networks,72,1,X,MI,8827411601fffff
260555507022018,25,3,6,17146051,130309,186networks,72,1,X,MI,8827411601fffff
260555507022019,25,3,11,17146051,130309,186networks,72,1,X,MI,8827411643fffff
260555507022020,25,3,12,17146051,130309,186networks,72,1,X,MI,8827411643fffff
260555507022021,25,3,71,17146051,130309,186networks,72,1,X,MI,882741165dfffff
260555507022023,25,3,13,17146051,130309,186networks,72,1,X,MI,8827411655fffff
260555507022024,25,3,32,17146051,130309,186networks,72,1,X,MI,8827411655fffff
260555507022025,25,3,7,17146051,130309,186networks,72,1,X,MI,8827411655fffff
260555507022026,25,3,11,17146051,130309,186networks,72,1,X,MI,8827411655fffff
260555507023009,25,3,4,17146051,130309,186networks,72,1,X,MI,8827418ce7fffff
260555507023013,25,3,36,17146051,130309,186networks,72,1,X,MI,8827418ce3fffff
260555507023014,25,3,2,17146051,130309,186networks,72,1,X,MI,8827418ddbfffff
260555507023015,25,3,1,17146051,130309,186networks,72,1,X,MI,8827418ce3fffff
260555507023016,25,3,4,17146051,130309,186networks,72,1,X,MI,8827418ce7fffff
260555507023017,25,3,7,17146051,130309,186networks,72,1,X,MI,8827418ce7fffff
260555507023020,25,3,1,17146051,130309,186networks,72,1,X,MI,8827418ca9fffff
260555508011004,25,3,9,17146051,130309,186networks,72,1,X,MI,8827418d93fffff
260555508011005,25,3,24,17146051,130309,186networks,72,1,X,MI,8827411669fffff
260555508011006,25,3,7,17146051,130309,186networks,72,1,X,MI,8827411669fffff
260555508011007,25,3,1,17146051,130309,186networks,72,1,X,MI,8827411669fffff
260555508011008,25,3,2,17146051,130309,186networks,72,1,X,MI,8827418d95fffff
260555508011009,25,3,16,17146051,130309,186networks,72,1,X,MI,8827411669fffff
260555508011010,25,3,45,17146051,130309,186networks,72,1,X,MI,8827411669fffff
260555508011011,25,3,12,17146051,130309,186networks,72,1,X,MI,8827411669fffff
260555508011012,25,3,7,17146051,130309,186networks,72,1,X,MI,8827411669fffff
260555508011013,25,3,9,17146051,130309,186networks,72,1,X,MI,8827411669fffff
260555508011014,25,3,6,17146051,130309,186networks,72,1,X,MI,8827411669fffff
260555508011015,25,3,18,17146051,130309,186networks,72,1,X,MI,8827411669fffff
260555508011016,25,3,8,17146051,130309,186networks,72,1,X,MI,8827411669fffff
260555508011017,25,3,10,17146051,130309,186networks,72,1,X,MI,8827411669fffff
260555508011018,25,3,10,17146051,130309,186networks,72,1,X,MI,8827411669fffff
260555508011019,25,3,20,17146051,130309,186networks,72,1,X,MI,8827411669fffff
260555508011020,25,3,7,17146051,130309,186networks,72,1,X,MI,8827411669fffff
260555508011021,25,3,6,17146051,130309,186networks,72,1,X,MI,8827411669fffff
260555508011022,25,3,9,17146051,130309,186networks,72,1,X,MI,882741166bfffff
260555508011025,25,3,12,17146051,130309,186networks,72,1,X,MI,8827411629fffff
260555508011029,25,3,8,17146051,130309,186networks,72,1,X,MI,882741166bfffff
260555508011030,25,3,25,17146051,130309,186networks,72,1,X,MI,882741160dfffff
260555508011031,25,3,36,17146051,130309,186networks,72,1,X,MI,882741160dfffff
260555508011033,25,3,13,17146051,130309,186networks,72,1,X,MI,8827411605fffff
260555508011034,25,3,9,17146051,130309,186networks,72,1,X,MI,8827411605fffff
260555508011035,25,3,58,17146051,130309,186networks,72,1,X,MI,8827411605fffff
260555508011036,25,3,27,17146051,130309,186networks,72,1,X,MI,8827411621fffff
260555508011037,25,3,36,17146051,130309,186networks,72,1,X,MI,8827411625fffff
260555508011038,25,3,10,17146051,130309,186networks,72,1,X,MI,882741171bfffff
260555508011039,25,3,14,17146051,130309,186networks,72,1,X,MI,8827411719fffff
260555508011040,25,3,2,17146051,130309,186networks,72,1,X,MI,8827411625fffff
260555508011041,25,3,4,17146051,130309,186networks,72,1,X,MI,8827411625fffff
260555508021000,25,3,7,17146051,130309,186networks,72,1,X,MI,8827418dd7fffff
260555508021001,25,3,31,17146051,130309,186networks,72,1,X,MI,8827418d83fffff
260555508022022,25,3,4,17146051,130309,186networks,72,1,X,MI,8827418d81fffff
260555509001002,50,50,1,17146051,130309,186networks,72,1,X,MI,8827419523fffff
260555509001003,50,50,7,17146051,130309,186networks,72,1,X,MI,88274182d5fffff
260555509001013,50,50,1,17146051,130309,186networks,72,1,X,MI,88274182c1fffff
260555509003002,25,3,75,17146051,130309,186networks,72,1,X,MI,8827418e19fffff
260555509003004,25,3,16,17146051,130309,186networks,72,1,X,MI,8827418e5bfffff
260555509003006,25,3,10,17146051,130309,186networks,72,1,X,MI,8827418e51fffff
260555509003007,25,3,59,17146051,130309,186networks,72,1,X,MI,8827418e13fffff
260555509003009,25,3,38,17146051,130309,186networks,72,1,X,MI,8827418ee3fffff
260555509003011,25,3,231,17146051,130309,186networks,72,1,X,MI,8827418ec5fffff
260555509003013,25,3,12,17146051,130309,186networks,72,1,X,MI,8827418e1bfffff
260555509003014,25,3,5,17146051,130309,186networks,72,1,X,MI,8827418ec5fffff
260555509003015,25,3,17,17146051,130309,186networks,72,1,X,MI,8827418ec5fffff
260555509003016,25,3,54,17146051,130309,186networks,72,1,X,MI,8827418e19fffff
260555509003019,25,3,3,17146051,130309,186networks,72,1,X,MI,8827418e1bfffff
260555509003020,25,3,42,17146051,130309,186networks,72,1,X,MI,8827418e1bfffff
260555510001001,25,3,32,17146051,130309,186networks,72,1,X,MI,8827418e89fffff
260555510001002,25,3,26,17146051,130309,186networks,72,1,X,MI,8827418e89fffff
260555510001003,25,3,10,17146051,130309,186networks,72,1,X,MI,8827418e89fffff
260555510001004,25,3,8,17146051,130309,186networks,72,1,X,MI,8827418e89fffff
260555510001006,25,3,5,17146051,130309,186networks,72,1,X,MI,8827418e89fffff
260555510001008,25,3,2,17146051,130309,186networks,72,1,X,MI,8827418e8dfffff
260555510001009,25,3,69,17146051,130309,186networks,72,1,X,MI,8827418ee3fffff
260555510001010,25,3,16,17146051,130309,186networks,72,1,X,MI,8827418e85fffff
260555510001011,25,3,8,17146051,130309,186networks,72,1,X,MI,8827418e85fffff
260555510001012,25,3,11,17146051,130309,186networks,72,1,X,MI,8827418e85fffff
260555510001013,25,3,29,17146051,130309,186networks,72,1,X,MI,8827418e85fffff
260555510001014,25,3,2,17146051,130309,186networks,72,1,X,MI,8827418e8dfffff
260555510001015,25,3,22,17146051,130309,186networks,72,1,X,MI,8827418e8dfffff
260555510001016,25,3,4,17146051,130309,186networks,72,1,X,MI,8827418e8dfffff
260555510001017,25,3,14,17146051,130309,186networks,72,1,X,MI,8827418e85fffff
260555510001018,25,3,28,17146051,130309,186networks,72,1,X,MI,8827418e85fffff
260555510001019,25,3,27,17146051,130309,186networks,72,1,X,MI,8827418e85fffff
260555510002004,25,3,13,17146051,130309,186networks,72,1,X,MI,8827418e1bfffff
260555510002008,25,3,14,17146051,130309,186networks,72,1,X,MI,8827418ec1fffff
260555510002009,25,3,3,17146051,130309,186networks,72,1,X,MI,8827418ec1fffff
260555510002010,25,3,2,17146051,130309,186networks,72,1,X,MI,8827418ec1fffff
260555510002011,25,3,14,17146051,130309,186networks,72,1,X,MI,8827418ec7fffff
260555510002012,25,3,1,17146051,130309,186networks,72,1,X,MI,8827418ec5fffff
260555510002013,25,3,7,17146051,130309,186networks,72,1,X,MI,8827418ec5fffff
260555510002014,25,3,1,17146051,130309,186networks,72,1,X,MI,8827418ec1fffff
260555510002017,25,3,53,17146051,130309,186networks,72,1,X,MI,8827418ec7fffff
260555510002018,25,3,13,17146051,130309,186networks,72,1,X,MI,8827418ec7fffff
260555510002019,25,3,10,17146051,130309,186networks,72,1,X,MI,8827418ec7fffff
260555510002020,25,3,87,17146051,130309,186networks,72,1,X,MI,8827418ec7fffff
260555510002021,25,3,5,17146051,130309,186networks,72,1,X,MI,8827418eebfffff
260555510002022,25,3,6,17146051,130309,186networks,72,1,X,MI,8827418e8dfffff
260555510002023,25,3,12,17146051,130309,186networks,72,1,X,MI,8827418eebfffff
260555510002024,25,3,29,17146051,130309,186networks,72,1,X,MI,8827418eebfffff
260555510002025,25,3,7,17146051,130309,186networks,72,1,X,MI,8827418eebfffff
260555510002026,25,3,27,17146051,130309,186networks,72,1,X,MI,8827418eebfffff
260555510002027,25,3,11,17146051,130309,186networks,72,1,X,MI,8827418eebfffff
260555510002028,25,3,4,17146051,130309,186networks,72,1,X,MI,8827418ec5fffff
260555510002029,25,3,1,17146051,130309,186networks,72,1,X,MI,8827418ec7fffff
260555510002030,25,3,3,17146051,130309,186networks,72,1,X,MI,8827418eebfffff
260555510002031,25,3,4,17146051,130309,186networks,72,1,X,MI,8827418eebfffff
260555510002032,25,3,34,17146051,130309,186networks,72,1,X,MI,8827418eebfffff
260555510002033,25,3,17,17146051,130309,186networks,72,1,X,MI,8827418e8dfffff
260555510002034,25,3,10,17146051,130309,186networks,72,1,X,MI,8827418eebfffff
260555510002035,25,3,7,17146051,130309,186networks,72,1,X,MI,8827418e8dfffff
260555510002036,25,3,11,17146051,130309,186networks,72,1,X,MI,8827418e8dfffff
260555510002040,25,3,8,17146051,130309,186networks,72,1,X,MI,8827418e89fffff
260555510002041,25,3,4,17146051,130309,186networks,72,1,X,MI,8827418ec7fffff
260555510002042,25,3,1,17146051,130309,186networks,72,1,X,MI,8827418eebfffff
260555510002043,25,3,8,17146051,130309,186networks,72,1,X,MI,8827418e8dfffff
260555510003000,25,3,28,17146051,130309,186networks,72,1,X,MI,8827418ee3fffff
260555510003001,25,3,19,17146051,130309,186networks,72,1,X,MI,8827418e85fffff
260555510003002,25,3,15,17146051,130309,186networks,72,1,X,MI,8827418ea9fffff
260555510003003,25,3,7,17146051,130309,186networks,72,1,X,MI,8827418ea9fffff
260555510003004,25,3,24,17146051,130309,186networks,72,1,X,MI,8827418ea9fffff
260555510003005,25,3,44,17146051,130309,186networks,72,1,X,MI,8827418ea9fffff
260555510003006,25,3,43,17146051,130309,186networks,72,1,X,MI,8827418ea9fffff
260555510003007,25,3,13,17146051,130309,186networks,72,1,X,MI,8827418e85fffff
260555510003008,25,3,12,17146051,130309,186networks,72,1,X,MI,8827418e85fffff
260555510003009,25,3,17,17146051,130309,186networks,72,1,X,MI,8827418e85fffff
260555510003010,25,3,13,17146051,130309,186networks,72,1,X,MI,8827418e85fffff
260555510003011,25,3,14,17146051,130309,186networks,72,1,X,MI,8827418ea9fffff
260555510003012,25,3,13,17146051,130309,186networks,72,1,X,MI,8827418ea9fffff
260555510003013,25,3,1,17146051,130309,186networks,72,1,X,MI,8827418ea9fffff
260555510003014,25,3,7,17146051,130309,186networks,72,1,X,MI,8827418e85fffff
260555510003015,25,3,7,17146051,130309,186networks,72,1,X,MI,8827418e85fffff
260555510003016,25,3,14,17146051,130309,186networks,72,1,X,MI,8827418e85fffff
260555510003017,25,3,20,17146051,130309,186networks,72,1,X,MI,8827418eabfffff
260555510003018,25,3,23,17146051,130309,186networks,72,1,X,MI,8827418eabfffff
260555510003019,25,3,18,17146051,130309,186networks,72,1,X,MI,8827418eabfffff
260555510003020,25,3,6,17146051,130309,186networks,72,1,X,MI,8827418eabfffff
260555510003021,25,3,10,17146051,130309,186networks,72,1,X,MI,8827418eabfffff
260555510003022,25,3,9,17146051,130309,186networks,72,1,X,MI,8827418eabfffff
260555510004001,25,3,2,17146051,130309,186networks,72,1,X,MI,8827418e89fffff
260555510004002,25,3,12,17146051,130309,186networks,72,1,X,MI,8827418e89fffff
260555510004003,25,3,11,17146051,130309,186networks,72,1,X,MI,8827418e8dfffff
260555510004004,25,3,50,17146051,130309,186networks,72,1,X,MI,8827418e81fffff
260555510004005,25,3,22,17146051,130309,186networks,72,1,X,MI,8827418e8dfffff
260555510004006,25,3,12,17146051,130309,186networks,72,1,X,MI,8827418e8dfffff
260555510004007,25,3,20,17146051,130309,186networks,72,1,X,MI,8827418e85fffff
260555510004008,25,3,8,17146051,130309,186networks,72,1,X,MI,8827418e81fffff
260555510004009,25,3,9,17146051,130309,186networks,72,1,X,MI,8827418e81fffff
260555510004010,25,3,12,17146051,130309,186networks,72,1,X,MI,8827418e81fffff
260555510004011,25,3,9,17146051,130309,186networks,72,1,X,MI,8827418e81fffff
260555510004012,25,3,8,17146051,130309,186networks,72,1,X,MI,8827418e81fffff
260555510004013,25,3,14,17146051,130309,186networks,72,1,X,MI,8827418e81fffff
260555510004014,25,3,11,17146051,130309,186networks,72,1,X,MI,8827418e81fffff
260555510004015,25,3,10,17146051,130309,186networks,72,1,X,MI,8827418e81fffff
260555510004016,25,3,1,17146051,130309,186networks,72,1,X,MI,8827418e81fffff
260555510004017,25,3,18,17146051,130309,186networks,72,1,X,MI,8827418e81fffff
260555510004018,25,3,26,17146051,130309,186networks,72,1,X,MI,8827418e81fffff
260555510004019,25,3,24,17146051,130309,186networks,72,1,X,MI,8827418e85fffff
260555510004020,25,3,14,17146051,130309,186networks,72,1,X,MI,8827418e81fffff
260555510004021,25,3,18,17146051,130309,186networks,72,1,X,MI,8827418e81fffff
260555511001001,25,3,4,17146051,130309,186networks,72,1,X,MI,8827418e81fffff
260555511001002,25,3,10,17146051,130309,186networks,72,1,X,MI,8827418e81fffff
260555511001003,25,3,63,17146051,130309,186networks,72,1,X,MI,8827418e81fffff
260555511001004,25,3,6,17146051,130309,186networks,72,1,X,MI,8827418e83fffff
260555511001005,25,3,24,17146051,130309,186networks,72,1,X,MI,8827418e81fffff
260555511001006,25,3,5,17146051,130309,186networks,72,1,X,MI,8827418e83fffff
260555511001007,25,3,24,17146051,130309,186networks,72,1,X,MI,8827418e81fffff
260555511001008,25,3,20,17146051,130309,186networks,72,1,X,MI,8827418e85fffff
260555511001009,25,3,32,17146051,130309,186networks,72,1,X,MI,8827418e85fffff
260555511001010,25,3,29,17146051,130309,186networks,72,1,X,MI,8827418e85fffff
260555511001011,25,3,45,17146051,130309,186networks,72,1,X,MI,8827418e9dfffff
260555511001012,25,3,15,17146051,130309,186networks,72,1,X,MI,8827418e83fffff
260555511001013,25,3,16,17146051,130309,186networks,72,1,X,MI,8827418e83fffff
260555511001014,25,3,10,17146051,130309,186networks,72,1,X,MI,8827418e83fffff
260555511001015,25,3,14,17146051,130309,186networks,72,1,X,MI,8827418e83fffff
260555511001016,25,3,2,17146051,130309,186networks,72,1,X,MI,8827418e83fffff
260555511001017,25,3,12,17146051,130309,186networks,72,1,X,MI,8827418e83fffff
260555511001018,25,3,27,17146051,130309,186networks,72,1,X,MI,8827418e9dfffff
260555511001019,25,3,20,17146051,130309,186networks,72,1,X,MI,8827418e9dfffff
260555511001020,25,3,21,17146051,130309,186networks,72,1,X,MI,8827418e9dfffff
260555511001021,25,3,18,17146051,130309,186networks,72,1,X,MI,8827418e9dfffff
260555511001022,25,3,17,17146051,130309,186networks,72,1,X,MI,8827418e9dfffff
260555511001023,25,3,17,17146051,130309,186networks,72,1,X,MI,8827418e83fffff
260555511001024,25,3,18,17146051,130309,186networks,72,1,X,MI,8827418e83fffff
260555511001025,25,3,22,17146051,130309,186networks,72,1,X,MI,8827418e83fffff
260555511001026,25,3,19,17146051,130309,186networks,72,1,X,MI,8827418e83fffff
260555511001027,25,3,26,17146051,130309,186networks,72,1,X,MI,8827418e83fffff
260555511001028,25,3,16,17146051,130309,186networks,72,1,X,MI,8827418e83fffff
260555511001029,25,3,10,17146051,130309,186networks,72,1,X,MI,8827418e9dfffff
260555511001030,25,3,20,17146051,130309,186networks,72,1,X,MI,8827418e9dfffff
260555511001031,25,3,10,17146051,130309,186networks,72,1,X,MI,8827418e9dfffff
260555511001032,25,3,12,17146051,130309,186networks,72,1,X,MI,8827418e9dfffff
260555511001033,25,3,12,17146051,130309,186networks,72,1,X,MI,8827418e9dfffff
260555511002002,25,3,61,17146051,130309,186networks,72,1,X,MI,8827418ebdfffff
260555511002003,25,3,6,17146051,130309,186networks,72,1,X,MI,8827418ebdfffff
260555511002006,25,3,12,17146051,130309,186networks,72,1,X,MI,8827418e95fffff
260555511002007,25,3,17,17146051,130309,186networks,72,1,X,MI,8827418ebdfffff
260555511002008,25,3,16,17146051,130309,186networks,72,1,X,MI,8827418eabfffff
260555511002009,25,3,35,17146051,130309,186networks,72,1,X,MI,8827418eabfffff
260555511002010,25,3,5,17146051,130309,186networks,72,1,X,MI,8827418eabfffff
260555511002011,25,3,13,17146051,130309,186networks,72,1,X,MI,8827418eabfffff
260555511002012,25,3,17,17146051,130309,186networks,72,1,X,MI,8827418eabfffff
260555511002013,25,3,31,17146051,130309,186networks,72,1,X,MI,8827418eabfffff
260555511002014,25,3,26,17146051,130309,186networks,72,1,X,MI,8827418eabfffff
260555511002015,25,3,9,17146051,130309,186networks,72,1,X,MI,8827418ea3fffff
260555511002016,25,3,18,17146051,130309,186networks,72,1,X,MI,8827418ebdfffff
260555511002017,25,3,17,17146051,130309,186networks,72,1,X,MI,8827418ebdfffff
260555511002018,25,3,42,17146051,130309,186networks,72,1,X,MI,8827418ebdfffff
260555511002019,25,3,64,17146051,130309,186networks,72,1,X,MI,8827418ebdfffff
260555511002020,25,3,14,17146051,130309,186networks,72,1,X,MI,8827418eb7fffff
260555511002021,25,3,6,17146051,130309,186networks,72,1,X,MI,8827418e95fffff
260555511002022,25,3,2,17146051,130309,186networks,72,1,X,MI,8827418e91fffff
260555511002023,25,3,4,17146051,130309,186networks,72,1,X,MI,8827418e91fffff
260555511002024,25,3,28,17146051,130309,186networks,72,1,X,MI,882741bb6dfffff
260555511002025,25,3,37,17146051,130309,186networks,72,1,X,MI,8827418e97fffff
260555511002026,25,3,30,17146051,130309,186networks,72,1,X,MI,8827418e97fffff
260555511002027,25,3,27,17146051,130309,186networks,72,1,X,MI,8827418e97fffff
260555511002028,25,3,17,17146051,130309,186networks,72,1,X,MI,8827418e97fffff
260555511002029,25,3,35,17146051,130309,186networks,72,1,X,MI,8827418e93fffff
260555511002030,25,3,2,17146051,130309,186networks,72,1,X,MI,882741bb6dfffff
260555511002031,25,3,52,17146051,130309,186networks,72,1,X,MI,882741bb6dfffff
260555511002032,25,3,13,17146051,130309,186networks,72,1,X,MI,8827418e97fffff
260555511002033,25,3,32,17146051,130309,186networks,72,1,X,MI,882741bb69fffff
260555511002034,25,3,50,17146051,130309,186networks,72,1,X,MI,8827418e97fffff
260555511002035,25,3,35,17146051,130309,186networks,72,1,X,MI,882741bb69fffff
260555511002036,25,3,26,17146051,130309,186networks,72,1,X,MI,882741bb69fffff
260555511002037,25,3,10,17146051,130309,186networks,72,1,X,MI,882741bb6bfffff
260555511003001,25,3,33,17146051,130309,186networks,72,1,X,MI,88274185a5fffff
260555511003002,25,3,24,17146051,130309,186networks,72,1,X,MI,88274185a5fffff
260555511003003,25,3,3,17146051,130309,186networks,72,1,X,MI,8827418e9dfffff
260555511003004,25,3,3,17146051,130309,186networks,72,1,X,MI,8827418e91fffff
260555511003005,25,3,3,17146051,130309,186networks,72,1,X,MI,8827418e9dfffff
260555511003006,25,3,10,17146051,130309,186networks,72,1,X,MI,8827418e91fffff
260555511003007,25,3,1,17146051,130309,186networks,72,1,X,MI,8827418e91fffff
260555511003008,25,3,3,17146051,130309,186networks,72,1,X,MI,88274185a5fffff
260555511003009,25,3,5,17146051,130309,186networks,72,1,X,MI,88274185a1fffff
260555511003010,25,3,8,17146051,130309,186networks,72,1,X,MI,88274185a5fffff
260555511003011,25,3,1,17146051,130309,186networks,72,1,X,MI,88274185a1fffff
260555511003012,25,3,84,17146051,130309,186networks,72,1,X,MI,88274185a7fffff
260555511003013,25,3,38,17146051,130309,186networks,72,1,X,MI,882741bb43fffff
260555511003014,25,3,5,17146051,130309,186networks,72,1,X,MI,88274185a3fffff
260555511003016,25,3,3,17146051,130309,186networks,72,1,X,MI,88274185a1fffff
260555511003017,25,3,7,17146051,130309,186networks,72,1,X,MI,88274185a1fffff
260555511003018,25,3,14,17146051,130309,186networks,72,1,X,MI,88274185a1fffff
260555511003019,25,3,14,17146051,130309,186networks,72,1,X,MI,88274185a1fffff
260555511003020,25,3,14,17146051,130309,186networks,72,1,X,MI,88274185a1fffff
260555511003021,25,3,13,17146051,130309,186networks,72,1,X,MI,88274185a1fffff
260555511003022,25,3,20,17146051,130309,186networks,72,1,X,MI,882741bb41fffff
260555511003023,25,3,67,17146051,130309,186networks,72,1,X,MI,88274185a5fffff
260555511003025,25,3,14,17146051,130309,186networks,72,1,X,MI,88274185a5fffff
260555511003026,25,3,5,17146051,130309,186networks,72,1,X,MI,8827418e9bfffff
260555511003027,25,3,5,17146051,130309,186networks,72,1,X,MI,8827418e91fffff
260555511003029,25,3,2,17146051,130309,186networks,72,1,X,MI,8827418e93fffff
260555511003031,25,3,7,17146051,130309,186networks,72,1,X,MI,882741bb47fffff
260555511003032,25,3,3,17146051,130309,186networks,72,1,X,MI,882741bb47fffff
260555511003033,25,3,5,17146051,130309,186networks,72,1,X,MI,882741bb45fffff
260555511003034,25,3,1,17146051,130309,186networks,72,1,X,MI,882741bb69fffff
260555511003035,25,3,13,17146051,130309,186networks,72,1,X,MI,8827418e93fffff
260555511003036,25,3,4,17146051,130309,186networks,72,1,X,MI,882741bb6bfffff
260555511003037,25,3,27,17146051,130309,186networks,72,1,X,MI,882741bb43fffff
260555512001001,25,3,2,17146051,130309,186networks,72,1,X,MI,8827418eadfffff
260555512001003,25,3,1,17146051,130309,186networks,72,1,X,MI,8827418eadfffff
260555512001005,25,3,1,17146051,130309,186networks,72,1,X,MI,8827418eadfffff
260555512001007,25,3,14,17146051,130309,186networks,72,1,X,MI,8827418ea9fffff
260555512001008,25,3,9,17146051,130309,186networks,72,1,X,MI,8827418eadfffff
260555512001009,25,3,9,17146051,130309,186networks,72,1,X,MI,8827418eadfffff
260555512001011,25,3,13,17146051,130309,186networks,72,1,X,MI,8827418eadfffff
260555512001012,25,3,13,17146051,130309,186networks,72,1,X,MI,8827418c53fffff
260555512001016,25,3,12,17146051,130309,186networks,72,1,X,MI,8827418eadfffff
260555512001017,25,3,25,17146051,130309,186networks,72,1,X,MI,8827418c53fffff
260555512001018,25,3,2,17146051,130309,186networks,72,1,X,MI,8827418eadfffff
260555512001020,25,3,12,17146051,130309,186networks,72,1,X,MI,8827418eadfffff
260555512001021,25,3,11,17146051,130309,186networks,72,1,X,MI,8827418eadfffff
260555512001022,25,3,17,17146051,130309,186networks,72,1,X,MI,8827418eadfffff
260555512001023,25,3,14,17146051,130309,186networks,72,1,X,MI,8827418eadfffff
260555512001024,25,3,7,17146051,130309,186networks,72,1,X,MI,8827418eadfffff
260555512001025,25,3,16,17146051,130309,186networks,72,1,X,MI,8827418eadfffff
260555512001027,25,3,20,17146051,130309,186networks,72,1,X,MI,8827418ea9fffff
260555512001028,25,3,20,17146051,130309,186networks,72,1,X,MI,8827418eadfffff
260555512001029,25,3,25,17146051,130309,186networks,72,1,X,MI,8827418eadfffff
260555512001030,25,3,17,17146051,130309,186networks,72,1,X,MI,8827418eadfffff
260555512001031,25,3,22,17146051,130309,186networks,72,1,X,MI,8827418eadfffff
260555512001032,25,3,21,17146051,130309,186networks,72,1,X,MI,8827418eadfffff
260555512001033,25,3,14,17146051,130309,186networks,72,1,X,MI,8827418eadfffff
260555512001034,25,3,12,17146051,130309,186networks,72,1,X,MI,8827418eadfffff
260555512001038,25,3,3,17146051,130309,186networks,72,1,X,MI,8827418c53fffff
260555512001040,25,3,30,17146051,130309,186networks,72,1,X,MI,8827418ea5fffff
260555512001041,25,3,1,17146051,130309,186networks,72,1,X,MI,8827418ea5fffff
260555512001042,25,3,20,17146051,130309,186networks,72,1,X,MI,8827418ea5fffff
260555512002000,25,3,43,17146051,130309,186networks,72,1,X,MI,8827418ea9fffff
260555512002001,25,3,31,17146051,130309,186networks,72,1,X,MI,8827418ea9fffff
260555512002002,25,3,21,17146051,130309,186networks,72,1,X,MI,8827418ea9fffff
260555512002003,25,3,28,17146051,130309,186networks,72,1,X,MI,8827418ea9fffff
260555512002004,25,3,21,17146051,130309,186networks,72,1,X,MI,8827418ea9fffff
260555512002005,25,3,62,17146051,130309,186networks,72,1,X,MI,8827418ea9fffff
260555512002006,25,3,20,17146051,130309,186networks,72,1,X,MI,8827418ea9fffff
260555512002007,25,3,19,17146051,130309,186networks,72,1,X,MI,8827418ea9fffff
260555512002008,25,3,16,17146051,130309,186networks,72,1,X,MI,8827418ea9fffff
260555512002009,25,3,8,17146051,130309,186networks,72,1,X,MI,8827418ea9fffff
260555512002010,25,3,2,17146051,130309,186networks,72,1,X,MI,8827418ea1fffff
260555512002012,25,3,16,17146051,130309,186networks,72,1,X,MI,8827418eabfffff
260555512002013,25,3,18,17146051,130309,186networks,72,1,X,MI,8827418eabfffff
260555512002014,25,3,20,17146051,130309,186networks,72,1,X,MI,8827418eabfffff
260555512002015,25,3,18,17146051,130309,186networks,72,1,X,MI,8827418ea1fffff
260555512002016,25,3,23,17146051,130309,186networks,72,1,X,MI,8827418eabfffff
260555512002017,25,3,25,17146051,130309,186networks,72,1,X,MI,8827418eabfffff
260555512003001,25,3,16,17146051,130309,186networks,72,1,X,MI,8827418ea1fffff
260555512003002,25,3,26,17146051,130309,186networks,72,1,X,MI,8827418ea1fffff
260555512003003,25,3,4,17146051,130309,186networks,72,1,X,MI,8827418ea1fffff
260555512003004,25,3,5,17146051,130309,186networks,72,1,X,MI,8827418ea1fffff
260555512003007,25,3,5,17146051,130309,186networks,72,1,X,MI,8827418ea1fffff
260555512003008,25,3,2,17146051,130309,186networks,72,1,X,MI,8827418ea1fffff
260555512003009,25,3,1,17146051,130309,186networks,72,1,X,MI,8827418ea1fffff
260555512003010,25,3,35,17146051,130309,186networks,72,1,X,MI,8827418ea1fffff
260555512003011,25,3,20,17146051,130309,186networks,72,1,X,MI,8827418eabfffff
260555512003012,25,3,19,17146051,130309,186networks,72,1,X,MI,8827418eabfffff
260555512003013,25,3,22,17146051,130309,186networks,72,1,X,MI,8827418eabfffff
260555512003014,25,3,13,17146051,130309,186networks,72,1,X,MI,8827418eabfffff
260555512003015,25,3,44,17146051,130309,186networks,72,1,X,MI,8827418ea3fffff
260555512003016,25,3,8,17146051,130309,186networks,72,1,X,MI,8827418ea3fffff
260555512003017,25,3,11,17146051,130309,186networks,72,1,X,MI,8827418ea3fffff
260555512003018,25,3,2,17146051,130309,186networks,72,1,X,MI,8827418ea3fffff
260555512003019,25,3,12,17146051,130309,186networks,72,1,X,MI,8827418ea1fffff
260555512003022,25,3,17,17146051,130309,186networks,72,1,X,MI,8827418cc9fffff
260555512003024,25,3,8,17146051,130309,186networks,72,1,X,MI,8827418cc9fffff
260555512003025,25,3,1,17146051,130309,186networks,72,1,X,MI,8827418cc9fffff
260555512003027,25,3,3,17146051,130309,186networks,72,1,X,MI,8827418cc9fffff
260555512003029,25,3,6,17146051,130309,186networks,72,1,X,MI,8827418ea3fffff
260555512003030,25,3,9,17146051,130309,186networks,72,1,X,MI,8827418ea3fffff
260555512003031,25,3,15,17146051,130309,186networks,72,1,X,MI,8827418ea3fffff
260555512003032,25,3,32,17146051,130309,186networks,72,1,X,MI,8827418ea3fffff
260555512003033,25,3,14,17146051,130309,186networks,72,1,X,MI,8827418ea3fffff
260555512003034,25,3,34,17146051,130309,186networks,72,1,X,MI,8827418ea3fffff
260555512003035,25,3,13,17146051,130309,186networks,72,1,X,MI,8827418eabfffff
260555512003036,25,3,21,17146051,130309,186networks,72,1,X,MI,8827418ea3fffff
260555512003037,25,3,12,17146051,130309,186networks,72,1,X,MI,8827418ea3fffff
260555512003038,25,3,14,17146051,130309,186networks,72,1,X,MI,8827418ea3fffff
260555512003039,25,3,21,17146051,130309,186networks,72,1,X,MI,8827418ea3fffff
260555512003040,25,3,19,17146051,130309,186networks,72,1,X,MI,8827418ebdfffff
260555512003041,25,3,21,17146051,130309,186networks,72,1,X,MI,8827418ea3fffff
260555512003042,25,3,11,17146051,130309,186networks,72,1,X,MI,8827418ccbfffff
260555512003043,25,3,23,17146051,130309,186networks,72,1,X,MI,8827418ccbfffff
260555512003044,25,3,9,17146051,130309,186networks,72,1,X,MI,8827418ea1fffff
260555512003045,25,3,11,17146051,130309,186networks,72,1,X,MI,8827418ccbfffff
260555513011000,25,3,16,17146051,130309,186networks,72,1,X,MI,8827418c1bfffff
260555513011001,25,3,14,17146051,130309,186networks,72,1,X,MI,8827418c1bfffff
260555513011002,25,3,40,17146051,130309,186networks,72,1,X,MI,8827418c1bfffff
260555513011003,25,3,6,17146051,130309,186networks,72,1,X,MI,8827418c1bfffff
260555513011004,25,3,29,17146051,130309,186networks,72,1,X,MI,8827418c1bfffff
260555513011005,25,3,10,17146051,130309,186networks,72,1,X,MI,8827418ccdfffff
260555513011006,25,3,25,17146051,130309,186networks,72,1,X,MI,8827418c13fffff
260555513011007,25,3,12,17146051,130309,186networks,72,1,X,MI,8827418c13fffff
260555513011008,25,3,15,17146051,130309,186networks,72,1,X,MI,8827418c13fffff
260555513011009,25,3,54,17146051,130309,186networks,72,1,X,MI,8827418cebfffff
260555513011011,25,3,14,17146051,130309,186networks,72,1,X,MI,8827418cc5fffff
260555513011012,25,3,1,17146051,130309,186networks,72,1,X,MI,8827418cc5fffff
260555513011013,25,3,6,17146051,130309,186networks,72,1,X,MI,8827418cebfffff
260555513021000,25,3,113,17146051,130309,186networks,72,1,X,MI,8827418ccbfffff
260555513021001,25,3,34,17146051,130309,186networks,72,1,X,MI,8827418cc3fffff
260555513021002,25,3,32,17146051,130309,186networks,72,1,X,MI,8827418cd5fffff
260555513021003,25,3,47,17146051,130309,186networks,72,1,X,MI,8827418cd5fffff
260555513021004,25,3,18,17146051,130309,186networks,72,1,X,MI,8827418ccbfffff
260555513021006,25,3,50,17146051,130309,186networks,72,1,X,MI,8827418cd5fffff
260555513021007,25,3,51,17146051,130309,186networks,72,1,X,MI,8827418cd5fffff
260555513021008,25,3,11,17146051,130309,186networks,72,1,X,MI,8827418cc3fffff
260555513021009,25,3,23,17146051,130309,186networks,72,1,X,MI,8827418cc3fffff
260555513021010,25,3,18,17146051,130309,186networks,72,1,X,MI,8827418ccbfffff
260555513021011,25,3,12,17146051,130309,186networks,72,1,X,MI,8827418cc3fffff
260555513021012,25,3,37,17146051,130309,186networks,72,1,X,MI,8827418cddfffff
260555513021014,25,3,67,17146051,130309,186networks,72,1,X,MI,8827418cd7fffff
260555513021015,25,3,6,17146051,130309,186networks,72,1,X,MI,8827418cd7fffff
260555513021016,25,3,8,17146051,130309,186networks,72,1,X,MI,8827418cd1fffff
260555513021017,25,3,2,17146051,130309,186networks,72,1,X,MI,8827418cd3fffff
260555513021018,25,3,48,17146051,130309,186networks,72,1,X,MI,8827418cd5fffff
260555513021019,25,3,4,17146051,130309,186networks,72,1,X,MI,8827418cddfffff
260555513021020,25,3,20,17146051,130309,186networks,72,1,X,MI,8827418cd5fffff
260555513021021,25,3,34,17146051,130309,186networks,72,1,X,MI,8827418cddfffff
260555513021022,25,3,35,17146051,130309,186networks,72,1,X,MI,8827418cddfffff
260555513021023,25,3,24,17146051,130309,186networks,72,1,X,MI,8827418cddfffff
260555513021024,25,3,22,17146051,130309,186networks,72,1,X,MI,8827418cddfffff
260555513021026,25,3,26,17146051,130309,186networks,72,1,X,MI,8827418cddfffff
260555513021027,25,3,28,17146051,130309,186networks,72,1,X,MI,8827418cddfffff
260555513021028,25,3,34,17146051,130309,186networks,72,1,X,MI,8827418cddfffff
260555513021029,25,3,34,17146051,130309,186networks,72,1,X,MI,8827418cc3fffff
260555513021030,25,3,50,17146051,130309,186networks,72,1,X,MI,8827418cd5fffff
260555513021031,25,3,24,17146051,130309,186networks,72,1,X,MI,8827418cddfffff
260555513021032,25,3,24,17146051,130309,186networks,72,1,X,MI,8827418cddfffff
260555513022000,25,3,5,17146051,130309,186networks,72,1,X,MI,8827418ccbfffff
260555513022001,25,3,4,17146051,130309,186networks,72,1,X,MI,8827418ccbfffff
260555513022002,25,3,9,17146051,130309,186networks,72,1,X,MI,8827418ccbfffff
260555513022007,25,3,12,17146051,130309,186networks,72,1,X,MI,8827418cc1fffff
260555513022008,25,3,1,17146051,130309,186networks,72,1,X,MI,8827418cc1fffff
260555513022010,25,3,70,17146051,130309,186networks,72,1,X,MI,8827418cc5fffff
260555513022011,25,3,1,17146051,130309,186networks,72,1,X,MI,8827418cc7fffff
260555513022013,25,3,13,17146051,130309,186networks,72,1,X,MI,8827418cc5fffff
260555513022014,25,3,32,17146051,130309,186networks,72,1,X,MI,8827418cc7fffff
260555513022017,25,3,24,17146051,130309,186networks,72,1,X,MI,8827418c81fffff
260555513022019,25,3,1,17146051,130309,186networks,72,1,X,MI,8827418c8dfffff
260555513022020,25,3,1,17146051,130309,186networks,72,1,X,MI,8827418c8dfffff
260555513022021,25,3,11,17146051,130309,186networks,72,1,X,MI,8827418c85fffff
260555513022022,25,3,1,17146051,130309,186networks,72,1,X,MI,8827418c8dfffff
260555513022023,25,3,6,17146051,130309,186networks,72,1,X,MI,8827418c81fffff
260555513022025,25,3,6,17146051,130309,186networks,72,1,X,MI,8827418c8bfffff
260555513022027,25,3,1,17146051,130309,186networks,72,1,X,MI,8827418c83fffff
260555513022031,25,3,66,17146051,130309,186networks,72,1,X,MI,8827418c8bfffff
260555513022033,25,3,5,17146051,130309,186networks,72,1,X,MI,8827418cc5fffff
260555513022034,25,3,1,17146051,130309,186networks,72,1,X,MI,8827418cebfffff
260555513031000,25,3,183,17146051,130309,186networks,72,1,X,MI,8827418eb7fffff
260555513031001,25,3,23,17146051,130309,186networks,72,1,X,MI,8827418eb5fffff
260555513031003,25,3,12,17146051,130309,186networks,72,1,X,MI,8827418eb5fffff
260555513031004,25,3,46,17146051,130309,186networks,72,1,X,MI,8827418eb5fffff
260555513031005,25,3,5,17146051,130309,186networks,72,1,X,MI,8827418ccbfffff
260555513031006,25,3,46,17146051,130309,186networks,72,1,X,MI,8827418eb5fffff
260555513031007,25,3,43,17146051,130309,186networks,72,1,X,MI,8827418eb5fffff
260555513031008,25,3,15,17146051,130309,186networks,72,1,X,MI,8827418eb5fffff
260555513031009,25,3,10,17146051,130309,186networks,72,1,X,MI,8827418eb5fffff
260555513031010,25,3,20,17146051,130309,186networks,72,1,X,MI,8827418eb5fffff
260555513031011,25,3,78,17146051,130309,186networks,72,1,X,MI,8827418eb7fffff
260555513031012,25,3,3,17146051,130309,186networks,72,1,X,MI,8827418eb7fffff
260555513031014,25,3,22,17146051,130309,186networks,72,1,X,MI,8827418ccbfffff
260555513031015,25,3,10,17146051,130309,186networks,72,1,X,MI,8827418eb5fffff
260555513031016,25,3,6,17146051,130309,186networks,72,1,X,MI,8827418eb5fffff
260555513031017,25,3,17,17146051,130309,186networks,72,1,X,MI,8827418eb7fffff
260555513031018,25,3,1,17146051,130309,186networks,72,1,X,MI,8827418eb3fffff
260555513031019,25,3,4,17146051,130309,186networks,72,1,X,MI,8827418eb3fffff
260555513031020,25,3,12,17146051,130309,186networks,72,1,X,MI,8827418eb7fffff
260555513031021,25,3,1,17146051,130309,186networks,72,1,X,MI,8827418eb7fffff
260555513031022,25,3,61,17146051,130309,186networks,72,1,X,MI,8827418eb3fffff
260555513031023,25,3,8,17146051,130309,186networks,72,1,X,MI,8827418cdbfffff
260555513031024,25,3,13,17146051,130309,186networks,72,1,X,MI,8827418cdbfffff
260555513031027,25,3,10,17146051,130309,186networks,72,1,X,MI,8827418cdbfffff
260555513031028,25,3,12,17146051,130309,186networks,72,1,X,MI,8827418eb5fffff
260555513032000,25,3,10,17146051,130309,186networks,72,1,X,MI,8827418eb7fffff
260555513032001,25,3,162,17146051,130309,186networks,72,1,X,MI,8827418cd9fffff
260555513032002,25,3,6,17146051,130309,186networks,72,1,X,MI,8827418cd9fffff
260555513032004,25,3,11,17146051,130309,186networks,72,1,X,MI,8827418cddfffff
260555513032005,25,3,4,17146051,130309,186networks,72,1,X,MI,8827418cd9fffff
260555513032006,25,3,8,17146051,130309,186networks,72,1,X,MI,8827418cddfffff
260555513032007,25,3,7,17146051,130309,186networks,72,1,X,MI,8827418cddfffff
260555513032008,25,3,22,17146051,130309,186networks,72,1,X,MI,8827418cd1fffff
260555514001000,25,3,7,17146051,130309,186networks,72,1,X,MI,8827418c19fffff
260555514001001,25,3,18,17146051,130309,186networks,72,1,X,MI,8827418c19fffff
260555514001002,25,3,3,17146051,130309,186networks,72,1,X,MI,8827418c1dfffff
260555514001005,25,3,3,17146051,130309,186networks,72,1,X,MI,8827418c1dfffff
260555514001006,25,3,2,17146051,130309,186networks,72,1,X,MI,8827418c1dfffff
260555514001008,25,3,4,17146051,130309,186networks,72,1,X,MI,8827418c1dfffff
260555514001010,25,3,1,17146051,130309,186networks,72,1,X,MI,8827418c19fffff
260555514001011,25,3,3,17146051,130309,186networks,72,1,X,MI,8827418c11fffff
260555514001013,25,3,19,17146051,130309,186networks,72,1,X,MI,8827418c19fffff
260555514001014,25,3,18,17146051,130309,186networks,72,1,X,MI,8827418c19fffff
260555514001015,25,3,23,17146051,130309,186networks,72,1,X,MI,8827418c19fffff
260555514001016,25,3,19,17146051,130309,186networks,72,1,X,MI,8827418c19fffff
260555514001021,25,3,88,17146051,130309,186networks,72,1,X,MI,8827418c3bfffff
260555514001022,25,3,6,17146051,130309,186networks,72,1,X,MI,8827418c3bfffff
260555514001025,25,3,14,17146051,130309,186networks,72,1,X,MI,8827418c39fffff
260555514001029,25,3,19,17146051,130309,186networks,72,1,X,MI,8827418c1bfffff
260555514001030,25,3,19,17146051,130309,186networks,72,1,X,MI,8827418c19fffff
260555514001032,25,3,14,17146051,130309,186networks,72,1,X,MI,8827418c1bfffff
260555514001033,25,3,1,17146051,130309,186networks,72,1,X,MI,8827418c1bfffff
260555514001034,25,3,3,17146051,130309,186networks,72,1,X,MI,8827418c1bfffff
260555514002000,25,3,8,17146051,130309,186networks,72,1,X,MI,8827418eadfffff
260555514002001,25,3,9,17146051,130309,186networks,72,1,X,MI,8827418eadfffff
260555514002002,25,3,29,17146051,130309,186networks,72,1,X,MI,8827418eadfffff
260555514002003,25,3,37,17146051,130309,186networks,72,1,X,MI,8827418ea5fffff
260555514002004,25,3,33,17146051,130309,186networks,72,1,X,MI,8827418ea5fffff
260555514002005,25,3,32,17146051,130309,186networks,72,1,X,MI,8827418ea5fffff
260555514002006,25,3,29,17146051,130309,186networks,72,1,X,MI,8827418ea5fffff
260555514002007,25,3,26,17146051,130309,186networks,72,1,X,MI,8827418ea7fffff
260555514002008,25,3,5,17146051,130309,186networks,72,1,X,MI,8827418ea7fffff
260555514002009,25,3,4,17146051,130309,186networks,72,1,X,MI,8827418ea7fffff
260555514002014,25,3,11,17146051,130309,186networks,72,1,X,MI,8827418ea7fffff
260555514002015,25,3,24,17146051,130309,186networks,72,1,X,MI,8827418ea7fffff
260555514002017,25,3,37,17146051,130309,186networks,72,1,X,MI,8827418cc5fffff
260555514002018,25,3,10,17146051,130309,186networks,72,1,X,MI,8827418cc5fffff
260555514002019,25,3,17,17146051,130309,186networks,72,1,X,MI,8827418cc5fffff
260555514002020,25,3,5,17146051,130309,186networks,72,1,X,MI,8827418cc5fffff
260555514002022,25,3,65,17146051,130309,186networks,72,1,X,MI,8827418ccdfffff
260555514002023,25,3,17,17146051,130309,186networks,72,1,X,MI,8827418ccdfffff
260555514002024,25,3,8,17146051,130309,186networks,72,1,X,MI,8827418ccdfffff
260555514002025,25,3,14,17146051,130309,186networks,72,1,X,MI,8827418ea7fffff
260555514002026,25,3,10,17146051,130309,186networks,72,1,X,MI,8827418cc5fffff
260555514002027,25,3,32,17146051,130309,186networks,72,1,X,MI,8827418cc5fffff
260555514002028,25,3,13,17146051,130309,186networks,72,1,X,MI,8827418cc5fffff
260555514003000,25,3,14,17146051,130309,186networks,72,1,X,MI,8827418ea5fffff
260555514003001,25,3,23,17146051,130309,186networks,72,1,X,MI,8827418ea5fffff
260555514003002,25,3,22,17146051,130309,186networks,72,1,X,MI,8827418c19fffff
260555514003003,25,3,21,17146051,130309,186networks,72,1,X,MI,8827418c1bfffff
260555514003004,25,3,27,17146051,130309,186networks,72,1,X,MI,8827418ea5fffff
260555514003005,25,3,14,17146051,130309,186networks,72,1,X,MI,8827418ea5fffff
260555514003006,25,3,14,17146051,130309,186networks,72,1,X,MI,8827418ea5fffff
260555514003008,25,3,2,17146051,130309,186networks,72,1,X,MI,8827418c1bfffff
260555514003010,25,3,25,17146051,130309,186networks,72,1,X,MI,8827418ea7fffff
260555514003011,25,3,24,17146051,130309,186networks,72,1,X,MI,8827418ea7fffff
260555514003012,25,3,25,17146051,130309,186networks,72,1,X,MI,8827418ea7fffff
260555514003013,25,3,8,17146051,130309,186networks,72,1,X,MI,8827418ea7fffff
260555514003014,25,3,14,17146051,130309,186networks,72,1,X,MI,8827418c1bfffff
260555514003015,25,3,39,17146051,130309,186networks,72,1,X,MI,8827418c1bfffff
260555514003016,25,3,28,17146051,130309,186networks,72,1,X,MI,8827418c1bfffff
260555514003017,25,3,15,17146051,130309,186networks,72,1,X,MI,8827418c1bfffff
260555514003018,25,3,59,17146051,130309,186networks,72,1,X,MI,8827418c1bfffff
260555514003019,25,3,8,17146051,130309,186networks,72,1,X,MI,8827418ea7fffff
260555514003020,25,3,22,17146051,130309,186networks,72,1,X,MI,8827418ea7fffff
260555514003021,25,3,12,17146051,130309,186networks,72,1,X,MI,8827418c1bfffff
260555514004000,25,3,25,17146051,130309,186networks,72,1,X,MI,8827418ea5fffff
260555514004001,25,3,5,17146051,130309,186networks,72,1,X,MI,8827418ea5fffff
260555514004002,25,3,16,17146051,130309,186networks,72,1,X,MI,8827418ea5fffff
260555514004003,25,3,21,17146051,130309,186networks,72,1,X,MI,8827418ea5fffff
260555514004004,25,3,20,17146051,130309,186networks,72,1,X,MI,8827418c19fffff
260555514004005,25,3,21,17146051,130309,186networks,72,1,X,MI,8827418c19fffff
260555514004006,25,3,28,17146051,130309,186networks,72,1,X,MI,8827418c19fffff
260555514004007,25,3,30,17146051,130309,186networks,72,1,X,MI,8827418c19fffff
260555514004008,25,3,25,17146051,130309,186networks,72,1,X,MI,8827418ea5fffff
260555514004009,25,3,15,17146051,130309,186networks,72,1,X,MI,8827418ea5fffff
260555514004010,25,3,9,17146051,130309,186networks,72,1,X,MI,8827418ea5fffff
260555514004011,25,3,33,17146051,130309,186networks,72,1,X,MI,8827418ea5fffff
260555514004012,25,3,9,17146051,130309,186networks,72,1,X,MI,8827418ea5fffff
260555514004013,25,3,7,17146051,130309,186networks,72,1,X,MI,8827418ea5fffff
260555514004014,25,3,13,17146051,130309,186networks,72,1,X,MI,8827418ea5fffff
260555514004015,25,3,23,17146051,130309,186networks,72,1,X,MI,8827418ea5fffff
260555514004016,25,3,27,17146051,130309,186networks,72,1,X,MI,8827418ea5fffff
260555514004017,25,3,26,17146051,130309,186networks,72,1,X,MI,8827418c19fffff
260555514004018,25,3,21,17146051,130309,186networks,72,1,X,MI,8827418c19fffff
260555514004019,25,3,8,17146051,130309,186networks,72,1,X,MI,8827418ea5fffff
260555514004020,25,3,23,17146051,130309,186networks,72,1,X,MI,8827418ea5fffff
260555514004021,25,3,26,17146051,130309,186networks,72,1,X,MI,8827418ea5fffff
260555514004022,25,3,7,17146051,130309,186networks,72,1,X,MI,8827418ea5fffff
260555514004023,25,3,10,17146051,130309,186networks,72,1,X,MI,8827418ea5fffff
260555514004024,25,3,8,17146051,130309,186networks,72,1,X,MI,8827418ea5fffff
260555514004025,25,3,6,17146051,130309,186networks,72,1,X,MI,8827418ea7fffff
260555515001005,25,3,6,17146051,130309,186networks,72,1,X,MI,8827418c09fffff
260555515001007,25,3,58,17146051,130309,186networks,72,1,X,MI,8827418c21fffff
260555515001008,25,3,10,17146051,130309,186networks,72,1,X,MI,8827418c07fffff
260555515001012,25,3,1,17146051,130309,186networks,72,1,X,MI,8827418c09fffff
260555515001013,25,3,2,17146051,130309,186networks,72,1,X,MI,8827418c09fffff
260555515001014,25,3,92,17146051,130309,186networks,72,1,X,MI,8827418c2bfffff
260555515001015,25,3,6,17146051,130309,186networks,72,1,X,MI,8827418c07fffff
260555515001016,25,3,1,17146051,130309,186networks,72,1,X,MI,8827418c57fffff
260555515001017,25,3,12,17146051,130309,186networks,72,1,X,MI,8827418c57fffff
260555515001018,25,3,21,17146051,130309,186networks,72,1,X,MI,8827418c57fffff
260555515001019,25,3,9,17146051,130309,186networks,72,1,X,MI,8827418c57fffff
260555515001022,25,3,1,17146051,130309,186networks,72,1,X,MI,8827418c57fffff
260555515002000,25,3,10,17146051,130309,186networks,72,1,X,MI,8827418c53fffff
260555515002001,25,3,9,17146051,130309,186networks,72,1,X,MI,8827418c53fffff
260555515002003,25,3,6,17146051,130309,186networks,72,1,X,MI,8827418c53fffff
260555515002004,25,3,3,17146051,130309,186networks,72,1,X,MI,8827418c53fffff
260555515002005,25,3,20,17146051,130309,186networks,72,1,X,MI,8827418c53fffff
260555515002006,25,3,14,17146051,130309,186networks,72,1,X,MI,8827418c53fffff
260555515002007,25,3,20,17146051,130309,186networks,72,1,X,MI,8827418c53fffff
260555515002008,25,3,2,17146051,130309,186networks,72,1,X,MI,8827418c57fffff
260555515002009,25,3,3,17146051,130309,186networks,72,1,X,MI,8827418c53fffff
260555515002010,25,3,8,17146051,130309,186networks,72,1,X,MI,8827418c57fffff
260555515002011,25,3,1,17146051,130309,186networks,72,1,X,MI,8827418c57fffff
260555515002013,25,3,16,17146051,130309,186networks,72,1,X,MI,8827418c57fffff
260555515002014,25,3,8,17146051,130309,186networks,72,1,X,MI,8827418c57fffff
260555515002015,25,3,10,17146051,130309,186networks,72,1,X,MI,8827418c57fffff
260555515002016,25,3,16,17146051,130309,186networks,72,1,X,MI,8827418c57fffff
260555515002017,25,3,9,17146051,130309,186networks,72,1,X,MI,8827418c57fffff
260555515002018,25,3,8,17146051,130309,186networks,72,1,X,MI,8827418c57fffff
260555515002019,25,3,7,17146051,130309,186networks,72,1,X,MI,8827418c57fffff
260555515002020,25,3,2,17146051,130309,186networks,72,1,X,MI,8827418c57fffff
260555515002021,25,3,4,17146051,130309,186networks,72,1,X,MI,8827418c57fffff
260555515002022,25,3,8,17146051,130309,186networks,72,1,X,MI,8827418c57fffff
260555515002023,25,3,14,17146051,130309,186networks,72,1,X,MI,8827418c19fffff
260555515002024,25,3,9,17146051,130309,186networks,72,1,X,MI,8827418c19fffff
260555515002025,25,3,16,17146051,130309,186networks,72,1,X,MI,8827418c19fffff
260555515002026,25,3,13,17146051,130309,186networks,72,1,X,MI,8827418c19fffff
260555515002027,25,3,13,17146051,130309,186networks,72,1,X,MI,8827418c19fffff
260555515002028,25,3,12,17146051,130309,186networks,72,1,X,MI,8827418c53fffff
260555515002029,25,3,13,17146051,130309,186networks,72,1,X,MI,8827418c53fffff
260555515002030,25,3,9,17146051,130309,186networks,72,1,X,MI,8827418c53fffff
260555515002031,25,3,24,17146051,130309,186networks,72,1,X,MI,8827418c53fffff
260555515002032,25,3,9,17146051,130309,186networks,72,1,X,MI,8827418c53fffff
260555515002033,25,3,8,17146051,130309,186networks,72,1,X,MI,8827418c53fffff
260555515002034,25,3,21,17146051,130309,186networks,72,1,X,MI,8827418c53fffff
260555515002035,25,3,19,17146051,130309,186networks,72,1,X,MI,8827418c53fffff
260555515002036,25,3,12,17146051,130309,186networks,72,1,X,MI,8827418c53fffff
260555515002037,25,3,5,17146051,130309,186networks,72,1,X,MI,8827418c53fffff
260555515002038,25,3,9,17146051,130309,186networks,72,1,X,MI,8827418ea5fffff
260555515002039,25,3,14,17146051,130309,186networks,72,1,X,MI,8827418ea5fffff
260555515002041,25,3,26,17146051,130309,186networks,72,1,X,MI,8827418c53fffff
260555515002042,25,3,21,17146051,130309,186networks,72,1,X,MI,8827418c19fffff
260555515002043,25,3,15,17146051,130309,186networks,72,1,X,MI,8827418c19fffff
260555515003002,25,3,1,17146051,130309,186networks,72,1,X,MI,8827418c5bfffff
260555515003014,25,3,3,17146051,130309,186networks,72,1,X,MI,8827418c57fffff
260555515003020,25,3,43,17146051,130309,186networks,72,1,X,MI,8827418c53fffff
260555515003021,25,3,15,17146051,130309,186networks,72,1,X,MI,8827418c53fffff
260555515003022,25,3,23,17146051,130309,186networks,72,1,X,MI,8827418c53fffff
260555515003024,25,3,6,17146051,130309,186networks,72,1,X,MI,8827418c53fffff
260555515003026,25,3,4,17146051,130309,186networks,72,1,X,MI,8827418c53fffff
260555515003028,25,3,6,17146051,130309,186networks,72,1,X,MI,8827418c53fffff
260555515003029,25,3,16,17146051,130309,186networks,72,1,X,MI,8827418c57fffff
260555515003030,25,3,4,17146051,130309,186networks,72,1,X,MI,8827418c53fffff
260555515003031,25,3,7,17146051,130309,186networks,72,1,X,MI,8827418c53fffff
260555515003032,25,3,2,17146051,130309,186networks,72,1,X,MI,8827418c53fffff
260555515003034,25,3,2,17146051,130309,186networks,72,1,X,MI,8827418c53fffff
260799502011004,25,3,25,17146051,130309,186networks,72,1,X,MI,88276a4945fffff
260799502011004,50,50,8,17146051,130309,186networks,72,1,X,MI,88276a4943fffff
260799502011005,25,3,27,17146051,130309,186networks,72,1,X,MI,88276a4943fffff
260799502011005,50,50,6,17146051,130309,186networks,72,1,X,MI,88276a4943fffff
260799502011006,25,3,4,17146051,130309,186networks,72,1,X,MI,88276a4941fffff
260799502011007,25,3,6,17146051,130309,186networks,72,1,X,MI,88276a494dfffff
260799502011008,25,3,1,17146051,130309,186networks,72,1,X,MI,88276a4941fffff
260799502011009,25,3,11,17146051,130309,186networks,72,1,X,MI,88276a4955fffff
260799502011009,50,50,3,17146051,130309,186networks,72,1,X,MI,88276a4943fffff
260799502011010,25,3,3,17146051,130309,186networks,72,1,X,MI,88276a495dfffff
260799502011012,25,3,9,17146051,130309,186networks,72,1,X,MI,88276a4957fffff
260799502011012,50,50,5,17146051,130309,186networks,72,1,X,MI,88276a4957fffff
260799502011013,50,50,41,17146051,130309,186networks,72,1,X,MI,88276a4953fffff
260799502011014,25,3,1,17146051,130309,186networks,72,1,X,MI,88276a4955fffff
260799502011014,50,50,1,17146051,130309,186networks,72,1,X,MI,88276a4955fffff
260799502011015,25,3,2,17146051,130309,186networks,72,1,X,MI,88276a4955fffff
260799502011015,50,50,3,17146051,130309,186networks,72,1,X,MI,88276a4957fffff
260799502011016,25,3,5,17146051,130309,186networks,72,1,X,MI,88276a4955fffff
260799502011017,25,3,1,17146051,130309,186networks,72,1,X,MI,88276a4943fffff
260799502011020,25,3,1,17146051,130309,186networks,72,1,X,MI,88276a4847fffff
260799502011021,25,3,2,17146051,130309,186networks,72,1,X,MI,88276a4805fffff
260799502011022,25,3,2,17146051,130309,186networks,72,1,X,MI,88276a4829fffff
260799502011024,25,3,1,17146051,130309,186networks,72,1,X,MI,88276a495bfffff
260799502011027,25,3,8,17146051,130309,186networks,72,1,X,MI,88276a496bfffff
260799502011028,25,3,16,17146051,130309,186networks,72,1,X,MI,88276a4961fffff
260799502011029,25,3,10,17146051,130309,186networks,72,1,X,MI,88276a4961fffff
260799502011030,25,3,3,17146051,130309,186networks,72,1,X,MI,88276a482bfffff
260799502011031,25,3,1,17146051,130309,186networks,72,1,X,MI,88276a482bfffff
260799502011032,25,3,15,17146051,130309,186networks,72,1,X,MI,88276a4821fffff
260799502011032,50,50,9,17146051,130309,186networks,72,1,X,MI,88276a4953fffff
260799502011033,25,3,1,17146051,130309,186networks,72,1,X,MI,88276a480bfffff
260799502011034,25,3,2,17146051,130309,186networks,72,1,X,MI,88276a481dfffff
260799502011035,25,3,3,17146051,130309,186networks,72,1,X,MI,88276a4805fffff
260799502011036,25,3,2,17146051,130309,186networks,72,1,X,MI,88276a4807fffff
260799502011039,25,3,1,17146051,130309,186networks,72,1,X,MI,88276a496bfffff
260799502011040,25,3,8,17146051,130309,186networks,72,1,X,MI,88276a496bfffff
260799502011041,25,3,2,17146051,130309,186networks,72,1,X,MI,88276a4821fffff
260799502011042,25,3,5,17146051,130309,186networks,72,1,X,MI,88276a4821fffff
260799502012000,25,3,9,17146051,130309,186networks,72,1,X,MI,88276a482bfffff
260799502012001,25,3,2,17146051,130309,186networks,72,1,X,MI,88276a4821fffff
260799502012002,25,3,26,17146051,130309,186networks,72,1,X,MI,88276a491dfffff
260799502012002,50,50,21,17146051,130309,186networks,72,1,X,MI,88276a4919fffff
260799502012003,25,3,29,17146051,130309,186networks,72,1,X,MI,88276a4953fffff
260799502012003,50,50,61,17146051,130309,186networks,72,1,X,MI,88276a4953fffff
260799502012004,50,50,4,17146051,130309,186networks,72,1,X,MI,88276a4957fffff
260799502012005,25,3,7,17146051,130309,186networks,72,1,X,MI,88276a4957fffff
260799502012005,50,50,6,17146051,130309,186networks,72,1,X,MI,88276a4957fffff
260799502012006,50,50,8,17146051,130309,186networks,72,1,X,MI,88276a4957fffff
260799502012007,25,3,7,17146051,130309,186networks,72,1,X,MI,88276a490bfffff
260799502012007,50,50,5,17146051,130309,186networks,72,1,X,MI,88276a4957fffff
260799502012008,25,3,6,17146051,130309,186networks,72,1,X,MI,88276a490bfffff
260799502012008,50,50,3,17146051,130309,186networks,72,1,X,MI,88276a4957fffff
260799502012009,25,3,8,17146051,130309,186networks,72,1,X,MI,88276a490bfffff
260799502012010,25,3,3,17146051,130309,186networks,72,1,X,MI,88276a4827fffff
260799502012012,25,3,5,17146051,130309,186networks,72,1,X,MI,88276a49cdfffff
260799502012012,50,50,1,17146051,130309,186networks,72,1,X,MI,88276a4913fffff
260799502012013,25,3,5,17146051,130309,186networks,72,1,X,MI,88276a4911fffff
260799502012013,50,50,2,17146051,130309,186networks,72,1,X,MI,88276a4911fffff
260799502012016,25,3,44,17146051,130309,186networks,72,1,X,MI,88276a490bfffff
260799502012016,50,50,43,17146051,130309,186networks,72,1,X,MI,88276a4957fffff
260799502012017,25,3,3,17146051,130309,186networks,72,1,X,MI,88276a491dfffff
260799502012017,50,50,2,17146051,130309,186networks,72,1,X,MI,88276a491dfffff
260799502012018,25,3,5,17146051,130309,186networks,72,1,X,MI,88276a4915fffff
260799502012018,50,50,1,17146051,130309,186networks,72,1,X,MI,88276a4911fffff
260799502012019,25,3,9,17146051,130309,186networks,72,1,X,MI,88276a4909fffff
260799502012019,50,50,1,17146051,130309,186networks,72,1,X,MI,88276a490bfffff
260799502012024,25,3,40,17146051,130309,186networks,72,1,X,MI,88276a4961fffff
260799502012029,25,3,1,17146051,130309,186networks,72,1,X,MI,88276a49c7fffff
260799502012030,25,3,3,17146051,130309,186networks,72,1,X,MI,88276a49c5fffff
260799502012032,25,3,3,17146051,130309,186networks,72,1,X,MI,88276a49d5fffff
260799502012034,25,3,3,17146051,130309,186networks,72,1,X,MI,88276a49c7fffff
260799502012035,25,3,2,17146051,130309,186networks,72,1,X,MI,88276a498dfffff
260799502012038,25,3,25,17146051,130309,186networks,72,1,X,MI,88274186ddfffff
260799502012038,50,50,2,17146051,130309,186networks,72,1,X,MI,88274186ddfffff
260799502012039,25,3,12,17146051,130309,186networks,72,1,X,MI,88274186ddfffff
260799502012039,50,50,1,17146051,130309,186networks,72,1,X,MI,88274186ddfffff
260799502012040,25,3,27,17146051,130309,186networks,72,1,X,MI,88274186d1fffff
260799502012040,50,50,3,17146051,130309,186networks,72,1,X,MI,88274186d1fffff
260799502012041,25,3,3,17146051,130309,186networks,72,1,X,MI,88276a49a9fffff
260799502012042,25,3,1,17146051,130309,186networks,72,1,X,MI,88276a49a9fffff
260799502012043,25,3,6,17146051,130309,186networks,72,1,X,MI,88276a4983fffff
260799502012044,25,3,2,17146051,130309,186networks,72,1,X,MI,88276a4983fffff
260799502012045,25,3,5,17146051,130309,186networks,72,1,X,MI,88276a49adfffff
260799502012046,25,3,16,17146051,130309,186networks,72,1,X,MI,88276a4909fffff
260799502012046,50,50,1,17146051,130309,186networks,72,1,X,MI,88276a4909fffff
260799502021000,25,3,2,17146051,130309,186networks,72,1,X,MI,88276a413dfffff
260799502021002,25,3,2,17146051,130309,186networks,72,1,X,MI,88276a412bfffff
260799502021003,25,3,2,17146051,130309,186networks,72,1,X,MI,88276a4127fffff
260799502021004,25,3,3,17146051,130309,186networks,72,1,X,MI,88276a4acdfffff
260799502021005,25,3,5,17146051,130309,186networks,72,1,X,MI,88276a4123fffff
260799502021006,25,3,3,17146051,130309,186networks,72,1,X,MI,88276a413dfffff
260799502021008,25,3,2,17146051,130309,186networks,72,1,X,MI,88276a4acbfffff
260799502021009,25,3,9,17146051,130309,186networks,72,1,X,MI,88276a4acdfffff
260799502021015,25,3,5,17146051,130309,186networks,72,1,X,MI,88276a4135fffff
260799502021017,25,3,2,17146051,130309,186networks,72,1,X,MI,88276a4ac7fffff
260799502021024,25,3,1,17146051,130309,186networks,72,1,X,MI,88276a4a8dfffff
260799502021051,25,3,7,17146051,130309,186networks,72,1,X,MI,88276a4897fffff
260799502021052,25,3,1,17146051,130309,186networks,72,1,X,MI,88276a4895fffff
260799502021064,25,3,12,17146051,130309,186networks,72,1,X,MI,88276a48b3fffff
260799502021066,25,3,34,17146051,130309,186networks,72,1,X,MI,88276a4897fffff
260799502021067,25,3,25,17146051,130309,186networks,72,1,X,MI,88276a4897fffff
260799502021068,25,3,11,17146051,130309,186networks,72,1,X,MI,88276a4897fffff
260799502021070,25,3,1,17146051,130309,186networks,72,1,X,MI,88276a4893fffff
260799502021071,25,3,3,17146051,130309,186networks,72,1,X,MI,88276a4893fffff
260799502021076,25,3,11,17146051,130309,186networks,72,1,X,MI,88276a4f19fffff
260799502021079,25,3,1,17146051,130309,186networks,72,1,X,MI,88276a4f59fffff
260799502021080,25,3,5,17146051,130309,186networks,72,1,X,MI,88276a4f57fffff
260799502021081,25,3,2,17146051,130309,186networks,72,1,X,MI,88276a4f51fffff
260799502021087,25,3,4,17146051,130309,186networks,72,1,X,MI,88276a4897fffff
260799502021088,25,3,29,17146051,130309,186networks,72,1,X,MI,88276a48bbfffff
260799502021089,25,3,1,17146051,130309,186networks,72,1,X,MI,88276a48bbfffff
260799502021090,25,3,17,17146051,130309,186networks,72,1,X,MI,88276a48bbfffff
260799502021091,25,3,1,17146051,130309,186networks,72,1,X,MI,88276a4d6dfffff
260799502021092,25,3,1,17146051,130309,186networks,72,1,X,MI,88276a48bbfffff
260799502021093,25,3,1,17146051,130309,186networks,72,1,X,MI,88276a4893fffff
260799502021095,25,3,2,17146051,130309,186networks,72,1,X,MI,88276a4893fffff
260799502021103,25,3,2,17146051,130309,186networks,72,1,X,MI,88276a4d49fffff
260799502021104,25,3,23,17146051,130309,186networks,72,1,X,MI,88276a48bbfffff
260799502021108,25,3,7,17146051,130309,186networks,72,1,X,MI,88276a4f15fffff
260799502022000,25,3,4,17146051,130309,186networks,72,1,X,MI,88276a4121fffff
260799502022001,25,3,1,17146051,130309,186networks,72,1,X,MI,88276a4121fffff
260799502022003,25,3,7,17146051,130309,186networks,72,1,X,MI,88276a4127fffff
260799502022004,25,3,1,17146051,130309,186networks,72,1,X,MI,88276a4a39fffff
260799502022009,25,3,1,17146051,130309,186networks,72,1,X,MI,88276a4acdfffff
260799502022010,25,3,5,17146051,130309,186networks,72,1,X,MI,88276a4ac5fffff
260799502022012,25,3,2,17146051,130309,186networks,72,1,X,MI,88276a4aebfffff
260799502022013,25,3,4,17146051,130309,186networks,72,1,X,MI,88276a4ac5fffff
260799502022029,25,3,1,17146051,130309,186networks,72,1,X,MI,88276a480bfffff
260799502022030,25,3,2,17146051,130309,186networks,72,1,X,MI,88276a481bfffff
260799502022031,25,3,2,17146051,130309,186networks,72,1,X,MI,88276a4ac7fffff
260799502022035,25,3,2,17146051,130309,186networks,72,1,X,MI,88276a4813fffff
260799502022040,25,3,1,17146051,130309,186networks,72,1,X,MI,88276a48edfffff
260799502022041,25,3,1,17146051,130309,186networks,72,1,X,MI,88276a4807fffff
260799502022052,25,3,3,17146051,130309,186networks,72,1,X,MI,88276a498bfffff
260799502022062,25,3,3,17146051,130309,186networks,72,1,X,MI,882741b24bfffff
260799503001000,25,3,1,17146051,130309,186networks,72,1,X,MI,88276a4f3bfffff
260799503001005,25,3,3,17146051,130309,186networks,72,1,X,MI,88276a4c6dfffff
260799503001006,25,3,1,17146051,130309,186networks,72,1,X,MI,88276a4f37fffff
260799503001008,25,3,1,17146051,130309,186networks,72,1,X,MI,88276a4f37fffff
260799503001015,25,3,13,17146051,130309,186networks,72,1,X,MI,88276a4d45fffff
260799503001017,25,3,4,17146051,130309,186networks,72,1,X,MI,88276a4d45fffff
260799503001018,25,3,8,17146051,130309,186networks,72,1,X,MI,88276a4d45fffff
260799503001019,25,3,2,17146051,130309,186networks,72,1,X,MI,88276a4d45fffff
260799503001022,25,3,2,17146051,130309,186networks,72,1,X,MI,88276a4d45fffff
260799503001023,25,3,6,17146051,130309,186networks,72,1,X,MI,88276a4d45fffff
260799503001024,25,3,15,17146051,130309,186networks,72,1,X,MI,88276a4d69fffff
260799503001025,25,3,3,17146051,130309,186networks,72,1,X,MI,88276a4d69fffff
260799503001026,25,3,28,17146051,130309,186networks,72,1,X,MI,88276a4d61fffff
260799503001027,25,3,2,17146051,130309,186networks,72,1,X,MI,88276a4897fffff
260799503001028,25,3,4,17146051,130309,186networks,72,1,X,MI,88276a4d6dfffff
260799503001029,25,3,3,17146051,130309,186networks,72,1,X,MI,88276a4d6dfffff
260799503001030,25,3,7,17146051,130309,186networks,72,1,X,MI,88276a4d6dfffff
260799503001031,25,3,7,17146051,130309,186networks,72,1,X,MI,88276a4d6dfffff
260799503001032,25,3,4,17146051,130309,186networks,72,1,X,MI,88276a4d6dfffff
260799503001033,25,3,5,17146051,130309,186networks,72,1,X,MI,88276a4d6dfffff
260799503001034,25,3,7,17146051,130309,186networks,72,1,X,MI,88276a4d6dfffff
260799503001035,25,3,8,17146051,130309,186networks,72,1,X,MI,88276a4d6dfffff
260799503001036,25,3,9,17146051,130309,186networks,72,1,X,MI,88276a4d6dfffff
260799503001037,25,3,10,17146051,130309,186networks,72,1,X,MI,88276a4d6dfffff
260799503001038,25,3,4,17146051,130309,186networks,72,1,X,MI,88276a4d6dfffff
260799503001039,25,3,7,17146051,130309,186networks,72,1,X,MI,88276a4d6dfffff
260799503001040,25,3,11,17146051,130309,186networks,72,1,X,MI,88276a4d6dfffff
260799503001041,25,3,6,17146051,130309,186networks,72,1,X,MI,88276a4d6dfffff
260799503001042,25,3,7,17146051,130309,186networks,72,1,X,MI,88276a4d6dfffff
260799503001043,25,3,6,17146051,130309,186networks,72,1,X,MI,88276a4d6dfffff
260799503001044,25,3,5,17146051,130309,186networks,72,1,X,MI,88276a4d6dfffff
260799503001045,25,3,6,17146051,130309,186networks,72,1,X,MI,88276a4d6dfffff
260799503001046,25,3,9,17146051,130309,186networks,72,1,X,MI,88276a4d6dfffff
260799503001047,25,3,6,17146051,130309,186networks,72,1,X,MI,88276a4d6dfffff
260799503001048,25,3,6,17146051,130309,186networks,72,1,X,MI,88276a4d6dfffff
260799503001049,25,3,6,17146051,130309,186networks,72,1,X,MI,88276a4d6dfffff
260799503001050,25,3,9,17146051,130309,186networks,72,1,X,MI,88276a4d6dfffff
260799503001051,25,3,28,17146051,130309,186networks,72,1,X,MI,88276a4d69fffff
260799503001052,25,3,4,17146051,130309,186networks,72,1,X,MI,88276a4d69fffff
260799503001053,25,3,10,17146051,130309,186networks,72,1,X,MI,88276a4d69fffff
260799503001054,25,3,4,17146051,130309,186networks,72,1,X,MI,88276a4d61fffff
260799503001055,25,3,4,17146051,130309,186networks,72,1,X,MI,88276a4d61fffff
260799503001056,25,3,3,17146051,130309,186networks,72,1,X,MI,88276a4d61fffff
260799503001057,25,3,1,17146051,130309,186networks,72,1,X,MI,88276a4d61fffff
260799503001058,25,3,4,17146051,130309,186networks,72,1,X,MI,88276a4d61fffff
260799503001059,25,3,12,17146051,130309,186networks,72,1,X,MI,88276a4d61fffff
260799503001060,25,3,9,17146051,130309,186networks,72,1,X,MI,88276a4d61fffff
260799503001061,25,3,5,17146051,130309,186networks,72,1,X,MI,88276a4d61fffff
260799503001062,25,3,11,17146051,130309,186networks,72,1,X,MI,88276a4d61fffff
260799503001063,25,3,4,17146051,130309,186networks,72,1,X,MI,88276a4d61fffff
260799503001064,25,3,18,17146051,130309,186networks,72,1,X,MI,88276a4d61fffff
260799503001065,25,3,9,17146051,130309,186networks,72,1,X,MI,88276a4d61fffff
260799503001066,25,3,7,17146051,130309,186networks,72,1,X,MI,88276a4d61fffff
260799503001067,25,3,9,17146051,130309,186networks,72,1,X,MI,88276a4d61fffff
260799503001068,25,3,2,17146051,130309,186networks,72,1,X,MI,88276a4d61fffff
260799503001069,25,3,9,17146051,130309,186networks,72,1,X,MI,88276a4d61fffff
260799503001070,25,3,8,17146051,130309,186networks,72,1,X,MI,88276a4d61fffff
260799503001071,25,3,1,17146051,130309,186networks,72,1,X,MI,88276a4d61fffff
260799503001072,25,3,2,17146051,130309,186networks,72,1,X,MI,88276a4d61fffff
260799503001073,25,3,5,17146051,130309,186networks,72,1,X,MI,88276a4d61fffff
260799503001074,25,3,6,17146051,130309,186networks,72,1,X,MI,88276a4d6bfffff
260799503002000,25,3,4,17146051,130309,186networks,72,1,X,MI,88276a4d6dfffff
260799503002001,25,3,5,17146051,130309,186networks,72,1,X,MI,88276a4d6dfffff
260799503002002,25,3,2,17146051,130309,186networks,72,1,X,MI,88276a4d6dfffff
260799503002003,25,3,5,17146051,130309,186networks,72,1,X,MI,88276a48b3fffff
260799503002005,25,3,4,17146051,130309,186networks,72,1,X,MI,88276a48b3fffff
260799503002006,25,3,3,17146051,130309,186networks,72,1,X,MI,88276a48b3fffff
260799503002007,25,3,3,17146051,130309,186networks,72,1,X,MI,88276a4d6dfffff
260799503002008,25,3,4,17146051,130309,186networks,72,1,X,MI,88276a4d6dfffff
260799503002009,25,3,2,17146051,130309,186networks,72,1,X,MI,88276a4d6dfffff
260799503002010,25,3,8,17146051,130309,186networks,72,1,X,MI,88276a4d6dfffff
260799503002011,25,3,9,17146051,130309,186networks,72,1,X,MI,88276a4d6dfffff
260799503002012,25,3,7,17146051,130309,186networks,72,1,X,MI,88276a4d6dfffff
260799503002013,25,3,9,17146051,130309,186networks,72,1,X,MI,88276a4d6dfffff
260799503002014,25,3,8,17146051,130309,186networks,72,1,X,MI,88276a4d6dfffff
260799503002015,25,3,6,17146051,130309,186networks,72,1,X,MI,88276a4d6dfffff
260799503002016,25,3,6,17146051,130309,186networks,72,1,X,MI,88276a4d6dfffff
260799503002017,25,3,6,17146051,130309,186networks,72,1,X,MI,88276a4d6dfffff
260799503002018,25,3,4,17146051,130309,186networks,72,1,X,MI,88276a4d6dfffff
260799503002019,25,3,3,17146051,130309,186networks,72,1,X,MI,88276a4d6dfffff
260799503002020,25,3,6,17146051,130309,186networks,72,1,X,MI,88276a4d6dfffff
260799503002021,25,3,9,17146051,130309,186networks,72,1,X,MI,88276a4d6dfffff
260799503002022,25,3,6,17146051,130309,186networks,72,1,X,MI,88276a4d6dfffff
260799503002023,25,3,8,17146051,130309,186networks,72,1,X,MI,88276a4d6dfffff
260799503002024,25,3,4,17146051,130309,186networks,72,1,X,MI,88276a4d65fffff
260799503002025,25,3,3,17146051,130309,186networks,72,1,X,MI,88276a4d65fffff
260799503002026,25,3,7,17146051,130309,186networks,72,1,X,MI,88276a4d6dfffff
260799503002027,25,3,6,17146051,130309,186networks,72,1,X,MI,88276a4d6dfffff
260799503002028,25,3,10,17146051,130309,186networks,72,1,X,MI,88276a4d65fffff
260799503002029,25,3,8,17146051,130309,186networks,72,1,X,MI,88276a4d65fffff
260799503002030,25,3,8,17146051,130309,186networks,72,1,X,MI,88276a4d65fffff
260799503002031,25,3,1,17146051,130309,186networks,72,1,X,MI,88276a4d65fffff
260799503002032,25,3,7,17146051,130309,186networks,72,1,X,MI,882741b259fffff
260799503002033,25,3,3,17146051,130309,186networks,72,1,X,MI,882741b25bfffff
260799503002034,25,3,3,17146051,130309,186networks,72,1,X,MI,88276a4d65fffff
260799503002035,25,3,9,17146051,130309,186networks,72,1,X,MI,88276a4d65fffff
260799503002036,25,3,12,17146051,130309,186networks,72,1,X,MI,88276a4d65fffff
260799503002037,25,3,14,17146051,130309,186networks,72,1,X,MI,88276a4d65fffff
260799503002038,25,3,12,17146051,130309,186networks,72,1,X,MI,88276a4d61fffff
260799503002039,25,3,5,17146051,130309,186networks,72,1,X,MI,88276a4d61fffff
260799503002040,25,3,8,17146051,130309,186networks,72,1,X,MI,88276a4d61fffff
260799503002041,25,3,18,17146051,130309,186networks,72,1,X,MI,88276a4d61fffff
260799503002042,25,3,17,17146051,130309,186networks,72,1,X,MI,88276a4d61fffff
260799503002043,25,3,4,17146051,130309,186networks,72,1,X,MI,88276a4d65fffff
260799503002044,25,3,5,17146051,130309,186networks,72,1,X,MI,88276a4d65fffff
260799503002045,25,3,3,17146051,130309,186networks,72,1,X,MI,88276a4d65fffff
260799503002046,25,3,16,17146051,130309,186networks,72,1,X,MI,88276a4d65fffff
260799503002047,25,3,10,17146051,130309,186networks,72,1,X,MI,88276a4d6dfffff
260799503002049,25,3,16,17146051,130309,186networks,72,1,X,MI,88276a4d61fffff
260799503002050,25,3,6,17146051,130309,186networks,72,1,X,MI,88276a4d61fffff
260799503002051,25,3,6,17146051,130309,186networks,72,1,X,MI,88276a4d65fffff
260799503002052,25,3,15,17146051,130309,186networks,72,1,X,MI,88276a4d61fffff
260799503002053,25,3,15,17146051,130309,186networks,72,1,X,MI,88276a4d61fffff
260799503002054,25,3,17,17146051,130309,186networks,72,1,X,MI,88276a4d61fffff
260799503002055,25,3,15,17146051,130309,186networks,72,1,X,MI,88276a4d67fffff
260799503002056,25,3,13,17146051,130309,186networks,72,1,X,MI,88276a4d65fffff
260799503002057,25,3,11,17146051,130309,186networks,72,1,X,MI,88276a4d67fffff
260799503003000,25,3,7,17146051,130309,186networks,72,1,X,MI,88276a4d5bfffff
260799503003012,25,3,1,17146051,130309,186networks,72,1,X,MI,88276a4d6bfffff
260799503003017,25,3,1,17146051,130309,186networks,72,1,X,MI,88276a4d67fffff
260799503003018,25,3,11,17146051,130309,186networks,72,1,X,MI,88276a4d61fffff
260799503003019,25,3,5,17146051,130309,186networks,72,1,X,MI,88276a4d61fffff
260799503003020,25,3,8,17146051,130309,186networks,72,1,X,MI,88276a4d61fffff
260799503003021,25,3,3,17146051,130309,186networks,72,1,X,MI,88276a4d61fffff
260799503003022,25,3,1,17146051,130309,186networks,72,1,X,MI,88276a4d61fffff
260799503003023,25,3,5,17146051,130309,186networks,72,1,X,MI,88276a4d67fffff
260799503003024,25,3,5,17146051,130309,186networks,72,1,X,MI,88276a4d67fffff
260799503003025,25,3,4,17146051,130309,186networks,72,1,X,MI,882741b251fffff
260799503003026,25,3,3,17146051,130309,186networks,72,1,X,MI,882741b25bfffff
260799503003030,25,3,36,17146051,130309,186networks,72,1,X,MI,882741b251fffff
260799503003031,25,3,1,17146051,130309,186networks,72,1,X,MI,88276a48b3fffff
260799503003032,25,3,3,17146051,130309,186networks,72,1,X,MI,882741b24dfffff
260799503003035,25,3,4,17146051,130309,186networks,72,1,X,MI,8827418699fffff
260799503003036,25,3,5,17146051,130309,186networks,72,1,X,MI,88276a49a5fffff
260799503003037,25,3,1,17146051,130309,186networks,72,1,X,MI,88276a49adfffff
260799503003038,25,3,3,17146051,130309,186networks,72,1,X,MI,88276a49adfffff
260799503003039,25,3,3,17146051,130309,186networks,72,1,X,MI,88276a49adfffff
260799503003040,25,3,7,17146051,130309,186networks,72,1,X,MI,88276a4985fffff
260799503003046,25,3,2,17146051,130309,186networks,72,1,X,MI,8827418699fffff
260799503003047,25,3,2,17146051,130309,186networks,72,1,X,MI,8827418699fffff
260799503003048,25,3,1,17146051,130309,186networks,72,1,X,MI,8827418691fffff
260799503003071,25,3,5,17146051,130309,186networks,72,1,X,MI,88276a4d67fffff
260799503003073,25,3,1,17146051,130309,186networks,72,1,X,MI,88276a4d21fffff
260799503003074,25,3,1,17146051,130309,186networks,72,1,X,MI,88276a4d2dfffff
260799503003075,25,3,8,17146051,130309,186networks,72,1,X,MI,88276a4d67fffff
260799503003076,25,3,3,17146051,130309,186networks,72,1,X,MI,88276a4d63fffff
260799503003081,25,3,1,17146051,130309,186networks,72,1,X,MI,88276a4d57fffff
260799503003086,25,3,14,17146051,130309,186networks,72,1,X,MI,88276a4d23fffff
260799503003088,25,3,10,17146051,130309,186networks,72,1,X,MI,88276a4d05fffff
260799503003089,25,3,1,17146051,130309,186networks,72,1,X,MI,88276a4d2bfffff
260799503003090,25,3,8,17146051,130309,186networks,72,1,X,MI,88276a4d37fffff
260799503003091,25,3,10,17146051,130309,186networks,72,1,X,MI,88276a4d37fffff
260799503003094,25,3,7,17146051,130309,186networks,72,1,X,MI,88276a4d67fffff
260799503003097,25,3,3,17146051,130309,186networks,72,1,X,MI,88276a4d11fffff
260799503003098,25,3,5,17146051,130309,186networks,72,1,X,MI,88276a4d11fffff
260799503003103,25,3,4,17146051,130309,186networks,72,1,X,MI,88276a4d51fffff
260799503004000,25,3,2,17146051,130309,186networks,72,1,X,MI,88276a4dedfffff
260799503004001,25,3,17,17146051,130309,186networks,72,1,X,MI,882741b2dbfffff
260799503004002,25,3,19,17146051,130309,186networks,72,1,X,MI,882741b2d1fffff
260799503004003,25,3,9,17146051,130309,186networks,72,1,X,MI,882741b2d1fffff
260799503004004,25,3,1,17146051,130309,186networks,72,1,X,MI,882741b2ddfffff
260799503004013,25,3,1,17146051,130309,186networks,72,1,X,MI,882741b28bfffff
260799503004016,25,3,4,17146051,130309,186networks,72,1,X,MI,882741b28bfffff
260799503004017,25,3,3,17146051,130309,186networks,72,1,X,MI,882741b2d5fffff
260799503004036,25,3,1,17146051,130309,186networks,72,1,X,MI,882741b019fffff
260799503004054,25,3,4,17146051,130309,186networks,72,1,X,MI,882741b295fffff
260799503004056,25,3,2,17146051,130309,186networks,72,1,X,MI,882741b299fffff
260799503004057,25,3,3,17146051,130309,186networks,72,1,X,MI,882741b2dbfffff
260799503004062,25,3,3,17146051,130309,186networks,72,1,X,MI,882741b297fffff
260799506013018,25,3,2,17146051,130309,186networks,72,1,X,MI,88276a4107fffff
260799506021081,25,3,2,17146051,130309,186networks,72,1,X,MI,88276a4f17fffff
260799506022016,25,3,5,17146051,130309,186networks,72,1,X,MI,88276a4d53fffff
260799506022017,25,3,14,17146051,130309,186networks,72,1,X,MI,88276a4d57fffff
260799506022018,25,3,1,17146051,130309,186networks,72,1,X,MI,88276a4d11fffff
260799506022019,25,3,2,17146051,130309,186networks,72,1,X,MI,88276a4c25fffff
260899701001026,50,50,2,17146051,130309,186networks,72,1,X,MI,882741914dfffff
260899701001034,50,50,1,17146051,130309,186networks,72,1,X,MI,8827419155fffff
260899701001035,50,50,4,17146051,130309,186networks,72,1,X,MI,8827419147fffff
260899701001038,50,50,14,17146051,130309,186networks,72,1,X,MI,8827419141fffff
260899701001040,50,50,3,17146051,130309,186networks,72,1,X,MI,8827419155fffff
260899701001042,50,50,28,17146051,130309,186networks,72,1,X,MI,8827419025fffff
260899701002000,50,50,2,17146051,130309,186networks,72,1,X,MI,88274564d9fffff
260899701002004,50,50,6,17146051,130309,186networks,72,1,X,MI,88274564ddfffff
260899701002005,50,50,3,17146051,130309,186networks,72,1,X,MI,88274564ddfffff
260899701002008,50,50,12,17146051,130309,186networks,72,1,X,MI,88274564d5fffff
260899701002009,50,50,2,17146051,130309,186networks,72,1,X,MI,88274564d5fffff
260899701002010,50,50,13,17146051,130309,186networks,72,1,X,MI,88274564d5fffff
260899701002011,50,50,2,17146051,130309,186networks,72,1,X,MI,88274564d5fffff
260899701002012,50,50,7,17146051,130309,186networks,72,1,X,MI,88274564d1fffff
260899701002013,50,50,4,17146051,130309,186networks,72,1,X,MI,88274564d1fffff
260899701002014,50,50,2,17146051,130309,186networks,72,1,X,MI,88274564d5fffff
260899701002015,50,50,5,17146051,130309,186networks,72,1,X,MI,88274564d5fffff
260899701002016,50,50,4,17146051,130309,186networks,72,1,X,MI,88274564d5fffff
260899701002018,50,50,6,17146051,130309,186networks,72,1,X,MI,88274564d5fffff
260899701002019,50,50,7,17146051,130309,186networks,72,1,X,MI,88274564d1fffff
260899701002020,50,50,9,17146051,130309,186networks,72,1,X,MI,88274564d1fffff
260899701002021,50,50,15,17146051,130309,186networks,72,1,X,MI,88274564d1fffff
260899701002022,50,50,3,17146051,130309,186networks,72,1,X,MI,88274564d5fffff
260899701002023,50,50,5,17146051,130309,186networks,72,1,X,MI,88274564d7fffff
260899701002024,50,50,1,17146051,130309,186networks,72,1,X,MI,88274564d5fffff
260899701002025,50,50,2,17146051,130309,186networks,72,1,X,MI,88274564d5fffff
260899701002026,50,50,3,17146051,130309,186networks,72,1,X,MI,88274564d5fffff
260899701002027,50,50,2,17146051,130309,186networks,72,1,X,MI,88274564d5fffff
260899701002028,50,50,3,17146051,130309,186networks,72,1,X,MI,88274564d5fffff
260899701002029,50,50,4,17146051,130309,186networks,72,1,X,MI,88274564d5fffff
260899701002031,50,50,1,17146051,130309,186networks,72,1,X,MI,88274564d5fffff
260899701002032,50,50,1,17146051,130309,186networks,72,1,X,MI,88274564d5fffff
260899701002037,50,50,1,17146051,130309,186networks,72,1,X,MI,8827456491fffff
260899701003001,50,50,19,17146051,130309,186networks,72,1,X,MI,8827456499fffff
260899701003006,50,50,3,17146051,130309,186networks,72,1,X,MI,88274566b9fffff
260899701003007,50,50,34,17146051,130309,186networks,72,1,X,MI,88274566b7fffff
260899701003008,50,50,148,17146051,130309,186networks,72,1,X,MI,88274529edfffff
260899701003011,50,50,9,17146051,130309,186networks,72,1,X,MI,8827456693fffff
260899701003013,50,50,28,17146051,130309,186networks,72,1,X,MI,8827456693fffff
260899701003017,50,50,10,17146051,130309,186networks,72,1,X,MI,8827456499fffff
260899701003019,50,50,1,17146051,130309,186networks,72,1,X,MI,88274529e5fffff
260899701003020,50,50,8,17146051,130309,186networks,72,1,X,MI,88274529e5fffff
260899701003029,50,50,3,17146051,130309,186networks,72,1,X,MI,88274566b1fffff
260899701003031,50,50,8,17146051,130309,186networks,72,1,X,MI,88274566b1fffff
260899702011005,50,50,8,17146051,130309,186networks,72,1,X,MI,88274191e7fffff
260899702011007,50,50,6,17146051,130309,186networks,72,1,X,MI,88274191a1fffff
260899702011008,50,50,1,17146051,130309,186networks,72,1,X,MI,88274191e7fffff
260899702011009,50,50,2,17146051,130309,186networks,72,1,X,MI,88274191e7fffff
260899702011014,50,50,1,17146051,130309,186networks,72,1,X,MI,88274191a9fffff
260899702011018,50,50,3,17146051,130309,186networks,72,1,X,MI,88274191a9fffff
260899702011019,50,50,2,17146051,130309,186networks,72,1,X,MI,88274191a9fffff
260899702011020,50,50,5,17146051,130309,186networks,72,1,X,MI,88274191e1fffff
260899702011062,50,50,1,17146051,130309,186networks,72,1,X,MI,882741836dfffff
260899702011064,50,50,1,17146051,130309,186networks,72,1,X,MI,8827418369fffff
260899702011066,50,50,17,17146051,130309,186networks,72,1,X,MI,8827418369fffff
260899702011068,50,50,14,17146051,130309,186networks,72,1,X,MI,88274191a5fffff
260899702011077,50,50,5,17146051,130309,186networks,72,1,X,MI,88274191e7fffff
260899702011079,50,50,1,17146051,130309,186networks,72,1,X,MI,88274191e7fffff
260899702011080,50,50,1,17146051,130309,186networks,72,1,X,MI,88274191e7fffff
260899702011084,50,50,4,17146051,130309,186networks,72,1,X,MI,88274191e7fffff
260899702011090,50,50,1,17146051,130309,186networks,72,1,X,MI,88274191a1fffff
260899702011093,50,50,5,17146051,130309,186networks,72,1,X,MI,8827418369fffff
260899702011094,50,50,4,17146051,130309,186networks,72,1,X,MI,8827418361fffff
260899702011109,50,50,37,17146051,130309,186networks,72,1,X,MI,882741836bfffff
260899702011111,50,50,1,17146051,130309,186networks,72,1,X,MI,8827418363fffff
260899702011122,50,50,1,17146051,130309,186networks,72,1,X,MI,88274191e7fffff
260899702012004,50,50,3,17146051,130309,186networks,72,1,X,MI,8827418069fffff
260899702012005,50,50,77,17146051,130309,186networks,72,1,X,MI,8827418355fffff
260899702012008,50,50,1,17146051,130309,186networks,72,1,X,MI,882741834bfffff
260899702012011,50,50,5,17146051,130309,186networks,72,1,X,MI,882741835dfffff
260899702012025,50,50,2,17146051,130309,186networks,72,1,X,MI,8827418311fffff
260899702012026,50,50,2,17146051,130309,186networks,72,1,X,MI,8827418311fffff
260899702012041,50,50,1,17146051,130309,186networks,72,1,X,MI,882741806bfffff
260899702021005,50,50,3,17146051,130309,186networks,72,1,X,MI,8827418367fffff
260899702021016,50,50,2,17146051,130309,186networks,72,1,X,MI,8827418367fffff
260899702021018,50,50,2,17146051,130309,186networks,72,1,X,MI,8827418363fffff
260899702021019,50,50,1,17146051,130309,186networks,72,1,X,MI,8827418363fffff
260899702021021,50,50,1,17146051,130309,186networks,72,1,X,MI,8827418363fffff
260899702021026,50,50,1,17146051,130309,186networks,72,1,X,MI,8827418363fffff
260899702021031,50,50,1,17146051,130309,186networks,72,1,X,MI,8827418329fffff
260899702021038,50,50,4,17146051,130309,186networks,72,1,X,MI,8827418329fffff
260899705012081,25,3,8,17146051,130309,186networks,72,1,X,MI,8827418d5bfffff
260899705012083,25,3,8,17146051,130309,186networks,72,1,X,MI,8827418d53fffff
260899706012005,25,3,4,17146051,130309,186networks,72,1,X,MI,8827418e35fffff
260899706012017,25,3,7,17146051,130309,186networks,72,1,X,MI,8827418c69fffff
260899706012018,25,3,39,17146051,130309,186networks,72,1,X,MI,8827418c67fffff
260899706012020,25,3,6,17146051,130309,186networks,72,1,X,MI,8827418c47fffff
260899706012022,25,3,12,17146051,130309,186networks,72,1,X,MI,8827418c5dfffff
260899706012024,25,3,1,17146051,130309,186networks,72,1,X,MI,8827418c4bfffff
260899706012026,25,3,9,17146051,130309,186networks,72,1,X,MI,8827418e35fffff
260899706012030,25,3,2,17146051,130309,186networks,72,1,X,MI,8827418c5dfffff
260899706012037,25,3,5,17146051,130309,186networks,72,1,X,MI,8827418c5dfffff
260899706012038,25,3,15,17146051,130309,186networks,72,1,X,MI,8827418e35fffff
260899706012046,25,3,4,17146051,130309,186networks,72,1,X,MI,8827418c47fffff
260899706012048,25,3,2,17146051,130309,186networks,72,1,X,MI,8827418c0dfffff
260899706012049,25,3,5,17146051,130309,186networks,72,1,X,MI,8827418c63fffff
260899706012051,25,3,6,17146051,130309,186networks,72,1,X,MI,8827418c69fffff
260899706021018,25,3,24,17146051,130309,186networks,72,1,X,MI,8827418e35fffff
260899706021020,25,3,25,17146051,130309,186networks,72,1,X,MI,8827418e23fffff
