block_geoid,max_advertised_download_speed,max_advertised_upload_speed,count,frn,provider_id,brand_name,technology,low_latency,business_residential_code,state_usps,h3_res8_id
260172809002005,0,0,1,16094708,130019,Air Advantage,72,1,X,MI,88276b68d9fffff
260172809002007,0,0,1,16094708,130019,Air Advantage,72,1,X,MI,88276b68d9fffff
260172852011004,10,1,1,16094708,130019,Air Advantage,72,1,X,MI,88276b60e5fffff
260172852011005,0,0,3,16094708,130019,Air Advantage,72,1,X,MI,88276b6033fffff
260172852011005,10,1,3,16094708,130019,Air Advantage,72,1,X,MI,88276b61d9fffff
260172852011006,0,0,4,16094708,130019,Air Advantage,72,1,X,MI,88276b6037fffff
260172852011009,0,0,3,16094708,130019,Air Advantage,72,1,X,MI,88276b6181fffff
260172852011010,0,0,2,16094708,130019,Air Advantage,72,1,X,MI,88276b6189fffff
260172852011011,0,0,1,16094708,130019,Air Advantage,72,1,X,MI,88276b61d5fffff
260172852011011,10,1,7,16094708,130019,Air Advantage,72,1,X,MI,88276b61dbfffff
260172852011014,10,1,1,16094708,130019,Air Advantage,72,1,X,MI,88276b60e5fffff
260172852011015,10,1,6,16094708,130019,Air Advantage,72,1,X,MI,88276b60e7fffff
260172852011016,10,1,1,16094708,130019,Air Advantage,72,1,X,MI,88276b60e7fffff
260172852011018,10,1,2,16094708,130019,Air Advantage,72,1,X,MI,88276b60e3fffff
260172852011019,10,1,3,16094708,130019,Air Advantage,72,1,X,MI,88276b60a9fffff
260172852011020,10,1,3,16094708,130019,Air Advantage,72,1,X,MI,88276b60e7fffff
260172852011022,10,1,2,16094708,130019,Air Advantage,72,1,X,MI,88276b60adfffff
260172852011024,10,1,5,16094708,130019,Air Advantage,72,1,X,MI,88276b61d7fffff
260172852011025,10,1,4,16094708,130019,Air Advantage,72,1,X,MI,88276b61d7fffff
260172852011026,0,0,8,16094708,130019,Air Advantage,72,1,X,MI,88276b6183fffff
260172852011026,10,1,3,16094708,130019,Air Advantage,72,1,X,MI,88276b6183fffff
260172852011027,10,1,1,16094708,130019,Air Advantage,72,1,X,MI,88276b60a9fffff
260172852011028,10,1,1,16094708,130019,Air Advantage,72,1,X,MI,88276b6085fffff
260172852011029,10,1,3,16094708,130019,Air Advantage,72,1,X,MI,88276b6081fffff
260172852011030,10,1,7,16094708,130019,Air Advantage,72,1,X,MI,88276b6083fffff
260172852011031,10,1,7,16094708,130019,Air Advantage,72,1,X,MI,88276b60bdfffff
260172852011032,10,1,3,16094708,130019,Air Advantage,72,1,X,MI,88276b60abfffff
260172852011033,10,1,2,16094708,130019,Air Advantage,72,1,X,MI,88276b60a3fffff
260172852011034,10,1,1,16094708,130019,Air Advantage,72,1,X,MI,88276b60a5fffff
260172852011035,10,1,1,16094708,130019,Air Advantage,72,1,X,MI,88276b60adfffff
260172852011036,10,1,5,16094708,130019,Air Advantage,72,1,X,MI,88276b60a7fffff
260172852011038,10,1,1,16094708,130019,Air Advantage,72,1,X,MI,88276b6081fffff
260172852011039,10,1,6,16094708,130019,Air Advantage,72,1,X,MI,88276b6083fffff
260172852012000,10,1,3,16094708,130019,Air Advantage,72,1,X,MI,88276b6a9bfffff
260172852012001,10,1,10,16094708,130019,Air Advantage,72,1,X,MI,88276b6a9bfffff
260172852012010,0,0,2,16094708,130019,Air Advantage,72,1,X,MI,88276b6a91fffff
260172852012010,10,1,1,16094708,130019,Air Advantage,72,1,X,MI,88276b6a91fffff
260172852015001,0,0,1,16094708,130019,Air Advantage,72,1,X,MI,88276b61a9fffff
260172852015002,0,0,1,16094708,130019,Air Advantage,72,1,X,MI,88276b61adfffff
260172852015005,0,0,2,16094708,130019,Air Advantage,72,1,X,MI,88276b61a1fffff
260172852015005,10,1,1,16094708,130019,Air Advantage,72,1,X,MI,88276b61a7fffff
260172852015006,0,0,1,16094708,130019,Air Advantage,72,1,X,MI,88276b61a1fffff
260172852016008,0,0,2,16094708,130019,Air Advantage,72,1,X,MI,88276b61a9fffff
260172852016009,0,0,16,16094708,130019,Air Advantage,72,1,X,MI,88276b61a9fffff
260172852016011,0,0,1,16094708,130019,Air Advantage,72,1,X,MI,88276b6187fffff
260172852016012,0,0,6,16094708,130019,Air Advantage,72,1,X,MI,88276b6187fffff
260172852021017,10,1,1,16094708,130019,Air Advantage,72,1,X,MI,88276b61c5fffff
260172853001000,10,1,22,16094708,130019,Air Advantage,72,1,X,MI,88276b61a7fffff
260172853001001,10,1,7,16094708,130019,Air Advantage,72,1,X,MI,88276b6a9bfffff
260172853001004,10,1,6,16094708,130019,Air Advantage,72,1,X,MI,88276b6f41fffff
260172853001007,0,0,1,16094708,130019,Air Advantage,72,1,X,MI,88276b6f43fffff
260172853001007,10,1,14,16094708,130019,Air Advantage,72,1,X,MI,88276b6f43fffff
260172853001008,10,1,4,16094708,130019,Air Advantage,72,1,X,MI,88276b6f0dfffff
260172853001010,10,1,18,16094708,130019,Air Advantage,72,1,X,MI,88276b6f5dfffff
260172853001014,10,1,1,16094708,130019,Air Advantage,72,1,X,MI,88276b6f6bfffff
260172853001016,10,1,1,16094708,130019,Air Advantage,72,1,X,MI,88276b6f61fffff
260172853002000,10,1,5,16094708,130019,Air Advantage,72,1,X,MI,88276b6f55fffff
260172853002001,10,1,10,16094708,130019,Air Advantage,72,1,X,MI,88276b6f55fffff
260172853002002,10,1,6,16094708,130019,Air Advantage,72,1,X,MI,88276b6f01fffff
260172853002003,10,1,1,16094708,130019,Air Advantage,72,1,X,MI,88276b6f09fffff
260172853002005,10,1,11,16094708,130019,Air Advantage,72,1,X,MI,88276b6f01fffff
260172853002006,0,0,2,16094708,130019,Air Advantage,72,1,X,MI,88276b6f63fffff
260172853002006,10,1,5,16094708,130019,Air Advantage,72,1,X,MI,88276b6f05fffff
260172853002007,10,1,8,16094708,130019,Air Advantage,72,1,X,MI,88276b6f63fffff
260172853002008,10,1,4,16094708,130019,Air Advantage,72,1,X,MI,88276b6f63fffff
260172853002009,10,1,2,16094708,130019,Air Advantage,72,1,X,MI,88276b6f67fffff
260172853002011,10,1,22,16094708,130019,Air Advantage,72,1,X,MI,88276b6f67fffff
260172853002013,10,1,4,16094708,130019,Air Advantage,72,1,X,MI,88276b6f29fffff
260172853002014,10,1,4,16094708,130019,Air Advantage,72,1,X,MI,88276b6f1dfffff
260172853002016,10,1,4,16094708,130019,Air Advantage,72,1,X,MI,88276b6e25fffff
260172853002017,10,1,18,16094708,130019,Air Advantage,72,1,X,MI,88276b6e27fffff
260172853002018,10,1,2,16094708,130019,Air Advantage,72,1,X,MI,88276b6f1bfffff
260172853002019,10,1,6,16094708,130019,Air Advantage,72,1,X,MI,88276b6f39fffff
260172853002020,10,1,5,16094708,130019,Air Advantage,72,1,X,MI,88276b6f15fffff
260172853003001,10,1,10,16094708,130019,Air Advantage,72,1,X,MI,88276b6f67fffff
260172853003012,10,1,5,16094708,130019,Air Advantage,72,1,X,MI,88276b6f29fffff
260172853003014,10,1,2,16094708,130019,Air Advantage,72,1,X,MI,88276b6f07fffff
260172853004001,10,1,3,16094708,130019,Air Advantage,72,1,X,MI,88276b61d7fffff
260172853004002,0,0,1,16094708,130019,Air Advantage,72,1,X,MI,88276b60a7fffff
260172853004002,10,1,6,16094708,130019,Air Advantage,72,1,X,MI,88276b619bfffff
260172853004003,10,1,4,16094708,130019,Air Advantage,72,1,X,MI,88276b6191fffff
260172853004004,10,1,6,16094708,130019,Air Advantage,72,1,X,MI,88276b6191fffff
260172853004005,10,1,14,16094708,130019,Air Advantage,72,1,X,MI,88276b619dfffff
260172853004006,10,1,2,16094708,130019,Air Advantage,72,1,X,MI,88276b6183fffff
260172853004007,0,0,8,16094708,130019,Air Advantage,72,1,X,MI,88276b61b9fffff
260172853004008,0,0,1,16094708,130019,Air Advantage,72,1,X,MI,88276b61a3fffff
260172853004008,10,1,1,16094708,130019,Air Advantage,72,1,X,MI,88276b61a3fffff
260172853004009,10,1,8,16094708,130019,Air Advantage,72,1,X,MI,88276b61a7fffff
260172853004010,10,1,2,16094708,130019,Air Advantage,72,1,X,MI,88276b6f49fffff
260172853004011,0,0,2,16094708,130019,Air Advantage,72,1,X,MI,88276b61bdfffff
260172853004011,10,1,4,16094708,130019,Air Advantage,72,1,X,MI,88276b61b5fffff
260172853004012,0,0,3,16094708,130019,Air Advantage,72,1,X,MI,88276b61b9fffff
260172853004012,10,1,5,16094708,130019,Air Advantage,72,1,X,MI,88276b61b1fffff
260172853004013,0,0,1,16094708,130019,Air Advantage,72,1,X,MI,88276b61b9fffff
260172853004013,10,1,6,16094708,130019,Air Advantage,72,1,X,MI,88276b6195fffff
260172853004014,0,0,1,16094708,130019,Air Advantage,72,1,X,MI,88276b6193fffff
260172853004014,10,1,8,16094708,130019,Air Advantage,72,1,X,MI,88276b619bfffff
260172853004015,10,1,7,16094708,130019,Air Advantage,72,1,X,MI,88276b6e4dfffff
260172853004016,10,1,5,16094708,130019,Air Advantage,72,1,X,MI,88276b60a7fffff
260172853004017,10,1,1,16094708,130019,Air Advantage,72,1,X,MI,88276b60a3fffff
260172853004018,0,0,1,16094708,130019,Air Advantage,72,1,X,MI,88276b6197fffff
260172853004018,10,1,2,16094708,130019,Air Advantage,72,1,X,MI,88276b6197fffff
260172853004019,0,0,2,16094708,130019,Air Advantage,72,1,X,MI,88276b6197fffff
260172853004019,10,1,7,16094708,130019,Air Advantage,72,1,X,MI,88276b6e6dfffff
260172853004020,10,1,4,16094708,130019,Air Advantage,72,1,X,MI,88276b6e41fffff
260172853004021,10,1,5,16094708,130019,Air Advantage,72,1,X,MI,88276b60b7fffff
260172853004022,0,0,1,16094708,130019,Air Advantage,72,1,X,MI,88276b60b7fffff
260172853004022,10,1,2,16094708,130019,Air Advantage,72,1,X,MI,88276b60b7fffff
260172853004023,10,1,4,16094708,130019,Air Advantage,72,1,X,MI,88276b6e43fffff
260172853004024,10,1,4,16094708,130019,Air Advantage,72,1,X,MI,88276b6e43fffff
260172853004025,10,1,3,16094708,130019,Air Advantage,72,1,X,MI,88276b6e51fffff
260172853004026,10,1,7,16094708,130019,Air Advantage,72,1,X,MI,88276b6e55fffff
260172853004027,0,0,2,16094708,130019,Air Advantage,72,1,X,MI,88276b6e57fffff
260172853004027,10,1,6,16094708,130019,Air Advantage,72,1,X,MI,88276b6e1dfffff
260172853004028,10,1,23,16094708,130019,Air Advantage,72,1,X,MI,88276b6e1dfffff
260172853004029,10,1,3,16094708,130019,Air Advantage,72,1,X,MI,88276b6e0dfffff
260172853004030,10,1,1,16094708,130019,Air Advantage,72,1,X,MI,88276b6e6bfffff
260172853004032,0,0,2,16094708,130019,Air Advantage,72,1,X,MI,88276b6e69fffff
260172853004032,10,1,1,16094708,130019,Air Advantage,72,1,X,MI,88276b6193fffff
260172853004033,0,0,1,16094708,130019,Air Advantage,72,1,X,MI,88276b6e6dfffff
260172853004034,10,1,6,16094708,130019,Air Advantage,72,1,X,MI,88276b6e65fffff
260172853004035,10,1,4,16094708,130019,Air Advantage,72,1,X,MI,88276b61bbfffff
260172853004036,10,1,11,16094708,130019,Air Advantage,72,1,X,MI,88276b61b3fffff
260172853004037,10,1,3,16094708,130019,Air Advantage,72,1,X,MI,88276b6f59fffff
260172853004038,0,0,1,16094708,130019,Air Advantage,72,1,X,MI,88276b6f59fffff
260172853004038,10,1,28,16094708,130019,Air Advantage,72,1,X,MI,88276b6f53fffff
260172853004041,10,1,1,16094708,130019,Air Advantage,72,1,X,MI,88276b6f53fffff
260172853004042,0,0,2,16094708,130019,Air Advantage,72,1,X,MI,88276b6e23fffff
260172853004042,10,1,6,16094708,130019,Air Advantage,72,1,X,MI,88276b6e25fffff
260172853004043,10,1,17,16094708,130019,Air Advantage,72,1,X,MI,88276b6e29fffff
260172853004044,10,1,20,16094708,130019,Air Advantage,72,1,X,MI,88276b6e61fffff
260172853004045,0,0,1,16094708,130019,Air Advantage,72,1,X,MI,88276b6e6bfffff
260172853004045,10,1,4,16094708,130019,Air Advantage,72,1,X,MI,88276b6e6bfffff
260172853004046,10,1,3,16094708,130019,Air Advantage,72,1,X,MI,88276b6e05fffff
260172853004047,10,1,2,16094708,130019,Air Advantage,72,1,X,MI,88276b6e43fffff
260172853004048,10,1,2,16094708,130019,Air Advantage,72,1,X,MI,88276b6e09fffff
260172853004049,10,1,2,16094708,130019,Air Advantage,72,1,X,MI,88276b6e07fffff
260172853005003,10,1,3,16094708,130019,Air Advantage,72,1,X,MI,88276b60bdfffff
260172853005006,10,1,1,16094708,130019,Air Advantage,72,1,X,MI,88276b60b7fffff
260172853005008,10,1,1,16094708,130019,Air Advantage,72,1,X,MI,88276b60b1fffff
260172853005010,10,1,1,16094708,130019,Air Advantage,72,1,X,MI,88276b60b1fffff
260172853005014,10,1,3,16094708,130019,Air Advantage,72,1,X,MI,88276b6569fffff
260172853005016,10,1,1,16094708,130019,Air Advantage,72,1,X,MI,88276b6561fffff
260172853005026,10,1,2,16094708,130019,Air Advantage,72,1,X,MI,88276b6567fffff
260172853005027,10,1,1,16094708,130019,Air Advantage,72,1,X,MI,88276b6e5bfffff
260172853005033,0,0,1,16094708,130019,Air Advantage,72,1,X,MI,88276b6e59fffff
260172853005033,10,1,4,16094708,130019,Air Advantage,72,1,X,MI,88276b6e59fffff
260172853005034,10,1,5,16094708,130019,Air Advantage,72,1,X,MI,88276b6e53fffff
260172853005037,0,0,1,16094708,130019,Air Advantage,72,1,X,MI,88276b6ecdfffff
260172853005037,10,1,1,16094708,130019,Air Advantage,72,1,X,MI,88276b6ecdfffff
260172853005039,0,0,1,16094708,130019,Air Advantage,72,1,X,MI,88276b6525fffff
260172853005040,10,1,6,16094708,130019,Air Advantage,72,1,X,MI,88276b6e1dfffff
260172853005041,10,1,14,16094708,130019,Air Advantage,72,1,X,MI,88276b6e1dfffff
260172853005042,0,0,1,16094708,130019,Air Advantage,72,1,X,MI,88276b6e07fffff
260172853005042,10,1,1,16094708,130019,Air Advantage,72,1,X,MI,88276b6e39fffff
260172853005043,0,0,1,16094708,130019,Air Advantage,72,1,X,MI,88276b6e39fffff
260172853005044,0,0,1,16094708,130019,Air Advantage,72,1,X,MI,88276b6e31fffff
260172853005046,10,1,2,16094708,130019,Air Advantage,72,1,X,MI,88276b6e23fffff
260172853005048,10,1,4,16094708,130019,Air Advantage,72,1,R,MI,88276b6c41fffff
260172853005049,10,1,1,16094708,130019,Air Advantage,72,1,X,MI,88276b6e37fffff
260172853005051,10,1,6,16094708,130019,Air Advantage,72,1,X,MI,88276b6e33fffff
260172853005052,0,0,2,16094708,130019,Air Advantage,72,1,X,MI,88276b6e31fffff
260172853005052,10,1,2,16094708,130019,Air Advantage,72,1,X,MI,88276b6e3bfffff
260172853005054,0,0,2,16094708,130019,Air Advantage,72,1,X,MI,88276b6e1bfffff
260172853005054,10,1,5,16094708,130019,Air Advantage,72,1,X,MI,88276b6e13fffff
260172853005058,10,1,3,16094708,130019,Air Advantage,72,1,X,MI,88276b6c59fffff
260172853005059,10,1,6,16094708,130019,Air Advantage,72,1,X,MI,88276b6c59fffff
260172853005060,10,1,1,16094708,130019,Air Advantage,72,1,X,MI,88276b6c51fffff
260172853005063,10,1,3,16094708,130019,Air Advantage,72,1,X,MI,88276b6c5bfffff
260172853005066,10,1,1,16094708,130019,Air Advantage,72,1,X,MI,88276b6c5bfffff
260172853005067,10,1,1,16094708,130019,Air Advantage,72,1,X,MI,88276b6c5bfffff
260172853005072,10,1,2,16094708,130019,Air Advantage,72,1,X,MI,88276b6c5bfffff
260172853005073,10,1,1,16094708,130019,Air Advantage,72,1,X,MI,88276b6c5bfffff
260172853005074,10,1,8,16094708,130019,Air Advantage,72,1,X,MI,88276b6c59fffff
260172853005075,10,1,2,16094708,130019,Air Advantage,72,1,X,MI,88276b6c55fffff
260172853005076,10,1,4,16094708,130019,Air Advantage,72,1,R,MI,88276b6c41fffff
260172853005079,10,1,1,16094708,130019,Air Advantage,72,1,X,MI,88276b6c0bfffff
260172853005080,10,1,5,16094708,130019,Air Advantage,72,1,X,MI,88276b6c57fffff
260172853005081,10,1,3,16094708,130019,Air Advantage,72,1,X,MI,88276b6c53fffff
260172853005082,10,1,3,16094708,130019,Air Advantage,72,1,X,MI,88276b6c53fffff
260172853005083,10,1,2,16094708,130019,Air Advantage,72,1,X,MI,88276b6c53fffff
260172853005085,10,1,7,16094708,130019,Air Advantage,72,1,X,MI,88276b6ea9fffff
260172853005088,0,0,1,16094708,130019,Air Advantage,72,1,X,MI,88276b6ee7fffff
260172853005088,10,1,10,16094708,130019,Air Advantage,72,1,X,MI,88276b6ee3fffff
260172853005089,10,1,2,16094708,130019,Air Advantage,72,1,X,MI,88276b6e8dfffff
260172853005090,10,1,4,16094708,130019,Air Advantage,72,1,X,MI,88276b6eebfffff
260172853005091,10,1,3,16094708,130019,Air Advantage,72,1,X,MI,88276b6e17fffff
260172853005092,10,1,6,16094708,130019,Air Advantage,72,1,X,MI,88276b6ee1fffff
260172853005093,10,1,2,16094708,130019,Air Advantage,72,1,X,MI,88276b6ee1fffff
260172853005094,10,1,1,16094708,130019,Air Advantage,72,1,X,MI,88276b6ee5fffff
260172853005095,10,1,3,16094708,130019,Air Advantage,72,1,X,MI,88276b6ee7fffff
260172853005096,10,1,3,16094708,130019,Air Advantage,72,1,X,MI,88276b6ee3fffff
260172853005097,10,1,3,16094708,130019,Air Advantage,72,1,X,MI,88276b6e8dfffff
260172853005098,10,1,1,16094708,130019,Air Advantage,72,1,X,MI,88276b6e89fffff
260172853005099,10,1,3,16094708,130019,Air Advantage,72,1,X,MI,88276b6ec7fffff
260172853005100,10,1,4,16094708,130019,Air Advantage,72,1,X,MI,88276b6ec3fffff
260172853005101,10,1,3,16094708,130019,Air Advantage,72,1,X,MI,88276b6ecdfffff
260172853005103,0,0,1,16094708,130019,Air Advantage,72,1,X,MI,88276b6ed9fffff
260172853005103,10,1,4,16094708,130019,Air Advantage,72,1,X,MI,88276b6533fffff
260172853005104,10,1,1,16094708,130019,Air Advantage,72,1,X,MI,88276b6531fffff
260172853005106,10,1,2,16094708,130019,Air Advantage,72,1,X,MI,88276b653dfffff
260172853005108,10,1,2,16094708,130019,Air Advantage,72,1,X,MI,88276b6eddfffff
260172853005109,10,1,3,16094708,130019,Air Advantage,72,1,X,MI,88276b6ec3fffff
260172853005110,10,1,3,16094708,130019,Air Advantage,72,1,X,MI,88276b6ecdfffff
260172853005112,0,0,4,16094708,130019,Air Advantage,72,1,X,MI,88276b6ecbfffff
260172853005113,0,0,1,16094708,130019,Air Advantage,72,1,X,MI,88276b6535fffff
260172853005114,0,0,3,16094708,130019,Air Advantage,72,1,X,MI,88276b6ec3fffff
260172853005114,10,1,4,16094708,130019,Air Advantage,72,1,X,MI,88276b6ec3fffff
260172853005115,0,0,1,16094708,130019,Air Advantage,72,1,X,MI,88276b6523fffff
260172854001026,10,1,2,16094708,130019,Air Advantage,72,1,X,MI,88276b68b1fffff
260490102011001,10,1,1,16094708,130019,Air Advantage,72,1,X,MI,88274d882bfffff
260490102011003,10,1,2,16094708,130019,Air Advantage,72,1,X,MI,88274d8827fffff
260490102011016,10,1,1,16094708,130019,Air Advantage,72,1,X,MI,88274d89c7fffff
260490102011017,10,1,1,16094708,130019,Air Advantage,72,1,X,MI,88274d89ddfffff
260490102011018,10,1,4,16094708,130019,Air Advantage,72,1,X,MI,88274d8837fffff
260490102011025,10,1,3,16094708,130019,Air Advantage,72,1,X,MI,88274d89ddfffff
260490124021000,10,1,1,16094708,130019,Air Advantage,72,1,X,MI,88274d82bdfffff
260490124021005,10,1,1,16094708,130019,Air Advantage,72,1,X,MI,88274d80cdfffff
260490124021008,10,1,2,16094708,130019,Air Advantage,72,1,X,MI,88274d80ddfffff
260490124021009,10,1,1,16094708,130019,Air Advantage,72,1,X,MI,88274d80ddfffff
260490124021013,0,0,1,16094708,130019,Air Advantage,72,1,R,MI,88274d82b1fffff
260490124021015,0,0,3,16094708,130019,Air Advantage,72,1,R,MI,88274d82bbfffff
260490124021015,10,1,3,16094708,130019,Air Advantage,72,1,X,MI,88274d82bbfffff
260490126012004,0,0,1,16094708,130019,Air Advantage,72,1,X,MI,88274dc6c7fffff
260490126012010,0,0,2,16094708,130019,Air Advantage,72,1,X,MI,88274dc6c7fffff
260490126012010,10,1,1,16094708,130019,Air Advantage,72,1,X,MI,88274dc6c7fffff
260490126013000,10,1,1,16094708,130019,Air Advantage,72,1,X,MI,88274d8913fffff
260490126013001,10,1,3,16094708,130019,Air Advantage,72,1,X,MI,88274d89edfffff
260490126013007,10,1,1,16094708,130019,Air Advantage,72,1,X,MI,88274dc6c9fffff
260490126013015,10,1,3,16094708,130019,Air Advantage,72,1,X,MI,88274dc6dbfffff
260490126013023,10,1,3,16094708,130019,Air Advantage,72,1,X,MI,88274d89e1fffff
260490126013031,10,1,1,16094708,130019,Air Advantage,72,1,X,MI,88274dc6dbfffff
260639501001060,10,1,10,16094708,130019,Air Advantage,72,1,X,MI,88276bbb2bfffff
260639501001061,10,1,3,16094708,130019,Air Advantage,72,1,X,MI,88276bbb2bfffff
260639501001062,10,1,2,16094708,130019,Air Advantage,72,1,X,MI,88276bbb2bfffff
260639501001072,10,1,1,16094708,130019,Air Advantage,72,1,X,MI,88276bbb39fffff
260639501001074,0,0,3,16094708,130019,Air Advantage,72,1,X,MI,88276bbb01fffff
260639501002039,10,1,26,16094708,130019,Air Advantage,72,1,X,MI,88276bb94dfffff
260639502001064,10,1,1,16094708,130019,Air Advantage,72,1,X,MI,88276bbaa3fffff
260639502001076,10,1,1,16094708,130019,Air Advantage,72,1,R,MI,88276ba249fffff
260639502001151,10,1,1,16094708,130019,Air Advantage,72,1,X,MI,88276bbab1fffff
260639502001152,10,1,2,16094708,130019,Air Advantage,72,1,X,MI,88276bbab7fffff
260639502001153,10,1,1,16094708,130019,Air Advantage,72,1,X,MI,88276bb8c9fffff
260639502002004,10,1,1,16094708,130019,Air Advantage,72,1,X,MI,88276ba253fffff
260639502002014,10,1,1,16094708,130019,Air Advantage,72,1,X,MI,88276ba253fffff
260639502002018,10,1,3,16094708,130019,Air Advantage,72,1,X,MI,88276bb529fffff
260639502002019,10,1,1,16094708,130019,Air Advantage,72,1,X,MI,88276bb529fffff
260639502002036,10,1,4,16094708,130019,Air Advantage,72,1,X,MI,88276bb891fffff
260639502002051,0,0,2,16094708,130019,Air Advantage,72,1,X,MI,88276ba16bfffff
260639502002068,10,1,1,16094708,130019,Air Advantage,72,1,X,MI,88276ba2a5fffff
260639502002069,10,1,2,16094708,130019,Air Advantage,72,1,X,MI,88276ba053fffff
260639502002071,0,0,1,16094708,130019,Air Advantage,72,1,X,MI,88276ba009fffff
260639502002078,10,1,1,16094708,130019,Air Advantage,72,1,X,MI,88276ba003fffff
260639502002080,10,1,1,16094708,130019,Air Advantage,72,1,X,MI,88276ba015fffff
260639502002081,0,0,1,16094708,130019,Air Advantage,72,1,X,MI,88276ba013fffff
260639502002082,10,1,1,16094708,130019,Air Advantage,72,1,X,MI,88276ba031fffff
260639502002112,10,1,1,16094708,130019,Air Advantage,72,1,X,MI,88276ba017fffff
260639502002118,10,1,5,16094708,130019,Air Advantage,72,1,X,MI,88276ba0e1fffff
260639502002124,0,0,2,16094708,130019,Air Advantage,72,1,X,MI,88276ba1d1fffff
260639502002126,10,1,1,16094708,130019,Air Advantage,72,1,X,MI,88276ba0e5fffff
260639502002131,10,1,1,16094708,130019,Air Advantage,72,1,X,MI,88276ba1dbfffff
260639502002134,10,1,1,16094708,130019,Air Advantage,72,1,X,MI,88276ba085fffff
260639502002135,10,1,1,16094708,130019,Air Advantage,72,1,X,MI,88276ba0a9fffff
260639502002142,0,0,2,16094708,130019,Air Advantage,72,1,X,MI,88276ba0abfffff
260639502002145,10,1,3,16094708,130019,Air Advantage,72,1,X,MI,88276ba081fffff
260639502002146,10,1,2,16094708,130019,Air Advantage,72,1,X,MI,88276ba0c7fffff
260639502002174,10,1,1,16094708,130019,Air Advantage,72,1,R,MI,88276ba289fffff
260639502002180,0,0,1,16094708,130019,Air Advantage,72,1,R,MI,88276bb521fffff
260639502002184,10,1,2,16094708,130019,Air Advantage,72,1,B,MI,88276bb523fffff
260639503001003,10,1,3,16094708,130019,Air Advantage,72,1,X,MI,88276bbb33fffff
260639503001004,10,1,5,16094708,130019,Air Advantage,72,1,X,MI,88276bbb33fffff
260639503001005,10,1,6,16094708,130019,Air Advantage,72,1,R,MI,88276bb90bfffff
260639503001006,10,1,2,16094708,130019,Air Advantage,72,1,X,MI,88276bb909fffff
260639503001007,10,1,8,16094708,130019,Air Advantage,72,1,X,MI,88276bb929fffff
260639503001008,10,1,1,16094708,130019,Air Advantage,72,1,X,MI,88276bb969fffff
260639503001036,10,1,1,16094708,130019,Air Advantage,72,1,X,MI,88276bb921fffff
260639503001037,10,1,2,16094708,130019,Air Advantage,72,1,X,MI,88276bb969fffff
260639503001039,10,1,8,16094708,130019,Air Advantage,72,1,X,MI,88276bb93bfffff
260639503001042,10,1,1,16094708,130019,Air Advantage,72,1,X,MI,88276b16e3fffff
260639503001047,10,1,4,16094708,130019,Air Advantage,72,1,X,MI,88276bb915fffff
260639503001048,10,1,4,16094708,130019,Air Advantage,72,1,X,MI,88276bb82dfffff
260639503001049,10,1,2,16094708,130019,Air Advantage,72,1,X,MI,88276bb959fffff
260639503001050,0,0,1,16094708,130019,Air Advantage,72,1,X,MI,88276bb865fffff
260639503001050,10,1,1,16094708,130019,Air Advantage,72,1,X,MI,88276bb865fffff
260639503001057,10,1,2,16094708,130019,Air Advantage,72,1,X,MI,88276bb82dfffff
260639503001061,10,1,1,16094708,130019,Air Advantage,72,1,R,MI,88276bb83bfffff
260639503001064,10,1,2,16094708,130019,Air Advantage,72,1,X,MI,88276bb8c1fffff
260639503001065,10,1,1,16094708,130019,Air Advantage,72,1,X,MI,88276bb8edfffff
260639503001066,10,1,1,16094708,130019,Air Advantage,72,1,X,MI,88276bb8e5fffff
260639503001067,10,1,2,16094708,130019,Air Advantage,72,1,X,MI,88276bb8e3fffff
260639503001068,10,1,2,16094708,130019,Air Advantage,72,1,X,MI,88276bb8c5fffff
260639503001070,10,1,3,16094708,130019,Air Advantage,72,1,X,MI,88276bb8e3fffff
260639503001071,10,1,3,16094708,130019,Air Advantage,72,1,X,MI,88276bb8e1fffff
260639503001072,10,1,4,16094708,130019,Air Advantage,72,1,X,MI,88276bb9d3fffff
260639503001076,10,1,2,16094708,130019,Air Advantage,72,1,X,MI,88276bb91bfffff
260639503001077,10,1,2,16094708,130019,Air Advantage,72,1,X,MI,88276bb931fffff
260639503001080,10,1,1,16094708,130019,Air Advantage,72,1,X,MI,88276bb933fffff
260639503001081,10,1,6,16094708,130019,Air Advantage,72,1,R,MI,88276b16d1fffff
260639503001082,0,0,1,16094708,130019,Air Advantage,72,1,X,MI,88276bb9e1fffff
260639503001082,10,1,3,16094708,130019,Air Advantage,72,1,X,MI,88276bb9e1fffff
260639503001083,10,1,3,16094708,130019,Air Advantage,72,1,X,MI,88276bb98dfffff
260639503001084,10,1,2,16094708,130019,Air Advantage,72,1,X,MI,88276bb9e1fffff
260639503001085,10,1,59,16094708,130019,Air Advantage,72,1,X,MI,88276bb987fffff
260639503001086,10,1,16,16094708,130019,Air Advantage,72,1,X,MI,88276bb987fffff
260639503001087,10,1,1,16094708,130019,Air Advantage,72,1,X,MI,88276bb987fffff
260639503001088,10,1,12,16094708,130019,Air Advantage,72,1,X,MI,88276bb987fffff
260639503001089,10,1,13,16094708,130019,Air Advantage,72,1,X,MI,88276bb987fffff
260639503001090,10,1,3,16094708,130019,Air Advantage,72,1,X,MI,88276bb987fffff
260639503001091,0,0,1,16094708,130019,Air Advantage,72,1,B,MI,88276bb987fffff
260639503001092,10,1,6,16094708,130019,Air Advantage,72,1,X,MI,88276bb987fffff
260639503001094,0,0,2,16094708,130019,Air Advantage,72,1,X,MI,88276bb9a9fffff
260639503001094,10,1,16,16094708,130019,Air Advantage,72,1,X,MI,88276bb9a7fffff
260639503001098,10,1,3,16094708,130019,Air Advantage,72,1,X,MI,88276b16e3fffff
260639503001102,10,1,1,16094708,130019,Air Advantage,72,1,X,MI,88276b1681fffff
260639503001103,10,1,3,16094708,130019,Air Advantage,72,1,X,MI,88276b16e3fffff
260639503001104,10,1,1,16094708,130019,Air Advantage,72,1,X,MI,88276b16adfffff
260639503001113,0,0,1,16094708,130019,Air Advantage,72,1,X,MI,88276b145dfffff
260639503001119,10,1,4,16094708,130019,Air Advantage,72,1,X,MI,88276b1695fffff
260639503001120,10,1,1,16094708,130019,Air Advantage,72,1,X,MI,88276b1695fffff
260639503001121,10,1,1,16094708,130019,Air Advantage,72,1,X,MI,88276b16d7fffff
260639503001122,10,1,2,16094708,130019,Air Advantage,72,1,X,MI,88276b14c9fffff
260639503001123,10,1,1,16094708,130019,Air Advantage,72,1,X,MI,88276b16a3fffff
260639503001124,10,1,2,16094708,130019,Air Advantage,72,1,X,MI,88276b1453fffff
260639503001129,10,1,2,16094708,130019,Air Advantage,72,1,X,MI,88276b16b5fffff
260639503001131,10,1,7,16094708,130019,Air Advantage,72,1,X,MI,88276b14c9fffff
260639503001133,10,1,3,16094708,130019,Air Advantage,72,1,X,MI,88276bb98dfffff
260639503001134,10,1,3,16094708,130019,Air Advantage,72,1,X,MI,88276bb99dfffff
260639503001135,10,1,9,16094708,130019,Air Advantage,72,1,X,MI,88276bb987fffff
260639503001136,10,1,28,16094708,130019,Air Advantage,72,1,X,MI,88276bb987fffff
260639503001137,10,1,5,16094708,130019,Air Advantage,72,1,X,MI,88276bb987fffff
260639503001138,10,1,14,16094708,130019,Air Advantage,72,1,X,MI,88276bb987fffff
260639503001139,10,1,17,16094708,130019,Air Advantage,72,1,X,MI,88276bb987fffff
260639503001140,0,0,1,16094708,130019,Air Advantage,72,1,X,MI,88276bb9e3fffff
260639503001140,10,1,4,16094708,130019,Air Advantage,72,1,X,MI,88276bb9e3fffff
260639503001141,10,1,6,16094708,130019,Air Advantage,72,1,X,MI,88276bb9b1fffff
260639503001142,10,1,1,16094708,130019,Air Advantage,72,1,X,MI,88276bb9bbfffff
260639503001143,10,1,9,16094708,130019,Air Advantage,72,1,X,MI,88276bb983fffff
260639503001144,10,1,10,16094708,130019,Air Advantage,72,1,X,MI,88276bb8a5fffff
260639503001145,10,1,5,16094708,130019,Air Advantage,72,1,X,MI,88276bb8abfffff
260639503001146,10,1,1,16094708,130019,Air Advantage,72,1,X,MI,88276bb8a7fffff
260639503001147,10,1,1,16094708,130019,Air Advantage,72,1,X,MI,88276bb883fffff
260639503001148,10,1,3,16094708,130019,Air Advantage,72,1,X,MI,88276bb897fffff
260639503001149,10,1,2,16094708,130019,Air Advantage,72,1,X,MI,88276ba169fffff
260639503001153,10,1,4,16094708,130019,Air Advantage,72,1,X,MI,88276baa45fffff
260639503001154,10,1,7,16094708,130019,Air Advantage,72,1,X,MI,88276baa6dfffff
260639503001155,10,1,2,16094708,130019,Air Advantage,72,1,X,MI,88276bb9bbfffff
260639503001160,10,1,1,16094708,130019,Air Advantage,72,1,X,MI,88276ba121fffff
260639503001163,10,1,2,16094708,130019,Air Advantage,72,1,X,MI,88276baa01fffff
260639503001165,10,1,5,16094708,130019,Air Advantage,72,1,X,MI,88276baa67fffff
260639503001166,10,1,2,16094708,130019,Air Advantage,72,1,X,MI,88276baa65fffff
260639503001167,0,0,1,16094708,130019,Air Advantage,72,1,R,MI,88276bab53fffff
260639503001167,10,1,6,16094708,130019,Air Advantage,72,1,X,MI,88276bab59fffff
260639503001168,10,1,10,16094708,130019,Air Advantage,72,1,X,MI,88276bab59fffff
260639503001169,10,1,1,16094708,130019,Air Advantage,72,1,X,MI,88276baa67fffff
260639503001170,10,1,1,16094708,130019,Air Advantage,72,1,X,MI,88276baa2dfffff
260639503001171,10,1,2,16094708,130019,Air Advantage,72,1,X,MI,88276baa29fffff
260639503001172,10,1,5,16094708,130019,Air Advantage,72,1,X,MI,88276baa29fffff
260639503001173,10,1,2,16094708,130019,Air Advantage,72,1,X,MI,88276baa29fffff
260639503001174,10,1,2,16094708,130019,Air Advantage,72,1,X,MI,88276bab53fffff
260639503001176,10,1,1,16094708,130019,Air Advantage,72,1,X,MI,88276ba84dfffff
260639503001178,10,1,1,16094708,130019,Air Advantage,72,1,X,MI,88276baa23fffff
260639503001179,10,1,4,16094708,130019,Air Advantage,72,1,X,MI,88276baa3dfffff
260639503001180,10,1,3,16094708,130019,Air Advantage,72,1,X,MI,88276baa39fffff
260639503001181,10,1,1,16094708,130019,Air Advantage,72,1,X,MI,88276baa11fffff
260639503001182,10,1,1,16094708,130019,Air Advantage,72,1,X,MI,88276baa11fffff
260639503001184,10,1,2,16094708,130019,Air Advantage,72,1,X,MI,88276ba84bfffff
260639503001186,10,1,6,16094708,130019,Air Advantage,72,1,X,MI,88276ba855fffff
260639503001187,10,1,1,16094708,130019,Air Advantage,72,1,X,MI,88276ba85dfffff
260639503001188,10,1,5,16094708,130019,Air Advantage,72,1,X,MI,88276baae5fffff
260639503001189,10,1,3,16094708,130019,Air Advantage,72,1,X,MI,88276ba859fffff
260639503001190,10,1,2,16094708,130019,Air Advantage,72,1,X,MI,88276baaebfffff
260639503001193,10,1,1,16094708,130019,Air Advantage,72,1,X,MI,88276baa1bfffff
260639503001198,10,1,2,16094708,130019,Air Advantage,72,1,X,MI,88276b169bfffff
260639504001055,10,1,1,16094708,130019,Air Advantage,72,1,X,MI,88276b1415fffff
260639504001056,0,0,1,16094708,130019,Air Advantage,72,1,X,MI,88276b140bfffff
260639504001058,0,0,1,16094708,130019,Air Advantage,72,1,X,MI,88276b1415fffff
260639504001069,0,0,3,16094708,130019,Air Advantage,72,1,X,MI,88276b1431fffff
260639504001070,0,0,3,16094708,130019,Air Advantage,72,1,X,MI,88276b15c5fffff
260639504001072,0,0,1,16094708,130019,Air Advantage,72,1,X,MI,88276b15cdfffff
260639504001076,10,1,1,16094708,130019,Air Advantage,72,1,X,MI,88276b15e1fffff
260639504001078,10,1,2,16094708,130019,Air Advantage,72,1,X,MI,88276b153bfffff
260639504001079,10,1,1,16094708,130019,Air Advantage,72,1,X,MI,88276b15e3fffff
260639504001082,10,1,1,16094708,130019,Air Advantage,72,1,X,MI,88276b14e9fffff
260639504001091,0,0,1,16094708,130019,Air Advantage,72,1,X,MI,88276b14e5fffff
260639504001091,10,1,1,16094708,130019,Air Advantage,72,1,X,MI,88276b14edfffff
260639504001093,10,1,1,16094708,130019,Air Advantage,72,1,X,MI,88276b02cbfffff
260639504001094,0,0,1,16094708,130019,Air Advantage,72,1,X,MI,88276b02cbfffff
260639504001094,10,1,1,16094708,130019,Air Advantage,72,1,X,MI,88276b02cbfffff
260639505002000,10,1,1,16094708,130019,Air Advantage,72,1,X,MI,88276b15e5fffff
260639505002001,10,1,4,16094708,130019,Air Advantage,72,1,X,MI,88276b0299fffff
260639505002002,10,1,7,16094708,130019,Air Advantage,72,1,X,MI,88276b02d5fffff
260639505002004,10,1,3,16094708,130019,Air Advantage,72,1,X,MI,88276b028bfffff
260639505002005,10,1,3,16094708,130019,Air Advantage,72,1,X,MI,88276b029bfffff
260639505002006,10,1,1,16094708,130019,Air Advantage,72,1,X,MI,88276b02d3fffff
260639505002014,10,1,2,16094708,130019,Air Advantage,72,1,X,MI,88276b15a7fffff
260639505002028,10,1,2,16094708,130019,Air Advantage,72,1,X,MI,88276b029bfffff
260639505002029,10,1,2,16094708,130019,Air Advantage,72,1,X,MI,88276b0299fffff
260639505002044,10,1,1,16094708,130019,Air Advantage,72,1,X,MI,88276b0295fffff
260639505003002,10,1,2,16094708,130019,Air Advantage,72,1,X,MI,88276b152bfffff
260639505003008,10,1,35,16094708,130019,Air Advantage,72,1,X,MI,88276b02d5fffff
260639505003010,10,1,20,16094708,130019,Air Advantage,72,1,X,MI,88276b02c3fffff
260639505003013,10,1,20,16094708,130019,Air Advantage,72,1,X,MI,88276b02c3fffff
260639505003017,10,1,2,16094708,130019,Air Advantage,72,1,X,MI,88276b02d5fffff
260639505003018,10,1,1,16094708,130019,Air Advantage,72,1,X,MI,88276b02d5fffff
260639505003023,0,0,1,16094708,130019,Air Advantage,72,1,X,MI,88276b02d5fffff
260639505003023,10,1,1,16094708,130019,Air Advantage,72,1,X,MI,88276b02d5fffff
260639505003024,10,1,9,16094708,130019,Air Advantage,72,1,X,MI,88276b02d5fffff
260639505003028,10,1,2,16094708,130019,Air Advantage,72,1,X,MI,88276b02c3fffff
260639505003031,10,1,5,16094708,130019,Air Advantage,72,1,X,MI,88276b02c3fffff
260639505003033,10,1,4,16094708,130019,Air Advantage,72,1,X,MI,88276b02c3fffff
260639505003039,10,1,3,16094708,130019,Air Advantage,72,1,X,MI,88276b02ddfffff
260639505003040,0,0,1,16094708,130019,Air Advantage,72,1,X,MI,88276b02ddfffff
260639505003040,10,1,4,16094708,130019,Air Advantage,72,1,X,MI,88276b02ddfffff
260639505003041,10,1,5,16094708,130019,Air Advantage,72,1,X,MI,88276b02ddfffff
260639505003042,10,1,3,16094708,130019,Air Advantage,72,1,X,MI,88276b02ddfffff
260639505003043,10,1,1,16094708,130019,Air Advantage,72,1,X,MI,88276b02cbfffff
260639505003044,10,1,5,16094708,130019,Air Advantage,72,1,X,MI,88276b02ddfffff
260639505003045,10,1,7,16094708,130019,Air Advantage,72,1,X,MI,88276b02ddfffff
260639505003046,10,1,2,16094708,130019,Air Advantage,72,1,X,MI,88276b1531fffff
260639505003049,10,1,37,16094708,130019,Air Advantage,72,1,X,MI,88276b02d1fffff
260639505003050,10,1,3,16094708,130019,Air Advantage,72,1,X,MI,88276b02d5fffff
260639505003051,10,1,3,16094708,130019,Air Advantage,72,1,X,MI,88276b02d5fffff
260639505003052,10,1,14,16094708,130019,Air Advantage,72,1,X,MI,88276b02d5fffff
260639505003053,0,0,1,16094708,130019,Air Advantage,72,1,X,MI,88276b15e5fffff
260639505003053,10,1,1,16094708,130019,Air Advantage,72,1,X,MI,88276b15e5fffff
260639505003066,10,1,4,16094708,130019,Air Advantage,72,1,X,MI,88276b02d5fffff
260639505003067,10,1,6,16094708,130019,Air Advantage,72,1,X,MI,88276b02d5fffff
260639505003068,10,1,5,16094708,130019,Air Advantage,72,1,X,MI,88276b02d5fffff
260639505003069,10,1,1,16094708,130019,Air Advantage,72,1,X,MI,88276b02d5fffff
260639505003070,10,1,1,16094708,130019,Air Advantage,72,1,X,MI,88276b02d5fffff
260639505003075,0,0,1,16094708,130019,Air Advantage,72,1,X,MI,88276b02cbfffff
260639505003075,10,1,7,16094708,130019,Air Advantage,72,1,X,MI,88276b02cbfffff
260639506001000,10,1,1,16094708,130019,Air Advantage,72,1,X,MI,88276bb9abfffff
260639506001001,0,0,1,16094708,130019,Air Advantage,72,1,X,MI,88276bb9a7fffff
260639506001001,10,1,5,16094708,130019,Air Advantage,72,1,X,MI,88276bb9b1fffff
260639506001002,10,1,2,16094708,130019,Air Advantage,72,1,X,MI,88276bb9a7fffff
260639506001005,10,1,1,16094708,130019,Air Advantage,72,1,X,MI,88276b14d9fffff
260639506001006,10,1,1,16094708,130019,Air Advantage,72,1,X,MI,88276bab6dfffff
260639506001008,10,1,1,16094708,130019,Air Advantage,72,1,X,MI,88276b16b5fffff
260639506001010,10,1,1,16094708,130019,Air Advantage,72,1,X,MI,88276b14cbfffff
260639506001020,10,1,2,16094708,130019,Air Advantage,72,1,X,MI,88276b14ddfffff
260639506001021,10,1,1,16094708,130019,Air Advantage,72,1,X,MI,88276b14cbfffff
260639506001023,10,1,2,16094708,130019,Air Advantage,72,1,X,MI,88276b14cbfffff
260639506001024,10,1,3,16094708,130019,Air Advantage,72,1,X,MI,88276b1489fffff
260639506001026,10,1,1,16094708,130019,Air Advantage,72,1,X,MI,88276b14c5fffff
260639506001029,0,0,1,16094708,130019,Air Advantage,72,1,X,MI,88276b14e3fffff
260639506001029,10,1,2,16094708,130019,Air Advantage,72,1,X,MI,88276b14e9fffff
260639506001030,0,0,1,16094708,130019,Air Advantage,72,1,X,MI,88276b14e3fffff
260639506001030,10,1,2,16094708,130019,Air Advantage,72,1,X,MI,88276b14e1fffff
260639506001033,0,0,1,16094708,130019,Air Advantage,72,1,X,MI,88276b158dfffff
260639506001033,10,1,1,16094708,130019,Air Advantage,72,1,X,MI,88276b158dfffff
260639506001039,10,1,7,16094708,130019,Air Advantage,72,1,X,MI,88276b14c7fffff
260639506001040,0,0,1,16094708,130019,Air Advantage,72,1,X,MI,88276b1483fffff
260639506001041,10,1,1,16094708,130019,Air Advantage,72,1,X,MI,88276b14d5fffff
260639506001044,10,1,2,16094708,130019,Air Advantage,72,1,X,MI,88276b14d5fffff
260639506001076,10,1,1,16094708,130019,Air Advantage,72,1,X,MI,88276bab3bfffff
260639506001078,10,1,1,16094708,130019,Air Advantage,72,1,X,MI,88276bab3bfffff
260639506001079,10,1,1,16094708,130019,Air Advantage,72,1,X,MI,88276bab1dfffff
260639506001082,10,1,3,16094708,130019,Air Advantage,72,1,X,MI,88276bb9b7fffff
260639506001083,10,1,2,16094708,130019,Air Advantage,72,1,X,MI,88276bab41fffff
260639506001084,10,1,1,16094708,130019,Air Advantage,72,1,X,MI,88276bab5dfffff
260639506001087,10,1,3,16094708,130019,Air Advantage,72,1,X,MI,88276bab19fffff
260639506001093,0,0,4,16094708,130019,Air Advantage,72,1,X,MI,88276ba945fffff
260639506001093,10,1,5,16094708,130019,Air Advantage,72,1,X,MI,88276ba90dfffff
260639506001097,0,0,2,16094708,130019,Air Advantage,72,1,X,MI,88276ba92dfffff
260639506001098,0,0,3,16094708,130019,Air Advantage,72,1,X,MI,88276ba967fffff
260639506001098,10,1,1,16094708,130019,Air Advantage,72,1,X,MI,88276ba90dfffff
260639506001099,0,0,1,16094708,130019,Air Advantage,72,1,X,MI,88276ba929fffff
260639506001099,10,1,3,16094708,130019,Air Advantage,72,1,X,MI,88276ba92bfffff
260639506001101,0,0,1,16094708,130019,Air Advantage,72,1,X,MI,88276b0653fffff
260639506001114,0,0,1,16094708,130019,Air Advantage,72,1,R,MI,88276b0609fffff
260639506001117,0,0,1,16094708,130019,Air Advantage,72,1,R,MI,88276b0661fffff
260639506001120,0,0,1,16094708,130019,Air Advantage,72,1,X,MI,88276b15abfffff
260639506001121,10,1,1,16094708,130019,Air Advantage,72,1,X,MI,88276b15a1fffff
260639506001126,10,1,2,16094708,130019,Air Advantage,72,1,X,MI,88276b0621fffff
260639506001127,0,0,2,16094708,130019,Air Advantage,72,1,X,MI,88276b0711fffff
260639506001133,0,0,2,16094708,130019,Air Advantage,72,1,X,MI,88276ba927fffff
260639506001133,10,1,1,16094708,130019,Air Advantage,72,1,X,MI,88276ba921fffff
260639506001134,10,1,2,16094708,130019,Air Advantage,72,1,X,MI,88276b0611fffff
260639506001135,0,0,2,16094708,130019,Air Advantage,72,1,X,MI,88276b063bfffff
260639506001138,10,1,1,16094708,130019,Air Advantage,72,1,X,MI,88276b0441fffff
260639506001139,10,1,4,16094708,130019,Air Advantage,72,1,X,MI,88276b0713fffff
260639506001141,10,1,3,16094708,130019,Air Advantage,72,1,X,MI,88276bab3bfffff
260639506001142,10,1,4,16094708,130019,Air Advantage,72,1,X,MI,88276bab3bfffff
260639506001143,10,1,6,16094708,130019,Air Advantage,72,1,X,MI,88276bab13fffff
260639506001144,0,0,1,16094708,130019,Air Advantage,72,1,R,MI,88276ba843fffff
260639506001144,10,1,9,16094708,130019,Air Advantage,72,1,X,MI,88276ba809fffff
260639506001147,10,1,1,16094708,130019,Air Advantage,72,1,X,MI,88276ba865fffff
260639506001148,0,0,1,16094708,130019,Air Advantage,72,1,X,MI,88276ba959fffff
260639506001152,10,1,3,16094708,130019,Air Advantage,72,1,X,MI,88276ba957fffff
260639506001153,0,0,2,16094708,130019,Air Advantage,72,1,X,MI,88276ba953fffff
260639506001157,10,1,2,16094708,130019,Air Advantage,72,1,X,MI,88276ba903fffff
260639506002000,10,1,1,16094708,130019,Air Advantage,72,1,X,MI,88276ba923fffff
260639506002001,0,0,1,16094708,130019,Air Advantage,72,1,X,MI,88276ba927fffff
260639506002001,10,1,5,16094708,130019,Air Advantage,72,1,X,MI,88276ba935fffff
260639506002002,0,0,2,16094708,130019,Air Advantage,72,1,X,MI,88276b06e9fffff
260639506002002,10,1,4,16094708,130019,Air Advantage,72,1,X,MI,88276b06cdfffff
260639506002003,10,1,1,16094708,130019,Air Advantage,72,1,X,MI,88276b06e9fffff
260639506002004,0,0,1,16094708,130019,Air Advantage,72,1,X,MI,88276b063bfffff
260639506002004,10,1,2,16094708,130019,Air Advantage,72,1,X,MI,88276b06e5fffff
260639506002005,10,1,1,16094708,130019,Air Advantage,72,1,X,MI,88276b06e1fffff
260639506002006,0,0,1,16094708,130019,Air Advantage,72,1,X,MI,88276b063bfffff
260639506002006,10,1,2,16094708,130019,Air Advantage,72,1,X,MI,88276b0459fffff
260639506002007,10,1,7,16094708,130019,Air Advantage,72,1,X,MI,88276b0443fffff
260639506002008,0,0,1,16094708,130019,Air Advantage,72,1,X,MI,88276b040dfffff
260639506002008,10,1,5,16094708,130019,Air Advantage,72,1,X,MI,88276b040dfffff
260639506002009,10,1,3,16094708,130019,Air Advantage,72,1,X,MI,88276b040dfffff
260639506002010,10,1,4,16094708,130019,Air Advantage,72,1,X,MI,88276b0453fffff
260639506002011,10,1,2,16094708,130019,Air Advantage,72,1,X,MI,88276b0453fffff
260639506002012,10,1,8,16094708,130019,Air Advantage,72,1,X,MI,88276b0401fffff
260639506002013,10,1,6,16094708,130019,Air Advantage,72,1,X,MI,88276b0403fffff
260639506002014,10,1,7,16094708,130019,Air Advantage,72,1,X,MI,88276b0415fffff
260639506002015,10,1,4,16094708,130019,Air Advantage,72,1,X,MI,88276b0417fffff
260639506002016,10,1,11,16094708,130019,Air Advantage,72,1,X,MI,88276b043bfffff
260639506002017,10,1,7,16094708,130019,Air Advantage,72,1,X,MI,88276b04e1fffff
260639506002018,10,1,5,16094708,130019,Air Advantage,72,1,X,MI,88276b04e9fffff
260639506002019,10,1,6,16094708,130019,Air Advantage,72,1,X,MI,88276b04ddfffff
260639506002020,10,1,3,16094708,130019,Air Advantage,72,1,X,MI,88276b04c1fffff
260639506002021,10,1,5,16094708,130019,Air Advantage,72,1,X,MI,88276b04c9fffff
260639506002022,10,1,4,16094708,130019,Air Advantage,72,1,X,MI,88276b06b5fffff
260639506002023,10,1,3,16094708,130019,Air Advantage,72,1,X,MI,88276b06abfffff
260639506002024,10,1,3,16094708,130019,Air Advantage,72,1,X,MI,88276b068bfffff
260639506002026,10,1,6,16094708,130019,Air Advantage,72,1,X,MI,88276b06e3fffff
260639506002027,10,1,3,16094708,130019,Air Advantage,72,1,X,MI,88276b06e3fffff
260639506002028,0,0,1,16094708,130019,Air Advantage,72,1,X,MI,88276b06c5fffff
260639506002028,10,1,3,16094708,130019,Air Advantage,72,1,X,MI,88276b06c1fffff
260639506002029,10,1,11,16094708,130019,Air Advantage,72,1,X,MI,88276b0685fffff
260639506002030,10,1,8,16094708,130019,Air Advantage,72,1,X,MI,88276b0685fffff
260639506002031,10,1,1,16094708,130019,Air Advantage,72,1,X,MI,88276b06b1fffff
260639506002032,10,1,3,16094708,130019,Air Advantage,72,1,X,MI,88276b06b9fffff
260639506002033,10,1,2,16094708,130019,Air Advantage,72,1,X,MI,88276b0695fffff
260639506002034,10,1,2,16094708,130019,Air Advantage,72,1,X,MI,88276b068bfffff
260639506002036,10,1,1,16094708,130019,Air Advantage,72,1,X,MI,88276b06d5fffff
260639506002037,10,1,9,16094708,130019,Air Advantage,72,1,X,MI,88276b0689fffff
260639506002040,10,1,5,16094708,130019,Air Advantage,72,1,X,MI,88276b068dfffff
260639506002041,10,1,3,16094708,130019,Air Advantage,72,1,X,MI,88276b068dfffff
260639506002042,10,1,1,16094708,130019,Air Advantage,72,1,X,MI,88276b04cbfffff
260639506002043,10,1,2,16094708,130019,Air Advantage,72,1,X,MI,88276b04ddfffff
260639506002044,0,0,1,16094708,130019,Air Advantage,72,1,R,MI,88276b06b7fffff
260639506002044,10,1,1,16094708,130019,Air Advantage,72,1,X,MI,88276b06b7fffff
260639506002045,10,1,4,16094708,130019,Air Advantage,72,1,X,MI,88276b06bbfffff
260639506002046,10,1,2,16094708,130019,Air Advantage,72,1,X,MI,88276b3369fffff
260639506002047,10,1,6,16094708,130019,Air Advantage,72,1,X,MI,88276b3305fffff
260639506002048,0,0,2,16094708,130019,Air Advantage,72,1,X,MI,88276b332dfffff
260639506002048,10,1,5,16094708,130019,Air Advantage,72,1,X,MI,88276b3329fffff
260639506002049,10,1,3,16094708,130019,Air Advantage,72,1,X,MI,88276b06b3fffff
260639506002050,10,1,1,16094708,130019,Air Advantage,72,1,X,MI,88276b048dfffff
260639506002051,10,1,2,16094708,130019,Air Advantage,72,1,X,MI,88276b04adfffff
260639506002052,10,1,1,16094708,130019,Air Advantage,72,1,X,MI,88276b332dfffff
260639506002053,10,1,2,16094708,130019,Air Advantage,72,1,X,MI,88276b332dfffff
260639506002054,10,1,3,16094708,130019,Air Advantage,72,1,X,MI,88276b04d7fffff
260639506002055,10,1,3,16094708,130019,Air Advantage,72,1,X,MI,88276b04d7fffff
260639506002056,10,1,2,16094708,130019,Air Advantage,72,1,X,MI,88276b04a3fffff
260639506002058,10,1,2,16094708,130019,Air Advantage,72,1,X,MI,88276b0489fffff
260639506003001,10,1,2,16094708,130019,Air Advantage,72,1,X,MI,88276b06e5fffff
260639506003002,10,1,5,16094708,130019,Air Advantage,72,1,X,MI,88276b0451fffff
260639506003003,10,1,1,16094708,130019,Air Advantage,72,1,X,MI,88276b06e1fffff
260639506003005,10,1,1,16094708,130019,Air Advantage,72,1,X,MI,88276b06e7fffff
260639506003006,10,1,1,16094708,130019,Air Advantage,72,1,X,MI,88276b06e7fffff
260639506003007,10,1,21,16094708,130019,Air Advantage,72,1,X,MI,88276b06e7fffff
260639506003008,10,1,2,16094708,130019,Air Advantage,72,1,X,MI,88276b06e7fffff
260639506003011,0,0,3,16094708,130019,Air Advantage,72,1,X,MI,88276b06adfffff
260639506003011,10,1,10,16094708,130019,Air Advantage,72,1,X,MI,88276b06adfffff
260639506003012,0,0,1,16094708,130019,Air Advantage,72,1,X,MI,88276b06adfffff
260639506003012,10,1,11,16094708,130019,Air Advantage,72,1,X,MI,88276b06adfffff
260639506003013,10,1,12,16094708,130019,Air Advantage,72,1,X,MI,88276b0453fffff
260639506003014,10,1,4,16094708,130019,Air Advantage,72,1,X,MI,88276b06adfffff
260639506003015,10,1,18,16094708,130019,Air Advantage,72,1,X,MI,88276b06adfffff
260639506003016,10,1,11,16094708,130019,Air Advantage,72,1,X,MI,88276b06adfffff
260639506003017,10,1,1,16094708,130019,Air Advantage,72,1,X,MI,88276b06e7fffff
260639506003018,10,1,18,16094708,130019,Air Advantage,72,1,X,MI,88276b06e3fffff
260639506003019,0,0,1,16094708,130019,Air Advantage,72,1,X,MI,88276b06e7fffff
260639506003019,10,1,3,16094708,130019,Air Advantage,72,1,X,MI,88276b06e7fffff
260639506003020,10,1,4,16094708,130019,Air Advantage,72,1,X,MI,88276b06e7fffff
260639506003022,10,1,2,16094708,130019,Air Advantage,72,1,X,MI,88276b06adfffff
260639506003023,10,1,8,16094708,130019,Air Advantage,72,1,X,MI,88276b06a9fffff
260639506003024,10,1,7,16094708,130019,Air Advantage,72,1,X,MI,88276b06a9fffff
260639506003025,10,1,9,16094708,130019,Air Advantage,72,1,X,MI,88276b06a9fffff
260639506003026,10,1,4,16094708,130019,Air Advantage,72,1,X,MI,88276b06a9fffff
260639506003027,10,1,4,16094708,130019,Air Advantage,72,1,X,MI,88276b06a9fffff
260639506003028,10,1,6,16094708,130019,Air Advantage,72,1,X,MI,88276b06a9fffff
260639506003029,0,0,1,16094708,130019,Air Advantage,72,1,X,MI,88276b06a9fffff
260639506003029,10,1,1,16094708,130019,Air Advantage,72,1,X,MI,88276b06a9fffff
260639506003030,10,1,3,16094708,130019,Air Advantage,72,1,X,MI,88276b06a9fffff
260639506003031,10,1,6,16094708,130019,Air Advantage,72,1,X,MI,88276b06a9fffff
260639506003033,10,1,4,16094708,130019,Air Advantage,72,1,X,MI,88276b06a9fffff
260639506003034,10,1,3,16094708,130019,Air Advantage,72,1,X,MI,88276b0453fffff
260639506003035,0,0,1,16094708,130019,Air Advantage,72,1,X,MI,88276b06adfffff
260639506003035,10,1,4,16094708,130019,Air Advantage,72,1,X,MI,88276b06a1fffff
260639506003036,10,1,1,16094708,130019,Air Advantage,72,1,X,MI,88276b06a1fffff
260639506003037,0,0,1,16094708,130019,Air Advantage,72,1,X,MI,88276b06e7fffff
260639506003037,10,1,1,16094708,130019,Air Advantage,72,1,X,MI,88276b06e7fffff
260639507001004,10,1,1,16094708,130019,Air Advantage,72,1,X,MI,88276b0745fffff
260639507001007,0,0,2,16094708,130019,Air Advantage,72,1,X,MI,88276b0761fffff
260639507001037,0,0,2,16094708,130019,Air Advantage,72,1,R,MI,88276b056bfffff
260639507001042,0,0,1,16094708,130019,Air Advantage,72,1,X,MI,88276b0547fffff
260639507001043,10,1,4,16094708,130019,Air Advantage,72,1,X,MI,88276b0509fffff
260639507001046,0,0,1,16094708,130019,Air Advantage,72,1,X,MI,88276b0723fffff
260639507001047,0,0,1,16094708,130019,Air Advantage,72,1,X,MI,88276b072bfffff
260639507001079,10,1,1,16094708,130019,Air Advantage,72,1,X,MI,88276b0701fffff
260639507001080,0,0,1,16094708,130019,Air Advantage,72,1,X,MI,88276b0701fffff
260639507001082,0,0,2,16094708,130019,Air Advantage,72,1,X,MI,88276b0703fffff
260639507001082,10,1,3,16094708,130019,Air Advantage,72,1,X,MI,88276b0711fffff
260639507001083,0,0,2,16094708,130019,Air Advantage,72,1,X,MI,88276b073bfffff
260639507001083,10,1,3,16094708,130019,Air Advantage,72,1,X,MI,88276b0703fffff
260639507001085,10,1,2,16094708,130019,Air Advantage,72,1,X,MI,88276b073dfffff
260639507001086,10,1,1,16094708,130019,Air Advantage,72,1,X,MI,88276b072bfffff
260639507001090,0,0,1,16094708,130019,Air Advantage,72,1,X,MI,88276b0723fffff
260639507001090,10,1,2,16094708,130019,Air Advantage,72,1,X,MI,88276b0735fffff
260639507001092,0,0,3,16094708,130019,Air Advantage,72,1,X,MI,88276b0559fffff
260639507001093,0,0,2,16094708,130019,Air Advantage,72,1,X,MI,88276b0559fffff
260639507001093,10,1,6,16094708,130019,Air Advantage,72,1,X,MI,88276b0465fffff
260639507001094,0,0,2,16094708,130019,Air Advantage,72,1,X,MI,88276b073bfffff
260639507001094,10,1,12,16094708,130019,Air Advantage,72,1,X,MI,88276b0465fffff
260639507001095,0,0,1,16094708,130019,Air Advantage,72,1,X,MI,88276b073bfffff
260639507001095,10,1,6,16094708,130019,Air Advantage,72,1,X,MI,88276b0469fffff
260639507001098,10,1,4,16094708,130019,Air Advantage,72,1,X,MI,88276b054bfffff
260639507001107,10,1,1,16094708,130019,Air Advantage,72,1,X,MI,88276b050dfffff
260639507002038,10,1,1,16094708,130019,Air Advantage,72,1,X,MI,88276b0eadfffff
260639507002039,10,1,1,16094708,130019,Air Advantage,72,1,X,MI,88276b0ea5fffff
260639507002049,10,1,1,16094708,130019,Air Advantage,72,1,X,MI,88276b0ccdfffff
260639507002058,10,1,23,16094708,130019,Air Advantage,72,1,X,MI,88276b0cc7fffff
260639507002059,10,1,23,16094708,130019,Air Advantage,72,1,X,MI,88276b0cebfffff
260639507002060,0,0,1,16094708,130019,Air Advantage,72,1,R,MI,88276b0cc7fffff
260639507002060,10,1,1,16094708,130019,Air Advantage,72,1,X,MI,88276b0cc7fffff
260639507002061,0,0,1,16094708,130019,Air Advantage,72,1,X,MI,88276b0cc9fffff
260639507002061,10,1,2,16094708,130019,Air Advantage,72,1,X,MI,88276b0ccbfffff
260639507002062,0,0,2,16094708,130019,Air Advantage,72,1,X,MI,88276b0eb5fffff
260639507002062,10,1,8,16094708,130019,Air Advantage,72,1,X,MI,88276b0cd9fffff
260639507002063,0,0,3,16094708,130019,Air Advantage,72,1,X,MI,88276b0eb5fffff
260639507002063,10,1,1,16094708,130019,Air Advantage,72,1,R,MI,88276b0eabfffff
260639507002065,10,1,2,16094708,130019,Air Advantage,72,1,X,MI,88276b0e95fffff
260639507002067,0,0,1,16094708,130019,Air Advantage,72,1,X,MI,88276b0cc3fffff
260639507002068,0,0,2,16094708,130019,Air Advantage,72,1,X,MI,88276b0eb9fffff
260639507002070,10,1,11,16094708,130019,Air Advantage,72,1,X,MI,88276b3b6dfffff
260639507002076,10,1,2,16094708,130019,Air Advantage,72,1,R,MI,88276b0ce7fffff
260639507003000,10,1,7,16094708,130019,Air Advantage,72,1,X,MI,88276b0463fffff
260639507003001,10,1,4,16094708,130019,Air Advantage,72,1,X,MI,88276b040dfffff
260639507003002,10,1,8,16094708,130019,Air Advantage,72,1,X,MI,88276b0429fffff
260639507003003,10,1,12,16094708,130019,Air Advantage,72,1,X,MI,88276b0431fffff
260639507003004,10,1,12,16094708,130019,Air Advantage,72,1,X,MI,88276b05cbfffff
260639507003005,0,0,2,16094708,130019,Air Advantage,72,1,X,MI,88276b0423fffff
260639507003005,10,1,5,16094708,130019,Air Advantage,72,1,X,MI,88276b0427fffff
260639507003007,10,1,15,16094708,130019,Air Advantage,72,1,X,MI,88276b0425fffff
260639507003008,10,1,2,16094708,130019,Air Advantage,72,1,X,MI,88276b0557fffff
260639507003009,10,1,1,16094708,130019,Air Advantage,72,1,X,MI,88276b0553fffff
260639507003010,10,1,1,16094708,130019,Air Advantage,72,1,X,MI,88276b0559fffff
260639507003012,0,0,1,16094708,130019,Air Advantage,72,1,X,MI,88276b0555fffff
260639507003012,10,1,1,16094708,130019,Air Advantage,72,1,X,MI,88276b0543fffff
260639507003013,0,0,1,16094708,130019,Air Advantage,72,1,X,MI,88276b0555fffff
260639507003013,10,1,1,16094708,130019,Air Advantage,72,1,X,MI,88276b0555fffff
260639507003014,10,1,2,16094708,130019,Air Advantage,72,1,X,MI,88276b0509fffff
260639507003016,0,0,1,16094708,130019,Air Advantage,72,1,X,MI,88276b052bfffff
260639507003016,10,1,2,16094708,130019,Air Advantage,72,1,X,MI,88276b0507fffff
260639507003019,0,0,2,16094708,130019,Air Advantage,72,1,X,MI,88276b0539fffff
260639507003019,10,1,3,16094708,130019,Air Advantage,72,1,X,MI,88276b0507fffff
260639507003020,0,0,2,16094708,130019,Air Advantage,72,1,X,MI,88276b053bfffff
260639507003020,10,1,4,16094708,130019,Air Advantage,72,1,X,MI,88276b0515fffff
260639507003021,10,1,3,16094708,130019,Air Advantage,72,1,X,MI,88276b0503fffff
260639507003022,0,0,1,16094708,130019,Air Advantage,72,1,X,MI,88276b0557fffff
260639507003025,10,1,5,16094708,130019,Air Advantage,72,1,X,MI,88276b051bfffff
260639507003026,10,1,2,16094708,130019,Air Advantage,72,1,X,MI,88276b05e9fffff
260639507003028,10,1,6,16094708,130019,Air Advantage,72,1,X,MI,88276b05ebfffff
260639507003029,10,1,10,16094708,130019,Air Advantage,72,1,X,MI,88276b05edfffff
260639507003030,0,0,1,16094708,130019,Air Advantage,72,1,X,MI,88276b053bfffff
260639507003030,10,1,4,16094708,130019,Air Advantage,72,1,X,MI,88276b05edfffff
260639507003031,0,0,1,16094708,130019,Air Advantage,72,1,X,MI,88276b053bfffff
260639507003031,10,1,1,16094708,130019,Air Advantage,72,1,X,MI,88276b05e5fffff
260639507003034,10,1,13,16094708,130019,Air Advantage,72,1,X,MI,88276b05cbfffff
260639507003035,0,0,1,16094708,130019,Air Advantage,72,1,X,MI,88276b051bfffff
260639507003035,10,1,2,16094708,130019,Air Advantage,72,1,X,MI,88276b05cdfffff
260639507003036,10,1,4,16094708,130019,Air Advantage,72,1,X,MI,88276b05c5fffff
260639507003040,10,1,1,16094708,130019,Air Advantage,72,1,X,MI,88276b0435fffff
260639507003041,10,1,3,16094708,130019,Air Advantage,72,1,X,MI,88276b0435fffff
260639507003043,10,1,2,16094708,130019,Air Advantage,72,1,X,MI,88276b0437fffff
260639507003046,0,0,1,16094708,130019,Air Advantage,72,1,X,MI,88276b05ddfffff
260639507003048,10,1,1,16094708,130019,Air Advantage,72,1,X,MI,88276b05c3fffff
260639507003050,10,1,2,16094708,130019,Air Advantage,72,1,X,MI,88276b05c3fffff
260639507003051,10,1,3,16094708,130019,Air Advantage,72,1,X,MI,88276b05ddfffff
260639507003052,0,0,1,16094708,130019,Air Advantage,72,1,X,MI,88276b058bfffff
260639507003052,10,1,5,16094708,130019,Air Advantage,72,1,X,MI,88276b058bfffff
260639507003053,10,1,6,16094708,130019,Air Advantage,72,1,X,MI,88276b0583fffff
260639507003056,10,1,6,16094708,130019,Air Advantage,72,1,X,MI,88276b0595fffff
260639507003057,10,1,1,16094708,130019,Air Advantage,72,1,X,MI,88276b0587fffff
260639507003058,0,0,1,16094708,130019,Air Advantage,72,1,X,MI,88276b05a9fffff
260639507003058,10,1,7,16094708,130019,Air Advantage,72,1,X,MI,88276b05a9fffff
260639507003059,0,0,2,16094708,130019,Air Advantage,72,1,X,MI,88276b05adfffff
260639507003059,10,1,4,16094708,130019,Air Advantage,72,1,X,MI,88276b05a7fffff
260639507003060,0,0,4,16094708,130019,Air Advantage,72,1,X,MI,88276b0ed9fffff
260639507003060,10,1,3,16094708,130019,Air Advantage,72,1,X,MI,88276b05e5fffff
260639507003062,10,1,3,16094708,130019,Air Advantage,72,1,X,MI,88276b0e91fffff
260639507003063,10,1,6,16094708,130019,Air Advantage,72,1,X,MI,88276b05d3fffff
260639507003065,10,1,2,16094708,130019,Air Advantage,72,1,X,MI,88276b04e5fffff
260639507003066,0,0,1,16094708,130019,Air Advantage,72,1,X,MI,88276b04adfffff
260639507003066,10,1,3,16094708,130019,Air Advantage,72,1,X,MI,88276b05dbfffff
260639507003067,10,1,2,16094708,130019,Air Advantage,72,1,X,MI,88276b04adfffff
260639507003068,10,1,2,16094708,130019,Air Advantage,72,1,X,MI,88276b0599fffff
260639507003069,0,0,5,16094708,130019,Air Advantage,72,1,X,MI,88276b0591fffff
260639507003069,10,1,15,16094708,130019,Air Advantage,72,1,X,MI,88276b0591fffff
260639507003071,10,1,18,16094708,130019,Air Advantage,72,1,X,MI,88276b0553fffff
260639507003072,10,1,3,16094708,130019,Air Advantage,72,1,X,MI,88276b0553fffff
260639507003073,10,1,8,16094708,130019,Air Advantage,72,1,X,MI,88276b0553fffff
260639507003074,10,1,1,16094708,130019,Air Advantage,72,1,X,MI,88276b05bdfffff
260639507003075,0,0,1,16094708,130019,Air Advantage,72,1,X,MI,88276b05abfffff
260639507003075,10,1,7,16094708,130019,Air Advantage,72,1,X,MI,88276b05abfffff
260639507003076,10,1,6,16094708,130019,Air Advantage,72,1,X,MI,88276b0e9bfffff
260639507003077,10,1,11,16094708,130019,Air Advantage,72,1,X,MI,88276b0e97fffff
260639507004000,10,1,9,16094708,130019,Air Advantage,72,1,X,MI,88276b055bfffff
260639507004002,0,0,1,16094708,130019,Air Advantage,72,1,X,MI,88276b0559fffff
260639507004002,10,1,1,16094708,130019,Air Advantage,72,1,X,MI,88276b0559fffff
260639507004003,10,1,2,16094708,130019,Air Advantage,72,1,X,MI,88276b0551fffff
260639507004004,10,1,67,16094708,130019,Air Advantage,72,1,X,MI,88276b055bfffff
260639507004005,10,1,12,16094708,130019,Air Advantage,72,1,X,MI,88276b0553fffff
260639507004006,10,1,1,16094708,130019,Air Advantage,72,1,X,MI,88276b055bfffff
260639507004007,10,1,8,16094708,130019,Air Advantage,72,1,X,MI,88276b055bfffff
260639507004008,10,1,11,16094708,130019,Air Advantage,72,1,X,MI,88276b0553fffff
260639507004009,10,1,7,16094708,130019,Air Advantage,72,1,X,MI,88276b042dfffff
260639507004010,10,1,9,16094708,130019,Air Advantage,72,1,X,MI,88276b042dfffff
260639507004011,10,1,15,16094708,130019,Air Advantage,72,1,X,MI,88276b042dfffff
260639507004012,10,1,12,16094708,130019,Air Advantage,72,1,X,MI,88276b0553fffff
260639507004013,10,1,6,16094708,130019,Air Advantage,72,1,X,MI,88276b0553fffff
260639507004014,0,0,1,16094708,130019,Air Advantage,72,1,X,MI,88276b0553fffff
260639507004014,10,1,7,16094708,130019,Air Advantage,72,1,X,MI,88276b0553fffff
260639507004015,10,1,13,16094708,130019,Air Advantage,72,1,X,MI,88276b0553fffff
260639507004016,10,1,9,16094708,130019,Air Advantage,72,1,X,MI,88276b042dfffff
260639507004017,10,1,2,16094708,130019,Air Advantage,72,1,X,MI,88276b042dfffff
260639507004019,10,1,8,16094708,130019,Air Advantage,72,1,X,MI,88276b042dfffff
260639507004020,10,1,37,16094708,130019,Air Advantage,72,1,X,MI,88276b0467fffff
260639507004021,10,1,16,16094708,130019,Air Advantage,72,1,X,MI,88276b042dfffff
260639507004022,10,1,4,16094708,130019,Air Advantage,72,1,X,MI,88276b042dfffff
260639507004023,10,1,9,16094708,130019,Air Advantage,72,1,X,MI,88276b042dfffff
260639507004024,10,1,8,16094708,130019,Air Advantage,72,1,X,MI,88276b042dfffff
260639507004025,10,1,19,16094708,130019,Air Advantage,72,1,X,MI,88276b042dfffff
260639507004026,10,1,1,16094708,130019,Air Advantage,72,1,X,MI,88276b042dfffff
260639507004027,10,1,10,16094708,130019,Air Advantage,72,1,X,MI,88276b0553fffff
260639507004028,10,1,15,16094708,130019,Air Advantage,72,1,X,MI,88276b042dfffff
260639507004029,10,1,7,16094708,130019,Air Advantage,72,1,X,MI,88276b042dfffff
260639507004031,0,0,1,16094708,130019,Air Advantage,72,1,X,MI,88276b0429fffff
260639507004031,10,1,37,16094708,130019,Air Advantage,72,1,X,MI,88276b042dfffff
260639507004032,0,0,1,16094708,130019,Air Advantage,72,1,X,MI,88276b0467fffff
260639507004032,10,1,26,16094708,130019,Air Advantage,72,1,X,MI,88276b0467fffff
260639507004033,10,1,23,16094708,130019,Air Advantage,72,1,X,MI,88276b0467fffff
260639507004034,10,1,10,16094708,130019,Air Advantage,72,1,X,MI,88276b042dfffff
260639507004035,10,1,12,16094708,130019,Air Advantage,72,1,X,MI,88276b042dfffff
260639507004036,10,1,6,16094708,130019,Air Advantage,72,1,X,MI,88276b042dfffff
260639507004037,10,1,3,16094708,130019,Air Advantage,72,1,X,MI,88276b051bfffff
260639507004038,10,1,6,16094708,130019,Air Advantage,72,1,X,MI,88276b042dfffff
260639507004039,10,1,10,16094708,130019,Air Advantage,72,1,X,MI,88276b0421fffff
260639507004040,0,0,1,16094708,130019,Air Advantage,72,1,X,MI,88276b0429fffff
260639507004040,10,1,28,16094708,130019,Air Advantage,72,1,X,MI,88276b0429fffff
260639507004041,10,1,7,16094708,130019,Air Advantage,72,1,X,MI,88276b042dfffff
260639507004042,10,1,2,16094708,130019,Air Advantage,72,1,X,MI,88276b042dfffff
260639507004043,10,1,5,16094708,130019,Air Advantage,72,1,X,MI,88276b042dfffff
260639507004044,0,0,1,16094708,130019,Air Advantage,72,1,X,MI,88276b042dfffff
260639507004044,10,1,3,16094708,130019,Air Advantage,72,1,X,MI,88276b042dfffff
260639507004045,10,1,14,16094708,130019,Air Advantage,72,1,X,MI,88276b042dfffff
260639507004046,0,0,1,16094708,130019,Air Advantage,72,1,X,MI,88276b042dfffff
260639507004046,10,1,8,16094708,130019,Air Advantage,72,1,X,MI,88276b042dfffff
260639507004047,10,1,7,16094708,130019,Air Advantage,72,1,X,MI,88276b042dfffff
260639507004048,10,1,14,16094708,130019,Air Advantage,72,1,X,MI,88276b042dfffff
260639508001000,10,1,5,16094708,130019,Air Advantage,72,1,X,MI,88276b0c85fffff
260639508001001,10,1,5,16094708,130019,Air Advantage,72,1,X,MI,88276b0c85fffff
260639508001002,10,1,3,16094708,130019,Air Advantage,72,1,X,MI,88276b0c87fffff
260639508001004,10,1,1,16094708,130019,Air Advantage,72,1,X,MI,88276b0cabfffff
260639508001005,10,1,1,16094708,130019,Air Advantage,72,1,X,MI,88276b0ca1fffff
260639508001010,10,1,1,16094708,130019,Air Advantage,72,1,X,MI,88276b0ca9fffff
260639508001012,10,1,1,16094708,130019,Air Advantage,72,1,X,MI,88276b0ca1fffff
260639508001018,0,0,2,16094708,130019,Air Advantage,72,1,X,MI,88276b0c81fffff
260639508001018,10,1,31,16094708,130019,Air Advantage,72,1,X,MI,88276b0c87fffff
260639508001019,0,0,1,16094708,130019,Air Advantage,72,1,X,MI,88276b0cbdfffff
260639508001019,10,1,10,16094708,130019,Air Advantage,72,1,X,MI,88276b0cbdfffff
260639508001020,10,1,5,16094708,130019,Air Advantage,72,1,X,MI,88276b0c95fffff
260639508001023,10,1,1,16094708,130019,Air Advantage,72,1,X,MI,88276b0cbdfffff
260639508001024,10,1,15,16094708,130019,Air Advantage,72,1,X,MI,88276b0cbdfffff
260639508001025,10,1,1,16094708,130019,Air Advantage,72,1,X,MI,88276b0cbdfffff
260639508001026,0,0,1,16094708,130019,Air Advantage,72,1,X,MI,88276b0cbdfffff
260639508001026,10,1,6,16094708,130019,Air Advantage,72,1,X,MI,88276b0cbdfffff
260639508001027,10,1,1,16094708,130019,Air Advantage,72,1,X,MI,88276b0cb5fffff
260639508001028,10,1,2,16094708,130019,Air Advantage,72,1,X,MI,88276b0ca7fffff
260639508001032,10,1,9,16094708,130019,Air Advantage,72,1,X,MI,88276b0ca7fffff
260639508001034,10,1,2,16094708,130019,Air Advantage,72,1,X,MI,88276b0ca7fffff
260639508001037,10,1,1,16094708,130019,Air Advantage,72,1,X,MI,88276b764bfffff
260639508001038,10,1,3,16094708,130019,Air Advantage,72,1,X,MI,88276b764bfffff
260639508001041,0,0,1,16094708,130019,Air Advantage,72,1,X,MI,88276b0cb7fffff
260639508001041,10,1,15,16094708,130019,Air Advantage,72,1,X,MI,88276b0cb5fffff
260639508001042,10,1,11,16094708,130019,Air Advantage,72,1,X,MI,88276b0cb7fffff
260639508001043,10,1,16,16094708,130019,Air Advantage,72,1,X,MI,88276b0cb7fffff
260639508001044,10,1,1,16094708,130019,Air Advantage,72,1,X,MI,88276b0cbdfffff
260639508001045,0,0,1,16094708,130019,Air Advantage,72,1,X,MI,88276b0cbdfffff
260639508001045,10,1,12,16094708,130019,Air Advantage,72,1,X,MI,88276b0cbdfffff
260639508001046,0,0,1,16094708,130019,Air Advantage,72,1,X,MI,88276b0cbdfffff
260639508001046,10,1,19,16094708,130019,Air Advantage,72,1,X,MI,88276b0cb5fffff
260639508001048,10,1,2,16094708,130019,Air Advantage,72,1,X,MI,88276b0cb7fffff
260639508001049,0,0,3,16094708,130019,Air Advantage,72,1,X,MI,88276b396dfffff
260639508001049,10,1,12,16094708,130019,Air Advantage,72,1,X,MI,88276b396dfffff
260639508002000,0,0,2,16094708,130019,Air Advantage,72,1,X,MI,88276b0cabfffff
260639508002000,10,1,45,16094708,130019,Air Advantage,72,1,X,MI,88276b0cabfffff
260639508002001,10,1,6,16094708,130019,Air Advantage,72,1,X,MI,88276b0cabfffff
260639508002002,10,1,6,16094708,130019,Air Advantage,72,1,X,MI,88276b0cabfffff
260639508002003,10,1,6,16094708,130019,Air Advantage,72,1,X,MI,88276b0cabfffff
260639508002004,10,1,5,16094708,130019,Air Advantage,72,1,X,MI,88276b0cabfffff
260639508002005,10,1,34,16094708,130019,Air Advantage,72,1,X,MI,88276b0ca3fffff
260639508002006,10,1,8,16094708,130019,Air Advantage,72,1,X,MI,88276b0ca3fffff
260639508002007,0,0,2,16094708,130019,Air Advantage,72,1,X,MI,88276b0ca3fffff
260639508002007,10,1,11,16094708,130019,Air Advantage,72,1,X,MI,88276b0ca3fffff
260639508002009,0,0,1,16094708,130019,Air Advantage,72,1,X,MI,88276b0ca3fffff
260639508002009,10,1,1,16094708,130019,Air Advantage,72,1,X,MI,88276b0ca3fffff
260639508002011,0,0,1,16094708,130019,Air Advantage,72,1,X,MI,88276b0ca3fffff
260639508002011,10,1,11,16094708,130019,Air Advantage,72,1,X,MI,88276b0cabfffff
260639508002012,10,1,4,16094708,130019,Air Advantage,72,1,X,MI,88276b0cabfffff
260639508002013,10,1,4,16094708,130019,Air Advantage,72,1,X,MI,88276b0cabfffff
260639508002014,10,1,6,16094708,130019,Air Advantage,72,1,X,MI,88276b0cabfffff
260639508002015,10,1,6,16094708,130019,Air Advantage,72,1,X,MI,88276b0cabfffff
260639508002016,10,1,6,16094708,130019,Air Advantage,72,1,X,MI,88276b0cabfffff
260639508002017,10,1,5,16094708,130019,Air Advantage,72,1,X,MI,88276b0cabfffff
260639508002018,10,1,6,16094708,130019,Air Advantage,72,1,X,MI,88276b0cabfffff
260639508002019,10,1,3,16094708,130019,Air Advantage,72,1,X,MI,88276b0cabfffff
260639508002020,10,1,23,16094708,130019,Air Advantage,72,1,X,MI,88276b0cabfffff
260639508002021,10,1,19,16094708,130019,Air Advantage,72,1,X,MI,88276b0cbdfffff
260639508002022,0,0,1,16094708,130019,Air Advantage,72,1,X,MI,88276b0ca3fffff
260639508002022,10,1,25,16094708,130019,Air Advantage,72,1,X,MI,88276b0ca3fffff
260639508002023,0,0,1,16094708,130019,Air Advantage,72,1,X,MI,88276b0ca3fffff
260639508002023,10,1,4,16094708,130019,Air Advantage,72,1,X,MI,88276b0ca3fffff
260639508002025,0,0,1,16094708,130019,Air Advantage,72,1,X,MI,88276b0ca3fffff
260639508002025,10,1,11,16094708,130019,Air Advantage,72,1,X,MI,88276b0ca3fffff
260639508003000,10,1,4,16094708,130019,Air Advantage,72,1,X,MI,88276b0ca3fffff
260639508003003,0,0,1,16094708,130019,Air Advantage,72,1,X,MI,88276b0ca3fffff
260639508003003,10,1,8,16094708,130019,Air Advantage,72,1,X,MI,88276b0ca3fffff
260639508003004,10,1,11,16094708,130019,Air Advantage,72,1,X,MI,88276b0ca3fffff
260639508003005,10,1,5,16094708,130019,Air Advantage,72,1,X,MI,88276b0ca3fffff
260639508003006,10,1,7,16094708,130019,Air Advantage,72,1,X,MI,88276b0ca3fffff
260639508003007,10,1,3,16094708,130019,Air Advantage,72,1,X,MI,88276b0ca3fffff
260639508003008,10,1,3,16094708,130019,Air Advantage,72,1,X,MI,88276b0ca3fffff
260639508003009,0,0,1,16094708,130019,Air Advantage,72,1,X,MI,88276b0ca3fffff
260639508003009,10,1,7,16094708,130019,Air Advantage,72,1,X,MI,88276b0ca3fffff
260639508003011,10,1,1,16094708,130019,Air Advantage,72,1,X,MI,88276b0ca3fffff
260639508003012,10,1,3,16094708,130019,Air Advantage,72,1,X,MI,88276b0ca3fffff
260639508003014,10,1,2,16094708,130019,Air Advantage,72,1,X,MI,88276b0ca3fffff
260639508003015,10,1,1,16094708,130019,Air Advantage,72,1,X,MI,88276b0ca3fffff
260639508003016,10,1,1,16094708,130019,Air Advantage,72,1,X,MI,88276b0ca3fffff
260639508003018,0,0,2,16094708,130019,Air Advantage,72,1,X,MI,88276b0ca3fffff
260639508003019,10,1,3,16094708,130019,Air Advantage,72,1,X,MI,88276b0ca3fffff
260639508003021,10,1,1,16094708,130019,Air Advantage,72,1,X,MI,88276b0cb5fffff
260639508003022,10,1,1,16094708,130019,Air Advantage,72,1,X,MI,88276b0cb5fffff
260639508003023,10,1,4,16094708,130019,Air Advantage,72,1,X,MI,88276b0cb5fffff
260639508003024,10,1,2,16094708,130019,Air Advantage,72,1,X,MI,88276b0cb5fffff
260639508003026,10,1,1,16094708,130019,Air Advantage,72,1,X,MI,88276b0cb5fffff
260639508003027,0,0,1,16094708,130019,Air Advantage,72,1,X,MI,88276b0cb5fffff
260639508003027,10,1,4,16094708,130019,Air Advantage,72,1,X,MI,88276b0cb5fffff
260639508003028,10,1,3,16094708,130019,Air Advantage,72,1,X,MI,88276b0cb5fffff
260639508003031,10,1,3,16094708,130019,Air Advantage,72,1,X,MI,88276b0cb5fffff
260639508003032,10,1,2,16094708,130019,Air Advantage,72,1,X,MI,88276b0cb5fffff
260639508004000,10,1,11,16094708,130019,Air Advantage,72,1,X,MI,88276b3b69fffff
260639508004001,10,1,3,16094708,130019,Air Advantage,72,1,X,MI,88276b0cd1fffff
260639508004002,0,0,1,16094708,130019,Air Advantage,72,1,X,MI,88276b0c89fffff
260639508004002,10,1,7,16094708,130019,Air Advantage,72,1,X,MI,88276b0c8bfffff
260639508004003,10,1,6,16094708,130019,Air Advantage,72,1,X,MI,88276b3b63fffff
260639508004004,10,1,7,16094708,130019,Air Advantage,72,1,X,MI,88276b3b2dfffff
260639508004005,0,0,1,16094708,130019,Air Advantage,72,1,X,MI,88276b3b27fffff
260639508004005,10,1,9,16094708,130019,Air Advantage,72,1,X,MI,88276b0cd3fffff
260639508004006,10,1,4,16094708,130019,Air Advantage,72,1,X,MI,88276b0cdbfffff
260639508004007,0,0,1,16094708,130019,Air Advantage,72,1,X,MI,88276b3b2bfffff
260639508004007,10,1,9,16094708,130019,Air Advantage,72,1,X,MI,88276b3b3dfffff
260639508004008,10,1,4,16094708,130019,Air Advantage,72,1,X,MI,88276b3b27fffff
260639508004009,10,1,1,16094708,130019,Air Advantage,72,1,X,MI,88276b0c9bfffff
260639508004010,10,1,5,16094708,130019,Air Advantage,72,1,X,MI,88276b3941fffff
260639508004011,10,1,5,16094708,130019,Air Advantage,72,1,X,MI,88276b396dfffff
260639508004012,10,1,3,16094708,130019,Air Advantage,72,1,X,MI,88276b0c91fffff
260639508004013,10,1,3,16094708,130019,Air Advantage,72,1,X,MI,88276b0c83fffff
260639508004014,10,1,6,16094708,130019,Air Advantage,72,1,X,MI,88276b3949fffff
260639508004015,10,1,2,16094708,130019,Air Advantage,72,1,X,MI,88276b394dfffff
260639508004016,10,1,6,16094708,130019,Air Advantage,72,1,X,MI,88276b3947fffff
260639508004017,0,0,1,16094708,130019,Air Advantage,72,1,X,MI,88276b396dfffff
260639508004017,10,1,1,16094708,130019,Air Advantage,72,1,X,MI,88276b3961fffff
260639508004018,0,0,2,16094708,130019,Air Advantage,72,1,X,MI,88276b396dfffff
260639508004018,10,1,2,16094708,130019,Air Advantage,72,1,X,MI,88276b396dfffff
260639508004019,0,0,2,16094708,130019,Air Advantage,72,1,X,MI,88276b3961fffff
260639508004019,10,1,4,16094708,130019,Air Advantage,72,1,X,MI,88276b392dfffff
260639508004020,10,1,20,16094708,130019,Air Advantage,72,1,X,MI,88276b765dfffff
260639508004021,10,1,4,16094708,130019,Air Advantage,72,1,X,MI,88276b764bfffff
260639508004023,10,1,12,16094708,130019,Air Advantage,72,1,X,MI,88276b3967fffff
260639508004024,10,1,5,16094708,130019,Air Advantage,72,1,X,MI,88276b3963fffff
260639508004025,0,0,1,16094708,130019,Air Advantage,72,1,X,MI,88276b3961fffff
260639508004025,10,1,3,16094708,130019,Air Advantage,72,1,X,MI,88276b390dfffff
260639508004027,10,1,2,16094708,130019,Air Advantage,72,1,X,MI,88276b7619fffff
260639508004028,10,1,7,16094708,130019,Air Advantage,72,1,X,MI,88276b7653fffff
260639508004029,10,1,6,16094708,130019,Air Advantage,72,1,X,MI,88276b7653fffff
260639508004030,10,1,7,16094708,130019,Air Advantage,72,1,X,MI,88276b7613fffff
260639508004031,0,0,1,16094708,130019,Air Advantage,72,1,R,MI,88276b3927fffff
260639508004031,10,1,5,16094708,130019,Air Advantage,72,1,X,MI,88276b3935fffff
260639508004032,10,1,6,16094708,130019,Air Advantage,72,1,X,MI,88276b3939fffff
260639508004033,10,1,3,16094708,130019,Air Advantage,72,1,X,MI,88276b3939fffff
260639508004034,0,0,1,16094708,130019,Air Advantage,72,1,X,MI,88276b390dfffff
260639508004034,10,1,1,16094708,130019,Air Advantage,72,1,X,MI,88276b3901fffff
260639508004035,0,0,3,16094708,130019,Air Advantage,72,1,X,MI,88276b391dfffff
260639508004035,10,1,1,16094708,130019,Air Advantage,72,1,X,MI,88276b3909fffff
260639508004036,10,1,1,16094708,130019,Air Advantage,72,1,X,MI,88276b3955fffff
260639508004037,10,1,3,16094708,130019,Air Advantage,72,1,X,MI,88276b3943fffff
260639508004038,10,1,6,16094708,130019,Air Advantage,72,1,X,MI,88276b3b31fffff
260639508004039,10,1,1,16094708,130019,Air Advantage,72,1,X,MI,88276b3959fffff
260639508004040,10,1,1,16094708,130019,Air Advantage,72,1,X,MI,88276b3953fffff
260639508004041,10,1,3,16094708,130019,Air Advantage,72,1,X,MI,88276b3953fffff
260639508004042,10,1,2,16094708,130019,Air Advantage,72,1,X,MI,88276b3953fffff
260639508004043,0,0,1,16094708,130019,Air Advantage,72,1,X,MI,88276b3957fffff
260639508004043,10,1,8,16094708,130019,Air Advantage,72,1,X,MI,88276b391bfffff
260639508004044,10,1,3,16094708,130019,Air Advantage,72,1,X,MI,88276b3917fffff
260639508004045,10,1,4,16094708,130019,Air Advantage,72,1,X,MI,88276b76edfffff
260639508005000,10,1,1,16094708,130019,Air Advantage,72,1,X,MI,88276b04a7fffff
260639508005001,10,1,2,16094708,130019,Air Advantage,72,1,X,MI,88276b3a4bfffff
260639508005002,10,1,6,16094708,130019,Air Advantage,72,1,X,MI,88276b0593fffff
260639508005003,0,0,1,16094708,130019,Air Advantage,72,1,X,MI,88276b3a65fffff
260639508005003,10,1,6,16094708,130019,Air Advantage,72,1,X,MI,88276b3a65fffff
260639508005004,10,1,1,16094708,130019,Air Advantage,72,1,X,MI,88276b05b1fffff
260639508005005,10,1,1,16094708,130019,Air Advantage,72,1,X,MI,88276b05b3fffff
260639508005007,10,1,1,16094708,130019,Air Advantage,72,1,X,MI,88276b3b49fffff
260639508005008,10,1,2,16094708,130019,Air Advantage,72,1,X,MI,88276b3b41fffff
260639508005009,10,1,2,16094708,130019,Air Advantage,72,1,X,MI,88276b3b47fffff
260639508005012,10,1,1,16094708,130019,Air Advantage,72,1,X,MI,88276b3b5dfffff
260639508005013,10,1,2,16094708,130019,Air Advantage,72,1,X,MI,88276b3b43fffff
260639508005015,10,1,2,16094708,130019,Air Advantage,72,1,X,MI,88276b3b47fffff
260639508005016,10,1,2,16094708,130019,Air Advantage,72,1,X,MI,88276b3b6bfffff
260639508005018,10,1,7,16094708,130019,Air Advantage,72,1,X,MI,88276b3b69fffff
260639508005019,10,1,1,16094708,130019,Air Advantage,72,1,X,MI,88276b3b6bfffff
260639508005020,10,1,1,16094708,130019,Air Advantage,72,1,X,MI,88276b3b0dfffff
260639508005022,10,1,4,16094708,130019,Air Advantage,72,1,X,MI,88276b3b0dfffff
260639508005023,10,1,3,16094708,130019,Air Advantage,72,1,X,MI,88276b3b0bfffff
260639508005026,10,1,1,16094708,130019,Air Advantage,72,1,X,MI,88276b3a6dfffff
260639508005027,10,1,2,16094708,130019,Air Advantage,72,1,X,MI,88276b3b55fffff
260639508005028,10,1,4,16094708,130019,Air Advantage,72,1,X,MI,88276b3b5dfffff
260639508005029,10,1,2,16094708,130019,Air Advantage,72,1,X,MI,88276b3a65fffff
260639508005030,10,1,4,16094708,130019,Air Advantage,72,1,X,MI,88276b3a61fffff
260639508005031,10,1,1,16094708,130019,Air Advantage,72,1,X,MI,88276b3a61fffff
260639508005032,10,1,3,16094708,130019,Air Advantage,72,1,X,MI,88276b3b05fffff
260639508005033,10,1,8,16094708,130019,Air Advantage,72,1,X,MI,88276b3b3bfffff
260639508005034,10,1,8,16094708,130019,Air Advantage,72,1,X,MI,88276b3b11fffff
260639508005037,0,0,1,16094708,130019,Air Advantage,72,1,X,MI,88276b3a25fffff
260639508005037,10,1,5,16094708,130019,Air Advantage,72,1,X,MI,88276b3b53fffff
260639508005038,10,1,5,16094708,130019,Air Advantage,72,1,X,MI,88276b3a07fffff
260639508005039,10,1,3,16094708,130019,Air Advantage,72,1,X,MI,88276b3a2dfffff
260639508005041,10,1,5,16094708,130019,Air Advantage,72,1,X,MI,88276b3a09fffff
260639508005043,10,1,6,16094708,130019,Air Advantage,72,1,X,MI,88276b3a09fffff
260639508005044,10,1,9,16094708,130019,Air Advantage,72,1,X,MI,88276b3a05fffff
260639508005045,10,1,6,16094708,130019,Air Advantage,72,1,X,MI,88276b3a0dfffff
260639508005046,10,1,1,16094708,130019,Air Advantage,72,1,X,MI,88276b3a0dfffff
260639508005047,10,1,14,16094708,130019,Air Advantage,72,1,X,MI,88276b3a63fffff
260639508005049,10,1,2,16094708,130019,Air Advantage,72,1,X,MI,88276b3a05fffff
260639508005050,10,1,1,16094708,130019,Air Advantage,72,1,X,MI,88276b3a63fffff
260639508005051,10,1,4,16094708,130019,Air Advantage,72,1,X,MI,88276b3a05fffff
260639508005053,10,1,1,16094708,130019,Air Advantage,72,1,X,MI,88276b3a05fffff
260639508005054,10,1,4,16094708,130019,Air Advantage,72,1,X,MI,88276b3a05fffff
260639508005055,10,1,4,16094708,130019,Air Advantage,72,1,X,MI,88276b3a05fffff
260639508005056,10,1,2,16094708,130019,Air Advantage,72,1,X,MI,88276b3a05fffff
260639508005057,10,1,2,16094708,130019,Air Advantage,72,1,X,MI,88276b3a05fffff
260639508005058,10,1,1,16094708,130019,Air Advantage,72,1,X,MI,88276b3a05fffff
260639508005059,10,1,3,16094708,130019,Air Advantage,72,1,X,MI,88276b3a05fffff
260639508005060,10,1,4,16094708,130019,Air Advantage,72,1,X,MI,88276b3a05fffff
260639508005061,10,1,4,16094708,130019,Air Advantage,72,1,X,MI,88276b3a05fffff
260639508005062,10,1,3,16094708,130019,Air Advantage,72,1,X,MI,88276b3a05fffff
260639508005063,10,1,5,16094708,130019,Air Advantage,72,1,X,MI,88276b3a05fffff
260639508005064,10,1,5,16094708,130019,Air Advantage,72,1,X,MI,88276b3a05fffff
260639508005065,10,1,4,16094708,130019,Air Advantage,72,1,X,MI,88276b3a05fffff
260639508005067,10,1,2,16094708,130019,Air Advantage,72,1,X,MI,88276b3a05fffff
260639508005068,10,1,3,16094708,130019,Air Advantage,72,1,X,MI,88276b3a05fffff
260639508005069,10,1,4,16094708,130019,Air Advantage,72,1,X,MI,88276b3a07fffff
260639508005070,10,1,1,16094708,130019,Air Advantage,72,1,X,MI,88276b3a07fffff
260639508005071,10,1,3,16094708,130019,Air Advantage,72,1,X,MI,88276b3a3dfffff
260639508005072,10,1,8,16094708,130019,Air Advantage,72,1,X,MI,88276b3a31fffff
260639508005073,10,1,1,16094708,130019,Air Advantage,72,1,X,MI,88276b3841fffff
260639508005074,0,0,1,16094708,130019,Air Advantage,72,1,X,MI,88276b3845fffff
260639508005074,10,1,2,16094708,130019,Air Advantage,72,1,X,MI,88276b3b13fffff
260639508005075,0,0,1,16094708,130019,Air Advantage,72,1,X,MI,88276b3a27fffff
260639508005077,10,1,2,16094708,130019,Air Advantage,72,1,X,MI,88276b3841fffff
260639508005078,10,1,6,16094708,130019,Air Advantage,72,1,X,MI,88276b384bfffff
260639508005079,10,1,10,16094708,130019,Air Advantage,72,1,X,MI,88276b3809fffff
260639508005080,10,1,8,16094708,130019,Air Advantage,72,1,X,MI,88276b3829fffff
260639508005081,0,0,2,16094708,130019,Air Advantage,72,1,X,MI,88276b3805fffff
260639508005081,10,1,4,16094708,130019,Air Advantage,72,1,X,MI,88276b3861fffff
260639508005082,0,0,2,16094708,130019,Air Advantage,72,1,X,MI,88276b3861fffff
260639508005082,10,1,5,16094708,130019,Air Advantage,72,1,X,MI,88276b3b17fffff
260639508005083,10,1,8,16094708,130019,Air Advantage,72,1,X,MI,88276b386dfffff
260639508005084,10,1,4,16094708,130019,Air Advantage,72,1,X,MI,88276b3953fffff
260639508005085,10,1,5,16094708,130019,Air Advantage,72,1,X,MI,88276b382bfffff
260639508005086,10,1,4,16094708,130019,Air Advantage,72,1,X,MI,88276b3851fffff
260639508005087,10,1,1,16094708,130019,Air Advantage,72,1,X,MI,88276b3a37fffff
260639508005089,10,1,3,16094708,130019,Air Advantage,72,1,X,MI,88276b3a31fffff
260639508005090,10,1,2,16094708,130019,Air Advantage,72,1,X,MI,88276b3a31fffff
260639508005091,10,1,3,16094708,130019,Air Advantage,72,1,X,MI,88276b3a3bfffff
260639508005092,10,1,1,16094708,130019,Air Advantage,72,1,X,MI,88276b3a1dfffff
260639508005093,10,1,1,16094708,130019,Air Advantage,72,1,X,MI,88276b3a05fffff
260639508005094,10,1,1,16094708,130019,Air Advantage,72,1,X,MI,88276b3a05fffff
260639508005095,10,1,3,16094708,130019,Air Advantage,72,1,X,MI,88276b3a05fffff
260639508005096,10,1,1,16094708,130019,Air Advantage,72,1,X,MI,88276b3a05fffff
260639508005097,10,1,2,16094708,130019,Air Advantage,72,1,X,MI,88276b3a05fffff
260639508005098,10,1,1,16094708,130019,Air Advantage,72,1,X,MI,88276b3a05fffff
260639508005099,10,1,10,16094708,130019,Air Advantage,72,1,X,MI,88276b3a17fffff
260639508005100,10,1,1,16094708,130019,Air Advantage,72,1,X,MI,88276b3ae1fffff
260639508005101,10,1,4,16094708,130019,Air Advantage,72,1,X,MI,88276b3ae7fffff
260639508005102,10,1,5,16094708,130019,Air Advantage,72,1,X,MI,88276b3aadfffff
260639508005103,10,1,3,16094708,130019,Air Advantage,72,1,X,MI,88276b3b59fffff
260639509001010,10,1,2,16094708,130019,Air Advantage,72,1,X,MI,88276baf37fffff
260639509001023,10,1,1,16094708,130019,Air Advantage,72,1,X,MI,88276bac0dfffff
260639509001024,0,0,7,16094708,130019,Air Advantage,72,1,X,MI,88276baee3fffff
260639509001024,10,1,1,16094708,130019,Air Advantage,72,1,X,MI,88276bae81fffff
260639509001025,10,1,2,16094708,130019,Air Advantage,72,1,X,MI,88276baed1fffff
260639509001026,10,1,4,16094708,130019,Air Advantage,72,1,X,MI,88276bae8bfffff
260639509001027,0,0,1,16094708,130019,Air Advantage,72,1,X,MI,88276bae87fffff
260639509001027,10,1,1,16094708,130019,Air Advantage,72,1,X,MI,88276bae81fffff
260639509001029,0,0,2,16094708,130019,Air Advantage,72,1,X,MI,88276baee3fffff
260639509001030,10,1,3,16094708,130019,Air Advantage,72,1,X,MI,88276baea5fffff
260639509001031,10,1,3,16094708,130019,Air Advantage,72,1,X,MI,88276bac1bfffff
260639509001032,10,1,5,16094708,130019,Air Advantage,72,1,X,MI,88276bac31fffff
260639509001033,10,1,3,16094708,130019,Air Advantage,72,1,X,MI,88276bac0bfffff
260639509001035,0,0,1,16094708,130019,Air Advantage,72,1,X,MI,88276bad53fffff
260639509001035,10,1,1,16094708,130019,Air Advantage,72,1,X,MI,88276bac67fffff
260639509001036,10,1,3,16094708,130019,Air Advantage,72,1,X,MI,88276baf33fffff
260639509001037,10,1,1,16094708,130019,Air Advantage,72,1,X,MI,88276bac69fffff
260639509001039,10,1,4,16094708,130019,Air Advantage,72,1,X,MI,88276bacedfffff
260639509001040,10,1,3,16094708,130019,Air Advantage,72,1,X,MI,88276bac33fffff
260639509001041,10,1,4,16094708,130019,Air Advantage,72,1,X,MI,88276badcbfffff
260639509001042,0,0,1,16094708,130019,Air Advantage,72,1,X,MI,88276bac3dfffff
260639509001042,10,1,2,16094708,130019,Air Advantage,72,1,X,MI,88276bac3dfffff
260639509001043,10,1,1,16094708,130019,Air Advantage,72,1,X,MI,88276bad1bfffff
260639509001044,10,1,2,16094708,130019,Air Advantage,72,1,X,MI,88276badcbfffff
260639509001045,10,1,2,16094708,130019,Air Advantage,72,1,X,MI,88276badc7fffff
260639509001046,10,1,3,16094708,130019,Air Advantage,72,1,X,MI,88276badc7fffff
260639509001047,10,1,8,16094708,130019,Air Advantage,72,1,X,MI,88276bac19fffff
260639509001048,10,1,13,16094708,130019,Air Advantage,72,1,X,MI,88276badebfffff
260639509001049,10,1,3,16094708,130019,Air Advantage,72,1,X,MI,88276bade3fffff
260639509001050,10,1,4,16094708,130019,Air Advantage,72,1,X,MI,88276bad85fffff
260639509001051,10,1,3,16094708,130019,Air Advantage,72,1,X,MI,88276bade7fffff
260639509001052,10,1,4,16094708,130019,Air Advantage,72,1,X,MI,88276b32dbfffff
260639509001053,10,1,2,16094708,130019,Air Advantage,72,1,X,MI,88276b32dbfffff
260639509001054,10,1,2,16094708,130019,Air Advantage,72,1,X,MI,88276bad39fffff
260639509001055,10,1,1,16094708,130019,Air Advantage,72,1,X,MI,88276bad3dfffff
260639509001057,10,1,1,16094708,130019,Air Advantage,72,1,X,MI,88276bad0dfffff
260639509001059,10,1,4,16094708,130019,Air Advantage,72,1,X,MI,88276ba893fffff
260639509001061,0,0,1,16094708,130019,Air Advantage,72,1,X,MI,88276b325bfffff
260639509001061,10,1,2,16094708,130019,Air Advantage,72,1,X,MI,88276bad6dfffff
260639509001062,10,1,1,16094708,130019,Air Advantage,72,1,X,MI,88276bad6dfffff
260639509001064,10,1,1,16094708,130019,Air Advantage,72,1,X,MI,88276bad6bfffff
260639509001067,10,1,7,16094708,130019,Air Advantage,72,1,X,MI,88276bad41fffff
260639509001068,10,1,7,16094708,130019,Air Advantage,72,1,X,MI,88276bad49fffff
260639509001069,10,1,3,16094708,130019,Air Advantage,72,1,X,MI,88276bad59fffff
260639509001070,0,0,1,16094708,130019,Air Advantage,72,1,X,MI,88276bad43fffff
260639509001070,10,1,8,16094708,130019,Air Advantage,72,1,X,MI,88276bad0bfffff
260639509001072,10,1,2,16094708,130019,Air Advantage,72,1,X,MI,88276bad01fffff
260639509001073,10,1,4,16094708,130019,Air Advantage,72,1,X,MI,88276bad1dfffff
260639509001075,10,1,8,16094708,130019,Air Advantage,72,1,X,MI,88276bad1dfffff
260639509001076,10,1,2,16094708,130019,Air Advantage,72,1,X,MI,88276bad19fffff
260639509001077,10,1,1,16094708,130019,Air Advantage,72,1,X,MI,88276b32d1fffff
260639509001078,10,1,1,16094708,130019,Air Advantage,72,1,X,MI,88276b3289fffff
260639509001085,10,1,1,16094708,130019,Air Advantage,72,1,X,MI,88276b325bfffff
260639509001086,10,1,1,16094708,130019,Air Advantage,72,1,X,MI,88276bacddfffff
260639509001087,10,1,4,16094708,130019,Air Advantage,72,1,X,MI,88276bacddfffff
260639509001088,10,1,1,16094708,130019,Air Advantage,72,1,X,MI,88276baeb3fffff
260639509001089,0,0,2,16094708,130019,Air Advantage,72,1,X,MI,88276bae97fffff
260639509001091,10,1,6,16094708,130019,Air Advantage,72,1,X,MI,88276badddfffff
260639509001092,10,1,1,16094708,130019,Air Advantage,72,1,X,MI,88276badc3fffff
260639509002000,10,1,1,16094708,130019,Air Advantage,72,1,X,MI,88276bad1bfffff
260639509002001,10,1,2,16094708,130019,Air Advantage,72,1,X,MI,88276bad11fffff
260639509002002,10,1,1,16094708,130019,Air Advantage,72,1,X,MI,88276bad1dfffff
260639509002003,10,1,8,16094708,130019,Air Advantage,72,1,X,MI,88276bad1dfffff
260639509002004,0,0,1,16094708,130019,Air Advantage,72,1,X,MI,88276bad17fffff
260639509002004,10,1,14,16094708,130019,Air Advantage,72,1,X,MI,88276bad17fffff
260639509002005,10,1,1,16094708,130019,Air Advantage,72,1,X,MI,88276bad17fffff
260639509002006,10,1,28,16094708,130019,Air Advantage,72,1,X,MI,88276bad17fffff
260639509002009,10,1,4,16094708,130019,Air Advantage,72,1,X,MI,88276bad13fffff
260639509002010,10,1,6,16094708,130019,Air Advantage,72,1,X,MI,88276bad13fffff
260639509002011,10,1,19,16094708,130019,Air Advantage,72,1,X,MI,88276bad13fffff
260639509002012,10,1,2,16094708,130019,Air Advantage,72,1,X,MI,88276bad13fffff
260639509002013,10,1,12,16094708,130019,Air Advantage,72,1,X,MI,88276bad13fffff
260639509002014,10,1,7,16094708,130019,Air Advantage,72,1,X,MI,88276bad13fffff
260639509002015,10,1,5,16094708,130019,Air Advantage,72,1,X,MI,88276bad13fffff
260639509002016,10,1,10,16094708,130019,Air Advantage,72,1,X,MI,88276bad13fffff
260639509002017,10,1,5,16094708,130019,Air Advantage,72,1,X,MI,88276bad13fffff
260639509002018,10,1,11,16094708,130019,Air Advantage,72,1,X,MI,88276bad17fffff
260639509002019,10,1,4,16094708,130019,Air Advantage,72,1,X,MI,88276bad17fffff
260639509002020,10,1,3,16094708,130019,Air Advantage,72,1,X,MI,88276bad17fffff
260639509002021,10,1,3,16094708,130019,Air Advantage,72,1,X,MI,88276bad17fffff
260639509002022,10,1,4,16094708,130019,Air Advantage,72,1,X,MI,88276badedfffff
260639509002023,0,0,1,16094708,130019,Air Advantage,72,1,X,MI,88276bade9fffff
260639509002023,10,1,2,16094708,130019,Air Advantage,72,1,X,MI,88276bade9fffff
260639509002024,10,1,6,16094708,130019,Air Advantage,72,1,X,MI,88276bad17fffff
260639509002025,10,1,7,16094708,130019,Air Advantage,72,1,X,MI,88276bade9fffff
260639509002026,10,1,10,16094708,130019,Air Advantage,72,1,X,MI,88276bade9fffff
260639509002027,10,1,16,16094708,130019,Air Advantage,72,1,X,MI,88276bad13fffff
260639509002028,10,1,2,16094708,130019,Air Advantage,72,1,X,MI,88276bad13fffff
260639509002029,10,1,8,16094708,130019,Air Advantage,72,1,X,MI,88276bad13fffff
260639509002030,10,1,11,16094708,130019,Air Advantage,72,1,X,MI,88276bad13fffff
260639509002031,10,1,18,16094708,130019,Air Advantage,72,1,X,MI,88276badc5fffff
260639509002032,10,1,7,16094708,130019,Air Advantage,72,1,X,MI,88276badc5fffff
260639509002033,10,1,6,16094708,130019,Air Advantage,72,1,X,MI,88276bad13fffff
260639509002034,10,1,5,16094708,130019,Air Advantage,72,1,X,MI,88276bade9fffff
260639509002035,10,1,9,16094708,130019,Air Advantage,72,1,X,MI,88276bad13fffff
260639509002036,10,1,12,16094708,130019,Air Advantage,72,1,X,MI,88276bade9fffff
260639509002037,10,1,14,16094708,130019,Air Advantage,72,1,X,MI,88276bad13fffff
260639509002038,10,1,3,16094708,130019,Air Advantage,72,1,X,MI,88276bade9fffff
260639509002039,10,1,11,16094708,130019,Air Advantage,72,1,X,MI,88276badedfffff
260639509002041,10,1,20,16094708,130019,Air Advantage,72,1,X,MI,88276bade9fffff
260639509002042,10,1,10,16094708,130019,Air Advantage,72,1,X,MI,88276bade7fffff
260639509002044,0,0,2,16094708,130019,Air Advantage,72,1,X,MI,88276badebfffff
260639509002044,10,1,12,16094708,130019,Air Advantage,72,1,X,MI,88276bade9fffff
260639509002045,10,1,3,16094708,130019,Air Advantage,72,1,X,MI,88276bade9fffff
260639509002046,10,1,1,16094708,130019,Air Advantage,72,1,X,MI,88276bade9fffff
260639509003000,0,0,2,16094708,130019,Air Advantage,72,1,X,MI,88276ba8b7fffff
260639509003004,10,1,1,16094708,130019,Air Advantage,72,1,R,MI,88276b3353fffff
260639509003005,10,1,16,16094708,130019,Air Advantage,72,1,X,MI,88276b3357fffff
260639509003006,10,1,8,16094708,130019,Air Advantage,72,1,X,MI,88276b3357fffff
260639509003012,0,0,1,16094708,130019,Air Advantage,72,1,X,MI,88276b3239fffff
260639509003012,10,1,1,16094708,130019,Air Advantage,72,1,X,MI,88276b3233fffff
260639509003013,0,0,1,16094708,130019,Air Advantage,72,1,X,MI,88276b3207fffff
260639509003014,10,1,3,16094708,130019,Air Advantage,72,1,X,MI,88276b3227fffff
260639509003015,10,1,4,16094708,130019,Air Advantage,72,1,X,MI,88276b3319fffff
260639509003016,10,1,5,16094708,130019,Air Advantage,72,1,X,MI,88276b3311fffff
260639509003017,0,0,1,16094708,130019,Air Advantage,72,1,X,MI,88276b3069fffff
260639509003017,10,1,4,16094708,130019,Air Advantage,72,1,X,MI,88276b3061fffff
260639509003018,10,1,5,16094708,130019,Air Advantage,72,1,X,MI,88276b306bfffff
260639509003019,10,1,4,16094708,130019,Air Advantage,72,1,X,MI,88276b3227fffff
260639509003020,0,0,1,16094708,130019,Air Advantage,72,1,X,MI,88276b3043fffff
260639509003020,10,1,2,16094708,130019,Air Advantage,72,1,X,MI,88276b3043fffff
260639509003021,10,1,2,16094708,130019,Air Advantage,72,1,X,MI,88276b3059fffff
260639509003022,10,1,1,16094708,130019,Air Advantage,72,1,X,MI,88276b323bfffff
260639509003023,10,1,1,16094708,130019,Air Advantage,72,1,X,MI,88276b3213fffff
260639509003025,0,0,1,16094708,130019,Air Advantage,72,1,X,MI,88276b32c7fffff
260639509003026,10,1,4,16094708,130019,Air Advantage,72,1,X,MI,88276b3281fffff
260639509003027,10,1,3,16094708,130019,Air Advantage,72,1,X,MI,88276b3285fffff
260639509003028,10,1,7,16094708,130019,Air Advantage,72,1,X,MI,88276b305bfffff
260639509003029,10,1,6,16094708,130019,Air Advantage,72,1,X,MI,88276b3051fffff
260639509003030,10,1,4,16094708,130019,Air Advantage,72,1,X,MI,88276b3051fffff
260639509003031,0,0,1,16094708,130019,Air Advantage,72,1,X,MI,88276b300dfffff
260639509003031,10,1,5,16094708,130019,Air Advantage,72,1,X,MI,88276b3043fffff
260639509003032,10,1,6,16094708,130019,Air Advantage,72,1,X,MI,88276b3067fffff
260639509003034,10,1,1,16094708,130019,Air Advantage,72,1,X,MI,88276b3009fffff
260639509003035,10,1,1,16094708,130019,Air Advantage,72,1,X,MI,88276b3009fffff
260639509003036,0,0,1,16094708,130019,Air Advantage,72,1,X,MI,88276b3053fffff
260639509003036,10,1,2,16094708,130019,Air Advantage,72,1,X,MI,88276b3019fffff
260639509003037,10,1,5,16094708,130019,Air Advantage,72,1,X,MI,88276b30c9fffff
260639509003038,0,0,1,16094708,130019,Air Advantage,72,1,X,MI,88276b32a1fffff
260639509003038,10,1,4,16094708,130019,Air Advantage,72,1,X,MI,88276b32a1fffff
260639509003039,10,1,4,16094708,130019,Air Advantage,72,1,X,MI,88276b3281fffff
260639509003040,0,0,1,16094708,130019,Air Advantage,72,1,X,MI,88276b3005fffff
260639509003040,10,1,3,16094708,130019,Air Advantage,72,1,X,MI,88276b301dfffff
260639509003041,0,0,3,16094708,130019,Air Advantage,72,1,X,MI,88276b3007fffff
260639509003041,10,1,2,16094708,130019,Air Advantage,72,1,X,MI,88276b3005fffff
260639509003042,10,1,2,16094708,130019,Air Advantage,72,1,X,MI,88276b3005fffff
260639509003045,10,1,2,16094708,130019,Air Advantage,72,1,X,MI,88276b3019fffff
260639509003046,0,0,2,16094708,130019,Air Advantage,72,1,X,MI,88276b303bfffff
260639509003046,10,1,3,16094708,130019,Air Advantage,72,1,X,MI,88276b3017fffff
260639509003047,0,0,1,16094708,130019,Air Advantage,72,1,X,MI,88276b3033fffff
260639509003047,10,1,3,16094708,130019,Air Advantage,72,1,X,MI,88276b3031fffff
260639509004001,10,1,1,16094708,130019,Air Advantage,72,1,X,MI,88276b3329fffff
260639509004002,10,1,3,16094708,130019,Air Advantage,72,1,X,MI,88276b333dfffff
260639509004003,10,1,3,16094708,130019,Air Advantage,72,1,X,MI,88276b04d3fffff
260639509004005,10,1,3,16094708,130019,Air Advantage,72,1,X,MI,88276b04b1fffff
260639509004007,10,1,3,16094708,130019,Air Advantage,72,1,X,MI,88276b04a3fffff
260639509004008,10,1,2,16094708,130019,Air Advantage,72,1,X,MI,88276b3a49fffff
260639509004010,10,1,2,16094708,130019,Air Advantage,72,1,X,MI,88276b04b1fffff
260639509004014,10,1,1,16094708,130019,Air Advantage,72,1,X,MI,88276b0493fffff
260639509004017,10,1,1,16094708,130019,Air Advantage,72,1,X,MI,88276b3327fffff
260639509004018,10,1,9,16094708,130019,Air Advantage,72,1,X,MI,88276b3323fffff
260639509004021,10,1,2,16094708,130019,Air Advantage,72,1,X,MI,88276b3307fffff
260639509004022,10,1,8,16094708,130019,Air Advantage,72,1,R,MI,88276b3331fffff
260639509004025,10,1,1,16094708,130019,Air Advantage,72,1,X,MI,88276b3141fffff
260639509004026,10,1,2,16094708,130019,Air Advantage,72,1,X,MI,88276b316bfffff
260639509004028,0,0,1,16094708,130019,Air Advantage,72,1,X,MI,88276b3169fffff
260639509004029,10,1,5,16094708,130019,Air Advantage,72,1,X,MI,88276b3145fffff
260639509004031,10,1,1,16094708,130019,Air Advantage,72,1,X,MI,88276b04bbfffff
260639509004032,0,0,1,16094708,130019,Air Advantage,72,1,R,MI,88276b3165fffff
260639509004032,10,1,4,16094708,130019,Air Advantage,72,1,X,MI,88276b3161fffff
260639509004033,10,1,4,16094708,130019,Air Advantage,72,1,X,MI,88276b3a59fffff
260639509004034,10,1,2,16094708,130019,Air Advantage,72,1,X,MI,88276b04b7fffff
260639509004036,10,1,1,16094708,130019,Air Advantage,72,1,X,MI,88276b04b1fffff
260639509004037,10,1,1,16094708,130019,Air Advantage,72,1,X,MI,88276b310dfffff
260639509004038,10,1,3,16094708,130019,Air Advantage,72,1,X,MI,88276b3105fffff
260639509004039,10,1,1,16094708,130019,Air Advantage,72,1,X,MI,88276b3161fffff
260639509004041,10,1,1,16094708,130019,Air Advantage,72,1,X,MI,88276b310bfffff
260639509004045,10,1,2,16094708,130019,Air Advantage,72,1,X,MI,88276b3105fffff
260639509004046,0,0,2,16094708,130019,Air Advantage,72,1,X,MI,88276b3129fffff
260639509004046,10,1,5,16094708,130019,Air Advantage,72,1,X,MI,88276b3129fffff
260639509004047,0,0,1,16094708,130019,Air Advantage,72,1,X,MI,88276b3129fffff
260639509004047,10,1,9,16094708,130019,Air Advantage,72,1,X,MI,88276b3167fffff
260639509004048,10,1,5,16094708,130019,Air Advantage,72,1,X,MI,88276b3a55fffff
260639509004049,10,1,5,16094708,130019,Air Advantage,72,1,X,MI,88276b3127fffff
260639509004052,10,1,1,16094708,130019,Air Advantage,72,1,R,MI,88276b3ac9fffff
260639509004057,10,1,1,16094708,130019,Air Advantage,72,1,X,MI,88276b3101fffff
260639509004071,0,0,1,16094708,130019,Air Advantage,72,1,X,MI,88276b31e9fffff
260639509004071,10,1,4,16094708,130019,Air Advantage,72,1,X,MI,88276b31c7fffff
260639509004072,10,1,4,16094708,130019,Air Advantage,72,1,X,MI,88276b31cdfffff
260639509004073,0,0,3,16094708,130019,Air Advantage,72,1,X,MI,88276b311bfffff
260639509004073,10,1,6,16094708,130019,Air Advantage,72,1,X,MI,88276b3025fffff
260639509004078,10,1,3,16094708,130019,Air Advantage,72,1,X,MI,88276b31c1fffff
260639509004084,10,1,3,16094708,130019,Air Advantage,72,1,X,MI,88276b3065fffff
260639509004085,10,1,7,16094708,130019,Air Advantage,72,1,X,MI,88276b3065fffff
260639509004087,10,1,2,16094708,130019,Air Advantage,72,1,X,MI,88276b3a8dfffff
260639510001002,10,1,6,16094708,130019,Air Advantage,72,1,X,MI,88276ba8e9fffff
260639510001003,10,1,3,16094708,130019,Air Advantage,72,1,X,MI,88276ba817fffff
260639510001004,0,0,1,16094708,130019,Air Advantage,72,1,X,MI,88276ba817fffff
260639510001004,10,1,1,16094708,130019,Air Advantage,72,1,X,MI,88276ba817fffff
260639510001005,0,0,3,16094708,130019,Air Advantage,72,1,X,MI,88276ba817fffff
260639510001005,10,1,2,16094708,130019,Air Advantage,72,1,X,MI,88276ba8edfffff
260639510001006,0,0,1,16094708,130019,Air Advantage,72,1,X,MI,88276ba8edfffff
260639510001007,0,0,1,16094708,130019,Air Advantage,72,1,X,MI,88276ba8edfffff
260639510001007,10,1,2,16094708,130019,Air Advantage,72,1,X,MI,88276ba83bfffff
260639510001008,10,1,5,16094708,130019,Air Advantage,72,1,X,MI,88276ba817fffff
260639510001010,10,1,2,16094708,130019,Air Advantage,72,1,X,MI,88276ba8e9fffff
260639510001012,10,1,2,16094708,130019,Air Advantage,72,1,X,MI,88276ba8e9fffff
260639510001014,10,1,1,16094708,130019,Air Advantage,72,1,X,MI,88276ba8ebfffff
260639510001015,0,0,1,16094708,130019,Air Advantage,72,1,X,MI,88276ba8c5fffff
260639510001016,10,1,2,16094708,130019,Air Advantage,72,1,X,MI,88276ba8c1fffff
260639510001018,10,1,3,16094708,130019,Air Advantage,72,1,X,MI,88276ba8c5fffff
260639510001019,0,0,2,16094708,130019,Air Advantage,72,1,X,MI,88276ba8ebfffff
260639510001019,10,1,6,16094708,130019,Air Advantage,72,1,X,MI,88276ba8c7fffff
260639510001024,10,1,6,16094708,130019,Air Advantage,72,1,X,MI,88276ba8ebfffff
260639510001025,10,1,4,16094708,130019,Air Advantage,72,1,X,MI,88276ba8ebfffff
260639510001027,10,1,1,16094708,130019,Air Advantage,72,1,X,MI,88276ba8ebfffff
260639510001030,10,1,4,16094708,130019,Air Advantage,72,1,X,MI,88276ba8e9fffff
260639510001031,0,0,1,16094708,130019,Air Advantage,72,1,X,MI,88276ba8e9fffff
260639510001031,10,1,10,16094708,130019,Air Advantage,72,1,X,MI,88276ba8e9fffff
260639510001032,10,1,2,16094708,130019,Air Advantage,72,1,X,MI,88276ba8edfffff
260639510001034,0,0,4,16094708,130019,Air Advantage,72,1,X,MI,88276ba8e1fffff
260639510001034,10,1,22,16094708,130019,Air Advantage,72,1,X,MI,88276ba8e1fffff
260639510001038,10,1,2,16094708,130019,Air Advantage,72,1,X,MI,88276ba8e1fffff
260639510001039,10,1,3,16094708,130019,Air Advantage,72,1,X,MI,88276ba8e9fffff
260639510001040,10,1,2,16094708,130019,Air Advantage,72,1,X,MI,88276ba8e1fffff
260639510001041,10,1,4,16094708,130019,Air Advantage,72,1,X,MI,88276ba8e1fffff
260639510001042,10,1,2,16094708,130019,Air Advantage,72,1,X,MI,88276ba8e1fffff
260639510001043,10,1,1,16094708,130019,Air Advantage,72,1,X,MI,88276ba8e1fffff
260639510001045,10,1,2,16094708,130019,Air Advantage,72,1,X,MI,88276ba88dfffff
260639510001046,10,1,1,16094708,130019,Air Advantage,72,1,X,MI,88276ba88dfffff
260639510001047,10,1,2,16094708,130019,Air Advantage,72,1,X,MI,88276ba8c7fffff
260639510001048,0,0,1,16094708,130019,Air Advantage,72,1,X,MI,88276ba88dfffff
260639510001048,10,1,26,16094708,130019,Air Advantage,72,1,X,MI,88276ba88dfffff
260639510001049,10,1,1,16094708,130019,Air Advantage,72,1,X,MI,88276ba88dfffff
260639510001051,10,1,30,16094708,130019,Air Advantage,72,1,X,MI,88276ba88dfffff
260639510001053,10,1,5,16094708,130019,Air Advantage,72,1,X,MI,88276ba8ebfffff
260639510001054,0,0,10,16094708,130019,Air Advantage,72,1,X,MI,88276ba881fffff
260639510001054,10,1,4,16094708,130019,Air Advantage,72,1,X,MI,88276ba881fffff
260639510001055,0,0,2,16094708,130019,Air Advantage,72,1,X,MI,88276ba881fffff
260639510001055,10,1,11,16094708,130019,Air Advantage,72,1,X,MI,88276ba881fffff
260639510001056,10,1,14,16094708,130019,Air Advantage,72,1,X,MI,88276ba881fffff
260639510001057,0,0,1,16094708,130019,Air Advantage,72,1,X,MI,88276ba88dfffff
260639510001057,10,1,17,16094708,130019,Air Advantage,72,1,X,MI,88276ba88dfffff
260639510001058,10,1,2,16094708,130019,Air Advantage,72,1,X,MI,88276ba887fffff
260639510002000,0,0,1,16094708,130019,Air Advantage,72,1,X,MI,88276ba8ebfffff
260639510002000,10,1,7,16094708,130019,Air Advantage,72,1,X,MI,88276ba8ebfffff
260639510002001,0,0,3,16094708,130019,Air Advantage,72,1,X,MI,88276ba8ebfffff
260639510002001,10,1,18,16094708,130019,Air Advantage,72,1,X,MI,88276ba8e1fffff
260639510002002,10,1,11,16094708,130019,Air Advantage,72,1,X,MI,88276ba8ebfffff
260639510002004,10,1,1,16094708,130019,Air Advantage,72,1,X,MI,88276ba8ebfffff
260639510002005,0,0,1,16094708,130019,Air Advantage,72,1,X,MI,88276ba8e1fffff
260639510002005,10,1,13,16094708,130019,Air Advantage,72,1,X,MI,88276ba8ebfffff
260639510002006,0,0,1,16094708,130019,Air Advantage,72,1,R,MI,88276ba8ebfffff
260639510002006,10,1,6,16094708,130019,Air Advantage,72,1,X,MI,88276ba8ebfffff
260639510002009,10,1,1,16094708,130019,Air Advantage,72,1,X,MI,88276ba8ebfffff
260639510002013,10,1,12,16094708,130019,Air Advantage,72,1,X,MI,88276ba8ebfffff
260639510002015,0,0,1,16094708,130019,Air Advantage,72,1,X,MI,88276ba8e3fffff
260639510002016,10,1,1,16094708,130019,Air Advantage,72,1,X,MI,88276ba8e3fffff
260639510003000,10,1,3,16094708,130019,Air Advantage,72,1,X,MI,88276ba8e1fffff
260639510003001,10,1,1,16094708,130019,Air Advantage,72,1,X,MI,88276ba8e1fffff
260639510003009,10,1,2,16094708,130019,Air Advantage,72,1,X,MI,88276ba8e1fffff
260639510003010,0,0,1,16094708,130019,Air Advantage,72,1,X,MI,88276ba8e1fffff
260639510003010,10,1,1,16094708,130019,Air Advantage,72,1,X,MI,88276ba8e1fffff
260639510003011,0,0,1,16094708,130019,Air Advantage,72,1,X,MI,88276ba8e1fffff
260639510003012,10,1,1,16094708,130019,Air Advantage,72,1,X,MI,88276ba8e1fffff
260639510003013,0,0,1,16094708,130019,Air Advantage,72,1,X,MI,88276ba8e1fffff
260639510003013,10,1,1,16094708,130019,Air Advantage,72,1,X,MI,88276ba8e1fffff
260639510003014,0,0,1,16094708,130019,Air Advantage,72,1,R,MI,88276ba8e3fffff
260639510003014,10,1,2,16094708,130019,Air Advantage,72,1,X,MI,88276ba8e3fffff
260639510003016,10,1,3,16094708,130019,Air Advantage,72,1,X,MI,88276ba8e3fffff
260639510003017,0,0,1,16094708,130019,Air Advantage,72,1,X,MI,88276ba8e1fffff
260639510003017,10,1,1,16094708,130019,Air Advantage,72,1,X,MI,88276ba8e3fffff
260639510003018,0,0,1,16094708,130019,Air Advantage,72,1,X,MI,88276ba8e3fffff
260639510003018,10,1,1,16094708,130019,Air Advantage,72,1,X,MI,88276ba8e3fffff
260639510003019,10,1,1,16094708,130019,Air Advantage,72,1,X,MI,88276ba8e3fffff
260639510003021,10,1,3,16094708,130019,Air Advantage,72,1,X,MI,88276ba8e7fffff
260639510004000,0,0,1,16094708,130019,Air Advantage,72,1,X,MI,88276ba8e3fffff
260639510004000,10,1,53,16094708,130019,Air Advantage,72,1,X,MI,88276ba88dfffff
260639510004001,10,1,3,16094708,130019,Air Advantage,72,1,X,MI,88276ba88dfffff
260639510004002,10,1,1,16094708,130019,Air Advantage,72,1,X,MI,88276ba8e3fffff
260639510004003,10,1,1,16094708,130019,Air Advantage,72,1,X,MI,88276ba8e3fffff
260639510004004,0,0,1,16094708,130019,Air Advantage,72,1,X,MI,88276ba8e3fffff
260639510004004,10,1,4,16094708,130019,Air Advantage,72,1,X,MI,88276ba8e3fffff
260639510004012,10,1,1,16094708,130019,Air Advantage,72,1,X,MI,88276ba8adfffff
260639510004013,10,1,2,16094708,130019,Air Advantage,72,1,X,MI,88276ba8e7fffff
260639510004014,10,1,2,16094708,130019,Air Advantage,72,1,X,MI,88276ba9dbfffff
260639510004020,10,1,17,16094708,130019,Air Advantage,72,1,X,MI,88276ba8e3fffff
260639510004023,10,1,1,16094708,130019,Air Advantage,72,1,X,MI,88276ba8a9fffff
260639510004024,0,0,1,16094708,130019,Air Advantage,72,1,X,MI,88276ba8e3fffff
260639510004024,10,1,6,16094708,130019,Air Advantage,72,1,X,MI,88276ba8e3fffff
260639510004026,10,1,2,16094708,130019,Air Advantage,72,1,X,MI,88276ba8a9fffff
260639510004027,10,1,5,16094708,130019,Air Advantage,72,1,X,MI,88276ba885fffff
260639510004028,10,1,2,16094708,130019,Air Advantage,72,1,X,MI,88276ba885fffff
260639510004029,0,0,1,16094708,130019,Air Advantage,72,1,X,MI,88276ba8e3fffff
260639510004029,10,1,2,16094708,130019,Air Advantage,72,1,X,MI,88276ba885fffff
260639510004030,0,0,1,16094708,130019,Air Advantage,72,1,X,MI,88276ba885fffff
260639510004030,10,1,8,16094708,130019,Air Advantage,72,1,X,MI,88276ba8e3fffff
260639510004031,0,0,1,16094708,130019,Air Advantage,72,1,X,MI,88276ba8e3fffff
260639510004031,10,1,7,16094708,130019,Air Advantage,72,1,X,MI,88276ba8e3fffff
260639510004032,10,1,8,16094708,130019,Air Advantage,72,1,X,MI,88276ba8e3fffff
260639510004033,0,0,2,16094708,130019,Air Advantage,72,1,X,MI,88276ba8e3fffff
260639510004033,10,1,1,16094708,130019,Air Advantage,72,1,X,MI,88276ba8e3fffff
260639510004034,10,1,2,16094708,130019,Air Advantage,72,1,X,MI,88276ba885fffff
260639510004035,0,0,1,16094708,130019,Air Advantage,72,1,X,MI,88276ba885fffff
260639510004037,10,1,5,16094708,130019,Air Advantage,72,1,X,MI,88276ba885fffff
260639510004039,10,1,1,16094708,130019,Air Advantage,72,1,X,MI,88276ba887fffff
260639510004041,10,1,2,16094708,130019,Air Advantage,72,1,X,MI,88276ba885fffff
260639510004042,10,1,1,16094708,130019,Air Advantage,72,1,X,MI,88276ba885fffff
260639511001010,10,1,2,16094708,130019,Air Advantage,72,1,X,MI,88276baae7fffff
260639511001011,10,1,2,16094708,130019,Air Advantage,72,1,X,MI,88276baae7fffff
260639511001012,10,1,2,16094708,130019,Air Advantage,72,1,X,MI,88276ba851fffff
260639511001013,10,1,4,16094708,130019,Air Advantage,72,1,X,MI,88276ba857fffff
260639511001014,10,1,2,16094708,130019,Air Advantage,72,1,X,MI,88276ba855fffff
260639511001015,10,1,3,16094708,130019,Air Advantage,72,1,X,MI,88276ba81dfffff
260639511001016,10,1,1,16094708,130019,Air Advantage,72,1,X,MI,88276ba857fffff
260639511001019,10,1,1,16094708,130019,Air Advantage,72,1,X,MI,88276baaa7fffff
260639511001020,0,0,2,16094708,130019,Air Advantage,72,1,X,MI,88276baaa1fffff
260639511001033,10,1,2,16094708,130019,Air Advantage,72,1,X,MI,88276baab7fffff
260639511001034,10,1,1,16094708,130019,Air Advantage,72,1,X,MI,88276baab1fffff
260639511001048,0,0,3,16094708,130019,Air Advantage,72,1,X,MI,88276baf6dfffff
260639511001049,0,0,5,16094708,130019,Air Advantage,72,1,X,MI,88276baab3fffff
260639511001050,0,0,4,16094708,130019,Air Advantage,72,1,X,MI,88276baf6dfffff
260639511001050,10,1,2,16094708,130019,Air Advantage,72,1,X,MI,88276ba8dbfffff
260639511001051,10,1,10,16094708,130019,Air Advantage,72,1,X,MI,88276ba8d9fffff
260639511001052,10,1,1,16094708,130019,Air Advantage,72,1,X,MI,88276ba8d3fffff
260639511001053,0,0,1,16094708,130019,Air Advantage,72,1,X,MI,88276ba883fffff
260639511001053,10,1,3,16094708,130019,Air Advantage,72,1,X,MI,88276ba881fffff
260639511001062,0,0,1,16094708,130019,Air Advantage,72,1,X,MI,88276ba881fffff
260639511001062,10,1,1,16094708,130019,Air Advantage,72,1,X,MI,88276ba883fffff
260639511001063,10,1,3,16094708,130019,Air Advantage,72,1,X,MI,88276ba887fffff
260639511001064,0,0,2,16094708,130019,Air Advantage,72,1,X,MI,88276ba8b1fffff
260639511001064,10,1,2,16094708,130019,Air Advantage,72,1,X,MI,88276ba8b3fffff
260639511001066,10,1,5,16094708,130019,Air Advantage,72,1,X,MI,88276ba81dfffff
260639511001067,10,1,1,16094708,130019,Air Advantage,72,1,X,MI,88276ba81bfffff
260639511002000,0,0,2,16094708,130019,Air Advantage,72,1,X,MI,88276ba803fffff
260639511002000,10,1,8,16094708,130019,Air Advantage,72,1,X,MI,88276ba80dfffff
260639511002002,10,1,2,16094708,130019,Air Advantage,72,1,X,MI,88276ba83bfffff
260639511002003,10,1,3,16094708,130019,Air Advantage,72,1,X,MI,88276ba83bfffff
260639511002006,10,1,1,16094708,130019,Air Advantage,72,1,X,MI,88276ba807fffff
260639511002008,0,0,4,16094708,130019,Air Advantage,72,1,X,MI,88276ba823fffff
260639511002009,10,1,3,16094708,130019,Air Advantage,72,1,X,MI,88276ba825fffff
260639511002011,10,1,2,16094708,130019,Air Advantage,72,1,X,MI,88276ba919fffff
260639511002012,10,1,4,16094708,130019,Air Advantage,72,1,X,MI,88276ba93bfffff
260639511002013,10,1,3,16094708,130019,Air Advantage,72,1,X,MI,88276ba93dfffff
260639511002014,10,1,5,16094708,130019,Air Advantage,72,1,X,MI,88276ba9c1fffff
260639511002015,0,0,8,16094708,130019,Air Advantage,72,1,X,MI,88276ba837fffff
260639511002015,10,1,3,16094708,130019,Air Advantage,72,1,X,MI,88276ba9cbfffff
260639511002017,10,1,1,16094708,130019,Air Advantage,72,1,X,MI,88276ba935fffff
260639511002018,10,1,3,16094708,130019,Air Advantage,72,1,X,MI,88276b06ddfffff
260639511002019,0,0,2,16094708,130019,Air Advantage,72,1,X,MI,88276ba93bfffff
260639511002019,10,1,23,16094708,130019,Air Advantage,72,1,X,MI,88276ba9e1fffff
260639511002020,10,1,4,16094708,130019,Air Advantage,72,1,X,MI,88276ba9c5fffff
260639511002021,0,0,1,16094708,130019,Air Advantage,72,1,X,MI,88276ba9c5fffff
260639511002021,10,1,4,16094708,130019,Air Advantage,72,1,X,MI,88276ba9c5fffff
260639511002022,10,1,2,16094708,130019,Air Advantage,72,1,X,MI,88276ba91bfffff
260639511002024,10,1,3,16094708,130019,Air Advantage,72,1,X,MI,88276ba9e5fffff
260639511002025,10,1,1,16094708,130019,Air Advantage,72,1,X,MI,88276ba9e5fffff
260639511002026,10,1,1,16094708,130019,Air Advantage,72,1,X,MI,88276ba9e5fffff
260639511002028,10,1,1,16094708,130019,Air Advantage,72,1,X,MI,88276ba9e7fffff
260639511002030,10,1,7,16094708,130019,Air Advantage,72,1,X,MI,88276ba9c7fffff
260639511002031,10,1,6,16094708,130019,Air Advantage,72,1,X,MI,88276ba9c7fffff
260639511002036,10,1,1,16094708,130019,Air Advantage,72,1,X,MI,88276ba9adfffff
260639511002038,10,1,3,16094708,130019,Air Advantage,72,1,X,MI,88276b06d3fffff
260639511003000,0,0,1,16094708,130019,Air Advantage,72,1,X,MI,88276ba9dbfffff
260639511003000,10,1,1,16094708,130019,Air Advantage,72,1,X,MI,88276ba9d7fffff
260639511003002,10,1,2,16094708,130019,Air Advantage,72,1,X,MI,88276ba989fffff
260639511003003,10,1,2,16094708,130019,Air Advantage,72,1,X,MI,88276ba981fffff
260639511003004,0,0,1,16094708,130019,Air Advantage,72,1,X,MI,88276ba9a1fffff
260639511003004,10,1,3,16094708,130019,Air Advantage,72,1,X,MI,88276ba9e3fffff
260639511003005,0,0,1,16094708,130019,Air Advantage,72,1,X,MI,88276b069bfffff
260639511003005,10,1,8,16094708,130019,Air Advantage,72,1,X,MI,88276b0699fffff
260639511003006,10,1,1,16094708,130019,Air Advantage,72,1,X,MI,88276b069bfffff
260639511003007,0,0,1,16094708,130019,Air Advantage,72,1,R,MI,88276ba9a3fffff
260639511003008,10,1,4,16094708,130019,Air Advantage,72,1,X,MI,88276ba9b5fffff
260639511003009,10,1,1,16094708,130019,Air Advantage,72,1,X,MI,88276b334bfffff
260639511003010,10,1,2,16094708,130019,Air Advantage,72,1,X,MI,88276b3349fffff
260639511003013,0,0,1,16094708,130019,Air Advantage,72,1,R,MI,88276ba9b9fffff
260639511003013,10,1,2,16094708,130019,Air Advantage,72,1,X,MI,88276ba9b9fffff
260639511003015,0,0,2,16094708,130019,Air Advantage,72,1,X,MI,88276ba98bfffff
260639511003016,0,0,2,16094708,130019,Air Advantage,72,1,X,MI,88276ba98bfffff
260639511003016,10,1,1,16094708,130019,Air Advantage,72,1,X,MI,88276ba9d7fffff
260639511003017,10,1,8,16094708,130019,Air Advantage,72,1,X,MI,88276ba9d7fffff
260639511003019,0,0,1,16094708,130019,Air Advantage,72,1,X,MI,88276ba99dfffff
260639511003021,10,1,5,16094708,130019,Air Advantage,72,1,X,MI,88276ba9b1fffff
260639511003027,0,0,1,16094708,130019,Air Advantage,72,1,X,MI,88276b324bfffff
260639511003028,0,0,1,16094708,130019,Air Advantage,72,1,X,MI,88276ba8b7fffff
260639511003029,10,1,4,16094708,130019,Air Advantage,72,1,X,MI,88276b3355fffff
260639511003030,10,1,17,16094708,130019,Air Advantage,72,1,X,MI,88276ba9b7fffff
260639511003033,10,1,1,16094708,130019,Air Advantage,72,1,X,MI,88276b334bfffff
260639511003035,10,1,7,16094708,130019,Air Advantage,72,1,X,MI,88276b334bfffff
260639511003042,0,0,2,16094708,130019,Air Advantage,72,1,X,MI,88276b3343fffff
260639511003042,10,1,15,16094708,130019,Air Advantage,72,1,X,MI,88276b334bfffff
260639511003043,10,1,1,16094708,130019,Air Advantage,72,1,X,MI,88276b3355fffff
260639511003044,10,1,2,16094708,130019,Air Advantage,72,1,X,MI,88276b335dfffff
260639511003045,10,1,3,16094708,130019,Air Advantage,72,1,X,MI,88276b335dfffff
260639512001000,0,0,1,16094708,130019,Air Advantage,72,1,X,MI,88276ba2d1fffff
260639512001000,10,1,7,16094708,130019,Air Advantage,72,1,X,MI,88276ba2d3fffff
260639512001002,10,1,3,16094708,130019,Air Advantage,72,1,X,MI,88276ba2bdfffff
260639512001003,10,1,3,16094708,130019,Air Advantage,72,1,X,MI,88276ba2bdfffff
260639512001004,10,1,1,16094708,130019,Air Advantage,72,1,X,MI,88276ba2a1fffff
260639512001005,10,1,3,16094708,130019,Air Advantage,72,1,X,MI,88276ba2b1fffff
260639512001006,0,0,1,16094708,130019,Air Advantage,72,1,X,MI,88276ba293fffff
260639512001006,10,1,7,16094708,130019,Air Advantage,72,1,X,MI,88276ba293fffff
260639512001007,10,1,7,16094708,130019,Air Advantage,72,1,X,MI,88276ba29dfffff
260639512001008,10,1,1,16094708,130019,Air Advantage,72,1,X,MI,88276ba299fffff
260639512001012,10,1,1,16094708,130019,Air Advantage,72,1,X,MI,88276ba0cdfffff
260639512001013,10,1,4,16094708,130019,Air Advantage,72,1,X,MI,88276ba0c1fffff
260639512001014,10,1,2,16094708,130019,Air Advantage,72,1,X,MI,88276ba2a3fffff
260639512001016,10,1,1,16094708,130019,Air Advantage,72,1,X,MI,88276ba2b3fffff
260639512001018,10,1,4,16094708,130019,Air Advantage,72,1,X,MI,88276ba293fffff
260639512001019,0,0,1,16094708,130019,Air Advantage,72,1,R,MI,88276ba749fffff
260639512001019,10,1,10,16094708,130019,Air Advantage,72,1,X,MI,88276bb5a7fffff
260639512001020,0,0,1,16094708,130019,Air Advantage,72,1,R,MI,88276ba299fffff
260639512001020,10,1,26,16094708,130019,Air Advantage,72,1,X,MI,88276bb5a7fffff
260639512001021,10,1,23,16094708,130019,Air Advantage,72,1,X,MI,88276bb5a7fffff
260639512001022,10,1,2,16094708,130019,Air Advantage,72,1,X,MI,88276bb5a5fffff
260639512001026,10,1,11,16094708,130019,Air Advantage,72,1,X,MI,88276bb5a7fffff
260639512001027,10,1,4,16094708,130019,Air Advantage,72,1,X,MI,88276bb5a7fffff
260639512001028,10,1,1,16094708,130019,Air Advantage,72,1,X,MI,88276bb5a7fffff
260639512001042,10,1,1,16094708,130019,Air Advantage,72,1,X,MI,88276ba75bfffff
260639512001045,10,1,1,16094708,130019,Air Advantage,72,1,X,MI,88276ba743fffff
260639512001046,10,1,1,16094708,130019,Air Advantage,72,1,R,MI,88276ba743fffff
260639512001048,0,0,1,16094708,130019,Air Advantage,72,1,X,MI,88276ba667fffff
260639512001048,10,1,7,16094708,130019,Air Advantage,72,1,X,MI,88276ba75bfffff
260639512001049,10,1,7,16094708,130019,Air Advantage,72,1,X,MI,88276ba751fffff
260639512001055,10,1,2,16094708,130019,Air Advantage,72,1,X,MI,88276ba0dbfffff
260639512001057,10,1,2,16094708,130019,Air Advantage,72,1,X,MI,88276ba081fffff
260639512001058,10,1,3,16094708,130019,Air Advantage,72,1,X,MI,88276ba0c3fffff
260639512001059,10,1,1,16094708,130019,Air Advantage,72,1,X,MI,88276ba73dfffff
260639512001060,10,1,4,16094708,130019,Air Advantage,72,1,X,MI,88276ba733fffff
260639512001061,0,0,1,16094708,130019,Air Advantage,72,1,R,MI,88276ba717fffff
260639512001061,10,1,3,16094708,130019,Air Advantage,72,1,X,MI,88276ba739fffff
260639512001062,10,1,3,16094708,130019,Air Advantage,72,1,X,MI,88276ba44dfffff
260639512001063,10,1,3,16094708,130019,Air Advantage,72,1,X,MI,88276ba625fffff
260639512002001,10,1,1,16094708,130019,Air Advantage,72,1,X,MI,88276bb5adfffff
260639512002003,10,1,17,16094708,130019,Air Advantage,72,1,X,MI,88276bb5adfffff
260639512002004,0,0,1,16094708,130019,Air Advantage,72,1,X,MI,88276bb5a1fffff
260639512002004,10,1,2,16094708,130019,Air Advantage,72,1,X,MI,88276bb5a1fffff
260639512002011,0,0,1,16094708,130019,Air Advantage,72,1,R,MI,88276bb5a1fffff
260639512002011,10,1,4,16094708,130019,Air Advantage,72,1,X,MI,88276bb5a1fffff
260639512002012,10,1,14,16094708,130019,Air Advantage,72,1,X,MI,88276bb5a1fffff
260639512002015,10,1,2,16094708,130019,Air Advantage,72,1,X,MI,88276bb5a1fffff
260639512002016,10,1,3,16094708,130019,Air Advantage,72,1,X,MI,88276bb5a1fffff
260639512002017,10,1,3,16094708,130019,Air Advantage,72,1,X,MI,88276bb5a1fffff
260639512002018,10,1,24,16094708,130019,Air Advantage,72,1,X,MI,88276bb5a1fffff
260639512002019,10,1,28,16094708,130019,Air Advantage,72,1,X,MI,88276bb5a1fffff
260639512002020,10,1,2,16094708,130019,Air Advantage,72,1,X,MI,88276bb5a1fffff
260639512002022,10,1,15,16094708,130019,Air Advantage,72,1,X,MI,88276bb5a1fffff
260639512003021,10,1,2,16094708,130019,Air Advantage,72,1,X,MI,88276ba46dfffff
260639512003022,10,1,4,16094708,130019,Air Advantage,72,1,X,MI,88276ba733fffff
260639512003023,10,1,1,16094708,130019,Air Advantage,72,1,X,MI,88276ba555fffff
260639512003024,0,0,1,16094708,130019,Air Advantage,72,1,X,MI,88276ba501fffff
260639512003028,10,1,1,16094708,130019,Air Advantage,72,1,X,MI,88276ba467fffff
260639512003030,0,0,2,16094708,130019,Air Advantage,72,1,X,MI,88276ba51dfffff
260639512003040,0,0,2,16094708,130019,Air Advantage,72,1,X,MI,88276ba51bfffff
260639512003041,10,1,2,16094708,130019,Air Advantage,72,1,X,MI,88276ba539fffff
260639512003042,10,1,3,16094708,130019,Air Advantage,72,1,X,MI,88276ba533fffff
260639512003046,0,0,1,16094708,130019,Air Advantage,72,1,X,MI,88276ba433fffff
260639512003047,0,0,1,16094708,130019,Air Advantage,72,1,X,MI,88276ba5ddfffff
260639512003051,0,0,1,16094708,130019,Air Advantage,72,1,X,MI,88276ba5cdfffff
260639512003051,10,1,1,16094708,130019,Air Advantage,72,1,X,MI,88276ba517fffff
260639512003052,10,1,1,16094708,130019,Air Advantage,72,1,X,MI,88276ba5edfffff
260639512003054,10,1,11,16094708,130019,Air Advantage,72,1,X,MI,88276ba5e7fffff
260639512003059,10,1,2,16094708,130019,Air Advantage,72,1,X,MI,88276ba5c7fffff
260639512003061,10,1,1,16094708,130019,Air Advantage,72,1,X,MI,88276ba5c3fffff
260639512003062,0,0,1,16094708,130019,Air Advantage,72,1,X,MI,88276ba5ddfffff
260639512003070,10,1,2,16094708,130019,Air Advantage,72,1,X,MI,88276ba585fffff
260639512003071,0,0,1,16094708,130019,Air Advantage,72,1,X,MI,88276ba5e7fffff
260639512003071,10,1,13,16094708,130019,Air Advantage,72,1,X,MI,88276ba5adfffff
260639512003072,10,1,1,16094708,130019,Air Advantage,72,1,X,MI,88276ba5e7fffff
260639512003073,10,1,10,16094708,130019,Air Advantage,72,1,X,MI,88276baed1fffff
260639512003074,10,1,8,16094708,130019,Air Advantage,72,1,X,MI,88276baed1fffff
260639512003077,0,0,1,16094708,130019,Air Advantage,72,1,X,MI,88276ba5a7fffff
260639512003077,10,1,2,16094708,130019,Air Advantage,72,1,X,MI,88276ba5a1fffff
260639512003078,10,1,6,16094708,130019,Air Advantage,72,1,X,MI,88276ba5adfffff
260639512003086,10,1,1,16094708,130019,Air Advantage,72,1,X,MI,88276ba591fffff
260639512003087,10,1,2,16094708,130019,Air Advantage,72,1,X,MI,88276ba581fffff
260639512003088,10,1,4,16094708,130019,Air Advantage,72,1,X,MI,88276ba5a1fffff
260639512004017,10,1,3,16094708,130019,Air Advantage,72,1,X,MI,88276bb5abfffff
260639512004018,10,1,9,16094708,130019,Air Advantage,72,1,X,MI,88276bb5abfffff
260639512004022,10,1,5,16094708,130019,Air Advantage,72,1,X,MI,88276bb5abfffff
260639512004025,10,1,4,16094708,130019,Air Advantage,72,1,X,MI,88276bb5a1fffff
260639512004026,0,0,1,16094708,130019,Air Advantage,72,1,X,MI,88276bb5a3fffff
260639512004026,10,1,6,16094708,130019,Air Advantage,72,1,X,MI,88276bb5a3fffff
260639512004030,0,0,4,16094708,130019,Air Advantage,72,1,X,MI,88276bb5a3fffff
260639512004030,10,1,30,16094708,130019,Air Advantage,72,1,X,MI,88276bb5a3fffff
260639512004031,10,1,16,16094708,130019,Air Advantage,72,1,X,MI,88276bb5a7fffff
260639512004032,10,1,11,16094708,130019,Air Advantage,72,1,X,MI,88276bb5a7fffff
260639512004033,10,1,11,16094708,130019,Air Advantage,72,1,X,MI,88276bb5a1fffff
260639512004034,10,1,10,16094708,130019,Air Advantage,72,1,X,MI,88276bb5a1fffff
260639512004035,10,1,9,16094708,130019,Air Advantage,72,1,X,MI,88276bb5a1fffff
260639512004036,10,1,10,16094708,130019,Air Advantage,72,1,X,MI,88276bb5a1fffff
260639512004037,10,1,11,16094708,130019,Air Advantage,72,1,X,MI,88276bb5a1fffff
260639512004038,10,1,8,16094708,130019,Air Advantage,72,1,X,MI,88276bb5abfffff
260639512004039,10,1,4,16094708,130019,Air Advantage,72,1,X,MI,88276bb5a1fffff
260639512004040,10,1,5,16094708,130019,Air Advantage,72,1,X,MI,88276bb5a1fffff
260639512004041,10,1,8,16094708,130019,Air Advantage,72,1,X,MI,88276bb5a3fffff
260639512004042,10,1,4,16094708,130019,Air Advantage,72,1,X,MI,88276bb5a3fffff
260639512004043,0,0,1,16094708,130019,Air Advantage,72,1,X,MI,88276bb5a3fffff
260639512004046,10,1,5,16094708,130019,Air Advantage,72,1,R,MI,88276bb5b5fffff
260639512004047,10,1,19,16094708,130019,Air Advantage,72,1,X,MI,88276bb5a3fffff
260639512004048,10,1,20,16094708,130019,Air Advantage,72,1,X,MI,88276bb5a3fffff
260750068012073,0,0,2,16094708,130019,Air Advantage,72,1,X,MI,88274998d7fffff
260750068012073,10,1,4,16094708,130019,Air Advantage,72,1,X,MI,88274998d7fffff
260750068012083,10,1,6,16094708,130019,Air Advantage,72,1,X,MI,8827499887fffff
260750068012086,10,1,4,16094708,130019,Air Advantage,72,1,X,MI,88274998b9fffff
260750068013027,10,1,1,16094708,130019,Air Advantage,72,1,X,MI,88274998d3fffff
260750068041002,0,0,1,16094708,130019,Air Advantage,72,1,X,MI,882749813dfffff
260750068043003,10,1,1,16094708,130019,Air Advantage,72,1,X,MI,8827498129fffff
260750068044008,10,1,2,16094708,130019,Air Advantage,72,1,X,MI,8827498145fffff
260750068044016,10,1,1,16094708,130019,Air Advantage,72,1,X,MI,8827498147fffff
260750068044027,0,0,1,16094708,130019,Air Advantage,72,1,X,MI,8827498a55fffff
260750068044028,0,0,4,16094708,130019,Air Advantage,72,1,X,MI,8827498a55fffff
260873300001000,0,0,1,16094708,130019,Air Advantage,72,1,X,MI,882ab65a95fffff
260873300001000,10,1,1,16094708,130019,Air Advantage,72,1,X,MI,882ab65a91fffff
260873300001002,0,0,1,16094708,130019,Air Advantage,72,1,X,MI,882ab65a85fffff
260873300001002,10,1,1,16094708,130019,Air Advantage,72,1,X,MI,882ab65a87fffff
260873300001003,0,0,3,16094708,130019,Air Advantage,72,1,X,MI,882ab65aabfffff
260873300001004,10,1,16,16094708,130019,Air Advantage,72,1,X,MI,882ab65813fffff
260873300001005,10,1,10,16094708,130019,Air Advantage,72,1,X,MI,882ab65aa5fffff
260873300001006,0,0,2,16094708,130019,Air Advantage,72,1,X,MI,882ab65815fffff
260873300001006,10,1,7,16094708,130019,Air Advantage,72,1,X,MI,882ab6581dfffff
260873300001007,10,1,6,16094708,130019,Air Advantage,72,1,X,MI,882ab65831fffff
260873300001009,0,0,2,16094708,130019,Air Advantage,72,1,X,MI,882ab65abbfffff
260873300001009,10,1,4,16094708,130019,Air Advantage,72,1,X,MI,882ab65abbfffff
260873300001012,10,1,3,16094708,130019,Air Advantage,72,1,X,MI,882ab658ddfffff
260873300001013,0,0,1,16094708,130019,Air Advantage,72,1,X,MI,882ab65abbfffff
260873300001013,10,1,1,16094708,130019,Air Advantage,72,1,X,MI,882ab65a97fffff
260873300001014,0,0,2,16094708,130019,Air Advantage,72,1,X,MI,882ab6436dfffff
260873300001014,10,1,10,16094708,130019,Air Advantage,72,1,X,MI,882ab65a93fffff
260873300001015,0,0,3,16094708,130019,Air Advantage,72,1,X,MI,882ab6436dfffff
260873300001015,10,1,3,16094708,130019,Air Advantage,72,1,X,MI,882ab65a93fffff
260873300001016,10,1,2,16094708,130019,Air Advantage,72,1,X,MI,882ab6436dfffff
260873300001018,10,1,7,16094708,130019,Air Advantage,72,1,X,MI,882ab658dbfffff
260873300001019,10,1,12,16094708,130019,Air Advantage,72,1,X,MI,882ab6588dfffff
260873300001020,10,1,3,16094708,130019,Air Advantage,72,1,X,MI,882ab658c7fffff
260873300001021,10,1,3,16094708,130019,Air Advantage,72,1,X,MI,882ab658ebfffff
260873300001022,0,0,2,16094708,130019,Air Advantage,72,1,X,MI,882ab658e1fffff
260873300001022,10,1,10,16094708,130019,Air Advantage,72,1,X,MI,882ab658e1fffff
260873300001024,0,0,3,16094708,130019,Air Advantage,72,1,X,MI,882ab65833fffff
260873300001024,10,1,7,16094708,130019,Air Advantage,72,1,X,MI,882ab65833fffff
260873300001025,10,1,2,16094708,130019,Air Advantage,72,1,X,MI,882ab65833fffff
260873300001027,0,0,1,16094708,130019,Air Advantage,72,1,X,MI,882ab658e5fffff
260873300001029,0,0,1,16094708,130019,Air Advantage,72,1,R,MI,882ab658e7fffff
260873300001029,10,1,3,16094708,130019,Air Advantage,72,1,X,MI,882ab658a1fffff
260873300001030,10,1,8,16094708,130019,Air Advantage,72,1,X,MI,882ab658a7fffff
260873300001031,10,1,8,16094708,130019,Air Advantage,72,1,X,MI,882ab658a1fffff
260873300001032,10,1,3,16094708,130019,Air Advantage,72,1,X,MI,882ab65885fffff
260873300001033,10,1,9,16094708,130019,Air Advantage,72,1,X,MI,882ab658b9fffff
260873300001035,0,0,3,16094708,130019,Air Advantage,72,1,X,MI,882ab64367fffff
260873300001035,10,1,20,16094708,130019,Air Advantage,72,1,X,MI,882ab64321fffff
260873300001036,0,0,1,16094708,130019,Air Advantage,72,1,X,MI,882ab6432bfffff
260873300001036,10,1,4,16094708,130019,Air Advantage,72,1,X,MI,882ab64305fffff
260873300001037,10,1,1,16094708,130019,Air Advantage,72,1,X,MI,882ab64367fffff
260873300001038,10,1,1,16094708,130019,Air Advantage,72,1,X,MI,882ab6436bfffff
260873300001039,10,1,2,16094708,130019,Air Advantage,72,1,X,MI,882ab64301fffff
260873300001040,10,1,4,16094708,130019,Air Advantage,72,1,X,MI,882ab64323fffff
260873300001041,10,1,2,16094708,130019,Air Advantage,72,1,X,MI,882ab64339fffff
260873300001044,10,1,21,16094708,130019,Air Advantage,72,1,X,MI,882ab64145fffff
260873300001045,0,0,3,16094708,130019,Air Advantage,72,1,X,MI,882ab64149fffff
260873300001045,10,1,6,16094708,130019,Air Advantage,72,1,X,MI,882ab6414dfffff
260873300002000,10,1,1,16094708,130019,Air Advantage,72,1,X,MI,882ab64339fffff
260873300002001,10,1,17,16094708,130019,Air Advantage,72,1,X,MI,882ab64335fffff
260873300002003,0,0,2,16094708,130019,Air Advantage,72,1,X,MI,882ab64149fffff
260873300002003,10,1,4,16094708,130019,Air Advantage,72,1,X,MI,882ab64149fffff
260873300002004,0,0,1,16094708,130019,Air Advantage,72,1,R,MI,882ab6410dfffff
260873300002004,10,1,8,16094708,130019,Air Advantage,72,1,X,MI,882ab6414dfffff
260873300002005,0,0,1,16094708,130019,Air Advantage,72,1,R,MI,882ab64163fffff
260873300002005,10,1,15,16094708,130019,Air Advantage,72,1,X,MI,882ab6416dfffff
260873300002006,10,1,19,16094708,130019,Air Advantage,72,1,X,MI,882ab64a51fffff
260873300002007,0,0,4,16094708,130019,Air Advantage,72,1,R,MI,882ab64a5dfffff
260873300002007,10,1,15,16094708,130019,Air Advantage,72,1,X,MI,882ab658b7fffff
260873300002008,10,1,5,16094708,130019,Air Advantage,72,1,X,MI,882ab658b9fffff
260873300002009,10,1,2,16094708,130019,Air Advantage,72,1,X,MI,882ab658a7fffff
260873300002011,10,1,3,16094708,130019,Air Advantage,72,1,X,MI,882ab64a49fffff
260873300002012,10,1,4,16094708,130019,Air Advantage,72,1,X,MI,882ab64a43fffff
260873300002013,10,1,21,16094708,130019,Air Advantage,72,1,X,MI,882ab64121fffff
260873300002014,10,1,13,16094708,130019,Air Advantage,72,1,X,MI,882ab64129fffff
260873300002015,0,0,1,16094708,130019,Air Advantage,72,1,X,MI,882ab64105fffff
260873300002015,10,1,6,16094708,130019,Air Advantage,72,1,R,MI,882ab64109fffff
260873300002016,10,1,8,16094708,130019,Air Advantage,72,1,X,MI,882ab64151fffff
260873300002017,0,0,3,16094708,130019,Air Advantage,72,1,X,MI,882ab64067fffff
260873300002017,10,1,66,16094708,130019,Air Advantage,72,1,X,MI,882ab64065fffff
260873300002023,0,0,2,16094708,130019,Air Advantage,72,1,X,MI,882ab64153fffff
260873300002023,10,1,10,16094708,130019,Air Advantage,72,1,X,MI,882ab64153fffff
260873300002024,10,1,8,16094708,130019,Air Advantage,72,1,X,MI,882ab6411bfffff
260873300002025,10,1,1,16094708,130019,Air Advantage,72,1,X,MI,882ab64139fffff
260873300002026,10,1,17,16094708,130019,Air Advantage,72,1,X,MI,882ab64123fffff
260873300002027,10,1,11,16094708,130019,Air Advantage,72,1,X,MI,882ab64133fffff
260873300002028,0,0,4,16094708,130019,Air Advantage,72,1,R,MI,882ab64acdfffff
260873300002028,10,1,8,16094708,130019,Air Advantage,72,1,X,MI,882ab64acdfffff
260873300002030,10,1,4,16094708,130019,Air Advantage,72,1,X,MI,882ab64a1bfffff
260873300002031,0,0,1,16094708,130019,Air Advantage,72,1,X,MI,882ab64a19fffff
260873300002031,10,1,6,16094708,130019,Air Advantage,72,1,X,MI,882ab64a19fffff
260873300002032,10,1,7,16094708,130019,Air Advantage,72,1,X,MI,882ab64a57fffff
260873300002035,10,1,6,16094708,130019,Air Advantage,72,1,X,MI,882ab64addfffff
260873300002036,10,1,3,16094708,130019,Air Advantage,72,1,X,MI,882ab64ad9fffff
260873300002037,0,0,1,16094708,130019,Air Advantage,72,1,X,MI,882ab64133fffff
260873300002037,10,1,5,16094708,130019,Air Advantage,72,1,X,MI,882ab64131fffff
260873300002038,10,1,4,16094708,130019,Air Advantage,72,1,X,MI,882ab64117fffff
260873300002039,10,1,4,16094708,130019,Air Advantage,72,1,X,MI,882ab6411bfffff
260873300002040,10,1,20,16094708,130019,Air Advantage,72,1,X,MI,882ab641cdfffff
260873300002041,10,1,1,16094708,130019,Air Advantage,72,1,X,MI,882ab64ac7fffff
260873300002044,0,0,1,16094708,130019,Air Advantage,72,1,R,MI,882ab64ae3fffff
260873300002044,10,1,5,16094708,130019,Air Advantage,72,1,X,MI,882ab64ae9fffff
260873300002045,10,1,2,16094708,130019,Air Advantage,72,1,X,MI,882ab64a17fffff
260873300003000,0,0,4,16094708,130019,Air Advantage,72,1,R,MI,882ab641ddfffff
260873300003000,10,1,5,16094708,130019,Air Advantage,72,1,X,MI,882ab641ddfffff
260873300003002,10,1,6,16094708,130019,Air Advantage,72,1,X,MI,882ab641e1fffff
260873300003003,10,1,1,16094708,130019,Air Advantage,72,1,X,MI,882ab641e1fffff
260873300003004,10,1,3,16094708,130019,Air Advantage,72,1,X,MI,882ab641e3fffff
260873300003006,10,1,3,16094708,130019,Air Advantage,72,1,R,MI,882ab641e5fffff
260873300003008,0,0,1,16094708,130019,Air Advantage,72,1,X,MI,882ab64ad9fffff
260873300003008,10,1,4,16094708,130019,Air Advantage,72,1,X,MI,882ab64ad9fffff
260873300003009,0,0,1,16094708,130019,Air Advantage,72,1,X,MI,882ab64adbfffff
260873300003009,10,1,8,16094708,130019,Air Advantage,72,1,X,MI,882ab641adfffff
260873300003011,10,1,3,16094708,130019,Air Advantage,72,1,X,MI,882ab64a9bfffff
260873300003012,0,0,1,16094708,130019,Air Advantage,72,1,X,MI,882ab64ad5fffff
260873300003012,10,1,10,16094708,130019,Air Advantage,72,1,X,MI,882ab64a8bfffff
260873300003013,10,1,1,16094708,130019,Air Advantage,72,1,X,MI,882ab64ac3fffff
260873300003014,0,0,1,16094708,130019,Air Advantage,72,1,X,MI,882ab64a89fffff
260873300003014,10,1,1,16094708,130019,Air Advantage,72,1,X,MI,882ab64a89fffff
260873300003017,0,0,1,16094708,130019,Air Advantage,72,1,X,MI,882ab64a83fffff
260873300003018,10,1,1,16094708,130019,Air Advantage,72,1,X,MI,882ab641a1fffff
260873300003019,10,1,1,16094708,130019,Air Advantage,72,1,R,MI,882ab641a9fffff
260873300003020,10,1,3,16094708,130019,Air Advantage,72,1,X,MI,882ab641e7fffff
260873300003021,10,1,1,16094708,130019,Air Advantage,72,1,X,MI,882ab641e3fffff
260873300003022,10,1,1,16094708,130019,Air Advantage,72,1,R,MI,882ab641e3fffff
260873300003026,10,1,19,16094708,130019,Air Advantage,72,1,X,MI,882ab64a93fffff
260873300003027,0,0,1,16094708,130019,Air Advantage,72,1,R,MI,882ab64a93fffff
260873300003027,10,1,15,16094708,130019,Air Advantage,72,1,X,MI,882ab64a93fffff
260873300003028,0,0,2,16094708,130019,Air Advantage,72,1,X,MI,882ab64a83fffff
260873300003028,10,1,22,16094708,130019,Air Advantage,72,1,X,MI,882ab64a8bfffff
260873300003029,0,0,1,16094708,130019,Air Advantage,72,1,X,MI,882ab64a95fffff
260873300003029,10,1,4,16094708,130019,Air Advantage,72,1,X,MI,882ab64ab3fffff
260873300003030,0,0,1,16094708,130019,Air Advantage,72,1,R,MI,882ab64a93fffff
260873300003030,10,1,12,16094708,130019,Air Advantage,72,1,X,MI,882ab64f45fffff
260873300003031,0,0,1,16094708,130019,Air Advantage,72,1,X,MI,882ab64f69fffff
260873300003031,10,1,18,16094708,130019,Air Advantage,72,1,X,MI,882ab64f63fffff
260873300003032,10,1,5,16094708,130019,Air Advantage,72,1,X,MI,882ab64f63fffff
260873300003033,10,1,7,16094708,130019,Air Advantage,72,1,X,MI,882ab64f0dfffff
260873300003034,0,0,1,16094708,130019,Air Advantage,72,1,X,MI,882ab64f07fffff
260873300003034,10,1,36,16094708,130019,Air Advantage,72,1,X,MI,882ab64f0dfffff
260873300003035,0,0,1,16094708,130019,Air Advantage,72,1,X,MI,882ab64f4bfffff
260873300003035,10,1,10,16094708,130019,Air Advantage,72,1,X,MI,882ab64f4bfffff
260873300003036,10,1,6,16094708,130019,Air Advantage,72,1,X,MI,882ab64181fffff
260873300003038,10,1,1,16094708,130019,Air Advantage,72,1,X,MI,882ab6418dfffff
260873300003039,10,1,6,16094708,130019,Air Advantage,72,1,X,MI,882ab641ebfffff
260873300003040,10,1,1,16094708,130019,Air Advantage,72,1,X,MI,882ab6418dfffff
260873300003041,10,1,1,16094708,130019,Air Advantage,72,1,X,MI,882ab6418dfffff
260873300003042,10,1,2,16094708,130019,Air Advantage,72,1,X,MI,882ab64f31fffff
260873300003043,0,0,1,16094708,130019,Air Advantage,72,1,R,MI,882ab64f3dfffff
260873300003043,10,1,4,16094708,130019,Air Advantage,72,1,X,MI,882ab64f07fffff
260873300003044,0,0,1,16094708,130019,Air Advantage,72,1,X,MI,882ab64f0dfffff
260873300003044,10,1,16,16094708,130019,Air Advantage,72,1,X,MI,882ab64f01fffff
260873300003045,0,0,7,16094708,130019,Air Advantage,72,1,X,MI,882ab64f19fffff
260873300003045,10,1,9,16094708,130019,Air Advantage,72,1,X,MI,882ab64f53fffff
260873300003046,0,0,1,16094708,130019,Air Advantage,72,1,X,MI,882ab64e2dfffff
260873300003046,10,1,9,16094708,130019,Air Advantage,72,1,X,MI,882ab641b3fffff
260873300003047,10,1,26,16094708,130019,Air Advantage,72,1,X,MI,882ab641b9fffff
260873300003049,10,1,1,16094708,130019,Air Advantage,72,1,X,MI,882ab64195fffff
260873300003051,0,0,1,16094708,130019,Air Advantage,72,1,R,MI,882ab641d5fffff
260873300003051,10,1,2,16094708,130019,Air Advantage,72,1,X,MI,882ab641d5fffff
260873300003053,0,0,7,16094708,130019,Air Advantage,72,1,X,MI,882ab64e25fffff
260873300003053,10,1,4,16094708,130019,Air Advantage,72,1,X,MI,882ab64e2dfffff
260873300003054,0,0,1,16094708,130019,Air Advantage,72,1,X,MI,882ab64e07fffff
260873300003054,10,1,2,16094708,130019,Air Advantage,72,1,X,MI,882ab64e01fffff
260873300003055,0,0,1,16094708,130019,Air Advantage,72,1,X,MI,882ab64e61fffff
260873300003055,10,1,1,16094708,130019,Air Advantage,72,1,X,MI,882ab64e6bfffff
260873300003056,0,0,2,16094708,130019,Air Advantage,72,1,X,MI,882ab64e61fffff
260873300003056,10,1,10,16094708,130019,Air Advantage,72,1,X,MI,882ab64e6dfffff
260873300003058,0,0,2,16094708,130019,Air Advantage,72,1,X,MI,882ab64f27fffff
260873300003058,10,1,7,16094708,130019,Air Advantage,72,1,X,MI,882ab64f2dfffff
260873300003059,0,0,2,16094708,130019,Air Advantage,72,1,X,MI,882ab64f67fffff
260873300003059,10,1,16,16094708,130019,Air Advantage,72,1,X,MI,882ab648dbfffff
260873300003060,10,1,1,16094708,130019,Air Advantage,72,1,X,MI,882ab64f3dfffff
260873305001063,10,1,3,16094708,130019,Air Advantage,72,1,X,MI,882ab659ebfffff
260873305001086,10,1,1,16094708,130019,Air Advantage,72,1,X,MI,882ab659e1fffff
260873305001087,0,0,5,16094708,130019,Air Advantage,72,1,X,MI,882ab659e5fffff
260873305001087,10,1,1,16094708,130019,Air Advantage,72,1,X,MI,882ab659e1fffff
260873305001091,0,0,2,16094708,130019,Air Advantage,72,1,X,MI,88274d96dbfffff
260873305001091,10,1,1,16094708,130019,Air Advantage,72,1,X,MI,88274d96dbfffff
260873305001092,10,1,4,16094708,130019,Air Advantage,72,1,X,MI,882ab659e5fffff
260873305001093,0,0,1,16094708,130019,Air Advantage,72,1,X,MI,882ab659e3fffff
260873305001093,10,1,2,16094708,130019,Air Advantage,72,1,X,MI,882ab659a9fffff
260873305001094,10,1,9,16094708,130019,Air Advantage,72,1,X,MI,882ab65981fffff
260873305001095,0,0,2,16094708,130019,Air Advantage,72,1,X,MI,882ab659dbfffff
260873305001095,10,1,4,16094708,130019,Air Advantage,72,1,X,MI,882ab659d5fffff
260873305001096,0,0,1,16094708,130019,Air Advantage,72,1,B,MI,882ab65831fffff
260873305001096,10,1,2,16094708,130019,Air Advantage,72,1,X,MI,882ab65837fffff
260873305001097,10,1,1,16094708,130019,Air Advantage,72,1,X,MI,882ab659a7fffff
260873305001098,0,0,2,16094708,130019,Air Advantage,72,1,X,MI,88274d9691fffff
260873305001098,10,1,9,16094708,130019,Air Advantage,72,1,X,MI,88274d9691fffff
260873305001102,10,1,6,16094708,130019,Air Advantage,72,1,X,MI,882ab659abfffff
260873305001103,10,1,3,16094708,130019,Air Advantage,72,1,X,MI,882ab6599dfffff
260873305001104,10,1,1,16094708,130019,Air Advantage,72,1,X,MI,882ab659d7fffff
260873305001105,10,1,4,16094708,130019,Air Advantage,72,1,X,MI,882ab659bdfffff
260873305001107,10,1,3,16094708,130019,Air Advantage,72,1,X,MI,882ab65987fffff
260873305002043,0,0,1,16094708,130019,Air Advantage,72,1,X,MI,88274d9417fffff
260873305002043,10,1,1,16094708,130019,Air Advantage,72,1,X,MI,88274d9417fffff
260873305002050,10,1,1,16094708,130019,Air Advantage,72,1,X,MI,88274d9417fffff
260873305002064,10,1,2,16094708,130019,Air Advantage,72,1,X,MI,88274d94e1fffff
260873310001020,10,1,3,16094708,130019,Air Advantage,72,1,X,MI,88274d95a3fffff
260873310001021,10,1,6,16094708,130019,Air Advantage,72,1,X,MI,88274d8749fffff
260873310001029,0,0,4,16094708,130019,Air Advantage,72,1,X,MI,88274d8755fffff
260873310001029,10,1,1,16094708,130019,Air Advantage,72,1,X,MI,88274d8759fffff
260873310001030,0,0,1,16094708,130019,Air Advantage,72,1,X,MI,88274d8753fffff
260873310001030,10,1,1,16094708,130019,Air Advantage,72,1,X,MI,88274d8753fffff
260873310001031,0,0,1,16094708,130019,Air Advantage,72,1,X,MI,88274d8755fffff
260873310002000,10,1,2,16094708,130019,Air Advantage,72,1,X,MI,88274d8293fffff
260873310002001,0,0,1,16094708,130019,Air Advantage,72,1,X,MI,88274d8295fffff
260873310002001,10,1,8,16094708,130019,Air Advantage,72,1,X,MI,88274d8295fffff
260873310002002,0,0,2,16094708,130019,Air Advantage,72,1,X,MI,88274d82bbfffff
260873310002002,10,1,12,16094708,130019,Air Advantage,72,1,X,MI,88274d82bbfffff
260873310002003,10,1,2,16094708,130019,Air Advantage,72,1,X,MI,88274d82bbfffff
260873310002004,10,1,3,16094708,130019,Air Advantage,72,1,X,MI,88274d82bbfffff
260873310002005,10,1,3,16094708,130019,Air Advantage,72,1,X,MI,88274d82bbfffff
260873310002006,10,1,2,16094708,130019,Air Advantage,72,1,X,MI,88274d82bbfffff
260873310002007,10,1,3,16094708,130019,Air Advantage,72,1,X,MI,88274d82bbfffff
260873310002008,0,0,1,16094708,130019,Air Advantage,72,1,X,MI,88274d82bbfffff
260873310002008,10,1,4,16094708,130019,Air Advantage,72,1,X,MI,88274d82bbfffff
260873310002009,10,1,1,16094708,130019,Air Advantage,72,1,X,MI,88274d82bbfffff
260873310002012,10,1,9,16094708,130019,Air Advantage,72,1,X,MI,88274d82bbfffff
260873310002013,10,1,4,16094708,130019,Air Advantage,72,1,X,MI,88274d82bbfffff
260873310002014,10,1,1,16094708,130019,Air Advantage,72,1,X,MI,88274d82bbfffff
260873310002015,10,1,13,16094708,130019,Air Advantage,72,1,X,MI,88274d876dfffff
260873310002016,10,1,2,16094708,130019,Air Advantage,72,1,X,MI,88274d82bbfffff
260873310002017,10,1,3,16094708,130019,Air Advantage,72,1,X,MI,88274d876dfffff
260873310002018,0,0,2,16094708,130019,Air Advantage,72,1,X,MI,88274d876dfffff
260873310002018,10,1,2,16094708,130019,Air Advantage,72,1,X,MI,88274d8769fffff
260873310002021,10,1,4,16094708,130019,Air Advantage,72,1,X,MI,88274d82b3fffff
260873310002022,10,1,1,16094708,130019,Air Advantage,72,1,X,MI,88274d876dfffff
260873310002023,10,1,1,16094708,130019,Air Advantage,72,1,X,MI,88274d8769fffff
260873315001000,0,0,1,16094708,130019,Air Advantage,72,1,X,MI,88274d871dfffff
260873315001000,10,1,2,16094708,130019,Air Advantage,72,1,X,MI,88274d871dfffff
260873315001001,0,0,1,16094708,130019,Air Advantage,72,1,X,MI,88274d871dfffff
260873315001001,10,1,1,16094708,130019,Air Advantage,72,1,X,MI,88274d871dfffff
260873315001002,0,0,1,16094708,130019,Air Advantage,72,1,X,MI,88274d8739fffff
260873315001002,10,1,1,16094708,130019,Air Advantage,72,1,X,MI,88274d8739fffff
260873315001006,0,0,1,16094708,130019,Air Advantage,72,1,X,MI,88274d8703fffff
260873315001007,10,1,2,16094708,130019,Air Advantage,72,1,X,MI,88274d8719fffff
260873315001012,10,1,1,16094708,130019,Air Advantage,72,1,X,MI,88274d8717fffff
260873315001016,10,1,15,16094708,130019,Air Advantage,72,1,X,MI,88274d846dfffff
260873315001017,10,1,7,16094708,130019,Air Advantage,72,1,X,MI,88274d873bfffff
260873315001018,10,1,2,16094708,130019,Air Advantage,72,1,X,MI,88274d873bfffff
260873315001021,10,1,3,16094708,130019,Air Advantage,72,1,X,MI,88274d846dfffff
260873315002001,0,0,1,16094708,130019,Air Advantage,72,1,X,MI,88274d95d7fffff
260873315002008,0,0,1,16094708,130019,Air Advantage,72,1,X,MI,88274d9593fffff
260873315002008,10,1,1,16094708,130019,Air Advantage,72,1,X,MI,88274d9593fffff
260873315002009,10,1,1,16094708,130019,Air Advantage,72,1,X,MI,88274d9597fffff
260873315002010,0,0,1,16094708,130019,Air Advantage,72,1,X,MI,88274d866dfffff
260873315002010,10,1,1,16094708,130019,Air Advantage,72,1,X,MI,88274d8661fffff
260873315002011,0,0,2,16094708,130019,Air Advantage,72,1,X,MI,88274d8665fffff
260873315002011,10,1,2,16094708,130019,Air Advantage,72,1,X,MI,88274d875bfffff
260873315002016,10,1,1,16094708,130019,Air Advantage,72,1,X,MI,88274d8639fffff
260873315002019,0,0,1,16094708,130019,Air Advantage,72,1,X,MI,88274d875bfffff
260873315002019,10,1,3,16094708,130019,Air Advantage,72,1,X,MI,88274d8665fffff
260873315002023,10,1,8,16094708,130019,Air Advantage,72,1,X,MI,88274d844dfffff
260873315002026,10,1,2,16094708,130019,Air Advantage,72,1,X,MI,88274d871bfffff
260873315002038,10,1,3,16094708,130019,Air Advantage,72,1,X,MI,88274d8713fffff
260873315002039,0,0,1,16094708,130019,Air Advantage,72,1,X,MI,88274d844dfffff
260873315002039,10,1,4,16094708,130019,Air Advantage,72,1,X,MI,88274d844dfffff
260873315002040,10,1,9,16094708,130019,Air Advantage,72,1,X,MI,88274d8449fffff
260873315002041,0,0,1,16094708,130019,Air Advantage,72,1,X,MI,88274d8627fffff
260873315002041,10,1,19,16094708,130019,Air Advantage,72,1,X,MI,88274d8627fffff
260873315002042,10,1,1,16094708,130019,Air Advantage,72,1,X,MI,88274d863dfffff
260873315002044,10,1,1,16094708,130019,Air Advantage,72,1,X,MI,88274d8631fffff
260873315002050,10,1,2,16094708,130019,Air Advantage,72,1,X,MI,88274d8445fffff
260873315002062,10,1,9,16094708,130019,Air Advantage,72,1,X,MI,88274d8441fffff
260873315002063,10,1,7,16094708,130019,Air Advantage,72,1,X,MI,88274d8441fffff
260873315002064,0,0,1,16094708,130019,Air Advantage,72,1,X,MI,88274d8441fffff
260873315002064,10,1,10,16094708,130019,Air Advantage,72,1,X,MI,88274d8441fffff
260873315002065,10,1,1,16094708,130019,Air Advantage,72,1,X,MI,88274d8635fffff
260873320001003,10,1,2,16094708,130019,Air Advantage,72,1,X,MI,88274d94e1fffff
260873320001004,0,0,1,16094708,130019,Air Advantage,72,1,X,MI,88274d95dbfffff
260873320001004,10,1,5,16094708,130019,Air Advantage,72,1,X,MI,88274d94adfffff
260873320001005,0,0,2,16094708,130019,Air Advantage,72,1,X,MI,88274d95d7fffff
260873320001006,10,1,3,16094708,130019,Air Advantage,72,1,X,MI,88274d94a5fffff
260873320001008,10,1,2,16094708,130019,Air Advantage,72,1,X,MI,88274d94a3fffff
260873320001012,10,1,8,16094708,130019,Air Advantage,72,1,X,MI,88274d9487fffff
260873320001013,0,0,1,16094708,130019,Air Advantage,72,1,X,MI,88274d94bdfffff
260873320001013,10,1,45,16094708,130019,Air Advantage,72,1,X,MI,88274d94bdfffff
260873320001014,10,1,13,16094708,130019,Air Advantage,72,1,X,MI,88274d94a3fffff
260873320001018,0,0,8,16094708,130019,Air Advantage,72,1,X,MI,88274d94b7fffff
260873320001018,10,1,49,16094708,130019,Air Advantage,72,1,X,MI,88274d94b5fffff
260873320001020,0,0,2,16094708,130019,Air Advantage,72,1,X,MI,88274d94bdfffff
260873320001020,10,1,38,16094708,130019,Air Advantage,72,1,X,MI,88274d94bdfffff
260873320001021,10,1,5,16094708,130019,Air Advantage,72,1,X,MI,88274d8641fffff
260873320001023,0,0,1,16094708,130019,Air Advantage,72,1,X,MI,88274d959bfffff
260873320001023,10,1,3,16094708,130019,Air Advantage,72,1,X,MI,88274d864dfffff
260873320001024,10,1,8,16094708,130019,Air Advantage,72,1,X,MI,88274d9593fffff
260873320002000,10,1,5,16094708,130019,Air Advantage,72,1,R,MI,88274d96b3fffff
260873320002002,10,1,4,16094708,130019,Air Advantage,72,1,X,MI,88274d96b7fffff
260873320002006,0,0,1,16094708,130019,Air Advantage,72,1,X,MI,88274d94d5fffff
260873320002007,10,1,1,16094708,130019,Air Advantage,72,1,X,MI,88274d94d9fffff
260873320002008,0,0,1,16094708,130019,Air Advantage,72,1,X,MI,88274d94d9fffff
260873320002008,10,1,5,16094708,130019,Air Advantage,72,1,X,MI,88274d94d9fffff
260873320002009,0,0,3,16094708,130019,Air Advantage,72,1,X,MI,882ab64b25fffff
260873320002009,10,1,9,16094708,130019,Air Advantage,72,1,X,MI,88274d94d7fffff
260873320002010,10,1,13,16094708,130019,Air Advantage,72,1,X,MI,88274d9481fffff
260873320002011,10,1,7,16094708,130019,Air Advantage,72,1,X,MI,88274d9497fffff
260873320002012,0,0,4,16094708,130019,Air Advantage,72,1,X,MI,88274d949dfffff
260873320002012,10,1,19,16094708,130019,Air Advantage,72,1,X,MI,88274d9491fffff
260873320002013,10,1,63,16094708,130019,Air Advantage,72,1,X,MI,882ab64b25fffff
260873320002015,10,1,5,16094708,130019,Air Advantage,72,1,X,MI,882ab64b21fffff
260873320002016,10,1,20,16094708,130019,Air Advantage,72,1,X,MI,882ab64b21fffff
260873320002017,0,0,1,16094708,130019,Air Advantage,72,1,X,MI,882ab64b21fffff
260873320002017,10,1,2,16094708,130019,Air Advantage,72,1,X,MI,882ab64b21fffff
260873320002018,10,1,32,16094708,130019,Air Advantage,72,1,X,MI,882ab64b21fffff
260873320002019,10,1,6,16094708,130019,Air Advantage,72,1,X,MI,882ab64b21fffff
260873320002020,10,1,9,16094708,130019,Air Advantage,72,1,X,MI,882ab64b21fffff
260873320002021,10,1,6,16094708,130019,Air Advantage,72,1,X,MI,882ab64b21fffff
260873320002022,10,1,51,16094708,130019,Air Advantage,72,1,X,MI,882ab64b25fffff
260873320002023,0,0,1,16094708,130019,Air Advantage,72,1,X,MI,882ab64b2dfffff
260873320002023,10,1,8,16094708,130019,Air Advantage,72,1,X,MI,882ab64b2dfffff
260873320002024,0,0,1,16094708,130019,Air Advantage,72,1,X,MI,882ab64b2dfffff
260873320002024,10,1,12,16094708,130019,Air Advantage,72,1,X,MI,882ab64b2dfffff
260873320002026,0,0,1,16094708,130019,Air Advantage,72,1,X,MI,88274d94b9fffff
260873320002026,10,1,17,16094708,130019,Air Advantage,72,1,X,MI,88274d94b1fffff
260873320002027,10,1,2,16094708,130019,Air Advantage,72,1,X,MI,88274d94b9fffff
260873320002028,0,0,2,16094708,130019,Air Advantage,72,1,X,MI,882ab64945fffff
260873320002028,10,1,5,16094708,130019,Air Advantage,72,1,X,MI,882ab6494dfffff
260873320002029,10,1,3,16094708,130019,Air Advantage,72,1,X,MI,882ab64b35fffff
260873320002031,10,1,1,16094708,130019,Air Advantage,72,1,X,MI,882ab64969fffff
260873320002032,10,1,1,16094708,130019,Air Advantage,72,1,X,MI,88274d94bbfffff
260873320002033,10,1,6,16094708,130019,Air Advantage,72,1,X,MI,882ab64b21fffff
260873320003000,0,0,3,16094708,130019,Air Advantage,72,1,X,MI,882ab64943fffff
260873320003000,10,1,15,16094708,130019,Air Advantage,72,1,X,MI,882ab64b35fffff
260873320003001,10,1,2,16094708,130019,Air Advantage,72,1,X,MI,882ab64941fffff
260873320003002,10,1,7,16094708,130019,Air Advantage,72,1,X,MI,882ab64929fffff
260873320003004,10,1,2,16094708,130019,Air Advantage,72,1,X,MI,882ab64963fffff
260873320003005,0,0,1,16094708,130019,Air Advantage,72,1,X,MI,882ab64929fffff
260873320003005,10,1,9,16094708,130019,Air Advantage,72,1,X,MI,882ab64929fffff
260873320003007,10,1,1,16094708,130019,Air Advantage,72,1,X,MI,882ab6492bfffff
260873320003010,10,1,3,16094708,130019,Air Advantage,72,1,X,MI,882ab6492bfffff
260873320003016,0,0,1,16094708,130019,Air Advantage,72,1,X,MI,88274d8615fffff
260873320003016,10,1,1,16094708,130019,Air Advantage,72,1,X,MI,88274d8615fffff
260873320003020,10,1,16,16094708,130019,Air Advantage,72,1,X,MI,882ab6490bfffff
260873320003021,0,0,1,16094708,130019,Air Advantage,72,1,R,MI,882ab6491dfffff
260873320003021,10,1,5,16094708,130019,Air Advantage,72,1,X,MI,882ab6490bfffff
260873320003022,0,0,1,16094708,130019,Air Advantage,72,1,R,MI,882ab64903fffff
260873320003022,10,1,18,16094708,130019,Air Advantage,72,1,X,MI,882ab64907fffff
260873320003023,10,1,8,16094708,130019,Air Advantage,72,1,X,MI,882ab64905fffff
260873320003024,10,1,1,16094708,130019,Air Advantage,72,1,X,MI,882ab64907fffff
260873320003025,10,1,2,16094708,130019,Air Advantage,72,1,X,MI,882ab6491dfffff
260873320004001,10,1,1,16094708,130019,Air Advantage,72,1,X,MI,882ab64965fffff
260873320004003,10,1,1,16094708,130019,Air Advantage,72,1,X,MI,88274d94b3fffff
260873320004004,10,1,6,16094708,130019,Air Advantage,72,1,X,MI,88274d94b7fffff
260873320004008,10,1,6,16094708,130019,Air Advantage,72,1,X,MI,88274d94b3fffff
260873320004009,10,1,1,16094708,130019,Air Advantage,72,1,X,MI,88274d94b7fffff
260873320004013,10,1,1,16094708,130019,Air Advantage,72,1,X,MI,88274d8659fffff
260873320004018,10,1,2,16094708,130019,Air Advantage,72,1,X,MI,88274d8641fffff
260873320004022,10,1,4,16094708,130019,Air Advantage,72,1,X,MI,88274d8601fffff
260873325001000,0,0,1,16094708,130019,Air Advantage,72,1,X,MI,882ab6599bfffff
260873325001000,10,1,2,16094708,130019,Air Advantage,72,1,X,MI,882ab65991fffff
260873325001001,10,1,2,16094708,130019,Air Advantage,72,1,X,MI,882ab65991fffff
260873325001002,10,1,11,16094708,130019,Air Advantage,72,1,X,MI,882ab659bdfffff
260873325001003,10,1,13,16094708,130019,Air Advantage,72,1,X,MI,882ab659bdfffff
260873325001005,10,1,5,16094708,130019,Air Advantage,72,1,X,MI,88274d9693fffff
260873325001006,10,1,2,16094708,130019,Air Advantage,72,1,X,MI,882ab64b41fffff
260873325001007,10,1,2,16094708,130019,Air Advantage,72,1,X,MI,882ab64b69fffff
260873325001009,0,0,1,16094708,130019,Air Advantage,72,1,X,MI,882ab64b69fffff
260873325001010,0,0,1,16094708,130019,Air Advantage,72,1,X,MI,882ab64b69fffff
260873325001010,10,1,9,16094708,130019,Air Advantage,72,1,X,MI,882ab64b6bfffff
260873325001012,10,1,16,16094708,130019,Air Advantage,72,1,X,MI,882ab64b41fffff
260873325001013,10,1,3,16094708,130019,Air Advantage,72,1,X,MI,882ab64b41fffff
260873325001014,0,0,1,16094708,130019,Air Advantage,72,1,X,MI,882ab64b41fffff
260873325001014,10,1,7,16094708,130019,Air Advantage,72,1,X,MI,882ab64b41fffff
260873325001015,10,1,8,16094708,130019,Air Advantage,72,1,X,MI,882ab659b5fffff
260873325001016,0,0,1,16094708,130019,Air Advantage,72,1,X,MI,882ab659b5fffff
260873325001016,10,1,34,16094708,130019,Air Advantage,72,1,X,MI,882ab659b5fffff
260873325001017,10,1,1,16094708,130019,Air Advantage,72,1,X,MI,882ab659b5fffff
260873325001018,10,1,7,16094708,130019,Air Advantage,72,1,X,MI,882ab659b5fffff
260873325001019,10,1,13,16094708,130019,Air Advantage,72,1,X,MI,882ab659b5fffff
260873325001020,10,1,7,16094708,130019,Air Advantage,72,1,X,MI,882ab659b5fffff
260873325001021,10,1,7,16094708,130019,Air Advantage,72,1,X,MI,882ab659b5fffff
260873325001022,10,1,1,16094708,130019,Air Advantage,72,1,X,MI,882ab659b5fffff
260873325001024,0,0,1,16094708,130019,Air Advantage,72,1,X,MI,882ab64b49fffff
260873325001024,10,1,4,16094708,130019,Air Advantage,72,1,X,MI,882ab64b49fffff
260873325001025,10,1,2,16094708,130019,Air Advantage,72,1,X,MI,882ab64b49fffff
260873325001026,10,1,3,16094708,130019,Air Advantage,72,1,X,MI,882ab64b49fffff
260873325001027,10,1,5,16094708,130019,Air Advantage,72,1,X,MI,882ab64b41fffff
260873325001028,10,1,3,16094708,130019,Air Advantage,72,1,X,MI,882ab64b41fffff
260873325001029,10,1,2,16094708,130019,Air Advantage,72,1,X,MI,882ab64b41fffff
260873325001030,10,1,6,16094708,130019,Air Advantage,72,1,X,MI,882ab64b41fffff
260873325001031,10,1,6,16094708,130019,Air Advantage,72,1,X,MI,882ab64b41fffff
260873325001032,10,1,5,16094708,130019,Air Advantage,72,1,X,MI,882ab64b4bfffff
260873325001033,10,1,1,16094708,130019,Air Advantage,72,1,X,MI,882ab64b4bfffff
260873325001037,10,1,3,16094708,130019,Air Advantage,72,1,X,MI,882ab64b4bfffff
260873325001038,10,1,2,16094708,130019,Air Advantage,72,1,X,MI,882ab659b5fffff
260873325001039,0,0,3,16094708,130019,Air Advantage,72,1,X,MI,882ab659b5fffff
260873325001039,10,1,41,16094708,130019,Air Advantage,72,1,X,MI,882ab64b4bfffff
260873325001040,10,1,5,16094708,130019,Air Advantage,72,1,X,MI,882ab64b4bfffff
260873325001041,10,1,4,16094708,130019,Air Advantage,72,1,X,MI,882ab659b5fffff
260873325001042,0,0,1,16094708,130019,Air Advantage,72,1,X,MI,882ab659b3fffff
260873325001042,10,1,9,16094708,130019,Air Advantage,72,1,X,MI,882ab659bbfffff
260873325001043,10,1,13,16094708,130019,Air Advantage,72,1,X,MI,882ab65991fffff
260873325001044,10,1,2,16094708,130019,Air Advantage,72,1,X,MI,882ab65993fffff
260873325001045,10,1,1,16094708,130019,Air Advantage,72,1,X,MI,882ab6599bfffff
260873325001046,0,0,1,16094708,130019,Air Advantage,72,1,X,MI,882ab64a45fffff
260873325001046,10,1,6,16094708,130019,Air Advantage,72,1,X,MI,882ab64a45fffff
260873325001047,0,0,1,16094708,130019,Air Advantage,72,1,X,MI,882ab64a47fffff
260873325001047,10,1,4,16094708,130019,Air Advantage,72,1,X,MI,882ab64a45fffff
260873325001048,10,1,1,16094708,130019,Air Advantage,72,1,X,MI,882ab64a69fffff
260873325001049,10,1,13,16094708,130019,Air Advantage,72,1,X,MI,882ab64a6bfffff
260873325001050,0,0,2,16094708,130019,Air Advantage,72,1,X,MI,882ab64b59fffff
260873325001050,10,1,2,16094708,130019,Air Advantage,72,1,X,MI,882ab659b3fffff
260873325001051,0,0,3,16094708,130019,Air Advantage,72,1,X,MI,882ab64b59fffff
260873325001051,10,1,5,16094708,130019,Air Advantage,72,1,X,MI,882ab64b5dfffff
260873325001053,10,1,1,16094708,130019,Air Advantage,72,1,X,MI,882ab64b09fffff
260873325001054,0,0,2,16094708,130019,Air Advantage,72,1,X,MI,882ab64b55fffff
260873325001055,0,0,1,16094708,130019,Air Advantage,72,1,X,MI,882ab64b55fffff
260873325001056,10,1,1,16094708,130019,Air Advantage,72,1,X,MI,882ab64b09fffff
260873325001057,0,0,2,16094708,130019,Air Advantage,72,1,X,MI,882ab64b09fffff
260873325001057,10,1,2,16094708,130019,Air Advantage,72,1,X,MI,882ab64b09fffff
260873325001058,10,1,3,16094708,130019,Air Advantage,72,1,X,MI,882ab64b05fffff
260873325001059,10,1,7,16094708,130019,Air Advantage,72,1,X,MI,882ab64b05fffff
260873325001060,10,1,4,16094708,130019,Air Advantage,72,1,X,MI,882ab64b4bfffff
260873325001061,10,1,3,16094708,130019,Air Advantage,72,1,X,MI,882ab64b4bfffff
260873325001062,10,1,2,16094708,130019,Air Advantage,72,1,X,MI,882ab64b4bfffff
260873325001063,10,1,27,16094708,130019,Air Advantage,72,1,X,MI,882ab64b41fffff
260873325001064,10,1,3,16094708,130019,Air Advantage,72,1,X,MI,882ab64b4bfffff
260873325001065,10,1,4,16094708,130019,Air Advantage,72,1,X,MI,882ab64b4bfffff
260873325001067,10,1,7,16094708,130019,Air Advantage,72,1,X,MI,882ab64b5bfffff
260873325002000,0,0,5,16094708,130019,Air Advantage,72,1,X,MI,882ab64b57fffff
260873325002000,10,1,10,16094708,130019,Air Advantage,72,1,X,MI,882ab64b51fffff
260873325002001,10,1,2,16094708,130019,Air Advantage,72,1,X,MI,882ab64b0bfffff
260873325002002,0,0,3,16094708,130019,Air Advantage,72,1,X,MI,882ab64b0bfffff
260873325002002,10,1,3,16094708,130019,Air Advantage,72,1,X,MI,882ab64b0bfffff
260873325002004,0,0,3,16094708,130019,Air Advantage,72,1,X,MI,882ab64b03fffff
260873325002004,10,1,3,16094708,130019,Air Advantage,72,1,X,MI,882ab64b39fffff
260873325002006,0,0,1,16094708,130019,Air Advantage,72,1,X,MI,882ab64959fffff
260873325002006,10,1,1,16094708,130019,Air Advantage,72,1,X,MI,882ab64959fffff
260873325002008,10,1,2,16094708,130019,Air Advantage,72,1,X,MI,882ab64b2bfffff
260873325002009,10,1,2,16094708,130019,Air Advantage,72,1,X,MI,882ab64b05fffff
260873325002011,0,0,2,16094708,130019,Air Advantage,72,1,X,MI,882ab64b17fffff
260873325002011,10,1,3,16094708,130019,Air Advantage,72,1,X,MI,882ab64b17fffff
260873325002012,0,0,1,16094708,130019,Air Advantage,72,1,X,MI,882ab6484dfffff
260873325002012,10,1,4,16094708,130019,Air Advantage,72,1,X,MI,882ab64869fffff
260873325002013,10,1,1,16094708,130019,Air Advantage,72,1,X,MI,882ab64b53fffff
260873325002014,0,0,1,16094708,130019,Air Advantage,72,1,X,MI,882ab64865fffff
260873325002014,10,1,9,16094708,130019,Air Advantage,72,1,X,MI,882ab64959fffff
260873325002015,10,1,2,16094708,130019,Air Advantage,72,1,X,MI,882ab64829fffff
260873325002017,0,0,1,16094708,130019,Air Advantage,72,1,X,MI,882ab6480dfffff
260873325002017,10,1,2,16094708,130019,Air Advantage,72,1,X,MI,882ab64847fffff
260873325002019,10,1,4,16094708,130019,Air Advantage,72,1,X,MI,882ab64805fffff
260873325002023,10,1,1,16094708,130019,Air Advantage,72,1,X,MI,882ab64919fffff
260873325002024,10,1,5,16094708,130019,Air Advantage,72,1,X,MI,882ab64953fffff
260873325003000,0,0,1,16094708,130019,Air Advantage,72,1,X,MI,882ab64a6bfffff
260873325003000,10,1,8,16094708,130019,Air Advantage,72,1,X,MI,882ab64a43fffff
260873325003001,0,0,1,16094708,130019,Air Advantage,72,1,X,MI,882ab64a0dfffff
260873325003001,10,1,9,16094708,130019,Air Advantage,72,1,X,MI,882ab64a63fffff
260873325003002,10,1,7,16094708,130019,Air Advantage,72,1,X,MI,882ab64a67fffff
260873325003004,10,1,2,16094708,130019,Air Advantage,72,1,X,MI,882ab64a23fffff
260873325003006,10,1,3,16094708,130019,Air Advantage,72,1,X,MI,882ab64a1dfffff
260873325003007,10,1,2,16094708,130019,Air Advantage,72,1,X,MI,882ab64a39fffff
260873325003008,10,1,1,16094708,130019,Air Advantage,72,1,X,MI,882ab64a39fffff
260873325003009,10,1,4,16094708,130019,Air Advantage,72,1,X,MI,882ab64a31fffff
260873325003010,10,1,4,16094708,130019,Air Advantage,72,1,X,MI,882ab64a15fffff
260873325003012,0,0,2,16094708,130019,Air Advantage,72,1,X,MI,882ab64859fffff
260873325003012,10,1,6,16094708,130019,Air Advantage,72,1,X,MI,882ab64a33fffff
260873325003013,0,0,3,16094708,130019,Air Advantage,72,1,X,MI,882ab64855fffff
260873325003013,10,1,8,16094708,130019,Air Advantage,72,1,X,MI,882ab64809fffff
260873325003015,10,1,2,16094708,130019,Air Advantage,72,1,X,MI,882ab64a23fffff
260873325003016,10,1,8,16094708,130019,Air Advantage,72,1,X,MI,882ab64ae9fffff
260873330001002,0,0,1,16094708,130019,Air Advantage,72,1,X,MI,882ab64807fffff
260873330001005,10,1,1,16094708,130019,Air Advantage,72,1,X,MI,882ab6491bfffff
260873330001008,10,1,1,16094708,130019,Air Advantage,72,1,X,MI,882ab649cdfffff
260873330001009,10,1,6,16094708,130019,Air Advantage,72,1,X,MI,882ab64815fffff
260873330001010,0,0,1,16094708,130019,Air Advantage,72,1,X,MI,882ab64831fffff
260873330001011,10,1,2,16094708,130019,Air Advantage,72,1,X,MI,882ab648edfffff
260873330001013,0,0,1,16094708,130019,Air Advantage,72,1,X,MI,882ab648adfffff
260873330001013,10,1,1,16094708,130019,Air Advantage,72,1,X,MI,882ab648e1fffff
260873330001014,10,1,7,16094708,130019,Air Advantage,72,1,X,MI,882ab648e3fffff
260873330001015,10,1,13,16094708,130019,Air Advantage,72,1,X,MI,882ab648abfffff
260873330001026,0,0,1,16094708,130019,Air Advantage,72,1,X,MI,88274db243fffff
260873330002000,10,1,8,16094708,130019,Air Advantage,72,1,X,MI,882ab64ae3fffff
260873330002001,0,0,1,16094708,130019,Air Advantage,72,1,R,MI,882ab64aa1fffff
260873330002001,10,1,2,16094708,130019,Air Advantage,72,1,X,MI,882ab64aadfffff
260873330002002,10,1,4,16094708,130019,Air Advantage,72,1,X,MI,882ab64857fffff
260873330002005,10,1,1,16094708,130019,Air Advantage,72,1,X,MI,882ab64aadfffff
260873330002010,0,0,1,16094708,130019,Air Advantage,72,1,X,MI,882ab64817fffff
260873330002011,0,0,1,16094708,130019,Air Advantage,72,1,X,MI,882ab648e9fffff
260873330002012,10,1,3,16094708,130019,Air Advantage,72,1,X,MI,882ab64815fffff
260873330002018,0,0,1,16094708,130019,Air Advantage,72,1,X,MI,882ab648c9fffff
260873330002018,10,1,4,16094708,130019,Air Advantage,72,1,X,MI,882ab648c9fffff
260873330002022,0,0,1,16094708,130019,Air Advantage,72,1,X,MI,882ab64885fffff
260873330002022,10,1,8,16094708,130019,Air Advantage,72,1,X,MI,882ab648e3fffff
260873330002023,0,0,1,16094708,130019,Air Advantage,72,1,X,MI,882ab64881fffff
260873330002023,10,1,26,16094708,130019,Air Advantage,72,1,X,MI,882ab6488dfffff
260873330002024,10,1,1,16094708,130019,Air Advantage,72,1,X,MI,882ab648ebfffff
260873330002025,0,0,1,16094708,130019,Air Advantage,72,1,R,MI,882ab648c7fffff
260873330002025,10,1,2,16094708,130019,Air Advantage,72,1,X,MI,882ab6488dfffff
260873330002026,10,1,4,16094708,130019,Air Advantage,72,1,X,MI,882ab64889fffff
260873330002027,10,1,3,16094708,130019,Air Advantage,72,1,X,MI,882ab648d5fffff
260873330002028,10,1,1,16094708,130019,Air Advantage,72,1,X,MI,882ab648d5fffff
260873330002029,10,1,1,16094708,130019,Air Advantage,72,1,X,MI,882ab648d1fffff
260873330002030,10,1,2,16094708,130019,Air Advantage,72,1,X,MI,882ab648d9fffff
260873330002031,10,1,3,16094708,130019,Air Advantage,72,1,X,MI,882ab648ddfffff
260873330002033,10,1,8,16094708,130019,Air Advantage,72,1,X,MI,882ab64889fffff
260873330002034,10,1,5,16094708,130019,Air Advantage,72,1,X,MI,882ab64f25fffff
260873330002035,10,1,2,16094708,130019,Air Advantage,72,1,X,MI,882ab648d9fffff
260873330002036,0,0,2,16094708,130019,Air Advantage,72,1,X,MI,882ab64f25fffff
260873330002036,10,1,5,16094708,130019,Air Advantage,72,1,X,MI,882ab648dbfffff
260873330002037,0,0,3,16094708,130019,Air Advantage,72,1,X,MI,882ab64f27fffff
260873330002039,10,1,1,16094708,130019,Air Advantage,72,1,X,MI,882ab64891fffff
260873330002040,10,1,14,16094708,130019,Air Advantage,72,1,X,MI,882ab64895fffff
260873330002041,10,1,2,16094708,130019,Air Advantage,72,1,X,MI,882ab6488bfffff
260873330002042,10,1,9,16094708,130019,Air Advantage,72,1,X,MI,882ab64881fffff
260873330002043,0,0,2,16094708,130019,Air Advantage,72,1,R,MI,882ab64887fffff
260873330002043,10,1,26,16094708,130019,Air Advantage,72,1,X,MI,882ab64883fffff
260873330002044,10,1,4,16094708,130019,Air Advantage,72,1,X,MI,882ab648abfffff
260873330002047,0,0,1,16094708,130019,Air Advantage,72,1,X,MI,882ab6488bfffff
260873330002047,10,1,13,16094708,130019,Air Advantage,72,1,X,MI,882ab64881fffff
260873335001001,0,0,1,16094708,130019,Air Advantage,72,1,X,MI,882ab64911fffff
260873335001001,10,1,3,16094708,130019,Air Advantage,72,1,X,MI,882ab64917fffff
260873335001003,0,0,1,16094708,130019,Air Advantage,72,1,X,MI,882ab64917fffff
260873335001003,10,1,2,16094708,130019,Air Advantage,72,1,X,MI,882ab64917fffff
260873335001006,10,1,5,16094708,130019,Air Advantage,72,1,X,MI,882ab64915fffff
260873335001007,10,1,2,16094708,130019,Air Advantage,72,1,X,MI,88274d8695fffff
260873335001011,10,1,3,16094708,130019,Air Advantage,72,1,X,MI,882ab64935fffff
260873335001015,10,1,4,16094708,130019,Air Advantage,72,1,X,MI,882ab64917fffff
260873335001019,0,0,2,16094708,130019,Air Advantage,72,1,X,MI,88274db345fffff
260873335001024,10,1,9,16094708,130019,Air Advantage,72,1,X,MI,88274db369fffff
260873335001025,10,1,2,16094708,130019,Air Advantage,72,1,X,MI,882ab649e1fffff
260873335002000,0,0,1,16094708,130019,Air Advantage,72,1,X,MI,88274db345fffff
260873335002001,10,1,5,16094708,130019,Air Advantage,72,1,X,MI,88274db341fffff
260873335002004,10,1,2,16094708,130019,Air Advantage,72,1,X,MI,88274db369fffff
260873335002005,10,1,4,16094708,130019,Air Advantage,72,1,X,MI,88274db361fffff
260873335002008,10,1,1,16094708,130019,Air Advantage,72,1,X,MI,88274db361fffff
260873335002011,10,1,4,16094708,130019,Air Advantage,72,1,X,MI,88274db367fffff
260873335002013,10,1,11,16094708,130019,Air Advantage,72,1,X,MI,88274db361fffff
260873335002015,0,0,4,16094708,130019,Air Advantage,72,1,X,MI,88274db363fffff
260873335002015,10,1,5,16094708,130019,Air Advantage,72,1,X,MI,88274db363fffff
260873335002016,0,0,1,16094708,130019,Air Advantage,72,1,X,MI,88274db305fffff
260873335002016,10,1,3,16094708,130019,Air Advantage,72,1,X,MI,88274db305fffff
260873335002017,10,1,7,16094708,130019,Air Advantage,72,1,X,MI,88274db329fffff
260873335002018,0,0,3,16094708,130019,Air Advantage,72,1,X,MI,88274db329fffff
260873335002018,10,1,26,16094708,130019,Air Advantage,72,1,X,MI,88274db367fffff
260873335002019,10,1,20,16094708,130019,Air Advantage,72,1,X,MI,88274db329fffff
260873335002020,10,1,24,16094708,130019,Air Advantage,72,1,X,MI,88274db329fffff
260873335002022,10,1,23,16094708,130019,Air Advantage,72,1,X,MI,88274db329fffff
260873335002023,10,1,16,16094708,130019,Air Advantage,72,1,X,MI,88274db329fffff
260873335002024,0,0,1,16094708,130019,Air Advantage,72,1,X,MI,88274db305fffff
260873335002024,10,1,1,16094708,130019,Air Advantage,72,1,X,MI,88274db305fffff
260873335002030,10,1,3,16094708,130019,Air Advantage,72,1,X,MI,88274db305fffff
260873335002031,10,1,1,16094708,130019,Air Advantage,72,1,X,MI,88274db305fffff
260873335002032,0,0,1,16094708,130019,Air Advantage,72,1,X,MI,88274db301fffff
260873335002032,10,1,10,16094708,130019,Air Advantage,72,1,X,MI,88274db30dfffff
260873335002037,10,1,18,16094708,130019,Air Advantage,72,1,X,MI,88274db329fffff
260873335002038,10,1,10,16094708,130019,Air Advantage,72,1,X,MI,88274db329fffff
260873335002040,0,0,1,16094708,130019,Air Advantage,72,1,X,MI,88274db363fffff
260873335003014,0,0,1,16094708,130019,Air Advantage,72,1,X,MI,88274db34dfffff
260873335003022,10,1,3,16094708,130019,Air Advantage,72,1,X,MI,88274db355fffff
260873340001002,0,0,5,16094708,130019,Air Advantage,72,1,X,MI,88274d8687fffff
260873340001002,10,1,1,16094708,130019,Air Advantage,72,1,X,MI,88274d86bdfffff
260873340001009,10,1,1,16094708,130019,Air Advantage,72,1,X,MI,88274db36dfffff
260873340002006,10,1,1,16094708,130019,Air Advantage,72,1,X,MI,88274db365fffff
260873340002008,10,1,7,16094708,130019,Air Advantage,72,1,X,MI,88274db367fffff
260873340002009,10,1,9,16094708,130019,Air Advantage,72,1,X,MI,88274db367fffff
260873340002010,0,0,2,16094708,130019,Air Advantage,72,1,X,MI,88274db367fffff
260873340002010,10,1,15,16094708,130019,Air Advantage,72,1,X,MI,88274db367fffff
260873340002011,10,1,9,16094708,130019,Air Advantage,72,1,X,MI,88274d84d3fffff
260873340002012,0,0,2,16094708,130019,Air Advantage,72,1,X,MI,88274db32dfffff
260873340002012,10,1,53,16094708,130019,Air Advantage,72,1,X,MI,88274db32dfffff
260873340002014,10,1,2,16094708,130019,Air Advantage,72,1,X,MI,88274d84d3fffff
260873340002016,10,1,1,16094708,130019,Air Advantage,72,1,X,MI,88274db325fffff
260873340002019,10,1,6,16094708,130019,Air Advantage,72,1,X,MI,88274db325fffff
260873340002020,10,1,6,16094708,130019,Air Advantage,72,1,X,MI,88274db325fffff
260873340002021,0,0,1,16094708,130019,Air Advantage,72,1,X,MI,88274d8499fffff
260873340002021,10,1,18,16094708,130019,Air Advantage,72,1,X,MI,88274d8499fffff
260873340002022,10,1,8,16094708,130019,Air Advantage,72,1,X,MI,88274d8499fffff
260873340002023,10,1,1,16094708,130019,Air Advantage,72,1,X,MI,88274d849bfffff
260873340002024,10,1,10,16094708,130019,Air Advantage,72,1,X,MI,88274d8499fffff
260873340002025,10,1,6,16094708,130019,Air Advantage,72,1,X,MI,88274d8499fffff
260873340002026,10,1,4,16094708,130019,Air Advantage,72,1,X,MI,88274d8499fffff
260873340002027,10,1,1,16094708,130019,Air Advantage,72,1,X,MI,88274d8499fffff
260873340002028,10,1,5,16094708,130019,Air Advantage,72,1,X,MI,88274d849bfffff
260873340002029,10,1,5,16094708,130019,Air Advantage,72,1,X,MI,88274d849bfffff
260873340002030,10,1,5,16094708,130019,Air Advantage,72,1,X,MI,88274d849bfffff
260873340002031,10,1,2,16094708,130019,Air Advantage,72,1,X,MI,88274db325fffff
260873340002033,10,1,8,16094708,130019,Air Advantage,72,1,X,MI,88274db325fffff
260873340002034,10,1,1,16094708,130019,Air Advantage,72,1,X,MI,88274db325fffff
260873340002035,10,1,2,16094708,130019,Air Advantage,72,1,X,MI,88274db325fffff
260873340002036,0,0,4,16094708,130019,Air Advantage,72,1,X,MI,88274db325fffff
260873340002038,10,1,3,16094708,130019,Air Advantage,72,1,X,MI,88274db325fffff
260873340002040,10,1,6,16094708,130019,Air Advantage,72,1,X,MI,88274db325fffff
260873345001005,0,0,1,16094708,130019,Air Advantage,72,1,X,MI,88274d8413fffff
260873345001006,0,0,3,16094708,130019,Air Advantage,72,1,X,MI,88274d8481fffff
260873345001006,10,1,17,16094708,130019,Air Advantage,72,1,X,MI,88274d8487fffff
260873345001007,0,0,2,16094708,130019,Air Advantage,72,1,X,MI,88274d84d5fffff
260873345001007,10,1,4,16094708,130019,Air Advantage,72,1,X,MI,88274d848bfffff
260873345001008,10,1,14,16094708,130019,Air Advantage,72,1,X,MI,88274d84b9fffff
260873345002004,10,1,2,16094708,130019,Air Advantage,72,1,X,MI,88274d8443fffff
260873345002005,10,1,5,16094708,130019,Air Advantage,72,1,X,MI,88274d8443fffff
260873345002006,0,0,1,16094708,130019,Air Advantage,72,1,R,MI,88274d8409fffff
260873345002006,10,1,2,16094708,130019,Air Advantage,72,1,X,MI,88274d8443fffff
260873345002008,10,1,2,16094708,130019,Air Advantage,72,1,X,MI,88274d840bfffff
260873345002019,10,1,1,16094708,130019,Air Advantage,72,1,X,MI,88274d8453fffff
260873345002023,0,0,1,16094708,130019,Air Advantage,72,1,X,MI,88274d841dfffff
260873360001000,0,0,1,16094708,130019,Air Advantage,72,1,X,MI,88274d84bbfffff
260873370001000,0,0,1,16094708,130019,Air Advantage,72,1,X,MI,88274db321fffff
260873370001000,10,1,6,16094708,130019,Air Advantage,72,1,X,MI,88274db321fffff
260873370001001,10,1,6,16094708,130019,Air Advantage,72,1,X,MI,88274db32dfffff
260873370001003,10,1,7,16094708,130019,Air Advantage,72,1,X,MI,88274db321fffff
260873370001005,0,0,4,16094708,130019,Air Advantage,72,1,X,MI,88274db327fffff
260873370001005,10,1,5,16094708,130019,Air Advantage,72,1,X,MI,88274db327fffff
260873370001007,10,1,1,16094708,130019,Air Advantage,72,1,X,MI,88274db321fffff
260873370001008,10,1,1,16094708,130019,Air Advantage,72,1,X,MI,88274db321fffff
260873370001009,10,1,3,16094708,130019,Air Advantage,72,1,X,MI,88274db321fffff
260873370001010,10,1,8,16094708,130019,Air Advantage,72,1,X,MI,88274db321fffff
260873370001011,10,1,5,16094708,130019,Air Advantage,72,1,X,MI,88274db321fffff
260873370001012,10,1,2,16094708,130019,Air Advantage,72,1,X,MI,88274db321fffff
260873370001016,10,1,2,16094708,130019,Air Advantage,72,1,X,MI,88274db321fffff
260873370001017,10,1,1,16094708,130019,Air Advantage,72,1,X,MI,88274db321fffff
260873370001018,10,1,2,16094708,130019,Air Advantage,72,1,X,MI,88274db321fffff
260873370001020,10,1,1,16094708,130019,Air Advantage,72,1,X,MI,88274db327fffff
260873370001030,0,0,1,16094708,130019,Air Advantage,72,1,X,MI,88274db323fffff
260873370002000,10,1,3,16094708,130019,Air Advantage,72,1,X,MI,88274db327fffff
260873370002002,10,1,3,16094708,130019,Air Advantage,72,1,X,MI,88274db327fffff
260873370002006,10,1,16,16094708,130019,Air Advantage,72,1,X,MI,88274db14dfffff
260873370003001,10,1,16,16094708,130019,Air Advantage,72,1,X,MI,88274d8493fffff
260873370003002,10,1,3,16094708,130019,Air Advantage,72,1,X,MI,88274d8491fffff
260873370004001,10,1,3,16094708,130019,Air Advantage,72,1,X,MI,88274d8493fffff
260873370004006,10,1,7,16094708,130019,Air Advantage,72,1,X,MI,88274db141fffff
260873370004008,10,1,4,16094708,130019,Air Advantage,72,1,X,MI,88274db14bfffff
260873370004009,10,1,3,16094708,130019,Air Advantage,72,1,X,MI,88274db14bfffff
260873370004011,10,1,6,16094708,130019,Air Advantage,72,1,X,MI,88274db14bfffff
260873375001000,10,1,12,16094708,130019,Air Advantage,72,1,X,MI,88274db339fffff
260873375001001,10,1,1,16094708,130019,Air Advantage,72,1,X,MI,88274db33dfffff
260873375001003,10,1,2,16094708,130019,Air Advantage,72,1,X,MI,88274db33dfffff
260873375001004,10,1,1,16094708,130019,Air Advantage,72,1,X,MI,88274db33dfffff
260873375001005,10,1,2,16094708,130019,Air Advantage,72,1,X,MI,88274db323fffff
260873375001013,10,1,1,16094708,130019,Air Advantage,72,1,X,MI,88274db323fffff
260873375001014,10,1,2,16094708,130019,Air Advantage,72,1,X,MI,88274db33dfffff
260873375001017,0,0,1,16094708,130019,Air Advantage,72,1,X,MI,88274db335fffff
260873375001018,10,1,1,16094708,130019,Air Advantage,72,1,X,MI,88274db33dfffff
260873375001021,0,0,1,16094708,130019,Air Advantage,72,1,X,MI,88274db335fffff
260873375001021,10,1,4,16094708,130019,Air Advantage,72,1,X,MI,88274db335fffff
260873375001027,10,1,1,16094708,130019,Air Advantage,72,1,X,MI,88274db149fffff
260873375001028,10,1,1,16094708,130019,Air Advantage,72,1,X,MI,88274db149fffff
260873375001029,10,1,2,16094708,130019,Air Advantage,72,1,X,MI,88274db149fffff
260873375001030,10,1,4,16094708,130019,Air Advantage,72,1,X,MI,88274db14bfffff
260873375001031,10,1,1,16094708,130019,Air Advantage,72,1,X,MI,88274db14bfffff
260873375001034,0,0,1,16094708,130019,Air Advantage,72,1,X,MI,88274db335fffff
260873375001034,10,1,1,16094708,130019,Air Advantage,72,1,X,MI,88274db335fffff
260873375001036,0,0,1,16094708,130019,Air Advantage,72,1,X,MI,88274db335fffff
260873375001039,0,0,2,16094708,130019,Air Advantage,72,1,X,MI,88274db331fffff
260873375001039,10,1,1,16094708,130019,Air Advantage,72,1,X,MI,88274db331fffff
260873375001041,10,1,4,16094708,130019,Air Advantage,72,1,X,MI,88274db331fffff
260873375001042,10,1,3,16094708,130019,Air Advantage,72,1,X,MI,88274db331fffff
260873375001043,10,1,1,16094708,130019,Air Advantage,72,1,X,MI,88274db331fffff
260873375001044,0,0,1,16094708,130019,Air Advantage,72,1,X,MI,88274db331fffff
260873375001045,0,0,1,16094708,130019,Air Advantage,72,1,X,MI,88274db331fffff
260873375001045,10,1,4,16094708,130019,Air Advantage,72,1,X,MI,88274db331fffff
260873375001048,10,1,1,16094708,130019,Air Advantage,72,1,X,MI,88274db337fffff
260873375001051,10,1,5,16094708,130019,Air Advantage,72,1,X,MI,88274db337fffff
260873375001058,10,1,2,16094708,130019,Air Advantage,72,1,X,MI,88274db335fffff
260873375002000,0,0,2,16094708,130019,Air Advantage,72,1,X,MI,88274db321fffff
260873375002000,10,1,45,16094708,130019,Air Advantage,72,1,X,MI,88274db321fffff
260873375002002,10,1,17,16094708,130019,Air Advantage,72,1,X,MI,88274db329fffff
260873375002004,10,1,2,16094708,130019,Air Advantage,72,1,X,MI,88274db329fffff
260873375002006,10,1,1,16094708,130019,Air Advantage,72,1,X,MI,88274db329fffff
260873375002007,10,1,1,16094708,130019,Air Advantage,72,1,X,MI,88274db32bfffff
260873375002015,10,1,3,16094708,130019,Air Advantage,72,1,X,MI,88274db321fffff
260873375002029,10,1,2,16094708,130019,Air Advantage,72,1,X,MI,88274db32bfffff
260873375002047,10,1,1,16094708,130019,Air Advantage,72,1,X,MI,88274db323fffff
260873375002058,10,1,1,16094708,130019,Air Advantage,72,1,X,MI,88274db323fffff
260873375003000,10,1,5,16094708,130019,Air Advantage,72,1,X,MI,88274db32bfffff
260873375003002,0,0,3,16094708,130019,Air Advantage,72,1,X,MI,88274db32bfffff
260873375003003,0,0,1,16094708,130019,Air Advantage,72,1,X,MI,88274db32bfffff
260873375003003,10,1,6,16094708,130019,Air Advantage,72,1,X,MI,88274db32bfffff
260873375003006,10,1,7,16094708,130019,Air Advantage,72,1,X,MI,88274db32bfffff
260873375003010,10,1,1,16094708,130019,Air Advantage,72,1,X,MI,88274db32bfffff
260873375003011,10,1,4,16094708,130019,Air Advantage,72,1,X,MI,88274db32bfffff
260873375003013,0,0,2,16094708,130019,Air Advantage,72,1,X,MI,88274db33dfffff
260873375003013,10,1,8,16094708,130019,Air Advantage,72,1,X,MI,88274db33dfffff
260873375003014,10,1,4,16094708,130019,Air Advantage,72,1,X,MI,88274db33dfffff
260873375003015,10,1,1,16094708,130019,Air Advantage,72,1,X,MI,88274db32bfffff
260873375003018,10,1,4,16094708,130019,Air Advantage,72,1,X,MI,88274db339fffff
260873375003030,10,1,2,16094708,130019,Air Advantage,72,1,X,MI,88274db33dfffff
260873375003031,10,1,1,16094708,130019,Air Advantage,72,1,X,MI,88274db33dfffff
260873380001009,10,1,6,16094708,130019,Air Advantage,72,1,X,MI,88274db15dfffff
260873380001011,10,1,1,16094708,130019,Air Advantage,72,1,X,MI,88274db143fffff
260873380001015,10,1,1,16094708,130019,Air Advantage,72,1,X,MI,88274db143fffff
260873380001019,10,1,1,16094708,130019,Air Advantage,72,1,X,MI,88274db143fffff
260873380002003,0,0,2,16094708,130019,Air Advantage,72,1,X,MI,88274db353fffff
260873380002003,10,1,1,16094708,130019,Air Advantage,72,1,X,MI,88274db303fffff
260873380002007,10,1,4,16094708,130019,Air Advantage,72,1,X,MI,88274db303fffff
260873380002008,10,1,2,16094708,130019,Air Advantage,72,1,X,MI,88274db339fffff
260873380002010,10,1,1,16094708,130019,Air Advantage,72,1,X,MI,88274db315fffff
260873385001031,10,1,1,16094708,130019,Air Advantage,72,1,X,MI,882ab64d03fffff
260873385001056,10,1,1,16094708,130019,Air Advantage,72,1,X,MI,882ab64d01fffff
260873385003010,0,0,1,16094708,130019,Air Advantage,72,1,X,MI,882ab64de9fffff
260873385003011,0,0,1,16094708,130019,Air Advantage,72,1,X,MI,882ab64de9fffff
260873390001000,0,0,3,16094708,130019,Air Advantage,72,1,X,MI,882ab64e3dfffff
260873390001001,0,0,2,16094708,130019,Air Advantage,72,1,X,MI,882ab64c49fffff
260873390001001,10,1,2,16094708,130019,Air Advantage,72,1,X,MI,882ab64e27fffff
260873390001002,0,0,6,16094708,130019,Air Advantage,72,1,X,MI,882ab64c61fffff
260873390001002,10,1,7,16094708,130019,Air Advantage,72,1,X,MI,882ab64f17fffff
260873390001003,10,1,4,16094708,130019,Air Advantage,72,1,X,MI,882ab64f17fffff
260873390001004,10,1,2,16094708,130019,Air Advantage,72,1,X,MI,882ab64f3bfffff
260873390001005,10,1,3,16094708,130019,Air Advantage,72,1,X,MI,882ab64f31fffff
260873390001007,10,1,1,16094708,130019,Air Advantage,72,1,X,MI,882ab64d41fffff
260873390001008,0,0,2,16094708,130019,Air Advantage,72,1,X,MI,882ab64c67fffff
260873390001008,10,1,3,16094708,130019,Air Advantage,72,1,X,MI,882ab64c67fffff
260873390001010,0,0,1,16094708,130019,Air Advantage,72,1,X,MI,882ab64d59fffff
260873390001019,0,0,2,16094708,130019,Air Advantage,72,1,X,MI,882ab64c67fffff
260873390001019,10,1,1,16094708,130019,Air Advantage,72,1,X,MI,882ab64c67fffff
260873390001023,10,1,1,16094708,130019,Air Advantage,72,1,X,MI,882ab64c61fffff
260873390001024,0,0,4,16094708,130019,Air Advantage,72,1,X,MI,882ab64c61fffff
260873390001024,10,1,5,16094708,130019,Air Advantage,72,1,X,MI,882ab64c61fffff
260873390001025,10,1,19,16094708,130019,Air Advantage,72,1,X,MI,882ab64c63fffff
260873390001026,0,0,4,16094708,130019,Air Advantage,72,1,X,MI,882ab64c09fffff
260873390001026,10,1,4,16094708,130019,Air Advantage,72,1,X,MI,882ab64c47fffff
260873390001027,0,0,3,16094708,130019,Air Advantage,72,1,X,MI,882ab64c41fffff
260873390001027,10,1,6,16094708,130019,Air Advantage,72,1,X,MI,882ab64c43fffff
260873390001033,0,0,2,16094708,130019,Air Advantage,72,1,X,MI,882ab64c55fffff
260873390001033,10,1,5,16094708,130019,Air Advantage,72,1,X,MI,882ab64c55fffff
260873390001040,0,0,1,16094708,130019,Air Advantage,72,1,X,MI,882ab64ea1fffff
260873390001040,10,1,1,16094708,130019,Air Advantage,72,1,X,MI,882ab64ea1fffff
260873390001041,0,0,1,16094708,130019,Air Advantage,72,1,X,MI,882ab64ea5fffff
260873390001041,10,1,1,16094708,130019,Air Advantage,72,1,X,MI,882ab64ea5fffff
260873390001042,10,1,10,16094708,130019,Air Advantage,72,1,X,MI,882ab64c03fffff
260873390001043,0,0,2,16094708,130019,Air Advantage,72,1,X,MI,882ab64c09fffff
260873390001043,10,1,8,16094708,130019,Air Advantage,72,1,X,MI,882ab64c09fffff
260873390001044,0,0,3,16094708,130019,Air Advantage,72,1,X,MI,882ab64c01fffff
260873390001044,10,1,4,16094708,130019,Air Advantage,72,1,X,MI,882ab64c01fffff
260873390001046,10,1,3,16094708,130019,Air Advantage,72,1,X,MI,882ab64c2bfffff
260873390001049,10,1,3,16094708,130019,Air Advantage,72,1,X,MI,882ab64c3dfffff
260873390001050,10,1,9,16094708,130019,Air Advantage,72,1,X,MI,882ab64c03fffff
260873390001053,10,1,1,16094708,130019,Air Advantage,72,1,X,MI,882ab64c0bfffff
260873390001055,0,0,1,16094708,130019,Air Advantage,72,1,X,MI,882ab64c55fffff
260873390001055,10,1,2,16094708,130019,Air Advantage,72,1,X,MI,882ab64c55fffff
260873390002003,0,0,3,16094708,130019,Air Advantage,72,1,X,MI,882ab64c15fffff
260873390002003,10,1,10,16094708,130019,Air Advantage,72,1,X,MI,882ab64c15fffff
260873390002004,0,0,1,16094708,130019,Air Advantage,72,1,X,MI,882ab64c13fffff
260873390002004,10,1,3,16094708,130019,Air Advantage,72,1,X,MI,882ab64ce9fffff
260873390002006,10,1,6,16094708,130019,Air Advantage,72,1,X,MI,882ab64c31fffff
260873390002007,10,1,4,16094708,130019,Air Advantage,72,1,X,MI,882ab64c31fffff
260873390002010,10,1,1,16094708,130019,Air Advantage,72,1,X,MI,882ab64c31fffff
260873390002011,10,1,1,16094708,130019,Air Advantage,72,1,X,MI,882ab64c33fffff
260873390002012,0,0,2,16094708,130019,Air Advantage,72,1,X,MI,882ab64c17fffff
260873390002015,0,0,1,16094708,130019,Air Advantage,72,1,X,MI,882ab64ce1fffff
260873390002015,10,1,5,16094708,130019,Air Advantage,72,1,X,MI,882ab64ce3fffff
260873390002016,10,1,19,16094708,130019,Air Advantage,72,1,X,MI,882ab64c8dfffff
260873390002021,0,0,3,16094708,130019,Air Advantage,72,1,X,MI,882ab64ce5fffff
260873390002021,10,1,6,16094708,130019,Air Advantage,72,1,X,MI,882ab64ce7fffff
260873390002022,10,1,3,16094708,130019,Air Advantage,72,1,X,MI,882ab64ce5fffff
260873390002037,0,0,2,16094708,130019,Air Advantage,72,1,X,MI,882ab64dd3fffff
260873390002039,10,1,2,16094708,130019,Air Advantage,72,1,X,MI,882ab64d83fffff
260873390002041,10,1,2,16094708,130019,Air Advantage,72,1,X,MI,882ab64d83fffff
260873390002042,10,1,1,16094708,130019,Air Advantage,72,1,X,MI,882ab64cadfffff
260873390002045,0,0,1,16094708,130019,Air Advantage,72,1,X,MI,882ab64cc7fffff
260873390002045,10,1,10,16094708,130019,Air Advantage,72,1,X,MI,882ab64cc7fffff
260873390002046,0,0,1,16094708,130019,Air Advantage,72,1,X,MI,882ab64cc7fffff
260873390002046,10,1,12,16094708,130019,Air Advantage,72,1,X,MI,882ab64c89fffff
260873390002047,10,1,2,16094708,130019,Air Advantage,72,1,X,MI,882ab64cd5fffff
260873390002048,10,1,1,16094708,130019,Air Advantage,72,1,X,MI,882ab64cddfffff
260873390002050,10,1,1,16094708,130019,Air Advantage,72,1,X,MI,882ab64cadfffff
260873395001003,10,1,3,16094708,130019,Air Advantage,72,1,X,MI,882ab64c21fffff
260873395001005,10,1,5,16094708,130019,Air Advantage,72,1,X,MI,882ab64c21fffff
260873395001017,10,1,1,16094708,130019,Air Advantage,72,1,X,MI,882ab64c21fffff
260873395002006,0,0,2,16094708,130019,Air Advantage,72,1,X,MI,882ab64c27fffff
260873395002007,0,0,3,16094708,130019,Air Advantage,72,1,X,MI,882ab64c27fffff
260873395002012,10,1,2,16094708,130019,Air Advantage,72,1,X,MI,882ab64dc9fffff
260873395002013,10,1,3,16094708,130019,Air Advantage,72,1,X,MI,882ab64dc9fffff
260873395002014,10,1,2,16094708,130019,Air Advantage,72,1,X,MI,882ab64dc9fffff
260873395002017,10,1,2,16094708,130019,Air Advantage,72,1,X,MI,882ab64dc9fffff
260873395002023,10,1,1,16094708,130019,Air Advantage,72,1,X,MI,882ab64dc3fffff
260873395002025,0,0,1,16094708,130019,Air Advantage,72,1,X,MI,882ab64dc3fffff
260873395002025,10,1,3,16094708,130019,Air Advantage,72,1,X,MI,882ab64dc3fffff
260873395003006,10,1,4,16094708,130019,Air Advantage,72,1,X,MI,882ab64dcbfffff
260873395003009,0,0,1,16094708,130019,Air Advantage,72,1,X,MI,882ab64c35fffff
260873395003009,10,1,4,16094708,130019,Air Advantage,72,1,X,MI,882ab64dcbfffff
260873395003010,10,1,1,16094708,130019,Air Advantage,72,1,X,MI,882ab64c37fffff
260873395003011,10,1,3,16094708,130019,Air Advantage,72,1,X,MI,882ab64dcbfffff
260873400001000,10,1,30,16094708,130019,Air Advantage,72,1,X,MI,882ab67901fffff
260873400001001,0,0,1,16094708,130019,Air Advantage,72,1,X,MI,88274db653fffff
260873400001001,10,1,53,16094708,130019,Air Advantage,72,1,X,MI,882ab67929fffff
260873400001002,0,0,2,16094708,130019,Air Advantage,72,1,R,MI,88274db651fffff
260873400001002,10,1,20,16094708,130019,Air Advantage,72,1,X,MI,88274db653fffff
260873400001003,10,1,4,16094708,130019,Air Advantage,72,1,X,MI,88274db657fffff
260873400001004,10,1,4,16094708,130019,Air Advantage,72,1,X,MI,88274db657fffff
260873400001006,0,0,2,16094708,130019,Air Advantage,72,1,X,MI,88274db653fffff
260873400001006,10,1,11,16094708,130019,Air Advantage,72,1,X,MI,88274db653fffff
260873400001007,0,0,3,16094708,130019,Air Advantage,72,1,X,MI,882ab67907fffff
260873400001007,10,1,21,16094708,130019,Air Advantage,72,1,X,MI,882ab6792bfffff
260873400001008,10,1,14,16094708,130019,Air Advantage,72,1,X,MI,882ab67901fffff
260873400001009,10,1,1,16094708,130019,Air Advantage,72,1,X,MI,882ab67939fffff
260873400001011,10,1,34,16094708,130019,Air Advantage,72,1,X,MI,882ab67921fffff
260873400001012,10,1,8,16094708,130019,Air Advantage,72,1,X,MI,88274db6cdfffff
260873400001016,0,0,3,16094708,130019,Air Advantage,72,1,X,MI,88274db6cdfffff
260873400001016,10,1,14,16094708,130019,Air Advantage,72,1,X,MI,88274db6cdfffff
260873400001017,10,1,4,16094708,130019,Air Advantage,72,1,X,MI,88274db613fffff
260873400001018,10,1,7,16094708,130019,Air Advantage,72,1,X,MI,88274db6e9fffff
260873400002000,10,1,2,16094708,130019,Air Advantage,72,1,X,MI,882ab64cd5fffff
260873400002001,10,1,1,16094708,130019,Air Advantage,72,1,X,MI,882ab64cd5fffff
260873400002002,10,1,2,16094708,130019,Air Advantage,72,1,R,MI,882ab64cd5fffff
260873400002003,0,0,2,16094708,130019,Air Advantage,72,1,X,MI,882ab64cd5fffff
260873400002003,10,1,6,16094708,130019,Air Advantage,72,1,X,MI,882ab64c89fffff
260873400002006,10,1,3,16094708,130019,Air Advantage,72,1,X,MI,882ab64ca3fffff
260873400002007,10,1,3,16094708,130019,Air Advantage,72,1,X,MI,882ab64ca3fffff
260873400002008,10,1,7,16094708,130019,Air Advantage,72,1,X,MI,882ab64ca1fffff
260873400002009,0,0,1,16094708,130019,Air Advantage,72,1,X,MI,882ab64d99fffff
260873400002010,0,0,2,16094708,130019,Air Advantage,72,1,X,MI,882ab64ca3fffff
260873400002010,10,1,14,16094708,130019,Air Advantage,72,1,X,MI,882ab64cb5fffff
260873400002012,10,1,1,16094708,130019,Air Advantage,72,1,X,MI,882ab64c91fffff
260873400002015,10,1,5,16094708,130019,Air Advantage,72,1,X,MI,882ab6796bfffff
260873400002016,10,1,8,16094708,130019,Air Advantage,72,1,X,MI,882ab67961fffff
260873400002017,10,1,14,16094708,130019,Air Advantage,72,1,X,MI,88274db651fffff
260873400002018,10,1,17,16094708,130019,Air Advantage,72,1,X,MI,88274db643fffff
260873400002019,10,1,38,16094708,130019,Air Advantage,72,1,X,MI,88274db641fffff
260873400002022,10,1,2,16094708,130019,Air Advantage,72,1,X,MI,882ab64d93fffff
260873400002024,10,1,3,16094708,130019,Air Advantage,72,1,X,MI,882ab64d93fffff
260873400002033,10,1,1,16094708,130019,Air Advantage,72,1,X,MI,88274db661fffff
260873400002036,10,1,1,16094708,130019,Air Advantage,72,1,X,MI,88274db62dfffff
260873400002037,10,1,8,16094708,130019,Air Advantage,72,1,X,MI,88274db629fffff
260873400002038,10,1,14,16094708,130019,Air Advantage,72,1,X,MI,88274db645fffff
260873400002039,10,1,2,16094708,130019,Air Advantage,72,1,X,MI,882ab64d93fffff
260873400002041,10,1,9,16094708,130019,Air Advantage,72,1,X,MI,88274db647fffff
260873400002042,10,1,13,16094708,130019,Air Advantage,72,1,X,MI,88274db647fffff
260873400003000,10,1,25,16094708,130019,Air Advantage,72,1,X,MI,88274db603fffff
260873400003001,10,1,3,16094708,130019,Air Advantage,72,1,X,MI,88274db6edfffff
260873400003002,0,0,1,16094708,130019,Air Advantage,72,1,X,MI,88274db6edfffff
260873400003002,10,1,8,16094708,130019,Air Advantage,72,1,X,MI,88274db633fffff
260873400003003,10,1,16,16094708,130019,Air Advantage,72,1,X,MI,88274db639fffff
260873400003004,10,1,4,16094708,130019,Air Advantage,72,1,X,MI,88274db62bfffff
260873400003005,0,0,6,16094708,130019,Air Advantage,72,1,X,MI,88274db627fffff
260873400003005,10,1,2,16094708,130019,Air Advantage,72,1,X,MI,88274db621fffff
260873400003006,10,1,9,16094708,130019,Air Advantage,72,1,X,MI,88274db613fffff
260873400003007,10,1,8,16094708,130019,Air Advantage,72,1,X,MI,88274db6e9fffff
260873400003008,0,0,2,16094708,130019,Air Advantage,72,1,X,MI,88274db6c5fffff
260873400003008,10,1,30,16094708,130019,Air Advantage,72,1,X,MI,88274db6e9fffff
260873400003009,0,0,1,16094708,130019,Air Advantage,72,1,X,MI,88274db633fffff
260873400003009,10,1,11,16094708,130019,Air Advantage,72,1,X,MI,88274db459fffff
260873400003010,0,0,1,16094708,130019,Air Advantage,72,1,X,MI,88274db451fffff
260873400003010,10,1,1,16094708,130019,Air Advantage,72,1,X,MI,88274db451fffff
260873400003011,0,0,2,16094708,130019,Air Advantage,72,1,X,MI,88274db449fffff
260873400003011,10,1,4,16094708,130019,Air Advantage,72,1,X,MI,88274db449fffff
260873400003012,0,0,1,16094708,130019,Air Advantage,72,1,X,MI,88274db44bfffff
260873400003012,10,1,8,16094708,130019,Air Advantage,72,1,X,MI,88274db443fffff
260873405001000,10,1,5,16094708,130019,Air Advantage,72,1,X,MI,88274db657fffff
260873405001001,10,1,12,16094708,130019,Air Advantage,72,1,X,MI,88274db657fffff
260873405001005,10,1,4,16094708,130019,Air Advantage,72,1,X,MI,88274db60bfffff
260873405001006,0,0,2,16094708,130019,Air Advantage,72,1,X,MI,88274db619fffff
260873405001006,10,1,18,16094708,130019,Air Advantage,72,1,X,MI,88274db619fffff
260873405001007,10,1,17,16094708,130019,Air Advantage,72,1,X,MI,88274db61dfffff
260873405001008,0,0,2,16094708,130019,Air Advantage,72,1,X,MI,88274db61dfffff
260873405001008,10,1,22,16094708,130019,Air Advantage,72,1,X,MI,88274db61dfffff
260873405001009,0,0,1,16094708,130019,Air Advantage,72,1,X,MI,88274db61dfffff
260873405001009,10,1,1,16094708,130019,Air Advantage,72,1,X,MI,88274db61dfffff
260873405001010,10,1,1,16094708,130019,Air Advantage,72,1,X,MI,88274db61dfffff
260873405001011,0,0,1,16094708,130019,Air Advantage,72,1,X,MI,88274db61dfffff
260873405001011,10,1,11,16094708,130019,Air Advantage,72,1,X,MI,88274db61dfffff
260873405001012,10,1,3,16094708,130019,Air Advantage,72,1,X,MI,88274db61dfffff
260873405001015,10,1,3,16094708,130019,Air Advantage,72,1,X,MI,88274db61dfffff
260873405001016,10,1,31,16094708,130019,Air Advantage,72,1,X,MI,88274db61dfffff
260873405001019,0,0,1,16094708,130019,Air Advantage,72,1,X,MI,88274db619fffff
260873405001019,10,1,10,16094708,130019,Air Advantage,72,1,X,MI,88274db619fffff
260873405001020,0,0,1,16094708,130019,Air Advantage,72,1,X,MI,88274db619fffff
260873405001020,10,1,5,16094708,130019,Air Advantage,72,1,X,MI,88274db619fffff
260873405001022,10,1,8,16094708,130019,Air Advantage,72,1,X,MI,88274db61dfffff
260873405001024,0,0,2,16094708,130019,Air Advantage,72,1,X,MI,88274db619fffff
260873405001024,10,1,3,16094708,130019,Air Advantage,72,1,X,MI,88274db61dfffff
260873405001025,10,1,1,16094708,130019,Air Advantage,72,1,X,MI,88274db61dfffff
260873405001026,10,1,7,16094708,130019,Air Advantage,72,1,X,MI,88274db61dfffff
260873405001027,10,1,11,16094708,130019,Air Advantage,72,1,X,MI,88274db61dfffff
260873405001028,10,1,11,16094708,130019,Air Advantage,72,1,X,MI,88274db61dfffff
260873405001029,10,1,8,16094708,130019,Air Advantage,72,1,X,MI,88274db61dfffff
260873405002003,10,1,1,16094708,130019,Air Advantage,72,1,X,MI,88274db61bfffff
260873405002004,0,0,1,16094708,130019,Air Advantage,72,1,X,MI,88274db61bfffff
260873405002004,10,1,33,16094708,130019,Air Advantage,72,1,X,MI,88274db61bfffff
260873405002007,10,1,10,16094708,130019,Air Advantage,72,1,X,MI,88274db61bfffff
260873405002010,10,1,1,16094708,130019,Air Advantage,72,1,X,MI,88274db61bfffff
260873405002011,0,0,1,16094708,130019,Air Advantage,72,1,X,MI,88274db61bfffff
260873405002011,10,1,17,16094708,130019,Air Advantage,72,1,X,MI,88274db61bfffff
260873405002012,10,1,12,16094708,130019,Air Advantage,72,1,X,MI,88274db61bfffff
260873405002013,0,0,1,16094708,130019,Air Advantage,72,1,X,MI,88274db611fffff
260873405002013,10,1,4,16094708,130019,Air Advantage,72,1,X,MI,88274db611fffff
260873405002014,10,1,4,16094708,130019,Air Advantage,72,1,X,MI,88274db611fffff
260873405002015,10,1,4,16094708,130019,Air Advantage,72,1,X,MI,88274db611fffff
260873405002016,10,1,8,16094708,130019,Air Advantage,72,1,X,MI,88274db611fffff
260873405002017,10,1,7,16094708,130019,Air Advantage,72,1,X,MI,88274db611fffff
260873405002019,10,1,7,16094708,130019,Air Advantage,72,1,X,MI,88274db611fffff
260873405002021,0,0,1,16094708,130019,Air Advantage,72,1,X,MI,88274db611fffff
260873405002021,10,1,26,16094708,130019,Air Advantage,72,1,X,MI,88274db611fffff
260873405002022,10,1,3,16094708,130019,Air Advantage,72,1,X,MI,88274db615fffff
260873405002023,10,1,8,16094708,130019,Air Advantage,72,1,X,MI,88274db611fffff
260873405002025,0,0,1,16094708,130019,Air Advantage,72,1,X,MI,88274db61dfffff
260873405002025,10,1,8,16094708,130019,Air Advantage,72,1,X,MI,88274db615fffff
260873405002026,10,1,5,16094708,130019,Air Advantage,72,1,X,MI,88274db611fffff
260873405002027,0,0,2,16094708,130019,Air Advantage,72,1,X,MI,88274db611fffff
260873405002027,10,1,2,16094708,130019,Air Advantage,72,1,X,MI,88274db611fffff
260873405002028,10,1,8,16094708,130019,Air Advantage,72,1,X,MI,88274db611fffff
260873405002029,0,0,1,16094708,130019,Air Advantage,72,1,X,MI,88274db61bfffff
260873405002029,10,1,5,16094708,130019,Air Advantage,72,1,X,MI,88274db61bfffff
260873410002004,10,1,2,16094708,130019,Air Advantage,72,1,X,MI,88274db701fffff
260873410003001,0,0,1,16094708,130019,Air Advantage,72,1,X,MI,88274db74bfffff
260873410003001,10,1,1,16094708,130019,Air Advantage,72,1,X,MI,88274db74bfffff
260873410003003,10,1,1,16094708,130019,Air Advantage,72,1,X,MI,88274db709fffff
260873410003004,10,1,1,16094708,130019,Air Advantage,72,1,X,MI,882ab64db7fffff
260873410003007,10,1,2,16094708,130019,Air Advantage,72,1,X,MI,88274db70bfffff
260873410003008,10,1,2,16094708,130019,Air Advantage,72,1,X,MI,88274db70bfffff
260873410003010,10,1,22,16094708,130019,Air Advantage,72,1,X,MI,88274db755fffff
260873410003011,10,1,6,16094708,130019,Air Advantage,72,1,X,MI,88274db755fffff
260873410003014,10,1,5,16094708,130019,Air Advantage,72,1,X,MI,88274db755fffff
260873410003018,0,0,2,16094708,130019,Air Advantage,72,1,X,MI,88274db753fffff
260873410003026,0,0,1,16094708,130019,Air Advantage,72,1,X,MI,88274db625fffff
260873410003026,10,1,1,16094708,130019,Air Advantage,72,1,X,MI,88274db625fffff
260873410003028,10,1,1,16094708,130019,Air Advantage,72,1,X,MI,88274db719fffff
260873410003035,10,1,2,16094708,130019,Air Advantage,72,1,X,MI,88274db627fffff
260873410003036,0,0,1,16094708,130019,Air Advantage,72,1,X,MI,88274db443fffff
260873410003036,10,1,3,16094708,130019,Air Advantage,72,1,X,MI,88274db44dfffff
260873410003040,0,0,1,16094708,130019,Air Advantage,72,1,X,MI,88274db461fffff
260873421003004,10,1,5,16094708,130019,Air Advantage,72,1,X,MI,88274d8465fffff
260873421003014,0,0,1,16094708,130019,Air Advantage,72,1,X,MI,88274d8407fffff
260992067003000,10,1,2,16094708,130019,Air Advantage,72,1,X,MI,882ab66b57fffff
260992100001008,10,1,12,16094708,130019,Air Advantage,72,1,X,MI,882ab671adfffff
260992100001009,10,1,7,16094708,130019,Air Advantage,72,1,X,MI,882ab671adfffff
260992100001010,10,1,5,16094708,130019,Air Advantage,72,1,X,MI,882ab671adfffff
260992100001011,0,0,1,16094708,130019,Air Advantage,72,1,X,MI,882ab671a1fffff
260992100001011,10,1,25,16094708,130019,Air Advantage,72,1,X,MI,882ab671adfffff
260992100001012,10,1,9,16094708,130019,Air Advantage,72,1,X,MI,882ab671adfffff
260992100001013,10,1,3,16094708,130019,Air Advantage,72,1,X,MI,882ab67ad3fffff
260992100001014,0,0,1,16094708,130019,Air Advantage,72,1,X,MI,882ab67ad3fffff
260992100001014,10,1,10,16094708,130019,Air Advantage,72,1,X,MI,882ab67a9dfffff
260992100001015,10,1,5,16094708,130019,Air Advantage,72,1,X,MI,882ab67a9dfffff
260992100001016,10,1,5,16094708,130019,Air Advantage,72,1,X,MI,882ab67a9dfffff
260992100001017,10,1,1,16094708,130019,Air Advantage,72,1,X,MI,882ab67a9dfffff
260992100001018,10,1,1,16094708,130019,Air Advantage,72,1,X,MI,882ab67a9dfffff
260992100001019,10,1,5,16094708,130019,Air Advantage,72,1,X,MI,882ab67a9dfffff
260992100001020,10,1,2,16094708,130019,Air Advantage,72,1,X,MI,882ab67a87fffff
260992100001021,0,0,4,16094708,130019,Air Advantage,72,1,X,MI,882ab67aabfffff
260992100001021,10,1,1,16094708,130019,Air Advantage,72,1,X,MI,882ab678cdfffff
260992100001023,10,1,5,16094708,130019,Air Advantage,72,1,X,MI,882ab67ab9fffff
260992100001024,10,1,11,16094708,130019,Air Advantage,72,1,X,MI,882ab67a95fffff
260992100001026,10,1,1,16094708,130019,Air Advantage,72,1,X,MI,882ab671a5fffff
260992100001027,10,1,12,16094708,130019,Air Advantage,72,1,X,MI,882ab671a5fffff
260992100001028,10,1,24,16094708,130019,Air Advantage,72,1,X,MI,882ab671adfffff
260992100001029,10,1,9,16094708,130019,Air Advantage,72,1,X,MI,882ab671adfffff
260992100001030,10,1,12,16094708,130019,Air Advantage,72,1,X,MI,882ab671adfffff
260992100001031,10,1,13,16094708,130019,Air Advantage,72,1,X,MI,882ab671adfffff
260992100001032,10,1,2,16094708,130019,Air Advantage,72,1,X,MI,882ab671adfffff
260992100001036,10,1,1,16094708,130019,Air Advantage,72,1,X,MI,882ab671adfffff
260992100001037,10,1,11,16094708,130019,Air Advantage,72,1,X,MI,882ab671a1fffff
260992100001038,10,1,9,16094708,130019,Air Advantage,72,1,X,MI,882ab6634dfffff
260992100001039,10,1,8,16094708,130019,Air Advantage,72,1,X,MI,882ab67a93fffff
260992100001040,10,1,9,16094708,130019,Air Advantage,72,1,X,MI,882ab67a93fffff
260992100001041,10,1,1,16094708,130019,Air Advantage,72,1,X,MI,882ab6634dfffff
260992100001045,10,1,7,16094708,130019,Air Advantage,72,1,X,MI,882ab67a97fffff
260992100001046,10,1,1,16094708,130019,Air Advantage,72,1,X,MI,882ab678d9fffff
260992100001048,0,0,2,16094708,130019,Air Advantage,72,1,X,MI,882ab678c1fffff
260992100001048,10,1,3,16094708,130019,Air Advantage,72,1,X,MI,882ab67ab5fffff
260992100001052,10,1,4,16094708,130019,Air Advantage,72,1,X,MI,882ab66361fffff
260992100001053,10,1,3,16094708,130019,Air Advantage,72,1,X,MI,882ab66369fffff
260992100001054,10,1,1,16094708,130019,Air Advantage,72,1,X,MI,882ab66369fffff
260992100001058,10,1,8,16094708,130019,Air Advantage,72,1,X,MI,882ab6636bfffff
260992100001059,10,1,4,16094708,130019,Air Advantage,72,1,X,MI,882ab6636bfffff
260992100001061,10,1,5,16094708,130019,Air Advantage,72,1,X,MI,882ab66329fffff
260992100001063,0,0,1,16094708,130019,Air Advantage,72,1,X,MI,882ab678c3fffff
260992100001063,10,1,4,16094708,130019,Air Advantage,72,1,X,MI,882ab678d9fffff
260992100001074,10,1,1,16094708,130019,Air Advantage,72,1,X,MI,882ab66365fffff
260992100001095,10,1,9,16094708,130019,Air Advantage,72,1,X,MI,882ab671adfffff
260992100002005,10,1,4,16094708,130019,Air Advantage,72,1,X,MI,882ab6630dfffff
260992100002006,10,1,4,16094708,130019,Air Advantage,72,1,X,MI,882ab66363fffff
260992100002008,10,1,5,16094708,130019,Air Advantage,72,1,X,MI,882ab66325fffff
260992100002010,10,1,1,16094708,130019,Air Advantage,72,1,X,MI,882ab678d3fffff
260992100002013,0,0,1,16094708,130019,Air Advantage,72,1,X,MI,882ab67899fffff
260992100002066,10,1,2,16094708,130019,Air Advantage,72,1,X,MI,882ab67899fffff
260992120001000,0,0,3,16094708,130019,Air Advantage,72,1,X,MI,882ab67811fffff
260992120001000,10,1,14,16094708,130019,Air Advantage,72,1,X,MI,882ab67811fffff
260992120001001,10,1,2,16094708,130019,Air Advantage,72,1,X,MI,882ab67811fffff
260992120001002,10,1,7,16094708,130019,Air Advantage,72,1,X,MI,882ab67839fffff
260992120001004,10,1,8,16094708,130019,Air Advantage,72,1,X,MI,882ab679cbfffff
260992120001005,0,0,1,16094708,130019,Air Advantage,72,1,X,MI,882ab679c1fffff
260992120001005,10,1,3,16094708,130019,Air Advantage,72,1,X,MI,882ab679c1fffff
260992120001006,10,1,4,16094708,130019,Air Advantage,72,1,X,MI,882ab679c5fffff
260992120001007,10,1,1,16094708,130019,Air Advantage,72,1,X,MI,882ab679c5fffff
260992120001008,10,1,6,16094708,130019,Air Advantage,72,1,X,MI,882ab679e1fffff
260992120001009,0,0,1,16094708,130019,Air Advantage,72,1,X,MI,882ab679a9fffff
260992120001009,10,1,9,16094708,130019,Air Advantage,72,1,X,MI,882ab679edfffff
260992120001011,0,0,3,16094708,130019,Air Advantage,72,1,X,MI,882ab67983fffff
260992120001011,10,1,14,16094708,130019,Air Advantage,72,1,X,MI,882ab6798bfffff
260992120001013,10,1,9,16094708,130019,Air Advantage,72,1,X,MI,882ab679c3fffff
260992120001015,10,1,1,16094708,130019,Air Advantage,72,1,X,MI,882ab67837fffff
260992120001017,0,0,2,16094708,130019,Air Advantage,72,1,X,MI,882ab678cdfffff
260992120001017,10,1,3,16094708,130019,Air Advantage,72,1,X,MI,882ab678cdfffff
260992120001018,10,1,1,16094708,130019,Air Advantage,72,1,X,MI,882ab679d7fffff
260992120001019,10,1,1,16094708,130019,Air Advantage,72,1,X,MI,882ab67991fffff
260992120001020,10,1,16,16094708,130019,Air Advantage,72,1,X,MI,882ab67983fffff
260992120001021,10,1,4,16094708,130019,Air Advantage,72,1,X,MI,882ab679c7fffff
260992120001022,10,1,2,16094708,130019,Air Advantage,72,1,X,MI,882ab67985fffff
260992120001023,10,1,1,16094708,130019,Air Advantage,72,1,X,MI,882ab679e3fffff
260992120001024,10,1,1,16094708,130019,Air Advantage,72,1,R,MI,882ab679a9fffff
260992120001025,10,1,4,16094708,130019,Air Advantage,72,1,X,MI,882ab67987fffff
260992120001027,0,0,1,16094708,130019,Air Advantage,72,1,X,MI,882ab679d3fffff
260992120001027,10,1,1,16094708,130019,Air Advantage,72,1,X,MI,882ab679d3fffff
260992120001028,0,0,2,16094708,130019,Air Advantage,72,1,X,MI,882ab679dbfffff
260992120001028,10,1,7,16094708,130019,Air Advantage,72,1,X,MI,882ab679d9fffff
260992120001032,0,0,1,16094708,130019,Air Advantage,72,1,X,MI,882ab679bdfffff
260992120001032,10,1,1,16094708,130019,Air Advantage,72,1,X,MI,882ab679b5fffff
260992120001033,0,0,1,16094708,130019,Air Advantage,72,1,X,MI,882ab679abfffff
260992120001036,0,0,3,16094708,130019,Air Advantage,72,1,X,MI,882ab678c1fffff
260992120001038,10,1,5,16094708,130019,Air Advantage,72,1,X,MI,882ab6799bfffff
260992120001039,10,1,1,16094708,130019,Air Advantage,72,1,X,MI,882ab679d3fffff
260992120001040,10,1,5,16094708,130019,Air Advantage,72,1,X,MI,882ab678e3fffff
260992120003002,10,1,1,16094708,130019,Air Advantage,72,1,X,MI,882ab67895fffff
260992120003007,10,1,2,16094708,130019,Air Advantage,72,1,X,MI,882ab678a7fffff
260992120003009,10,1,1,16094708,130019,Air Advantage,72,1,X,MI,882ab67991fffff
260992120003010,10,1,11,16094708,130019,Air Advantage,72,1,X,MI,882ab67991fffff
260992120003011,0,0,1,16094708,130019,Air Advantage,72,1,X,MI,882ab66b59fffff
260992120003011,10,1,1,16094708,130019,Air Advantage,72,1,X,MI,882ab66b59fffff
260992120003012,10,1,3,16094708,130019,Air Advantage,72,1,X,MI,882ab679b7fffff
260992120003013,10,1,1,16094708,130019,Air Advantage,72,1,X,MI,882ab679b7fffff
260992120003015,10,1,1,16094708,130019,Air Advantage,72,1,X,MI,882ab66a61fffff
260992120003018,10,1,3,16094708,130019,Air Advantage,72,1,X,MI,882ab66b51fffff
260992120003020,10,1,5,16094708,130019,Air Advantage,72,1,X,MI,882ab66a61fffff
260992120003021,10,1,9,16094708,130019,Air Advantage,72,1,X,MI,882ab66a65fffff
260992120003022,10,1,1,16094708,130019,Air Advantage,72,1,X,MI,882ab66a61fffff
260992120003031,0,0,2,16094708,130019,Air Advantage,72,1,X,MI,882ab66a59fffff
260992120003039,10,1,1,16094708,130019,Air Advantage,72,1,X,MI,882ab66a21fffff
260992120003040,10,1,6,16094708,130019,Air Advantage,72,1,X,MI,882ab66b53fffff
260992120003041,10,1,4,16094708,130019,Air Advantage,72,1,X,MI,882ab66b19fffff
260992120003044,10,1,3,16094708,130019,Air Advantage,72,1,X,MI,882ab66a27fffff
260992120003048,10,1,1,16094708,130019,Air Advantage,72,1,X,MI,882ab66b59fffff
260992120003049,10,1,3,16094708,130019,Air Advantage,72,1,X,MI,882ab66a65fffff
260992120003050,10,1,2,16094708,130019,Air Advantage,72,1,X,MI,882ab66b59fffff
260992140001000,10,1,6,16094708,130019,Air Advantage,72,1,X,MI,882ab679e7fffff
260992140001001,10,1,6,16094708,130019,Air Advantage,72,1,X,MI,88274db6d9fffff
260992140001003,10,1,3,16094708,130019,Air Advantage,72,1,X,MI,88274db6c3fffff
260992140001007,10,1,1,16094708,130019,Air Advantage,72,1,X,MI,88274db68dfffff
260992140001010,10,1,35,16094708,130019,Air Advantage,72,1,X,MI,88274db69bfffff
260992140001011,10,1,10,16094708,130019,Air Advantage,72,1,X,MI,88274db693fffff
260992140001014,10,1,1,16094708,130019,Air Advantage,72,1,X,MI,88274db6dbfffff
260992140001015,10,1,6,16094708,130019,Air Advantage,72,1,X,MI,882ab679adfffff
260992140001016,10,1,1,16094708,130019,Air Advantage,72,1,X,MI,882ab679adfffff
260992140001017,10,1,5,16094708,130019,Air Advantage,72,1,X,MI,882ab679a1fffff
260992140001018,10,1,2,16094708,130019,Air Advantage,72,1,X,MI,882ab679a7fffff
260992140001020,10,1,14,16094708,130019,Air Advantage,72,1,X,MI,88274db6d3fffff
260992140001021,10,1,1,16094708,130019,Air Advantage,72,1,X,MI,88274db693fffff
260992140001022,0,0,1,16094708,130019,Air Advantage,72,1,X,MI,882ab66b69fffff
260992140001022,10,1,40,16094708,130019,Air Advantage,72,1,X,MI,88274db693fffff
260992140001023,10,1,2,16094708,130019,Air Advantage,72,1,X,MI,882ab66b69fffff
260992140001024,10,1,2,16094708,130019,Air Advantage,72,1,X,MI,882ab66b4dfffff
260992140001025,0,0,1,16094708,130019,Air Advantage,72,1,X,MI,882ab66b4bfffff
260992140001025,10,1,11,16094708,130019,Air Advantage,72,1,X,MI,882ab66b4bfffff
260992140001027,0,0,3,16094708,130019,Air Advantage,72,1,X,MI,882ab66b4bfffff
260992140001027,10,1,6,16094708,130019,Air Advantage,72,1,X,MI,882ab66b4bfffff
260992140001028,10,1,9,16094708,130019,Air Advantage,72,1,X,MI,882ab66b55fffff
260992140001029,10,1,1,16094708,130019,Air Advantage,72,1,X,MI,882ab66b57fffff
260992140001039,10,1,1,16094708,130019,Air Advantage,72,1,X,MI,882ab66b1dfffff
260992140002004,0,0,1,16094708,130019,Air Advantage,72,1,X,MI,882ab66b07fffff
260992145001000,10,1,1,16094708,130019,Air Advantage,72,1,X,MI,88274db68dfffff
260992145001002,10,1,10,16094708,130019,Air Advantage,72,1,X,MI,88274db69dfffff
260992145001003,10,1,5,16094708,130019,Air Advantage,72,1,X,MI,88274db687fffff
260992145001004,0,0,1,16094708,130019,Air Advantage,72,1,X,MI,88274db6e3fffff
260992145001004,10,1,13,16094708,130019,Air Advantage,72,1,X,MI,88274db6a9fffff
260992145001006,10,1,3,16094708,130019,Air Advantage,72,1,X,MI,88274db6a1fffff
260992145001008,0,0,1,16094708,130019,Air Advantage,72,1,X,MI,88274db451fffff
260992145001008,10,1,1,16094708,130019,Air Advantage,72,1,X,MI,88274db451fffff
260992145001011,10,1,1,16094708,130019,Air Advantage,72,1,X,MI,88274db687fffff
260992145001013,10,1,2,16094708,130019,Air Advantage,72,1,X,MI,88274db419fffff
260992145001015,0,0,1,16094708,130019,Air Advantage,72,1,R,MI,88274db41bfffff
260992145001015,10,1,1,16094708,130019,Air Advantage,72,1,X,MI,88274db4cdfffff
260992145001018,10,1,4,16094708,130019,Air Advantage,72,1,X,MI,88274db695fffff
260992145001019,10,1,1,16094708,130019,Air Advantage,72,1,R,MI,88274db6bdfffff
260992145001021,10,1,4,16094708,130019,Air Advantage,72,1,X,MI,88274db4c9fffff
260992145001023,10,1,3,16094708,130019,Air Advantage,72,1,X,MI,88274db691fffff
260992145001024,10,1,6,16094708,130019,Air Advantage,72,1,X,MI,88274db6bbfffff
260992145001027,10,1,15,16094708,130019,Air Advantage,72,1,X,MI,88274db697fffff
260992145001032,0,0,2,16094708,130019,Air Advantage,72,1,X,MI,882ab66b6bfffff
260992145003002,0,0,1,16094708,130019,Air Advantage,72,1,X,MI,882ab66b2bfffff
260992145003006,0,0,6,16094708,130019,Air Advantage,72,1,X,MI,882ab66b2bfffff
260992145003006,10,1,3,16094708,130019,Air Advantage,72,1,X,MI,882ab66b23fffff
260992145003007,10,1,1,16094708,130019,Air Advantage,72,1,X,MI,882ab66b07fffff
260992160001007,10,1,1,16094708,130019,Air Advantage,72,1,X,MI,882ab66a3dfffff
261251200002015,0,0,1,16094708,130019,Air Advantage,72,1,X,MI,88274da645fffff
261251200003006,10,1,3,16094708,130019,Air Advantage,72,1,X,MI,88274db437fffff
261251200003012,10,1,2,16094708,130019,Air Advantage,72,1,X,MI,88274db5d1fffff
261251200003013,10,1,1,16094708,130019,Air Advantage,72,1,X,MI,88274db43bfffff
261251203001001,10,1,2,16094708,130019,Air Advantage,72,1,X,MI,88274db5e1fffff
261251203001002,10,1,8,16094708,130019,Air Advantage,72,1,X,MI,88274db5e3fffff
261251203003005,10,1,8,16094708,130019,Air Advantage,72,1,X,MI,88274db5c9fffff
261251203003006,0,0,1,16094708,130019,Air Advantage,72,1,X,MI,88274db5ddfffff
261251203003006,10,1,6,16094708,130019,Air Advantage,72,1,X,MI,88274db5ddfffff
261251203003008,10,1,2,16094708,130019,Air Advantage,72,1,X,MI,88274db5cbfffff
261251203003015,10,1,1,16094708,130019,Air Advantage,72,1,X,MI,88274db58dfffff
261251203003016,10,1,1,16094708,130019,Air Advantage,72,1,X,MI,88274db5ebfffff
261251203003017,10,1,6,16094708,130019,Air Advantage,72,1,X,MI,88274db5c7fffff
261251203003027,10,1,4,16094708,130019,Air Advantage,72,1,X,MI,88274db59bfffff
261251203003028,10,1,3,16094708,130019,Air Advantage,72,1,X,MI,88274db593fffff
261450001002002,10,1,1,16094708,130019,Air Advantage,72,1,X,MI,88274dd2dbfffff
261450001002013,10,1,1,16094708,130019,Air Advantage,72,1,X,MI,88274dd2d3fffff
261450001002031,10,1,2,16094708,130019,Air Advantage,72,1,X,MI,88274dd2d3fffff
261450001002032,0,0,1,16094708,130019,Air Advantage,72,1,X,MI,88276b6dadfffff
261450001002041,0,0,1,16094708,130019,Air Advantage,72,1,X,MI,88274dd2d3fffff
261450017001045,0,0,1,16094708,130019,Air Advantage,72,1,X,MI,88274dd765fffff
261450018001009,0,0,1,16094708,130019,Air Advantage,72,1,X,MI,88274dd295fffff
261450018001019,0,0,1,16094708,130019,Air Advantage,72,1,X,MI,88274dd295fffff
261450018002012,0,0,1,16094708,130019,Air Advantage,72,1,X,MI,88274dd2bbfffff
261450018002015,0,0,4,16094708,130019,Air Advantage,72,1,X,MI,88274dd2bbfffff
261450102001031,0,0,7,16094708,130019,Air Advantage,72,1,X,MI,88274dd239fffff
261450102001032,0,0,1,16094708,130019,Air Advantage,72,1,X,MI,88274dd207fffff
261450102001033,0,0,4,16094708,130019,Air Advantage,72,1,X,MI,88274dd23bfffff
261450102001038,0,0,1,16094708,130019,Air Advantage,72,1,X,MI,88274dd203fffff
261450102001039,0,0,1,16094708,130019,Air Advantage,72,1,X,MI,88274dd255fffff
261450102001051,0,0,3,16094708,130019,Air Advantage,72,1,X,MI,88274dd23bfffff
261450102001051,10,1,11,16094708,130019,Air Advantage,72,1,X,MI,88274dd2edfffff
261450102001052,0,0,5,16094708,130019,Air Advantage,72,1,X,MI,88274dd239fffff
261450102001052,10,1,3,16094708,130019,Air Advantage,72,1,X,MI,88274dd211fffff
261450102001053,10,1,8,16094708,130019,Air Advantage,72,1,X,MI,88274dd217fffff
261450102002025,0,0,1,16094708,130019,Air Advantage,72,1,X,MI,88276b6d25fffff
261450102002026,10,1,1,16094708,130019,Air Advantage,72,1,X,MI,88276b6d25fffff
261450102002040,10,1,12,16094708,130019,Air Advantage,72,1,X,MI,88274dd2cdfffff
261450102002043,10,1,5,16094708,130019,Air Advantage,72,1,X,MI,88276b6d27fffff
261450102002050,10,1,1,16094708,130019,Air Advantage,72,1,X,MI,88274dd211fffff
261450102002061,10,1,4,16094708,130019,Air Advantage,72,1,X,MI,88274dd213fffff
261450102002062,10,1,4,16094708,130019,Air Advantage,72,1,X,MI,88274dd213fffff
261450102002064,10,1,3,16094708,130019,Air Advantage,72,1,X,MI,88274dd217fffff
261450103041000,10,1,2,16094708,130019,Air Advantage,72,1,X,MI,88274dd2e9fffff
261450103041001,10,1,14,16094708,130019,Air Advantage,72,1,X,MI,88274dd2e9fffff
261450103041002,10,1,5,16094708,130019,Air Advantage,72,1,X,MI,88274dd2edfffff
261450103041004,10,1,2,16094708,130019,Air Advantage,72,1,X,MI,88274dd2edfffff
261450103041005,10,1,5,16094708,130019,Air Advantage,72,1,X,MI,88274dd2e9fffff
261450103041006,10,1,2,16094708,130019,Air Advantage,72,1,X,MI,88274dd2edfffff
261450103041009,10,1,3,16094708,130019,Air Advantage,72,1,X,MI,88274dd2e1fffff
261450103042001,0,0,1,16094708,130019,Air Advantage,72,1,X,MI,88274dd2c5fffff
261450103042005,10,1,1,16094708,130019,Air Advantage,72,1,X,MI,88274dd2e9fffff
261450103042009,0,0,1,16094708,130019,Air Advantage,72,1,X,MI,88274dd2e9fffff
261450103042009,10,1,1,16094708,130019,Air Advantage,72,1,X,MI,88274dd2e9fffff
261450103042014,10,1,1,16094708,130019,Air Advantage,72,1,X,MI,88274dd2e9fffff
261450103043000,10,1,2,16094708,130019,Air Advantage,72,1,X,MI,88274dd2e3fffff
261450103043001,10,1,1,16094708,130019,Air Advantage,72,1,X,MI,88274dd2e7fffff
261450103043002,10,1,5,16094708,130019,Air Advantage,72,1,X,MI,88274dd2e7fffff
261450103043009,10,1,1,16094708,130019,Air Advantage,72,1,X,MI,88274dd2e7fffff
261450103043024,10,1,1,16094708,130019,Air Advantage,72,1,X,MI,88274dd285fffff
261450103044005,10,1,1,16094708,130019,Air Advantage,72,1,X,MI,88274dd2e3fffff
261450107001001,10,1,1,16094708,130019,Air Advantage,72,1,X,MI,88274dd2d1fffff
261450107001038,0,0,1,16094708,130019,Air Advantage,72,1,X,MI,88274dd2d9fffff
261450107002000,10,1,1,16094708,130019,Air Advantage,72,1,X,MI,88274dd2d1fffff
261450107002003,0,0,1,16094708,130019,Air Advantage,72,1,X,MI,88274dd2d7fffff
261450107002003,10,1,2,16094708,130019,Air Advantage,72,1,X,MI,88274dd2d7fffff
261450107002013,0,0,1,16094708,130019,Air Advantage,72,1,X,MI,88274dd2d5fffff
261450107004015,10,1,3,16094708,130019,Air Advantage,72,1,X,MI,88274dd2c3fffff
261450107005004,0,0,1,16094708,130019,Air Advantage,72,1,X,MI,88274dd2c3fffff
261450107005004,10,1,4,16094708,130019,Air Advantage,72,1,X,MI,88274dd2c3fffff
261450107006003,10,1,35,16094708,130019,Air Advantage,72,1,X,MI,88274dd2c9fffff
261450107006004,10,1,1,16094708,130019,Air Advantage,72,1,X,MI,88274dd2c9fffff
261450108001002,10,1,1,16094708,130019,Air Advantage,72,1,X,MI,88276b6d31fffff
261450108001012,10,1,1,16094708,130019,Air Advantage,72,1,X,MI,88276b6d31fffff
261450108001027,10,1,4,16094708,130019,Air Advantage,72,1,X,MI,88276b6d31fffff
261450108002010,10,1,1,16094708,130019,Air Advantage,72,1,X,MI,88276b6d49fffff
261450108002011,0,0,1,16094708,130019,Air Advantage,72,1,X,MI,88276b6d01fffff
261450108002011,10,1,1,16094708,130019,Air Advantage,72,1,X,MI,88276b6d01fffff
261450108002013,0,0,1,16094708,130019,Air Advantage,72,1,X,MI,88276b6d03fffff
261450108002037,0,0,1,16094708,130019,Air Advantage,72,1,X,MI,88276b6d3dfffff
261450108002057,10,1,3,16094708,130019,Air Advantage,72,1,X,MI,88276b6d11fffff
261450108002059,10,1,1,16094708,130019,Air Advantage,72,1,X,MI,88276b6d3dfffff
261450108002060,10,1,4,16094708,130019,Air Advantage,72,1,X,MI,88276b6d23fffff
261450108002061,10,1,2,16094708,130019,Air Advantage,72,1,X,MI,88276b6d23fffff
261450108002062,0,0,3,16094708,130019,Air Advantage,72,1,X,MI,88276b6d3dfffff
261450108003000,10,1,1,16094708,130019,Air Advantage,72,1,X,MI,88276b6dcdfffff
261450108003008,10,1,1,16094708,130019,Air Advantage,72,1,X,MI,88276b6debfffff
261450108003009,10,1,14,16094708,130019,Air Advantage,72,1,X,MI,88276b6debfffff
261450108003019,10,1,7,16094708,130019,Air Advantage,72,1,X,MI,88276b6de1fffff
261450108003020,10,1,1,16094708,130019,Air Advantage,72,1,X,MI,88276b6de3fffff
261450108003022,10,1,1,16094708,130019,Air Advantage,72,1,X,MI,88276b6de7fffff
261450108003023,10,1,3,16094708,130019,Air Advantage,72,1,X,MI,88276b6de3fffff
261450108003025,10,1,4,16094708,130019,Air Advantage,72,1,X,MI,88276b6de3fffff
261450108003026,10,1,5,16094708,130019,Air Advantage,72,1,X,MI,88276b6de3fffff
261450108003027,10,1,1,16094708,130019,Air Advantage,72,1,X,MI,88276b6de3fffff
261450108003028,10,1,2,16094708,130019,Air Advantage,72,1,X,MI,88276b6de7fffff
261450108003076,10,1,7,16094708,130019,Air Advantage,72,1,X,MI,88276b6db9fffff
261450110013000,10,1,17,16094708,130019,Air Advantage,72,1,X,MI,88274dd667fffff
261450110013001,10,1,7,16094708,130019,Air Advantage,72,1,X,MI,88274dd75bfffff
261450110013003,10,1,2,16094708,130019,Air Advantage,72,1,X,MI,88274dd75bfffff
261450110013007,10,1,8,16094708,130019,Air Advantage,72,1,X,MI,88274dd62dfffff
261450110013008,10,1,9,16094708,130019,Air Advantage,72,1,X,MI,88274dd62dfffff
261450110013009,10,1,2,16094708,130019,Air Advantage,72,1,X,MI,88274dd62dfffff
261450110013010,10,1,4,16094708,130019,Air Advantage,72,1,X,MI,88274dd62dfffff
261450110014001,10,1,1,16094708,130019,Air Advantage,72,1,X,MI,88274dd751fffff
261450110021001,0,0,1,16094708,130019,Air Advantage,72,1,X,MI,88274dd759fffff
261450110021001,10,1,5,16094708,130019,Air Advantage,72,1,X,MI,88274dd75bfffff
261450110021003,10,1,2,16094708,130019,Air Advantage,72,1,X,MI,88274dd751fffff
261450110022000,0,0,1,16094708,130019,Air Advantage,72,1,X,MI,88276b6db3fffff
261450110022000,10,1,13,16094708,130019,Air Advantage,72,1,X,MI,88276b6db9fffff
261450110022018,10,1,5,16094708,130019,Air Advantage,72,1,X,MI,88276b6db7fffff
261450110023006,10,1,1,16094708,130019,Air Advantage,72,1,X,MI,88276b6da3fffff
261450111001000,10,1,3,16094708,130019,Air Advantage,72,1,X,MI,88276b6f1bfffff
261450111001001,10,1,1,16094708,130019,Air Advantage,72,1,X,MI,88276b6f11fffff
261450111001002,10,1,7,16094708,130019,Air Advantage,72,1,X,MI,88276b6f17fffff
261450111001003,10,1,3,16094708,130019,Air Advantage,72,1,X,MI,88276b6f3bfffff
261450111001004,10,1,1,16094708,130019,Air Advantage,72,1,X,MI,88276b6f3bfffff
261450111001010,10,1,1,16094708,130019,Air Advantage,72,1,X,MI,88276b6f37fffff
261450111001012,10,1,1,16094708,130019,Air Advantage,72,1,X,MI,88276b6d1bfffff
261450111001018,10,1,3,16094708,130019,Air Advantage,72,1,X,MI,88276b6c05fffff
261450111001019,10,1,5,16094708,130019,Air Advantage,72,1,X,MI,88276b6c05fffff
261450111001020,10,1,5,16094708,130019,Air Advantage,72,1,X,MI,88276b6c6bfffff
261450111001021,10,1,5,16094708,130019,Air Advantage,72,1,X,MI,88276b6c69fffff
261450111001022,10,1,4,16094708,130019,Air Advantage,72,1,X,MI,88276b6c45fffff
261450111001023,10,1,6,16094708,130019,Air Advantage,72,1,X,MI,88276b6c63fffff
261450111001024,10,1,1,16094708,130019,Air Advantage,72,1,X,MI,88276b6c45fffff
261450111001025,10,1,6,16094708,130019,Air Advantage,72,1,X,MI,88276b6c05fffff
261450111001026,10,1,6,16094708,130019,Air Advantage,72,1,X,MI,88276b6c03fffff
261450111001027,10,1,6,16094708,130019,Air Advantage,72,1,X,MI,88276b6c07fffff
261450111001029,10,1,2,16094708,130019,Air Advantage,72,1,X,MI,88276b6c39fffff
261450111001031,10,1,9,16094708,130019,Air Advantage,72,1,X,MI,88276b6c39fffff
261450111001032,10,1,5,16094708,130019,Air Advantage,72,1,X,MI,88276b6c39fffff
261450111001035,10,1,2,16094708,130019,Air Advantage,72,1,X,MI,88276b6c31fffff
261450111001036,10,1,4,16094708,130019,Air Advantage,72,1,X,MI,88276b6c31fffff
261450111001037,10,1,11,16094708,130019,Air Advantage,72,1,X,MI,88276b6c3dfffff
261450111001038,10,1,8,16094708,130019,Air Advantage,72,1,X,MI,88276b6c3dfffff
261450111001039,10,1,1,16094708,130019,Air Advantage,72,1,X,MI,88276b6c6dfffff
261450111001040,10,1,2,16094708,130019,Air Advantage,72,1,X,MI,88276b6dd9fffff
261450111001041,10,1,1,16094708,130019,Air Advantage,72,1,X,MI,88276b6ce5fffff
261450111001042,0,0,1,16094708,130019,Air Advantage,72,1,X,MI,88276b6dd9fffff
261450111001042,10,1,33,16094708,130019,Air Advantage,72,1,X,MI,88276b6ddbfffff
261450111001043,0,0,1,16094708,130019,Air Advantage,72,1,X,MI,88276b6dd1fffff
261450111001043,10,1,52,16094708,130019,Air Advantage,72,1,X,MI,88276b6dd1fffff
261450111001044,10,1,15,16094708,130019,Air Advantage,72,1,X,MI,88276b6dd1fffff
261450111001045,10,1,4,16094708,130019,Air Advantage,72,1,X,MI,88276b6dd1fffff
261450111001046,10,1,2,16094708,130019,Air Advantage,72,1,X,MI,88276b6dd1fffff
261450111001047,10,1,3,16094708,130019,Air Advantage,72,1,X,MI,88276b6dd1fffff
261450111001048,0,0,1,16094708,130019,Air Advantage,72,1,X,MI,88276b6dd1fffff
261450111001048,10,1,5,16094708,130019,Air Advantage,72,1,X,MI,88276b6dd1fffff
261450111001049,10,1,7,16094708,130019,Air Advantage,72,1,X,MI,88276b6ddbfffff
261450111001051,10,1,3,16094708,130019,Air Advantage,72,1,X,MI,88276b6dddfffff
261450111001052,10,1,2,16094708,130019,Air Advantage,72,1,X,MI,88276b6dcbfffff
261450111001053,10,1,2,16094708,130019,Air Advantage,72,1,X,MI,88276b6dcbfffff
261450111001055,10,1,1,16094708,130019,Air Advantage,72,1,X,MI,88276b6dd5fffff
261450111001056,10,1,5,16094708,130019,Air Advantage,72,1,X,MI,88276b6dd5fffff
261450111001057,10,1,3,16094708,130019,Air Advantage,72,1,X,MI,88276b6dcdfffff
261450111001058,10,1,1,16094708,130019,Air Advantage,72,1,R,MI,88276b6d89fffff
261450111001061,0,0,1,16094708,130019,Air Advantage,72,1,X,MI,88276b6dd5fffff
261450111001061,10,1,9,16094708,130019,Air Advantage,72,1,X,MI,88276b6dcbfffff
261450111001063,10,1,1,16094708,130019,Air Advantage,72,1,X,MI,88276b6dd3fffff
261450111001064,10,1,1,16094708,130019,Air Advantage,72,1,X,MI,88276b6cadfffff
261450111001065,10,1,2,16094708,130019,Air Advantage,72,1,X,MI,88276b6cadfffff
261450111001067,10,1,2,16094708,130019,Air Advantage,72,1,X,MI,88276b6ca9fffff
261450111001068,10,1,6,16094708,130019,Air Advantage,72,1,X,MI,88276b6ca5fffff
261450111001069,10,1,1,16094708,130019,Air Advantage,72,1,X,MI,88276b6cadfffff
261450111001070,0,0,2,16094708,130019,Air Advantage,72,1,X,MI,88276b6ca5fffff
261450111001070,10,1,5,16094708,130019,Air Advantage,72,1,X,MI,88276b6ca5fffff
261450111001071,0,0,2,16094708,130019,Air Advantage,72,1,X,MI,88276b6d99fffff
261450111001071,10,1,2,16094708,130019,Air Advantage,72,1,X,MI,88276b6d99fffff
261450111001072,10,1,3,16094708,130019,Air Advantage,72,1,X,MI,88276b6dd7fffff
261450111001073,0,0,1,16094708,130019,Air Advantage,72,1,R,MI,88276b6d9dfffff
261450111001073,10,1,1,16094708,130019,Air Advantage,72,1,X,MI,88276b6d9dfffff
261450111001074,0,0,1,16094708,130019,Air Advantage,72,1,R,MI,88276b6d9dfffff
261450111001075,10,1,2,16094708,130019,Air Advantage,72,1,X,MI,88276b6d95fffff
261450111001076,0,0,5,16094708,130019,Air Advantage,72,1,X,MI,88276b6d91fffff
261450111001076,10,1,3,16094708,130019,Air Advantage,72,1,X,MI,88276b6d99fffff
261450111001077,10,1,4,16094708,130019,Air Advantage,72,1,X,MI,88276b6d99fffff
261450111001078,10,1,5,16094708,130019,Air Advantage,72,1,X,MI,88274dd64dfffff
261450111001079,10,1,18,16094708,130019,Air Advantage,72,1,X,MI,88276b6ca1fffff
261450111001081,10,1,21,16094708,130019,Air Advantage,72,1,X,MI,88274dd669fffff
261450111001082,10,1,16,16094708,130019,Air Advantage,72,1,X,MI,88274dd645fffff
261450111001083,10,1,11,16094708,130019,Air Advantage,72,1,X,MI,88274dd669fffff
261450111001084,10,1,4,16094708,130019,Air Advantage,72,1,X,MI,88274dd669fffff
261450111001085,10,1,14,16094708,130019,Air Advantage,72,1,X,MI,88274dd66dfffff
261450111001086,10,1,5,16094708,130019,Air Advantage,72,1,X,MI,88276b6d97fffff
261450111001087,10,1,4,16094708,130019,Air Advantage,72,1,X,MI,88276b6d97fffff
261450111001088,0,0,2,16094708,130019,Air Advantage,72,1,X,MI,88274dd665fffff
261450111001088,10,1,2,16094708,130019,Air Advantage,72,1,X,MI,88274dd66dfffff
261450111001089,10,1,1,16094708,130019,Air Advantage,72,1,X,MI,88274dd667fffff
261450111001090,10,1,8,16094708,130019,Air Advantage,72,1,X,MI,88274dd66bfffff
261450111001091,10,1,5,16094708,130019,Air Advantage,72,1,X,MI,88274dd66bfffff
261450111001092,10,1,4,16094708,130019,Air Advantage,72,1,X,MI,88274dd647fffff
261450111001093,10,1,16,16094708,130019,Air Advantage,72,1,X,MI,88274dd641fffff
261450111001094,10,1,9,16094708,130019,Air Advantage,72,1,X,MI,88274dd649fffff
261450111001096,10,1,3,16094708,130019,Air Advantage,72,1,X,MI,88276b6cb5fffff
261450111001097,10,1,2,16094708,130019,Air Advantage,72,1,X,MI,88274dd65dfffff
261450111001098,10,1,5,16094708,130019,Air Advantage,72,1,X,MI,88274dd643fffff
261450111001099,0,0,1,16094708,130019,Air Advantage,72,1,X,MI,88274dd609fffff
261450111001099,10,1,3,16094708,130019,Air Advantage,72,1,X,MI,88274dd609fffff
261450111001100,10,1,2,16094708,130019,Air Advantage,72,1,X,MI,88274dd66bfffff
261450111001101,10,1,6,16094708,130019,Air Advantage,72,1,X,MI,88274dd663fffff
261450111001102,10,1,3,16094708,130019,Air Advantage,72,1,X,MI,88274dd667fffff
261450111001103,10,1,5,16094708,130019,Air Advantage,72,1,X,MI,88276b6dd1fffff
261450111001104,10,1,1,16094708,130019,Air Advantage,72,1,X,MI,88276b6dd1fffff
261450111001105,10,1,8,16094708,130019,Air Advantage,72,1,X,MI,88276b6ddbfffff
261450111001106,10,1,9,16094708,130019,Air Advantage,72,1,X,MI,88276b6ddbfffff
261450111001107,0,0,1,16094708,130019,Air Advantage,72,1,X,MI,88276b6dd1fffff
261450111001107,10,1,1,16094708,130019,Air Advantage,72,1,X,MI,88276b6dd1fffff
261450111001108,10,1,8,16094708,130019,Air Advantage,72,1,X,MI,88276b6dd9fffff
261450111001112,10,1,11,16094708,130019,Air Advantage,72,1,X,MI,88276b6ddbfffff
261450111001113,10,1,5,16094708,130019,Air Advantage,72,1,X,MI,88276b6dd1fffff
261450112001000,0,0,2,16094708,130019,Air Advantage,72,1,X,MI,88276b6edbfffff
261450112001000,10,1,4,16094708,130019,Air Advantage,72,1,X,MI,88276b65adfffff
261450112001001,0,0,1,16094708,130019,Air Advantage,72,1,X,MI,88276b6e99fffff
261450112001001,10,1,10,16094708,130019,Air Advantage,72,1,X,MI,88276b6e99fffff
261450112001003,0,0,2,16094708,130019,Air Advantage,72,1,X,MI,88276b6ed7fffff
261450112001003,10,1,4,16094708,130019,Air Advantage,72,1,X,MI,88276b6e83fffff
261450112001004,10,1,5,16094708,130019,Air Advantage,72,1,X,MI,88276b6e81fffff
261450112001005,10,1,4,16094708,130019,Air Advantage,72,1,X,MI,88276b6e85fffff
261450112001007,10,1,6,16094708,130019,Air Advantage,72,1,X,MI,88276b6eabfffff
261450112001008,0,0,2,16094708,130019,Air Advantage,72,1,X,MI,88276b6c19fffff
261450112001009,10,1,2,16094708,130019,Air Advantage,72,1,X,MI,88276b6c15fffff
261450112001010,0,0,1,16094708,130019,Air Advantage,72,1,X,MI,88276b6c1bfffff
261450112001010,10,1,4,16094708,130019,Air Advantage,72,1,X,MI,88276b6c15fffff
261450112001011,10,1,3,16094708,130019,Air Advantage,72,1,X,MI,88276b6eb7fffff
261450112001012,10,1,17,16094708,130019,Air Advantage,72,1,X,MI,88276b6ccbfffff
261450112001015,10,1,5,16094708,130019,Air Advantage,72,1,X,MI,88276b6e83fffff
261450112001018,10,1,6,16094708,130019,Air Advantage,72,1,X,MI,88276b6eb7fffff
261450112001019,10,1,3,16094708,130019,Air Advantage,72,1,X,MI,88276b6ccbfffff
261450112001020,10,1,4,16094708,130019,Air Advantage,72,1,X,MI,88276b6cc1fffff
261450112001021,10,1,15,16094708,130019,Air Advantage,72,1,X,MI,88276b6cc9fffff
261450112001022,10,1,1,16094708,130019,Air Advantage,72,1,X,MI,88276b6ea7fffff
261450112001026,10,1,1,16094708,130019,Air Advantage,72,1,X,MI,88276b6cc5fffff
261450112001027,10,1,6,16094708,130019,Air Advantage,72,1,X,MI,88276b6c17fffff
261450112001031,10,1,3,16094708,130019,Air Advantage,72,1,X,MI,88276b6ca9fffff
261450112001032,10,1,6,16094708,130019,Air Advantage,72,1,X,MI,88276b6ebbfffff
261450112001033,0,0,1,16094708,130019,Air Advantage,72,1,X,MI,88276b6eb3fffff
261450112001033,10,1,5,16094708,130019,Air Advantage,72,1,X,MI,88274d9b6dfffff
261450112001034,0,0,2,16094708,130019,Air Advantage,72,1,X,MI,88276b6eb3fffff
261450112001034,10,1,11,16094708,130019,Air Advantage,72,1,X,MI,88276b6eb1fffff
261450112001035,10,1,1,16094708,130019,Air Advantage,72,1,X,MI,88274d9b65fffff
261450112001036,10,1,1,16094708,130019,Air Advantage,72,1,X,MI,88274d9b61fffff
261450112001037,0,0,1,16094708,130019,Air Advantage,72,1,R,MI,88274d9b6dfffff
261450112001037,10,1,2,16094708,130019,Air Advantage,72,1,X,MI,88274d9b69fffff
261450112001038,10,1,7,16094708,130019,Air Advantage,72,1,R,MI,88274d9b6dfffff
261450112001039,0,0,15,16094708,130019,Air Advantage,72,1,X,MI,88276b65a7fffff
261450112001039,10,1,11,16094708,130019,Air Advantage,72,1,X,MI,88276b65a5fffff
261450112001040,0,0,2,16094708,130019,Air Advantage,72,1,X,MI,88276b65a5fffff
261450112001040,10,1,1,16094708,130019,Air Advantage,72,1,X,MI,88276b65a5fffff
261450112001042,0,0,1,16094708,130019,Air Advantage,72,1,X,MI,88276b65a7fffff
261450112001043,0,0,1,16094708,130019,Air Advantage,72,1,X,MI,88276b65a7fffff
261450112001045,0,0,10,16094708,130019,Air Advantage,72,1,X,MI,88274d9b4dfffff
261450112001045,10,1,10,16094708,130019,Air Advantage,72,1,X,MI,88276b6e93fffff
261450112001047,10,1,9,16094708,130019,Air Advantage,72,1,X,MI,88276b6cd5fffff
261450112001049,10,1,1,16094708,130019,Air Advantage,72,1,X,MI,88276b6cdbfffff
261450112001050,10,1,6,16094708,130019,Air Advantage,72,1,X,MI,88276b6cd1fffff
261450112002000,0,0,10,16094708,130019,Air Advantage,72,1,X,MI,88274d9b4dfffff
261450112002003,0,0,7,16094708,130019,Air Advantage,72,1,X,MI,88274d9b0dfffff
261450112002003,10,1,5,16094708,130019,Air Advantage,72,1,X,MI,88274d9b0dfffff
261450112002005,0,0,2,16094708,130019,Air Advantage,72,1,X,MI,88274d9b6bfffff
261450112002005,10,1,10,16094708,130019,Air Advantage,72,1,X,MI,88274d9b67fffff
261450112002007,0,0,1,16094708,130019,Air Advantage,72,1,X,MI,88274d9b67fffff
261450112002007,10,1,1,16094708,130019,Air Advantage,72,1,X,MI,88274d9b65fffff
261450112002008,10,1,5,16094708,130019,Air Advantage,72,1,X,MI,88276b6cdbfffff
261450112002009,10,1,2,16094708,130019,Air Advantage,72,1,X,MI,88274d9b2dfffff
261450112002010,10,1,5,16094708,130019,Air Advantage,72,1,X,MI,88276b6cd1fffff
261450112002011,10,1,3,16094708,130019,Air Advantage,72,1,X,MI,88276b6cd7fffff
261450112002012,10,1,1,16094708,130019,Air Advantage,72,1,X,MI,88276b6cd5fffff
261450112002014,10,1,1,16094708,130019,Air Advantage,72,1,X,MI,88276b6c87fffff
261450112002015,10,1,1,16094708,130019,Air Advantage,72,1,X,MI,88276b6cabfffff
261450112002016,10,1,2,16094708,130019,Air Advantage,72,1,X,MI,88276b6ca9fffff
261450112002017,10,1,2,16094708,130019,Air Advantage,72,1,R,MI,88276b6cabfffff
261450112002018,10,1,3,16094708,130019,Air Advantage,72,1,X,MI,88276b6cabfffff
261450112002019,0,0,1,16094708,130019,Air Advantage,72,1,X,MI,88276b6c9dfffff
261450112002019,10,1,4,16094708,130019,Air Advantage,72,1,R,MI,88276b6c8bfffff
261450112002020,0,0,2,16094708,130019,Air Advantage,72,1,X,MI,88276b6c9dfffff
261450112002020,10,1,9,16094708,130019,Air Advantage,72,1,R,MI,88276b6c91fffff
261450112002021,10,1,1,16094708,130019,Air Advantage,72,1,X,MI,88276b6c91fffff
261450112002022,10,1,15,16094708,130019,Air Advantage,72,1,X,MI,88274d9b21fffff
261450112002023,10,1,1,16094708,130019,Air Advantage,72,1,X,MI,88274d9b29fffff
261450112002024,10,1,17,16094708,130019,Air Advantage,72,1,X,MI,88274d9b29fffff
261450112002025,10,1,5,16094708,130019,Air Advantage,72,1,X,MI,88274d9b07fffff
261450112002026,10,1,1,16094708,130019,Air Advantage,72,1,X,MI,88274d9b0bfffff
261450112002027,10,1,12,16094708,130019,Air Advantage,72,1,X,MI,88276b6c91fffff
261450112002028,0,0,1,16094708,130019,Air Advantage,72,1,X,MI,88276b6cb3fffff
261450112002028,10,1,19,16094708,130019,Air Advantage,72,1,X,MI,88276b6cb1fffff
261450112002029,10,1,3,16094708,130019,Air Advantage,72,1,X,MI,88276b6cb5fffff
261450112002030,0,0,1,16094708,130019,Air Advantage,72,1,X,MI,88276b6cb7fffff
261450112002030,10,1,2,16094708,130019,Air Advantage,72,1,X,MI,88276b6cb7fffff
261450112002031,0,0,2,16094708,130019,Air Advantage,72,1,X,MI,88276b6cbbfffff
261450112002031,10,1,14,16094708,130019,Air Advantage,72,1,X,MI,88276b6cb3fffff
261450112002032,10,1,7,16094708,130019,Air Advantage,72,1,X,MI,88276b6cb7fffff
261450112002033,10,1,19,16094708,130019,Air Advantage,72,1,X,MI,88274d9b35fffff
261450112002034,0,0,1,16094708,130019,Air Advantage,72,1,X,MI,88274d9b37fffff
261450112002034,10,1,16,16094708,130019,Air Advantage,72,1,X,MI,88274d9b3dfffff
261450112002035,10,1,8,16094708,130019,Air Advantage,72,1,X,MI,88274d9b3dfffff
261450112002036,0,0,6,16094708,130019,Air Advantage,72,1,X,MI,88274d9b15fffff
261450112002036,10,1,11,16094708,130019,Air Advantage,72,1,X,MI,88274d9b15fffff
261450112002037,10,1,1,16094708,130019,Air Advantage,72,1,X,MI,88276b6c93fffff
261450112002038,0,0,1,16094708,130019,Air Advantage,72,1,X,MI,88274d996bfffff
261450112002038,10,1,9,16094708,130019,Air Advantage,72,1,X,MI,88274d996bfffff
261450112002040,10,1,14,16094708,130019,Air Advantage,72,1,X,MI,88274d9969fffff
261450112002041,0,0,3,16094708,130019,Air Advantage,72,1,X,MI,88274d9969fffff
261450112002041,10,1,11,16094708,130019,Air Advantage,72,1,X,MI,88276b6cbbfffff
261450112002042,10,1,1,16094708,130019,Air Advantage,72,1,X,MI,88274d9961fffff
261450112002043,10,1,6,16094708,130019,Air Advantage,72,1,X,MI,88274dd651fffff
261450112002044,0,0,1,16094708,130019,Air Advantage,72,1,X,MI,88274d9b15fffff
261450112002044,10,1,5,16094708,130019,Air Advantage,72,1,X,MI,88274d9b15fffff
261450112002045,0,0,1,16094708,130019,Air Advantage,72,1,X,MI,88274d9b39fffff
261450112002045,10,1,16,16094708,130019,Air Advantage,72,1,X,MI,88274d9b39fffff
261450113011000,10,1,7,16094708,130019,Air Advantage,72,1,X,MI,88274d99ebfffff
261450113011001,10,1,5,16094708,130019,Air Advantage,72,1,X,MI,88274d99ebfffff
261450113011002,10,1,6,16094708,130019,Air Advantage,72,1,X,MI,88274d998dfffff
261450113011003,10,1,9,16094708,130019,Air Advantage,72,1,X,MI,88274d998dfffff
261450113011004,10,1,22,16094708,130019,Air Advantage,72,1,X,MI,88274d99ebfffff
261450113011005,10,1,3,16094708,130019,Air Advantage,72,1,X,MI,88274d99e3fffff
261450113011006,10,1,8,16094708,130019,Air Advantage,72,1,X,MI,88274d99e3fffff
261450113011007,10,1,1,16094708,130019,Air Advantage,72,1,X,MI,88274d99a9fffff
261450113011010,10,1,2,16094708,130019,Air Advantage,72,1,X,MI,88274dd6dbfffff
261450113011011,0,0,1,16094708,130019,Air Advantage,72,1,X,MI,88274dd6dbfffff
261450113011011,10,1,7,16094708,130019,Air Advantage,72,1,X,MI,88274dd6d7fffff
261450113011012,10,1,5,16094708,130019,Air Advantage,72,1,X,MI,88274dd6d7fffff
261450113011013,0,0,2,16094708,130019,Air Advantage,72,1,X,MI,88274dd6d5fffff
261450113011013,10,1,1,16094708,130019,Air Advantage,72,1,X,MI,88274dd68bfffff
261450113011015,10,1,7,16094708,130019,Air Advantage,72,1,X,MI,88274d99e7fffff
261450113011016,10,1,1,16094708,130019,Air Advantage,72,1,X,MI,88274d99a9fffff
261450113011017,10,1,2,16094708,130019,Air Advantage,72,1,X,MI,88274d99a9fffff
261450113011018,10,1,1,16094708,130019,Air Advantage,72,1,X,MI,88274d9985fffff
261450113011021,0,0,1,16094708,130019,Air Advantage,72,1,X,MI,88274d99e3fffff
261450113011021,10,1,3,16094708,130019,Air Advantage,72,1,X,MI,88274d99e3fffff
261450113011022,10,1,26,16094708,130019,Air Advantage,72,1,X,MI,88274d99e3fffff
261450113011023,10,1,8,16094708,130019,Air Advantage,72,1,X,MI,88274d99e3fffff
261450113011024,0,0,1,16094708,130019,Air Advantage,72,1,X,MI,88274d99e3fffff
261450113011024,10,1,9,16094708,130019,Air Advantage,72,1,X,MI,88274d99e3fffff
261450113011025,10,1,20,16094708,130019,Air Advantage,72,1,X,MI,88274d998dfffff
261450113011026,10,1,23,16094708,130019,Air Advantage,72,1,X,MI,88274d998dfffff
261450113011027,10,1,11,16094708,130019,Air Advantage,72,1,X,MI,88274d998dfffff
261450113011028,10,1,24,16094708,130019,Air Advantage,72,1,X,MI,88274d998dfffff
261450113011029,10,1,11,16094708,130019,Air Advantage,72,1,X,MI,88274d998dfffff
261450113011030,10,1,5,16094708,130019,Air Advantage,72,1,X,MI,88274d998dfffff
261450113011031,10,1,2,16094708,130019,Air Advantage,72,1,X,MI,88274d998dfffff
261450113011033,10,1,1,16094708,130019,Air Advantage,72,1,X,MI,88274d9985fffff
261450113011034,10,1,3,16094708,130019,Air Advantage,72,1,X,MI,88274d9985fffff
261450113011035,0,0,1,16094708,130019,Air Advantage,72,1,X,MI,88274d99e3fffff
261450113011035,10,1,8,16094708,130019,Air Advantage,72,1,X,MI,88274d99e3fffff
261450113011038,10,1,2,16094708,130019,Air Advantage,72,1,X,MI,88274d99a9fffff
261450113011039,10,1,5,16094708,130019,Air Advantage,72,1,X,MI,88274dd699fffff
261450113011045,10,1,5,16094708,130019,Air Advantage,72,1,X,MI,88274d99e7fffff
261450113011046,10,1,7,16094708,130019,Air Advantage,72,1,X,MI,88274d9985fffff
261450113011047,10,1,5,16094708,130019,Air Advantage,72,1,X,MI,88274d9981fffff
261450113011048,10,1,1,16094708,130019,Air Advantage,72,1,X,MI,88274d99e7fffff
261450113012000,0,0,1,16094708,130019,Air Advantage,72,1,X,MI,88274d99d1fffff
261450113012000,10,1,1,16094708,130019,Air Advantage,72,1,X,MI,88274d99ddfffff
261450113012001,10,1,74,16094708,130019,Air Advantage,72,1,X,MI,88274d99ddfffff
261450113012004,10,1,2,16094708,130019,Air Advantage,72,1,X,MI,88274d99d5fffff
261450113012005,10,1,15,16094708,130019,Air Advantage,72,1,X,MI,88274d99c3fffff
261450113012006,10,1,2,16094708,130019,Air Advantage,72,1,X,MI,88274d99c3fffff
261450113012007,10,1,12,16094708,130019,Air Advantage,72,1,X,MI,88274d99c3fffff
261450113012008,0,0,1,16094708,130019,Air Advantage,72,1,X,MI,88274d99c3fffff
261450113012008,10,1,1,16094708,130019,Air Advantage,72,1,X,MI,88274d9989fffff
261450113012009,10,1,1,16094708,130019,Air Advantage,72,1,X,MI,88274d99d1fffff
261450113012011,10,1,1,16094708,130019,Air Advantage,72,1,X,MI,88274d9989fffff
261450113012012,10,1,1,16094708,130019,Air Advantage,72,1,X,MI,88274d99d5fffff
261450113012014,10,1,24,16094708,130019,Air Advantage,72,1,X,MI,88274d9989fffff
261450113012016,0,0,1,16094708,130019,Air Advantage,72,1,X,MI,88274d9981fffff
261450113012016,10,1,14,16094708,130019,Air Advantage,72,1,X,MI,88274d998dfffff
261450113012017,0,0,1,16094708,130019,Air Advantage,72,1,X,MI,88274d99d7fffff
261450113012017,10,1,6,16094708,130019,Air Advantage,72,1,X,MI,88274d99d3fffff
261450113012018,10,1,1,16094708,130019,Air Advantage,72,1,X,MI,88274d9981fffff
261450113012019,10,1,2,16094708,130019,Air Advantage,72,1,X,MI,88274d9981fffff
261450113012020,10,1,1,16094708,130019,Air Advantage,72,1,X,MI,88274d9981fffff
261450113012021,10,1,1,16094708,130019,Air Advantage,72,1,X,MI,88274d9981fffff
261450113012023,10,1,13,16094708,130019,Air Advantage,72,1,X,MI,88274d9981fffff
261450113012025,10,1,6,16094708,130019,Air Advantage,72,1,X,MI,88274d9983fffff
261450113012027,10,1,2,16094708,130019,Air Advantage,72,1,X,MI,88274d998bfffff
261450113012028,10,1,9,16094708,130019,Air Advantage,72,1,X,MI,88274d999bfffff
261450113012029,10,1,4,16094708,130019,Air Advantage,72,1,X,MI,88274d9989fffff
261450113012036,10,1,5,16094708,130019,Air Advantage,72,1,X,MI,88274d9981fffff
261450113012037,0,0,1,16094708,130019,Air Advantage,72,1,X,MI,88274d9987fffff
261450113012037,10,1,2,16094708,130019,Air Advantage,72,1,X,MI,88274d9987fffff
261450113012038,10,1,1,16094708,130019,Air Advantage,72,1,X,MI,88274d9985fffff
261450113012039,10,1,1,16094708,130019,Air Advantage,72,1,X,MI,88274d9985fffff
261450113012042,10,1,1,16094708,130019,Air Advantage,72,1,X,MI,88274d99a1fffff
261450113012044,10,1,1,16094708,130019,Air Advantage,72,1,X,MI,88274d99a5fffff
261450113012045,10,1,5,16094708,130019,Air Advantage,72,1,X,MI,88274dd691fffff
261450113012046,10,1,9,16094708,130019,Air Advantage,72,1,X,MI,88274dd691fffff
261450113012047,10,1,3,16094708,130019,Air Advantage,72,1,X,MI,88274dd693fffff
261450113012049,10,1,1,16094708,130019,Air Advantage,72,1,X,MI,88274d99bdfffff
261450113012052,0,0,1,16094708,130019,Air Advantage,72,1,R,MI,88274d99b5fffff
261450113012052,10,1,1,16094708,130019,Air Advantage,72,1,X,MI,88274d99a3fffff
261450113012053,0,0,1,16094708,130019,Air Advantage,72,1,R,MI,88274d99a3fffff
261450113012053,10,1,2,16094708,130019,Air Advantage,72,1,X,MI,88274d99bdfffff
261450113012055,10,1,1,16094708,130019,Air Advantage,72,1,X,MI,88274d99b9fffff
261450113012056,10,1,4,16094708,130019,Air Advantage,72,1,X,MI,88274d8b4dfffff
261450113012058,10,1,6,16094708,130019,Air Advantage,72,1,X,MI,88274d9981fffff
261450113012059,0,0,1,16094708,130019,Air Advantage,72,1,X,MI,88274d9981fffff
261450113012059,10,1,8,16094708,130019,Air Advantage,72,1,X,MI,88274d9981fffff
261450113021000,0,0,2,16094708,130019,Air Advantage,72,1,X,MI,88274d99e9fffff
261450113021000,10,1,52,16094708,130019,Air Advantage,72,1,X,MI,88274d99c5fffff
261450113021005,10,1,11,16094708,130019,Air Advantage,72,1,X,MI,88274d99c5fffff
261450113021006,0,0,3,16094708,130019,Air Advantage,72,1,X,MI,88274d99c5fffff
261450113021006,10,1,30,16094708,130019,Air Advantage,72,1,X,MI,88274d99ebfffff
261450113021008,10,1,6,16094708,130019,Air Advantage,72,1,X,MI,88274d99e9fffff
261450113021009,0,0,4,16094708,130019,Air Advantage,72,1,X,MI,88274d99e9fffff
261450113021009,10,1,11,16094708,130019,Air Advantage,72,1,X,MI,88274d99e9fffff
261450113021010,10,1,12,16094708,130019,Air Advantage,72,1,X,MI,88274d99e9fffff
261450113021011,10,1,10,16094708,130019,Air Advantage,72,1,X,MI,88274d99e9fffff
261450113021012,10,1,8,16094708,130019,Air Advantage,72,1,X,MI,88274d99ebfffff
261450113021013,0,0,1,16094708,130019,Air Advantage,72,1,X,MI,88274d99ebfffff
261450113021013,10,1,27,16094708,130019,Air Advantage,72,1,X,MI,88274d99ebfffff
261450113021014,0,0,1,16094708,130019,Air Advantage,72,1,B,MI,88274d99ebfffff
261450113021014,10,1,4,16094708,130019,Air Advantage,72,1,X,MI,88274d99ebfffff
261450113021017,10,1,2,16094708,130019,Air Advantage,72,1,X,MI,88274d99ebfffff
261450113021019,0,0,1,16094708,130019,Air Advantage,72,1,X,MI,88274d99ebfffff
261450113021019,10,1,20,16094708,130019,Air Advantage,72,1,X,MI,88274d99e3fffff
261450113021020,10,1,6,16094708,130019,Air Advantage,72,1,X,MI,88274d99ebfffff
261450113022000,0,0,1,16094708,130019,Air Advantage,72,1,X,MI,88274d995dfffff
261450113022000,10,1,3,16094708,130019,Air Advantage,72,1,X,MI,88274d995dfffff
261450113022001,10,1,7,16094708,130019,Air Advantage,72,1,X,MI,88274d9943fffff
261450113022002,10,1,2,16094708,130019,Air Advantage,72,1,X,MI,88274d996bfffff
261450113022003,10,1,12,16094708,130019,Air Advantage,72,1,X,MI,88274d996bfffff
261450113022004,0,0,5,16094708,130019,Air Advantage,72,1,R,MI,88274dd65bfffff
261450113022004,10,1,17,16094708,130019,Air Advantage,72,1,X,MI,88274d9961fffff
261450113022005,0,0,1,16094708,130019,Air Advantage,72,1,R,MI,88274d992dfffff
261450113022005,10,1,8,16094708,130019,Air Advantage,72,1,X,MI,88274dd653fffff
261450113022006,0,0,1,16094708,130019,Air Advantage,72,1,X,MI,88274dd653fffff
261450113022006,10,1,8,16094708,130019,Air Advantage,72,1,X,MI,88274dd619fffff
261450113022007,0,0,2,16094708,130019,Air Advantage,72,1,R,MI,88274d9929fffff
261450113022007,10,1,9,16094708,130019,Air Advantage,72,1,X,MI,88274d9929fffff
261450113022008,10,1,9,16094708,130019,Air Advantage,72,1,X,MI,88274d9905fffff
261450113022009,10,1,8,16094708,130019,Air Advantage,72,1,X,MI,88274d990dfffff
261450113022010,10,1,5,16094708,130019,Air Advantage,72,1,X,MI,88274d9903fffff
261450113022011,0,0,3,16094708,130019,Air Advantage,72,1,X,MI,88274d9957fffff
261450113022011,10,1,7,16094708,130019,Air Advantage,72,1,X,MI,88274d9957fffff
261450113022012,10,1,3,16094708,130019,Air Advantage,72,1,X,MI,88274d9947fffff
261450113022013,0,0,2,16094708,130019,Air Advantage,72,1,X,MI,88274d995dfffff
261450113022013,10,1,12,16094708,130019,Air Advantage,72,1,X,MI,88274d9955fffff
261450113022014,0,0,1,16094708,130019,Air Advantage,72,1,R,MI,88274d9931fffff
261450113022014,10,1,7,16094708,130019,Air Advantage,72,1,X,MI,88274dd6c9fffff
261450113022015,10,1,4,16094708,130019,Air Advantage,72,1,X,MI,88274dd6cdfffff
261450113022016,10,1,2,16094708,130019,Air Advantage,72,1,R,MI,88274dd6c7fffff
261450113022017,10,1,5,16094708,130019,Air Advantage,72,1,X,MI,88274dd6c3fffff
261450113022018,10,1,1,16094708,130019,Air Advantage,72,1,X,MI,88274dd689fffff
261450113022019,10,1,13,16094708,130019,Air Advantage,72,1,X,MI,88274dd6c3fffff
261450113022020,10,1,5,16094708,130019,Air Advantage,72,1,X,MI,88274dd6d1fffff
261450113022021,10,1,5,16094708,130019,Air Advantage,72,1,X,MI,88274d9937fffff
261450113022022,10,1,4,16094708,130019,Air Advantage,72,1,X,MI,88274d993bfffff
261450113022023,0,0,1,16094708,130019,Air Advantage,72,1,X,MI,88274d9913fffff
261450113022023,10,1,26,16094708,130019,Air Advantage,72,1,X,MI,88274d99edfffff
261450113022024,10,1,2,16094708,130019,Air Advantage,72,1,X,MI,88274d99e1fffff
261450113022026,10,1,3,16094708,130019,Air Advantage,72,1,X,MI,88274d99e1fffff
261450113022028,10,1,1,16094708,130019,Air Advantage,72,1,X,MI,88274d99e1fffff
261450113022029,10,1,1,16094708,130019,Air Advantage,72,1,X,MI,88274d99e9fffff
261450113022030,10,1,12,16094708,130019,Air Advantage,72,1,X,MI,88274d99e1fffff
261450113022031,0,0,1,16094708,130019,Air Advantage,72,1,X,MI,88274d99e1fffff
261450113022031,10,1,9,16094708,130019,Air Advantage,72,1,X,MI,88274d99e1fffff
261450113022032,10,1,7,16094708,130019,Air Advantage,72,1,X,MI,88274dd6dbfffff
261450113022033,10,1,4,16094708,130019,Air Advantage,72,1,X,MI,88274dd6d1fffff
261450113023000,10,1,4,16094708,130019,Air Advantage,72,1,X,MI,88274d986dfffff
261450113023001,10,1,4,16094708,130019,Air Advantage,72,1,X,MI,88274d9865fffff
261450113023002,10,1,7,16094708,130019,Air Advantage,72,1,X,MI,88274d995dfffff
261450113023003,10,1,7,16094708,130019,Air Advantage,72,1,X,MI,88274d9867fffff
261450113023004,10,1,11,16094708,130019,Air Advantage,72,1,X,MI,88274d9867fffff
261450113023005,10,1,13,16094708,130019,Air Advantage,72,1,X,MI,88274d9919fffff
261450113023006,0,0,1,16094708,130019,Air Advantage,72,1,X,MI,88274d99cdfffff
261450113023006,10,1,2,16094708,130019,Air Advantage,72,1,X,MI,88274d9827fffff
261450113023007,10,1,10,16094708,130019,Air Advantage,72,1,X,MI,88274d982bfffff
261450113023008,10,1,14,16094708,130019,Air Advantage,72,1,X,MI,88274d99cbfffff
261450113023009,10,1,4,16094708,130019,Air Advantage,72,1,X,MI,88274d99c3fffff
261450113023010,0,0,3,16094708,130019,Air Advantage,72,1,X,MI,88274d99c3fffff
261450113023010,10,1,2,16094708,130019,Air Advantage,72,1,X,MI,88274d99c3fffff
261450113023011,0,0,2,16094708,130019,Air Advantage,72,1,X,MI,88274d99c3fffff
261450113023011,10,1,4,16094708,130019,Air Advantage,72,1,X,MI,88274d99c3fffff
261450113023013,10,1,2,16094708,130019,Air Advantage,72,1,X,MI,88274d99c1fffff
261450113023014,10,1,8,16094708,130019,Air Advantage,72,1,X,MI,88274d99cdfffff
261450113023015,10,1,4,16094708,130019,Air Advantage,72,1,X,MI,88274d99c5fffff
261450113023016,0,0,4,16094708,130019,Air Advantage,72,1,X,MI,88274d9913fffff
261450113023016,10,1,6,16094708,130019,Air Advantage,72,1,X,MI,88274d9919fffff
261450113023017,10,1,2,16094708,130019,Air Advantage,72,1,X,MI,88274d99c7fffff
261450113023019,10,1,15,16094708,130019,Air Advantage,72,1,X,MI,88274d99c5fffff
261450113023020,10,1,9,16094708,130019,Air Advantage,72,1,X,MI,88274d99ebfffff
261450113023021,10,1,12,16094708,130019,Air Advantage,72,1,X,MI,88274d99c7fffff
261450113023022,10,1,13,16094708,130019,Air Advantage,72,1,X,MI,88274d99c7fffff
261450113023025,10,1,5,16094708,130019,Air Advantage,72,1,X,MI,88274d99c7fffff
261450113023026,10,1,4,16094708,130019,Air Advantage,72,1,X,MI,88274d99c7fffff
261450113023027,10,1,17,16094708,130019,Air Advantage,72,1,X,MI,88274d99c7fffff
261450113023028,10,1,14,16094708,130019,Air Advantage,72,1,X,MI,88274d99c7fffff
261450113023029,10,1,2,16094708,130019,Air Advantage,72,1,X,MI,88274d99c7fffff
261450113023031,10,1,11,16094708,130019,Air Advantage,72,1,X,MI,88274d99c7fffff
261450113023032,10,1,2,16094708,130019,Air Advantage,72,1,X,MI,88274d998dfffff
261450113023033,10,1,3,16094708,130019,Air Advantage,72,1,X,MI,88274d998dfffff
261450113023034,10,1,14,16094708,130019,Air Advantage,72,1,X,MI,88274d99c3fffff
261450113023035,0,0,7,16094708,130019,Air Advantage,72,1,X,MI,88274d99c3fffff
261450113023035,10,1,3,16094708,130019,Air Advantage,72,1,X,MI,88274d99c7fffff
261450113023036,10,1,1,16094708,130019,Air Advantage,72,1,X,MI,88274d99c3fffff
261450115001002,10,1,4,16094708,130019,Air Advantage,72,1,X,MI,88274dd62dfffff
261450116003019,10,1,1,16094708,130019,Air Advantage,72,1,X,MI,88274dd451fffff
261450117011000,10,1,13,16094708,130019,Air Advantage,72,1,X,MI,88274dd61dfffff
261450117011001,10,1,9,16094708,130019,Air Advantage,72,1,X,MI,88274dd605fffff
261450117011003,10,1,3,16094708,130019,Air Advantage,72,1,X,MI,88274dd629fffff
261450117011004,10,1,3,16094708,130019,Air Advantage,72,1,X,MI,88274dd629fffff
261450117011005,10,1,3,16094708,130019,Air Advantage,72,1,X,MI,88274dd629fffff
261450117011006,10,1,13,16094708,130019,Air Advantage,72,1,X,MI,88274dd603fffff
261450117011007,10,1,15,16094708,130019,Air Advantage,72,1,X,MI,88274dd617fffff
261450117011013,10,1,3,16094708,130019,Air Advantage,72,1,X,MI,88274dd617fffff
261450117011014,0,0,4,16094708,130019,Air Advantage,72,1,X,MI,88274dd617fffff
261450117011014,10,1,4,16094708,130019,Air Advantage,72,1,X,MI,88274dd617fffff
261450117011015,10,1,17,16094708,130019,Air Advantage,72,1,X,MI,88274dd61dfffff
261450117011016,0,0,2,16094708,130019,Air Advantage,72,1,R,MI,88274dd613fffff
261450117011016,10,1,3,16094708,130019,Air Advantage,72,1,X,MI,88274dd613fffff
261450117011018,10,1,1,16094708,130019,Air Advantage,72,1,X,MI,88274dd63dfffff
261450117011019,10,1,1,16094708,130019,Air Advantage,72,1,X,MI,88274dd459fffff
261450117011023,0,0,1,16094708,130019,Air Advantage,72,1,X,MI,88274dd6e7fffff
261450117011023,10,1,5,16094708,130019,Air Advantage,72,1,X,MI,88274dd6a9fffff
261450117011024,0,0,2,16094708,130019,Air Advantage,72,1,X,MI,88274dd6e7fffff
261450117011024,10,1,7,16094708,130019,Air Advantage,72,1,X,MI,88274dd6e7fffff
261450117011025,10,1,1,16094708,130019,Air Advantage,72,1,X,MI,88274dd6a9fffff
261450117022010,0,0,1,16094708,130019,Air Advantage,72,1,X,MI,88274dd6a1fffff
261450117022010,10,1,2,16094708,130019,Air Advantage,72,1,X,MI,88274dd6a1fffff
261450130001000,10,1,1,16094708,130019,Air Advantage,72,1,X,MI,88274d8b65fffff
261450130002019,10,1,4,16094708,130019,Air Advantage,72,1,X,MI,88274d8929fffff
261450130002020,10,1,6,16094708,130019,Air Advantage,72,1,X,MI,88274d8963fffff
261450130002021,10,1,4,16094708,130019,Air Advantage,72,1,X,MI,88274d8963fffff
261450130002024,10,1,2,16094708,130019,Air Advantage,72,1,X,MI,88274d8927fffff
261450130002041,10,1,2,16094708,130019,Air Advantage,72,1,X,MI,88274d8921fffff
261450130002049,10,1,3,16094708,130019,Air Advantage,72,1,X,MI,88274d8923fffff
261450130002050,10,1,1,16094708,130019,Air Advantage,72,1,R,MI,88274d892bfffff
261450130003011,10,1,3,16094708,130019,Air Advantage,72,1,R,MI,88274d8963fffff
261450130003014,0,0,1,16094708,130019,Air Advantage,72,1,X,MI,88274d8919fffff
261450130003017,0,0,1,16094708,130019,Air Advantage,72,1,X,MI,88274d8939fffff
261450130003017,10,1,2,16094708,130019,Air Advantage,72,1,X,MI,88274d8907fffff
261450131001037,10,1,1,16094708,130019,Air Advantage,72,1,X,MI,88274d886dfffff
261450131002007,10,1,2,16094708,130019,Air Advantage,72,1,X,MI,88274d886dfffff
261450131002009,10,1,2,16094708,130019,Air Advantage,72,1,X,MI,88274d8b33fffff
261450131002011,10,1,90,16094708,130019,Air Advantage,72,1,X,MI,88274d8865fffff
261450131002012,10,1,5,16094708,130019,Air Advantage,72,1,X,MI,88274d8b33fffff
261450131002013,10,1,39,16094708,130019,Air Advantage,72,1,X,MI,88274d8865fffff
261450131002014,10,1,3,16094708,130019,Air Advantage,72,1,X,MI,88274d8b33fffff
261450131002016,10,1,40,16094708,130019,Air Advantage,72,1,X,MI,88274d8b33fffff
261450131002021,0,0,1,16094708,130019,Air Advantage,72,1,X,MI,88274d895bfffff
261450131002021,10,1,9,16094708,130019,Air Advantage,72,1,X,MI,88274d895bfffff
261450131002022,10,1,8,16094708,130019,Air Advantage,72,1,X,MI,88274d895bfffff
261450131002027,10,1,5,16094708,130019,Air Advantage,72,1,X,MI,88274d8829fffff
261450131002030,10,1,9,16094708,130019,Air Advantage,72,1,X,MI,88274d880dfffff
261450131002038,10,1,11,16094708,130019,Air Advantage,72,1,X,MI,88274d882dfffff
261450131002039,0,0,1,16094708,130019,Air Advantage,72,1,X,MI,88274d8919fffff
261450131002039,10,1,21,16094708,130019,Air Advantage,72,1,X,MI,88274d882dfffff
261450131002040,10,1,11,16094708,130019,Air Advantage,72,1,X,MI,88274d8b33fffff
261450131003003,10,1,3,16094708,130019,Air Advantage,72,1,X,MI,88274d8845fffff
261450131003013,10,1,7,16094708,130019,Air Advantage,72,1,X,MI,88274d8855fffff
261450131003014,10,1,2,16094708,130019,Air Advantage,72,1,X,MI,88274d8843fffff
261450131004002,10,1,5,16094708,130019,Air Advantage,72,1,X,MI,88274d8a2dfffff
261450131004007,10,1,3,16094708,130019,Air Advantage,72,1,X,MI,88274d8845fffff
261450131004009,10,1,2,16094708,130019,Air Advantage,72,1,X,MI,88274d8b1bfffff
261450131005000,10,1,2,16094708,130019,Air Advantage,72,1,X,MI,88274d98a7fffff
261450131005001,10,1,1,16094708,130019,Air Advantage,72,1,X,MI,88274d9995fffff
261450131005002,10,1,7,16094708,130019,Air Advantage,72,1,X,MI,88274d99bbfffff
261450131005003,10,1,8,16094708,130019,Air Advantage,72,1,X,MI,88274d99bbfffff
261450131005004,0,0,1,16094708,130019,Air Advantage,72,1,X,MI,88274d99b1fffff
261450131005004,10,1,11,16094708,130019,Air Advantage,72,1,X,MI,88274d99b9fffff
261450131005005,0,0,1,16094708,130019,Air Advantage,72,1,X,MI,88274d99b1fffff
261450131005005,10,1,9,16094708,130019,Air Advantage,72,1,X,MI,88274d99b5fffff
261450131005006,10,1,3,16094708,130019,Air Advantage,72,1,X,MI,88274d99b5fffff
261450131005007,0,0,1,16094708,130019,Air Advantage,72,1,X,MI,88274d8b49fffff
261450131005008,10,1,7,16094708,130019,Air Advantage,72,1,X,MI,88274dd693fffff
261450131005009,10,1,2,16094708,130019,Air Advantage,72,1,X,MI,88274dd693fffff
261450131005010,10,1,2,16094708,130019,Air Advantage,72,1,X,MI,88274dd693fffff
261450131005011,10,1,2,16094708,130019,Air Advantage,72,1,X,MI,88274d8b6bfffff
261450131005012,10,1,1,16094708,130019,Air Advantage,72,1,X,MI,88274d8b4bfffff
261450131005013,10,1,2,16094708,130019,Air Advantage,72,1,X,MI,88274d8b49fffff
261450131005014,0,0,1,16094708,130019,Air Advantage,72,1,X,MI,88274d99b5fffff
261450131005014,10,1,1,16094708,130019,Air Advantage,72,1,X,MI,88274d99b5fffff
261450131005015,10,1,9,16094708,130019,Air Advantage,72,1,X,MI,88274d99b7fffff
261450131005016,10,1,5,16094708,130019,Air Advantage,72,1,X,MI,88274d99b7fffff
261450131005017,10,1,3,16094708,130019,Air Advantage,72,1,X,MI,88274d9997fffff
261450131005018,10,1,3,16094708,130019,Air Advantage,72,1,X,MI,88274d8a69fffff
261450131005020,10,1,4,16094708,130019,Air Advantage,72,1,X,MI,88274d9991fffff
261450131005023,0,0,1,16094708,130019,Air Advantage,72,1,X,MI,88274d8a6bfffff
261450131005023,10,1,8,16094708,130019,Air Advantage,72,1,X,MI,88274d8a6bfffff
261450131005024,10,1,4,16094708,130019,Air Advantage,72,1,X,MI,88274d8a69fffff
261450131005025,10,1,2,16094708,130019,Air Advantage,72,1,X,MI,88274d8b69fffff
261450131005026,10,1,2,16094708,130019,Air Advantage,72,1,X,MI,88274d8b45fffff
261450131005029,10,1,3,16094708,130019,Air Advantage,72,1,X,MI,88274d8b5dfffff
261450131005030,10,1,1,16094708,130019,Air Advantage,72,1,X,MI,88274d8b5dfffff
261450131005031,10,1,1,16094708,130019,Air Advantage,72,1,X,MI,88274d8a67fffff
261476301001002,10,1,1,16094708,130019,Air Advantage,72,1,X,MI,882ab60a91fffff
261476311002008,10,1,1,16094708,130019,Air Advantage,72,1,X,MI,882ab60a99fffff
261476320002008,0,0,2,16094708,130019,Air Advantage,72,1,X,MI,882ab60a13fffff
261476320002008,10,1,1,16094708,130019,Air Advantage,72,1,X,MI,882ab60a19fffff
261476320002009,10,1,1,16094708,130019,Air Advantage,72,1,X,MI,882ab60a1dfffff
261476320002010,10,1,4,16094708,130019,Air Advantage,72,1,X,MI,882ab60a11fffff
261476320002012,0,0,1,16094708,130019,Air Advantage,72,1,X,MI,882ab60a11fffff
261476320002012,10,1,3,16094708,130019,Air Advantage,72,1,X,MI,882ab60a13fffff
261476320002014,0,0,3,16094708,130019,Air Advantage,72,1,X,MI,882ab60a13fffff
261476320003002,10,1,3,16094708,130019,Air Advantage,72,1,X,MI,882ab618a5fffff
261476320003003,10,1,2,16094708,130019,Air Advantage,72,1,X,MI,882ab618a7fffff
261476320003004,0,0,1,16094708,130019,Air Advantage,72,1,X,MI,882ab618b9fffff
261476320003004,10,1,1,16094708,130019,Air Advantage,72,1,X,MI,882ab618bdfffff
261476320003008,10,1,1,16094708,130019,Air Advantage,72,1,X,MI,882ab618b5fffff
261476320003017,10,1,1,16094708,130019,Air Advantage,72,1,X,MI,882ab60a5dfffff
261476320003020,0,0,1,16094708,130019,Air Advantage,72,1,X,MI,882ab60a55fffff
261476320003023,0,0,1,16094708,130019,Air Advantage,72,1,X,MI,882ab60a57fffff
261476320003030,0,0,3,16094708,130019,Air Advantage,72,1,X,MI,882ab60a19fffff
261476320003030,10,1,1,16094708,130019,Air Advantage,72,1,X,MI,882ab60a19fffff
261476320003031,10,1,1,16094708,130019,Air Advantage,72,1,X,MI,882ab60a19fffff
261476332002001,0,0,5,16094708,130019,Air Advantage,72,1,X,MI,882ab60ae1fffff
261476332002002,0,0,2,16094708,130019,Air Advantage,72,1,X,MI,882ab60ae7fffff
261476332002002,10,1,3,16094708,130019,Air Advantage,72,1,X,MI,882ab60ae7fffff
261476332002003,10,1,2,16094708,130019,Air Advantage,72,1,X,MI,882ab60851fffff
261476332002005,0,0,1,16094708,130019,Air Advantage,72,1,X,MI,882ab60aadfffff
261476332002006,0,0,1,16094708,130019,Air Advantage,72,1,X,MI,882ab60aadfffff
261476332002006,10,1,7,16094708,130019,Air Advantage,72,1,X,MI,882ab60853fffff
261476332002018,10,1,1,16094708,130019,Air Advantage,72,1,X,MI,882ab60819fffff
261476341002028,0,0,1,16094708,130019,Air Advantage,72,1,X,MI,882ab6728dfffff
261476341002028,10,1,3,16094708,130019,Air Advantage,72,1,X,MI,882ab672e3fffff
261476341003005,10,1,1,16094708,130019,Air Advantage,72,1,X,MI,882ab67285fffff
261476341003028,10,1,8,16094708,130019,Air Advantage,72,1,X,MI,882ab67287fffff
261476341003029,10,1,1,16094708,130019,Air Advantage,72,1,X,MI,882ab672abfffff
261476341003030,0,0,2,16094708,130019,Air Advantage,72,1,X,MI,882ab67287fffff
261476341003030,10,1,1,16094708,130019,Air Advantage,72,1,X,MI,882ab67287fffff
261476516003012,0,0,1,16094708,130019,Air Advantage,72,1,R,MI,882ab671d3fffff
261476516003012,10,1,1,16094708,130019,Air Advantage,72,1,R,MI,882ab671d7fffff
261476516003013,0,0,1,16094708,130019,Air Advantage,72,1,R,MI,882ab671dbfffff
261476521001004,0,0,1,16094708,130019,Air Advantage,72,1,X,MI,882ab60823fffff
261476521002002,10,1,4,16094708,130019,Air Advantage,72,1,X,MI,882ab646c1fffff
261476521002004,10,1,1,16094708,130019,Air Advantage,72,1,X,MI,882ab646c3fffff
261476521002014,10,1,1,16094708,130019,Air Advantage,72,1,X,MI,882ab646cdfffff
261476521002029,10,1,1,16094708,130019,Air Advantage,72,1,X,MI,882ab646b9fffff
261476521002040,10,1,2,16094708,130019,Air Advantage,72,1,X,MI,882ab6736dfffff
261476521002041,10,1,2,16094708,130019,Air Advantage,72,1,X,MI,882ab67343fffff
261476521002042,10,1,2,16094708,130019,Air Advantage,72,1,X,MI,882ab67343fffff
261476521002045,10,1,1,16094708,130019,Air Advantage,72,1,X,MI,882ab67305fffff
261476521002046,10,1,2,16094708,130019,Air Advantage,72,1,X,MI,882ab67321fffff
261476521002047,10,1,1,16094708,130019,Air Advantage,72,1,X,MI,882ab67329fffff
261476521002048,10,1,10,16094708,130019,Air Advantage,72,1,X,MI,882ab6732dfffff
261476521002049,10,1,1,16094708,130019,Air Advantage,72,1,X,MI,882ab6732dfffff
261476521002050,10,1,1,16094708,130019,Air Advantage,72,1,X,MI,882ab6732dfffff
261476521002052,10,1,1,16094708,130019,Air Advantage,72,1,X,MI,882ab67321fffff
261476521002059,10,1,1,16094708,130019,Air Advantage,72,1,X,MI,882ab67305fffff
261476526001050,10,1,1,16094708,130019,Air Advantage,72,1,X,MI,882ab672e3fffff
261476526001053,10,1,2,16094708,130019,Air Advantage,72,1,X,MI,882ab67055fffff
261476526001056,10,1,12,16094708,130019,Air Advantage,72,1,X,MI,882ab67019fffff
261476526001057,10,1,1,16094708,130019,Air Advantage,72,1,X,MI,882ab67019fffff
261476526001060,10,1,3,16094708,130019,Air Advantage,72,1,X,MI,882ab672adfffff
261476526001061,10,1,1,16094708,130019,Air Advantage,72,1,X,MI,882ab672adfffff
261476526001062,10,1,2,16094708,130019,Air Advantage,72,1,X,MI,882ab672a5fffff
261476526001063,10,1,10,16094708,130019,Air Advantage,72,1,X,MI,882ab672a5fffff
261476526001064,10,1,3,16094708,130019,Air Advantage,72,1,X,MI,882ab672a7fffff
261476526001065,0,0,1,16094708,130019,Air Advantage,72,1,R,MI,882ab672a1fffff
261476526001065,10,1,10,16094708,130019,Air Advantage,72,1,X,MI,882ab672a1fffff
261476526001067,10,1,4,16094708,130019,Air Advantage,72,1,X,MI,882ab67019fffff
261476526001068,10,1,3,16094708,130019,Air Advantage,72,1,X,MI,882ab67019fffff
261476526001069,10,1,4,16094708,130019,Air Advantage,72,1,X,MI,882ab67011fffff
261476526001071,10,1,11,16094708,130019,Air Advantage,72,1,X,MI,882ab672a3fffff
261476526001073,0,0,1,16094708,130019,Air Advantage,72,1,X,MI,882ab672abfffff
261476526001073,10,1,2,16094708,130019,Air Advantage,72,1,X,MI,882ab672abfffff
261476526002007,10,1,4,16094708,130019,Air Advantage,72,1,X,MI,882ab67321fffff
261476526002008,10,1,1,16094708,130019,Air Advantage,72,1,X,MI,882ab6733dfffff
261476526002021,10,1,1,16094708,130019,Air Advantage,72,1,X,MI,882ab67335fffff
261476526002041,10,1,1,16094708,130019,Air Advantage,72,1,X,MI,882ab6715dfffff
261476526002042,0,0,1,16094708,130019,Air Advantage,72,1,R,MI,882ab67061fffff
261476526002047,10,1,3,16094708,130019,Air Advantage,72,1,X,MI,882ab6715dfffff
261476526002049,10,1,2,16094708,130019,Air Advantage,72,1,X,MI,882ab67153fffff
261476526002055,10,1,6,16094708,130019,Air Advantage,72,1,X,MI,882ab67007fffff
261476526002056,10,1,1,16094708,130019,Air Advantage,72,1,X,MI,882ab67015fffff
261476526002057,10,1,11,16094708,130019,Air Advantage,72,1,X,MI,882ab6703dfffff
261476526002059,10,1,1,16094708,130019,Air Advantage,72,1,X,MI,882ab67021fffff
261476526002061,10,1,4,16094708,130019,Air Advantage,72,1,X,MI,882ab6702dfffff
261476526002062,10,1,1,16094708,130019,Air Advantage,72,1,X,MI,882ab6702dfffff
261476526002063,10,1,6,16094708,130019,Air Advantage,72,1,X,MI,882ab67031fffff
261476526002064,10,1,5,16094708,130019,Air Advantage,72,1,X,MI,882ab6703dfffff
261476526002065,10,1,1,16094708,130019,Air Advantage,72,1,X,MI,882ab67023fffff
261476526002068,10,1,2,16094708,130019,Air Advantage,72,1,X,MI,882ab6711bfffff
261476526002069,10,1,2,16094708,130019,Air Advantage,72,1,X,MI,882ab67153fffff
261476526002070,10,1,2,16094708,130019,Air Advantage,72,1,X,MI,882ab67023fffff
261476526002071,0,0,1,16094708,130019,Air Advantage,72,1,X,MI,882ab67035fffff
261476526002071,10,1,1,16094708,130019,Air Advantage,72,1,X,MI,882ab671cbfffff
261476526002072,10,1,3,16094708,130019,Air Advantage,72,1,X,MI,882ab6703bfffff
261476526002079,10,1,3,16094708,130019,Air Advantage,72,1,X,MI,882ab6711bfffff
261476526002080,10,1,1,16094708,130019,Air Advantage,72,1,X,MI,882ab670e5fffff
261476551001000,10,1,27,16094708,130019,Air Advantage,72,1,X,MI,882ab65597fffff
261476551001003,10,1,2,16094708,130019,Air Advantage,72,1,X,MI,882ab65595fffff
261476551001008,10,1,3,16094708,130019,Air Advantage,72,1,X,MI,882ab65597fffff
261476551001009,10,1,29,16094708,130019,Air Advantage,72,1,X,MI,882ab64661fffff
261476551001010,10,1,2,16094708,130019,Air Advantage,72,1,X,MI,882ab65597fffff
261476551001012,0,0,1,16094708,130019,Air Advantage,72,1,X,MI,882ab655bbfffff
261476551001012,10,1,35,16094708,130019,Air Advantage,72,1,X,MI,882ab655bbfffff
261476551001017,10,1,5,16094708,130019,Air Advantage,72,1,X,MI,882ab655bbfffff
261476551001021,10,1,17,16094708,130019,Air Advantage,72,1,X,MI,882ab65597fffff
261476551001022,10,1,13,16094708,130019,Air Advantage,72,1,X,MI,882ab655bbfffff
261476551001023,10,1,3,16094708,130019,Air Advantage,72,1,X,MI,882ab655bbfffff
261476551001024,10,1,5,16094708,130019,Air Advantage,72,1,X,MI,882ab655bbfffff
261476551001025,10,1,10,16094708,130019,Air Advantage,72,1,X,MI,882ab655bbfffff
261476551001026,10,1,10,16094708,130019,Air Advantage,72,1,X,MI,882ab655bbfffff
261476551001027,10,1,27,16094708,130019,Air Advantage,72,1,X,MI,882ab6466dfffff
261476551001028,10,1,9,16094708,130019,Air Advantage,72,1,X,MI,882ab655bbfffff
261476551001029,10,1,7,16094708,130019,Air Advantage,72,1,X,MI,882ab655bbfffff
261476551001030,0,0,5,16094708,130019,Air Advantage,72,1,X,MI,882ab6466dfffff
261476551001030,10,1,59,16094708,130019,Air Advantage,72,1,X,MI,882ab6466dfffff
261476551001031,0,0,1,16094708,130019,Air Advantage,72,1,X,MI,882ab6466dfffff
261476551001031,10,1,1,16094708,130019,Air Advantage,72,1,X,MI,882ab6466dfffff
261476551001033,10,1,16,16094708,130019,Air Advantage,72,1,X,MI,882ab655b1fffff
261476551001034,10,1,3,16094708,130019,Air Advantage,72,1,X,MI,882ab6466dfffff
261476551001035,10,1,5,16094708,130019,Air Advantage,72,1,X,MI,882ab6466dfffff
261476551001036,10,1,10,16094708,130019,Air Advantage,72,1,X,MI,882ab6466dfffff
261476551001037,10,1,15,16094708,130019,Air Advantage,72,1,X,MI,882ab655bbfffff
261476551001038,0,0,2,16094708,130019,Air Advantage,72,1,X,MI,882ab6466dfffff
261476551001038,10,1,31,16094708,130019,Air Advantage,72,1,X,MI,882ab6466dfffff
261476551001039,10,1,8,16094708,130019,Air Advantage,72,1,X,MI,882ab6466dfffff
261476551001040,10,1,15,16094708,130019,Air Advantage,72,1,X,MI,882ab6466dfffff
261476551001041,10,1,7,16094708,130019,Air Advantage,72,1,X,MI,882ab6466dfffff
261476551001042,10,1,2,16094708,130019,Air Advantage,72,1,X,MI,882ab6466dfffff
261476551002003,0,0,1,16094708,130019,Air Advantage,72,1,X,MI,882ab642a7fffff
261476551002006,10,1,3,16094708,130019,Air Advantage,72,1,X,MI,882ab64017fffff
261476551002008,10,1,1,16094708,130019,Air Advantage,72,1,X,MI,882ab641cbfffff
261476551002012,10,1,6,16094708,130019,Air Advantage,72,1,X,MI,882ab64765fffff
261476551002015,10,1,1,16094708,130019,Air Advantage,72,1,X,MI,882ab640c3fffff
261476551002017,0,0,9,16094708,130019,Air Advantage,72,1,X,MI,882ab640e1fffff
261476551002018,0,0,2,16094708,130019,Air Advantage,72,1,X,MI,882ab640e9fffff
261476551002018,10,1,1,16094708,130019,Air Advantage,72,1,X,MI,882ab64017fffff
261476551002019,10,1,9,16094708,130019,Air Advantage,72,1,X,MI,882ab640e5fffff
261476551002021,10,1,2,16094708,130019,Air Advantage,72,1,X,MI,882ab641d9fffff
261476551002035,10,1,3,16094708,130019,Air Advantage,72,1,X,MI,882ab640e3fffff
261476551002036,0,0,1,16094708,130019,Air Advantage,72,1,X,MI,882ab640e7fffff
261476551002036,10,1,3,16094708,130019,Air Advantage,72,1,X,MI,882ab640e5fffff
261476551002037,10,1,1,16094708,130019,Air Advantage,72,1,X,MI,882ab640e7fffff
261476551002038,10,1,3,16094708,130019,Air Advantage,72,1,X,MI,882ab641d1fffff
261476551002040,10,1,2,16094708,130019,Air Advantage,72,1,X,MI,882ab640b1fffff
261476551002054,10,1,2,16094708,130019,Air Advantage,72,1,X,MI,882ab6419bfffff
261476551002073,0,0,1,16094708,130019,Air Advantage,72,1,X,MI,882ab64569fffff
261476551002074,10,1,2,16094708,130019,Air Advantage,72,1,X,MI,882ab640b1fffff
261476551002076,0,0,1,16094708,130019,Air Advantage,72,1,R,MI,882ab64e49fffff
261476551002077,0,0,1,16094708,130019,Air Advantage,72,1,X,MI,882ab64e49fffff
261476551002077,10,1,3,16094708,130019,Air Advantage,72,1,X,MI,882ab64e49fffff
261476551002078,0,0,1,16094708,130019,Air Advantage,72,1,X,MI,882ab64e41fffff
261476551002079,0,0,3,16094708,130019,Air Advantage,72,1,X,MI,882ab64e4bfffff
261476551002081,10,1,1,16094708,130019,Air Advantage,72,1,X,MI,882ab64e59fffff
261476551002082,10,1,1,16094708,130019,Air Advantage,72,1,X,MI,882ab64565fffff
261476551002086,0,0,1,16094708,130019,Air Advantage,72,1,X,MI,882ab640d5fffff
261476551002089,10,1,8,16094708,130019,Air Advantage,72,1,X,MI,882ab64e53fffff
261476551002091,10,1,3,16094708,130019,Air Advantage,72,1,X,MI,882ab64e01fffff
261476551003000,10,1,3,16094708,130019,Air Advantage,72,1,X,MI,882ab655d5fffff
261476551003001,10,1,5,16094708,130019,Air Advantage,72,1,X,MI,882ab655d7fffff
261476551003002,10,1,2,16094708,130019,Air Advantage,72,1,X,MI,882ab65581fffff
261476551003007,10,1,2,16094708,130019,Air Advantage,72,1,X,MI,882ab655a5fffff
261476551003008,10,1,1,16094708,130019,Air Advantage,72,1,X,MI,882ab64297fffff
261476551003012,10,1,2,16094708,130019,Air Advantage,72,1,X,MI,882ab65581fffff
261476551003017,10,1,2,16094708,130019,Air Advantage,72,1,X,MI,882ab655a3fffff
261476551003018,10,1,1,16094708,130019,Air Advantage,72,1,R,MI,882ab655bdfffff
261476551003019,0,0,1,16094708,130019,Air Advantage,72,1,X,MI,882ab65583fffff
261476551003020,10,1,8,16094708,130019,Air Advantage,72,1,X,MI,882ab65593fffff
261476551003021,10,1,12,16094708,130019,Air Advantage,72,1,X,MI,882ab65599fffff
261476551003022,0,0,1,16094708,130019,Air Advantage,72,1,X,MI,882ab6559bfffff
261476551003022,10,1,1,16094708,130019,Air Advantage,72,1,X,MI,882ab654a7fffff
261476551003023,10,1,2,16094708,130019,Air Advantage,72,1,X,MI,882ab6464dfffff
261476551003025,10,1,2,16094708,130019,Air Advantage,72,1,X,MI,882ab655b1fffff
261476551003031,10,1,4,16094708,130019,Air Advantage,72,1,X,MI,882ab655b5fffff
261476551003032,10,1,2,16094708,130019,Air Advantage,72,1,X,MI,882ab655b7fffff
261476551003036,0,0,1,16094708,130019,Air Advantage,72,1,R,MI,882ab655b1fffff
261476551003036,10,1,6,16094708,130019,Air Advantage,72,1,X,MI,882ab655b7fffff
261476551003037,10,1,1,16094708,130019,Air Advantage,72,1,X,MI,882ab655b1fffff
261476551003041,10,1,6,16094708,130019,Air Advantage,72,1,X,MI,882ab64755fffff
261476551003042,10,1,3,16094708,130019,Air Advantage,72,1,X,MI,882ab64741fffff
261476551003044,10,1,5,16094708,130019,Air Advantage,72,1,X,MI,882ab655b7fffff
261476551003050,0,0,1,16094708,130019,Air Advantage,72,1,X,MI,882ab6446bfffff
261476551003050,10,1,1,16094708,130019,Air Advantage,72,1,X,MI,882ab64447fffff
261476551003054,10,1,3,16094708,130019,Air Advantage,72,1,X,MI,882ab64755fffff
261476551003055,0,0,2,16094708,130019,Air Advantage,72,1,R,MI,882ab64665fffff
261476551003055,10,1,2,16094708,130019,Air Advantage,72,1,X,MI,882ab64629fffff
261476551003056,10,1,2,16094708,130019,Air Advantage,72,1,X,MI,882ab64661fffff
261476551003060,0,0,1,16094708,130019,Air Advantage,72,1,X,MI,882ab64661fffff
261476551003060,10,1,10,16094708,130019,Air Advantage,72,1,X,MI,882ab64663fffff
261476551003061,10,1,6,16094708,130019,Air Advantage,72,1,X,MI,882ab64661fffff
261476551003062,0,0,1,16094708,130019,Air Advantage,72,1,X,MI,882ab64601fffff
261476551003062,10,1,8,16094708,130019,Air Advantage,72,1,X,MI,882ab6460dfffff
261476551003064,10,1,15,16094708,130019,Air Advantage,72,1,X,MI,882ab64645fffff
261476551003066,10,1,1,16094708,130019,Air Advantage,72,1,X,MI,882ab65597fffff
261476551003068,10,1,4,16094708,130019,Air Advantage,72,1,X,MI,882ab64601fffff
261476551003069,10,1,2,16094708,130019,Air Advantage,72,1,X,MI,882ab64605fffff
261476551003070,10,1,1,16094708,130019,Air Advantage,72,1,X,MI,882ab64605fffff
261476551003072,10,1,2,16094708,130019,Air Advantage,72,1,X,MI,882ab64629fffff
261476551003073,10,1,3,16094708,130019,Air Advantage,72,1,X,MI,882ab64621fffff
261476551003074,10,1,1,16094708,130019,Air Advantage,72,1,X,MI,882ab6460bfffff
261476551003079,10,1,3,16094708,130019,Air Advantage,72,1,X,MI,882ab64615fffff
261476551003082,10,1,2,16094708,130019,Air Advantage,72,1,X,MI,882ab64615fffff
261476551003087,10,1,1,16094708,130019,Air Advantage,72,1,X,MI,882ab64627fffff
261476551003088,10,1,4,16094708,130019,Air Advantage,72,1,X,MI,882ab64449fffff
261476551003089,10,1,2,16094708,130019,Air Advantage,72,1,X,MI,882ab64623fffff
261476551003090,10,1,1,16094708,130019,Air Advantage,72,1,X,MI,882ab64637fffff
261476551003097,10,1,1,16094708,130019,Air Advantage,72,1,X,MI,882ab64755fffff
261476556001000,10,1,5,16094708,130019,Air Advantage,72,1,X,MI,882ab61991fffff
261476556001001,0,0,5,16094708,130019,Air Advantage,72,1,X,MI,882ab61991fffff
261476556001001,10,1,12,16094708,130019,Air Advantage,72,1,X,MI,882ab61997fffff
261476556001002,0,0,3,16094708,130019,Air Advantage,72,1,X,MI,882ab619bbfffff
261476556001002,10,1,8,16094708,130019,Air Advantage,72,1,X,MI,882ab619b9fffff
261476556001003,10,1,5,16094708,130019,Air Advantage,72,1,X,MI,882ab619b1fffff
261476556001004,10,1,5,16094708,130019,Air Advantage,72,1,X,MI,882ab619b1fffff
261476556001005,10,1,11,16094708,130019,Air Advantage,72,1,X,MI,882ab619bdfffff
261476556001008,10,1,6,16094708,130019,Air Advantage,72,1,X,MI,882ab65693fffff
261476556001015,10,1,1,16094708,130019,Air Advantage,72,1,X,MI,882ab60b43fffff
261476556001017,10,1,1,16094708,130019,Air Advantage,72,1,X,MI,882ab60b4bfffff
261476556001018,0,0,2,16094708,130019,Air Advantage,72,1,X,MI,882ab60b5bfffff
261476556001018,10,1,3,16094708,130019,Air Advantage,72,1,X,MI,882ab60b5bfffff
261476556001019,10,1,2,16094708,130019,Air Advantage,72,1,X,MI,882ab619b3fffff
261476556001020,0,0,3,16094708,130019,Air Advantage,72,1,X,MI,882ab619bbfffff
261476556001020,10,1,3,16094708,130019,Air Advantage,72,1,X,MI,882ab619bbfffff
261476556001021,10,1,4,16094708,130019,Air Advantage,72,1,X,MI,882ab60a6dfffff
261476556001022,10,1,6,16094708,130019,Air Advantage,72,1,X,MI,882ab60a65fffff
261476556001023,10,1,8,16094708,130019,Air Advantage,72,1,X,MI,882ab60a65fffff
261476556001024,10,1,3,16094708,130019,Air Advantage,72,1,X,MI,882ab60a65fffff
261476556001025,10,1,1,16094708,130019,Air Advantage,72,1,X,MI,882ab60a65fffff
261476556001026,10,1,20,16094708,130019,Air Advantage,72,1,X,MI,882ab60b51fffff
261476556001028,10,1,1,16094708,130019,Air Advantage,72,1,X,MI,882ab60b5bfffff
261476556001030,10,1,8,16094708,130019,Air Advantage,72,1,X,MI,882ab60a21fffff
261476556001031,10,1,6,16094708,130019,Air Advantage,72,1,X,MI,882ab60a25fffff
261476556001033,10,1,1,16094708,130019,Air Advantage,72,1,X,MI,882ab60b0bfffff
261476556001035,10,1,12,16094708,130019,Air Advantage,72,1,X,MI,882ab60a67fffff
261476556001036,0,0,1,16094708,130019,Air Advantage,72,1,R,MI,882ab60a41fffff
261476556001037,0,0,1,16094708,130019,Air Advantage,72,1,X,MI,882ab61993fffff
261476556001037,10,1,3,16094708,130019,Air Advantage,72,1,X,MI,882ab61991fffff
261476556001038,0,0,1,16094708,130019,Air Advantage,72,1,X,MI,882ab61997fffff
261476556001038,10,1,30,16094708,130019,Air Advantage,72,1,X,MI,882ab60a69fffff
261476556001041,10,1,11,16094708,130019,Air Advantage,72,1,X,MI,882ab60a07fffff
261476556001042,10,1,7,16094708,130019,Air Advantage,72,1,X,MI,882ab60a2bfffff
261476556001044,10,1,7,16094708,130019,Air Advantage,72,1,X,MI,882ab60a2bfffff
261476556002000,10,1,12,16094708,130019,Air Advantage,72,1,X,MI,882ab65697fffff
261476556002001,10,1,1,16094708,130019,Air Advantage,72,1,X,MI,882ab65697fffff
261476556002002,10,1,2,16094708,130019,Air Advantage,72,1,X,MI,882ab656bbfffff
261476556002004,10,1,1,16094708,130019,Air Advantage,72,1,X,MI,882ab656b1fffff
261476556002005,10,1,1,16094708,130019,Air Advantage,72,1,X,MI,882ab60b65fffff
261476556002007,10,1,1,16094708,130019,Air Advantage,72,1,X,MI,882ab656b3fffff
261476556002008,10,1,2,16094708,130019,Air Advantage,72,1,X,MI,882ab656b7fffff
261476556002009,0,0,2,16094708,130019,Air Advantage,72,1,X,MI,882ab654d9fffff
261476556002009,10,1,2,16094708,130019,Air Advantage,72,1,X,MI,882ab654d9fffff
261476556002010,10,1,1,16094708,130019,Air Advantage,72,1,X,MI,882ab654c3fffff
261476556002012,10,1,3,16094708,130019,Air Advantage,72,1,X,MI,882ab65489fffff
261476556002014,10,1,1,16094708,130019,Air Advantage,72,1,X,MI,882ab6548dfffff
261476556002020,0,0,1,16094708,130019,Air Advantage,72,1,X,MI,882ab654e7fffff
261476556002021,10,1,2,16094708,130019,Air Advantage,72,1,X,MI,882ab654a7fffff
261476556002022,10,1,3,16094708,130019,Air Advantage,72,1,X,MI,882ab654abfffff
261476556002023,10,1,7,16094708,130019,Air Advantage,72,1,X,MI,882ab65483fffff
261476556002024,0,0,1,16094708,130019,Air Advantage,72,1,X,MI,882ab654d3fffff
261476556002024,10,1,10,16094708,130019,Air Advantage,72,1,X,MI,882ab654d1fffff
261476556002026,10,1,2,16094708,130019,Air Advantage,72,1,X,MI,882ab654dbfffff
261476556002027,10,1,1,16094708,130019,Air Advantage,72,1,X,MI,882ab60b61fffff
261476556002028,10,1,1,16094708,130019,Air Advantage,72,1,X,MI,882ab60b61fffff
261476556002032,0,0,1,16094708,130019,Air Advantage,72,1,X,MI,882ab60b6bfffff
261476556002033,0,0,1,16094708,130019,Air Advantage,72,1,X,MI,882ab6549dfffff
261476556002033,10,1,2,16094708,130019,Air Advantage,72,1,X,MI,882ab6549dfffff
261476556002034,0,0,1,16094708,130019,Air Advantage,72,1,X,MI,882ab65483fffff
261476556002034,10,1,1,16094708,130019,Air Advantage,72,1,X,MI,882ab65483fffff
261476556002035,10,1,2,16094708,130019,Air Advantage,72,1,X,MI,882ab6549bfffff
261476556002039,10,1,1,16094708,130019,Air Advantage,72,1,X,MI,882ab60b27fffff
261476556002041,10,1,1,16094708,130019,Air Advantage,72,1,X,MI,882ab60b3dfffff
261476556002045,10,1,3,16094708,130019,Air Advantage,72,1,X,MI,882ab65483fffff
261476556002048,10,1,1,16094708,130019,Air Advantage,72,1,X,MI,882ab6464bfffff
261476556002049,10,1,2,16094708,130019,Air Advantage,72,1,X,MI,882ab654a3fffff
261476556002052,10,1,1,16094708,130019,Air Advantage,72,1,X,MI,882ab60b23fffff
261476556002053,0,0,1,16094708,130019,Air Advantage,72,1,X,MI,882ab6094dfffff
261476556002054,10,1,1,16094708,130019,Air Advantage,72,1,X,MI,882ab6094dfffff
261476556002058,0,0,1,16094708,130019,Air Advantage,72,1,X,MI,882ab60b3bfffff
261476556002068,10,1,2,16094708,130019,Air Advantage,72,1,X,MI,882ab64659fffff
261476556002078,10,1,5,16094708,130019,Air Advantage,72,1,X,MI,882ab64619fffff
261476556002080,10,1,1,16094708,130019,Air Advantage,72,1,X,MI,882ab60927fffff
261476556002082,10,1,3,16094708,130019,Air Advantage,72,1,X,MI,882ab646cdfffff
261476556002084,0,0,3,16094708,130019,Air Advantage,72,1,X,MI,882ab60951fffff
261476556002085,10,1,1,16094708,130019,Air Advantage,72,1,X,MI,882ab654d5fffff
261476556003000,10,1,3,16094708,130019,Air Advantage,72,1,X,MI,882ab60a07fffff
261476556003001,0,0,2,16094708,130019,Air Advantage,72,1,X,MI,882ab60a17fffff
261476556003001,10,1,5,16094708,130019,Air Advantage,72,1,X,MI,882ab60aedfffff
261476556003002,0,0,3,16094708,130019,Air Advantage,72,1,X,MI,882ab60a35fffff
261476556003002,10,1,22,16094708,130019,Air Advantage,72,1,X,MI,882ab60a35fffff
261476556003003,10,1,4,16094708,130019,Air Advantage,72,1,X,MI,882ab60a21fffff
261476556003004,10,1,1,16094708,130019,Air Advantage,72,1,X,MI,882ab60a27fffff
261476556003005,10,1,14,16094708,130019,Air Advantage,72,1,X,MI,882ab60849fffff
261476556003006,0,0,1,16094708,130019,Air Advantage,72,1,X,MI,882ab6084dfffff
261476556003006,10,1,9,16094708,130019,Air Advantage,72,1,X,MI,882ab60b1bfffff
261476556003010,10,1,1,16094708,130019,Air Advantage,72,1,X,MI,882ab60b1dfffff
261476556003012,0,0,1,16094708,130019,Air Advantage,72,1,X,MI,882ab60b03fffff
261476556003014,0,0,2,16094708,130019,Air Advantage,72,1,X,MI,882ab60b03fffff
261476556003016,10,1,1,16094708,130019,Air Advantage,72,1,X,MI,882ab60b15fffff
261476556003017,10,1,1,16094708,130019,Air Advantage,72,1,X,MI,882ab60b15fffff
261476556003020,10,1,3,16094708,130019,Air Advantage,72,1,X,MI,882ab60b3bfffff
261476556003021,10,1,6,16094708,130019,Air Advantage,72,1,X,MI,882ab60847fffff
261476556003022,0,0,1,16094708,130019,Air Advantage,72,1,X,MI,882ab6085dfffff
261476556003022,10,1,17,16094708,130019,Air Advantage,72,1,X,MI,882ab60843fffff
261476556003023,10,1,7,16094708,130019,Air Advantage,72,1,X,MI,882ab60849fffff
261476556003024,10,1,4,16094708,130019,Air Advantage,72,1,X,MI,882ab60a35fffff
261476556003025,10,1,7,16094708,130019,Air Advantage,72,1,X,MI,882ab60a35fffff
261476556003028,10,1,1,16094708,130019,Air Advantage,72,1,X,MI,882ab6086bfffff
261476556003030,10,1,1,16094708,130019,Air Advantage,72,1,X,MI,882ab6085dfffff
261476556003031,10,1,11,16094708,130019,Air Advantage,72,1,X,MI,882ab6085dfffff
261476556003032,10,1,7,16094708,130019,Air Advantage,72,1,X,MI,882ab60a17fffff
261476556003034,10,1,2,16094708,130019,Air Advantage,72,1,X,MI,882ab60ae5fffff
261476556003035,0,0,1,16094708,130019,Air Advantage,72,1,X,MI,882ab60ae5fffff
261476556003035,10,1,2,16094708,130019,Air Advantage,72,1,X,MI,882ab60851fffff
261476556003037,10,1,6,16094708,130019,Air Advantage,72,1,X,MI,882ab6084bfffff
261476556003042,10,1,1,16094708,130019,Air Advantage,72,1,X,MI,882ab6085dfffff
261476556003045,10,1,3,16094708,130019,Air Advantage,72,1,X,MI,882ab60809fffff
261476571001000,10,1,8,16094708,130019,Air Advantage,72,1,X,MI,882ab64ed7fffff
261476571001002,0,0,1,16094708,130019,Air Advantage,72,1,X,MI,882ab64ed3fffff
261476571001002,10,1,3,16094708,130019,Air Advantage,72,1,X,MI,882ab64ed3fffff
261476571001006,10,1,5,16094708,130019,Air Advantage,72,1,X,MI,882ab64ed3fffff
261476571001007,10,1,11,16094708,130019,Air Advantage,72,1,X,MI,882ab64ed3fffff
261476571001008,10,1,6,16094708,130019,Air Advantage,72,1,X,MI,882ab64ed3fffff
261476571001009,10,1,2,16094708,130019,Air Advantage,72,1,X,MI,882ab64ed3fffff
261476571001012,10,1,2,16094708,130019,Air Advantage,72,1,X,MI,882ab64e99fffff
261476571001013,10,1,2,16094708,130019,Air Advantage,72,1,X,MI,882ab64e99fffff
261476571001014,10,1,1,16094708,130019,Air Advantage,72,1,X,MI,882ab64e99fffff
261476571001016,10,1,4,16094708,130019,Air Advantage,72,1,X,MI,882ab64e99fffff
261476571001017,10,1,10,16094708,130019,Air Advantage,72,1,X,MI,882ab64e99fffff
261476571001018,10,1,5,16094708,130019,Air Advantage,72,1,X,MI,882ab64e99fffff
261476571001019,10,1,4,16094708,130019,Air Advantage,72,1,X,MI,882ab64e99fffff
261476571001020,10,1,8,16094708,130019,Air Advantage,72,1,X,MI,882ab64e99fffff
261476571001021,0,0,1,16094708,130019,Air Advantage,72,1,X,MI,882ab64e99fffff
261476571001021,10,1,14,16094708,130019,Air Advantage,72,1,X,MI,882ab64e99fffff
261476571001022,10,1,13,16094708,130019,Air Advantage,72,1,X,MI,882ab64e99fffff
261476571001023,10,1,44,16094708,130019,Air Advantage,72,1,X,MI,882ab64e99fffff
261476571001024,10,1,4,16094708,130019,Air Advantage,72,1,X,MI,882ab64e99fffff
261476571001025,0,0,1,16094708,130019,Air Advantage,72,1,X,MI,882ab64e99fffff
261476571001025,10,1,4,16094708,130019,Air Advantage,72,1,X,MI,882ab64e99fffff
261476571002000,10,1,2,16094708,130019,Air Advantage,72,1,X,MI,882ab64ed3fffff
261476571002001,10,1,13,16094708,130019,Air Advantage,72,1,X,MI,882ab64ed3fffff
261476571002002,10,1,10,16094708,130019,Air Advantage,72,1,X,MI,882ab64ed3fffff
261476571002003,0,0,1,16094708,130019,Air Advantage,72,1,X,MI,882ab64ed3fffff
261476571002003,10,1,9,16094708,130019,Air Advantage,72,1,X,MI,882ab64ed3fffff
261476571002004,0,0,1,16094708,130019,Air Advantage,72,1,X,MI,882ab64ed3fffff
261476571002004,10,1,10,16094708,130019,Air Advantage,72,1,X,MI,882ab64ed3fffff
261476571002005,10,1,14,16094708,130019,Air Advantage,72,1,X,MI,882ab64ed3fffff
261476571002006,10,1,8,16094708,130019,Air Advantage,72,1,X,MI,882ab64ed3fffff
261476571002007,10,1,4,16094708,130019,Air Advantage,72,1,X,MI,882ab64ed3fffff
261476571002008,0,0,1,16094708,130019,Air Advantage,72,1,X,MI,882ab64ed3fffff
261476571002008,10,1,3,16094708,130019,Air Advantage,72,1,X,MI,882ab64ed3fffff
261476571002009,0,0,3,16094708,130019,Air Advantage,72,1,X,MI,882ab64ed3fffff
261476571002009,10,1,5,16094708,130019,Air Advantage,72,1,X,MI,882ab64ed3fffff
261476571002010,10,1,19,16094708,130019,Air Advantage,72,1,X,MI,882ab64ed3fffff
261476571002011,10,1,6,16094708,130019,Air Advantage,72,1,X,MI,882ab64ed3fffff
261476571002012,10,1,7,16094708,130019,Air Advantage,72,1,X,MI,882ab64ed3fffff
261476571002013,10,1,7,16094708,130019,Air Advantage,72,1,X,MI,882ab64ed3fffff
261476571002014,10,1,11,16094708,130019,Air Advantage,72,1,X,MI,882ab64ed3fffff
261476571002016,10,1,2,16094708,130019,Air Advantage,72,1,X,MI,882ab64e99fffff
261476571002017,10,1,7,16094708,130019,Air Advantage,72,1,X,MI,882ab64e99fffff
261476571002018,10,1,6,16094708,130019,Air Advantage,72,1,X,MI,882ab645a5fffff
261476571002019,10,1,13,16094708,130019,Air Advantage,72,1,X,MI,882ab645a5fffff
261476571002020,10,1,12,16094708,130019,Air Advantage,72,1,X,MI,882ab64ed3fffff
261476571002021,10,1,1,16094708,130019,Air Advantage,72,1,X,MI,882ab645a5fffff
261476571002022,10,1,27,16094708,130019,Air Advantage,72,1,X,MI,882ab645a5fffff
261476571002023,10,1,7,16094708,130019,Air Advantage,72,1,X,MI,882ab645a5fffff
261476571002024,10,1,3,16094708,130019,Air Advantage,72,1,X,MI,882ab645a5fffff
261476571002025,10,1,34,16094708,130019,Air Advantage,72,1,X,MI,882ab64e9bfffff
261476571002026,10,1,28,16094708,130019,Air Advantage,72,1,X,MI,882ab645a5fffff
261476571002027,10,1,10,16094708,130019,Air Advantage,72,1,X,MI,882ab645a5fffff
261476571002028,10,1,15,16094708,130019,Air Advantage,72,1,X,MI,882ab645a5fffff
261476571002031,10,1,1,16094708,130019,Air Advantage,72,1,X,MI,882ab67b4dfffff
261476571002032,10,1,1,16094708,130019,Air Advantage,72,1,X,MI,882ab67b4dfffff
261476571002033,10,1,1,16094708,130019,Air Advantage,72,1,X,MI,882ab67b45fffff
261476571002034,10,1,2,16094708,130019,Air Advantage,72,1,X,MI,882ab67b45fffff
261476572001009,0,0,1,16094708,130019,Air Advantage,72,1,B,MI,882ab64ed1fffff
261476572001009,10,1,22,16094708,130019,Air Advantage,72,1,X,MI,882ab64eddfffff
261476572001010,10,1,9,16094708,130019,Air Advantage,72,1,X,MI,882ab6453bfffff
261476572001011,0,0,1,16094708,130019,Air Advantage,72,1,X,MI,882ab64ed1fffff
261476572001011,10,1,18,16094708,130019,Air Advantage,72,1,R,MI,882ab64ed1fffff
261476572001012,10,1,4,16094708,130019,Air Advantage,72,1,X,MI,882ab64ed3fffff
261476572001013,10,1,4,16094708,130019,Air Advantage,72,1,X,MI,882ab645ebfffff
261476572001014,10,1,1,16094708,130019,Air Advantage,72,1,X,MI,882ab645c5fffff
261476572001017,10,1,1,16094708,130019,Air Advantage,72,1,X,MI,882ab645adfffff
261476572001019,10,1,6,16094708,130019,Air Advantage,72,1,X,MI,882ab645adfffff
261476572001020,10,1,4,16094708,130019,Air Advantage,72,1,X,MI,882ab6458bfffff
261476572001021,10,1,5,16094708,130019,Air Advantage,72,1,X,MI,882ab64595fffff
261476572001024,10,1,2,16094708,130019,Air Advantage,72,1,X,MI,882ab67b49fffff
261476572001025,10,1,3,16094708,130019,Air Advantage,72,1,X,MI,882ab645bbfffff
261476572002002,10,1,1,16094708,130019,Air Advantage,72,1,X,MI,882ab67a2dfffff
261476572002003,10,1,1,16094708,130019,Air Advantage,72,1,X,MI,882ab67b5dfffff
261476572002004,10,1,3,16094708,130019,Air Advantage,72,1,X,MI,882ab67b4bfffff
261476572002005,10,1,1,16094708,130019,Air Advantage,72,1,X,MI,882ab67b47fffff
261476572002006,0,0,1,16094708,130019,Air Advantage,72,1,X,MI,882ab67b0dfffff
261476572002006,10,1,6,16094708,130019,Air Advantage,72,1,X,MI,882ab67b0dfffff
261476572002012,10,1,2,16094708,130019,Air Advantage,72,1,X,MI,882ab67b29fffff
261476572002013,10,1,1,16094708,130019,Air Advantage,72,1,X,MI,882ab67b29fffff
261476572002015,0,0,1,16094708,130019,Air Advantage,72,1,X,MI,882ab67b0dfffff
261476572002015,10,1,5,16094708,130019,Air Advantage,72,1,X,MI,882ab67b0dfffff
261476572002016,0,0,1,16094708,130019,Air Advantage,72,1,X,MI,882ab67b47fffff
261476572002016,10,1,5,16094708,130019,Air Advantage,72,1,X,MI,882ab67b0dfffff
261476572002017,10,1,3,16094708,130019,Air Advantage,72,1,X,MI,882ab67b5dfffff
261476572002018,10,1,1,16094708,130019,Air Advantage,72,1,X,MI,882ab67b55fffff
261476572002019,10,1,3,16094708,130019,Air Advantage,72,1,X,MI,882ab67b59fffff
261476572002020,10,1,1,16094708,130019,Air Advantage,72,1,X,MI,882ab67b53fffff
261476572002032,0,0,1,16094708,130019,Air Advantage,72,1,X,MI,882ab67b01fffff
261476572002032,10,1,2,16094708,130019,Air Advantage,72,1,X,MI,882ab67b01fffff
261476572002033,10,1,1,16094708,130019,Air Advantage,72,1,X,MI,882ab67b01fffff
261476572002037,10,1,13,16094708,130019,Air Advantage,72,1,X,MI,882ab67b07fffff
261476572002038,10,1,6,16094708,130019,Air Advantage,72,1,X,MI,882ab67b07fffff
261476572002039,10,1,1,16094708,130019,Air Advantage,72,1,X,MI,882ab67b39fffff
261476572002043,10,1,2,16094708,130019,Air Advantage,72,1,X,MI,882ab67b1bfffff
261476572002044,10,1,1,16094708,130019,Air Advantage,72,1,X,MI,882ab67b15fffff
261476572002045,10,1,3,16094708,130019,Air Advantage,72,1,X,MI,882ab67b15fffff
261476572002046,10,1,7,16094708,130019,Air Advantage,72,1,X,MI,882ab67b39fffff
261476572002047,10,1,6,16094708,130019,Air Advantage,72,1,X,MI,882ab67b31fffff
261476572002048,10,1,1,16094708,130019,Air Advantage,72,1,X,MI,882ab67b23fffff
261476572002049,10,1,3,16094708,130019,Air Advantage,72,1,X,MI,882ab6794dfffff
261476572002050,10,1,3,16094708,130019,Air Advantage,72,1,X,MI,882ab67b27fffff
261476572002051,10,1,1,16094708,130019,Air Advantage,72,1,X,MI,882ab64c93fffff
261476572002052,10,1,3,16094708,130019,Air Advantage,72,1,X,MI,882ab6794dfffff
261476572002055,10,1,4,16094708,130019,Air Advantage,72,1,X,MI,882ab6794bfffff
261476572002056,10,1,4,16094708,130019,Air Advantage,72,1,X,MI,882ab6794bfffff
261476572002058,0,0,1,16094708,130019,Air Advantage,72,1,X,MI,882ab67941fffff
261476572002059,0,0,1,16094708,130019,Air Advantage,72,1,R,MI,882ab67947fffff
261476572002059,10,1,32,16094708,130019,Air Advantage,72,1,X,MI,882ab6790bfffff
261476572002060,10,1,13,16094708,130019,Air Advantage,72,1,X,MI,882ab6795dfffff
261476572002061,10,1,2,16094708,130019,Air Advantage,72,1,X,MI,882ab6794bfffff
261476572002062,10,1,1,16094708,130019,Air Advantage,72,1,X,MI,882ab67b37fffff
261476572002064,10,1,1,16094708,130019,Air Advantage,72,1,X,MI,882ab67b31fffff
261476572002065,10,1,3,16094708,130019,Air Advantage,72,1,X,MI,882ab67b31fffff
261476572002068,10,1,3,16094708,130019,Air Advantage,72,1,X,MI,882ab67b13fffff
261476572002069,0,0,1,16094708,130019,Air Advantage,72,1,X,MI,882ab6784dfffff
261476572002069,10,1,11,16094708,130019,Air Advantage,72,1,X,MI,882ab67b1bfffff
261476572002073,10,1,1,16094708,130019,Air Advantage,72,1,X,MI,882ab67a31fffff
261476572002077,10,1,1,16094708,130019,Air Advantage,72,1,X,MI,882ab6784dfffff
261476572002079,10,1,5,16094708,130019,Air Advantage,72,1,X,MI,882ab67861fffff
261476572002080,10,1,10,16094708,130019,Air Advantage,72,1,X,MI,882ab67867fffff
261476572002081,10,1,7,16094708,130019,Air Advantage,72,1,X,MI,882ab67959fffff
261476572002082,10,1,19,16094708,130019,Air Advantage,72,1,X,MI,882ab6795dfffff
261476572002083,0,0,1,16094708,130019,Air Advantage,72,1,X,MI,882ab6795bfffff
261476572002083,10,1,8,16094708,130019,Air Advantage,72,1,X,MI,882ab6795bfffff
261476572002084,10,1,8,16094708,130019,Air Advantage,72,1,X,MI,882ab6795bfffff
261476572002085,0,0,2,16094708,130019,Air Advantage,72,1,X,MI,882ab67841fffff
261476572002085,10,1,9,16094708,130019,Air Advantage,72,1,X,MI,882ab67843fffff
261476572002086,0,0,1,16094708,130019,Air Advantage,72,1,X,MI,882ab67841fffff
261476572002086,10,1,9,16094708,130019,Air Advantage,72,1,X,MI,882ab67843fffff
261476572002088,10,1,10,16094708,130019,Air Advantage,72,1,X,MI,882ab67809fffff
261476572002090,10,1,3,16094708,130019,Air Advantage,72,1,X,MI,882ab67b05fffff
261476572002091,0,0,1,16094708,130019,Air Advantage,72,1,X,MI,882ab6785dfffff
261476572002091,10,1,11,16094708,130019,Air Advantage,72,1,X,MI,882ab67843fffff
261476572002094,0,0,1,16094708,130019,Air Advantage,72,1,X,MI,882ab67855fffff
261476572002094,10,1,12,16094708,130019,Air Advantage,72,1,X,MI,882ab67843fffff
261476572003000,10,1,5,16094708,130019,Air Advantage,72,1,X,MI,882ab67853fffff
261476572003001,10,1,2,16094708,130019,Air Advantage,72,1,X,MI,882ab67855fffff
261476572003002,0,0,2,16094708,130019,Air Advantage,72,1,X,MI,882ab67801fffff
261476572003002,10,1,3,16094708,130019,Air Advantage,72,1,X,MI,882ab67801fffff
261476572003003,10,1,3,16094708,130019,Air Advantage,72,1,X,MI,882ab67805fffff
261476572003004,0,0,1,16094708,130019,Air Advantage,72,1,X,MI,882ab67863fffff
261476572003004,10,1,10,16094708,130019,Air Advantage,72,1,X,MI,882ab67867fffff
261476572003006,0,0,2,16094708,130019,Air Advantage,72,1,X,MI,882ab6782dfffff
261476572003006,10,1,19,16094708,130019,Air Advantage,72,1,X,MI,882ab6795bfffff
261476572003007,10,1,27,16094708,130019,Air Advantage,72,1,X,MI,882ab67953fffff
261476572003009,10,1,31,16094708,130019,Air Advantage,72,1,X,MI,882ab6791dfffff
261476572003010,10,1,3,16094708,130019,Air Advantage,72,1,X,MI,882ab67901fffff
261476572003011,10,1,3,16094708,130019,Air Advantage,72,1,X,MI,882ab67917fffff
261476572003012,10,1,1,16094708,130019,Air Advantage,72,1,X,MI,882ab6791bfffff
261476572003013,10,1,11,16094708,130019,Air Advantage,72,1,X,MI,882ab6791bfffff
261476572003014,10,1,7,16094708,130019,Air Advantage,72,1,X,MI,882ab67827fffff
261476572003015,0,0,1,16094708,130019,Air Advantage,72,1,X,MI,882ab6782bfffff
261476572003015,10,1,4,16094708,130019,Air Advantage,72,1,X,MI,882ab67821fffff
261476572003016,10,1,7,16094708,130019,Air Advantage,72,1,X,MI,882ab67801fffff
261476572003017,10,1,2,16094708,130019,Air Advantage,72,1,X,MI,882ab67815fffff
261476572003018,10,1,9,16094708,130019,Air Advantage,72,1,X,MI,882ab67801fffff
261476572003019,10,1,5,16094708,130019,Air Advantage,72,1,X,MI,882ab67855fffff
261476572003020,10,1,21,16094708,130019,Air Advantage,72,1,X,MI,882ab67815fffff
261476572003021,10,1,5,16094708,130019,Air Advantage,72,1,X,MI,882ab67857fffff
261476572003022,10,1,6,16094708,130019,Air Advantage,72,1,X,MI,882ab6781dfffff
261476572003024,0,0,1,16094708,130019,Air Advantage,72,1,X,MI,882ab6791bfffff
261476572003024,10,1,3,16094708,130019,Air Advantage,72,1,X,MI,882ab67827fffff
261476572003025,10,1,4,16094708,130019,Air Advantage,72,1,X,MI,882ab67827fffff
261476572003027,0,0,1,16094708,130019,Air Advantage,72,1,X,MI,882ab6791bfffff
261476572003027,10,1,8,16094708,130019,Air Advantage,72,1,X,MI,882ab6791bfffff
261476572003028,10,1,4,16094708,130019,Air Advantage,72,1,X,MI,882ab67913fffff
261476572004000,10,1,1,16094708,130019,Air Advantage,72,1,X,MI,882ab64523fffff
261476572004002,0,0,2,16094708,130019,Air Advantage,72,1,X,MI,882ab64525fffff
261476572004003,0,0,2,16094708,130019,Air Advantage,72,1,X,MI,882ab64e11fffff
261476572004003,10,1,6,16094708,130019,Air Advantage,72,1,X,MI,882ab64e03fffff
261476572004007,0,0,2,16094708,130019,Air Advantage,72,1,X,MI,882ab64ed1fffff
261476572004007,10,1,17,16094708,130019,Air Advantage,72,1,X,MI,882ab64eddfffff
261476572004012,10,1,7,16094708,130019,Air Advantage,72,1,X,MI,882ab64e9dfffff
261476572004013,0,0,2,16094708,130019,Air Advantage,72,1,R,MI,882ab64ed1fffff
261476572004013,10,1,8,16094708,130019,Air Advantage,72,1,X,MI,882ab64ed1fffff
261476572004014,10,1,2,16094708,130019,Air Advantage,72,1,X,MI,882ab64eabfffff
261476572004015,10,1,1,16094708,130019,Air Advantage,72,1,X,MI,882ab64ea1fffff
261476572004016,10,1,6,16094708,130019,Air Advantage,72,1,X,MI,882ab64e87fffff
261476572004018,10,1,7,16094708,130019,Air Advantage,72,1,X,MI,882ab64e83fffff
261476572004019,10,1,8,16094708,130019,Air Advantage,72,1,X,MI,882ab67b6dfffff
261476572004020,10,1,5,16094708,130019,Air Advantage,72,1,X,MI,882ab64eb7fffff
261476572004023,10,1,1,16094708,130019,Air Advantage,72,1,X,MI,882ab64e99fffff
261476572004024,10,1,2,16094708,130019,Air Advantage,72,1,X,MI,882ab67b4dfffff
261476572004025,10,1,3,16094708,130019,Air Advantage,72,1,X,MI,882ab64e9bfffff
261476572004029,10,1,1,16094708,130019,Air Advantage,72,1,X,MI,882ab67b6dfffff
261476572004032,10,1,1,16094708,130019,Air Advantage,72,1,X,MI,882ab64cddfffff
261476572004033,10,1,1,16094708,130019,Air Advantage,72,1,X,MI,882ab64cddfffff
261476572004034,10,1,1,16094708,130019,Air Advantage,72,1,X,MI,882ab64cdbfffff
261476572004035,10,1,6,16094708,130019,Air Advantage,72,1,X,MI,882ab67b6dfffff
261476572004036,10,1,1,16094708,130019,Air Advantage,72,1,X,MI,882ab67b47fffff
261476581001000,10,1,1,16094708,130019,Air Advantage,72,1,X,MI,882ab64617fffff
261476581001006,0,0,2,16094708,130019,Air Advantage,72,1,X,MI,882ab64633fffff
261476581001006,10,1,2,16094708,130019,Air Advantage,72,1,X,MI,882ab64637fffff
261476581001008,10,1,3,16094708,130019,Air Advantage,72,1,X,MI,882ab64455fffff
261476581001009,10,1,1,16094708,130019,Air Advantage,72,1,X,MI,882ab64463fffff
261476581001021,0,0,1,16094708,130019,Air Advantage,72,1,X,MI,882ab646a1fffff
261476581001026,10,1,2,16094708,130019,Air Advantage,72,1,X,MI,882ab645cbfffff
261476581001027,10,1,4,16094708,130019,Air Advantage,72,1,X,MI,882ab645cbfffff
261476581001028,10,1,2,16094708,130019,Air Advantage,72,1,X,MI,882ab645cbfffff
261476581001029,10,1,1,16094708,130019,Air Advantage,72,1,X,MI,882ab64437fffff
261476581001032,0,0,1,16094708,130019,Air Advantage,72,1,X,MI,882ab646b5fffff
261476581001032,10,1,2,16094708,130019,Air Advantage,72,1,X,MI,882ab646b7fffff
261476581001033,10,1,1,16094708,130019,Air Advantage,72,1,R,MI,882ab646b1fffff
261476581001034,0,0,1,16094708,130019,Air Advantage,72,1,R,MI,882ab646bdfffff
261476581001035,10,1,1,16094708,130019,Air Advantage,72,1,X,MI,882ab646b1fffff
261476581001036,10,1,3,16094708,130019,Air Advantage,72,1,X,MI,882ab646b3fffff
261476581002000,0,0,1,16094708,130019,Air Advantage,72,1,X,MI,882ab644d9fffff
261476581002000,10,1,5,16094708,130019,Air Advantage,72,1,X,MI,882ab644d9fffff
261476581002001,10,1,2,16094708,130019,Air Advantage,72,1,X,MI,882ab646b7fffff
261476581002003,10,1,1,16094708,130019,Air Advantage,72,1,X,MI,882ab644e3fffff
261476581002004,10,1,5,16094708,130019,Air Advantage,72,1,X,MI,882ab64485fffff
261476581002007,10,1,2,16094708,130019,Air Advantage,72,1,X,MI,882ab6458bfffff
261476581002010,10,1,2,16094708,130019,Air Advantage,72,1,X,MI,882ab67a49fffff
261476581002012,10,1,3,16094708,130019,Air Advantage,72,1,X,MI,882ab64485fffff
261476581002013,10,1,4,16094708,130019,Air Advantage,72,1,X,MI,882ab6448bfffff
261476581002015,10,1,1,16094708,130019,Air Advantage,72,1,X,MI,882ab6448bfffff
261476581002017,10,1,5,16094708,130019,Air Advantage,72,1,X,MI,882ab644d3fffff
261476581002018,10,1,2,16094708,130019,Air Advantage,72,1,X,MI,882ab644d1fffff
261476581002019,10,1,8,16094708,130019,Air Advantage,72,1,X,MI,882ab644d3fffff
261476581002020,10,1,3,16094708,130019,Air Advantage,72,1,X,MI,882ab6732dfffff
261476581002021,10,1,5,16094708,130019,Air Advantage,72,1,X,MI,882ab644d3fffff
261476581002022,10,1,6,16094708,130019,Air Advantage,72,1,X,MI,882ab644d3fffff
261476581002023,0,0,1,16094708,130019,Air Advantage,72,1,R,MI,882ab6732dfffff
261476581002023,10,1,22,16094708,130019,Air Advantage,72,1,X,MI,882ab6732dfffff
261476581002024,10,1,14,16094708,130019,Air Advantage,72,1,X,MI,882ab6449dfffff
261476581002025,10,1,3,16094708,130019,Air Advantage,72,1,X,MI,882ab64499fffff
261476581002029,10,1,1,16094708,130019,Air Advantage,72,1,X,MI,882ab64487fffff
261476581002030,10,1,1,16094708,130019,Air Advantage,72,1,X,MI,882ab64483fffff
261476581002031,10,1,1,16094708,130019,Air Advantage,72,1,X,MI,882ab64495fffff
261476581002032,10,1,5,16094708,130019,Air Advantage,72,1,X,MI,882ab64499fffff
261476581002033,10,1,5,16094708,130019,Air Advantage,72,1,X,MI,882ab64499fffff
261476581002034,10,1,4,16094708,130019,Air Advantage,72,1,X,MI,882ab64499fffff
261476581002035,10,1,5,16094708,130019,Air Advantage,72,1,X,MI,882ab64499fffff
261476581002036,10,1,7,16094708,130019,Air Advantage,72,1,X,MI,882ab64499fffff
261476581002038,0,0,1,16094708,130019,Air Advantage,72,1,R,MI,882ab644b9fffff
261476581002038,10,1,3,16094708,130019,Air Advantage,72,1,X,MI,882ab64495fffff
261476581002039,10,1,7,16094708,130019,Air Advantage,72,1,X,MI,882ab644b5fffff
261476585001000,10,1,5,16094708,130019,Air Advantage,72,1,X,MI,882ab644b5fffff
261476585001001,10,1,8,16094708,130019,Air Advantage,72,1,X,MI,882ab644b5fffff
261476585001003,10,1,1,16094708,130019,Air Advantage,72,1,X,MI,882ab67a4dfffff
261476585001009,10,1,3,16094708,130019,Air Advantage,72,1,X,MI,882ab67a43fffff
261476585001015,10,1,1,16094708,130019,Air Advantage,72,1,X,MI,882ab67a57fffff
261476585001019,10,1,1,16094708,130019,Air Advantage,72,1,X,MI,882ab67a0dfffff
261476585001022,10,1,1,16094708,130019,Air Advantage,72,1,X,MI,882ab67a09fffff
261476585001023,0,0,4,16094708,130019,Air Advantage,72,1,X,MI,882ab67a47fffff
261476585001024,0,0,1,16094708,130019,Air Advantage,72,1,X,MI,882ab67a47fffff
261476585001031,10,1,4,16094708,130019,Air Advantage,72,1,X,MI,882ab67125fffff
261476585001032,0,0,1,16094708,130019,Air Advantage,72,1,X,MI,882ab67a51fffff
261476585001034,10,1,4,16094708,130019,Air Advantage,72,1,X,MI,882ab67125fffff
261476585001035,0,0,1,16094708,130019,Air Advantage,72,1,X,MI,882ab67125fffff
261476585001035,10,1,7,16094708,130019,Air Advantage,72,1,X,MI,882ab67127fffff
261476585001037,10,1,1,16094708,130019,Air Advantage,72,1,X,MI,882ab67a1bfffff
261476585001041,10,1,3,16094708,130019,Air Advantage,72,1,X,MI,882ab67a13fffff
261476585001042,10,1,2,16094708,130019,Air Advantage,72,1,X,MI,882ab67a11fffff
261476585001049,10,1,8,16094708,130019,Air Advantage,72,1,X,MI,882ab67a03fffff
261476585001052,10,1,4,16094708,130019,Air Advantage,72,1,X,MI,882ab67a15fffff
261476585001053,10,1,4,16094708,130019,Air Advantage,72,1,X,MI,882ab67a33fffff
261476585001054,10,1,4,16094708,130019,Air Advantage,72,1,X,MI,882ab67aedfffff
261476585001055,10,1,1,16094708,130019,Air Advantage,72,1,X,MI,882ab67a17fffff
261476585001057,10,1,1,16094708,130019,Air Advantage,72,1,X,MI,882ab67a15fffff
261476585001061,0,0,2,16094708,130019,Air Advantage,72,1,X,MI,882ab67a15fffff
261476585001062,0,0,1,16094708,130019,Air Advantage,72,1,X,MI,882ab67a15fffff
261476585001063,0,0,1,16094708,130019,Air Advantage,72,1,R,MI,882ab67a17fffff
261476585001063,10,1,1,16094708,130019,Air Advantage,72,1,X,MI,882ab67a17fffff
261476585001064,10,1,5,16094708,130019,Air Advantage,72,1,X,MI,882ab67ac5fffff
261476585001065,0,0,1,16094708,130019,Air Advantage,72,1,X,MI,882ab67a15fffff
261476585001065,10,1,7,16094708,130019,Air Advantage,72,1,X,MI,882ab67a11fffff
261476585001066,10,1,4,16094708,130019,Air Advantage,72,1,X,MI,882ab67aedfffff
261476585001067,10,1,1,16094708,130019,Air Advantage,72,1,X,MI,882ab67a33fffff
261476585001069,0,0,1,16094708,130019,Air Advantage,72,1,R,MI,882ab67859fffff
261476585001069,10,1,1,16094708,130019,Air Advantage,72,1,X,MI,882ab67859fffff
261476585001070,10,1,8,16094708,130019,Air Advantage,72,1,X,MI,882ab67ae1fffff
261476585001071,10,1,1,16094708,130019,Air Advantage,72,1,X,MI,882ab67ac5fffff
261476585001072,0,0,1,16094708,130019,Air Advantage,72,1,X,MI,882ab67ac3fffff
261476585001073,10,1,2,16094708,130019,Air Advantage,72,1,X,MI,882ab67addfffff
261476585001074,10,1,1,16094708,130019,Air Advantage,72,1,X,MI,882ab67ac5fffff
261476585001075,10,1,1,16094708,130019,Air Advantage,72,1,X,MI,882ab67a13fffff
261476585001076,0,0,1,16094708,130019,Air Advantage,72,1,X,MI,882ab67acbfffff
261476585001076,10,1,1,16094708,130019,Air Advantage,72,1,X,MI,882ab67ac9fffff
261476585001079,0,0,1,16094708,130019,Air Advantage,72,1,X,MI,882ab67a89fffff
261476585001079,10,1,2,16094708,130019,Air Advantage,72,1,X,MI,882ab67a8dfffff
261476585001081,0,0,1,16094708,130019,Air Advantage,72,1,X,MI,882ab67ae3fffff
261476585001081,10,1,13,16094708,130019,Air Advantage,72,1,X,MI,882ab67a8dfffff
261476585001082,0,0,2,16094708,130019,Air Advantage,72,1,X,MI,882ab6785bfffff
261476585001082,10,1,16,16094708,130019,Air Advantage,72,1,X,MI,882ab67ae1fffff
261476585001085,10,1,13,16094708,130019,Air Advantage,72,1,X,MI,882ab67a8dfffff
261476585001086,10,1,5,16094708,130019,Air Advantage,72,1,X,MI,882ab67ae3fffff
261476585001087,10,1,14,16094708,130019,Air Advantage,72,1,X,MI,882ab67aadfffff
261476585001088,10,1,7,16094708,130019,Air Advantage,72,1,X,MI,882ab67aa9fffff
261476585001089,10,1,1,16094708,130019,Air Advantage,72,1,X,MI,882ab67aabfffff
261476585001090,10,1,10,16094708,130019,Air Advantage,72,1,X,MI,882ab67a87fffff
261476585002005,10,1,2,16094708,130019,Air Advantage,72,1,X,MI,882ab64491fffff
261476585002006,10,1,1,16094708,130019,Air Advantage,72,1,X,MI,882ab64495fffff
261476585002007,10,1,3,16094708,130019,Air Advantage,72,1,X,MI,882ab64495fffff
261476585002008,10,1,5,16094708,130019,Air Advantage,72,1,X,MI,882ab644b9fffff
261476585002014,10,1,1,16094708,130019,Air Advantage,72,1,R,MI,882ab6716dfffff
261476585002016,10,1,1,16094708,130019,Air Advantage,72,1,X,MI,882ab6714dfffff
261476585002017,10,1,1,16094708,130019,Air Advantage,72,1,X,MI,882ab6714dfffff
261476585002026,10,1,4,16094708,130019,Air Advantage,72,1,X,MI,882ab67149fffff
261476585002028,10,1,9,16094708,130019,Air Advantage,72,1,X,MI,882ab6710dfffff
261476585002029,10,1,5,16094708,130019,Air Advantage,72,1,X,MI,882ab67147fffff
261476585002030,0,0,1,16094708,130019,Air Advantage,72,1,X,MI,882ab6714bfffff
261476585002030,10,1,2,16094708,130019,Air Advantage,72,1,X,MI,882ab67143fffff
261476585002031,10,1,4,16094708,130019,Air Advantage,72,1,X,MI,882ab67147fffff
261476585002032,10,1,13,16094708,130019,Air Advantage,72,1,X,MI,882ab67109fffff
261476585002033,0,0,1,16094708,130019,Air Advantage,72,1,R,MI,882ab67107fffff
261476585002033,10,1,2,16094708,130019,Air Advantage,72,1,X,MI,882ab6712bfffff
261476585002034,10,1,1,16094708,130019,Air Advantage,72,1,X,MI,882ab67163fffff
261476585002037,10,1,10,16094708,130019,Air Advantage,72,1,X,MI,882ab6712bfffff
261476585002041,10,1,1,16094708,130019,Air Advantage,72,1,X,MI,882ab67117fffff
261476585002042,10,1,1,16094708,130019,Air Advantage,72,1,X,MI,882ab67131fffff
261476585002048,10,1,1,16094708,130019,Air Advantage,72,1,X,MI,882ab671edfffff
261476585002049,10,1,2,16094708,130019,Air Advantage,72,1,X,MI,882ab67117fffff
261476585002051,10,1,4,16094708,130019,Air Advantage,72,1,X,MI,882ab671e9fffff
261476585002053,10,1,5,16094708,130019,Air Advantage,72,1,X,MI,882ab671e1fffff
261476585002054,0,0,1,16094708,130019,Air Advantage,72,1,X,MI,882ab671ebfffff
261476585002055,10,1,1,16094708,130019,Air Advantage,72,1,X,MI,882ab671adfffff
261476585002061,10,1,4,16094708,130019,Air Advantage,72,1,X,MI,882ab67acbfffff
261476585002062,10,1,5,16094708,130019,Air Advantage,72,1,X,MI,882ab67acbfffff
261476585002063,10,1,3,16094708,130019,Air Advantage,72,1,X,MI,882ab67135fffff
261476585002064,10,1,4,16094708,130019,Air Advantage,72,1,X,MI,882ab67adbfffff
261476585002065,10,1,1,16094708,130019,Air Advantage,72,1,X,MI,882ab67ad1fffff
261476585002066,0,0,1,16094708,130019,Air Advantage,72,1,X,MI,882ab67ad5fffff
261476585002066,10,1,3,16094708,130019,Air Advantage,72,1,X,MI,882ab67adbfffff
261476585002067,10,1,2,16094708,130019,Air Advantage,72,1,X,MI,882ab671e7fffff
261476585002069,10,1,5,16094708,130019,Air Advantage,72,1,X,MI,882ab67ad3fffff
261476585002071,0,0,1,16094708,130019,Air Advantage,72,1,X,MI,882ab671adfffff
261476585002071,10,1,12,16094708,130019,Air Advantage,72,1,X,MI,882ab671adfffff
261476585002072,10,1,4,16094708,130019,Air Advantage,72,1,X,MI,882ab67adbfffff
261476585002073,10,1,24,16094708,130019,Air Advantage,72,1,X,MI,882ab671e7fffff
261476585002074,10,1,23,16094708,130019,Air Advantage,72,1,X,MI,882ab671adfffff
261519701001004,10,1,5,16094708,130019,Air Advantage,72,1,X,MI,88276ba491fffff
261519701001011,10,1,1,16094708,130019,Air Advantage,72,1,X,MI,88276ba591fffff
261519701001012,10,1,1,16094708,130019,Air Advantage,72,1,X,MI,882ab6da49fffff
261519701001013,10,1,1,16094708,130019,Air Advantage,72,1,X,MI,882ab6da49fffff
261519701001014,10,1,3,16094708,130019,Air Advantage,72,1,X,MI,88276ba4b7fffff
261519701001015,0,0,1,16094708,130019,Air Advantage,72,1,R,MI,882ab6d16dfffff
261519701001015,10,1,3,16094708,130019,Air Advantage,72,1,X,MI,882ab6da59fffff
261519701001016,10,1,1,16094708,130019,Air Advantage,72,1,X,MI,88276ba4bbfffff
261519701001017,10,1,12,16094708,130019,Air Advantage,72,1,X,MI,882ab6d16dfffff
261519701001018,10,1,4,16094708,130019,Air Advantage,72,1,X,MI,882ab6d169fffff
261519701001019,10,1,1,16094708,130019,Air Advantage,72,1,X,MI,882ab6d169fffff
261519701001020,10,1,21,16094708,130019,Air Advantage,72,1,X,MI,882ab6d169fffff
261519701001021,10,1,1,16094708,130019,Air Advantage,72,1,X,MI,882ab6d169fffff
261519701001022,10,1,1,16094708,130019,Air Advantage,72,1,X,MI,882ab6d169fffff
261519701001023,10,1,4,16094708,130019,Air Advantage,72,1,X,MI,882ab6d169fffff
261519701001024,10,1,4,16094708,130019,Air Advantage,72,1,X,MI,882ab6d169fffff
261519701001025,10,1,5,16094708,130019,Air Advantage,72,1,X,MI,882ab6d169fffff
261519701001026,10,1,3,16094708,130019,Air Advantage,72,1,X,MI,882ab6d169fffff
261519701001029,10,1,1,16094708,130019,Air Advantage,72,1,X,MI,882ab6d161fffff
261519701001030,10,1,7,16094708,130019,Air Advantage,72,1,X,MI,882ab6d16dfffff
261519701001031,10,1,6,16094708,130019,Air Advantage,72,1,X,MI,882ab6d169fffff
261519701001032,0,0,1,16094708,130019,Air Advantage,72,1,R,MI,882ab6d16dfffff
261519701001032,10,1,2,16094708,130019,Air Advantage,72,1,X,MI,882ab6d16dfffff
261519701001033,10,1,1,16094708,130019,Air Advantage,72,1,X,MI,882ab6d16dfffff
261519701001034,10,1,1,16094708,130019,Air Advantage,72,1,X,MI,882ab6d16dfffff
261519701001035,10,1,4,16094708,130019,Air Advantage,72,1,X,MI,882ab6d169fffff
261519701001036,10,1,3,16094708,130019,Air Advantage,72,1,X,MI,882ab6d169fffff
261519701001037,10,1,4,16094708,130019,Air Advantage,72,1,X,MI,882ab6d169fffff
261519701001038,10,1,3,16094708,130019,Air Advantage,72,1,X,MI,882ab6d169fffff
261519701001039,10,1,4,16094708,130019,Air Advantage,72,1,X,MI,882ab6d169fffff
261519701001040,10,1,9,16094708,130019,Air Advantage,72,1,X,MI,882ab6da59fffff
261519701001041,10,1,1,16094708,130019,Air Advantage,72,1,X,MI,882ab6da5dfffff
261519701001043,10,1,1,16094708,130019,Air Advantage,72,1,X,MI,88276ba591fffff
261519701001044,10,1,2,16094708,130019,Air Advantage,72,1,X,MI,88276ba595fffff
261519701001045,0,0,2,16094708,130019,Air Advantage,72,1,X,MI,882ab6db59fffff
261519701001045,10,1,2,16094708,130019,Air Advantage,72,1,X,MI,88276ba5b5fffff
261519701001046,0,0,1,16094708,130019,Air Advantage,72,1,X,MI,882ab6db47fffff
261519701001046,10,1,1,16094708,130019,Air Advantage,72,1,X,MI,882ab6db4dfffff
261519701001047,0,0,2,16094708,130019,Air Advantage,72,1,X,MI,882ab6db47fffff
261519701001049,10,1,5,16094708,130019,Air Advantage,72,1,X,MI,882ab6da61fffff
261519701001050,10,1,1,16094708,130019,Air Advantage,72,1,X,MI,882ab6da6bfffff
261519701001051,10,1,2,16094708,130019,Air Advantage,72,1,X,MI,882ab6da6bfffff
261519701001052,10,1,4,16094708,130019,Air Advantage,72,1,X,MI,882ab6da41fffff
261519701001053,10,1,1,16094708,130019,Air Advantage,72,1,X,MI,882ab6da0dfffff
261519701001054,10,1,2,16094708,130019,Air Advantage,72,1,X,MI,882ab6da63fffff
261519701001056,10,1,1,16094708,130019,Air Advantage,72,1,X,MI,882ab6da25fffff
261519701001057,10,1,6,16094708,130019,Air Advantage,72,1,X,MI,882ab6da25fffff
261519701001058,10,1,5,16094708,130019,Air Advantage,72,1,X,MI,882ab6db0bfffff
261519701001059,0,0,1,16094708,130019,Air Advantage,72,1,X,MI,882ab6db15fffff
261519701001059,10,1,1,16094708,130019,Air Advantage,72,1,X,MI,882ab6db15fffff
261519701001060,10,1,3,16094708,130019,Air Advantage,72,1,X,MI,882ab6d84dfffff
261519701001061,10,1,3,16094708,130019,Air Advantage,72,1,X,MI,882ab6d849fffff
261519701001062,10,1,1,16094708,130019,Air Advantage,72,1,X,MI,882ab6da3dfffff
261519701001065,10,1,1,16094708,130019,Air Advantage,72,1,X,MI,882ab6da0bfffff
261519701001066,10,1,2,16094708,130019,Air Advantage,72,1,X,MI,882ab6da55fffff
261519701001067,10,1,2,16094708,130019,Air Advantage,72,1,R,MI,882ab6da5bfffff
261519701001068,10,1,1,16094708,130019,Air Advantage,72,1,X,MI,882ab6da51fffff
261519701001071,10,1,1,16094708,130019,Air Advantage,72,1,X,MI,882ab6da57fffff
261519701001073,10,1,1,16094708,130019,Air Advantage,72,1,X,MI,882ab6d129fffff
261519701001078,10,1,1,16094708,130019,Air Advantage,72,1,X,MI,882ab6da3bfffff
261519701001079,0,0,1,16094708,130019,Air Advantage,72,1,X,MI,882ab6da37fffff
261519701001079,10,1,1,16094708,130019,Air Advantage,72,1,X,MI,882ab6da3dfffff
261519701001080,10,1,5,16094708,130019,Air Advantage,72,1,X,MI,882ab6d849fffff
261519701001081,10,1,2,16094708,130019,Air Advantage,72,1,X,MI,882ab6d843fffff
261519701001083,10,1,2,16094708,130019,Air Advantage,72,1,X,MI,882ab6d829fffff
261519701001084,10,1,3,16094708,130019,Air Advantage,72,1,X,MI,882ab6d809fffff
261519701001085,10,1,4,16094708,130019,Air Advantage,72,1,X,MI,882ab6d851fffff
261519701001086,0,0,1,16094708,130019,Air Advantage,72,1,X,MI,882ab6dae5fffff
261519701001086,10,1,3,16094708,130019,Air Advantage,72,1,X,MI,882ab6d851fffff
261519701001089,10,1,1,16094708,130019,Air Advantage,72,1,X,MI,882ab6dac5fffff
261519701001091,10,1,1,16094708,130019,Air Advantage,72,1,R,MI,882ab6da11fffff
261519701001101,10,1,1,16094708,130019,Air Advantage,72,1,X,MI,882ab6dac9fffff
261519701001102,10,1,2,16094708,130019,Air Advantage,72,1,X,MI,882ab6da8dfffff
261519701001104,10,1,1,16094708,130019,Air Advantage,72,1,X,MI,882ab6dae3fffff
261519701002001,10,1,24,16094708,130019,Air Advantage,72,1,X,MI,882ab6c04bfffff
261519701002005,0,0,1,16094708,130019,Air Advantage,72,1,X,MI,882ab6c055fffff
261519701002005,10,1,2,16094708,130019,Air Advantage,72,1,R,MI,882ab6c053fffff
261519701002007,10,1,11,16094708,130019,Air Advantage,72,1,X,MI,882ab6c05dfffff
261519701002008,10,1,1,16094708,130019,Air Advantage,72,1,X,MI,882ab6d1b7fffff
261519701002009,0,0,2,16094708,130019,Air Advantage,72,1,R,MI,882ab6c227fffff
261519701002009,10,1,22,16094708,130019,Air Advantage,72,1,X,MI,882ab6c049fffff
261519701002010,0,0,2,16094708,130019,Air Advantage,72,1,R,MI,882ab6c227fffff
261519701002013,10,1,1,16094708,130019,Air Advantage,72,1,X,MI,882ab6da9dfffff
261519701002017,10,1,5,16094708,130019,Air Advantage,72,1,X,MI,882ab6c055fffff
261519701002018,10,1,5,16094708,130019,Air Advantage,72,1,X,MI,882ab6c055fffff
261519701002019,10,1,2,16094708,130019,Air Advantage,72,1,X,MI,882ab6c043fffff
261519701002020,10,1,7,16094708,130019,Air Advantage,72,1,X,MI,882ab6c04bfffff
261519701002022,0,0,1,16094708,130019,Air Advantage,72,1,R,MI,882ab6c041fffff
261519701002022,10,1,30,16094708,130019,Air Advantage,72,1,B,MI,882ab6c04bfffff
261519701002023,10,1,11,16094708,130019,Air Advantage,72,1,X,MI,882ab6c04dfffff
261519701002024,10,1,3,16094708,130019,Air Advantage,72,1,X,MI,882ab6c31bfffff
261519701002028,10,1,2,16094708,130019,Air Advantage,72,1,X,MI,882ab6c35dfffff
261519701002029,10,1,4,16094708,130019,Air Advantage,72,1,X,MI,882ab6c349fffff
261519701002032,10,1,2,16094708,130019,Air Advantage,72,1,X,MI,882ab6da9dfffff
261519701002043,10,1,1,16094708,130019,Air Advantage,72,1,X,MI,882ab6c06dfffff
261519701002044,10,1,1,16094708,130019,Air Advantage,72,1,X,MI,882ab6c061fffff
261519701002045,10,1,2,16094708,130019,Air Advantage,72,1,X,MI,882ab6c331fffff
261519701002049,10,1,1,16094708,130019,Air Advantage,72,1,X,MI,882ab6c029fffff
261519701002051,10,1,2,16094708,130019,Air Advantage,72,1,X,MI,882ab6c06bfffff
261519701002052,10,1,5,16094708,130019,Air Advantage,72,1,X,MI,882ab6c067fffff
261519701002060,10,1,17,16094708,130019,Air Advantage,72,1,X,MI,882ab6c04bfffff
261519702001001,0,0,1,16094708,130019,Air Advantage,72,1,X,MI,882ab6db2bfffff
261519702001002,0,0,2,16094708,130019,Air Advantage,72,1,X,MI,882ab6db2bfffff
261519702001007,10,1,1,16094708,130019,Air Advantage,72,1,X,MI,88276bacb9fffff
261519702001013,10,1,4,16094708,130019,Air Advantage,72,1,X,MI,882ab6d9a5fffff
261519702001015,0,0,2,16094708,130019,Air Advantage,72,1,X,MI,88276b36b1fffff
261519702001015,10,1,1,16094708,130019,Air Advantage,72,1,X,MI,88276b36b3fffff
261519702001016,10,1,2,16094708,130019,Air Advantage,72,1,X,MI,88276b3695fffff
261519702001017,10,1,5,16094708,130019,Air Advantage,72,1,X,MI,882ab6d9a7fffff
261519702001018,10,1,2,16094708,130019,Air Advantage,72,1,X,MI,882ab6cb49fffff
261519702001019,10,1,2,16094708,130019,Air Advantage,72,1,X,MI,882ab6d9a3fffff
261519702001020,10,1,1,16094708,130019,Air Advantage,72,1,X,MI,882ab6d9abfffff
261519702001025,0,0,1,16094708,130019,Air Advantage,72,1,X,MI,882ab6d959fffff
261519702001031,0,0,1,16094708,130019,Air Advantage,72,1,X,MI,882ab6db31fffff
261519702001032,0,0,2,16094708,130019,Air Advantage,72,1,X,MI,882ab6db39fffff
261519702001034,0,0,1,16094708,130019,Air Advantage,72,1,X,MI,882ab6d959fffff
261519702001039,10,1,2,16094708,130019,Air Advantage,72,1,X,MI,882ab6d821fffff
261519702001041,10,1,1,16094708,130019,Air Advantage,72,1,X,MI,882ab6d835fffff
261519702001042,10,1,2,16094708,130019,Air Advantage,72,1,X,MI,882ab6d9c1fffff
261519702001044,10,1,2,16094708,130019,Air Advantage,72,1,X,MI,882ab6cb4bfffff
261519702001045,10,1,2,16094708,130019,Air Advantage,72,1,X,MI,882ab6cb41fffff
261519702001046,10,1,3,16094708,130019,Air Advantage,72,1,X,MI,882ab6cb63fffff
261519702001047,10,1,1,16094708,130019,Air Advantage,72,1,X,MI,882ab6cb63fffff
261519702001049,10,1,3,16094708,130019,Air Advantage,72,1,X,MI,882ab6cb59fffff
261519702001050,10,1,4,16094708,130019,Air Advantage,72,1,X,MI,882ab6ca65fffff
261519702001051,10,1,2,16094708,130019,Air Advantage,72,1,X,MI,882ab6d9b1fffff
261519702001055,10,1,1,16094708,130019,Air Advantage,72,1,X,MI,882ab6d9c9fffff
261519702001056,10,1,5,16094708,130019,Air Advantage,72,1,X,MI,882ab6d9cbfffff
261519702001057,10,1,2,16094708,130019,Air Advantage,72,1,X,MI,882ab6d9d1fffff
261519702001059,10,1,1,16094708,130019,Air Advantage,72,1,X,MI,882ab6d9bbfffff
261519702001060,10,1,4,16094708,130019,Air Advantage,72,1,X,MI,882ab6d991fffff
261519702001061,10,1,5,16094708,130019,Air Advantage,72,1,X,MI,882ab6ca45fffff
261519702001063,10,1,3,16094708,130019,Air Advantage,72,1,X,MI,882ab6ca69fffff
261519702001064,10,1,4,16094708,130019,Air Advantage,72,1,X,MI,882ab6cb1dfffff
261519702001065,0,0,2,16094708,130019,Air Advantage,72,1,R,MI,882ab6cb0dfffff
261519702001066,10,1,1,16094708,130019,Air Advantage,72,1,X,MI,882ab6cb05fffff
261519702001071,10,1,1,16094708,130019,Air Advantage,72,1,X,MI,88276b3603fffff
261519702001072,0,0,1,16094708,130019,Air Advantage,72,1,X,MI,882ab6ca2dfffff
261519702001072,10,1,6,16094708,130019,Air Advantage,72,1,X,MI,882ab6ca2dfffff
261519702001073,10,1,7,16094708,130019,Air Advantage,72,1,X,MI,882ab6ca65fffff
261519702001074,10,1,2,16094708,130019,Air Advantage,72,1,X,MI,882ab6ca63fffff
261519702001075,10,1,3,16094708,130019,Air Advantage,72,1,X,MI,882ab6ca45fffff
261519702002002,0,0,1,16094708,130019,Air Advantage,72,1,X,MI,882ab6db67fffff
261519702002002,10,1,1,16094708,130019,Air Advantage,72,1,X,MI,88276baeb3fffff
261519702002003,0,0,1,16094708,130019,Air Advantage,72,1,X,MI,88276bacdbfffff
261519702002003,10,1,4,16094708,130019,Air Advantage,72,1,X,MI,88276bacd1fffff
261519702002004,10,1,5,16094708,130019,Air Advantage,72,1,X,MI,88276bacddfffff
261519702002005,10,1,2,16094708,130019,Air Advantage,72,1,X,MI,88276bac89fffff
261519702002006,10,1,1,16094708,130019,Air Advantage,72,1,X,MI,88276bace3fffff
261519702002007,10,1,1,16094708,130019,Air Advantage,72,1,X,MI,88276bace7fffff
261519702002008,10,1,2,16094708,130019,Air Advantage,72,1,X,MI,88276badd3fffff
261519702002009,10,1,5,16094708,130019,Air Advantage,72,1,X,MI,88276badd3fffff
261519702002011,0,0,1,16094708,130019,Air Advantage,72,1,R,MI,88276badbdfffff
261519702002011,10,1,6,16094708,130019,Air Advantage,72,1,X,MI,88276badbdfffff
261519702002012,0,0,1,16094708,130019,Air Advantage,72,1,R,MI,88276badbdfffff
261519702002012,10,1,8,16094708,130019,Air Advantage,72,1,X,MI,88276badb5fffff
261519702002017,10,1,1,16094708,130019,Air Advantage,72,1,X,MI,88276b374bfffff
261519702002018,10,1,7,16094708,130019,Air Advantage,72,1,X,MI,88276badb5fffff
261519702002019,10,1,7,16094708,130019,Air Advantage,72,1,X,MI,88276badbdfffff
261519702002020,10,1,1,16094708,130019,Air Advantage,72,1,R,MI,88276bad91fffff
261519702002028,10,1,1,16094708,130019,Air Advantage,72,1,X,MI,88276bacb9fffff
261519702002029,10,1,2,16094708,130019,Air Advantage,72,1,X,MI,88276bacd7fffff
261519702002030,10,1,1,16094708,130019,Air Advantage,72,1,X,MI,88276bacd3fffff
261519702002031,0,0,5,16094708,130019,Air Advantage,72,1,X,MI,882ab6db67fffff
261519702002034,0,0,6,16094708,130019,Air Advantage,72,1,X,MI,882ab6db6bfffff
261519702002037,0,0,1,16094708,130019,Air Advantage,72,1,X,MI,882ab6db63fffff
261519702002038,0,0,6,16094708,130019,Air Advantage,72,1,X,MI,882ab6db63fffff
261519702002039,0,0,6,16094708,130019,Air Advantage,72,1,X,MI,882ab6db6bfffff
261519702002042,0,0,3,16094708,130019,Air Advantage,72,1,X,MI,882ab6db63fffff
261519702002046,10,1,2,16094708,130019,Air Advantage,72,1,X,MI,88276b3665fffff
261519702002047,10,1,1,16094708,130019,Air Advantage,72,1,X,MI,88276b3759fffff
261519702002048,10,1,2,16094708,130019,Air Advantage,72,1,X,MI,88276badb7fffff
261519702002053,10,1,9,16094708,130019,Air Advantage,72,1,X,MI,88276b3757fffff
261519702002054,0,0,1,16094708,130019,Air Advantage,72,1,X,MI,88276b3753fffff
261519702002054,10,1,1,16094708,130019,Air Advantage,72,1,X,MI,88276b3719fffff
261519702002055,10,1,6,16094708,130019,Air Advantage,72,1,X,MI,88276b3663fffff
261519702002056,10,1,4,16094708,130019,Air Advantage,72,1,X,MI,88276b375bfffff
261519702002057,10,1,4,16094708,130019,Air Advantage,72,1,X,MI,88276b3661fffff
261519702002058,0,0,1,16094708,130019,Air Advantage,72,1,X,MI,88276b364bfffff
261519702002058,10,1,2,16094708,130019,Air Advantage,72,1,X,MI,88276b364bfffff
261519702002059,10,1,1,16094708,130019,Air Advantage,72,1,X,MI,88276b3601fffff
261519702002061,0,0,1,16094708,130019,Air Advantage,72,1,X,MI,882ab6db05fffff
261519702002063,10,1,6,16094708,130019,Air Advantage,72,1,X,MI,88276b3711fffff
261519702002064,10,1,2,16094708,130019,Air Advantage,72,1,X,MI,88276b373dfffff
261519702002065,10,1,2,16094708,130019,Air Advantage,72,1,X,MI,88276b373dfffff
261519702002067,10,1,1,16094708,130019,Air Advantage,72,1,X,MI,88276b373bfffff
261519702002068,0,0,1,16094708,130019,Air Advantage,72,1,X,MI,88276b355bfffff
261519702002069,10,1,3,16094708,130019,Air Advantage,72,1,X,MI,88276b3461fffff
261519702002070,10,1,2,16094708,130019,Air Advantage,72,1,X,MI,88276b3445fffff
261519702002071,10,1,4,16094708,130019,Air Advantage,72,1,X,MI,88276b371bfffff
261519702002072,10,1,1,16094708,130019,Air Advantage,72,1,X,MI,88276b3627fffff
261519702002073,10,1,4,16094708,130019,Air Advantage,72,1,X,MI,88276b3449fffff
261519702003000,10,1,5,16094708,130019,Air Advantage,72,1,X,MI,88276b3297fffff
261519702003001,10,1,1,16094708,130019,Air Advantage,72,1,X,MI,88276b32b3fffff
261519702003002,10,1,2,16094708,130019,Air Advantage,72,1,X,MI,88276b30cdfffff
261519702003003,0,0,1,16094708,130019,Air Advantage,72,1,X,MI,88276b30c7fffff
261519702003003,10,1,1,16094708,130019,Air Advantage,72,1,X,MI,88276b3013fffff
261519702003004,10,1,2,16094708,130019,Air Advantage,72,1,X,MI,88276b30e1fffff
261519702003005,10,1,1,16094708,130019,Air Advantage,72,1,X,MI,88276b3037fffff
261519702003008,0,0,3,16094708,130019,Air Advantage,72,1,X,MI,88276b30ebfffff
261519702003009,10,1,4,16094708,130019,Air Advantage,72,1,X,MI,88276b30c7fffff
261519702003040,10,1,1,16094708,130019,Air Advantage,72,1,X,MI,88276b373dfffff
261519702003052,0,0,3,16094708,130019,Air Advantage,72,1,X,MI,88276b2203fffff
261519703001001,10,1,2,16094708,130019,Air Advantage,72,1,X,MI,88276b3447fffff
261519703001002,10,1,1,16094708,130019,Air Advantage,72,1,X,MI,88276b340dfffff
261519703001006,0,0,1,16094708,130019,Air Advantage,72,1,X,MI,88276b341dfffff
261519703001006,10,1,1,16094708,130019,Air Advantage,72,1,X,MI,88276b340bfffff
261519703001007,0,0,1,16094708,130019,Air Advantage,72,1,X,MI,88276b341dfffff
261519703001008,10,1,1,16094708,130019,Air Advantage,72,1,X,MI,88276b3455fffff
261519703001025,0,0,1,16094708,130019,Air Advantage,72,1,X,MI,88276b3415fffff
261519703001027,0,0,2,16094708,130019,Air Advantage,72,1,X,MI,88276b3415fffff
261519703002023,10,1,1,16094708,130019,Air Advantage,72,1,X,MI,88276b2287fffff
261519703002025,10,1,3,16094708,130019,Air Advantage,72,1,X,MI,88276b22a9fffff
261519703002026,10,1,2,16094708,130019,Air Advantage,72,1,X,MI,88276b2287fffff
261519703002027,10,1,6,16094708,130019,Air Advantage,72,1,X,MI,88276b2287fffff
261519703002028,10,1,2,16094708,130019,Air Advantage,72,1,X,MI,88276b22d3fffff
261519703002029,10,1,1,16094708,130019,Air Advantage,72,1,X,MI,88276b22d3fffff
261519703002032,10,1,3,16094708,130019,Air Advantage,72,1,X,MI,88276b22b3fffff
261519703002033,10,1,1,16094708,130019,Air Advantage,72,1,X,MI,88276b22b3fffff
261519703002034,10,1,1,16094708,130019,Air Advantage,72,1,X,MI,88276b2769fffff
261519703002040,10,1,1,16094708,130019,Air Advantage,72,1,X,MI,88276b276dfffff
261519703002054,10,1,1,16094708,130019,Air Advantage,72,1,X,MI,88276b35b5fffff
261519703003009,10,1,1,16094708,130019,Air Advantage,72,1,X,MI,88276b2725fffff
261519703003010,10,1,2,16094708,130019,Air Advantage,72,1,X,MI,88276b209bfffff
261519703003012,10,1,1,16094708,130019,Air Advantage,72,1,X,MI,88276b2727fffff
261519703003019,0,0,3,16094708,130019,Air Advantage,72,1,X,MI,88276b2719fffff
261519703003042,10,1,1,16094708,130019,Air Advantage,72,1,X,MI,88276b2515fffff
261519703003049,0,0,1,16094708,130019,Air Advantage,72,1,X,MI,88276b243bfffff
261519703003050,0,0,2,16094708,130019,Air Advantage,72,1,X,MI,88276b2431fffff
261519703003053,10,1,5,16094708,130019,Air Advantage,72,1,X,MI,88276b25c1fffff
261519703003054,0,0,1,16094708,130019,Air Advantage,72,1,X,MI,88276b251dfffff
261519703003054,10,1,3,16094708,130019,Air Advantage,72,1,X,MI,88276b2515fffff
261519703003055,10,1,7,16094708,130019,Air Advantage,72,1,X,MI,88276b25e9fffff
261519703004011,10,1,5,16094708,130019,Air Advantage,72,1,X,MI,882ab6c923fffff
261519703004021,0,0,1,16094708,130019,Air Advantage,72,1,X,MI,882ab6c925fffff
261519703004021,10,1,1,16094708,130019,Air Advantage,72,1,X,MI,882ab6c927fffff
261519703004022,10,1,1,16094708,130019,Air Advantage,72,1,X,MI,882ab6c927fffff
261519703004023,10,1,3,16094708,130019,Air Advantage,72,1,X,MI,882ab6c923fffff
261519703004024,0,0,1,16094708,130019,Air Advantage,72,1,X,MI,882ab6c9ebfffff
261519703004024,10,1,3,16094708,130019,Air Advantage,72,1,X,MI,882ab6c9e5fffff
261519703004026,10,1,3,16094708,130019,Air Advantage,72,1,X,MI,88276b26ebfffff
261519703004046,10,1,2,16094708,130019,Air Advantage,72,1,X,MI,88276b26d5fffff
261519703004047,10,1,4,16094708,130019,Air Advantage,72,1,X,MI,88276b26d5fffff
261519703004048,0,0,1,16094708,130019,Air Advantage,72,1,X,MI,882ab6c9a9fffff
261519703004048,10,1,9,16094708,130019,Air Advantage,72,1,X,MI,882ab6c9adfffff
261519704001000,10,1,3,16094708,130019,Air Advantage,72,1,X,MI,882ab6da8dfffff
261519704001001,0,0,3,16094708,130019,Air Advantage,72,1,X,MI,882ab6dae7fffff
261519704001001,10,1,3,16094708,130019,Air Advantage,72,1,X,MI,882ab6dae3fffff
261519704001002,0,0,2,16094708,130019,Air Advantage,72,1,X,MI,882ab6daa3fffff
261519704001002,10,1,2,16094708,130019,Air Advantage,72,1,X,MI,882ab6daadfffff
261519704001004,10,1,3,16094708,130019,Air Advantage,72,1,X,MI,882ab6d819fffff
261519704001005,0,0,2,16094708,130019,Air Advantage,72,1,X,MI,882ab6daa3fffff
261519704001005,10,1,2,16094708,130019,Air Advantage,72,1,X,MI,882ab6daabfffff
261519704001007,10,1,4,16094708,130019,Air Advantage,72,1,X,MI,882ab6d815fffff
261519704001008,0,0,1,16094708,130019,Air Advantage,72,1,R,MI,882ab6d831fffff
261519704001008,10,1,2,16094708,130019,Air Advantage,72,1,X,MI,882ab6d831fffff
261519704001012,10,1,1,16094708,130019,Air Advantage,72,1,X,MI,882ab6d8d9fffff
261519704001014,10,1,3,16094708,130019,Air Advantage,72,1,X,MI,882ab6c361fffff
261519704001015,10,1,3,16094708,130019,Air Advantage,72,1,X,MI,882ab6c365fffff
261519704001016,10,1,3,16094708,130019,Air Advantage,72,1,X,MI,882ab6d8d1fffff
261519704001017,0,0,1,16094708,130019,Air Advantage,72,1,X,MI,882ab6d88bfffff
261519704001017,10,1,2,16094708,130019,Air Advantage,72,1,X,MI,882ab6d883fffff
261519704001019,10,1,5,16094708,130019,Air Advantage,72,1,X,MI,882ab6d8e9fffff
261519704001020,10,1,5,16094708,130019,Air Advantage,72,1,X,MI,882ab6d817fffff
261519704001021,10,1,7,16094708,130019,Air Advantage,72,1,X,MI,882ab6d817fffff
261519704001022,10,1,6,16094708,130019,Air Advantage,72,1,X,MI,882ab6d833fffff
261519704001023,10,1,1,16094708,130019,Air Advantage,72,1,X,MI,882ab6d835fffff
261519704001025,10,1,6,16094708,130019,Air Advantage,72,1,X,MI,882ab6d8e5fffff
261519704001027,10,1,1,16094708,130019,Air Advantage,72,1,X,MI,882ab6d9d3fffff
261519704001028,10,1,4,16094708,130019,Air Advantage,72,1,X,MI,882ab6d8adfffff
261519704001029,10,1,5,16094708,130019,Air Advantage,72,1,X,MI,882ab6d8a1fffff
261519704001030,10,1,4,16094708,130019,Air Advantage,72,1,X,MI,882ab6d8e5fffff
261519704001031,10,1,8,16094708,130019,Air Advantage,72,1,X,MI,882ab6d883fffff
261519704001032,10,1,2,16094708,130019,Air Advantage,72,1,X,MI,882ab6d897fffff
261519704001033,10,1,1,16094708,130019,Air Advantage,72,1,X,MI,882ab6d891fffff
261519704001037,10,1,1,16094708,130019,Air Advantage,72,1,X,MI,882ab6d897fffff
261519704001038,0,0,1,16094708,130019,Air Advantage,72,1,X,MI,882ab6c327fffff
261519704001038,10,1,9,16094708,130019,Air Advantage,72,1,X,MI,882ab6c327fffff
261519704001039,0,0,1,16094708,130019,Air Advantage,72,1,X,MI,882ab6c325fffff
261519704001039,10,1,8,16094708,130019,Air Advantage,72,1,X,MI,882ab6d89bfffff
261519704001040,10,1,2,16094708,130019,Air Advantage,72,1,X,MI,882ab6d8d3fffff
261519704001041,10,1,5,16094708,130019,Air Advantage,72,1,X,MI,882ab6c169fffff
261519704001044,0,0,1,16094708,130019,Air Advantage,72,1,X,MI,882ab6c327fffff
261519704001044,10,1,4,16094708,130019,Air Advantage,72,1,X,MI,882ab6c327fffff
261519704001045,10,1,2,16094708,130019,Air Advantage,72,1,X,MI,882ab6c321fffff
261519704002000,0,0,1,16094708,130019,Air Advantage,72,1,X,MI,882ab6ca49fffff
261519704002000,10,1,16,16094708,130019,Air Advantage,72,1,X,MI,882ab6d8b1fffff
261519704002001,10,1,4,16094708,130019,Air Advantage,72,1,X,MI,882ab6d8a7fffff
261519704002003,10,1,2,16094708,130019,Air Advantage,72,1,X,MI,882ab6ca4dfffff
261519704002004,10,1,1,16094708,130019,Air Advantage,72,1,X,MI,882ab6ca4dfffff
261519704002005,10,1,27,16094708,130019,Air Advantage,72,1,X,MI,882ab6ca4bfffff
261519704002006,10,1,3,16094708,130019,Air Advantage,72,1,X,MI,882ab6ca49fffff
261519704002007,10,1,2,16094708,130019,Air Advantage,72,1,X,MI,882ab6ca49fffff
261519704002008,0,0,1,16094708,130019,Air Advantage,72,1,X,MI,882ab6ca41fffff
261519704002008,10,1,67,16094708,130019,Air Advantage,72,1,X,MI,882ab6ca41fffff
261519704002009,10,1,20,16094708,130019,Air Advantage,72,1,X,MI,882ab6ca49fffff
261519704002010,10,1,4,16094708,130019,Air Advantage,72,1,X,MI,882ab6ca45fffff
261519704002011,0,0,2,16094708,130019,Air Advantage,72,1,X,MI,882ab6ca45fffff
261519704002011,10,1,17,16094708,130019,Air Advantage,72,1,X,MI,882ab6ca45fffff
261519704002012,10,1,8,16094708,130019,Air Advantage,72,1,X,MI,882ab6ca47fffff
261519704002013,0,0,1,16094708,130019,Air Advantage,72,1,X,MI,882ab6ca41fffff
261519704002013,10,1,67,16094708,130019,Air Advantage,72,1,X,MI,882ab6ca41fffff
261519704002014,10,1,11,16094708,130019,Air Advantage,72,1,X,MI,882ab6ca4bfffff
261519704002015,10,1,13,16094708,130019,Air Advantage,72,1,X,MI,882ab6ca4bfffff
261519704002016,10,1,6,16094708,130019,Air Advantage,72,1,X,MI,882ab6ca4bfffff
261519704002017,10,1,9,16094708,130019,Air Advantage,72,1,X,MI,882ab6ca4bfffff
261519704002018,10,1,6,16094708,130019,Air Advantage,72,1,X,MI,882ab6ca41fffff
261519704002019,10,1,4,16094708,130019,Air Advantage,72,1,X,MI,882ab6ca41fffff
261519704002020,10,1,24,16094708,130019,Air Advantage,72,1,X,MI,882ab6ca4bfffff
261519704002021,10,1,1,16094708,130019,Air Advantage,72,1,X,MI,882ab6ca4bfffff
261519704002022,10,1,4,16094708,130019,Air Advantage,72,1,X,MI,882ab6ca4bfffff
261519704002023,0,0,1,16094708,130019,Air Advantage,72,1,X,MI,882ab6ca5dfffff
261519704002023,10,1,23,16094708,130019,Air Advantage,72,1,X,MI,882ab6ca4bfffff
261519704002024,10,1,3,16094708,130019,Air Advantage,72,1,X,MI,882ab6ca55fffff
261519704002025,10,1,12,16094708,130019,Air Advantage,72,1,X,MI,882ab6ca43fffff
261519704002027,10,1,5,16094708,130019,Air Advantage,72,1,X,MI,882ab6ca55fffff
261519704002028,0,0,1,16094708,130019,Air Advantage,72,1,R,MI,882ab6ca43fffff
261519704002028,10,1,6,16094708,130019,Air Advantage,72,1,X,MI,882ab6ca55fffff
261519704002030,10,1,2,16094708,130019,Air Advantage,72,1,X,MI,882ab6ca41fffff
261519704002031,10,1,3,16094708,130019,Air Advantage,72,1,X,MI,882ab6ca41fffff
261519704002032,10,1,4,16094708,130019,Air Advantage,72,1,X,MI,882ab6ca4bfffff
261519704002033,10,1,8,16094708,130019,Air Advantage,72,1,X,MI,882ab6ca4bfffff
261519704003000,0,0,1,16094708,130019,Air Advantage,72,1,X,MI,882ab6c197fffff
261519704003000,10,1,10,16094708,130019,Air Advantage,72,1,X,MI,882ab6c197fffff
261519704003001,10,1,2,16094708,130019,Air Advantage,72,1,X,MI,882ab6ce6dfffff
261519704003002,0,0,1,16094708,130019,Air Advantage,72,1,X,MI,882ab6cf5dfffff
261519704003002,10,1,4,16094708,130019,Air Advantage,72,1,X,MI,882ab6cf5dfffff
261519704003004,10,1,4,16094708,130019,Air Advantage,72,1,X,MI,882ab6cf5dfffff
261519704003005,0,0,1,16094708,130019,Air Advantage,72,1,X,MI,882ab6cf51fffff
261519704003005,10,1,13,16094708,130019,Air Advantage,72,1,X,MI,882ab6cf55fffff
261519704003009,10,1,3,16094708,130019,Air Advantage,72,1,X,MI,882ab6cf49fffff
261519704003010,10,1,2,16094708,130019,Air Advantage,72,1,X,MI,882ab6ca97fffff
261519704003014,10,1,1,16094708,130019,Air Advantage,72,1,X,MI,882ab6cf61fffff
261519704003021,0,0,1,16094708,130019,Air Advantage,72,1,X,MI,882ab6cf67fffff
261519704003021,10,1,4,16094708,130019,Air Advantage,72,1,X,MI,882ab6cf67fffff
261519704003022,10,1,10,16094708,130019,Air Advantage,72,1,X,MI,882ab6c8dbfffff
261519704003023,10,1,4,16094708,130019,Air Advantage,72,1,X,MI,882ab6c899fffff
261519704003024,10,1,1,16094708,130019,Air Advantage,72,1,X,MI,882ab6cf29fffff
261519704003028,10,1,1,16094708,130019,Air Advantage,72,1,X,MI,882ab6cf0bfffff
261519704003031,10,1,2,16094708,130019,Air Advantage,72,1,X,MI,882ab6cf55fffff
261519704003032,10,1,1,16094708,130019,Air Advantage,72,1,X,MI,882ab6cf3dfffff
261519704003035,10,1,1,16094708,130019,Air Advantage,72,1,X,MI,882ab6ce27fffff
261519704003036,10,1,10,16094708,130019,Air Advantage,72,1,X,MI,882ab6ce25fffff
261519704003037,0,0,1,16094708,130019,Air Advantage,72,1,R,MI,882ab6ce29fffff
261519704003037,10,1,2,16094708,130019,Air Advantage,72,1,X,MI,882ab6ce29fffff
261519704003038,10,1,5,16094708,130019,Air Advantage,72,1,X,MI,882ab6ce3dfffff
261519704003043,10,1,2,16094708,130019,Air Advantage,72,1,X,MI,882ab6ce35fffff
261519704003044,10,1,2,16094708,130019,Air Advantage,72,1,X,MI,882ab6ce3dfffff
261519704003045,10,1,26,16094708,130019,Air Advantage,72,1,X,MI,882ab6ce37fffff
261519704003046,10,1,9,16094708,130019,Air Advantage,72,1,X,MI,882ab6ce37fffff
261519704003047,10,1,3,16094708,130019,Air Advantage,72,1,X,MI,882ab6ce37fffff
261519704003048,10,1,7,16094708,130019,Air Advantage,72,1,X,MI,882ab6ce37fffff
261519704003049,10,1,7,16094708,130019,Air Advantage,72,1,X,MI,882ab6ce37fffff
261519704003050,10,1,14,16094708,130019,Air Advantage,72,1,X,MI,882ab6ce37fffff
261519704003051,10,1,6,16094708,130019,Air Advantage,72,1,X,MI,882ab6ce37fffff
261519704003060,10,1,1,16094708,130019,Air Advantage,72,1,X,MI,882ab6cc45fffff
261519704003061,10,1,2,16094708,130019,Air Advantage,72,1,X,MI,882ab6cf19fffff
261519704003073,10,1,8,16094708,130019,Air Advantage,72,1,X,MI,882ab6cc5dfffff
261519704003075,10,1,3,16094708,130019,Air Advantage,72,1,X,MI,882ab6cc5dfffff
261519704003076,10,1,4,16094708,130019,Air Advantage,72,1,X,MI,882ab6cc59fffff
261519704003077,10,1,1,16094708,130019,Air Advantage,72,1,X,MI,882ab6cc51fffff
261519704003085,10,1,2,16094708,130019,Air Advantage,72,1,X,MI,882ab6cc51fffff
261519704003086,10,1,1,16094708,130019,Air Advantage,72,1,X,MI,882ab6cc05fffff
261519704003087,10,1,1,16094708,130019,Air Advantage,72,1,X,MI,882ab6cc6bfffff
261519704003092,0,0,1,16094708,130019,Air Advantage,72,1,R,MI,882ab6cc67fffff
261519704003094,10,1,2,16094708,130019,Air Advantage,72,1,X,MI,882ab6cd51fffff
261519704003098,0,0,1,16094708,130019,Air Advantage,72,1,X,MI,882ab6cf23fffff
261519704003100,0,0,1,16094708,130019,Air Advantage,72,1,X,MI,882ab6cd49fffff
261519704003101,10,1,6,16094708,130019,Air Advantage,72,1,X,MI,882ab6cf57fffff
261519704003102,10,1,1,16094708,130019,Air Advantage,72,1,X,MI,882ab6cf51fffff
261519704003106,10,1,7,16094708,130019,Air Advantage,72,1,X,MI,882ab6c1a7fffff
261519704003107,10,1,14,16094708,130019,Air Advantage,72,1,X,MI,882ab6cf49fffff
261519704004000,10,1,4,16094708,130019,Air Advantage,72,1,X,MI,882ab6c155fffff
261519704004001,10,1,6,16094708,130019,Air Advantage,72,1,X,MI,882ab6c10dfffff
261519704004002,10,1,4,16094708,130019,Air Advantage,72,1,X,MI,882ab6c105fffff
261519704004003,10,1,3,16094708,130019,Air Advantage,72,1,X,MI,882ab6c161fffff
261519704004004,10,1,5,16094708,130019,Air Advantage,72,1,X,MI,882ab6c151fffff
261519704004005,0,0,1,16094708,130019,Air Advantage,72,1,R,MI,882ab6c11dfffff
261519704004006,10,1,1,16094708,130019,Air Advantage,72,1,X,MI,882ab6c101fffff
261519704004007,10,1,1,16094708,130019,Air Advantage,72,1,X,MI,882ab6c12dfffff
261519704004008,10,1,10,16094708,130019,Air Advantage,72,1,X,MI,882ab6ca11fffff
261519704004009,10,1,8,16094708,130019,Air Advantage,72,1,X,MI,882ab6ca57fffff
261519704004010,10,1,8,16094708,130019,Air Advantage,72,1,X,MI,882ab6ca57fffff
261519704004013,10,1,3,16094708,130019,Air Advantage,72,1,X,MI,882ab6ca1dfffff
261519704004014,10,1,3,16094708,130019,Air Advantage,72,1,X,MI,882ab6ca13fffff
261519704004015,0,0,1,16094708,130019,Air Advantage,72,1,X,MI,882ab6caebfffff
261519704004015,10,1,8,16094708,130019,Air Advantage,72,1,X,MI,882ab6cae9fffff
261519704004016,10,1,6,16094708,130019,Air Advantage,72,1,X,MI,882ab6c123fffff
261519704004017,10,1,2,16094708,130019,Air Advantage,72,1,X,MI,882ab6c127fffff
261519704004020,10,1,2,16094708,130019,Air Advantage,72,1,X,MI,882ab6c135fffff
261519704004021,10,1,2,16094708,130019,Air Advantage,72,1,X,MI,882ab6c13dfffff
261519704004022,0,0,1,16094708,130019,Air Advantage,72,1,X,MI,882ab6c103fffff
261519704004022,10,1,6,16094708,130019,Air Advantage,72,1,R,MI,882ab6c11dfffff
261519704004027,10,1,2,16094708,130019,Air Advantage,72,1,X,MI,882ab6c113fffff
261519704004028,10,1,1,16094708,130019,Air Advantage,72,1,X,MI,882ab6c13bfffff
261519704004029,10,1,4,16094708,130019,Air Advantage,72,1,X,MI,882ab6cac7fffff
261519704004030,10,1,2,16094708,130019,Air Advantage,72,1,X,MI,882ab6cae1fffff
261519704004043,10,1,1,16094708,130019,Air Advantage,72,1,X,MI,882ab6ca89fffff
261519704004044,10,1,4,16094708,130019,Air Advantage,72,1,X,MI,882ab6c137fffff
261519704004045,10,1,5,16094708,130019,Air Advantage,72,1,X,MI,882ab6c137fffff
261519704004046,0,0,1,16094708,130019,Air Advantage,72,1,X,MI,882ab6cad3fffff
261519704004046,10,1,4,16094708,130019,Air Advantage,72,1,X,MI,882ab6c1e7fffff
261519704004047,10,1,5,16094708,130019,Air Advantage,72,1,X,MI,882ab6c1e7fffff
261519704004049,10,1,4,16094708,130019,Air Advantage,72,1,X,MI,882ab6c183fffff
261519704004050,10,1,7,16094708,130019,Air Advantage,72,1,X,MI,882ab6c1a1fffff
261519704004051,10,1,4,16094708,130019,Air Advantage,72,1,X,MI,882ab6c1a1fffff
261519704004052,10,1,1,16094708,130019,Air Advantage,72,1,X,MI,882ab6ca9bfffff
261519704004053,0,0,1,16094708,130019,Air Advantage,72,1,X,MI,882ab6cad3fffff
261519704004054,0,0,1,16094708,130019,Air Advantage,72,1,X,MI,882ab6cad3fffff
261519704004055,0,0,5,16094708,130019,Air Advantage,72,1,X,MI,882ab6c1a3fffff
261519704004055,10,1,12,16094708,130019,Air Advantage,72,1,X,MI,882ab6c1a3fffff
261519704004056,0,0,1,16094708,130019,Air Advantage,72,1,X,MI,882ab6c1a3fffff
261519704004056,10,1,3,16094708,130019,Air Advantage,72,1,X,MI,882ab6c1a3fffff
261519704004057,10,1,3,16094708,130019,Air Advantage,72,1,X,MI,882ab6c1a3fffff
261519704004058,0,0,1,16094708,130019,Air Advantage,72,1,X,MI,882ab6c1a3fffff
261519704004058,10,1,10,16094708,130019,Air Advantage,72,1,X,MI,882ab6c1a3fffff
261519704004059,10,1,8,16094708,130019,Air Advantage,72,1,X,MI,882ab6c1a3fffff
261519704004060,10,1,13,16094708,130019,Air Advantage,72,1,X,MI,882ab6c1a3fffff
261519704004061,10,1,12,16094708,130019,Air Advantage,72,1,X,MI,882ab6c1a3fffff
261519704004062,10,1,7,16094708,130019,Air Advantage,72,1,X,MI,882ab6c1a3fffff
261519704004063,0,0,1,16094708,130019,Air Advantage,72,1,X,MI,882ab6c1bdfffff
261519704004063,10,1,15,16094708,130019,Air Advantage,72,1,X,MI,882ab6c1a3fffff
261519704004064,10,1,7,16094708,130019,Air Advantage,72,1,X,MI,882ab6cf4bfffff
261519704004065,0,0,1,16094708,130019,Air Advantage,72,1,X,MI,882ab6c1b5fffff
261519704004065,10,1,7,16094708,130019,Air Advantage,72,1,X,MI,882ab6cf4bfffff
261519704004066,0,0,3,16094708,130019,Air Advantage,72,1,X,MI,882ab6cf49fffff
261519704004066,10,1,4,16094708,130019,Air Advantage,72,1,X,MI,882ab6c1b5fffff
261519704004067,10,1,1,16094708,130019,Air Advantage,72,1,X,MI,882ab6cf49fffff
261519704004068,10,1,4,16094708,130019,Air Advantage,72,1,X,MI,882ab6c1a7fffff
261519704004069,10,1,8,16094708,130019,Air Advantage,72,1,X,MI,882ab6c1a7fffff
261519704004070,10,1,2,16094708,130019,Air Advantage,72,1,X,MI,882ab6cf4dfffff
261519704004073,10,1,1,16094708,130019,Air Advantage,72,1,X,MI,882ab6ca83fffff
261519704004074,10,1,1,16094708,130019,Air Advantage,72,1,X,MI,882ab6caa9fffff
261519704004075,10,1,1,16094708,130019,Air Advantage,72,1,X,MI,882ab6ca81fffff
261519704004078,10,1,1,16094708,130019,Air Advantage,72,1,X,MI,882ab6caadfffff
261519704004079,10,1,2,16094708,130019,Air Advantage,72,1,X,MI,882ab6ca97fffff
261519704004080,10,1,6,16094708,130019,Air Advantage,72,1,X,MI,882ab6ca97fffff
261519704004084,10,1,1,16094708,130019,Air Advantage,72,1,X,MI,882ab6ca87fffff
261519704004086,10,1,6,16094708,130019,Air Advantage,72,1,X,MI,882ab6cab5fffff
261519704004087,10,1,2,16094708,130019,Air Advantage,72,1,X,MI,882ab6cab3fffff
261519704004089,10,1,2,16094708,130019,Air Advantage,72,1,X,MI,882ab6ca81fffff
261519704004091,0,0,5,16094708,130019,Air Advantage,72,1,X,MI,882ab6cf49fffff
261519704004092,10,1,16,16094708,130019,Air Advantage,72,1,X,MI,882ab6c1a3fffff
261519704004093,10,1,7,16094708,130019,Air Advantage,72,1,X,MI,882ab6c1a3fffff
261519704004094,10,1,5,16094708,130019,Air Advantage,72,1,X,MI,882ab6cf49fffff
261519704004095,10,1,1,16094708,130019,Air Advantage,72,1,X,MI,882ab6c1b5fffff
261519704004096,10,1,6,16094708,130019,Air Advantage,72,1,X,MI,882ab6c1b5fffff
261519704004097,0,0,3,16094708,130019,Air Advantage,72,1,X,MI,882ab6cf49fffff
261519704004097,10,1,6,16094708,130019,Air Advantage,72,1,X,MI,882ab6c1a3fffff
261519704004098,10,1,1,16094708,130019,Air Advantage,72,1,X,MI,882ab6cf49fffff
261519704004100,10,1,1,16094708,130019,Air Advantage,72,1,X,MI,882ab6ca85fffff
261519705001006,10,1,1,16094708,130019,Air Advantage,72,1,X,MI,882ab6c0b3fffff
261519705001009,0,0,1,16094708,130019,Air Advantage,72,1,X,MI,882ab6ce47fffff
261519705001009,10,1,1,16094708,130019,Air Advantage,72,1,X,MI,882ab6ce01fffff
261519705001010,0,0,1,16094708,130019,Air Advantage,72,1,R,MI,882ab6ce15fffff
261519705001010,10,1,7,16094708,130019,Air Advantage,72,1,X,MI,882ab6ce07fffff
261519705001034,10,1,1,16094708,130019,Air Advantage,72,1,X,MI,882ab6cee9fffff
261519705001035,0,0,1,16094708,130019,Air Advantage,72,1,R,MI,882ab6ce11fffff
261519705001035,10,1,1,16094708,130019,Air Advantage,72,1,X,MI,882ab6ce17fffff
261519705001045,10,1,4,16094708,130019,Air Advantage,72,1,X,MI,882ab6ceedfffff
261519705001046,10,1,5,16094708,130019,Air Advantage,72,1,X,MI,882ab6ce31fffff
261519705001047,10,1,2,16094708,130019,Air Advantage,72,1,X,MI,882ab6ce3dfffff
261519705001053,0,0,1,16094708,130019,Air Advantage,72,1,X,MI,882ab6cee7fffff
261519705001053,10,1,3,16094708,130019,Air Advantage,72,1,X,MI,882ab6cc59fffff
261519705001055,0,0,1,16094708,130019,Air Advantage,72,1,R,MI,882ab6cc5bfffff
261519705002001,0,0,1,16094708,130019,Air Advantage,72,1,X,MI,882ab6c0cdfffff
261519705002001,10,1,3,16094708,130019,Air Advantage,72,1,X,MI,882ab6c0cdfffff
261519705002002,0,0,7,16094708,130019,Air Advantage,72,1,X,MI,882ab6c0cdfffff
261519705002002,10,1,3,16094708,130019,Air Advantage,72,1,X,MI,882ab6c0cdfffff
261519705002019,10,1,3,16094708,130019,Air Advantage,72,1,X,MI,882ab6c033fffff
261519705002024,10,1,2,16094708,130019,Air Advantage,72,1,X,MI,882ab6c0c1fffff
261519705003001,0,0,1,16094708,130019,Air Advantage,72,1,X,MI,882ab6c0d7fffff
261519705003001,10,1,1,16094708,130019,Air Advantage,72,1,X,MI,882ab6c0d5fffff
261519705003003,10,1,4,16094708,130019,Air Advantage,72,1,X,MI,882ab6c0d5fffff
261519705003006,10,1,3,16094708,130019,Air Advantage,72,1,X,MI,882ab6c0c3fffff
261519705003008,10,1,4,16094708,130019,Air Advantage,72,1,X,MI,882ab6c0c3fffff
261519705003010,10,1,5,16094708,130019,Air Advantage,72,1,X,MI,882ab6c0a5fffff
261519705003011,10,1,6,16094708,130019,Air Advantage,72,1,X,MI,882ab6c18bfffff
261519705003012,10,1,3,16094708,130019,Air Advantage,72,1,X,MI,882ab6c195fffff
261519705003013,10,1,3,16094708,130019,Air Advantage,72,1,X,MI,882ab6c0a5fffff
261519705003014,10,1,7,16094708,130019,Air Advantage,72,1,X,MI,882ab6c085fffff
261519705003015,10,1,7,16094708,130019,Air Advantage,72,1,X,MI,882ab6c085fffff
261519705003016,0,0,1,16094708,130019,Air Advantage,72,1,X,MI,882ab6c085fffff
261519705003016,10,1,12,16094708,130019,Air Advantage,72,1,X,MI,882ab6c089fffff
261519705003018,0,0,1,16094708,130019,Air Advantage,72,1,X,MI,882ab6c0d5fffff
261519705003018,10,1,12,16094708,130019,Air Advantage,72,1,X,MI,882ab6c089fffff
261519705003019,10,1,2,16094708,130019,Air Advantage,72,1,X,MI,882ab6c0d5fffff
261519705003020,0,0,1,16094708,130019,Air Advantage,72,1,X,MI,882ab6c081fffff
261519705003020,10,1,7,16094708,130019,Air Advantage,72,1,X,MI,882ab6c083fffff
261519705003021,10,1,22,16094708,130019,Air Advantage,72,1,X,MI,882ab6c0d5fffff
261519705003022,10,1,13,16094708,130019,Air Advantage,72,1,X,MI,882ab6c089fffff
261519705003023,10,1,14,16094708,130019,Air Advantage,72,1,X,MI,882ab6c089fffff
261519705003024,10,1,14,16094708,130019,Air Advantage,72,1,X,MI,882ab6c0d5fffff
261519705003025,10,1,7,16094708,130019,Air Advantage,72,1,X,MI,882ab6c0d5fffff
261519705003026,10,1,12,16094708,130019,Air Advantage,72,1,X,MI,882ab6c0d5fffff
261519705003027,10,1,1,16094708,130019,Air Advantage,72,1,X,MI,882ab6c0d5fffff
261519705003028,10,1,5,16094708,130019,Air Advantage,72,1,X,MI,882ab6c08bfffff
261519705003029,10,1,19,16094708,130019,Air Advantage,72,1,X,MI,882ab6c08bfffff
261519705003030,10,1,17,16094708,130019,Air Advantage,72,1,X,MI,882ab6c08bfffff
261519705003032,10,1,6,16094708,130019,Air Advantage,72,1,X,MI,882ab6c0d5fffff
261519705003035,0,0,2,16094708,130019,Air Advantage,72,1,X,MI,882ab6ce49fffff
261519705003045,0,0,1,16094708,130019,Air Advantage,72,1,X,MI,882ab6ce43fffff
261519705003045,10,1,2,16094708,130019,Air Advantage,72,1,X,MI,882ab6ce4dfffff
261519705003046,0,0,1,16094708,130019,Air Advantage,72,1,X,MI,882ab6ce69fffff
261519705003046,10,1,4,16094708,130019,Air Advantage,72,1,X,MI,882ab6ce69fffff
261519705003048,0,0,1,16094708,130019,Air Advantage,72,1,X,MI,882ab6c0b5fffff
261519706003017,0,0,2,16094708,130019,Air Advantage,72,1,X,MI,882ab61b1dfffff
261519706003017,10,1,6,16094708,130019,Air Advantage,72,1,X,MI,882ab61b1dfffff
261519706003019,10,1,2,16094708,130019,Air Advantage,72,1,X,MI,882ab61b1dfffff
261519707001001,0,0,6,16094708,130019,Air Advantage,72,1,X,MI,882ab61801fffff
261519707001001,10,1,57,16094708,130019,Air Advantage,72,1,X,MI,882ab61847fffff
261519707001002,10,1,4,16094708,130019,Air Advantage,72,1,X,MI,882ab61801fffff
261519707001003,0,0,1,16094708,130019,Air Advantage,72,1,X,MI,882ab61801fffff
261519707001003,10,1,7,16094708,130019,Air Advantage,72,1,X,MI,882ab61801fffff
261519707001004,0,0,2,16094708,130019,Air Advantage,72,1,X,MI,882ab61809fffff
261519707001004,10,1,11,16094708,130019,Air Advantage,72,1,X,MI,882ab61809fffff
261519707001005,10,1,6,16094708,130019,Air Advantage,72,1,X,MI,882ab6180bfffff
261519707001006,0,0,1,16094708,130019,Air Advantage,72,1,X,MI,882ab61809fffff
261519707001006,10,1,6,16094708,130019,Air Advantage,72,1,X,MI,882ab61809fffff
261519707001007,10,1,8,16094708,130019,Air Advantage,72,1,X,MI,882ab61809fffff
261519707001008,0,0,1,16094708,130019,Air Advantage,72,1,X,MI,882ab61809fffff
261519707001008,10,1,3,16094708,130019,Air Advantage,72,1,X,MI,882ab61809fffff
261519707001009,0,0,1,16094708,130019,Air Advantage,72,1,X,MI,882ab6180bfffff
261519707001009,10,1,3,16094708,130019,Air Advantage,72,1,X,MI,882ab6180bfffff
261519707001010,10,1,5,16094708,130019,Air Advantage,72,1,X,MI,882ab61809fffff
261519707001011,10,1,3,16094708,130019,Air Advantage,72,1,X,MI,882ab61809fffff
261519707001013,10,1,1,16094708,130019,Air Advantage,72,1,X,MI,882ab61801fffff
261519707001014,0,0,1,16094708,130019,Air Advantage,72,1,X,MI,882ab61809fffff
261519707001014,10,1,5,16094708,130019,Air Advantage,72,1,X,MI,882ab61809fffff
261519707001015,10,1,7,16094708,130019,Air Advantage,72,1,X,MI,882ab61801fffff
261519707001016,10,1,3,16094708,130019,Air Advantage,72,1,X,MI,882ab6180dfffff
261519707001018,0,0,1,16094708,130019,Air Advantage,72,1,X,MI,882ab61809fffff
261519707001018,10,1,7,16094708,130019,Air Advantage,72,1,X,MI,882ab61801fffff
261519707001019,10,1,6,16094708,130019,Air Advantage,72,1,X,MI,882ab61809fffff
261519707001020,10,1,5,16094708,130019,Air Advantage,72,1,X,MI,882ab61809fffff
261519707001021,10,1,21,16094708,130019,Air Advantage,72,1,X,MI,882ab6180bfffff
261519707001022,10,1,14,16094708,130019,Air Advantage,72,1,X,MI,882ab6180bfffff
261519707001023,10,1,15,16094708,130019,Air Advantage,72,1,X,MI,882ab6180bfffff
261519707001024,10,1,8,16094708,130019,Air Advantage,72,1,X,MI,882ab61803fffff
261519707001025,10,1,5,16094708,130019,Air Advantage,72,1,X,MI,882ab61801fffff
261519707001026,10,1,14,16094708,130019,Air Advantage,72,1,X,MI,882ab6180bfffff
261519707001027,10,1,13,16094708,130019,Air Advantage,72,1,X,MI,882ab6180bfffff
261519707001028,10,1,6,16094708,130019,Air Advantage,72,1,X,MI,882ab61801fffff
261519707001029,10,1,10,16094708,130019,Air Advantage,72,1,X,MI,882ab6180bfffff
261519707001030,10,1,12,16094708,130019,Air Advantage,72,1,X,MI,882ab6180bfffff
261519707001031,0,0,1,16094708,130019,Air Advantage,72,1,X,MI,882ab61803fffff
261519707001031,10,1,15,16094708,130019,Air Advantage,72,1,X,MI,882ab61803fffff
261519707001032,0,0,1,16094708,130019,Air Advantage,72,1,X,MI,882ab61803fffff
261519707001032,10,1,4,16094708,130019,Air Advantage,72,1,X,MI,882ab61803fffff
261519707001033,10,1,4,16094708,130019,Air Advantage,72,1,X,MI,882ab61803fffff
261519707001034,0,0,1,16094708,130019,Air Advantage,72,1,X,MI,882ab61803fffff
261519707001034,10,1,6,16094708,130019,Air Advantage,72,1,X,MI,882ab61803fffff
261519707001035,10,1,3,16094708,130019,Air Advantage,72,1,X,MI,882ab61809fffff
261519707001036,10,1,7,16094708,130019,Air Advantage,72,1,X,MI,882ab61809fffff
261519707001037,10,1,9,16094708,130019,Air Advantage,72,1,X,MI,882ab61809fffff
261519707001038,10,1,7,16094708,130019,Air Advantage,72,1,X,MI,882ab61809fffff
261519707001039,10,1,3,16094708,130019,Air Advantage,72,1,X,MI,882ab61809fffff
261519707001040,10,1,3,16094708,130019,Air Advantage,72,1,X,MI,882ab61809fffff
261519707001041,10,1,4,16094708,130019,Air Advantage,72,1,X,MI,882ab6180dfffff
261519707001042,0,0,2,16094708,130019,Air Advantage,72,1,X,MI,882ab61801fffff
261519707001042,10,1,6,16094708,130019,Air Advantage,72,1,X,MI,882ab61809fffff
261519707001043,10,1,12,16094708,130019,Air Advantage,72,1,X,MI,882ab61801fffff
261519707001044,10,1,13,16094708,130019,Air Advantage,72,1,X,MI,882ab61801fffff
261519707001045,10,1,7,16094708,130019,Air Advantage,72,1,X,MI,882ab61801fffff
261519707001046,10,1,16,16094708,130019,Air Advantage,72,1,X,MI,882ab6180bfffff
261519707001047,10,1,12,16094708,130019,Air Advantage,72,1,X,MI,882ab6180bfffff
261519707001048,10,1,8,16094708,130019,Air Advantage,72,1,X,MI,882ab61801fffff
261519707001049,10,1,8,16094708,130019,Air Advantage,72,1,X,MI,882ab6180bfffff
261519707001050,10,1,1,16094708,130019,Air Advantage,72,1,X,MI,882ab61803fffff
261519707001051,10,1,10,16094708,130019,Air Advantage,72,1,X,MI,882ab61803fffff
261519707002003,0,0,5,16094708,130019,Air Advantage,72,1,X,MI,882ab6181dfffff
261519707002003,10,1,38,16094708,130019,Air Advantage,72,1,X,MI,882ab61815fffff
261519707002004,10,1,14,16094708,130019,Air Advantage,72,1,X,MI,882ab61815fffff
261519707002005,10,1,2,16094708,130019,Air Advantage,72,1,X,MI,882ab61803fffff
261519707002007,0,0,3,16094708,130019,Air Advantage,72,1,X,MI,882ab6181dfffff
261519707002007,10,1,19,16094708,130019,Air Advantage,72,1,X,MI,882ab61815fffff
261519707002008,10,1,13,16094708,130019,Air Advantage,72,1,X,MI,882ab61815fffff
261519707002009,10,1,4,16094708,130019,Air Advantage,72,1,X,MI,882ab61803fffff
261519707002010,10,1,2,16094708,130019,Air Advantage,72,1,X,MI,882ab61803fffff
261519707002011,10,1,1,16094708,130019,Air Advantage,72,1,X,MI,882ab61811fffff
261519707002013,10,1,1,16094708,130019,Air Advantage,72,1,X,MI,882ab61811fffff
261519707002014,0,0,1,16094708,130019,Air Advantage,72,1,X,MI,882ab6181dfffff
261519707002014,10,1,8,16094708,130019,Air Advantage,72,1,X,MI,882ab6181dfffff
261519707002015,0,0,1,16094708,130019,Air Advantage,72,1,X,MI,882ab61803fffff
261519707002015,10,1,4,16094708,130019,Air Advantage,72,1,X,MI,882ab61815fffff
261519707002017,10,1,7,16094708,130019,Air Advantage,72,1,X,MI,882ab61803fffff
261519707002021,0,0,1,16094708,130019,Air Advantage,72,1,X,MI,882ab61803fffff
261519707002022,10,1,7,16094708,130019,Air Advantage,72,1,X,MI,882ab61803fffff
261519707002023,10,1,7,16094708,130019,Air Advantage,72,1,X,MI,882ab61803fffff
261519707002024,10,1,3,16094708,130019,Air Advantage,72,1,X,MI,882ab61803fffff
261519707002025,10,1,4,16094708,130019,Air Advantage,72,1,X,MI,882ab61803fffff
261519707002026,0,0,1,16094708,130019,Air Advantage,72,1,X,MI,882ab61803fffff
261519707002028,10,1,1,16094708,130019,Air Advantage,72,1,X,MI,882ab61803fffff
261519707002031,10,1,2,16094708,130019,Air Advantage,72,1,X,MI,882ab61817fffff
261519708001004,10,1,1,16094708,130019,Air Advantage,72,1,X,MI,882ab6cea1fffff
261519708001005,10,1,1,16094708,130019,Air Advantage,72,1,X,MI,882ab6cea1fffff
261519708001006,10,1,2,16094708,130019,Air Advantage,72,1,X,MI,882ab6cea7fffff
261519708001007,10,1,1,16094708,130019,Air Advantage,72,1,X,MI,882ab6cc53fffff
261519708001009,0,0,1,16094708,130019,Air Advantage,72,1,X,MI,882ab6cc11fffff
261519708001009,10,1,6,16094708,130019,Air Advantage,72,1,X,MI,882ab6cc1dfffff
261519708001010,0,0,1,16094708,130019,Air Advantage,72,1,R,MI,882ab6ceb5fffff
261519708001018,10,1,3,16094708,130019,Air Advantage,72,1,R,MI,882ab6ceb1fffff
261519708001019,10,1,2,16094708,130019,Air Advantage,72,1,X,MI,882ab6ccddfffff
261519708001020,10,1,1,16094708,130019,Air Advantage,72,1,X,MI,882ab6cea3fffff
261519708001021,10,1,4,16094708,130019,Air Advantage,72,1,X,MI,882ab6cea7fffff
261519708001022,0,0,1,16094708,130019,Air Advantage,72,1,X,MI,882ab6ccc3fffff
261519708001022,10,1,3,16094708,130019,Air Advantage,72,1,X,MI,882ab6cc1bfffff
261519708001025,0,0,1,16094708,130019,Air Advantage,72,1,R,MI,882ab6cc13fffff
261519708001025,10,1,5,16094708,130019,Air Advantage,72,1,X,MI,882ab6cc11fffff
261519708001026,10,1,1,16094708,130019,Air Advantage,72,1,X,MI,882ab6ccebfffff
261519708001027,10,1,1,16094708,130019,Air Advantage,72,1,X,MI,882ab61b63fffff
261519708001028,10,1,2,16094708,130019,Air Advantage,72,1,X,MI,882ab61b63fffff
261519708001029,0,0,1,16094708,130019,Air Advantage,72,1,X,MI,882ab61b05fffff
261519708001029,10,1,2,16094708,130019,Air Advantage,72,1,X,MI,882ab61b21fffff
261519708001030,0,0,1,16094708,130019,Air Advantage,72,1,X,MI,882ab61b05fffff
261519708001030,10,1,5,16094708,130019,Air Advantage,72,1,R,MI,882ab61b09fffff
261519708001031,0,0,1,16094708,130019,Air Advantage,72,1,X,MI,882ab61b03fffff
261519708001031,10,1,2,16094708,130019,Air Advantage,72,1,X,MI,882ab61b07fffff
261519708001033,10,1,3,16094708,130019,Air Advantage,72,1,X,MI,882ab61b23fffff
261519708001034,10,1,19,16094708,130019,Air Advantage,72,1,X,MI,882ab6cc9bfffff
261519708001035,0,0,1,16094708,130019,Air Advantage,72,1,X,MI,882ab6cccbfffff
261519708001035,10,1,2,16094708,130019,Air Advantage,72,1,X,MI,882ab6ccc3fffff
261519708002012,10,1,6,16094708,130019,Air Advantage,72,1,B,MI,882ab6cc91fffff
261519708002016,10,1,3,16094708,130019,Air Advantage,72,1,X,MI,882ab6ccb9fffff
261519708002020,0,0,1,16094708,130019,Air Advantage,72,1,B,MI,882ab6cc97fffff
261519708002020,10,1,4,16094708,130019,Air Advantage,72,1,X,MI,882ab6ccbbfffff
261519708002021,10,1,2,16094708,130019,Air Advantage,72,1,X,MI,882ab6cc97fffff
261519708002023,10,1,8,16094708,130019,Air Advantage,72,1,X,MI,882ab6cc91fffff
261519708002024,10,1,10,16094708,130019,Air Advantage,72,1,X,MI,882ab6cc95fffff
261519708002025,10,1,5,16094708,130019,Air Advantage,72,1,X,MI,882ab6cc91fffff
261519708002026,0,0,1,16094708,130019,Air Advantage,72,1,X,MI,882ab6cc91fffff
261519708002026,10,1,7,16094708,130019,Air Advantage,72,1,X,MI,882ab6cc91fffff
261519708002027,10,1,1,16094708,130019,Air Advantage,72,1,X,MI,882ab6cc91fffff
261519708002032,10,1,30,16094708,130019,Air Advantage,72,1,X,MI,882ab6cc9dfffff
261519708002033,10,1,21,16094708,130019,Air Advantage,72,1,X,MI,882ab6cc9dfffff
261519708002034,10,1,1,16094708,130019,Air Advantage,72,1,X,MI,882ab6cc9dfffff
261519708002036,10,1,1,16094708,130019,Air Advantage,72,1,X,MI,882ab6cc97fffff
261519708002037,10,1,14,16094708,130019,Air Advantage,72,1,X,MI,882ab6cc97fffff
261519708002038,0,0,1,16094708,130019,Air Advantage,72,1,X,MI,882ab6cc97fffff
261519708002038,10,1,12,16094708,130019,Air Advantage,72,1,X,MI,882ab6cc97fffff
261519708002040,10,1,1,16094708,130019,Air Advantage,72,1,X,MI,882ab6cc97fffff
261519708002041,0,0,1,16094708,130019,Air Advantage,72,1,X,MI,882ab6cc97fffff
261519708002041,10,1,5,16094708,130019,Air Advantage,72,1,X,MI,882ab6cc97fffff
261519708002042,10,1,4,16094708,130019,Air Advantage,72,1,X,MI,882ab61965fffff
261519708002043,10,1,4,16094708,130019,Air Advantage,72,1,X,MI,882ab6ccbbfffff
261519708002044,10,1,1,16094708,130019,Air Advantage,72,1,X,MI,882ab6ccbbfffff
261519708003000,10,1,4,16094708,130019,Air Advantage,72,1,X,MI,882ab6ccd1fffff
261519708003001,10,1,6,16094708,130019,Air Advantage,72,1,X,MI,882ab6ccd7fffff
261519708003004,10,1,8,16094708,130019,Air Advantage,72,1,X,MI,882ab6ccd7fffff
261519708003005,10,1,4,16094708,130019,Air Advantage,72,1,X,MI,882ab6ccd7fffff
261519708003006,10,1,3,16094708,130019,Air Advantage,72,1,X,MI,882ab6ccd7fffff
261519708003007,10,1,28,16094708,130019,Air Advantage,72,1,X,MI,882ab6ccd3fffff
261519708003008,10,1,1,16094708,130019,Air Advantage,72,1,X,MI,882ab6ccd7fffff
261519708003009,10,1,5,16094708,130019,Air Advantage,72,1,X,MI,882ab6ccd7fffff
261519708003010,10,1,16,16094708,130019,Air Advantage,72,1,X,MI,882ab6ccd7fffff
261519708003011,0,0,1,16094708,130019,Air Advantage,72,1,X,MI,882ab6ccd7fffff
261519708003011,10,1,2,16094708,130019,Air Advantage,72,1,X,MI,882ab6ccd7fffff
261519708003012,10,1,7,16094708,130019,Air Advantage,72,1,X,MI,882ab6ccd7fffff
261519708003013,10,1,17,16094708,130019,Air Advantage,72,1,X,MI,882ab6cc9dfffff
261519708003014,10,1,5,16094708,130019,Air Advantage,72,1,X,MI,882ab6cc99fffff
261519708003015,10,1,2,16094708,130019,Air Advantage,72,1,X,MI,882ab6cc99fffff
261519708003016,0,0,1,16094708,130019,Air Advantage,72,1,X,MI,882ab6cc99fffff
261519708003016,10,1,20,16094708,130019,Air Advantage,72,1,X,MI,882ab6cc99fffff
261519708003017,10,1,10,16094708,130019,Air Advantage,72,1,X,MI,882ab6cc99fffff
261519708003018,0,0,1,16094708,130019,Air Advantage,72,1,X,MI,882ab6cc99fffff
261519708003018,10,1,8,16094708,130019,Air Advantage,72,1,X,MI,882ab6cc99fffff
261519708003019,10,1,18,16094708,130019,Air Advantage,72,1,X,MI,882ab6cc9dfffff
261519708003020,10,1,12,16094708,130019,Air Advantage,72,1,X,MI,882ab6cc91fffff
261519708003021,10,1,16,16094708,130019,Air Advantage,72,1,X,MI,882ab6cc91fffff
261519708003022,10,1,8,16094708,130019,Air Advantage,72,1,X,MI,882ab6cc99fffff
261519708003023,10,1,17,16094708,130019,Air Advantage,72,1,X,MI,882ab6cc99fffff
261519708003024,10,1,19,16094708,130019,Air Advantage,72,1,X,MI,882ab6cc99fffff
261519708003025,10,1,15,16094708,130019,Air Advantage,72,1,X,MI,882ab6ccd3fffff
261519708003026,10,1,6,16094708,130019,Air Advantage,72,1,X,MI,882ab6ccd3fffff
261519708003028,10,1,4,16094708,130019,Air Advantage,72,1,X,MI,882ab6cc91fffff
261519708003030,10,1,7,16094708,130019,Air Advantage,72,1,X,MI,882ab6cc91fffff
261519708003031,10,1,1,16094708,130019,Air Advantage,72,1,X,MI,882ab6cc9bfffff
261519708004000,10,1,1,16094708,130019,Air Advantage,72,1,X,MI,882ab61845fffff
261519708004000,50,10,1,16094708,130019,Air Advantage,72,1,R,MI,882ab61b17fffff
261519708004001,10,1,1,16094708,130019,Air Advantage,72,1,X,MI,882ab61959fffff
261519708004002,10,1,12,16094708,130019,Air Advantage,72,1,X,MI,882ab6195dfffff
261519708004003,10,1,10,16094708,130019,Air Advantage,72,1,X,MI,882ab6195dfffff
261519708004004,10,1,1,16094708,130019,Air Advantage,72,1,X,MI,882ab61945fffff
261519708004005,10,1,10,16094708,130019,Air Advantage,72,1,X,MI,882ab6cc93fffff
261519708004006,0,0,1,16094708,130019,Air Advantage,72,1,X,MI,882ab6cc93fffff
261519708004006,10,1,5,16094708,130019,Air Advantage,72,1,X,MI,882ab6cc93fffff
261519708004010,0,0,1,16094708,130019,Air Advantage,72,1,X,MI,882ab6cc97fffff
261519708004011,10,1,5,16094708,130019,Air Advantage,72,1,X,MI,882ab6cc97fffff
261519708004013,0,0,1,16094708,130019,Air Advantage,72,1,R,MI,882ab6190dfffff
261519708004013,10,1,2,16094708,130019,Air Advantage,72,1,X,MI,882ab61909fffff
261519708004014,10,1,11,16094708,130019,Air Advantage,72,1,X,MI,882ab6cc93fffff
261519708004015,10,1,6,16094708,130019,Air Advantage,72,1,X,MI,882ab6cc93fffff
261519708004016,10,1,10,16094708,130019,Air Advantage,72,1,X,MI,882ab6cc93fffff
261519708004019,10,1,3,16094708,130019,Air Advantage,72,1,R,MI,882ab61963fffff
261519708004024,10,1,1,16094708,130019,Air Advantage,72,1,X,MI,882ab61931fffff
261519708004025,10,1,1,16094708,130019,Air Advantage,72,1,X,MI,882ab61931fffff
261519708004028,10,1,2,16094708,130019,Air Advantage,72,1,X,MI,882ab6193dfffff
261519708004029,0,0,1,16094708,130019,Air Advantage,72,1,R,MI,882ab61923fffff
261519708004029,10,1,1,16094708,130019,Air Advantage,72,1,X,MI,882ab61921fffff
261519708004030,0,0,1,16094708,130019,Air Advantage,72,1,X,MI,882ab6196bfffff
261519708004030,10,1,12,16094708,130019,Air Advantage,72,1,X,MI,882ab61963fffff
261519708004031,0,0,1,16094708,130019,Air Advantage,72,1,R,MI,882ab656ddfffff
261519708004031,10,1,1,16094708,130019,Air Advantage,72,1,X,MI,882ab656cbfffff
261519708004033,0,0,1,16094708,130019,Air Advantage,72,1,X,MI,882ab6193bfffff
261519708004033,10,1,2,16094708,130019,Air Advantage,72,1,X,MI,882ab61903fffff
261519708004034,10,1,3,16094708,130019,Air Advantage,72,1,X,MI,882ab619edfffff
261519708004036,10,1,5,16094708,130019,Air Advantage,72,1,X,MI,882ab619e5fffff
261519708004037,10,1,4,16094708,130019,Air Advantage,72,1,X,MI,882ab61829fffff
261519708004039,10,1,11,16094708,130019,Air Advantage,72,1,X,MI,882ab61863fffff
261519708004041,10,1,8,16094708,130019,Air Advantage,72,1,X,MI,882ab6180dfffff
261519708004042,10,1,4,16094708,130019,Air Advantage,72,1,X,MI,882ab6180dfffff
261519708004044,10,1,4,16094708,130019,Air Advantage,72,1,X,MI,882ab6180dfffff
261519708004045,0,0,1,16094708,130019,Air Advantage,72,1,X,MI,882ab6180dfffff
261519708004045,10,1,3,16094708,130019,Air Advantage,72,1,X,MI,882ab6180dfffff
261519708004046,10,1,3,16094708,130019,Air Advantage,72,1,X,MI,882ab6180dfffff
261519708004047,10,1,6,16094708,130019,Air Advantage,72,1,X,MI,882ab6180dfffff
261519708004048,10,1,3,16094708,130019,Air Advantage,72,1,X,MI,882ab6190bfffff
261519708004049,0,0,1,16094708,130019,Air Advantage,72,1,X,MI,882ab61909fffff
261519708004049,10,1,9,16094708,130019,Air Advantage,72,1,X,MI,882ab61955fffff
261519708004050,10,1,6,16094708,130019,Air Advantage,72,1,X,MI,882ab61957fffff
261519708004051,0,0,1,16094708,130019,Air Advantage,72,1,R,MI,882ab61861fffff
261519708005000,10,1,8,16094708,130019,Air Advantage,72,1,X,MI,882ab6180dfffff
261519708005001,10,1,5,16094708,130019,Air Advantage,72,1,X,MI,882ab6180dfffff
261519708005002,10,1,20,16094708,130019,Air Advantage,72,1,X,MI,882ab61805fffff
261519708005004,10,1,8,16094708,130019,Air Advantage,72,1,X,MI,882ab61829fffff
261519708005006,10,1,2,16094708,130019,Air Advantage,72,1,X,MI,882ab61821fffff
261519708005007,10,1,9,16094708,130019,Air Advantage,72,1,X,MI,882ab61911fffff
261519708005008,10,1,4,16094708,130019,Air Advantage,72,1,X,MI,882ab61911fffff
261519708005009,10,1,4,16094708,130019,Air Advantage,72,1,X,MI,882ab61917fffff
261519708005010,10,1,11,16094708,130019,Air Advantage,72,1,X,MI,882ab619e1fffff
261519708005011,10,1,8,16094708,130019,Air Advantage,72,1,X,MI,882ab619c5fffff
261519708005012,0,0,1,16094708,130019,Air Advantage,72,1,X,MI,882ab619c1fffff
261519708005012,10,1,5,16094708,130019,Air Advantage,72,1,X,MI,882ab619c5fffff
261519708005013,0,0,1,16094708,130019,Air Advantage,72,1,X,MI,882ab619cbfffff
261519708005013,10,1,2,16094708,130019,Air Advantage,72,1,X,MI,882ab61823fffff
261519708005014,10,1,1,16094708,130019,Air Advantage,72,1,X,MI,882ab61823fffff
261519708005015,10,1,19,16094708,130019,Air Advantage,72,1,X,MI,882ab61803fffff
261519708005016,0,0,2,16094708,130019,Air Advantage,72,1,X,MI,882ab61803fffff
261519708005016,10,1,7,16094708,130019,Air Advantage,72,1,X,MI,882ab61803fffff
261519708005017,10,1,9,16094708,130019,Air Advantage,72,1,X,MI,882ab61803fffff
261519708005018,10,1,7,16094708,130019,Air Advantage,72,1,X,MI,882ab61801fffff
261519708005019,10,1,5,16094708,130019,Air Advantage,72,1,X,MI,882ab61801fffff
261519708005020,10,1,6,16094708,130019,Air Advantage,72,1,X,MI,882ab61801fffff
261519708005021,10,1,7,16094708,130019,Air Advantage,72,1,X,MI,882ab61801fffff
261519708005022,10,1,4,16094708,130019,Air Advantage,72,1,X,MI,882ab61801fffff
261519708005023,10,1,2,16094708,130019,Air Advantage,72,1,X,MI,882ab61801fffff
261519708005024,10,1,1,16094708,130019,Air Advantage,72,1,X,MI,882ab61801fffff
261519708005025,10,1,1,16094708,130019,Air Advantage,72,1,X,MI,882ab61801fffff
261519708005027,10,1,3,16094708,130019,Air Advantage,72,1,X,MI,882ab61801fffff
261519708005028,10,1,2,16094708,130019,Air Advantage,72,1,X,MI,882ab61801fffff
261519708005029,0,0,2,16094708,130019,Air Advantage,72,1,X,MI,882ab61807fffff
261519708005029,10,1,11,16094708,130019,Air Advantage,72,1,X,MI,882ab61805fffff
261519708005030,0,0,1,16094708,130019,Air Advantage,72,1,X,MI,882ab61831fffff
261519708005030,10,1,10,16094708,130019,Air Advantage,72,1,X,MI,882ab619d9fffff
261519708005031,0,0,2,16094708,130019,Air Advantage,72,1,X,MI,882ab619d5fffff
261519708005031,10,1,11,16094708,130019,Air Advantage,72,1,X,MI,882ab619d1fffff
261519708005032,0,0,1,16094708,130019,Air Advantage,72,1,X,MI,882ab61989fffff
261519708005032,10,1,5,16094708,130019,Air Advantage,72,1,X,MI,882ab619c1fffff
261519708005033,0,0,1,16094708,130019,Air Advantage,72,1,X,MI,882ab619e1fffff
261519708005033,10,1,13,16094708,130019,Air Advantage,72,1,X,MI,882ab619e1fffff
261519708005034,10,1,2,16094708,130019,Air Advantage,72,1,X,MI,882ab61989fffff
261519708005035,10,1,10,16094708,130019,Air Advantage,72,1,X,MI,882ab619ebfffff
261519708005036,10,1,7,16094708,130019,Air Advantage,72,1,X,MI,882ab61983fffff
261519708005037,0,0,2,16094708,130019,Air Advantage,72,1,X,MI,882ab619d3fffff
261519708005037,10,1,12,16094708,130019,Air Advantage,72,1,X,MI,882ab61981fffff
261519708005038,10,1,4,16094708,130019,Air Advantage,72,1,X,MI,882ab61989fffff
261519708005039,0,0,1,16094708,130019,Air Advantage,72,1,X,MI,882ab619d5fffff
261519708005039,10,1,2,16094708,130019,Air Advantage,72,1,X,MI,882ab619dbfffff
261519708005040,10,1,5,16094708,130019,Air Advantage,72,1,X,MI,882ab618e1fffff
261519708005041,10,1,5,16094708,130019,Air Advantage,72,1,X,MI,882ab619d3fffff
261519708005042,10,1,7,16094708,130019,Air Advantage,72,1,X,MI,882ab619bdfffff
261519708005043,0,0,2,16094708,130019,Air Advantage,72,1,R,MI,882ab619e1fffff
261519708005043,10,1,9,16094708,130019,Air Advantage,72,1,X,MI,882ab619a9fffff
261519708005045,0,0,2,16094708,130019,Air Advantage,72,1,R,MI,882ab656d3fffff
261519708005045,10,1,9,16094708,130019,Air Advantage,72,1,X,MI,882ab656dbfffff
261519708005046,10,1,7,16094708,130019,Air Advantage,72,1,X,MI,882ab656d3fffff
261519708005047,10,1,2,16094708,130019,Air Advantage,72,1,X,MI,882ab656d5fffff
261519709001003,10,1,1,16094708,130019,Air Advantage,72,1,X,MI,882ab6ca29fffff
261519709001004,10,1,3,16094708,130019,Air Advantage,72,1,X,MI,882ab6ca2dfffff
261519709001005,10,1,5,16094708,130019,Air Advantage,72,1,X,MI,882ab6cb53fffff
261519709001006,10,1,1,16094708,130019,Air Advantage,72,1,X,MI,882ab6cb11fffff
261519709001007,10,1,2,16094708,130019,Air Advantage,72,1,X,MI,882ab6cb1dfffff
261519709001008,10,1,6,16094708,130019,Air Advantage,72,1,X,MI,882ab6cb17fffff
261519709001011,10,1,3,16094708,130019,Air Advantage,72,1,X,MI,882ab6cb3bfffff
261519709001012,10,1,1,16094708,130019,Air Advantage,72,1,X,MI,882ab6cb3dfffff
261519709001013,10,1,2,16094708,130019,Air Advantage,72,1,X,MI,882ab6cb2bfffff
261519709001017,10,1,1,16094708,130019,Air Advantage,72,1,X,MI,882ab6c955fffff
261519709001018,10,1,3,16094708,130019,Air Advantage,72,1,X,MI,882ab6cb17fffff
261519709001019,10,1,1,16094708,130019,Air Advantage,72,1,X,MI,882ab6ca27fffff
261519709001020,10,1,2,16094708,130019,Air Advantage,72,1,X,MI,882ab6ca35fffff
261519709001021,10,1,1,16094708,130019,Air Advantage,72,1,X,MI,882ab6c849fffff
261519709001022,10,1,1,16094708,130019,Air Advantage,72,1,X,MI,882ab6ca23fffff
261519709001023,0,0,1,16094708,130019,Air Advantage,72,1,X,MI,882ab6ca3dfffff
261519709001023,10,1,1,16094708,130019,Air Advantage,72,1,X,MI,882ab6ca31fffff
261519709001026,10,1,2,16094708,130019,Air Advantage,72,1,X,MI,882ab6ca37fffff
261519709001027,10,1,4,16094708,130019,Air Advantage,72,1,X,MI,882ab6c84bfffff
261519709001028,10,1,1,16094708,130019,Air Advantage,72,1,X,MI,882ab6c809fffff
261519709001029,10,1,2,16094708,130019,Air Advantage,72,1,X,MI,882ab6c845fffff
261519709001030,10,1,2,16094708,130019,Air Advantage,72,1,X,MI,882ab6c86bfffff
261519709001031,0,0,1,16094708,130019,Air Advantage,72,1,X,MI,882ab6c86bfffff
261519709001031,10,1,1,16094708,130019,Air Advantage,72,1,X,MI,882ab6c861fffff
261519709001032,10,1,5,16094708,130019,Air Advantage,72,1,X,MI,882ab6c867fffff
261519709001033,10,1,9,16094708,130019,Air Advantage,72,1,X,MI,882ab6c86dfffff
261519709001034,10,1,2,16094708,130019,Air Advantage,72,1,X,MI,882ab6c95dfffff
261519709001035,10,1,2,16094708,130019,Air Advantage,72,1,X,MI,882ab6c955fffff
261519709001037,10,1,1,16094708,130019,Air Advantage,72,1,X,MI,882ab6c919fffff
261519709001040,10,1,4,16094708,130019,Air Advantage,72,1,X,MI,882ab6c9cdfffff
261519709001041,10,1,2,16094708,130019,Air Advantage,72,1,X,MI,882ab6c827fffff
261519709001043,0,0,2,16094708,130019,Air Advantage,72,1,X,MI,882ab6c823fffff
261519709001043,10,1,13,16094708,130019,Air Advantage,72,1,X,MI,882ab6c82dfffff
261519709001044,0,0,1,16094708,130019,Air Advantage,72,1,X,MI,882ab6c829fffff
261519709001044,10,1,5,16094708,130019,Air Advantage,72,1,X,MI,882ab6c953fffff
261519709001045,10,1,2,16094708,130019,Air Advantage,72,1,X,MI,882ab6c805fffff
261519709001046,0,0,1,16094708,130019,Air Advantage,72,1,R,MI,882ab6c805fffff
261519709001046,10,1,4,16094708,130019,Air Advantage,72,1,X,MI,882ab6c82bfffff
261519709001047,10,1,2,16094708,130019,Air Advantage,72,1,X,MI,882ab6c809fffff
261519709001048,10,1,4,16094708,130019,Air Advantage,72,1,X,MI,882ab6c803fffff
261519709001049,10,1,5,16094708,130019,Air Advantage,72,1,X,MI,882ab6c851fffff
261519709001050,10,1,1,16094708,130019,Air Advantage,72,1,X,MI,882ab6c851fffff
261519709001051,10,1,1,16094708,130019,Air Advantage,72,1,X,MI,882ab6c819fffff
261519709001052,10,1,2,16094708,130019,Air Advantage,72,1,X,MI,882ab6c817fffff
261519709001053,10,1,4,16094708,130019,Air Advantage,72,1,X,MI,882ab6c839fffff
261519709001054,0,0,1,16094708,130019,Air Advantage,72,1,X,MI,882ab6c83dfffff
261519709001054,10,1,7,16094708,130019,Air Advantage,72,1,X,MI,882ab6c831fffff
261519709001055,10,1,7,16094708,130019,Air Advantage,72,1,X,MI,882ab6c831fffff
261519709001056,0,0,1,16094708,130019,Air Advantage,72,1,X,MI,882ab6c835fffff
261519709001056,10,1,10,16094708,130019,Air Advantage,72,1,X,MI,882ab6c823fffff
261519709001057,10,1,6,16094708,130019,Air Advantage,72,1,X,MI,882ab6caa9fffff
261519709001062,0,0,1,16094708,130019,Air Advantage,72,1,X,MI,882ab6c8c1fffff
261519709001062,10,1,2,16094708,130019,Air Advantage,72,1,X,MI,882ab6c8c1fffff
261519709001063,10,1,2,16094708,130019,Air Advantage,72,1,X,MI,882ab6cab7fffff
261519709001064,10,1,1,16094708,130019,Air Advantage,72,1,X,MI,882ab6c859fffff
261519709001065,10,1,8,16094708,130019,Air Advantage,72,1,X,MI,882ab6c8edfffff
261519709001066,10,1,40,16094708,130019,Air Advantage,72,1,X,MI,882ab6c9c3fffff
261519709001067,10,1,7,16094708,130019,Air Advantage,72,1,X,MI,882ab6c98dfffff
261519709001069,10,1,6,16094708,130019,Air Advantage,72,1,X,MI,882ab6c98dfffff
261519709001070,10,1,1,16094708,130019,Air Advantage,72,1,X,MI,882ab6c989fffff
261519709002000,10,1,4,16094708,130019,Air Advantage,72,1,X,MI,882ab6c9d9fffff
261519709002001,10,1,3,16094708,130019,Air Advantage,72,1,X,MI,882ab6c837fffff
261519709002002,0,0,1,16094708,130019,Air Advantage,72,1,X,MI,882ab6c837fffff
261519709002002,10,1,5,16094708,130019,Air Advantage,72,1,X,MI,882ab6c837fffff
261519709002004,0,0,3,16094708,130019,Air Advantage,72,1,X,MI,882ab6c837fffff
261519709002004,10,1,11,16094708,130019,Air Advantage,72,1,X,MI,882ab6c837fffff
261519709002005,0,0,1,16094708,130019,Air Advantage,72,1,X,MI,882ab6c9ddfffff
261519709002005,10,1,2,16094708,130019,Air Advantage,72,1,X,MI,882ab6c837fffff
261519709002006,10,1,1,16094708,130019,Air Advantage,72,1,X,MI,882ab6c9ddfffff
261519709002007,0,0,2,16094708,130019,Air Advantage,72,1,X,MI,882ab6c9d9fffff
261519709002007,10,1,26,16094708,130019,Air Advantage,72,1,X,MI,882ab6c9ddfffff
261519709002008,10,1,10,16094708,130019,Air Advantage,72,1,X,MI,882ab6c9d9fffff
261519709002009,10,1,6,16094708,130019,Air Advantage,72,1,X,MI,882ab6c9d1fffff
261519709002010,10,1,15,16094708,130019,Air Advantage,72,1,X,MI,882ab6c9d9fffff
261519709002011,10,1,8,16094708,130019,Air Advantage,72,1,X,MI,882ab6c9d1fffff
261519709002012,0,0,3,16094708,130019,Air Advantage,72,1,X,MI,882ab6c9ddfffff
261519709002012,10,1,64,16094708,130019,Air Advantage,72,1,X,MI,882ab6c9c3fffff
261519709002015,10,1,7,16094708,130019,Air Advantage,72,1,X,MI,882ab6c9ddfffff
261519709002016,10,1,16,16094708,130019,Air Advantage,72,1,X,MI,882ab6c9ddfffff
261519709002017,10,1,2,16094708,130019,Air Advantage,72,1,X,MI,882ab6c9d1fffff
261519709002018,10,1,4,16094708,130019,Air Advantage,72,1,X,MI,882ab6c9d1fffff
261519709002019,10,1,13,16094708,130019,Air Advantage,72,1,X,MI,882ab6c9d1fffff
261519709002020,10,1,4,16094708,130019,Air Advantage,72,1,X,MI,882ab6c9d1fffff
261519709002021,10,1,5,16094708,130019,Air Advantage,72,1,X,MI,882ab6c9d1fffff
261519709002022,10,1,8,16094708,130019,Air Advantage,72,1,X,MI,882ab6c9d1fffff
261519709002023,10,1,5,16094708,130019,Air Advantage,72,1,X,MI,882ab6c9d5fffff
261519709002024,10,1,11,16094708,130019,Air Advantage,72,1,X,MI,882ab6c9d5fffff
261519709002025,10,1,6,16094708,130019,Air Advantage,72,1,X,MI,882ab6c9d5fffff
261519709002026,10,1,10,16094708,130019,Air Advantage,72,1,X,MI,882ab6c9d9fffff
261519709002027,10,1,8,16094708,130019,Air Advantage,72,1,X,MI,882ab6c9d9fffff
261519709002028,10,1,10,16094708,130019,Air Advantage,72,1,X,MI,882ab6c9d1fffff
261519709002029,10,1,7,16094708,130019,Air Advantage,72,1,X,MI,882ab6c9d1fffff
261519709002030,10,1,13,16094708,130019,Air Advantage,72,1,X,MI,882ab6c9d5fffff
261519709002031,10,1,8,16094708,130019,Air Advantage,72,1,X,MI,882ab6c9d1fffff
261519709003000,10,1,5,16094708,130019,Air Advantage,72,1,X,MI,882ab6c9dbfffff
261519709003001,10,1,9,16094708,130019,Air Advantage,72,1,X,MI,882ab6c9dbfffff
261519709003002,10,1,5,16094708,130019,Air Advantage,72,1,X,MI,882ab6c9dbfffff
261519709003003,10,1,12,16094708,130019,Air Advantage,72,1,X,MI,882ab6c9dbfffff
261519709003004,10,1,6,16094708,130019,Air Advantage,72,1,X,MI,882ab6c9dbfffff
261519709003005,10,1,6,16094708,130019,Air Advantage,72,1,X,MI,882ab6c9dbfffff
261519709003006,10,1,8,16094708,130019,Air Advantage,72,1,X,MI,882ab6c9d1fffff
261519709003007,10,1,2,16094708,130019,Air Advantage,72,1,X,MI,882ab6c9d1fffff
261519709003008,10,1,7,16094708,130019,Air Advantage,72,1,X,MI,882ab6c9d1fffff
261519709003009,10,1,21,16094708,130019,Air Advantage,72,1,X,MI,882ab6c9d1fffff
261519709003010,10,1,12,16094708,130019,Air Advantage,72,1,X,MI,882ab6c9d1fffff
261519709003011,10,1,15,16094708,130019,Air Advantage,72,1,X,MI,882ab6c9d1fffff
261519709003012,0,0,3,16094708,130019,Air Advantage,72,1,X,MI,882ab6c9d1fffff
261519709003012,10,1,9,16094708,130019,Air Advantage,72,1,X,MI,882ab6c9d1fffff
261519709003014,10,1,2,16094708,130019,Air Advantage,72,1,X,MI,882ab6c9d1fffff
261519709003015,10,1,3,16094708,130019,Air Advantage,72,1,X,MI,882ab6c9d1fffff
261519709003016,0,0,1,16094708,130019,Air Advantage,72,1,X,MI,882ab6c9d5fffff
261519709003016,10,1,3,16094708,130019,Air Advantage,72,1,X,MI,882ab6c9d5fffff
261519709003018,10,1,20,16094708,130019,Air Advantage,72,1,X,MI,882ab6c9d5fffff
261519709003019,10,1,1,16094708,130019,Air Advantage,72,1,X,MI,882ab6c98bfffff
261519709003020,10,1,1,16094708,130019,Air Advantage,72,1,X,MI,882ab6c98bfffff
261519709003021,0,0,1,16094708,130019,Air Advantage,72,1,R,MI,882ab6c9d7fffff
261519709003022,10,1,1,16094708,130019,Air Advantage,72,1,R,MI,882ab6c9d7fffff
261519709003024,10,1,5,16094708,130019,Air Advantage,72,1,X,MI,882ab6c9d1fffff
261519709003025,10,1,2,16094708,130019,Air Advantage,72,1,X,MI,882ab6c9d1fffff
261519709003026,10,1,15,16094708,130019,Air Advantage,72,1,X,MI,882ab6c9d1fffff
261519709003027,10,1,15,16094708,130019,Air Advantage,72,1,X,MI,882ab6c9d1fffff
261519709003028,10,1,6,16094708,130019,Air Advantage,72,1,X,MI,882ab6c9d1fffff
261519709003031,10,1,4,16094708,130019,Air Advantage,72,1,X,MI,882ab6c9dbfffff
261519709003032,10,1,4,16094708,130019,Air Advantage,72,1,X,MI,882ab6c9dbfffff
261519709003036,10,1,3,16094708,130019,Air Advantage,72,1,X,MI,882ab6c9d1fffff
261519709003037,10,1,8,16094708,130019,Air Advantage,72,1,X,MI,882ab6c9d1fffff
261519709003038,10,1,7,16094708,130019,Air Advantage,72,1,X,MI,882ab6c9d1fffff
261519709003042,10,1,6,16094708,130019,Air Advantage,72,1,X,MI,882ab6c9dbfffff
261519709003044,10,1,4,16094708,130019,Air Advantage,72,1,X,MI,882ab6c9d3fffff
261519709003045,10,1,6,16094708,130019,Air Advantage,72,1,X,MI,882ab6c9d3fffff
261519709003046,0,0,1,16094708,130019,Air Advantage,72,1,X,MI,882ab6c9d3fffff
261519709003046,10,1,4,16094708,130019,Air Advantage,72,1,X,MI,882ab6c9d3fffff
261519709003047,10,1,10,16094708,130019,Air Advantage,72,1,X,MI,882ab6c9d1fffff
261519709003048,10,1,16,16094708,130019,Air Advantage,72,1,X,MI,882ab6c9d3fffff
261519709003049,10,1,5,16094708,130019,Air Advantage,72,1,X,MI,882ab6c9d1fffff
261519709003050,0,0,2,16094708,130019,Air Advantage,72,1,X,MI,882ab6c9d7fffff
261519709003050,10,1,2,16094708,130019,Air Advantage,72,1,X,MI,882ab6c9d7fffff
261519709003053,0,0,1,16094708,130019,Air Advantage,72,1,X,MI,882ab6c9d7fffff
261519709003053,10,1,4,16094708,130019,Air Advantage,72,1,X,MI,882ab6c9d7fffff
261519709003056,0,0,7,16094708,130019,Air Advantage,72,1,X,MI,882ab6c999fffff
261519709003056,10,1,9,16094708,130019,Air Advantage,72,1,X,MI,882ab6c999fffff
261519709003057,0,0,1,16094708,130019,Air Advantage,72,1,X,MI,882ab6c999fffff
261519709003058,0,0,3,16094708,130019,Air Advantage,72,1,X,MI,882ab6c999fffff
261519709003059,0,0,1,16094708,130019,Air Advantage,72,1,X,MI,882ab6c9d3fffff
261519709003059,10,1,1,16094708,130019,Air Advantage,72,1,X,MI,882ab6c9d3fffff
261519709003060,10,1,5,16094708,130019,Air Advantage,72,1,X,MI,882ab6c9d3fffff
261519709003061,10,1,4,16094708,130019,Air Advantage,72,1,X,MI,882ab6c9d3fffff
261519709003062,10,1,6,16094708,130019,Air Advantage,72,1,X,MI,882ab6c9d3fffff
261519709003063,10,1,4,16094708,130019,Air Advantage,72,1,X,MI,882ab6c9d3fffff
261519709003064,0,0,1,16094708,130019,Air Advantage,72,1,X,MI,882ab6c9d3fffff
261519709003064,10,1,9,16094708,130019,Air Advantage,72,1,X,MI,882ab6c9dbfffff
261519709003066,0,0,1,16094708,130019,Air Advantage,72,1,X,MI,882ab6c9d3fffff
261519709003069,10,1,6,16094708,130019,Air Advantage,72,1,X,MI,882ab6c9d3fffff
261519709003070,10,1,6,16094708,130019,Air Advantage,72,1,X,MI,882ab6c8a5fffff
261519709003071,10,1,9,16094708,130019,Air Advantage,72,1,X,MI,882ab6c8a5fffff
261519709003073,10,1,1,16094708,130019,Air Advantage,72,1,X,MI,882ab6c9d3fffff
261519709003074,10,1,2,16094708,130019,Air Advantage,72,1,X,MI,882ab6c8a5fffff
261519709003076,0,0,2,16094708,130019,Air Advantage,72,1,X,MI,882ab6c8a5fffff
261519709003076,10,1,3,16094708,130019,Air Advantage,72,1,X,MI,882ab6c999fffff
261519709003079,10,1,5,16094708,130019,Air Advantage,72,1,X,MI,882ab6c9d3fffff
261519709003080,10,1,4,16094708,130019,Air Advantage,72,1,X,MI,882ab6c9dbfffff
261519709003081,10,1,1,16094708,130019,Air Advantage,72,1,X,MI,882ab6c8e7fffff
261519709004000,10,1,10,16094708,130019,Air Advantage,72,1,X,MI,882ab6c8e7fffff
261519709004001,10,1,1,16094708,130019,Air Advantage,72,1,X,MI,882ab6c8a5fffff
261519709004002,0,0,8,16094708,130019,Air Advantage,72,1,X,MI,882ab6c99bfffff
261519709004002,10,1,2,16094708,130019,Air Advantage,72,1,X,MI,882ab6c99bfffff
261519709004003,0,0,13,16094708,130019,Air Advantage,72,1,X,MI,882ab6c99bfffff
261519709004003,10,1,5,16094708,130019,Air Advantage,72,1,X,MI,882ab6c999fffff
261519709004004,10,1,4,16094708,130019,Air Advantage,72,1,X,MI,882ab6c981fffff
261519709004005,10,1,7,16094708,130019,Air Advantage,72,1,X,MI,882ab6c98bfffff
261519709004006,10,1,3,16094708,130019,Air Advantage,72,1,X,MI,882ab6524dfffff
261519709004007,10,1,6,16094708,130019,Air Advantage,72,1,X,MI,882ab6524dfffff
261519709004008,10,1,6,16094708,130019,Air Advantage,72,1,X,MI,882ab6c997fffff
261519709004009,10,1,7,16094708,130019,Air Advantage,72,1,X,MI,882ab6524bfffff
261519709004010,10,1,2,16094708,130019,Air Advantage,72,1,X,MI,882ab6c8b5fffff
261519709004011,10,1,1,16094708,130019,Air Advantage,72,1,X,MI,882ab6c897fffff
261519709004012,10,1,5,16094708,130019,Air Advantage,72,1,X,MI,882ab6c89dfffff
261519709004013,10,1,3,16094708,130019,Air Advantage,72,1,X,MI,882ab6c899fffff
261519709004018,10,1,2,16094708,130019,Air Advantage,72,1,X,MI,882ab6525bfffff
261519709004019,10,1,1,16094708,130019,Air Advantage,72,1,X,MI,882ab6c8b7fffff
261519709004020,10,1,4,16094708,130019,Air Advantage,72,1,X,MI,882ab65247fffff
261519709004022,10,1,2,16094708,130019,Air Advantage,72,1,X,MI,882ab65261fffff
261519709004023,0,0,2,16094708,130019,Air Advantage,72,1,X,MI,882ab65247fffff
261519709004025,0,0,2,16094708,130019,Air Advantage,72,1,X,MI,882ab65263fffff
261519709004025,10,1,1,16094708,130019,Air Advantage,72,1,X,MI,882ab65261fffff
261519709004026,0,0,2,16094708,130019,Air Advantage,72,1,X,MI,882ab65221fffff
261519709004026,10,1,2,16094708,130019,Air Advantage,72,1,X,MI,882ab65221fffff
261519709004027,10,1,3,16094708,130019,Air Advantage,72,1,X,MI,882ab65235fffff
261519709004030,10,1,1,16094708,130019,Air Advantage,72,1,X,MI,882ab65205fffff
261519709004031,10,1,1,16094708,130019,Air Advantage,72,1,X,MI,882ab65201fffff
261519709004034,10,1,2,16094708,130019,Air Advantage,72,1,X,MI,882ab65239fffff
261519709004035,10,1,4,16094708,130019,Air Advantage,72,1,X,MI,882ab6525bfffff
261519709004036,10,1,1,16094708,130019,Air Advantage,72,1,X,MI,882ab6cd2dfffff
261519709004037,0,0,1,16094708,130019,Air Advantage,72,1,X,MI,882ab6cd67fffff
261519709004037,10,1,5,16094708,130019,Air Advantage,72,1,X,MI,882ab6cd21fffff
261519709004040,10,1,1,16094708,130019,Air Advantage,72,1,X,MI,882ab65211fffff
261519709004041,0,0,1,16094708,130019,Air Advantage,72,1,X,MI,882ab65219fffff
261519709004041,10,1,2,16094708,130019,Air Advantage,72,1,X,MI,882ab65257fffff
261519709004046,10,1,1,16094708,130019,Air Advantage,72,1,X,MI,882ab6521bfffff
261519709004048,0,0,1,16094708,130019,Air Advantage,72,1,X,MI,882ab6cd2bfffff
261519709004061,0,0,1,16094708,130019,Air Advantage,72,1,X,MI,882ab6cd3dfffff
261519709004064,0,0,3,16094708,130019,Air Advantage,72,1,X,MI,882ab65233fffff
261519709004065,0,0,1,16094708,130019,Air Advantage,72,1,X,MI,882ab65233fffff
261519709004065,10,1,4,16094708,130019,Air Advantage,72,1,X,MI,882ab65235fffff
261519709004066,10,1,2,16094708,130019,Air Advantage,72,1,X,MI,882ab652cdfffff
261519709004067,10,1,3,16094708,130019,Air Advantage,72,1,X,MI,882ab652cdfffff
261519709004068,10,1,1,16094708,130019,Air Advantage,72,1,X,MI,882ab6cd27fffff
261519709004069,10,1,2,16094708,130019,Air Advantage,72,1,X,MI,882ab652c9fffff
261519710001000,10,1,6,16094708,130019,Air Advantage,72,1,X,MI,882ab65a21fffff
261519710001001,10,1,1,16094708,130019,Air Advantage,72,1,X,MI,882ab65a21fffff
261519710001002,10,1,4,16094708,130019,Air Advantage,72,1,X,MI,882ab65a21fffff
261519710001003,10,1,3,16094708,130019,Air Advantage,72,1,X,MI,882ab65a21fffff
261519710001004,0,0,1,16094708,130019,Air Advantage,72,1,X,MI,882ab65a21fffff
261519710001004,10,1,4,16094708,130019,Air Advantage,72,1,X,MI,882ab65a25fffff
261519710001005,10,1,1,16094708,130019,Air Advantage,72,1,X,MI,882ab65a21fffff
261519710001006,10,1,1,16094708,130019,Air Advantage,72,1,X,MI,882ab65a21fffff
261519710001007,0,0,1,16094708,130019,Air Advantage,72,1,X,MI,882ab65b17fffff
261519710001010,0,0,1,16094708,130019,Air Advantage,72,1,X,MI,882ab65a23fffff
261519710001010,10,1,44,16094708,130019,Air Advantage,72,1,X,MI,882ab65849fffff
261519710001011,10,1,8,16094708,130019,Air Advantage,72,1,X,MI,882ab65a23fffff
261519710001012,10,1,34,16094708,130019,Air Advantage,72,1,X,MI,882ab65a23fffff
261519710001013,0,0,1,16094708,130019,Air Advantage,72,1,X,MI,882ab65a27fffff
261519710001013,10,1,9,16094708,130019,Air Advantage,72,1,X,MI,882ab65a23fffff
261519710001014,10,1,7,16094708,130019,Air Advantage,72,1,X,MI,882ab65a27fffff
261519710001016,10,1,9,16094708,130019,Air Advantage,72,1,X,MI,882ab65a21fffff
261519710001018,10,1,32,16094708,130019,Air Advantage,72,1,X,MI,882ab65a21fffff
261519710001019,10,1,4,16094708,130019,Air Advantage,72,1,X,MI,882ab65a23fffff
261519710001021,10,1,5,16094708,130019,Air Advantage,72,1,X,MI,882ab65a23fffff
261519710001022,10,1,7,16094708,130019,Air Advantage,72,1,X,MI,882ab65a23fffff
261519710001023,10,1,6,16094708,130019,Air Advantage,72,1,X,MI,882ab65a23fffff
261519710001024,10,1,4,16094708,130019,Air Advantage,72,1,X,MI,882ab65a23fffff
261519710001025,10,1,10,16094708,130019,Air Advantage,72,1,X,MI,882ab65a23fffff
261519710001026,10,1,5,16094708,130019,Air Advantage,72,1,X,MI,882ab65a23fffff
261519710001027,10,1,5,16094708,130019,Air Advantage,72,1,X,MI,882ab65a23fffff
261519710001028,10,1,3,16094708,130019,Air Advantage,72,1,X,MI,882ab65a23fffff
261519710001029,10,1,1,16094708,130019,Air Advantage,72,1,X,MI,882ab65a23fffff
261519710001030,10,1,3,16094708,130019,Air Advantage,72,1,X,MI,882ab65a23fffff
261519710001031,10,1,4,16094708,130019,Air Advantage,72,1,X,MI,882ab65a23fffff
261519710001032,10,1,10,16094708,130019,Air Advantage,72,1,X,MI,882ab65a23fffff
261519710001033,10,1,14,16094708,130019,Air Advantage,72,1,X,MI,882ab65a23fffff
261519710001034,10,1,1,16094708,130019,Air Advantage,72,1,X,MI,882ab65a23fffff
261519710001035,0,0,1,16094708,130019,Air Advantage,72,1,X,MI,882ab65a23fffff
261519710001035,10,1,5,16094708,130019,Air Advantage,72,1,X,MI,882ab65a23fffff
261519710001039,10,1,7,16094708,130019,Air Advantage,72,1,X,MI,882ab65a23fffff
261519710001040,10,1,9,16094708,130019,Air Advantage,72,1,X,MI,882ab65a23fffff
261519710001041,10,1,5,16094708,130019,Air Advantage,72,1,X,MI,882ab65a23fffff
261519710001042,10,1,9,16094708,130019,Air Advantage,72,1,X,MI,882ab65a23fffff
261519710001043,10,1,15,16094708,130019,Air Advantage,72,1,X,MI,882ab65a23fffff
261519710001044,10,1,2,16094708,130019,Air Advantage,72,1,X,MI,882ab65a23fffff
261519710001055,0,0,4,16094708,130019,Air Advantage,72,1,X,MI,882ab65a33fffff
261519710001055,10,1,11,16094708,130019,Air Advantage,72,1,X,MI,882ab65a31fffff
261519710001058,10,1,1,16094708,130019,Air Advantage,72,1,X,MI,882ab65a35fffff
261519710001060,10,1,5,16094708,130019,Air Advantage,72,1,X,MI,882ab65a23fffff
261519710001061,10,1,10,16094708,130019,Air Advantage,72,1,X,MI,882ab65851fffff
261519710001066,0,0,2,16094708,130019,Air Advantage,72,1,X,MI,882ab65857fffff
261519710001066,10,1,27,16094708,130019,Air Advantage,72,1,X,MI,882ab65857fffff
261519710001072,10,1,1,16094708,130019,Air Advantage,72,1,X,MI,882ab65845fffff
261519710001073,10,1,2,16094708,130019,Air Advantage,72,1,X,MI,882ab65809fffff
261519710001075,10,1,15,16094708,130019,Air Advantage,72,1,X,MI,882ab65857fffff
261519710002001,10,1,2,16094708,130019,Air Advantage,72,1,X,MI,88276b25d9fffff
261519710002002,10,1,6,16094708,130019,Air Advantage,72,1,X,MI,88276b25c3fffff
261519710002003,10,1,5,16094708,130019,Air Advantage,72,1,X,MI,88276b25ebfffff
261519710002004,0,0,1,16094708,130019,Air Advantage,72,1,X,MI,88276b25e1fffff
261519710002004,10,1,3,16094708,130019,Air Advantage,72,1,X,MI,88276b25e1fffff
261519710002005,10,1,5,16094708,130019,Air Advantage,72,1,X,MI,88276b25abfffff
261519710002007,10,1,1,16094708,130019,Air Advantage,72,1,X,MI,88276b259dfffff
261519710002008,10,1,2,16094708,130019,Air Advantage,72,1,X,MI,88276b25c3fffff
261519710002009,0,0,1,16094708,130019,Air Advantage,72,1,X,MI,88276b25d3fffff
261519710002009,10,1,6,16094708,130019,Air Advantage,72,1,X,MI,88276b259dfffff
261519710002013,10,1,2,16094708,130019,Air Advantage,72,1,X,MI,88276b24a7fffff
261519710002014,10,1,4,16094708,130019,Air Advantage,72,1,X,MI,88276b2593fffff
261519710002016,10,1,6,16094708,130019,Air Advantage,72,1,X,MI,88276b2597fffff
261519710002017,0,0,1,16094708,130019,Air Advantage,72,1,X,MI,88276b25b1fffff
261519710002017,10,1,11,16094708,130019,Air Advantage,72,1,X,MI,88276b25b1fffff
261519710002018,0,0,1,16094708,130019,Air Advantage,72,1,X,MI,88276b25b3fffff
261519710002018,10,1,7,16094708,130019,Air Advantage,72,1,X,MI,88276b25b3fffff
261519710002019,10,1,3,16094708,130019,Air Advantage,72,1,X,MI,882ab65a6dfffff
261519710002020,10,1,1,16094708,130019,Air Advantage,72,1,X,MI,882ab65a45fffff
261519710002021,10,1,1,16094708,130019,Air Advantage,72,1,X,MI,882ab65a41fffff
261519710002024,0,0,3,16094708,130019,Air Advantage,72,1,X,MI,882ab65a67fffff
261519710002024,10,1,16,16094708,130019,Air Advantage,72,1,X,MI,882ab65b53fffff
261519710002025,0,0,1,16094708,130019,Air Advantage,72,1,X,MI,882ab65a29fffff
261519710002025,10,1,14,16094708,130019,Air Advantage,72,1,X,MI,882ab65a65fffff
261519710002026,10,1,10,16094708,130019,Air Advantage,72,1,X,MI,882ab65a65fffff
261519710002027,10,1,1,16094708,130019,Air Advantage,72,1,X,MI,882ab65a69fffff
261519710002028,10,1,2,16094708,130019,Air Advantage,72,1,X,MI,882ab65a51fffff
261519710002029,10,1,3,16094708,130019,Air Advantage,72,1,X,MI,882ab65a6bfffff
261519710002030,10,1,2,16094708,130019,Air Advantage,72,1,X,MI,882ab65a09fffff
261519710002031,10,1,4,16094708,130019,Air Advantage,72,1,X,MI,882ab65a19fffff
261519710002032,10,1,6,16094708,130019,Air Advantage,72,1,X,MI,882ab65a0bfffff
261519710002033,10,1,2,16094708,130019,Air Advantage,72,1,X,MI,882ab65a39fffff
261519710002034,10,1,1,16094708,130019,Air Advantage,72,1,X,MI,882ab65a19fffff
261519710002037,10,1,1,16094708,130019,Air Advantage,72,1,X,MI,882ab65aedfffff
261519710002038,10,1,1,16094708,130019,Air Advantage,72,1,X,MI,882ab65ae1fffff
261519710002041,0,0,1,16094708,130019,Air Advantage,72,1,X,MI,882ab65aa9fffff
261519710002043,10,1,9,16094708,130019,Air Advantage,72,1,X,MI,882ab65819fffff
261519710002044,0,0,1,16094708,130019,Air Advantage,72,1,X,MI,882ab65aa1fffff
261519710002044,10,1,1,16094708,130019,Air Advantage,72,1,X,MI,882ab65aadfffff
261519710002047,0,0,1,16094708,130019,Air Advantage,72,1,X,MI,882ab65a81fffff
261519710002047,10,1,1,16094708,130019,Air Advantage,72,1,X,MI,882ab65a81fffff
261519710003000,10,1,5,16094708,130019,Air Advantage,72,1,X,MI,882ab6c985fffff
261519710003001,10,1,1,16094708,130019,Air Advantage,72,1,X,MI,882ab6c9a3fffff
261519710003002,10,1,2,16094708,130019,Air Advantage,72,1,X,MI,88276b269bfffff
261519710003014,0,0,1,16094708,130019,Air Advantage,72,1,R,MI,882ab6534bfffff
261519710003015,10,1,4,16094708,130019,Air Advantage,72,1,X,MI,882ab6c9bdfffff
261519710003016,10,1,1,16094708,130019,Air Advantage,72,1,X,MI,882ab6535bfffff
261519710003018,10,1,3,16094708,130019,Air Advantage,72,1,X,MI,882ab65363fffff
261519710003022,0,0,1,16094708,130019,Air Advantage,72,1,R,MI,882ab6535bfffff
261519710003022,10,1,5,16094708,130019,Air Advantage,72,1,X,MI,882ab6522dfffff
261519710003023,0,0,1,16094708,130019,Air Advantage,72,1,X,MI,882ab65223fffff
261519710003023,10,1,6,16094708,130019,Air Advantage,72,1,X,MI,882ab65221fffff
261519710003026,0,0,2,16094708,130019,Air Advantage,72,1,X,MI,882ab65363fffff
261519710003033,0,0,4,16094708,130019,Air Advantage,72,1,X,MI,882ab65047fffff
261519710003033,10,1,4,16094708,130019,Air Advantage,72,1,X,MI,882ab65043fffff
261519710003034,0,0,1,16094708,130019,Air Advantage,72,1,X,MI,882ab65045fffff
261519711001000,0,0,1,16094708,130019,Air Advantage,72,1,X,MI,882ab65047fffff
261519711001000,10,1,5,16094708,130019,Air Advantage,72,1,X,MI,882ab65055fffff
261519711001009,0,0,1,16094708,130019,Air Advantage,72,1,X,MI,882ab651c9fffff
261519711001013,0,0,1,16094708,130019,Air Advantage,72,1,X,MI,882ab65001fffff
261519711001013,10,1,2,16094708,130019,Air Advantage,72,1,X,MI,882ab65055fffff
261519711001014,0,0,2,16094708,130019,Air Advantage,72,1,X,MI,882ab65003fffff
261519711001016,10,1,2,16094708,130019,Air Advantage,72,1,X,MI,882ab651edfffff
261519711001017,0,0,1,16094708,130019,Air Advantage,72,1,X,MI,882ab65117fffff
261519711001021,10,1,1,16094708,130019,Air Advantage,72,1,X,MI,882ab65035fffff
261519711001023,10,1,3,16094708,130019,Air Advantage,72,1,X,MI,882ab65adbfffff
261519711001026,10,1,1,16094708,130019,Air Advantage,72,1,X,MI,882ab651abfffff
261519711001028,0,0,1,16094708,130019,Air Advantage,72,1,R,MI,882ab6503bfffff
261519711001028,10,1,4,16094708,130019,Air Advantage,72,1,X,MI,882ab6503bfffff
261519711001033,0,0,1,16094708,130019,Air Advantage,72,1,X,MI,882ab651abfffff
261519711001033,10,1,6,16094708,130019,Air Advantage,72,1,X,MI,882ab64349fffff
261519711001034,10,1,3,16094708,130019,Air Advantage,72,1,X,MI,882ab651a5fffff
261519711001035,0,0,1,16094708,130019,Air Advantage,72,1,X,MI,882ab651d9fffff
261519711001038,10,1,2,16094708,130019,Air Advantage,72,1,X,MI,882ab651a5fffff
261519711001039,10,1,3,16094708,130019,Air Advantage,72,1,X,MI,882ab6434dfffff
261519711001040,0,0,2,16094708,130019,Air Advantage,72,1,X,MI,882ab64343fffff
261519711001040,10,1,7,16094708,130019,Air Advantage,72,1,X,MI,882ab64343fffff
261519711001041,0,0,3,16094708,130019,Air Advantage,72,1,X,MI,882ab6435dfffff
261519711001041,10,1,2,16094708,130019,Air Advantage,72,1,X,MI,882ab64341fffff
261519711001043,10,1,3,16094708,130019,Air Advantage,72,1,X,MI,882ab651b7fffff
261519711001045,10,1,1,16094708,130019,Air Advantage,72,1,X,MI,882ab651c3fffff
261519711001046,10,1,1,16094708,130019,Air Advantage,72,1,X,MI,882ab651c3fffff
261519711001047,10,1,3,16094708,130019,Air Advantage,72,1,X,MI,882ab651ddfffff
261519711001049,10,1,1,16094708,130019,Air Advantage,72,1,X,MI,882ab65037fffff
261519711001051,0,0,1,16094708,130019,Air Advantage,72,1,X,MI,882ab650e7fffff
261519711001051,10,1,5,16094708,130019,Air Advantage,72,1,X,MI,882ab651d9fffff
261519711001052,10,1,9,16094708,130019,Air Advantage,72,1,X,MI,882ab650a5fffff
261519711001053,0,0,3,16094708,130019,Air Advantage,72,1,X,MI,882ab65191fffff
261519711001053,10,1,2,16094708,130019,Air Advantage,72,1,X,MI,882ab6519dfffff
261519711001056,0,0,1,16094708,130019,Air Advantage,72,1,R,MI,882ab651bbfffff
261519711001056,10,1,1,16094708,130019,Air Advantage,72,1,X,MI,882ab6426dfffff
261519711001057,0,0,2,16094708,130019,Air Advantage,72,1,X,MI,882ab65193fffff
261519711001057,10,1,6,16094708,130019,Air Advantage,72,1,X,MI,882ab65193fffff
261519711001059,0,0,2,16094708,130019,Air Advantage,72,1,R,MI,882ab650b5fffff
261519711001059,10,1,4,16094708,130019,Air Advantage,72,1,X,MI,882ab650b5fffff
261519711001060,10,1,4,16094708,130019,Air Advantage,72,1,X,MI,882ab6424bfffff
261519711001062,10,1,6,16094708,130019,Air Advantage,72,1,X,MI,882ab64269fffff
261519711002000,10,1,1,16094708,130019,Air Advantage,72,1,X,MI,882ab6425dfffff
261519711002003,0,0,1,16094708,130019,Air Advantage,72,1,R,MI,882ab6435bfffff
261519711002003,10,1,6,16094708,130019,Air Advantage,72,1,X,MI,882ab64261fffff
261519711002005,0,0,1,16094708,130019,Air Advantage,72,1,X,MI,882ab64359fffff
261519711002005,10,1,9,16094708,130019,Air Advantage,72,1,X,MI,882ab64351fffff
261519711002006,10,1,15,16094708,130019,Air Advantage,72,1,X,MI,882ab64355fffff
261519711002007,10,1,2,16094708,130019,Air Advantage,72,1,X,MI,882ab64353fffff
261519711002008,0,0,3,16094708,130019,Air Advantage,72,1,X,MI,882ab64227fffff
261519711002008,10,1,6,16094708,130019,Air Advantage,72,1,X,MI,882ab64225fffff
261519711002009,10,1,4,16094708,130019,Air Advantage,72,1,X,MI,882ab64229fffff
261519711002011,10,1,5,16094708,130019,Air Advantage,72,1,X,MI,882ab6431dfffff
261519711002012,10,1,9,16094708,130019,Air Advantage,72,1,X,MI,882ab6431bfffff
261519711002013,10,1,2,16094708,130019,Air Advantage,72,1,X,MI,882ab64311fffff
261519711002015,10,1,4,16094708,130019,Air Advantage,72,1,X,MI,882ab64311fffff
261519711002016,0,0,1,16094708,130019,Air Advantage,72,1,R,MI,882ab64311fffff
261519711002017,0,0,1,16094708,130019,Air Advantage,72,1,X,MI,882ab64311fffff
261519711002017,10,1,1,16094708,130019,Air Advantage,72,1,X,MI,882ab6404dfffff
261519711002018,10,1,10,16094708,130019,Air Advantage,72,1,X,MI,882ab6404dfffff
261519711002019,0,0,2,16094708,130019,Air Advantage,72,1,X,MI,882ab64223fffff
261519711002020,0,0,1,16094708,130019,Air Advantage,72,1,X,MI,882ab64235fffff
261519711002021,0,0,1,16094708,130019,Air Advantage,72,1,R,MI,882ab6422bfffff
261519711002025,0,0,1,16094708,130019,Air Advantage,72,1,R,MI,882ab6421dfffff
261519711002028,0,0,1,16094708,130019,Air Advantage,72,1,X,MI,882ab642e5fffff
261519711002029,0,0,3,16094708,130019,Air Advantage,72,1,X,MI,882ab6423bfffff
261519711002030,0,0,1,16094708,130019,Air Advantage,72,1,X,MI,882ab642e5fffff
261519711002031,10,1,1,16094708,130019,Air Advantage,72,1,X,MI,882ab64235fffff
261519711002033,10,1,4,16094708,130019,Air Advantage,72,1,X,MI,882ab64009fffff
261519711002035,10,1,1,16094708,130019,Air Advantage,72,1,X,MI,882ab64069fffff
261519711002036,10,1,1,16094708,130019,Air Advantage,72,1,X,MI,882ab64317fffff
261519711002037,10,1,1,16094708,130019,Air Advantage,72,1,X,MI,882ab64317fffff
261519711002038,0,0,1,16094708,130019,Air Advantage,72,1,X,MI,882ab64069fffff
261519711002038,10,1,10,16094708,130019,Air Advantage,72,1,X,MI,882ab64063fffff
261519711002039,0,0,1,16094708,130019,Air Advantage,72,1,R,MI,882ab64063fffff
261519711002039,10,1,12,16094708,130019,Air Advantage,72,1,X,MI,882ab64063fffff
261519711002040,10,1,6,16094708,130019,Air Advantage,72,1,X,MI,882ab64063fffff
261519711002041,10,1,3,16094708,130019,Air Advantage,72,1,X,MI,882ab64021fffff
261519711002042,10,1,1,16094708,130019,Air Advantage,72,1,X,MI,882ab64023fffff
261519711002043,10,1,3,16094708,130019,Air Advantage,72,1,X,MI,882ab6403dfffff
261519711002044,10,1,2,16094708,130019,Air Advantage,72,1,X,MI,882ab6403dfffff
261519711002045,10,1,3,16094708,130019,Air Advantage,72,1,X,MI,882ab64005fffff
261519711002047,10,1,1,16094708,130019,Air Advantage,72,1,R,MI,882ab64059fffff
261519711002049,10,1,1,16094708,130019,Air Advantage,72,1,X,MI,882ab642e5fffff
261519711002052,0,0,1,16094708,130019,Air Advantage,72,1,X,MI,882ab642e1fffff
261519711002057,0,0,2,16094708,130019,Air Advantage,72,1,R,MI,882ab642e1fffff
261519711002057,10,1,1,16094708,130019,Air Advantage,72,1,X,MI,882ab6405bfffff
261519711002059,0,0,1,16094708,130019,Air Advantage,72,1,X,MI,882ab642e7fffff
261519711002064,10,1,4,16094708,130019,Air Advantage,72,1,X,MI,882ab64053fffff
261519711002065,0,0,2,16094708,130019,Air Advantage,72,1,X,MI,882ab642a1fffff
261519711002065,10,1,1,16094708,130019,Air Advantage,72,1,X,MI,882ab642a5fffff
261519711002067,10,1,4,16094708,130019,Air Advantage,72,1,X,MI,882ab6400bfffff
261519711002068,10,1,5,16094708,130019,Air Advantage,72,1,X,MI,882ab6401dfffff
261519711002069,10,1,2,16094708,130019,Air Advantage,72,1,X,MI,882ab64015fffff
261519711002070,10,1,3,16094708,130019,Air Advantage,72,1,X,MI,882ab64015fffff
261519711002071,0,0,1,16094708,130019,Air Advantage,72,1,X,MI,882ab642a7fffff
261519711002072,0,0,1,16094708,130019,Air Advantage,72,1,X,MI,882ab642a1fffff
261519711002073,0,0,2,16094708,130019,Air Advantage,72,1,X,MI,882ab642a9fffff
261519711002074,10,1,1,16094708,130019,Air Advantage,72,1,X,MI,882ab641c9fffff
261519711002075,10,1,2,16094708,130019,Air Advantage,72,1,X,MI,882ab6403dfffff
261519711002077,10,1,4,16094708,130019,Air Advantage,72,1,X,MI,882ab64317fffff
261519711002078,10,1,1,16094708,130019,Air Advantage,72,1,X,MI,882ab64317fffff
261519711002080,10,1,1,16094708,130019,Air Advantage,72,1,X,MI,882ab64317fffff
261519711002081,10,1,1,16094708,130019,Air Advantage,72,1,X,MI,882ab64313fffff
261519711002083,10,1,3,16094708,130019,Air Advantage,72,1,X,MI,882ab64317fffff
261519711002085,0,0,5,16094708,130019,Air Advantage,72,1,X,MI,882ab64359fffff
261519711002085,10,1,5,16094708,130019,Air Advantage,72,1,X,MI,882ab64359fffff
261519711003000,10,1,3,16094708,130019,Air Advantage,72,1,X,MI,882ab6431dfffff
261519711003001,10,1,1,16094708,130019,Air Advantage,72,1,X,MI,882ab64301fffff
261519711003002,10,1,3,16094708,130019,Air Advantage,72,1,X,MI,882ab64307fffff
261519711003003,0,0,3,16094708,130019,Air Advantage,72,1,X,MI,882ab64339fffff
261519711003003,10,1,34,16094708,130019,Air Advantage,72,1,X,MI,882ab64339fffff
261519711003004,0,0,1,16094708,130019,Air Advantage,72,1,X,MI,882ab64339fffff
261519711003004,10,1,7,16094708,130019,Air Advantage,72,1,X,MI,882ab64315fffff
261519711003005,0,0,1,16094708,130019,Air Advantage,72,1,X,MI,882ab64339fffff
261519711003005,10,1,6,16094708,130019,Air Advantage,72,1,X,MI,882ab64315fffff
261519711003006,10,1,7,16094708,130019,Air Advantage,72,1,X,MI,882ab64315fffff
261519711003007,0,0,1,16094708,130019,Air Advantage,72,1,X,MI,882ab64315fffff
261519711003007,10,1,24,16094708,130019,Air Advantage,72,1,X,MI,882ab64315fffff
261519711003008,10,1,5,16094708,130019,Air Advantage,72,1,X,MI,882ab64315fffff
261519711003009,10,1,3,16094708,130019,Air Advantage,72,1,X,MI,882ab64315fffff
261519711003010,10,1,11,16094708,130019,Air Advantage,72,1,X,MI,882ab64315fffff
261519711003011,10,1,13,16094708,130019,Air Advantage,72,1,X,MI,882ab64315fffff
261519711003012,10,1,34,16094708,130019,Air Advantage,72,1,X,MI,882ab64315fffff
261519711003013,10,1,8,16094708,130019,Air Advantage,72,1,X,MI,882ab64315fffff
261519711003014,10,1,9,16094708,130019,Air Advantage,72,1,X,MI,882ab64315fffff
261519711003015,0,0,1,16094708,130019,Air Advantage,72,1,X,MI,882ab64315fffff
261519711003015,10,1,11,16094708,130019,Air Advantage,72,1,X,MI,882ab64315fffff
261519711003016,10,1,13,16094708,130019,Air Advantage,72,1,X,MI,882ab64315fffff
261519711003017,10,1,5,16094708,130019,Air Advantage,72,1,X,MI,882ab64315fffff
261519711003018,10,1,4,16094708,130019,Air Advantage,72,1,X,MI,882ab64315fffff
261519711003019,10,1,4,16094708,130019,Air Advantage,72,1,X,MI,882ab64315fffff
261519711003020,10,1,26,16094708,130019,Air Advantage,72,1,X,MI,882ab64315fffff
261519711003021,0,0,4,16094708,130019,Air Advantage,72,1,R,MI,882ab64317fffff
261519711003021,10,1,55,16094708,130019,Air Advantage,72,1,X,MI,882ab64315fffff
261519711003022,10,1,20,16094708,130019,Air Advantage,72,1,X,MI,882ab64317fffff
261519711003023,10,1,2,16094708,130019,Air Advantage,72,1,X,MI,882ab64317fffff
261519711003024,10,1,8,16094708,130019,Air Advantage,72,1,X,MI,882ab64315fffff
261519711003025,10,1,12,16094708,130019,Air Advantage,72,1,X,MI,882ab64315fffff
261519711003026,0,0,5,16094708,130019,Air Advantage,72,1,X,MI,882ab6433bfffff
261519711003026,10,1,12,16094708,130019,Air Advantage,72,1,X,MI,882ab6433bfffff
261519711003027,0,0,1,16094708,130019,Air Advantage,72,1,X,MI,882ab6433bfffff
261519711003027,10,1,8,16094708,130019,Air Advantage,72,1,X,MI,882ab6433bfffff
261519711003028,10,1,8,16094708,130019,Air Advantage,72,1,X,MI,882ab64339fffff
261519711003029,10,1,4,16094708,130019,Air Advantage,72,1,X,MI,882ab64315fffff
261519711003030,0,0,1,16094708,130019,Air Advantage,72,1,R,MI,882ab6433bfffff
261519711003030,10,1,9,16094708,130019,Air Advantage,72,1,X,MI,882ab6433bfffff
261519711003031,10,1,2,16094708,130019,Air Advantage,72,1,X,MI,882ab6433bfffff
261519711003032,10,1,2,16094708,130019,Air Advantage,72,1,X,MI,882ab6433bfffff
261519711003033,10,1,5,16094708,130019,Air Advantage,72,1,X,MI,882ab64315fffff
261519711003034,10,1,4,16094708,130019,Air Advantage,72,1,X,MI,882ab6406dfffff
261519711003035,10,1,1,16094708,130019,Air Advantage,72,1,X,MI,882ab6406dfffff
261519712001000,10,1,3,16094708,130019,Air Advantage,72,1,X,MI,882ab6cc1dfffff
261519712001001,10,1,3,16094708,130019,Air Advantage,72,1,X,MI,882ab6cc31fffff
261519712001008,10,1,2,16094708,130019,Air Advantage,72,1,X,MI,882ab6cd35fffff
261519712001018,10,1,2,16094708,130019,Air Advantage,72,1,X,MI,882ab6cc31fffff
261519712001019,10,1,4,16094708,130019,Air Advantage,72,1,X,MI,882ab6ccedfffff
261519712001021,10,1,2,16094708,130019,Air Advantage,72,1,X,MI,882ab6cc17fffff
261519712001022,10,1,1,16094708,130019,Air Advantage,72,1,X,MI,882ab6cce1fffff
261519712001027,0,0,1,16094708,130019,Air Advantage,72,1,X,MI,882ab6cd89fffff
261519712001027,10,1,1,16094708,130019,Air Advantage,72,1,X,MI,882ab6cdd7fffff
261519712001028,0,0,3,16094708,130019,Air Advantage,72,1,X,MI,882ab6cd8bfffff
261519712001028,10,1,1,16094708,130019,Air Advantage,72,1,X,MI,882ab6cd83fffff
261519712001029,10,1,4,16094708,130019,Air Advantage,72,1,X,MI,882ab6cd85fffff
261519712001031,10,1,1,16094708,130019,Air Advantage,72,1,R,MI,882ab6ccadfffff
261519712001032,10,1,7,16094708,130019,Air Advantage,72,1,X,MI,882ab6cd95fffff
261519712001033,10,1,3,16094708,130019,Air Advantage,72,1,X,MI,882ab6cd87fffff
261519712001035,10,1,5,16094708,130019,Air Advantage,72,1,X,MI,882ab6cd9dfffff
261519712001036,10,1,6,16094708,130019,Air Advantage,72,1,X,MI,882ab6cca7fffff
261519712001038,10,1,3,16094708,130019,Air Advantage,72,1,X,MI,882ab6ccadfffff
261519712001039,10,1,2,16094708,130019,Air Advantage,72,1,X,MI,882ab6ccabfffff
261519712001041,10,1,8,16094708,130019,Air Advantage,72,1,X,MI,882ab6ccbdfffff
261519712001042,0,0,1,16094708,130019,Air Advantage,72,1,R,MI,882ab6cc87fffff
261519712001044,0,0,6,16094708,130019,Air Advantage,72,1,X,MI,882ab6ccb1fffff
261519712001044,10,1,41,16094708,130019,Air Advantage,72,1,X,MI,882ab6ccb1fffff
261519712001045,0,0,1,16094708,130019,Air Advantage,72,1,X,MI,882ab6ccb1fffff
261519712001045,10,1,8,16094708,130019,Air Advantage,72,1,X,MI,882ab6ccb1fffff
261519712001046,10,1,21,16094708,130019,Air Advantage,72,1,X,MI,882ab6ccb1fffff
261519712001047,10,1,1,16094708,130019,Air Advantage,72,1,X,MI,882ab6ccbbfffff
261519712001049,10,1,1,16094708,130019,Air Advantage,72,1,X,MI,882ab6529dfffff
261519712001050,10,1,2,16094708,130019,Air Advantage,72,1,X,MI,882ab65745fffff
261519712001051,10,1,1,16094708,130019,Air Advantage,72,1,X,MI,882ab65749fffff
261519712001053,10,1,1,16094708,130019,Air Advantage,72,1,X,MI,882ab6cca7fffff
261519712001054,10,1,8,16094708,130019,Air Advantage,72,1,X,MI,882ab65641fffff
261519712001055,0,0,1,16094708,130019,Air Advantage,72,1,X,MI,882ab65669fffff
261519712001055,10,1,8,16094708,130019,Air Advantage,72,1,X,MI,882ab65669fffff
261519712001056,10,1,4,16094708,130019,Air Advantage,72,1,X,MI,882ab6cdbbfffff
261519712001064,10,1,2,16094708,130019,Air Advantage,72,1,X,MI,882ab6566dfffff
261519712001066,10,1,3,16094708,130019,Air Advantage,72,1,X,MI,882ab6cdb7fffff
261519712001067,10,1,2,16094708,130019,Air Advantage,72,1,X,MI,882ab6cdb9fffff
261519712001068,0,0,3,16094708,130019,Air Advantage,72,1,X,MI,882ab65759fffff
261519712001069,10,1,2,16094708,130019,Air Advantage,72,1,X,MI,882ab65743fffff
261519712001070,10,1,3,16094708,130019,Air Advantage,72,1,X,MI,882ab65709fffff
261519712001071,0,0,2,16094708,130019,Air Advantage,72,1,R,MI,882ab65755fffff
261519712001071,10,1,3,16094708,130019,Air Advantage,72,1,R,MI,882ab65755fffff
261519712001075,0,0,1,16094708,130019,Air Advantage,72,1,X,MI,882ab65669fffff
261519712001075,10,1,3,16094708,130019,Air Advantage,72,1,X,MI,882ab65669fffff
261519712001077,0,0,1,16094708,130019,Air Advantage,72,1,X,MI,882ab65661fffff
261519712001077,10,1,3,16094708,130019,Air Advantage,72,1,X,MI,882ab65661fffff
261519712001078,0,0,1,16094708,130019,Air Advantage,72,1,X,MI,882ab65759fffff
261519712001078,10,1,4,16094708,130019,Air Advantage,72,1,X,MI,882ab65759fffff
261519712001079,10,1,2,16094708,130019,Air Advantage,72,1,X,MI,882ab65753fffff
261519712001082,10,1,1,16094708,130019,Air Advantage,72,1,X,MI,882ab6571dfffff
261519712001084,10,1,5,16094708,130019,Air Advantage,72,1,X,MI,882ab65703fffff
261519712001085,10,1,6,16094708,130019,Air Advantage,72,1,X,MI,882ab6576bfffff
261519712001086,0,0,3,16094708,130019,Air Advantage,72,1,R,MI,882ab6565dfffff
261519712001086,10,1,9,16094708,130019,Air Advantage,72,1,X,MI,882ab6565dfffff
261519712001087,10,1,13,16094708,130019,Air Advantage,72,1,X,MI,882ab65641fffff
261519712001088,10,1,2,16094708,130019,Air Advantage,72,1,X,MI,882ab65641fffff
261519712001091,10,1,7,16094708,130019,Air Advantage,72,1,X,MI,882ab6560dfffff
261519712002000,0,0,1,16094708,130019,Air Advantage,72,1,X,MI,882ab652c9fffff
261519712002000,10,1,2,16094708,130019,Air Advantage,72,1,X,MI,882ab652c9fffff
261519712002001,10,1,3,16094708,130019,Air Advantage,72,1,X,MI,882ab652cdfffff
261519712002007,0,0,1,16094708,130019,Air Advantage,72,1,X,MI,882ab65233fffff
261519712002009,0,0,2,16094708,130019,Air Advantage,72,1,X,MI,882ab65043fffff
261519712002009,10,1,1,16094708,130019,Air Advantage,72,1,X,MI,882ab65237fffff
261519712002010,10,1,2,16094708,130019,Air Advantage,72,1,X,MI,882ab6505dfffff
261519712002011,10,1,2,16094708,130019,Air Advantage,72,1,X,MI,882ab65055fffff
261519712002012,10,1,1,16094708,130019,Air Advantage,72,1,X,MI,882ab65051fffff
261519712002013,10,1,4,16094708,130019,Air Advantage,72,1,X,MI,882ab6501bfffff
261519712002014,10,1,2,16094708,130019,Air Advantage,72,1,X,MI,882ab65053fffff
261519712002015,10,1,2,16094708,130019,Air Advantage,72,1,X,MI,882ab652a1fffff
261519712002019,0,0,1,16094708,130019,Air Advantage,72,1,X,MI,882ab65003fffff
261519712002019,10,1,2,16094708,130019,Air Advantage,72,1,X,MI,882ab65015fffff
261519712002021,10,1,1,16094708,130019,Air Advantage,72,1,X,MI,882ab650e9fffff
261519712002022,10,1,3,16094708,130019,Air Advantage,72,1,X,MI,882ab65013fffff
261519712002023,10,1,1,16094708,130019,Air Advantage,72,1,X,MI,882ab6501bfffff
261519712002024,10,1,2,16094708,130019,Air Advantage,72,1,X,MI,882ab652a1fffff
261519712002025,10,1,7,16094708,130019,Air Advantage,72,1,X,MI,882ab650d9fffff
261519712002026,0,0,1,16094708,130019,Air Advantage,72,1,X,MI,882ab65285fffff
261519712002026,10,1,3,16094708,130019,Air Advantage,72,1,X,MI,882ab652abfffff
261519712002028,10,1,2,16094708,130019,Air Advantage,72,1,X,MI,882ab652ebfffff
261519712002030,10,1,2,16094708,130019,Air Advantage,72,1,X,MI,882ab652c3fffff
261519712002031,10,1,6,16094708,130019,Air Advantage,72,1,X,MI,882ab6cd35fffff
261519712002032,10,1,4,16094708,130019,Air Advantage,72,1,X,MI,882ab6528bfffff
261519712002033,10,1,5,16094708,130019,Air Advantage,72,1,X,MI,882ab6528bfffff
261519712002034,0,0,4,16094708,130019,Air Advantage,72,1,X,MI,882ab65285fffff
261519712002034,10,1,3,16094708,130019,Air Advantage,72,1,X,MI,882ab652abfffff
261519712002035,10,1,13,16094708,130019,Air Advantage,72,1,X,MI,882ab65283fffff
261519712002036,10,1,14,16094708,130019,Air Advantage,72,1,X,MI,882ab650d9fffff
261519712002037,10,1,1,16094708,130019,Air Advantage,72,1,X,MI,882ab650c3fffff
261519712002039,10,1,1,16094708,130019,Air Advantage,72,1,X,MI,882ab650c9fffff
261519712002041,0,0,1,16094708,130019,Air Advantage,72,1,X,MI,882ab650cdfffff
261519712002043,0,0,1,16094708,130019,Air Advantage,72,1,X,MI,882ab650e9fffff
261519712002043,10,1,5,16094708,130019,Air Advantage,72,1,X,MI,882ab650e9fffff
261519712002044,10,1,1,16094708,130019,Air Advantage,72,1,X,MI,882ab650c5fffff
261519712002045,10,1,2,16094708,130019,Air Advantage,72,1,X,MI,882ab650c3fffff
261519712002046,10,1,2,16094708,130019,Air Advantage,72,1,X,MI,882ab65089fffff
261519712002047,10,1,3,16094708,130019,Air Advantage,72,1,X,MI,882ab650c3fffff
261519712002048,10,1,2,16094708,130019,Air Advantage,72,1,X,MI,882ab6508bfffff
261519712002049,10,1,5,16094708,130019,Air Advantage,72,1,X,MI,882ab65089fffff
261519712002050,10,1,4,16094708,130019,Air Advantage,72,1,X,MI,882ab65087fffff
261519712002051,10,1,1,16094708,130019,Air Advantage,72,1,X,MI,882ab65081fffff
261519712002052,10,1,5,16094708,130019,Air Advantage,72,1,X,MI,882ab65085fffff
261519712002053,0,0,1,16094708,130019,Air Advantage,72,1,X,MI,882ab650ebfffff
261519712002053,10,1,5,16094708,130019,Air Advantage,72,1,X,MI,882ab650e3fffff
261519712002054,10,1,7,16094708,130019,Air Advantage,72,1,X,MI,882ab65091fffff
261519712002055,0,0,1,16094708,130019,Air Advantage,72,1,X,MI,882ab65725fffff
261519712002055,10,1,9,16094708,130019,Air Advantage,72,1,X,MI,882ab65725fffff
261519712002056,10,1,10,16094708,130019,Air Advantage,72,1,X,MI,882ab650d3fffff
261519712002057,10,1,25,16094708,130019,Air Advantage,72,1,X,MI,882ab650d3fffff
261519712002058,10,1,5,16094708,130019,Air Advantage,72,1,X,MI,882ab650d3fffff
261519712002059,10,1,4,16094708,130019,Air Advantage,72,1,X,MI,882ab650d9fffff
261519712002060,10,1,13,16094708,130019,Air Advantage,72,1,X,MI,882ab652b3fffff
261519712002061,10,1,8,16094708,130019,Air Advantage,72,1,X,MI,882ab65283fffff
261519712002062,10,1,1,16094708,130019,Air Advantage,72,1,X,MI,882ab65761fffff
261519712002063,10,1,3,16094708,130019,Air Advantage,72,1,X,MI,882ab65729fffff
261519712002064,10,1,20,16094708,130019,Air Advantage,72,1,X,MI,882ab6572dfffff
261519712002065,10,1,4,16094708,130019,Air Advantage,72,1,X,MI,882ab650dbfffff
261519712002067,10,1,9,16094708,130019,Air Advantage,72,1,X,MI,882ab650dbfffff
261519712002068,10,1,10,16094708,130019,Air Advantage,72,1,X,MI,882ab6572dfffff
261519712002069,10,1,8,16094708,130019,Air Advantage,72,1,X,MI,882ab650d3fffff
261519712002070,10,1,5,16094708,130019,Air Advantage,72,1,X,MI,882ab650d3fffff
261519712002071,10,1,9,16094708,130019,Air Advantage,72,1,X,MI,882ab650d3fffff
261519712002072,10,1,14,16094708,130019,Air Advantage,72,1,X,MI,882ab6572dfffff
261519712002073,10,1,21,16094708,130019,Air Advantage,72,1,X,MI,882ab6572dfffff
261519712002074,0,0,2,16094708,130019,Air Advantage,72,1,R,MI,882ab65725fffff
261519712002074,10,1,4,16094708,130019,Air Advantage,72,1,X,MI,882ab65725fffff
261519712002075,10,1,5,16094708,130019,Air Advantage,72,1,X,MI,882ab65725fffff
261519712002076,0,0,1,16094708,130019,Air Advantage,72,1,X,MI,882ab6572dfffff
261519712002076,10,1,25,16094708,130019,Air Advantage,72,1,X,MI,882ab6572dfffff
261519712002077,10,1,8,16094708,130019,Air Advantage,72,1,X,MI,882ab65729fffff
261519712002079,10,1,1,16094708,130019,Air Advantage,72,1,X,MI,882ab65763fffff
261519712002081,10,1,7,16094708,130019,Air Advantage,72,1,X,MI,882ab6509dfffff
261519712002082,10,1,1,16094708,130019,Air Advantage,72,1,X,MI,882ab65095fffff
261519712002084,10,1,1,16094708,130019,Air Advantage,72,1,X,MI,882ab650d3fffff
261519712002085,10,1,5,16094708,130019,Air Advantage,72,1,X,MI,882ab650d3fffff
261519712002086,10,1,5,16094708,130019,Air Advantage,72,1,X,MI,882ab65725fffff
261519712002087,10,1,3,16094708,130019,Air Advantage,72,1,X,MI,882ab65725fffff
261519712002088,10,1,2,16094708,130019,Air Advantage,72,1,X,MI,882ab650abfffff
261519712003001,0,0,3,16094708,130019,Air Advantage,72,1,X,MI,882ab65723fffff
261519712003002,10,1,3,16094708,130019,Air Advantage,72,1,X,MI,882ab65727fffff
261519712003003,10,1,2,16094708,130019,Air Advantage,72,1,X,MI,882ab65091fffff
261519712003004,10,1,12,16094708,130019,Air Advantage,72,1,X,MI,882ab6556bfffff
261519712003005,10,1,12,16094708,130019,Air Advantage,72,1,X,MI,882ab65561fffff
261519712003006,10,1,4,16094708,130019,Air Advantage,72,1,X,MI,882ab650bbfffff
261519712003007,10,1,5,16094708,130019,Air Advantage,72,1,X,MI,882ab65565fffff
261519712003008,10,1,8,16094708,130019,Air Advantage,72,1,X,MI,882ab65083fffff
261519712003009,10,1,8,16094708,130019,Air Advantage,72,1,X,MI,882ab650b5fffff
261519712003010,10,1,1,16094708,130019,Air Advantage,72,1,X,MI,882ab650b1fffff
261519712003013,10,1,1,16094708,130019,Air Advantage,72,1,R,MI,882ab65567fffff
261519712003014,10,1,9,16094708,130019,Air Advantage,72,1,X,MI,882ab65509fffff
261519712003015,10,1,2,16094708,130019,Air Advantage,72,1,X,MI,882ab6554bfffff
261519712003016,10,1,1,16094708,130019,Air Advantage,72,1,X,MI,882ab6555dfffff
261519712003017,0,0,1,16094708,130019,Air Advantage,72,1,R,MI,882ab65559fffff
261519712003017,10,1,2,16094708,130019,Air Advantage,72,1,X,MI,882ab65733fffff
261519712003019,10,1,1,16094708,130019,Air Advantage,72,1,R,MI,882ab6552dfffff
261519712003021,0,0,1,16094708,130019,Air Advantage,72,1,R,MI,882ab65521fffff
261519712003023,10,1,2,16094708,130019,Air Advantage,72,1,X,MI,882ab65529fffff
261519712003024,0,0,1,16094708,130019,Air Advantage,72,1,R,MI,882ab65505fffff
261519712003024,10,1,4,16094708,130019,Air Advantage,72,1,X,MI,882ab65563fffff
261519712003025,10,1,1,16094708,130019,Air Advantage,72,1,X,MI,882ab6550dfffff
261519712003027,10,1,4,16094708,130019,Air Advantage,72,1,X,MI,882ab65509fffff
261519712003028,10,1,1,16094708,130019,Air Advantage,72,1,X,MI,882ab6555dfffff
261519712003042,0,0,4,16094708,130019,Air Advantage,72,1,X,MI,882ab65403fffff
261519712003047,0,0,1,16094708,130019,Air Advantage,72,1,R,MI,882ab655edfffff
261519712003047,10,1,2,16094708,130019,Air Advantage,72,1,X,MI,882ab655edfffff
261519712003048,10,1,3,16094708,130019,Air Advantage,72,1,X,MI,882ab655edfffff
261519712003049,10,1,1,16094708,130019,Air Advantage,72,1,X,MI,882ab65513fffff
261519712003050,10,1,1,16094708,130019,Air Advantage,72,1,X,MI,882ab655c9fffff
261519712003052,10,1,1,16094708,130019,Air Advantage,72,1,X,MI,882ab655cbfffff
261519712003053,10,1,2,16094708,130019,Air Advantage,72,1,X,MI,882ab6543bfffff
261519712003055,10,1,1,16094708,130019,Air Advantage,72,1,X,MI,882ab655cbfffff
261519712003056,0,0,1,16094708,130019,Air Advantage,72,1,X,MI,882ab655c3fffff
261519712003056,10,1,1,16094708,130019,Air Advantage,72,1,X,MI,882ab655cbfffff
261519712003057,10,1,3,16094708,130019,Air Advantage,72,1,X,MI,882ab655c7fffff
261519712003058,10,1,8,16094708,130019,Air Advantage,72,1,X,MI,882ab655e3fffff
261519712003059,10,1,3,16094708,130019,Air Advantage,72,1,X,MI,882ab655e3fffff
261519712003063,10,1,1,16094708,130019,Air Advantage,72,1,R,MI,882ab6553dfffff
261519712003064,10,1,1,16094708,130019,Air Advantage,72,1,R,MI,882ab6553dfffff
261519712003073,0,0,1,16094708,130019,Air Advantage,72,1,R,MI,882ab642cbfffff
261519712003074,0,0,1,16094708,130019,Air Advantage,72,1,R,MI,882ab642d1fffff
261519712003088,10,1,1,16094708,130019,Air Advantage,72,1,X,MI,882ab6543bfffff
261519712003091,10,1,3,16094708,130019,Air Advantage,72,1,X,MI,882ab655d5fffff
261519712004000,10,1,11,16094708,130019,Air Advantage,72,1,X,MI,882ab6565bfffff
261519712004001,0,0,1,16094708,130019,Air Advantage,72,1,R,MI,882ab65655fffff
261519712004001,10,1,6,16094708,130019,Air Advantage,72,1,X,MI,882ab6560bfffff
261519712004002,10,1,4,16094708,130019,Air Advantage,72,1,X,MI,882ab65601fffff
261519712004006,10,1,2,16094708,130019,Air Advantage,72,1,X,MI,882ab6571bfffff
261519712004007,10,1,1,16094708,130019,Air Advantage,72,1,X,MI,882ab6571dfffff
261519712004008,10,1,2,16094708,130019,Air Advantage,72,1,X,MI,882ab65715fffff
261519712004009,10,1,2,16094708,130019,Air Advantage,72,1,X,MI,882ab65703fffff
261519712004012,10,1,1,16094708,130019,Air Advantage,72,1,X,MI,882ab65711fffff
261519712004013,0,0,3,16094708,130019,Air Advantage,72,1,X,MI,882ab65445fffff
261519712004019,10,1,1,16094708,130019,Air Advantage,72,1,X,MI,882ab6192dfffff
261519712004024,10,1,4,16094708,130019,Air Advantage,72,1,X,MI,882ab65615fffff
261519712004025,10,1,1,16094708,130019,Air Advantage,72,1,X,MI,882ab656e1fffff
261519712004027,10,1,4,16094708,130019,Air Advantage,72,1,X,MI,882ab656e1fffff
261519712004028,10,1,2,16094708,130019,Air Advantage,72,1,X,MI,882ab6545dfffff
261519712004029,0,0,1,16094708,130019,Air Advantage,72,1,X,MI,882ab65455fffff
261519712004029,10,1,1,16094708,130019,Air Advantage,72,1,X,MI,882ab65409fffff
261519712004030,10,1,1,16094708,130019,Air Advantage,72,1,X,MI,882ab65463fffff
261519712004033,0,0,2,16094708,130019,Air Advantage,72,1,R,MI,882ab65461fffff
261519712004036,10,1,2,16094708,130019,Air Advantage,72,1,X,MI,882ab656d5fffff
261519712004037,0,0,3,16094708,130019,Air Advantage,72,1,X,MI,882ab65403fffff
261519712004037,10,1,4,16094708,130019,Air Advantage,72,1,X,MI,882ab65409fffff
261519712004038,10,1,1,16094708,130019,Air Advantage,72,1,X,MI,882ab656e3fffff
261519712004040,10,1,1,16094708,130019,Air Advantage,72,1,X,MI,882ab656d7fffff
261519712004042,10,1,2,16094708,130019,Air Advantage,72,1,X,MI,882ab656bdfffff
261519712004043,10,1,1,16094708,130019,Air Advantage,72,1,X,MI,882ab656a9fffff
261519712004044,10,1,3,16094708,130019,Air Advantage,72,1,X,MI,882ab656a9fffff
261519712004045,10,1,3,16094708,130019,Air Advantage,72,1,X,MI,882ab656adfffff
261519712004046,10,1,8,16094708,130019,Air Advantage,72,1,X,MI,882ab65457fffff
261519712004047,10,1,1,16094708,130019,Air Advantage,72,1,X,MI,882ab65453fffff
261519712004049,10,1,9,16094708,130019,Air Advantage,72,1,X,MI,882ab656a3fffff
261519712004050,10,1,1,16094708,130019,Air Advantage,72,1,X,MI,882ab656a7fffff
261519712004053,10,1,2,16094708,130019,Air Advantage,72,1,X,MI,882ab65415fffff
261519712004054,0,0,2,16094708,130019,Air Advantage,72,1,X,MI,882ab65403fffff
261519712004054,10,1,8,16094708,130019,Air Advantage,72,1,X,MI,882ab6541dfffff
261519712004055,10,1,1,16094708,130019,Air Advantage,72,1,X,MI,882ab65411fffff
261519712004057,10,1,2,16094708,130019,Air Advantage,72,1,X,MI,882ab654edfffff
261519712004062,10,1,2,16094708,130019,Air Advantage,72,1,X,MI,882ab6563bfffff
261519712004064,0,0,1,16094708,130019,Air Advantage,72,1,X,MI,882ab65697fffff
261519712004064,10,1,2,16094708,130019,Air Advantage,72,1,X,MI,882ab656bbfffff
261519712004065,10,1,2,16094708,130019,Air Advantage,72,1,X,MI,882ab656b9fffff
261519712004066,10,1,1,16094708,130019,Air Advantage,72,1,X,MI,882ab656a3fffff
261519712004067,10,1,3,16094708,130019,Air Advantage,72,1,X,MI,882ab656b5fffff
261519712004070,10,1,2,16094708,130019,Air Advantage,72,1,X,MI,882ab656b9fffff
261570001001000,10,1,3,16094708,130019,Air Advantage,72,1,X,MI,88276b31cbfffff
261570001001001,0,0,1,16094708,130019,Air Advantage,72,1,X,MI,88276b31c7fffff
261570001001001,10,1,3,16094708,130019,Air Advantage,72,1,X,MI,88276b31ebfffff
261570001001002,10,1,3,16094708,130019,Air Advantage,72,1,X,MI,88276b31ebfffff
261570001001006,10,1,2,16094708,130019,Air Advantage,72,1,X,MI,88276b3a8bfffff
261570001001008,10,1,3,16094708,130019,Air Advantage,72,1,X,MI,88276b3187fffff
261570001001010,10,1,2,16094708,130019,Air Advantage,72,1,X,MI,88276b31a3fffff
261570001001011,0,0,1,16094708,130019,Air Advantage,72,1,X,MI,88276b3a9bfffff
261570001001011,10,1,1,16094708,130019,Air Advantage,72,1,X,MI,88276b3a9bfffff
261570001001013,10,1,1,16094708,130019,Air Advantage,72,1,X,MI,88276b3a99fffff
261570001001014,10,1,1,16094708,130019,Air Advantage,72,1,X,MI,88276b3a9dfffff
261570001001016,0,0,1,16094708,130019,Air Advantage,72,1,X,MI,88276b3a9dfffff
261570001001017,10,1,2,16094708,130019,Air Advantage,72,1,X,MI,88276b3a83fffff
261570001001018,10,1,5,16094708,130019,Air Advantage,72,1,X,MI,88276b3ab9fffff
261570001001020,10,1,1,16094708,130019,Air Advantage,72,1,X,MI,88276b3a97fffff
261570001001021,0,0,1,16094708,130019,Air Advantage,72,1,X,MI,88276b2365fffff
261570001001021,10,1,3,16094708,130019,Air Advantage,72,1,X,MI,88276b2365fffff
261570001001022,10,1,1,16094708,130019,Air Advantage,72,1,X,MI,88276b3a9bfffff
261570001001024,0,0,1,16094708,130019,Air Advantage,72,1,X,MI,88276b2349fffff
261570001001024,10,1,1,16094708,130019,Air Advantage,72,1,X,MI,88276b2349fffff
261570001001025,10,1,6,16094708,130019,Air Advantage,72,1,X,MI,88276b2349fffff
261570001001026,10,1,1,16094708,130019,Air Advantage,72,1,X,MI,88276b31b9fffff
261570001001029,10,1,6,16094708,130019,Air Advantage,72,1,X,MI,88276b234bfffff
261570001001030,10,1,1,16094708,130019,Air Advantage,72,1,X,MI,88276b232dfffff
261570001001032,10,1,6,16094708,130019,Air Advantage,72,1,X,MI,88276b235dfffff
261570001001034,0,0,2,16094708,130019,Air Advantage,72,1,X,MI,88276b2205fffff
261570001001038,10,1,1,16094708,130019,Air Advantage,72,1,X,MI,88276b2225fffff
261570001001039,10,1,3,16094708,130019,Air Advantage,72,1,X,MI,88276b235bfffff
261570001001042,10,1,2,16094708,130019,Air Advantage,72,1,X,MI,88276b3ab3fffff
261570001001043,10,1,3,16094708,130019,Air Advantage,72,1,X,MI,88276b2307fffff
261570001001044,10,1,21,16094708,130019,Air Advantage,72,1,X,MI,88276b2335fffff
261570001001045,10,1,11,16094708,130019,Air Advantage,72,1,X,MI,88276b233dfffff
261570001001046,10,1,8,16094708,130019,Air Advantage,72,1,X,MI,88276b2335fffff
261570001001048,10,1,3,16094708,130019,Air Advantage,72,1,X,MI,88276b223dfffff
261570001001049,0,0,1,16094708,130019,Air Advantage,72,1,X,MI,88276b2203fffff
261570001001049,10,1,3,16094708,130019,Air Advantage,72,1,X,MI,88276b2207fffff
261570001002000,0,0,1,16094708,130019,Air Advantage,72,1,X,MI,88276b3a81fffff
261570001002000,10,1,1,16094708,130019,Air Advantage,72,1,X,MI,88276b3ab9fffff
261570001002003,10,1,1,16094708,130019,Air Advantage,72,1,X,MI,88276b3a85fffff
261570001002004,0,0,2,16094708,130019,Air Advantage,72,1,X,MI,88276b3a85fffff
261570001002005,10,1,1,16094708,130019,Air Advantage,72,1,X,MI,88276b3aa9fffff
261570001002007,10,1,2,16094708,130019,Air Advantage,72,1,X,MI,88276b3aa7fffff
261570001002008,10,1,2,16094708,130019,Air Advantage,72,1,X,MI,88276b3aa1fffff
261570001002009,10,1,5,16094708,130019,Air Advantage,72,1,X,MI,88276b3aa5fffff
261570001002010,10,1,1,16094708,130019,Air Advantage,72,1,X,MI,88276b3819fffff
261570001002011,10,1,6,16094708,130019,Air Advantage,72,1,X,MI,88276b3813fffff
261570001002012,10,1,3,16094708,130019,Air Advantage,72,1,X,MI,88276b381bfffff
261570001002013,0,0,1,16094708,130019,Air Advantage,72,1,X,MI,88276b3a87fffff
261570001002013,10,1,14,16094708,130019,Air Advantage,72,1,X,MI,88276b3ab9fffff
261570001002014,10,1,10,16094708,130019,Air Advantage,72,1,X,MI,88276b3a87fffff
261570001002015,10,1,2,16094708,130019,Air Advantage,72,1,X,MI,88276b3abdfffff
261570001002016,10,1,6,16094708,130019,Air Advantage,72,1,X,MI,88276b3abdfffff
261570001002017,10,1,6,16094708,130019,Air Advantage,72,1,X,MI,88276b3aabfffff
261570001002018,0,0,1,16094708,130019,Air Advantage,72,1,X,MI,88276b3abdfffff
261570001002018,10,1,19,16094708,130019,Air Advantage,72,1,X,MI,88276b3abdfffff
261570001002019,10,1,9,16094708,130019,Air Advantage,72,1,X,MI,88276b3abdfffff
261570001002020,10,1,1,16094708,130019,Air Advantage,72,1,X,MI,88276b3abdfffff
261570001002021,10,1,5,16094708,130019,Air Advantage,72,1,X,MI,88276b3aa3fffff
261570001002022,10,1,2,16094708,130019,Air Advantage,72,1,X,MI,88276b3aa3fffff
261570001002023,10,1,9,16094708,130019,Air Advantage,72,1,X,MI,88276b3abdfffff
261570001002024,10,1,3,16094708,130019,Air Advantage,72,1,X,MI,88276b3abdfffff
261570001002025,10,1,7,16094708,130019,Air Advantage,72,1,X,MI,88276b3abdfffff
261570001002026,10,1,2,16094708,130019,Air Advantage,72,1,X,MI,88276b3abdfffff
261570001002027,10,1,19,16094708,130019,Air Advantage,72,1,X,MI,88276b3ab5fffff
261570001002028,10,1,2,16094708,130019,Air Advantage,72,1,X,MI,88276b3abdfffff
261570001002029,10,1,2,16094708,130019,Air Advantage,72,1,X,MI,88276b3abdfffff
261570001002030,10,1,3,16094708,130019,Air Advantage,72,1,X,MI,88276b3abdfffff
261570001002031,10,1,1,16094708,130019,Air Advantage,72,1,X,MI,88276b3abdfffff
261570001002032,10,1,3,16094708,130019,Air Advantage,72,1,X,MI,88276b3abdfffff
261570001002033,10,1,3,16094708,130019,Air Advantage,72,1,X,MI,88276b3abdfffff
261570001002034,10,1,4,16094708,130019,Air Advantage,72,1,X,MI,88276b3abdfffff
261570001002035,10,1,6,16094708,130019,Air Advantage,72,1,X,MI,88276b2365fffff
261570001002036,0,0,1,16094708,130019,Air Advantage,72,1,X,MI,88276b3aa3fffff
261570001002036,10,1,3,16094708,130019,Air Advantage,72,1,X,MI,88276b3aa3fffff
261570001002038,10,1,1,16094708,130019,Air Advantage,72,1,X,MI,88276b38c1fffff
261570001002039,10,1,4,16094708,130019,Air Advantage,72,1,X,MI,88276b38cbfffff
261570001002040,10,1,1,16094708,130019,Air Advantage,72,1,X,MI,88276b3885fffff
261570001002041,10,1,1,16094708,130019,Air Advantage,72,1,X,MI,88276b38ebfffff
261570001002042,0,0,1,16094708,130019,Air Advantage,72,1,X,MI,88276b3885fffff
261570001002043,10,1,1,16094708,130019,Air Advantage,72,1,X,MI,88276b38d7fffff
261570001002044,10,1,1,16094708,130019,Air Advantage,72,1,X,MI,88276b38d1fffff
261570001002046,0,0,1,16094708,130019,Air Advantage,72,1,X,MI,88276b38dbfffff
261570001002046,10,1,1,16094708,130019,Air Advantage,72,1,X,MI,88276b38dbfffff
261570001002047,10,1,1,16094708,130019,Air Advantage,72,1,X,MI,88276b3883fffff
261570001002048,10,1,1,16094708,130019,Air Advantage,72,1,X,MI,88276b38bbfffff
261570001002053,0,0,3,16094708,130019,Air Advantage,72,1,X,MI,88276b3891fffff
261570001002053,10,1,5,16094708,130019,Air Advantage,72,1,X,MI,88276b389bfffff
261570001002054,10,1,5,16094708,130019,Air Advantage,72,1,X,MI,88276b232dfffff
261570001002055,10,1,2,16094708,130019,Air Advantage,72,1,X,MI,88276b38d7fffff
261570001002056,0,0,5,16094708,130019,Air Advantage,72,1,X,MI,88276b38d7fffff
261570001002056,10,1,3,16094708,130019,Air Advantage,72,1,X,MI,88276b389dfffff
261570001002057,10,1,7,16094708,130019,Air Advantage,72,1,X,MI,88276b3899fffff
261570001002058,0,0,1,16094708,130019,Air Advantage,72,1,X,MI,88276b214dfffff
261570001002058,10,1,7,16094708,130019,Air Advantage,72,1,X,MI,88276b2141fffff
261570001002059,10,1,1,16094708,130019,Air Advantage,72,1,X,MI,88276b2145fffff
261570001003000,10,1,13,16094708,130019,Air Advantage,72,1,X,MI,88276b2225fffff
261570001003002,0,0,3,16094708,130019,Air Advantage,72,1,X,MI,88276b231bfffff
261570001003002,10,1,19,16094708,130019,Air Advantage,72,1,X,MI,88276b231bfffff
261570001003003,10,1,20,16094708,130019,Air Advantage,72,1,X,MI,88276b2225fffff
261570001003006,10,1,6,16094708,130019,Air Advantage,72,1,X,MI,88276b2313fffff
261570001003007,10,1,1,16094708,130019,Air Advantage,72,1,X,MI,88276b231bfffff
261570001003008,10,1,1,16094708,130019,Air Advantage,72,1,X,MI,88276b2225fffff
261570001003011,10,1,1,16094708,130019,Air Advantage,72,1,X,MI,88276b2235fffff
261570001003012,10,1,2,16094708,130019,Air Advantage,72,1,X,MI,88276b204dfffff
261570001003016,10,1,7,16094708,130019,Air Advantage,72,1,X,MI,88276b2357fffff
261570001003017,10,1,3,16094708,130019,Air Advantage,72,1,X,MI,88276b2357fffff
261570001003019,10,1,5,16094708,130019,Air Advantage,72,1,X,MI,88276b2319fffff
261570001003020,0,0,1,16094708,130019,Air Advantage,72,1,X,MI,88276b2319fffff
261570001003020,10,1,9,16094708,130019,Air Advantage,72,1,X,MI,88276b2319fffff
261570001003021,10,1,4,16094708,130019,Air Advantage,72,1,X,MI,88276b2319fffff
261570001003022,10,1,2,16094708,130019,Air Advantage,72,1,X,MI,88276b2319fffff
261570001003023,10,1,4,16094708,130019,Air Advantage,72,1,X,MI,88276b2319fffff
261570001003024,10,1,6,16094708,130019,Air Advantage,72,1,X,MI,88276b2319fffff
261570001003025,10,1,7,16094708,130019,Air Advantage,72,1,X,MI,88276b2319fffff
261570001003026,10,1,6,16094708,130019,Air Advantage,72,1,X,MI,88276b2319fffff
261570001003027,10,1,3,16094708,130019,Air Advantage,72,1,X,MI,88276b2319fffff
261570001003028,10,1,2,16094708,130019,Air Advantage,72,1,X,MI,88276b2319fffff
261570001003029,10,1,1,16094708,130019,Air Advantage,72,1,X,MI,88276b2319fffff
261570001003030,10,1,4,16094708,130019,Air Advantage,72,1,X,MI,88276b2319fffff
261570001003031,0,0,1,16094708,130019,Air Advantage,72,1,X,MI,88276b231bfffff
261570001003031,10,1,4,16094708,130019,Air Advantage,72,1,X,MI,88276b231bfffff
261570001003032,10,1,2,16094708,130019,Air Advantage,72,1,X,MI,88276b231bfffff
261570001003033,10,1,2,16094708,130019,Air Advantage,72,1,X,MI,88276b2319fffff
261570001003034,0,0,2,16094708,130019,Air Advantage,72,1,X,MI,88276b231bfffff
261570001003034,10,1,10,16094708,130019,Air Advantage,72,1,X,MI,88276b231bfffff
261570001003035,0,0,2,16094708,130019,Air Advantage,72,1,X,MI,88276b2313fffff
261570001003035,10,1,2,16094708,130019,Air Advantage,72,1,X,MI,88276b231bfffff
261570001003036,10,1,14,16094708,130019,Air Advantage,72,1,X,MI,88276b2311fffff
261570001003037,10,1,8,16094708,130019,Air Advantage,72,1,X,MI,88276b2311fffff
261570001003038,0,0,1,16094708,130019,Air Advantage,72,1,X,MI,88276b2311fffff
261570001003038,10,1,1,16094708,130019,Air Advantage,72,1,X,MI,88276b2311fffff
261570001003039,0,0,2,16094708,130019,Air Advantage,72,1,X,MI,88276b2319fffff
261570001003039,10,1,3,16094708,130019,Air Advantage,72,1,X,MI,88276b2319fffff
261570001003040,0,0,1,16094708,130019,Air Advantage,72,1,X,MI,88276b2319fffff
261570001003040,10,1,5,16094708,130019,Air Advantage,72,1,X,MI,88276b2319fffff
261570001003041,10,1,9,16094708,130019,Air Advantage,72,1,X,MI,88276b2319fffff
261570001003042,10,1,10,16094708,130019,Air Advantage,72,1,X,MI,88276b2319fffff
261570001003043,10,1,4,16094708,130019,Air Advantage,72,1,X,MI,88276b2319fffff
261570001003044,10,1,2,16094708,130019,Air Advantage,72,1,X,MI,88276b2319fffff
261570001003045,10,1,4,16094708,130019,Air Advantage,72,1,X,MI,88276b2311fffff
261570001003046,10,1,10,16094708,130019,Air Advantage,72,1,X,MI,88276b2311fffff
261570001003047,10,1,2,16094708,130019,Air Advantage,72,1,X,MI,88276b2319fffff
261570001003050,10,1,2,16094708,130019,Air Advantage,72,1,X,MI,88276b2319fffff
261570001003051,10,1,3,16094708,130019,Air Advantage,72,1,X,MI,88276b231bfffff
261570001003052,0,0,1,16094708,130019,Air Advantage,72,1,X,MI,88276b231bfffff
261570001003052,10,1,2,16094708,130019,Air Advantage,72,1,X,MI,88276b231bfffff
261570001003053,0,0,1,16094708,130019,Air Advantage,72,1,R,MI,88276b231bfffff
261570001003053,10,1,1,16094708,130019,Air Advantage,72,1,X,MI,88276b231bfffff
261570001003054,10,1,2,16094708,130019,Air Advantage,72,1,X,MI,88276b2319fffff
261570001003055,10,1,7,16094708,130019,Air Advantage,72,1,X,MI,88276b231bfffff
261570001003056,0,0,1,16094708,130019,Air Advantage,72,1,X,MI,88276b231bfffff
261570001003056,10,1,16,16094708,130019,Air Advantage,72,1,X,MI,88276b231bfffff
261570001003057,0,0,1,16094708,130019,Air Advantage,72,1,X,MI,88276b231bfffff
261570001003057,10,1,8,16094708,130019,Air Advantage,72,1,X,MI,88276b231bfffff
261570001004001,10,1,3,16094708,130019,Air Advantage,72,1,X,MI,88276b2357fffff
261570001004003,10,1,1,16094708,130019,Air Advantage,72,1,X,MI,88276b2357fffff
261570001004006,0,0,1,16094708,130019,Air Advantage,72,1,X,MI,88276b2357fffff
261570001004006,10,1,5,16094708,130019,Air Advantage,72,1,X,MI,88276b2357fffff
261570001004007,10,1,2,16094708,130019,Air Advantage,72,1,X,MI,88276b2357fffff
261570001004008,10,1,1,16094708,130019,Air Advantage,72,1,X,MI,88276b230bfffff
261570001004009,10,1,4,16094708,130019,Air Advantage,72,1,X,MI,88276b231dfffff
261570001004011,10,1,1,16094708,130019,Air Advantage,72,1,X,MI,88276b230bfffff
261570001004012,10,1,8,16094708,130019,Air Advantage,72,1,X,MI,88276b231dfffff
261570001004014,10,1,1,16094708,130019,Air Advantage,72,1,X,MI,88276b231dfffff
261570001004015,10,1,1,16094708,130019,Air Advantage,72,1,X,MI,88276b2315fffff
261570001004016,10,1,8,16094708,130019,Air Advantage,72,1,X,MI,88276b2311fffff
261570001004017,10,1,3,16094708,130019,Air Advantage,72,1,X,MI,88276b2311fffff
261570001004018,10,1,1,16094708,130019,Air Advantage,72,1,X,MI,88276b231dfffff
261570001004019,0,0,1,16094708,130019,Air Advantage,72,1,X,MI,88276b231dfffff
261570001004019,10,1,17,16094708,130019,Air Advantage,72,1,X,MI,88276b231dfffff
261570001004020,10,1,3,16094708,130019,Air Advantage,72,1,X,MI,88276b231dfffff
261570001004021,10,1,3,16094708,130019,Air Advantage,72,1,X,MI,88276b231dfffff
261570001004022,10,1,1,16094708,130019,Air Advantage,72,1,X,MI,88276b2319fffff
261570001004023,10,1,2,16094708,130019,Air Advantage,72,1,X,MI,88276b2319fffff
261570001004024,10,1,2,16094708,130019,Air Advantage,72,1,X,MI,88276b2319fffff
261570001004025,10,1,4,16094708,130019,Air Advantage,72,1,X,MI,88276b2319fffff
261570001004026,10,1,12,16094708,130019,Air Advantage,72,1,X,MI,88276b2319fffff
261570001004027,10,1,9,16094708,130019,Air Advantage,72,1,X,MI,88276b2319fffff
261570001004028,10,1,7,16094708,130019,Air Advantage,72,1,X,MI,88276b231dfffff
261570001004029,10,1,5,16094708,130019,Air Advantage,72,1,X,MI,88276b231dfffff
261570001004030,0,0,1,16094708,130019,Air Advantage,72,1,X,MI,88276b2311fffff
261570001004030,10,1,1,16094708,130019,Air Advantage,72,1,X,MI,88276b2311fffff
261570001004031,10,1,9,16094708,130019,Air Advantage,72,1,X,MI,88276b2311fffff
261570001004032,0,0,1,16094708,130019,Air Advantage,72,1,X,MI,88276b2311fffff
261570001004032,10,1,7,16094708,130019,Air Advantage,72,1,X,MI,88276b2311fffff
261570001004033,10,1,4,16094708,130019,Air Advantage,72,1,X,MI,88276b2311fffff
261570001004034,10,1,5,16094708,130019,Air Advantage,72,1,X,MI,88276b2311fffff
261570001004035,10,1,2,16094708,130019,Air Advantage,72,1,X,MI,88276b2311fffff
261570001004036,0,0,1,16094708,130019,Air Advantage,72,1,X,MI,88276b2311fffff
261570001004036,10,1,9,16094708,130019,Air Advantage,72,1,X,MI,88276b2311fffff
261570001004037,10,1,5,16094708,130019,Air Advantage,72,1,X,MI,88276b2311fffff
261570001004038,10,1,2,16094708,130019,Air Advantage,72,1,X,MI,88276b2311fffff
261570001004039,10,1,9,16094708,130019,Air Advantage,72,1,X,MI,88276b2311fffff
261570001004040,10,1,8,16094708,130019,Air Advantage,72,1,X,MI,88276b2311fffff
261570001004041,0,0,1,16094708,130019,Air Advantage,72,1,X,MI,88276b2311fffff
261570001004041,10,1,6,16094708,130019,Air Advantage,72,1,X,MI,88276b2311fffff
261570001004042,10,1,10,16094708,130019,Air Advantage,72,1,X,MI,88276b2311fffff
261570001004043,10,1,9,16094708,130019,Air Advantage,72,1,X,MI,88276b2311fffff
261570001004044,10,1,8,16094708,130019,Air Advantage,72,1,X,MI,88276b2311fffff
261570001004045,10,1,7,16094708,130019,Air Advantage,72,1,X,MI,88276b2311fffff
261570001004046,10,1,8,16094708,130019,Air Advantage,72,1,X,MI,88276b2311fffff
261570001004047,10,1,8,16094708,130019,Air Advantage,72,1,X,MI,88276b2311fffff
261570001004048,10,1,9,16094708,130019,Air Advantage,72,1,X,MI,88276b2311fffff
261570001004049,10,1,13,16094708,130019,Air Advantage,72,1,X,MI,88276b2317fffff
261570001004050,10,1,11,16094708,130019,Air Advantage,72,1,X,MI,88276b2311fffff
261570001004051,10,1,22,16094708,130019,Air Advantage,72,1,X,MI,88276b2315fffff
261570001004055,10,1,5,16094708,130019,Air Advantage,72,1,X,MI,88276b2311fffff
261570001004056,10,1,3,16094708,130019,Air Advantage,72,1,X,MI,88276b2311fffff
261570001004057,10,1,4,16094708,130019,Air Advantage,72,1,X,MI,88276b2313fffff
261570001004058,10,1,65,16094708,130019,Air Advantage,72,1,X,MI,88276b2313fffff
261570001004059,10,1,22,16094708,130019,Air Advantage,72,1,X,MI,88276b2317fffff
261570001004060,10,1,2,16094708,130019,Air Advantage,72,1,X,MI,88276b2317fffff
261570001004061,10,1,2,16094708,130019,Air Advantage,72,1,X,MI,88276b2317fffff
261570001004062,10,1,1,16094708,130019,Air Advantage,72,1,X,MI,88276b2317fffff
261570001004063,10,1,2,16094708,130019,Air Advantage,72,1,X,MI,88276b2311fffff
261570001004064,10,1,2,16094708,130019,Air Advantage,72,1,X,MI,88276b2311fffff
261570001004065,10,1,1,16094708,130019,Air Advantage,72,1,X,MI,88276b2311fffff
261570001004066,10,1,2,16094708,130019,Air Advantage,72,1,X,MI,88276b231dfffff
261570001004067,10,1,1,16094708,130019,Air Advantage,72,1,X,MI,88276b2313fffff
261570002001000,10,1,4,16094708,130019,Air Advantage,72,1,X,MI,88276b383bfffff
261570002001001,0,0,1,16094708,130019,Air Advantage,72,1,X,MI,88276b3837fffff
261570002001001,10,1,4,16094708,130019,Air Advantage,72,1,X,MI,88276b3837fffff
261570002001002,10,1,7,16094708,130019,Air Advantage,72,1,X,MI,88276b3823fffff
261570002001003,0,0,1,16094708,130019,Air Advantage,72,1,X,MI,88276b3913fffff
261570002001003,10,1,4,16094708,130019,Air Advantage,72,1,X,MI,88276b391bfffff
261570002001004,10,1,2,16094708,130019,Air Advantage,72,1,X,MI,88276b39e9fffff
261570002001005,0,0,1,16094708,130019,Air Advantage,72,1,X,MI,88276b39e1fffff
261570002001005,10,1,3,16094708,130019,Air Advantage,72,1,X,MI,88276b393bfffff
261570002001006,0,0,3,16094708,130019,Air Advantage,72,1,X,MI,88276b3933fffff
261570002001006,10,1,2,16094708,130019,Air Advantage,72,1,X,MI,88276b393bfffff
261570002001007,10,1,2,16094708,130019,Air Advantage,72,1,X,MI,88276b3937fffff
261570002001008,0,0,1,16094708,130019,Air Advantage,72,1,X,MI,88276b76c3fffff
261570002001008,10,1,6,16094708,130019,Air Advantage,72,1,X,MI,88276b3935fffff
261570002001009,0,0,1,16094708,130019,Air Advantage,72,1,X,MI,88276b76d3fffff
261570002001009,10,1,4,16094708,130019,Air Advantage,72,1,X,MI,88276b76d1fffff
261570002001010,0,0,2,16094708,130019,Air Advantage,72,1,X,MI,88276b76dbfffff
261570002001010,10,1,2,16094708,130019,Air Advantage,72,1,X,MI,88276b76d3fffff
261570002001011,10,1,2,16094708,130019,Air Advantage,72,1,X,MI,88276b39e5fffff
261570002001012,0,0,2,16094708,130019,Air Advantage,72,1,X,MI,88276b39a9fffff
261570002001012,10,1,3,16094708,130019,Air Advantage,72,1,X,MI,88276b39e1fffff
261570002001014,0,0,2,16094708,130019,Air Advantage,72,1,X,MI,88276b3983fffff
261570002001014,10,1,3,16094708,130019,Air Advantage,72,1,X,MI,88276b3983fffff
261570002001015,10,1,1,16094708,130019,Air Advantage,72,1,X,MI,88276b398bfffff
261570002001016,10,1,1,16094708,130019,Air Advantage,72,1,X,MI,88276b39cdfffff
261570002001017,10,1,2,16094708,130019,Air Advantage,72,1,X,MI,88276b39c1fffff
261570002001018,10,1,8,16094708,130019,Air Advantage,72,1,X,MI,88276b39d5fffff
261570002001019,10,1,6,16094708,130019,Air Advantage,72,1,X,MI,88276b39ddfffff
261570002001021,10,1,2,16094708,130019,Air Advantage,72,1,X,MI,88276b38e5fffff
261570002001022,10,1,2,16094708,130019,Air Advantage,72,1,X,MI,88276b38e9fffff
261570002001023,10,1,1,16094708,130019,Air Advantage,72,1,X,MI,88276b3817fffff
261570002001024,0,0,3,16094708,130019,Air Advantage,72,1,X,MI,88276b39abfffff
261570002001026,10,1,5,16094708,130019,Air Advantage,72,1,X,MI,88276b39d1fffff
261570002001027,10,1,1,16094708,130019,Air Advantage,72,1,X,MI,88276b39d1fffff
261570002001028,10,1,1,16094708,130019,Air Advantage,72,1,X,MI,88276b2b4bfffff
261570002001029,0,0,1,16094708,130019,Air Advantage,72,1,X,MI,88276b39a5fffff
261570002001030,0,0,3,16094708,130019,Air Advantage,72,1,X,MI,88276b7699fffff
261570002001031,0,0,1,16094708,130019,Air Advantage,72,1,X,MI,88276b7691fffff
261570002001032,0,0,5,16094708,130019,Air Advantage,72,1,X,MI,88276b7691fffff
261570002001033,0,0,2,16094708,130019,Air Advantage,72,1,X,MI,88276b2b41fffff
261570002001034,10,1,4,16094708,130019,Air Advantage,72,1,X,MI,88276b2b6bfffff
261570002001035,10,1,1,16094708,130019,Air Advantage,72,1,X,MI,88276b2b47fffff
261570002001036,10,1,1,16094708,130019,Air Advantage,72,1,X,MI,88276b2b4bfffff
261570002001037,10,1,1,16094708,130019,Air Advantage,72,1,X,MI,88276b2b4bfffff
261570002001038,0,0,2,16094708,130019,Air Advantage,72,1,X,MI,88276b39bdfffff
261570002001039,0,0,1,16094708,130019,Air Advantage,72,1,X,MI,88276b39b7fffff
261570002001040,0,0,1,16094708,130019,Air Advantage,72,1,X,MI,88276b39b9fffff
261570002001041,0,0,2,16094708,130019,Air Advantage,72,1,X,MI,88276b3997fffff
261570002001042,10,1,1,16094708,130019,Air Advantage,72,1,X,MI,88276b3995fffff
261570002001043,10,1,2,16094708,130019,Air Advantage,72,1,X,MI,88276b398bfffff
261570002001044,10,1,3,16094708,130019,Air Advantage,72,1,X,MI,88276b3999fffff
261570002001046,0,0,3,16094708,130019,Air Advantage,72,1,X,MI,88276b3997fffff
261570002001047,0,0,1,16094708,130019,Air Advantage,72,1,X,MI,88276b2a65fffff
261570002001050,0,0,1,16094708,130019,Air Advantage,72,1,X,MI,88276b2b59fffff
261570002001051,0,0,1,16094708,130019,Air Advantage,72,1,X,MI,88276b2a65fffff
261570002001051,10,1,1,16094708,130019,Air Advantage,72,1,X,MI,88276b2b5bfffff
261570002001052,0,0,1,16094708,130019,Air Advantage,72,1,X,MI,88276b2a65fffff
261570002001052,10,1,4,16094708,130019,Air Advantage,72,1,X,MI,88276b2a67fffff
261570002001054,0,0,3,16094708,130019,Air Advantage,72,1,X,MI,88276b3997fffff
261570002001055,10,1,2,16094708,130019,Air Advantage,72,1,X,MI,88276b399dfffff
261570002001056,10,1,1,16094708,130019,Air Advantage,72,1,X,MI,88276b39d3fffff
261570002001057,0,0,1,16094708,130019,Air Advantage,72,1,X,MI,88276b3885fffff
261570002001058,10,1,5,16094708,130019,Air Advantage,72,1,X,MI,88276b38adfffff
261570002001060,10,1,1,16094708,130019,Air Advantage,72,1,X,MI,88276b2b59fffff
261570002001061,10,1,2,16094708,130019,Air Advantage,72,1,X,MI,88276b2b55fffff
261570002001062,10,1,2,16094708,130019,Air Advantage,72,1,X,MI,88276b2b55fffff
261570002001064,10,1,3,16094708,130019,Air Advantage,72,1,X,MI,88276b2b05fffff
261570002001065,10,1,2,16094708,130019,Air Advantage,72,1,X,MI,88276b2b03fffff
261570002001067,10,1,1,16094708,130019,Air Advantage,72,1,X,MI,88276b2b1dfffff
261570002001068,0,0,1,16094708,130019,Air Advantage,72,1,X,MI,88276b2a63fffff
261570002001073,0,0,1,16094708,130019,Air Advantage,72,1,R,MI,88276b38b7fffff
261570002001075,10,1,1,16094708,130019,Air Advantage,72,1,X,MI,88276b2b53fffff
261570002001076,10,1,1,16094708,130019,Air Advantage,72,1,X,MI,88276b2b07fffff
261570002002008,0,0,1,16094708,130019,Air Advantage,72,1,X,MI,88276b7759fffff
261570002002008,10,1,30,16094708,130019,Air Advantage,72,1,X,MI,88276b7759fffff
261570002002016,0,0,1,16094708,130019,Air Advantage,72,1,R,MI,88276b7607fffff
261570002002021,10,1,1,16094708,130019,Air Advantage,72,1,X,MI,88276b7615fffff
261570002002022,10,1,2,16094708,130019,Air Advantage,72,1,X,MI,88276b7617fffff
261570002002023,10,1,1,16094708,130019,Air Advantage,72,1,X,MI,88276b763bfffff
261570002002025,10,1,1,16094708,130019,Air Advantage,72,1,X,MI,88276b7639fffff
261570002002030,0,0,1,16094708,130019,Air Advantage,72,1,X,MI,88276b771bfffff
261570002002039,0,0,2,16094708,130019,Air Advantage,72,1,X,MI,88276b7461fffff
261570002002046,0,0,3,16094708,130019,Air Advantage,72,1,X,MI,88276b7421fffff
261570002002055,0,0,1,16094708,130019,Air Advantage,72,1,X,MI,88276b7421fffff
261570002002055,10,1,1,16094708,130019,Air Advantage,72,1,X,MI,88276b75c9fffff
261570002002056,10,1,2,16094708,130019,Air Advantage,72,1,X,MI,88276b742bfffff
261570002002057,0,0,1,16094708,130019,Air Advantage,72,1,X,MI,88276b7427fffff
261570002002063,10,1,3,16094708,130019,Air Advantage,72,1,X,MI,88276b75cbfffff
261570002002064,10,1,1,16094708,130019,Air Advantage,72,1,X,MI,88276b743dfffff
261570002002065,0,0,1,16094708,130019,Air Advantage,72,1,X,MI,88276b7431fffff
261570002002065,10,1,2,16094708,130019,Air Advantage,72,1,X,MI,88276b7439fffff
261570002002066,10,1,1,16094708,130019,Air Advantage,72,1,X,MI,88276b7447fffff
261570002002067,0,0,2,16094708,130019,Air Advantage,72,1,X,MI,88276b7461fffff
261570002002067,10,1,1,16094708,130019,Air Advantage,72,1,X,MI,88276b7447fffff
261570002002070,10,1,1,16094708,130019,Air Advantage,72,1,X,MI,88276b75c9fffff
261570002002073,10,1,4,16094708,130019,Air Advantage,72,1,X,MI,88276b75cbfffff
261570002002074,10,1,4,16094708,130019,Air Advantage,72,1,X,MI,88276b7437fffff
261570002002075,10,1,4,16094708,130019,Air Advantage,72,1,X,MI,88276b7403fffff
261570002002076,0,0,1,16094708,130019,Air Advantage,72,1,X,MI,88276b7403fffff
261570002002076,10,1,6,16094708,130019,Air Advantage,72,1,X,MI,88276b7439fffff
261570002002077,10,1,2,16094708,130019,Air Advantage,72,1,X,MI,88276b740bfffff
261570002002078,10,1,7,16094708,130019,Air Advantage,72,1,X,MI,88276b7455fffff
261570002002079,10,1,7,16094708,130019,Air Advantage,72,1,X,MI,88276b745dfffff
261570002002081,0,0,2,16094708,130019,Air Advantage,72,1,X,MI,88276b7637fffff
261570002002081,10,1,1,16094708,130019,Air Advantage,72,1,X,MI,88276b7633fffff
261570002002082,10,1,1,16094708,130019,Air Advantage,72,1,X,MI,88276b7633fffff
261570002002084,10,1,2,16094708,130019,Air Advantage,72,1,X,MI,88276b76edfffff
261570002002085,10,1,10,16094708,130019,Air Advantage,72,1,X,MI,88276b7453fffff
261570002002086,10,1,5,16094708,130019,Air Advantage,72,1,X,MI,88276b7453fffff
261570002002087,10,1,9,16094708,130019,Air Advantage,72,1,X,MI,88276b7411fffff
261570002002088,10,1,8,16094708,130019,Air Advantage,72,1,X,MI,88276b7411fffff
261570002002089,10,1,4,16094708,130019,Air Advantage,72,1,X,MI,88276b7411fffff
261570002002090,10,1,1,16094708,130019,Air Advantage,72,1,R,MI,88276b7589fffff
261570002002092,10,1,1,16094708,130019,Air Advantage,72,1,X,MI,88276b75d9fffff
261570002002093,10,1,1,16094708,130019,Air Advantage,72,1,X,MI,88276b7433fffff
261570002003000,10,1,7,16094708,130019,Air Advantage,72,1,X,MI,88276b76c1fffff
261570002003003,10,1,1,16094708,130019,Air Advantage,72,1,X,MI,88276b76e1fffff
261570002003004,0,0,1,16094708,130019,Air Advantage,72,1,X,MI,88276b76e5fffff
261570002003004,10,1,8,16094708,130019,Air Advantage,72,1,X,MI,88276b76e7fffff
261570002003005,10,1,3,16094708,130019,Air Advantage,72,1,X,MI,88276b76e3fffff
261570002003006,10,1,3,16094708,130019,Air Advantage,72,1,X,MI,88276b76e3fffff
261570002003007,10,1,1,16094708,130019,Air Advantage,72,1,X,MI,88276b76e3fffff
261570002003008,10,1,1,16094708,130019,Air Advantage,72,1,X,MI,88276b76e1fffff
261570002003009,0,0,1,16094708,130019,Air Advantage,72,1,X,MI,88276b7687fffff
261570002003010,10,1,1,16094708,130019,Air Advantage,72,1,X,MI,88276b76e3fffff
261570002003015,10,1,2,16094708,130019,Air Advantage,72,1,X,MI,88276b76e3fffff
261570002003017,10,1,34,16094708,130019,Air Advantage,72,1,X,MI,88276b76e7fffff
261570002003018,10,1,1,16094708,130019,Air Advantage,72,1,X,MI,88276b76e3fffff
261570002003024,10,1,2,16094708,130019,Air Advantage,72,1,X,MI,88276b76e7fffff
261570002003025,10,1,1,16094708,130019,Air Advantage,72,1,X,MI,88276b76e7fffff
261570002003030,10,1,2,16094708,130019,Air Advantage,72,1,X,MI,88276b76e3fffff
261570002003032,10,1,4,16094708,130019,Air Advantage,72,1,X,MI,88276b76a9fffff
261570002003033,10,1,1,16094708,130019,Air Advantage,72,1,X,MI,88276b76a9fffff
261570002003034,10,1,4,16094708,130019,Air Advantage,72,1,X,MI,88276b76a1fffff
261570002003039,10,1,4,16094708,130019,Air Advantage,72,1,X,MI,88276b76a7fffff
261570002003040,10,1,2,16094708,130019,Air Advantage,72,1,X,MI,88276b74c9fffff
261570002003041,10,1,1,16094708,130019,Air Advantage,72,1,X,MI,88276b74cbfffff
261570002003044,10,1,2,16094708,130019,Air Advantage,72,1,X,MI,88276b76bdfffff
261570002003045,10,1,4,16094708,130019,Air Advantage,72,1,X,MI,88276b7687fffff
261570002003046,0,0,1,16094708,130019,Air Advantage,72,1,X,MI,88276b7687fffff
261570002003047,10,1,4,16094708,130019,Air Advantage,72,1,X,MI,88276b76d5fffff
261570002003048,0,0,1,16094708,130019,Air Advantage,72,1,X,MI,88276b7695fffff
261570002003048,10,1,1,16094708,130019,Air Advantage,72,1,X,MI,88276b769dfffff
261570002003049,0,0,2,16094708,130019,Air Advantage,72,1,X,MI,88276b7697fffff
261570002003050,10,1,1,16094708,130019,Air Advantage,72,1,X,MI,88276b76b5fffff
261570002003053,10,1,1,16094708,130019,Air Advantage,72,1,X,MI,88276b74ddfffff
261570002003054,10,1,2,16094708,130019,Air Advantage,72,1,X,MI,88276b74d5fffff
261570002003057,10,1,1,16094708,130019,Air Advantage,72,1,X,MI,88276b2b2dfffff
261570002003058,10,1,5,16094708,130019,Air Advantage,72,1,X,MI,88276b2b2bfffff
261570002003059,10,1,2,16094708,130019,Air Advantage,72,1,X,MI,88276b2b29fffff
261570002003060,10,1,2,16094708,130019,Air Advantage,72,1,X,MI,88276b2b27fffff
261570002003064,10,1,2,16094708,130019,Air Advantage,72,1,X,MI,88276b2b21fffff
261570002003065,10,1,3,16094708,130019,Air Advantage,72,1,X,MI,88276b2b21fffff
261570002003066,10,1,4,16094708,130019,Air Advantage,72,1,X,MI,88276b2969fffff
261570002004000,10,1,6,16094708,130019,Air Advantage,72,1,X,MI,88276b74c1fffff
261570002004001,10,1,6,16094708,130019,Air Advantage,72,1,X,MI,88276b74e9fffff
261570002004002,10,1,3,16094708,130019,Air Advantage,72,1,X,MI,88276b74edfffff
261570002004004,10,1,1,16094708,130019,Air Advantage,72,1,X,MI,88276b74adfffff
261570002004006,10,1,1,16094708,130019,Air Advantage,72,1,X,MI,88276b7489fffff
261570002004007,10,1,3,16094708,130019,Air Advantage,72,1,X,MI,88276b748dfffff
261570002004008,10,1,5,16094708,130019,Air Advantage,72,1,X,MI,88276b74a9fffff
261570002004009,10,1,2,16094708,130019,Air Advantage,72,1,X,MI,88276b748dfffff
261570002004010,10,1,1,16094708,130019,Air Advantage,72,1,X,MI,88276b74d5fffff
261570002004013,10,1,1,16094708,130019,Air Advantage,72,1,X,MI,88276b7483fffff
261570002004014,10,1,2,16094708,130019,Air Advantage,72,1,X,MI,88276b74b9fffff
261570002004015,10,1,1,16094708,130019,Air Advantage,72,1,X,MI,88276b74bbfffff
261570002004016,10,1,3,16094708,130019,Air Advantage,72,1,X,MI,88276b74a1fffff
261570002004017,0,0,1,16094708,130019,Air Advantage,72,1,X,MI,88276b74b5fffff
261570002004017,10,1,5,16094708,130019,Air Advantage,72,1,X,MI,88276b74a3fffff
261570002004018,10,1,7,16094708,130019,Air Advantage,72,1,X,MI,88276b74b5fffff
261570002004019,0,0,1,16094708,130019,Air Advantage,72,1,X,MI,88276b6649fffff
261570002004019,10,1,18,16094708,130019,Air Advantage,72,1,X,MI,88276b665dfffff
261570002004020,10,1,27,16094708,130019,Air Advantage,72,1,X,MI,88276b74b7fffff
261570002004021,10,1,13,16094708,130019,Air Advantage,72,1,X,MI,88276b6659fffff
261570002004022,0,0,1,16094708,130019,Air Advantage,72,1,X,MI,88276b74b7fffff
261570002004022,10,1,2,16094708,130019,Air Advantage,72,1,X,MI,88276b74b1fffff
261570002004023,0,0,1,16094708,130019,Air Advantage,72,1,X,MI,88276b74b7fffff
261570002004023,10,1,11,16094708,130019,Air Advantage,72,1,X,MI,88276b74b7fffff
261570002004024,10,1,10,16094708,130019,Air Advantage,72,1,X,MI,88276b2965fffff
261570002004025,10,1,7,16094708,130019,Air Advantage,72,1,X,MI,88276b296dfffff
261570002004026,10,1,11,16094708,130019,Air Advantage,72,1,X,MI,88276b6659fffff
261570002004027,10,1,8,16094708,130019,Air Advantage,72,1,X,MI,88276b6659fffff
261570002004028,10,1,1,16094708,130019,Air Advantage,72,1,X,MI,88276b6659fffff
261570002004029,10,1,10,16094708,130019,Air Advantage,72,1,X,MI,88276b6659fffff
261570002004030,10,1,13,16094708,130019,Air Advantage,72,1,X,MI,88276b6659fffff
261570002004031,10,1,1,16094708,130019,Air Advantage,72,1,X,MI,88276b6659fffff
261570002004032,10,1,2,16094708,130019,Air Advantage,72,1,X,MI,88276b6659fffff
261570002004033,10,1,18,16094708,130019,Air Advantage,72,1,X,MI,88276b665bfffff
261570002004034,10,1,4,16094708,130019,Air Advantage,72,1,X,MI,88276b6659fffff
261570002004035,0,0,1,16094708,130019,Air Advantage,72,1,R,MI,88276b6659fffff
261570002004037,10,1,11,16094708,130019,Air Advantage,72,1,X,MI,88276b6651fffff
261570002004038,0,0,1,16094708,130019,Air Advantage,72,1,X,MI,88276b6659fffff
261570002004038,10,1,8,16094708,130019,Air Advantage,72,1,X,MI,88276b665bfffff
261570002004039,10,1,4,16094708,130019,Air Advantage,72,1,X,MI,88276b6659fffff
261570002004040,10,1,1,16094708,130019,Air Advantage,72,1,X,MI,88276b665bfffff
261570002004041,10,1,4,16094708,130019,Air Advantage,72,1,X,MI,88276b665bfffff
261570002004043,10,1,8,16094708,130019,Air Advantage,72,1,X,MI,88276b6645fffff
261570002004045,10,1,4,16094708,130019,Air Advantage,72,1,X,MI,88276b7597fffff
261570002004048,10,1,5,16094708,130019,Air Advantage,72,1,X,MI,88276b666bfffff
261570002004049,10,1,4,16094708,130019,Air Advantage,72,1,X,MI,88276b660dfffff
261570002004050,0,0,1,16094708,130019,Air Advantage,72,1,X,MI,88276b759bfffff
261570003001000,10,1,1,16094708,130019,Air Advantage,72,1,X,MI,88276b6651fffff
261570003001001,10,1,7,16094708,130019,Air Advantage,72,1,X,MI,88276b660bfffff
261570003001002,0,0,1,16094708,130019,Air Advantage,72,1,X,MI,88276b662bfffff
261570003001002,10,1,6,16094708,130019,Air Advantage,72,1,X,MI,88276b6605fffff
261570003001003,10,1,2,16094708,130019,Air Advantage,72,1,X,MI,88276b6621fffff
261570003001004,0,0,1,16094708,130019,Air Advantage,72,1,X,MI,88276b6607fffff
261570003001004,10,1,16,16094708,130019,Air Advantage,72,1,X,MI,88276b661dfffff
261570003001005,0,0,1,16094708,130019,Air Advantage,72,1,X,MI,88276b6657fffff
261570003001005,10,1,4,16094708,130019,Air Advantage,72,1,X,MI,88276b660bfffff
261570003001006,0,0,1,16094708,130019,Air Advantage,72,1,X,MI,88276b6657fffff
261570003001006,10,1,6,16094708,130019,Air Advantage,72,1,X,MI,88276b6651fffff
261570003001007,10,1,6,16094708,130019,Air Advantage,72,1,X,MI,88276b6619fffff
261570003001008,10,1,7,16094708,130019,Air Advantage,72,1,X,MI,88276b661bfffff
261570003001009,10,1,5,16094708,130019,Air Advantage,72,1,X,MI,88276b6615fffff
261570003001010,10,1,8,16094708,130019,Air Advantage,72,1,X,MI,88276b6617fffff
261570003001011,0,0,1,16094708,130019,Air Advantage,72,1,X,MI,88276b6635fffff
261570003001011,10,1,7,16094708,130019,Air Advantage,72,1,X,MI,88276b644bfffff
261570003001012,10,1,3,16094708,130019,Air Advantage,72,1,X,MI,88276b6633fffff
261570003001013,10,1,17,16094708,130019,Air Advantage,72,1,X,MI,88276b66edfffff
261570003001014,10,1,3,16094708,130019,Air Advantage,72,1,X,MI,88276b6617fffff
261570003001015,10,1,5,16094708,130019,Air Advantage,72,1,X,MI,88276b6617fffff
261570003001017,0,0,1,16094708,130019,Air Advantage,72,1,R,MI,88276b66edfffff
261570003001017,10,1,16,16094708,130019,Air Advantage,72,1,X,MI,88276b66e9fffff
261570003001019,0,0,2,16094708,130019,Air Advantage,72,1,X,MI,88276b6617fffff
261570003001019,10,1,3,16094708,130019,Air Advantage,72,1,X,MI,88276b6617fffff
261570003001020,10,1,10,16094708,130019,Air Advantage,72,1,X,MI,88276b66edfffff
261570003001021,10,1,20,16094708,130019,Air Advantage,72,1,X,MI,88276b66edfffff
261570003001021,100,20,1,16094708,130019,Air Advantage,72,1,R,MI,88276b66edfffff
261570003001022,10,1,3,16094708,130019,Air Advantage,72,1,X,MI,88276b66edfffff
261570003001023,10,1,37,16094708,130019,Air Advantage,72,1,X,MI,88276b66e1fffff
261570003001023,50,10,1,16094708,130019,Air Advantage,72,1,R,MI,88276b66e1fffff
261570003001024,10,1,10,16094708,130019,Air Advantage,72,1,X,MI,88276b66edfffff
261570003001025,10,1,15,16094708,130019,Air Advantage,72,1,X,MI,88276b66edfffff
261570003001026,10,1,7,16094708,130019,Air Advantage,72,1,X,MI,88276b66edfffff
261570003001027,10,1,13,16094708,130019,Air Advantage,72,1,X,MI,88276b66e9fffff
261570003001028,10,1,16,16094708,130019,Air Advantage,72,1,X,MI,88276b66ebfffff
261570003001029,10,1,5,16094708,130019,Air Advantage,72,1,X,MI,88276b668dfffff
261570003001032,0,0,2,16094708,130019,Air Advantage,72,1,X,MI,88276b66e5fffff
261570003001032,10,1,5,16094708,130019,Air Advantage,72,1,X,MI,88276b66e5fffff
261570003001033,0,0,4,16094708,130019,Air Advantage,72,1,X,MI,88276b6457fffff
261570003001033,10,1,6,16094708,130019,Air Advantage,72,1,X,MI,88276b6455fffff
261570003001034,10,1,1,16094708,130019,Air Advantage,72,1,X,MI,88276b6453fffff
261570003001035,0,0,1,16094708,130019,Air Advantage,72,1,X,MI,88276b645bfffff
261570003001035,10,1,4,16094708,130019,Air Advantage,72,1,X,MI,88276b66e3fffff
261570003002000,10,1,4,16094708,130019,Air Advantage,72,1,X,MI,88276b6753fffff
261570003002001,10,1,6,16094708,130019,Air Advantage,72,1,X,MI,88276b6757fffff
261570003002002,10,1,6,16094708,130019,Air Advantage,72,1,X,MI,88276b670bfffff
261570003002003,10,1,9,16094708,130019,Air Advantage,72,1,X,MI,88276b6729fffff
261570003002004,10,1,1,16094708,130019,Air Advantage,72,1,X,MI,88276b6723fffff
261570003002005,10,1,2,16094708,130019,Air Advantage,72,1,X,MI,88276b6725fffff
261570003002006,0,0,1,16094708,130019,Air Advantage,72,1,X,MI,88276b6725fffff
261570003002008,10,1,2,16094708,130019,Air Advantage,72,1,X,MI,88276b673dfffff
261570003002010,10,1,4,16094708,130019,Air Advantage,72,1,X,MI,88276b6449fffff
261570003002011,10,1,13,16094708,130019,Air Advantage,72,1,X,MI,88276b6719fffff
261570003002012,0,0,1,16094708,130019,Air Advantage,72,1,X,MI,88276b6733fffff
261570003002012,10,1,8,16094708,130019,Air Advantage,72,1,X,MI,88276b6739fffff
261570003002013,0,0,1,16094708,130019,Air Advantage,72,1,X,MI,88276b6733fffff
261570003002015,10,1,5,16094708,130019,Air Advantage,72,1,X,MI,88276b6549fffff
261570003002016,10,1,4,16094708,130019,Air Advantage,72,1,X,MI,88276b6545fffff
261570003002017,10,1,8,16094708,130019,Air Advantage,72,1,X,MI,88276b6093fffff
261570003002018,10,1,3,16094708,130019,Air Advantage,72,1,X,MI,88276b6545fffff
261570003002019,10,1,4,16094708,130019,Air Advantage,72,1,X,MI,88276b6501fffff
261570003002020,10,1,1,16094708,130019,Air Advantage,72,1,X,MI,88276b6509fffff
261570003002021,10,1,2,16094708,130019,Air Advantage,72,1,X,MI,88276b650bfffff
261570003002022,10,1,2,16094708,130019,Air Advantage,72,1,X,MI,88276b6557fffff
261570003002023,10,1,1,16094708,130019,Air Advantage,72,1,X,MI,88276b655dfffff
261570003002024,0,0,1,16094708,130019,Air Advantage,72,1,X,MI,88276b6733fffff
261570003002024,10,1,2,16094708,130019,Air Advantage,72,1,X,MI,88276b6551fffff
261570003002025,0,0,1,16094708,130019,Air Advantage,72,1,X,MI,88276b6469fffff
261570003002025,10,1,3,16094708,130019,Air Advantage,72,1,X,MI,88276b6465fffff
261570003002026,0,0,1,16094708,130019,Air Advantage,72,1,X,MI,88276b6463fffff
261570003002026,10,1,5,16094708,130019,Air Advantage,72,1,X,MI,88276b6445fffff
261570003002027,10,1,3,16094708,130019,Air Advantage,72,1,X,MI,88276b6449fffff
261570003002028,0,0,1,16094708,130019,Air Advantage,72,1,X,MI,88276b6443fffff
261570003002028,10,1,1,16094708,130019,Air Advantage,72,1,X,MI,88276b6441fffff
261570003002029,10,1,3,16094708,130019,Air Advantage,72,1,X,MI,88276b6455fffff
261570003002031,10,1,4,16094708,130019,Air Advantage,72,1,X,MI,88276b6421fffff
261570003002032,10,1,8,16094708,130019,Air Advantage,72,1,X,MI,88276b65c9fffff
261570003002034,10,1,3,16094708,130019,Air Advantage,72,1,X,MI,88276b642bfffff
261570003002035,10,1,1,16094708,130019,Air Advantage,72,1,X,MI,88276b643dfffff
261570003002042,10,1,7,16094708,130019,Air Advantage,72,1,X,MI,88276b6557fffff
261570003002043,10,1,4,16094708,130019,Air Advantage,72,1,X,MI,88276b651bfffff
261570003002044,10,1,1,16094708,130019,Air Advantage,72,1,X,MI,88276b6513fffff
261570003002045,10,1,4,16094708,130019,Air Advantage,72,1,X,MI,88276b6511fffff
261570003002046,10,1,2,16094708,130019,Air Advantage,72,1,X,MI,88276b651dfffff
261570003002047,10,1,4,16094708,130019,Air Advantage,72,1,X,MI,88276b6515fffff
261570003002048,10,1,8,16094708,130019,Air Advantage,72,1,X,MI,88276b6503fffff
261570003002049,10,1,5,16094708,130019,Air Advantage,72,1,X,MI,88276b65e1fffff
261570003002050,0,0,1,16094708,130019,Air Advantage,72,1,X,MI,88276b65e1fffff
261570003002050,10,1,9,16094708,130019,Air Advantage,72,1,X,MI,88276b6513fffff
261570003002051,10,1,8,16094708,130019,Air Advantage,72,1,X,MI,88276b65c9fffff
261570003002052,10,1,7,16094708,130019,Air Advantage,72,1,X,MI,88276b6435fffff
261570003002053,10,1,7,16094708,130019,Air Advantage,72,1,X,MI,88276b643dfffff
261570003002054,10,1,7,16094708,130019,Air Advantage,72,1,X,MI,88276b6431fffff
261570003002058,0,0,1,16094708,130019,Air Advantage,72,1,X,MI,88276b6533fffff
261570003002059,0,0,2,16094708,130019,Air Advantage,72,1,X,MI,88276b65e7fffff
261570003002059,10,1,6,16094708,130019,Air Advantage,72,1,X,MI,88276b6533fffff
261570003002060,10,1,7,16094708,130019,Air Advantage,72,1,X,MI,88276b6439fffff
261570003002061,0,0,1,16094708,130019,Air Advantage,72,1,X,MI,88276b64edfffff
261570003002062,0,0,2,16094708,130019,Air Advantage,72,1,X,MI,88276b6413fffff
261570003002063,10,1,2,16094708,130019,Air Advantage,72,1,X,MI,88276b6623fffff
261570003002064,10,1,1,16094708,130019,Air Advantage,72,1,X,MI,88276b6425fffff
261570003002065,10,1,2,16094708,130019,Air Advantage,72,1,X,MI,88276b6437fffff
261570003003000,10,1,14,16094708,130019,Air Advantage,72,1,X,MI,88276b2945fffff
261570003003001,10,1,5,16094708,130019,Air Advantage,72,1,X,MI,88276b2961fffff
261570003003002,10,1,9,16094708,130019,Air Advantage,72,1,X,MI,88276b2967fffff
261570003003003,10,1,11,16094708,130019,Air Advantage,72,1,X,MI,88276b2925fffff
261570003003004,0,0,1,16094708,130019,Air Advantage,72,1,X,MI,88276b2927fffff
261570003003004,10,1,7,16094708,130019,Air Advantage,72,1,X,MI,88276b6653fffff
261570003003005,10,1,4,16094708,130019,Air Advantage,72,1,X,MI,88276b661bfffff
261570003003006,0,0,1,16094708,130019,Air Advantage,72,1,X,MI,88276b2931fffff
261570003003006,10,1,7,16094708,130019,Air Advantage,72,1,X,MI,88276b2931fffff
261570003003007,10,1,1,16094708,130019,Air Advantage,72,1,X,MI,88276b2907fffff
261570003003009,10,1,5,16094708,130019,Air Advantage,72,1,X,MI,88276b293dfffff
261570003003010,10,1,4,16094708,130019,Air Advantage,72,1,X,MI,88276b29e5fffff
261570003003012,0,0,1,16094708,130019,Air Advantage,72,1,X,MI,88276b2913fffff
261570003003015,10,1,3,16094708,130019,Air Advantage,72,1,X,MI,88276b2823fffff
261570003003016,0,0,1,16094708,130019,Air Advantage,72,1,X,MI,88276b2837fffff
261570003003019,10,1,8,16094708,130019,Air Advantage,72,1,X,MI,88276b29e1fffff
261570003003020,10,1,5,16094708,130019,Air Advantage,72,1,X,MI,88276b66dbfffff
261570003003021,0,0,1,16094708,130019,Air Advantage,72,1,X,MI,88276b66d5fffff
261570003003021,10,1,9,16094708,130019,Air Advantage,72,1,X,MI,88276b2931fffff
261570003003022,10,1,4,16094708,130019,Air Advantage,72,1,X,MI,88276b2927fffff
261570003003026,0,0,1,16094708,130019,Air Advantage,72,1,X,MI,88276b66d3fffff
261570003003026,10,1,2,16094708,130019,Air Advantage,72,1,X,MI,88276b66d3fffff
261570003003027,10,1,1,16094708,130019,Air Advantage,72,1,X,MI,88276b66d7fffff
261570003003028,10,1,1,16094708,130019,Air Advantage,72,1,X,MI,88276b6695fffff
261570003003029,10,1,1,16094708,130019,Air Advantage,72,1,X,MI,88276b6689fffff
261570003003030,10,1,6,16094708,130019,Air Advantage,72,1,X,MI,88276b6681fffff
261570003003031,10,1,3,16094708,130019,Air Advantage,72,1,X,MI,88276b668dfffff
261570003003032,10,1,8,16094708,130019,Air Advantage,72,1,X,MI,88276b66e3fffff
261570003003033,0,0,2,16094708,130019,Air Advantage,72,1,X,MI,88276b66a5fffff
261570003003033,10,1,7,16094708,130019,Air Advantage,72,1,X,MI,88276b66e7fffff
261570003003034,10,1,3,16094708,130019,Air Advantage,72,1,X,MI,88276b66adfffff
261570003003036,0,0,1,16094708,130019,Air Advantage,72,1,X,MI,88276b6697fffff
261570003003036,10,1,5,16094708,130019,Air Advantage,72,1,X,MI,88276b6695fffff
261570003003038,0,0,3,16094708,130019,Air Advantage,72,1,X,MI,88276b66b5fffff
261570003003038,10,1,4,16094708,130019,Air Advantage,72,1,X,MI,88276b66abfffff
261570003003039,0,0,2,16094708,130019,Air Advantage,72,1,X,MI,88276b66a7fffff
261570003003039,10,1,1,16094708,130019,Air Advantage,72,1,X,MI,88276b66a7fffff
261570003003040,0,0,1,16094708,130019,Air Advantage,72,1,X,MI,88276b64c5fffff
261570003003043,0,0,1,16094708,130019,Air Advantage,72,1,X,MI,88276b298dfffff
261570003004012,0,0,2,16094708,130019,Air Advantage,72,1,X,MI,88276b75e1fffff
261570003004026,0,0,1,16094708,130019,Air Advantage,72,1,R,MI,88276b60d9fffff
261570003004026,10,1,3,16094708,130019,Air Advantage,72,1,R,MI,88276b60d9fffff
261570003004029,0,0,2,16094708,130019,Air Advantage,72,1,R,MI,88276b6765fffff
261570003004029,10,1,3,16094708,130019,Air Advantage,72,1,X,MI,88276b6765fffff
261570003004033,10,1,1,16094708,130019,Air Advantage,72,1,X,MI,88276b629bfffff
261570003004036,0,0,1,16094708,130019,Air Advantage,72,1,X,MI,88276b6769fffff
261570003004036,10,1,2,16094708,130019,Air Advantage,72,1,X,MI,88276b6761fffff
261570003004037,10,1,12,16094708,130019,Air Advantage,72,1,X,MI,88276b75a7fffff
261570003004038,10,1,4,16094708,130019,Air Advantage,72,1,X,MI,88276b674dfffff
261570003004039,0,0,1,16094708,130019,Air Advantage,72,1,R,MI,88276b75a1fffff
261570003004039,10,1,5,16094708,130019,Air Advantage,72,1,X,MI,88276b75a7fffff
261570003004041,10,1,1,16094708,130019,Air Advantage,72,1,X,MI,88276b75abfffff
261570003004045,10,1,2,16094708,130019,Air Advantage,72,1,X,MI,88276b75b1fffff
261570003004046,10,1,1,16094708,130019,Air Advantage,72,1,X,MI,88276b75b5fffff
261570003004048,10,1,2,16094708,130019,Air Advantage,72,1,X,MI,88276b6749fffff
261570003004049,10,1,5,16094708,130019,Air Advantage,72,1,X,MI,88276b75bbfffff
261570003004050,10,1,5,16094708,130019,Air Advantage,72,1,X,MI,88276b6665fffff
261570003004051,10,1,12,16094708,130019,Air Advantage,72,1,X,MI,88276b675dfffff
261570003004052,10,1,8,16094708,130019,Air Advantage,72,1,X,MI,88276b6741fffff
261570003004053,10,1,1,16094708,130019,Air Advantage,72,1,X,MI,88276b6745fffff
261570003004054,10,1,1,16094708,130019,Air Advantage,72,1,X,MI,88276b6769fffff
261570003004055,10,1,1,16094708,130019,Air Advantage,72,1,R,MI,88276b6765fffff
261570003004056,10,1,3,16094708,130019,Air Advantage,72,1,X,MI,88276b6761fffff
261570003004057,10,1,4,16094708,130019,Air Advantage,72,1,X,MI,88276b6709fffff
261570003004058,10,1,1,16094708,130019,Air Advantage,72,1,X,MI,88276b676bfffff
261570003004059,10,1,3,16094708,130019,Air Advantage,72,1,X,MI,88276b6705fffff
261570003004060,10,1,7,16094708,130019,Air Advantage,72,1,X,MI,88276b6729fffff
261570003004061,10,1,3,16094708,130019,Air Advantage,72,1,X,MI,88276b672dfffff
261570003004062,10,1,7,16094708,130019,Air Advantage,72,1,X,MI,88276b6765fffff
261570003004063,10,1,4,16094708,130019,Air Advantage,72,1,X,MI,88276b6765fffff
261570003004064,10,1,4,16094708,130019,Air Advantage,72,1,X,MI,88276b60dbfffff
261570003004071,0,0,1,16094708,130019,Air Advantage,72,1,R,MI,88276b6725fffff
261570003004071,10,1,1,16094708,130019,Air Advantage,72,1,X,MI,88276b60dbfffff
261570003004074,10,1,3,16094708,130019,Air Advantage,72,1,X,MI,88276b6091fffff
261570004001000,10,1,2,16094708,130019,Air Advantage,72,1,X,MI,88276b2235fffff
261570004001003,0,0,1,16094708,130019,Air Advantage,72,1,X,MI,88276b2041fffff
261570004001003,10,1,8,16094708,130019,Air Advantage,72,1,X,MI,88276b2047fffff
261570004001006,10,1,1,16094708,130019,Air Advantage,72,1,X,MI,88276b2045fffff
261570004001010,10,1,1,16094708,130019,Air Advantage,72,1,X,MI,88276b2313fffff
261570004001016,10,1,1,16094708,130019,Air Advantage,72,1,X,MI,88276b22a9fffff
261570004001017,0,0,2,16094708,130019,Air Advantage,72,1,X,MI,88276b2001fffff
261570004001017,10,1,15,16094708,130019,Air Advantage,72,1,X,MI,88276b2047fffff
261570004001018,10,1,6,16094708,130019,Air Advantage,72,1,X,MI,88276b2005fffff
261570004001020,0,0,1,16094708,130019,Air Advantage,72,1,X,MI,88276b2045fffff
261570004001020,10,1,7,16094708,130019,Air Advantage,72,1,X,MI,88276b206bfffff
261570004001022,10,1,3,16094708,130019,Air Advantage,72,1,X,MI,88276b2155fffff
261570004001023,10,1,4,16094708,130019,Air Advantage,72,1,X,MI,88276b215bfffff
261570004001024,10,1,8,16094708,130019,Air Advantage,72,1,X,MI,88276b2157fffff
261570004001025,0,0,4,16094708,130019,Air Advantage,72,1,X,MI,88276b215bfffff
261570004001025,10,1,1,16094708,130019,Air Advantage,72,1,X,MI,88276b2029fffff
261570004001026,0,0,2,16094708,130019,Air Advantage,72,1,X,MI,88276b2021fffff
261570004001026,10,1,4,16094708,130019,Air Advantage,72,1,X,MI,88276b21c9fffff
261570004001027,10,1,2,16094708,130019,Air Advantage,72,1,X,MI,88276b2113fffff
261570004001028,10,1,6,16094708,130019,Air Advantage,72,1,X,MI,88276b21c5fffff
261570004001029,10,1,2,16094708,130019,Air Advantage,72,1,X,MI,88276b21c1fffff
261570004001030,10,1,3,16094708,130019,Air Advantage,72,1,X,MI,88276b21cbfffff
261570004001031,0,0,1,16094708,130019,Air Advantage,72,1,X,MI,88276b203dfffff
261570004001031,10,1,6,16094708,130019,Air Advantage,72,1,X,MI,88276b2023fffff
261570004001034,10,1,1,16094708,130019,Air Advantage,72,1,X,MI,88276b203bfffff
261570004001036,10,1,1,16094708,130019,Air Advantage,72,1,X,MI,88276b22a3fffff
261570004001038,10,1,1,16094708,130019,Air Advantage,72,1,X,MI,88276b2013fffff
261570004001039,10,1,1,16094708,130019,Air Advantage,72,1,X,MI,88276b20edfffff
261570004001040,10,1,1,16094708,130019,Air Advantage,72,1,X,MI,88276b2033fffff
261570004001042,10,1,2,16094708,130019,Air Advantage,72,1,X,MI,88276b20c3fffff
261570004001049,10,1,2,16094708,130019,Air Advantage,72,1,X,MI,88276b2189fffff
261570004001050,0,0,1,16094708,130019,Air Advantage,72,1,R,MI,88276b21c3fffff
261570004001050,10,1,31,16094708,130019,Air Advantage,72,1,X,MI,88276b21d7fffff
261570004001051,10,1,4,16094708,130019,Air Advantage,72,1,X,MI,88276b21d7fffff
261570004001052,10,1,6,16094708,130019,Air Advantage,72,1,X,MI,88276b21d1fffff
261570004001053,0,0,1,16094708,130019,Air Advantage,72,1,X,MI,88276b21d1fffff
261570004001053,10,1,11,16094708,130019,Air Advantage,72,1,X,MI,88276b20e5fffff
261570004001054,10,1,6,16094708,130019,Air Advantage,72,1,X,MI,88276b20e3fffff
261570004001055,10,1,1,16094708,130019,Air Advantage,72,1,X,MI,88276b20c7fffff
261570004001056,10,1,2,16094708,130019,Air Advantage,72,1,X,MI,88276b214bfffff
261570004001057,10,1,3,16094708,130019,Air Advantage,72,1,X,MI,88276b20e7fffff
261570004002000,10,1,1,16094708,130019,Air Advantage,72,1,X,MI,88276b2a29fffff
261570004002002,10,1,4,16094708,130019,Air Advantage,72,1,X,MI,88276b2a25fffff
261570004002003,10,1,2,16094708,130019,Air Advantage,72,1,X,MI,88276b2b11fffff
261570004002004,10,1,1,16094708,130019,Air Advantage,72,1,X,MI,88276b2b1dfffff
261570004002005,10,1,8,16094708,130019,Air Advantage,72,1,X,MI,88276b2b31fffff
261570004002006,10,1,7,16094708,130019,Air Advantage,72,1,X,MI,88276b2b23fffff
261570004002007,10,1,3,16094708,130019,Air Advantage,72,1,X,MI,88276b2b27fffff
261570004002008,10,1,2,16094708,130019,Air Advantage,72,1,X,MI,88276b294dfffff
261570004002009,10,1,2,16094708,130019,Air Advantage,72,1,X,MI,88276b2947fffff
261570004002010,10,1,2,16094708,130019,Air Advantage,72,1,X,MI,88276b294bfffff
261570004002011,10,1,6,16094708,130019,Air Advantage,72,1,X,MI,88276b2b37fffff
261570004002012,10,1,5,16094708,130019,Air Advantage,72,1,X,MI,88276b2861fffff
261570004002014,10,1,1,16094708,130019,Air Advantage,72,1,X,MI,88276b2b17fffff
261570004002015,10,1,1,16094708,130019,Air Advantage,72,1,X,MI,88276b2951fffff
261570004002017,10,1,3,16094708,130019,Air Advantage,72,1,X,MI,88276b2909fffff
261570004002018,10,1,3,16094708,130019,Air Advantage,72,1,X,MI,88276b2959fffff
261570004002019,10,1,1,16094708,130019,Air Advantage,72,1,X,MI,88276b2959fffff
261570004002020,10,1,3,16094708,130019,Air Advantage,72,1,X,MI,88276b2829fffff
261570004002021,10,1,2,16094708,130019,Air Advantage,72,1,X,MI,88276b2861fffff
261570004002024,10,1,3,16094708,130019,Air Advantage,72,1,X,MI,88276b2825fffff
261570004002025,0,0,1,16094708,130019,Air Advantage,72,1,X,MI,88276b2827fffff
261570004002025,10,1,12,16094708,130019,Air Advantage,72,1,X,MI,88276b282bfffff
261570004002026,10,1,7,16094708,130019,Air Advantage,72,1,X,MI,88276b283dfffff
261570004002027,10,1,5,16094708,130019,Air Advantage,72,1,X,MI,88276b2807fffff
261570004002028,10,1,1,16094708,130019,Air Advantage,72,1,X,MI,88276b2863fffff
261570004002029,10,1,3,16094708,130019,Air Advantage,72,1,X,MI,88276b286bfffff
261570004002032,10,1,1,16094708,130019,Air Advantage,72,1,X,MI,88276b2b1bfffff
261570004002034,10,1,1,16094708,130019,Air Advantage,72,1,X,MI,88276b2849fffff
261570004002035,0,0,2,16094708,130019,Air Advantage,72,1,X,MI,88276b2a37fffff
261570004002037,0,0,1,16094708,130019,Air Advantage,72,1,X,MI,88276b2855fffff
261570004002037,10,1,2,16094708,130019,Air Advantage,72,1,X,MI,88276b2809fffff
261570004002038,0,0,1,16094708,130019,Air Advantage,72,1,X,MI,88276b286bfffff
261570004002038,10,1,4,16094708,130019,Air Advantage,72,1,X,MI,88276b2847fffff
261570004002039,10,1,3,16094708,130019,Air Advantage,72,1,X,MI,88276b2801fffff
261570004002040,0,0,2,16094708,130019,Air Advantage,72,1,X,MI,88276b281dfffff
261570004002040,10,1,8,16094708,130019,Air Advantage,72,1,X,MI,88276b2809fffff
261570004002041,0,0,4,16094708,130019,Air Advantage,72,1,X,MI,88276b2811fffff
261570004002041,10,1,21,16094708,130019,Air Advantage,72,1,X,MI,88276b2857fffff
261570004002042,10,1,3,16094708,130019,Air Advantage,72,1,X,MI,88276b2813fffff
261570004002044,0,0,7,16094708,130019,Air Advantage,72,1,X,MI,88276b2843fffff
261570004002044,10,1,1,16094708,130019,Air Advantage,72,1,R,MI,88276b2859fffff
261570004002046,10,1,2,16094708,130019,Air Advantage,72,1,X,MI,88276b283dfffff
261570004002047,10,1,7,16094708,130019,Air Advantage,72,1,X,MI,88276b283dfffff
261570004002048,10,1,1,16094708,130019,Air Advantage,72,1,X,MI,88276b283dfffff
261570004002050,10,1,3,16094708,130019,Air Advantage,72,1,X,MI,88276b2831fffff
261570004002051,10,1,4,16094708,130019,Air Advantage,72,1,X,MI,88276b2831fffff
261570004002052,0,0,1,16094708,130019,Air Advantage,72,1,X,MI,88276b283bfffff
261570004002052,10,1,12,16094708,130019,Air Advantage,72,1,X,MI,88276b2815fffff
261570004002053,10,1,9,16094708,130019,Air Advantage,72,1,X,MI,88276b2817fffff
261570004002054,0,0,4,16094708,130019,Air Advantage,72,1,X,MI,88276b2aa5fffff
261570004002054,10,1,21,16094708,130019,Air Advantage,72,1,X,MI,88276b281bfffff
261570004003000,10,1,3,16094708,130019,Air Advantage,72,1,X,MI,88276b2147fffff
261570004003001,10,1,2,16094708,130019,Air Advantage,72,1,X,MI,88276b210dfffff
261570004003002,10,1,4,16094708,130019,Air Advantage,72,1,X,MI,88276b2125fffff
261570004003007,10,1,5,16094708,130019,Air Advantage,72,1,X,MI,88276b2111fffff
261570004003008,10,1,3,16094708,130019,Air Advantage,72,1,X,MI,88276b2115fffff
261570004003017,0,0,1,16094708,130019,Air Advantage,72,1,X,MI,88276b2a39fffff
261570004003019,10,1,2,16094708,130019,Air Advantage,72,1,X,MI,88276b2111fffff
261570004003020,10,1,1,16094708,130019,Air Advantage,72,1,X,MI,88276b21e9fffff
261570004003028,10,1,3,16094708,130019,Air Advantage,72,1,X,MI,88276b2a17fffff
261570004003029,10,1,2,16094708,130019,Air Advantage,72,1,X,MI,88276b2125fffff
261570004003030,0,0,1,16094708,130019,Air Advantage,72,1,X,MI,88276b2a53fffff
261570004003030,10,1,1,16094708,130019,Air Advantage,72,1,X,MI,88276b2125fffff
261570004003035,10,1,1,16094708,130019,Air Advantage,72,1,X,MI,88276b2a17fffff
261570004003038,10,1,3,16094708,130019,Air Advantage,72,1,X,MI,88276b2a17fffff
261570004003039,10,1,3,16094708,130019,Air Advantage,72,1,X,MI,88276b2a17fffff
261570004003040,0,0,2,16094708,130019,Air Advantage,72,1,X,MI,88276b2a39fffff
261570004003041,0,0,3,16094708,130019,Air Advantage,72,1,X,MI,88276b2859fffff
261570004003041,10,1,3,16094708,130019,Air Advantage,72,1,X,MI,88276b2ae5fffff
261570004003044,10,1,2,16094708,130019,Air Advantage,72,1,X,MI,88276b2aedfffff
261570004003045,10,1,4,16094708,130019,Air Advantage,72,1,X,MI,88276b2aedfffff
261570004003046,10,1,1,16094708,130019,Air Advantage,72,1,X,MI,88276b2ae5fffff
261570004003048,0,0,1,16094708,130019,Air Advantage,72,1,X,MI,88276b2aa5fffff
261570004003049,0,0,2,16094708,130019,Air Advantage,72,1,X,MI,88276b2aa5fffff
261570004003049,10,1,4,16094708,130019,Air Advantage,72,1,X,MI,88276b2aa5fffff
261570004003050,10,1,2,16094708,130019,Air Advantage,72,1,X,MI,88276b2853fffff
261570004003051,10,1,1,16094708,130019,Air Advantage,72,1,X,MI,88276b21ebfffff
261570004003052,10,1,2,16094708,130019,Air Advantage,72,1,X,MI,88276b21e3fffff
261570004003058,10,1,1,16094708,130019,Air Advantage,72,1,X,MI,88276b2121fffff
261570004003059,10,1,1,16094708,130019,Air Advantage,72,1,X,MI,88276b2125fffff
261570005001006,0,0,1,16094708,130019,Air Advantage,72,1,X,MI,88276b28e1fffff
261570005001006,10,1,1,16094708,130019,Air Advantage,72,1,X,MI,88276b28c5fffff
261570005001033,0,0,1,16094708,130019,Air Advantage,72,1,X,MI,88276b28e1fffff
261570005001033,10,1,44,16094708,130019,Air Advantage,72,1,X,MI,88276b28e1fffff
261570005001034,10,1,3,16094708,130019,Air Advantage,72,1,X,MI,88276b28e1fffff
261570005001035,10,1,15,16094708,130019,Air Advantage,72,1,X,MI,88276b28e9fffff
261570005001036,10,1,3,16094708,130019,Air Advantage,72,1,X,MI,88276b28edfffff
261570005001037,10,1,5,16094708,130019,Air Advantage,72,1,X,MI,88276b28e1fffff
261570005001041,10,1,8,16094708,130019,Air Advantage,72,1,X,MI,88276b28e7fffff
261570005001042,0,0,1,16094708,130019,Air Advantage,72,1,X,MI,88276b288dfffff
261570005001042,10,1,2,16094708,130019,Air Advantage,72,1,X,MI,88276b288dfffff
261570005001043,10,1,5,16094708,130019,Air Advantage,72,1,X,MI,88276b288dfffff
261570005001048,10,1,1,16094708,130019,Air Advantage,72,1,X,MI,88276b2881fffff
261570005001049,10,1,5,16094708,130019,Air Advantage,72,1,X,MI,88276b2885fffff
261570005001050,0,0,1,16094708,130019,Air Advantage,72,1,X,MI,88276b288dfffff
261570005001050,10,1,5,16094708,130019,Air Advantage,72,1,X,MI,88276b28e3fffff
261570005001051,10,1,6,16094708,130019,Air Advantage,72,1,X,MI,88276b28a9fffff
261570005001052,10,1,1,16094708,130019,Air Advantage,72,1,X,MI,88276b28a9fffff
261570005001053,10,1,2,16094708,130019,Air Advantage,72,1,X,MI,88276b28a1fffff
261570005001067,0,0,1,16094708,130019,Air Advantage,72,1,X,MI,88276b28bdfffff
261570005001071,0,0,1,16094708,130019,Air Advantage,72,1,X,MI,88276b28bdfffff
261570005001078,0,0,1,16094708,130019,Air Advantage,72,1,X,MI,88276b28b9fffff
261570005001079,0,0,3,16094708,130019,Air Advantage,72,1,X,MI,88274d924bfffff
261570005001079,10,1,1,16094708,130019,Air Advantage,72,1,X,MI,88276b28b5fffff
261570005002000,10,1,7,16094708,130019,Air Advantage,72,1,X,MI,88276b2e07fffff
261570005002000,250,250,1,16094708,130019,Air Advantage,72,1,R,MI,88276b2e39fffff
261570005002042,10,1,1,16094708,130019,Air Advantage,72,1,X,MI,88276b2e37fffff
261570005002045,10,1,3,16094708,130019,Air Advantage,72,1,X,MI,88276b2e37fffff
261570005002046,10,1,2,16094708,130019,Air Advantage,72,1,X,MI,88276b2eedfffff
261570005002047,10,1,1,16094708,130019,Air Advantage,72,1,X,MI,88276b2e3bfffff
261570005002048,10,1,1,16094708,130019,Air Advantage,72,1,X,MI,88276b2c21fffff
261570005002052,10,1,13,16094708,130019,Air Advantage,72,1,X,MI,88276b2c5dfffff
261570005003001,10,1,3,16094708,130019,Air Advantage,72,1,X,MI,88276b208bfffff
261570005003002,10,1,4,16094708,130019,Air Advantage,72,1,X,MI,88276b208dfffff
261570005003004,10,1,1,16094708,130019,Air Advantage,72,1,X,MI,88276b20abfffff
261570005003005,10,1,13,16094708,130019,Air Advantage,72,1,X,MI,88276b20e7fffff
261570005003006,10,1,2,16094708,130019,Air Advantage,72,1,X,MI,88276b21d3fffff
261570005003007,10,1,6,16094708,130019,Air Advantage,72,1,X,MI,88276b21d1fffff
261570005003008,10,1,5,16094708,130019,Air Advantage,72,1,X,MI,88276b21d1fffff
261570005003009,10,1,4,16094708,130019,Air Advantage,72,1,X,MI,88276b21d7fffff
261570005003010,10,1,31,16094708,130019,Air Advantage,72,1,X,MI,88276b2199fffff
261570005003011,10,1,1,16094708,130019,Air Advantage,72,1,X,MI,88276b218bfffff
261570005003013,10,1,1,16094708,130019,Air Advantage,72,1,X,MI,88276b2a91fffff
261570005003019,10,1,1,16094708,130019,Air Advantage,72,1,X,MI,88276b2e45fffff
261570005003028,10,1,2,16094708,130019,Air Advantage,72,1,X,MI,88276b2095fffff
261570005003029,10,1,3,16094708,130019,Air Advantage,72,1,X,MI,88276b209bfffff
261570005004000,10,1,2,16094708,130019,Air Advantage,72,1,X,MI,88276b2569fffff
261570005004001,10,1,2,16094708,130019,Air Advantage,72,1,X,MI,88276b2097fffff
261570005004004,10,1,1,16094708,130019,Air Advantage,72,1,X,MI,88276b2e43fffff
261570005004006,0,0,1,16094708,130019,Air Advantage,72,1,X,MI,88276b2e09fffff
261570005004006,10,1,2,16094708,130019,Air Advantage,72,1,X,MI,88276b2e55fffff
261570005004010,10,1,1,16094708,130019,Air Advantage,72,1,X,MI,88276b2569fffff
261570005004011,10,1,1,16094708,130019,Air Advantage,72,1,X,MI,88276b2e0bfffff
261570005004013,0,0,1,16094708,130019,Air Advantage,72,1,X,MI,88276b2e03fffff
261570005004014,0,0,1,16094708,130019,Air Advantage,72,1,X,MI,88276b2e1dfffff
261570005004014,10,1,1,16094708,130019,Air Advantage,72,1,X,MI,88276b2e57fffff
261570005004015,10,1,2,16094708,130019,Air Advantage,72,1,X,MI,88276b2e19fffff
261570005004022,10,1,2,16094708,130019,Air Advantage,72,1,X,MI,88276b2e15fffff
261570005004023,10,1,3,16094708,130019,Air Advantage,72,1,X,MI,88276b2e15fffff
261570005004025,10,1,1,16094708,130019,Air Advantage,72,1,X,MI,88276b2ed9fffff
261570005004026,10,1,1,16094708,130019,Air Advantage,72,1,X,MI,88276b2531fffff
261570005004028,0,0,1,16094708,130019,Air Advantage,72,1,X,MI,88276b253bfffff
261570005004028,10,1,1,16094708,130019,Air Advantage,72,1,X,MI,88276b2531fffff
261570005004031,0,0,1,16094708,130019,Air Advantage,72,1,X,MI,88276b253bfffff
261570005004032,10,1,11,16094708,130019,Air Advantage,72,1,X,MI,88276b25e5fffff
261570005004034,10,1,2,16094708,130019,Air Advantage,72,1,X,MI,88276b2e89fffff
261570005004036,10,1,5,16094708,130019,Air Advantage,72,1,X,MI,88276b2ee9fffff
261570005004037,10,1,7,16094708,130019,Air Advantage,72,1,X,MI,88276b2ee1fffff
261570005004038,10,1,5,16094708,130019,Air Advantage,72,1,X,MI,88276b2ee1fffff
261570005004040,10,1,1,16094708,130019,Air Advantage,72,1,X,MI,88276b2eadfffff
261570005004042,10,1,1,16094708,130019,Air Advantage,72,1,X,MI,88276b2ee7fffff
261570005004043,0,0,1,16094708,130019,Air Advantage,72,1,X,MI,88276b2ee7fffff
261570005004043,10,1,17,16094708,130019,Air Advantage,72,1,X,MI,88276b2ee7fffff
261570005004044,10,1,3,16094708,130019,Air Advantage,72,1,X,MI,88276b2ee7fffff
261570005004045,0,0,1,16094708,130019,Air Advantage,72,1,X,MI,88276b2ee3fffff
261570005004045,10,1,13,16094708,130019,Air Advantage,72,1,X,MI,88276b2ee1fffff
261570005004046,10,1,10,16094708,130019,Air Advantage,72,1,X,MI,88276b2ee3fffff
261570005004047,10,1,3,16094708,130019,Air Advantage,72,1,X,MI,88276b2ee1fffff
261570005004048,10,1,5,16094708,130019,Air Advantage,72,1,X,MI,88276b2ee7fffff
261570005004049,0,0,1,16094708,130019,Air Advantage,72,1,X,MI,88276b2ee7fffff
261570005004049,10,1,11,16094708,130019,Air Advantage,72,1,X,MI,88276b2ee7fffff
261570005004050,10,1,15,16094708,130019,Air Advantage,72,1,X,MI,88276b2ee7fffff
261570005004051,10,1,11,16094708,130019,Air Advantage,72,1,X,MI,88276b2ee3fffff
261570005004052,10,1,9,16094708,130019,Air Advantage,72,1,X,MI,88276b2ee3fffff
261570005004053,10,1,6,16094708,130019,Air Advantage,72,1,X,MI,88276b2ee3fffff
261570006001000,0,0,4,16094708,130019,Air Advantage,72,1,X,MI,88276b29d1fffff
261570006001000,10,1,29,16094708,130019,Air Advantage,72,1,X,MI,88276b29d3fffff
261570006001006,0,0,2,16094708,130019,Air Advantage,72,1,X,MI,88276b299dfffff
261570006001007,0,0,4,16094708,130019,Air Advantage,72,1,X,MI,88276b29bdfffff
261570006001009,0,0,2,16094708,130019,Air Advantage,72,1,X,MI,88276b2999fffff
261570006001009,10,1,12,16094708,130019,Air Advantage,72,1,X,MI,88276b299dfffff
261570006001010,10,1,1,16094708,130019,Air Advantage,72,1,X,MI,88276b299dfffff
261570006001012,0,0,3,16094708,130019,Air Advantage,72,1,X,MI,88276b2991fffff
261570006001013,0,0,1,16094708,130019,Air Advantage,72,1,X,MI,88276b299dfffff
261570006001014,0,0,2,16094708,130019,Air Advantage,72,1,X,MI,88276b29a3fffff
261570006001016,0,0,2,16094708,130019,Air Advantage,72,1,X,MI,88276b2993fffff
261570006001016,10,1,6,16094708,130019,Air Advantage,72,1,X,MI,88276b299bfffff
261570006001017,0,0,5,16094708,130019,Air Advantage,72,1,X,MI,88276b2999fffff
261570006001017,10,1,6,16094708,130019,Air Advantage,72,1,X,MI,88276b2999fffff
261570006001018,10,1,17,16094708,130019,Air Advantage,72,1,X,MI,88276b29d3fffff
261570006001019,10,1,2,16094708,130019,Air Advantage,72,1,X,MI,88276b29d3fffff
261570006001020,0,0,2,16094708,130019,Air Advantage,72,1,X,MI,88276b29d3fffff
261570006001024,10,1,3,16094708,130019,Air Advantage,72,1,X,MI,88276b28adfffff
261570006001028,0,0,2,16094708,130019,Air Advantage,72,1,X,MI,88276b2991fffff
261570006001029,10,1,3,16094708,130019,Air Advantage,72,1,X,MI,88276b29d3fffff
261570006001030,0,0,1,16094708,130019,Air Advantage,72,1,X,MI,88276b29d3fffff
261570006001030,10,1,3,16094708,130019,Air Advantage,72,1,X,MI,88276b29d3fffff
261570006001032,10,1,7,16094708,130019,Air Advantage,72,1,X,MI,88276b29d3fffff
261570006002000,10,1,13,16094708,130019,Air Advantage,72,1,X,MI,88276b28e7fffff
261570006002001,0,0,3,16094708,130019,Air Advantage,72,1,X,MI,88276b28e5fffff
261570006002001,10,1,6,16094708,130019,Air Advantage,72,1,X,MI,88276b28e7fffff
261570006002002,0,0,2,16094708,130019,Air Advantage,72,1,X,MI,88276b29dbfffff
261570006002002,10,1,5,16094708,130019,Air Advantage,72,1,X,MI,88276b29dbfffff
261570006002004,0,0,1,16094708,130019,Air Advantage,72,1,X,MI,88276b29dbfffff
261570006002005,0,0,1,16094708,130019,Air Advantage,72,1,X,MI,88276b29dbfffff
261570006002006,0,0,3,16094708,130019,Air Advantage,72,1,X,MI,88276b29dbfffff
261570006002006,10,1,5,16094708,130019,Air Advantage,72,1,X,MI,88276b29dbfffff
261570006002007,10,1,1,16094708,130019,Air Advantage,72,1,X,MI,88276b29dbfffff
261570006002010,0,0,1,16094708,130019,Air Advantage,72,1,X,MI,88276b29dbfffff
261570006002011,10,1,5,16094708,130019,Air Advantage,72,1,X,MI,88276b29dbfffff
261570006002012,10,1,2,16094708,130019,Air Advantage,72,1,X,MI,88276b29dbfffff
261570006002013,10,1,4,16094708,130019,Air Advantage,72,1,X,MI,88276b29dbfffff
261570006002014,10,1,10,16094708,130019,Air Advantage,72,1,X,MI,88276b28e7fffff
261570006002015,0,0,1,16094708,130019,Air Advantage,72,1,X,MI,88276b28e7fffff
261570006002015,10,1,7,16094708,130019,Air Advantage,72,1,X,MI,88276b28e7fffff
261570006002016,10,1,4,16094708,130019,Air Advantage,72,1,X,MI,88276b28e7fffff
261570006002018,10,1,6,16094708,130019,Air Advantage,72,1,X,MI,88276b28e7fffff
261570006002019,10,1,2,16094708,130019,Air Advantage,72,1,X,MI,88276b28e7fffff
261570006002020,10,1,1,16094708,130019,Air Advantage,72,1,X,MI,88276b28e7fffff
261570006002021,0,0,2,16094708,130019,Air Advantage,72,1,X,MI,88276b29dbfffff
261570006002021,10,1,6,16094708,130019,Air Advantage,72,1,X,MI,88276b29dbfffff
261570006002022,0,0,1,16094708,130019,Air Advantage,72,1,X,MI,88276b29dbfffff
261570006002022,10,1,3,16094708,130019,Air Advantage,72,1,X,MI,88276b29dbfffff
261570006002023,10,1,1,16094708,130019,Air Advantage,72,1,X,MI,88276b29dbfffff
261570006002024,10,1,1,16094708,130019,Air Advantage,72,1,X,MI,88276b29dbfffff
261570006002025,10,1,3,16094708,130019,Air Advantage,72,1,X,MI,88276b29dbfffff
261570006002028,0,0,1,16094708,130019,Air Advantage,72,1,X,MI,88276b29dbfffff
261570006002028,10,1,3,16094708,130019,Air Advantage,72,1,X,MI,88276b29dbfffff
261570006002029,10,1,1,16094708,130019,Air Advantage,72,1,X,MI,88276b29dbfffff
261570006002030,10,1,3,16094708,130019,Air Advantage,72,1,X,MI,88276b29dbfffff
261570006002031,10,1,3,16094708,130019,Air Advantage,72,1,X,MI,88276b29dbfffff
261570006002032,10,1,3,16094708,130019,Air Advantage,72,1,X,MI,88276b29dbfffff
261570006002033,10,1,8,16094708,130019,Air Advantage,72,1,X,MI,88276b29dbfffff
261570006002037,0,0,4,16094708,130019,Air Advantage,72,1,X,MI,88276b29dbfffff
261570006002037,10,1,1,16094708,130019,Air Advantage,72,1,X,MI,88276b29dbfffff
261570006002038,0,0,1,16094708,130019,Air Advantage,72,1,X,MI,88276b29dbfffff
261570006002038,10,1,4,16094708,130019,Air Advantage,72,1,X,MI,88276b29dbfffff
261570006002039,10,1,17,16094708,130019,Air Advantage,72,1,X,MI,88276b29dbfffff
261570006002040,10,1,8,16094708,130019,Air Advantage,72,1,X,MI,88276b29dbfffff
261570006002041,10,1,16,16094708,130019,Air Advantage,72,1,X,MI,88276b29dbfffff
261570006002042,10,1,6,16094708,130019,Air Advantage,72,1,X,MI,88276b29dbfffff
261570006002044,10,1,3,16094708,130019,Air Advantage,72,1,X,MI,88276b29dbfffff
261570006002047,0,0,1,16094708,130019,Air Advantage,72,1,X,MI,88276b29dbfffff
261570006002048,10,1,3,16094708,130019,Air Advantage,72,1,X,MI,88276b28adfffff
261570006002049,10,1,2,16094708,130019,Air Advantage,72,1,X,MI,88276b29dbfffff
261570006002053,0,0,1,16094708,130019,Air Advantage,72,1,X,MI,88276b29dbfffff
261570006003000,10,1,11,16094708,130019,Air Advantage,72,1,X,MI,88276b28edfffff
261570006003001,10,1,17,16094708,130019,Air Advantage,72,1,X,MI,88276b28edfffff
261570006003002,10,1,1,16094708,130019,Air Advantage,72,1,X,MI,88276b28edfffff
261570006003003,10,1,4,16094708,130019,Air Advantage,72,1,X,MI,88276b28edfffff
261570006003004,10,1,1,16094708,130019,Air Advantage,72,1,X,MI,88276b2833fffff
261570006003005,10,1,57,16094708,130019,Air Advantage,72,1,X,MI,88276b2833fffff
261570006003006,10,1,20,16094708,130019,Air Advantage,72,1,X,MI,88276b28e5fffff
261570006003007,10,1,7,16094708,130019,Air Advantage,72,1,X,MI,88276b28e5fffff
261570006003008,10,1,1,16094708,130019,Air Advantage,72,1,X,MI,88276b29dbfffff
261570006003009,10,1,11,16094708,130019,Air Advantage,72,1,X,MI,88276b28e5fffff
261570006003010,10,1,4,16094708,130019,Air Advantage,72,1,X,MI,88276b28e5fffff
261570006003011,10,1,3,16094708,130019,Air Advantage,72,1,X,MI,88276b28e5fffff
261570006003012,10,1,3,16094708,130019,Air Advantage,72,1,X,MI,88276b2833fffff
261570006003014,0,0,1,16094708,130019,Air Advantage,72,1,X,MI,88276b28edfffff
261570006003014,10,1,65,16094708,130019,Air Advantage,72,1,X,MI,88276b28edfffff
261570006003015,10,1,37,16094708,130019,Air Advantage,72,1,X,MI,88276b28edfffff
261570006003018,10,1,12,16094708,130019,Air Advantage,72,1,X,MI,88276b28edfffff
261570006003020,10,1,5,16094708,130019,Air Advantage,72,1,X,MI,88276b28edfffff
261570006003021,10,1,2,16094708,130019,Air Advantage,72,1,X,MI,88276b28edfffff
261570006003023,0,0,2,16094708,130019,Air Advantage,72,1,X,MI,88276b29dbfffff
261570006003023,10,1,2,16094708,130019,Air Advantage,72,1,X,MI,88276b29dbfffff
261570006003024,10,1,2,16094708,130019,Air Advantage,72,1,X,MI,88276b29dbfffff
261570006003026,10,1,1,16094708,130019,Air Advantage,72,1,X,MI,88276b29d9fffff
261570006004000,0,0,1,16094708,130019,Air Advantage,72,1,X,MI,88276b28adfffff
261570006004000,10,1,4,16094708,130019,Air Advantage,72,1,X,MI,88276b28e7fffff
261570006004001,10,1,8,16094708,130019,Air Advantage,72,1,X,MI,88276b28adfffff
261570006004002,0,0,2,16094708,130019,Air Advantage,72,1,X,MI,88276b28adfffff
261570006004002,10,1,9,16094708,130019,Air Advantage,72,1,X,MI,88276b28adfffff
261570006004003,10,1,7,16094708,130019,Air Advantage,72,1,X,MI,88276b29dbfffff
261570006004004,10,1,9,16094708,130019,Air Advantage,72,1,X,MI,88276b28adfffff
261570006004005,10,1,2,16094708,130019,Air Advantage,72,1,X,MI,88276b28adfffff
261570006004006,10,1,3,16094708,130019,Air Advantage,72,1,X,MI,88276b28adfffff
261570006004007,10,1,8,16094708,130019,Air Advantage,72,1,X,MI,88276b28adfffff
261570006004008,0,0,2,16094708,130019,Air Advantage,72,1,X,MI,88276b28adfffff
261570006004008,10,1,8,16094708,130019,Air Advantage,72,1,X,MI,88276b28adfffff
261570006004009,10,1,6,16094708,130019,Air Advantage,72,1,X,MI,88276b28adfffff
261570006004010,10,1,6,16094708,130019,Air Advantage,72,1,X,MI,88276b28adfffff
261570006004011,10,1,5,16094708,130019,Air Advantage,72,1,X,MI,88276b28adfffff
261570006004012,0,0,1,16094708,130019,Air Advantage,72,1,X,MI,88276b29d3fffff
261570006004012,10,1,5,16094708,130019,Air Advantage,72,1,X,MI,88276b28a5fffff
261570006004013,10,1,5,16094708,130019,Air Advantage,72,1,X,MI,88276b28adfffff
261570006004015,10,1,2,16094708,130019,Air Advantage,72,1,X,MI,88276b28adfffff
261570006004016,10,1,20,16094708,130019,Air Advantage,72,1,X,MI,88276b28a5fffff
261570006004017,10,1,7,16094708,130019,Air Advantage,72,1,X,MI,88276b28a5fffff
261570006004018,10,1,12,16094708,130019,Air Advantage,72,1,X,MI,88276b28a5fffff
261570006004020,10,1,1,16094708,130019,Air Advantage,72,1,X,MI,88276b28a5fffff
261570006004022,10,1,1,16094708,130019,Air Advantage,72,1,X,MI,88276b28a5fffff
261570007001001,0,0,2,16094708,130019,Air Advantage,72,1,X,MI,88274d9341fffff
261570007001001,10,1,1,16094708,130019,Air Advantage,72,1,X,MI,88274d934dfffff
261570007001003,0,0,1,16094708,130019,Air Advantage,72,1,X,MI,88274d9341fffff
261570007001003,10,1,2,16094708,130019,Air Advantage,72,1,X,MI,88274d934dfffff
261570007001004,0,0,1,16094708,130019,Air Advantage,72,1,X,MI,88276b6697fffff
261570007001005,10,1,1,16094708,130019,Air Advantage,72,1,X,MI,88274d936dfffff
261570007001007,0,0,3,16094708,130019,Air Advantage,72,1,X,MI,88276b64d9fffff
261570007001007,10,1,1,16094708,130019,Air Advantage,72,1,X,MI,88274d936dfffff
261570007001008,0,0,1,16094708,130019,Air Advantage,72,1,X,MI,88276b64ddfffff
261570007001008,10,1,2,16094708,130019,Air Advantage,72,1,X,MI,88276b66b5fffff
261570007001015,0,0,1,16094708,130019,Air Advantage,72,1,X,MI,88276b64d1fffff
261570007001016,10,1,2,16094708,130019,Air Advantage,72,1,X,MI,88276b6499fffff
261570007001017,10,1,2,16094708,130019,Air Advantage,72,1,X,MI,88274d9325fffff
261570007001019,0,0,2,16094708,130019,Air Advantage,72,1,X,MI,88274d932dfffff
261570007001020,0,0,8,16094708,130019,Air Advantage,72,1,X,MI,88274d9329fffff
261570007001022,0,0,1,16094708,130019,Air Advantage,72,1,X,MI,88274d9329fffff
261570007001024,0,0,3,16094708,130019,Air Advantage,72,1,X,MI,88274d932dfffff
261570007001030,0,0,2,16094708,130019,Air Advantage,72,1,X,MI,88274d9305fffff
261570007001031,0,0,3,16094708,130019,Air Advantage,72,1,X,MI,88274d930dfffff
261570007001035,10,1,5,16094708,130019,Air Advantage,72,1,X,MI,88274d9327fffff
261570007001062,0,0,8,16094708,130019,Air Advantage,72,1,X,MI,88274d9329fffff
261570007002000,0,0,1,16094708,130019,Air Advantage,72,1,X,MI,88276b64c1fffff
261570007002002,10,1,4,16094708,130019,Air Advantage,72,1,X,MI,88276b64ebfffff
261570007002003,0,0,2,16094708,130019,Air Advantage,72,1,X,MI,88276b64edfffff
261570007002004,10,1,1,16094708,130019,Air Advantage,72,1,X,MI,88276b65dbfffff
261570007002005,10,1,2,16094708,130019,Air Advantage,72,1,X,MI,88276b64abfffff
261570007002008,10,1,5,16094708,130019,Air Advantage,72,1,X,MI,88276b64a1fffff
261570007002009,10,1,4,16094708,130019,Air Advantage,72,1,X,MI,88274d9169fffff
261570007002010,10,1,1,16094708,130019,Air Advantage,72,1,X,MI,88276b6487fffff
261570007002011,0,0,1,16094708,130019,Air Advantage,72,1,X,MI,88276b6487fffff
261570007002011,10,1,2,16094708,130019,Air Advantage,72,1,X,MI,88276b6487fffff
261570007002012,10,1,1,16094708,130019,Air Advantage,72,1,X,MI,88276b64abfffff
261570007002014,10,1,1,16094708,130019,Air Advantage,72,1,X,MI,88276b64b5fffff
261570007002015,10,1,4,16094708,130019,Air Advantage,72,1,X,MI,88274d9a41fffff
261570007002016,10,1,3,16094708,130019,Air Advantage,72,1,X,MI,88274d9a59fffff
261570007002017,0,0,1,16094708,130019,Air Advantage,72,1,X,MI,88274d9a57fffff
261570007002017,10,1,7,16094708,130019,Air Advantage,72,1,X,MI,88274d9a5bfffff
261570007002018,10,1,12,16094708,130019,Air Advantage,72,1,X,MI,88274d9a51fffff
261570007002019,0,0,1,16094708,130019,Air Advantage,72,1,X,MI,88274d9a43fffff
261570007002019,10,1,1,16094708,130019,Air Advantage,72,1,X,MI,88274d9a09fffff
261570007002020,10,1,5,16094708,130019,Air Advantage,72,1,X,MI,88274d9169fffff
261570007002021,10,1,3,16094708,130019,Air Advantage,72,1,X,MI,88276b6499fffff
261570007002028,0,0,1,16094708,130019,Air Advantage,72,1,X,MI,88274d9a53fffff
261570007002028,10,1,5,16094708,130019,Air Advantage,72,1,X,MI,88274d912dfffff
261570007002029,10,1,11,16094708,130019,Air Advantage,72,1,X,MI,88274d9a0bfffff
261570007002031,0,0,2,16094708,130019,Air Advantage,72,1,X,MI,88274d916bfffff
261570007002031,10,1,10,16094708,130019,Air Advantage,72,1,X,MI,88274d9169fffff
261570007002032,0,0,2,16094708,130019,Air Advantage,72,1,X,MI,88274d9123fffff
261570007002032,10,1,5,16094708,130019,Air Advantage,72,1,X,MI,88274d912dfffff
261570007003000,10,1,5,16094708,130019,Air Advantage,72,1,X,MI,88276b28e7fffff
261570007003002,10,1,6,16094708,130019,Air Advantage,72,1,X,MI,88276b28e7fffff
261570007003004,10,1,3,16094708,130019,Air Advantage,72,1,X,MI,88276b28a7fffff
261570007003011,10,1,2,16094708,130019,Air Advantage,72,1,X,MI,88276b299bfffff
261570007003016,10,1,1,16094708,130019,Air Advantage,72,1,X,MI,88276b28adfffff
261570007003017,0,0,1,16094708,130019,Air Advantage,72,1,X,MI,88274d9245fffff
261570007003025,0,0,1,16094708,130019,Air Advantage,72,1,R,MI,88276b29b1fffff
261570007003026,0,0,6,16094708,130019,Air Advantage,72,1,X,MI,88274d9341fffff
261570008001000,0,0,1,16094708,130019,Air Advantage,72,1,X,MI,88276b65d3fffff
261570008001000,10,1,19,16094708,130019,Air Advantage,72,1,X,MI,88276b65d5fffff
261570008001001,10,1,1,16094708,130019,Air Advantage,72,1,X,MI,88276b65c3fffff
261570008001002,0,0,1,16094708,130019,Air Advantage,72,1,X,MI,88276b65c3fffff
261570008001002,10,1,4,16094708,130019,Air Advantage,72,1,X,MI,88276b658dfffff
261570008001003,10,1,1,16094708,130019,Air Advantage,72,1,X,MI,88276b658dfffff
261570008001004,10,1,10,16094708,130019,Air Advantage,72,1,X,MI,88276b65e3fffff
261570008001005,0,0,1,16094708,130019,Air Advantage,72,1,X,MI,88276b65a1fffff
261570008001005,10,1,12,16094708,130019,Air Advantage,72,1,X,MI,88276b65adfffff
261570008001006,10,1,2,16094708,130019,Air Advantage,72,1,X,MI,88276b65a5fffff
261570008001007,0,0,1,16094708,130019,Air Advantage,72,1,X,MI,88276b65a1fffff
261570008001007,10,1,4,16094708,130019,Air Advantage,72,1,X,MI,88276b65a1fffff
261570008001008,10,1,1,16094708,130019,Air Advantage,72,1,X,MI,88276b65a1fffff
261570008001009,0,0,2,16094708,130019,Air Advantage,72,1,X,MI,88276b65abfffff
261570008001009,10,1,4,16094708,130019,Air Advantage,72,1,X,MI,88276b65abfffff
261570008001010,10,1,2,16094708,130019,Air Advantage,72,1,X,MI,88276b65abfffff
261570008001013,10,1,1,16094708,130019,Air Advantage,72,1,X,MI,88276b65d5fffff
261570008001014,0,0,2,16094708,130019,Air Advantage,72,1,X,MI,88276b6595fffff
261570008001014,10,1,2,16094708,130019,Air Advantage,72,1,X,MI,88276b659dfffff
261570008001016,10,1,5,16094708,130019,Air Advantage,72,1,X,MI,88276b65bdfffff
261570008001018,10,1,7,16094708,130019,Air Advantage,72,1,X,MI,88276b65a3fffff
261570008001020,0,0,3,16094708,130019,Air Advantage,72,1,X,MI,88276b65a3fffff
261570008001020,10,1,6,16094708,130019,Air Advantage,72,1,X,MI,88276b65abfffff
261570008001021,10,1,1,16094708,130019,Air Advantage,72,1,X,MI,88276b65a3fffff
261570008001023,10,1,7,16094708,130019,Air Advantage,72,1,X,MI,88276b65a3fffff
261570008001024,10,1,3,16094708,130019,Air Advantage,72,1,X,MI,88276b65b5fffff
261570008001025,10,1,5,16094708,130019,Air Advantage,72,1,X,MI,88276b65a3fffff
261570008001026,10,1,6,16094708,130019,Air Advantage,72,1,X,MI,88276b65a3fffff
261570008001027,10,1,3,16094708,130019,Air Advantage,72,1,X,MI,88276b65a3fffff
261570008001028,10,1,2,16094708,130019,Air Advantage,72,1,X,MI,88276b65a3fffff
261570008001029,10,1,2,16094708,130019,Air Advantage,72,1,X,MI,88274d9b49fffff
261570008001030,10,1,2,16094708,130019,Air Advantage,72,1,X,MI,88274d9b49fffff
261570008001031,10,1,1,16094708,130019,Air Advantage,72,1,X,MI,88276b65a5fffff
261570008001032,0,0,2,16094708,130019,Air Advantage,72,1,X,MI,88276b659bfffff
261570008001032,10,1,4,16094708,130019,Air Advantage,72,1,X,MI,88276b659bfffff
261570008002000,0,0,1,16094708,130019,Air Advantage,72,1,X,MI,88276b659bfffff
261570008002000,10,1,2,16094708,130019,Air Advantage,72,1,X,MI,88274d9a69fffff
261570008002001,0,0,2,16094708,130019,Air Advantage,72,1,X,MI,88274d9a47fffff
261570008002001,10,1,2,16094708,130019,Air Advantage,72,1,X,MI,88274d9a43fffff
261570008002002,10,1,3,16094708,130019,Air Advantage,72,1,X,MI,88274d9a41fffff
261570008002003,0,0,2,16094708,130019,Air Advantage,72,1,X,MI,88274d9a09fffff
261570008002003,10,1,8,16094708,130019,Air Advantage,72,1,X,MI,88274d9a0bfffff
261570008002005,10,1,2,16094708,130019,Air Advantage,72,1,X,MI,88274d9a05fffff
261570008002006,10,1,1,16094708,130019,Air Advantage,72,1,X,MI,88274d9a0dfffff
261570008002007,10,1,2,16094708,130019,Air Advantage,72,1,X,MI,88274d9a6bfffff
261570008002009,0,0,1,16094708,130019,Air Advantage,72,1,X,MI,88274d9a2bfffff
261570008002009,10,1,5,16094708,130019,Air Advantage,72,1,X,MI,88274d9a0dfffff
261570008002010,10,1,3,16094708,130019,Air Advantage,72,1,X,MI,88274d9a2bfffff
261570008002011,10,1,2,16094708,130019,Air Advantage,72,1,X,MI,88274d9a2dfffff
261570008002013,10,1,1,16094708,130019,Air Advantage,72,1,R,MI,88274d9b43fffff
261570008002014,0,0,9,16094708,130019,Air Advantage,72,1,X,MI,88274d9b57fffff
261570008002014,10,1,1,16094708,130019,Air Advantage,72,1,X,MI,88274d9b19fffff
261570008002015,0,0,2,16094708,130019,Air Advantage,72,1,X,MI,88274d9b53fffff
261570008002015,10,1,11,16094708,130019,Air Advantage,72,1,X,MI,88274d9a25fffff
261570008002016,10,1,3,16094708,130019,Air Advantage,72,1,X,MI,88274d9a07fffff
261570008002017,0,0,3,16094708,130019,Air Advantage,72,1,X,MI,88274d9a25fffff
261570008002017,10,1,5,16094708,130019,Air Advantage,72,1,X,MI,88274d9b1bfffff
261570008002018,0,0,1,16094708,130019,Air Advantage,72,1,X,MI,88274d9b19fffff
261570008002018,10,1,6,16094708,130019,Air Advantage,72,1,X,MI,88274d9b1dfffff
261570008002019,10,1,5,16094708,130019,Air Advantage,72,1,X,MI,88274d9b1bfffff
261570008002020,10,1,2,16094708,130019,Air Advantage,72,1,X,MI,88274d9b13fffff
261570008002021,10,1,10,16094708,130019,Air Advantage,72,1,X,MI,88274d9b1bfffff
261570008002022,10,1,11,16094708,130019,Air Advantage,72,1,X,MI,88274d9a27fffff
261570008002023,10,1,10,16094708,130019,Air Advantage,72,1,X,MI,88274d9a27fffff
261570008002024,0,0,1,16094708,130019,Air Advantage,72,1,X,MI,88274d9a25fffff
261570008002024,10,1,4,16094708,130019,Air Advantage,72,1,X,MI,88274d9a25fffff
261570008002025,10,1,2,16094708,130019,Air Advantage,72,1,X,MI,88274d9849fffff
261570008002026,0,0,1,16094708,130019,Air Advantage,72,1,X,MI,88274d9a23fffff
261570008002026,10,1,6,16094708,130019,Air Advantage,72,1,X,MI,88274d9a27fffff
261570008002027,10,1,3,16094708,130019,Air Advantage,72,1,X,MI,88274d9a2bfffff
261570008002029,10,1,1,16094708,130019,Air Advantage,72,1,X,MI,88274d9a23fffff
261570008002032,10,1,1,16094708,130019,Air Advantage,72,1,X,MI,88274d9a07fffff
261570008002036,10,1,1,16094708,130019,Air Advantage,72,1,X,MI,88274d9849fffff
261570008002037,10,1,6,16094708,130019,Air Advantage,72,1,X,MI,88274d9849fffff
261570008002038,10,1,2,16094708,130019,Air Advantage,72,1,X,MI,88274d984dfffff
261570008002039,10,1,6,16094708,130019,Air Advantage,72,1,X,MI,88274d9869fffff
261570008002040,10,1,8,16094708,130019,Air Advantage,72,1,X,MI,88274d9847fffff
261570008002041,10,1,3,16094708,130019,Air Advantage,72,1,X,MI,88274d9841fffff
261570008002042,10,1,5,16094708,130019,Air Advantage,72,1,X,MI,88274d9849fffff
261570008002043,10,1,3,16094708,130019,Air Advantage,72,1,X,MI,88274d9a31fffff
261570008002044,10,1,2,16094708,130019,Air Advantage,72,1,X,MI,88274d9843fffff
261570008002046,10,1,13,16094708,130019,Air Advantage,72,1,X,MI,88274d9801fffff
261570008002048,10,1,2,16094708,130019,Air Advantage,72,1,X,MI,88274d985dfffff
261570008002049,10,1,5,16094708,130019,Air Advantage,72,1,X,MI,88274d985dfffff
261570008002050,10,1,3,16094708,130019,Air Advantage,72,1,X,MI,88274d9a33fffff
261570008002052,10,1,1,16094708,130019,Air Advantage,72,1,X,MI,88274d9a31fffff
261570008002054,10,1,2,16094708,130019,Air Advantage,72,1,X,MI,88274d9aedfffff
261570008002055,10,1,1,16094708,130019,Air Advantage,72,1,X,MI,88274d9aedfffff
261570008002056,10,1,4,16094708,130019,Air Advantage,72,1,X,MI,88274d9a25fffff
261570008002057,10,1,13,16094708,130019,Air Advantage,72,1,X,MI,88274d9803fffff
261570008002058,10,1,11,16094708,130019,Air Advantage,72,1,X,MI,88274d9857fffff
261570008002059,10,1,7,16094708,130019,Air Advantage,72,1,X,MI,88274d980bfffff
261570008002060,10,1,5,16094708,130019,Air Advantage,72,1,X,MI,88274d9855fffff
261570008002061,10,1,7,16094708,130019,Air Advantage,72,1,X,MI,88274d985bfffff
261570008002062,10,1,7,16094708,130019,Air Advantage,72,1,X,MI,88274d9ae7fffff
261570008002063,10,1,5,16094708,130019,Air Advantage,72,1,X,MI,88274d981dfffff
261570008002064,10,1,7,16094708,130019,Air Advantage,72,1,X,MI,88274d9857fffff
261570008002065,10,1,1,16094708,130019,Air Advantage,72,1,X,MI,88274d9a27fffff
261570008002066,10,1,1,16094708,130019,Air Advantage,72,1,X,MI,88274d9a27fffff
261570008003001,10,1,5,16094708,130019,Air Advantage,72,1,X,MI,88274d9ae9fffff
261570008003002,10,1,17,16094708,130019,Air Advantage,72,1,X,MI,88274d9ae9fffff
261570008003003,0,0,12,16094708,130019,Air Advantage,72,1,X,MI,88274d9a8dfffff
261570008003003,10,1,9,16094708,130019,Air Advantage,72,1,X,MI,88274d9a8dfffff
261570008003004,0,0,12,16094708,130019,Air Advantage,72,1,X,MI,88274d9a81fffff
261570008003004,10,1,8,16094708,130019,Air Advantage,72,1,X,MI,88274d9a8dfffff
261570008003006,0,0,2,16094708,130019,Air Advantage,72,1,X,MI,88274d9ab5fffff
261570008003006,10,1,5,16094708,130019,Air Advantage,72,1,X,MI,88274d9a89fffff
261570008003012,0,0,3,16094708,130019,Air Advantage,72,1,X,MI,88274d98ebfffff
261570008003012,10,1,4,16094708,130019,Air Advantage,72,1,X,MI,88274d98ebfffff
261570008003014,10,1,2,16094708,130019,Air Advantage,72,1,X,MI,88274d9813fffff
261570008003015,10,1,4,16094708,130019,Air Advantage,72,1,X,MI,88274d981bfffff
261570008003016,10,1,5,16094708,130019,Air Advantage,72,1,X,MI,88274d98cdfffff
261570008003018,10,1,4,16094708,130019,Air Advantage,72,1,X,MI,88274d9aa9fffff
261570008003020,10,1,1,16094708,130019,Air Advantage,72,1,X,MI,88274d98cdfffff
261570008003021,10,1,2,16094708,130019,Air Advantage,72,1,X,MI,88274d98c7fffff
261570008003026,10,1,4,16094708,130019,Air Advantage,72,1,X,MI,88274d99d1fffff
261570008003027,10,1,8,16094708,130019,Air Advantage,72,1,X,MI,88274d99d9fffff
261570008003028,10,1,13,16094708,130019,Air Advantage,72,1,X,MI,88274d98edfffff
261570008003029,10,1,1,16094708,130019,Air Advantage,72,1,X,MI,88274d98edfffff
261570008003030,10,1,8,16094708,130019,Air Advantage,72,1,X,MI,88274d98e9fffff
261570008003031,10,1,3,16094708,130019,Air Advantage,72,1,X,MI,88274d988dfffff
261570008003034,10,1,1,16094708,130019,Air Advantage,72,1,X,MI,88274d99dbfffff
261570008003036,10,1,1,16094708,130019,Air Advantage,72,1,X,MI,88274d98abfffff
261570008003038,10,1,1,16094708,130019,Air Advantage,72,1,X,MI,88274d98adfffff
261570008003039,10,1,6,16094708,130019,Air Advantage,72,1,X,MI,88274d98adfffff
261570008003045,0,0,2,16094708,130019,Air Advantage,72,1,X,MI,88274d9889fffff
261570008003045,10,1,1,16094708,130019,Air Advantage,72,1,X,MI,88274d98d5fffff
261570008003046,10,1,7,16094708,130019,Air Advantage,72,1,X,MI,88274d98d5fffff
261570008003047,10,1,3,16094708,130019,Air Advantage,72,1,X,MI,88274d98d3fffff
261570008003048,10,1,2,16094708,130019,Air Advantage,72,1,X,MI,88274d8365fffff
261570008003050,0,0,3,16094708,130019,Air Advantage,72,1,X,MI,88274d832dfffff
261570008003050,10,1,1,16094708,130019,Air Advantage,72,1,X,MI,88274d98d3fffff
261570008004000,0,0,2,16094708,130019,Air Advantage,72,1,X,MI,88276b6595fffff
261570008004000,10,1,3,16094708,130019,Air Advantage,72,1,X,MI,88276b6593fffff
261570008004001,0,0,1,16094708,130019,Air Advantage,72,1,X,MI,88274d9a6bfffff
261570008004001,10,1,3,16094708,130019,Air Advantage,72,1,X,MI,88274d9a69fffff
261570008004002,0,0,2,16094708,130019,Air Advantage,72,1,X,MI,88276b65b7fffff
261570008004002,10,1,4,16094708,130019,Air Advantage,72,1,X,MI,88276b65b1fffff
261570008004005,10,1,16,16094708,130019,Air Advantage,72,1,X,MI,88274d9b49fffff
261570008004006,0,0,1,16094708,130019,Air Advantage,72,1,X,MI,88274d9b41fffff
261570008004008,10,1,1,16094708,130019,Air Advantage,72,1,X,MI,88274d9b49fffff
261570008004010,0,0,11,16094708,130019,Air Advantage,72,1,X,MI,88276b65a7fffff
261570008004013,0,0,4,16094708,130019,Air Advantage,72,1,X,MI,88276b65a7fffff
261570008004014,0,0,26,16094708,130019,Air Advantage,72,1,X,MI,88276b65a7fffff
261570008004014,10,1,8,16094708,130019,Air Advantage,72,1,X,MI,88276b65a5fffff
261570008004015,0,0,18,16094708,130019,Air Advantage,72,1,X,MI,88276b65a7fffff
261570008004017,0,0,1,16094708,130019,Air Advantage,72,1,X,MI,88276b65a5fffff
261570008004018,10,1,1,16094708,130019,Air Advantage,72,1,X,MI,88276b65a5fffff
261570008004021,0,0,1,16094708,130019,Air Advantage,72,1,X,MI,88274d9b49fffff
261570008004038,0,0,1,16094708,130019,Air Advantage,72,1,X,MI,88276b65a5fffff
261570009001000,10,1,2,16094708,130019,Air Advantage,72,1,X,MI,88274d9ac3fffff
261570009001001,10,1,15,16094708,130019,Air Advantage,72,1,X,MI,88274d9ac3fffff
261570009001002,10,1,14,16094708,130019,Air Advantage,72,1,X,MI,88274d9ac3fffff
261570009001003,10,1,3,16094708,130019,Air Advantage,72,1,X,MI,88274d9ac3fffff
261570009001004,10,1,4,16094708,130019,Air Advantage,72,1,X,MI,88274d9ac7fffff
261570009001005,10,1,3,16094708,130019,Air Advantage,72,1,X,MI,88274d9ac7fffff
261570009001007,10,1,3,16094708,130019,Air Advantage,72,1,X,MI,88274d9ac7fffff
261570009001008,10,1,8,16094708,130019,Air Advantage,72,1,X,MI,88274d9ac5fffff
261570009001009,10,1,1,16094708,130019,Air Advantage,72,1,X,MI,88274d9aebfffff
261570009001010,0,0,1,16094708,130019,Air Advantage,72,1,X,MI,88274d9ac7fffff
261570009001012,0,0,1,16094708,130019,Air Advantage,72,1,X,MI,88274d9aebfffff
261570009001012,10,1,2,16094708,130019,Air Advantage,72,1,X,MI,88274d9aebfffff
261570009001013,0,0,1,16094708,130019,Air Advantage,72,1,X,MI,88274d9ac7fffff
261570009001013,10,1,5,16094708,130019,Air Advantage,72,1,X,MI,88274d9ac7fffff
261570009001014,0,0,1,16094708,130019,Air Advantage,72,1,X,MI,88274d9aebfffff
261570009001014,10,1,6,16094708,130019,Air Advantage,72,1,X,MI,88274d9aebfffff
261570009001015,10,1,1,16094708,130019,Air Advantage,72,1,X,MI,88274d9ac7fffff
261570009001017,10,1,3,16094708,130019,Air Advantage,72,1,X,MI,88274d9ac7fffff
261570009001018,10,1,69,16094708,130019,Air Advantage,72,1,X,MI,88274d9ac7fffff
261570009001019,10,1,8,16094708,130019,Air Advantage,72,1,X,MI,88274d9ac3fffff
261570009001020,10,1,11,16094708,130019,Air Advantage,72,1,X,MI,88274d9a89fffff
261570009001021,10,1,1,16094708,130019,Air Advantage,72,1,X,MI,88274d9ac7fffff
261570009001022,10,1,13,16094708,130019,Air Advantage,72,1,X,MI,88274d9ac7fffff
261570009001023,10,1,12,16094708,130019,Air Advantage,72,1,X,MI,88274d9ac3fffff
261570009001024,10,1,10,16094708,130019,Air Advantage,72,1,X,MI,88274d9ac3fffff
261570009001025,10,1,6,16094708,130019,Air Advantage,72,1,X,MI,88274d9ac3fffff
261570009001027,10,1,2,16094708,130019,Air Advantage,72,1,X,MI,88274d9ac3fffff
261570009001030,10,1,2,16094708,130019,Air Advantage,72,1,X,MI,88274d9ad5fffff
261570009001031,0,0,4,16094708,130019,Air Advantage,72,1,X,MI,88274d9ab5fffff
261570009001031,10,1,3,16094708,130019,Air Advantage,72,1,X,MI,88274d9a83fffff
261570009001032,10,1,7,16094708,130019,Air Advantage,72,1,X,MI,88274d9a89fffff
261570009001033,10,1,6,16094708,130019,Air Advantage,72,1,X,MI,88274d9a8dfffff
261570009001034,0,0,1,16094708,130019,Air Advantage,72,1,X,MI,88274d9abdfffff
261570009001034,10,1,9,16094708,130019,Air Advantage,72,1,X,MI,88274d8365fffff
261570009001035,10,1,8,16094708,130019,Air Advantage,72,1,X,MI,88274d9a97fffff
261570009001037,0,0,1,16094708,130019,Air Advantage,72,1,X,MI,88274d8369fffff
261570009002009,0,0,1,16094708,130019,Air Advantage,72,1,X,MI,88274d9ad9fffff
261570009002009,10,1,28,16094708,130019,Air Advantage,72,1,X,MI,88274d9addfffff
261570009002010,10,1,19,16094708,130019,Air Advantage,72,1,X,MI,88274d9addfffff
261570009002011,10,1,10,16094708,130019,Air Advantage,72,1,X,MI,88274d9addfffff
261570009002012,10,1,1,16094708,130019,Air Advantage,72,1,X,MI,88274d9addfffff
261570009002013,10,1,1,16094708,130019,Air Advantage,72,1,X,MI,88274d9ad9fffff
261570009002018,10,1,2,16094708,130019,Air Advantage,72,1,X,MI,88274d9addfffff
261570009002021,10,1,14,16094708,130019,Air Advantage,72,1,X,MI,88274d9ac3fffff
261570009002022,10,1,3,16094708,130019,Air Advantage,72,1,X,MI,88274d9ac3fffff
261570009002041,10,1,1,16094708,130019,Air Advantage,72,1,X,MI,88274d90e7fffff
261570009003006,10,1,1,16094708,130019,Air Advantage,72,1,X,MI,88274d9137fffff
261570009003013,0,0,1,16094708,130019,Air Advantage,72,1,X,MI,88274d9127fffff
261570009003013,10,1,11,16094708,130019,Air Advantage,72,1,X,MI,88274d9ac9fffff
261570009003014,10,1,4,16094708,130019,Air Advantage,72,1,X,MI,88274d9ac9fffff
261570009003015,10,1,1,16094708,130019,Air Advantage,72,1,X,MI,88274d9acdfffff
261570009003018,10,1,15,16094708,130019,Air Advantage,72,1,X,MI,88274d9ac5fffff
261570009003020,10,1,1,16094708,130019,Air Advantage,72,1,X,MI,88274d9acdfffff
261570009003025,0,0,2,16094708,130019,Air Advantage,72,1,X,MI,88274d9ac9fffff
261570009003025,10,1,3,16094708,130019,Air Advantage,72,1,X,MI,88274d9ac9fffff
261570009003026,10,1,2,16094708,130019,Air Advantage,72,1,X,MI,88274d9ac1fffff
261570009003027,0,0,1,16094708,130019,Air Advantage,72,1,X,MI,88274d9ac1fffff
261570009003028,10,1,5,16094708,130019,Air Advantage,72,1,X,MI,88274d9acbfffff
261570009003031,10,1,1,16094708,130019,Air Advantage,72,1,B,MI,88274d9acbfffff
261570009003032,10,1,16,16094708,130019,Air Advantage,72,1,X,MI,88274d9ac1fffff
261570009003033,10,1,1,16094708,130019,Air Advantage,72,1,X,MI,88274d9ac3fffff
261570009003034,10,1,1,16094708,130019,Air Advantage,72,1,X,MI,88274d9ac3fffff
261570009003037,0,0,1,16094708,130019,Air Advantage,72,1,X,MI,88274d9ac1fffff
261570009003037,10,1,3,16094708,130019,Air Advantage,72,1,X,MI,88274d9ac1fffff
261570009003038,10,1,9,16094708,130019,Air Advantage,72,1,X,MI,88274d9ac1fffff
261570009003039,10,1,12,16094708,130019,Air Advantage,72,1,X,MI,88274d9ac1fffff
261570009003040,0,0,1,16094708,130019,Air Advantage,72,1,X,MI,88274d9ac1fffff
261570009003040,10,1,1,16094708,130019,Air Advantage,72,1,X,MI,88274d9ac1fffff
261570009003041,10,1,2,16094708,130019,Air Advantage,72,1,X,MI,88274d9ac7fffff
261570009003042,10,1,11,16094708,130019,Air Advantage,72,1,X,MI,88274d9ac1fffff
261570009003043,10,1,8,16094708,130019,Air Advantage,72,1,X,MI,88274d9ac3fffff
261570009003044,10,1,8,16094708,130019,Air Advantage,72,1,X,MI,88274d9ac3fffff
261570009003045,10,1,2,16094708,130019,Air Advantage,72,1,X,MI,88274d9ac3fffff
261570009003049,10,1,7,16094708,130019,Air Advantage,72,1,X,MI,88274d9ac3fffff
261570009003051,0,0,1,16094708,130019,Air Advantage,72,1,X,MI,88274d9ac3fffff
261570009003051,10,1,16,16094708,130019,Air Advantage,72,1,X,MI,88274d9ac3fffff
261570009004001,10,1,5,16094708,130019,Air Advantage,72,1,X,MI,88274d9adbfffff
261570009004003,10,1,7,16094708,130019,Air Advantage,72,1,X,MI,88274d9addfffff
261570009004005,10,1,2,16094708,130019,Air Advantage,72,1,X,MI,88274d9addfffff
261570009004006,0,0,2,16094708,130019,Air Advantage,72,1,X,MI,88274d9addfffff
261570009004006,10,1,2,16094708,130019,Air Advantage,72,1,X,MI,88274d9addfffff
261570009004007,10,1,10,16094708,130019,Air Advantage,72,1,X,MI,88274d9addfffff
261570009004008,10,1,16,16094708,130019,Air Advantage,72,1,X,MI,88274d9addfffff
261570009004009,10,1,8,16094708,130019,Air Advantage,72,1,X,MI,88274d9ac3fffff
261570009004010,0,0,1,16094708,130019,Air Advantage,72,1,X,MI,88274d9ac3fffff
261570009004010,10,1,4,16094708,130019,Air Advantage,72,1,X,MI,88274d9ac3fffff
261570009004011,0,0,1,16094708,130019,Air Advantage,72,1,X,MI,88274d9ad5fffff
261570009004012,10,1,4,16094708,130019,Air Advantage,72,1,X,MI,88274d9addfffff
261570009004013,10,1,9,16094708,130019,Air Advantage,72,1,X,MI,88274d9addfffff
261570009004015,10,1,6,16094708,130019,Air Advantage,72,1,X,MI,88274d9ac3fffff
261570009004016,0,0,1,16094708,130019,Air Advantage,72,1,X,MI,88274d9ac3fffff
261570009004016,10,1,12,16094708,130019,Air Advantage,72,1,X,MI,88274d9addfffff
261570009004017,10,1,5,16094708,130019,Air Advantage,72,1,X,MI,88274d9addfffff
261570009004022,0,0,1,16094708,130019,Air Advantage,72,1,X,MI,88274d9addfffff
261570009004022,10,1,7,16094708,130019,Air Advantage,72,1,X,MI,88274d9ad5fffff
261570009004024,10,1,3,16094708,130019,Air Advantage,72,1,X,MI,88274d9ac3fffff
261570009004026,10,1,1,16094708,130019,Air Advantage,72,1,X,MI,88274d9ad5fffff
261570009004027,10,1,3,16094708,130019,Air Advantage,72,1,X,MI,88274d9ad5fffff
261570009004028,10,1,7,16094708,130019,Air Advantage,72,1,X,MI,88274d9ad5fffff
261570009004029,10,1,9,16094708,130019,Air Advantage,72,1,X,MI,88274d9ad7fffff
261570009004031,10,1,14,16094708,130019,Air Advantage,72,1,X,MI,88274d9ad7fffff
261570009004031,100,100,1,16094708,130019,Air Advantage,72,1,B,MI,88274d9ad5fffff
261570009004033,10,1,4,16094708,130019,Air Advantage,72,1,X,MI,88274d9ad7fffff
261570009004038,10,1,4,16094708,130019,Air Advantage,72,1,X,MI,88274d9a9dfffff
261570009004039,0,0,1,16094708,130019,Air Advantage,72,1,X,MI,88274d9a9bfffff
261570009004039,10,1,1,16094708,130019,Air Advantage,72,1,X,MI,88274d9a9bfffff
261570009004040,0,0,3,16094708,130019,Air Advantage,72,1,X,MI,88274d9a9bfffff
261570009004040,10,1,7,16094708,130019,Air Advantage,72,1,X,MI,88274d9a91fffff
261570009004041,10,1,3,16094708,130019,Air Advantage,72,1,X,MI,88274d9a91fffff
261570009004042,10,1,4,16094708,130019,Air Advantage,72,1,X,MI,88274d9a99fffff
261570010003007,10,1,4,16094708,130019,Air Advantage,72,1,X,MI,88274d90e7fffff
261570010003008,10,1,3,16094708,130019,Air Advantage,72,1,X,MI,88274d90e7fffff
261570010003015,10,1,1,16094708,130019,Air Advantage,72,1,X,MI,88274d90a5fffff
261570010003036,10,1,2,16094708,130019,Air Advantage,72,1,X,MI,88274d90d1fffff
261570010003039,10,1,2,16094708,130019,Air Advantage,72,1,X,MI,88274d9099fffff
261570010003042,0,0,1,16094708,130019,Air Advantage,72,1,R,MI,88274d908bfffff
261570010004012,10,1,1,16094708,130019,Air Advantage,72,1,X,MI,88274d834dfffff
261570010004021,10,1,1,16094708,130019,Air Advantage,72,1,X,MI,88274d8363fffff
261570010004022,10,1,2,16094708,130019,Air Advantage,72,1,X,MI,88274d830dfffff
261570011001000,10,1,7,16094708,130019,Air Advantage,72,1,X,MI,88276b25e5fffff
261570011001001,10,1,1,16094708,130019,Air Advantage,72,1,X,MI,88276b2ed9fffff
261570011001002,0,0,1,16094708,130019,Air Advantage,72,1,X,MI,88276b2ed5fffff
261570011001002,10,1,2,16094708,130019,Air Advantage,72,1,X,MI,88276b2edbfffff
261570011001004,10,1,2,16094708,130019,Air Advantage,72,1,X,MI,88276b2e89fffff
261570011001005,10,1,8,16094708,130019,Air Advantage,72,1,X,MI,88276b2e8dfffff
261570011001006,10,1,5,16094708,130019,Air Advantage,72,1,X,MI,88276b2ee3fffff
261570011001007,10,1,12,16094708,130019,Air Advantage,72,1,X,MI,88276b2ee3fffff
261570011001008,10,1,4,16094708,130019,Air Advantage,72,1,X,MI,88276b2ee7fffff
261570011001009,10,1,3,16094708,130019,Air Advantage,72,1,X,MI,88276b2ea9fffff
261570011001010,10,1,5,16094708,130019,Air Advantage,72,1,X,MI,88276b2ea9fffff
261570011001011,0,0,1,16094708,130019,Air Advantage,72,1,R,MI,88276b2ea7fffff
261570011001011,10,1,7,16094708,130019,Air Advantage,72,1,X,MI,88276b2ea5fffff
261570011001013,10,1,1,16094708,130019,Air Advantage,72,1,X,MI,88276b2ebdfffff
261570011001014,10,1,1,16094708,130019,Air Advantage,72,1,X,MI,88276b2e9dfffff
261570011001015,10,1,3,16094708,130019,Air Advantage,72,1,X,MI,88276b2e9bfffff
261570011001016,0,0,1,16094708,130019,Air Advantage,72,1,X,MI,88276b2edbfffff
261570011001016,10,1,3,16094708,130019,Air Advantage,72,1,X,MI,88276b2ed3fffff
261570011001018,10,1,3,16094708,130019,Air Advantage,72,1,X,MI,88276b25a1fffff
261570011001019,10,1,3,16094708,130019,Air Advantage,72,1,X,MI,88276b25a9fffff
261570011001020,10,1,2,16094708,130019,Air Advantage,72,1,X,MI,88276b2eabfffff
261570011001021,10,1,3,16094708,130019,Air Advantage,72,1,X,MI,88276b2ea9fffff
261570011001022,10,1,3,16094708,130019,Air Advantage,72,1,X,MI,88276b2ea9fffff
261570011001025,10,1,2,16094708,130019,Air Advantage,72,1,X,MI,88276b2e9bfffff
261570011001027,10,1,3,16094708,130019,Air Advantage,72,1,X,MI,88276b25b5fffff
261570011001036,10,1,1,16094708,130019,Air Advantage,72,1,X,MI,882ab65b0dfffff
261570011001079,10,1,1,16094708,130019,Air Advantage,72,1,X,MI,882ab65b3dfffff
261570011002000,0,0,2,16094708,130019,Air Advantage,72,1,X,MI,88276b2c53fffff
261570011002000,10,1,3,16094708,130019,Air Advantage,72,1,X,MI,88276b2ea5fffff
261570011002004,10,1,1,16094708,130019,Air Advantage,72,1,X,MI,88276b2c3dfffff
261570011002019,10,1,2,16094708,130019,Air Advantage,72,1,X,MI,88276b2dd9fffff
261570011002020,10,1,1,16094708,130019,Air Advantage,72,1,X,MI,88276b2dd9fffff
261570011002027,0,0,1,16094708,130019,Air Advantage,72,1,R,MI,88276b2dd3fffff
261570011002027,10,1,1,16094708,130019,Air Advantage,72,1,X,MI,88276b2dd1fffff
261570011003000,10,1,2,16094708,130019,Air Advantage,72,1,X,MI,88276b2c35fffff
261570011003001,10,1,1,16094708,130019,Air Advantage,72,1,X,MI,88276b2c21fffff
261570011003004,10,1,1,16094708,130019,Air Advantage,72,1,X,MI,88276b2dc1fffff
261570012001003,10,1,1,16094708,130019,Air Advantage,72,1,X,MI,88274d954dfffff
261570012001004,10,1,2,16094708,130019,Air Advantage,72,1,X,MI,88274d956bfffff
261570012002003,0,0,1,16094708,130019,Air Advantage,72,1,X,MI,88274d82e1fffff
261570012002003,10,1,3,16094708,130019,Air Advantage,72,1,X,MI,88274d82abfffff
261570012002007,10,1,2,16094708,130019,Air Advantage,72,1,X,MI,88274d8237fffff
261570012002008,10,1,2,16094708,130019,Air Advantage,72,1,X,MI,88274d8059fffff
261570012002010,0,0,2,16094708,130019,Air Advantage,72,1,R,MI,88274d8055fffff
261570012002010,10,1,5,16094708,130019,Air Advantage,72,1,X,MI,88274d8057fffff
261570012002011,10,1,3,16094708,130019,Air Advantage,72,1,X,MI,88274d82abfffff
261570012003000,10,1,1,16094708,130019,Air Advantage,72,1,R,MI,88274d9093fffff
261570012003001,10,1,2,16094708,130019,Air Advantage,72,1,X,MI,88274d956dfffff
261570012003007,10,1,1,16094708,130019,Air Advantage,72,1,X,MI,88274d956bfffff
261570012003010,10,1,2,16094708,130019,Air Advantage,72,1,X,MI,88274d825bfffff
261570012003017,10,1,2,16094708,130019,Air Advantage,72,1,X,MI,88274d825dfffff
261570012003021,10,1,3,16094708,130019,Air Advantage,72,1,X,MI,88274d9521fffff
261570012003022,0,0,1,16094708,130019,Air Advantage,72,1,X,MI,88274d825bfffff
261570012003025,10,1,8,16094708,130019,Air Advantage,72,1,X,MI,88274d8203fffff
261570012003026,10,1,10,16094708,130019,Air Advantage,72,1,X,MI,88274d8203fffff
261570012003032,10,1,8,16094708,130019,Air Advantage,72,1,X,MI,88274d8215fffff
261570012003033,10,1,11,16094708,130019,Air Advantage,72,1,X,MI,88274d8203fffff
261570012004004,10,1,4,16094708,130019,Air Advantage,72,1,X,MI,88274d8225fffff
261570012004005,10,1,2,16094708,130019,Air Advantage,72,1,X,MI,88274d822dfffff
261570012004006,10,1,4,16094708,130019,Air Advantage,72,1,X,MI,88274d8221fffff
261570012004007,10,1,2,16094708,130019,Air Advantage,72,1,X,MI,88274d8223fffff
261570012004008,10,1,1,16094708,130019,Air Advantage,72,1,X,MI,88274d8221fffff
261570012004009,10,1,1,16094708,130019,Air Advantage,72,1,X,MI,88274d8221fffff
261570012004010,10,1,2,16094708,130019,Air Advantage,72,1,X,MI,88274d8221fffff
261570012004011,10,1,2,16094708,130019,Air Advantage,72,1,X,MI,88274d8221fffff
261570012004012,10,1,1,16094708,130019,Air Advantage,72,1,X,MI,88274d8225fffff
261570012004015,10,1,6,16094708,130019,Air Advantage,72,1,X,MI,88274d8237fffff
261570012004017,10,1,1,16094708,130019,Air Advantage,72,1,X,MI,88274d8223fffff
261570012004018,10,1,7,16094708,130019,Air Advantage,72,1,X,MI,88274d8227fffff
261570012004020,10,1,19,16094708,130019,Air Advantage,72,1,X,MI,88274d8227fffff
261570012004023,0,0,1,16094708,130019,Air Advantage,72,1,X,MI,88274d8041fffff
261570012004023,10,1,20,16094708,130019,Air Advantage,72,1,X,MI,88274d8049fffff
261570012004025,0,0,1,16094708,130019,Air Advantage,72,1,X,MI,88274d8041fffff
261570012004025,10,1,5,16094708,130019,Air Advantage,72,1,X,MI,88274d8041fffff
261570012004026,10,1,13,16094708,130019,Air Advantage,72,1,X,MI,88274d8227fffff
261570012004027,10,1,5,16094708,130019,Air Advantage,72,1,X,MI,88274d8227fffff
261570012004028,10,1,5,16094708,130019,Air Advantage,72,1,X,MI,88274d8227fffff
261570012004029,10,1,8,16094708,130019,Air Advantage,72,1,X,MI,88274d8227fffff
261570012004030,10,1,9,16094708,130019,Air Advantage,72,1,X,MI,88274d8227fffff
261570012004031,10,1,1,16094708,130019,Air Advantage,72,1,X,MI,88274d8041fffff
261570012004032,10,1,4,16094708,130019,Air Advantage,72,1,X,MI,88274d8227fffff
261570012004033,0,0,1,16094708,130019,Air Advantage,72,1,X,MI,88274d8227fffff
261570012004033,10,1,7,16094708,130019,Air Advantage,72,1,X,MI,88274d8227fffff
261570012004034,0,0,1,16094708,130019,Air Advantage,72,1,X,MI,88274d8227fffff
261570012004034,10,1,4,16094708,130019,Air Advantage,72,1,X,MI,88274d8227fffff
261570012004037,10,1,1,16094708,130019,Air Advantage,72,1,X,MI,88274d8227fffff
261570012004038,10,1,1,16094708,130019,Air Advantage,72,1,X,MI,88274d8225fffff
261570013001000,0,0,2,16094708,130019,Air Advantage,72,1,X,MI,88274d832dfffff
261570013001000,10,1,1,16094708,130019,Air Advantage,72,1,X,MI,88274d98d3fffff
261570013001002,10,1,1,16094708,130019,Air Advantage,72,1,X,MI,88274d98d7fffff
261570013001006,0,0,1,16094708,130019,Air Advantage,72,1,X,MI,88274d9891fffff
261570013001007,10,1,1,16094708,130019,Air Advantage,72,1,X,MI,88274d9887fffff
261570013001008,10,1,2,16094708,130019,Air Advantage,72,1,X,MI,88274d98abfffff
261570013001009,10,1,1,16094708,130019,Air Advantage,72,1,X,MI,88274d98a1fffff
261570013001011,0,0,2,16094708,130019,Air Advantage,72,1,X,MI,88274d8a4dfffff
261570013001011,10,1,1,16094708,130019,Air Advantage,72,1,X,MI,88274d98a7fffff
261570013001019,0,0,1,16094708,130019,Air Advantage,72,1,X,MI,88274d9895fffff
261570013001020,0,0,1,16094708,130019,Air Advantage,72,1,X,MI,88274d8169fffff
261570013001020,10,1,3,16094708,130019,Air Advantage,72,1,X,MI,88274d989bfffff
261570013001024,0,0,1,16094708,130019,Air Advantage,72,1,X,MI,88274d816dfffff
261570013001029,0,0,6,16094708,130019,Air Advantage,72,1,X,MI,88274d810dfffff
261570013001029,10,1,2,16094708,130019,Air Advantage,72,1,X,MI,88274d8145fffff
261570013001030,0,0,1,16094708,130019,Air Advantage,72,1,X,MI,88274d8147fffff
261570013001030,10,1,5,16094708,130019,Air Advantage,72,1,X,MI,88274d8145fffff
261570013001031,10,1,2,16094708,130019,Air Advantage,72,1,X,MI,88274d989bfffff
261570013001032,10,1,2,16094708,130019,Air Advantage,72,1,X,MI,88274d9899fffff
261570013001038,10,1,2,16094708,130019,Air Advantage,72,1,X,MI,88274d8a09fffff
261570013001046,0,0,1,16094708,130019,Air Advantage,72,1,X,MI,88274d8101fffff
261570013001047,0,0,1,16094708,130019,Air Advantage,72,1,X,MI,88274d8155fffff
261570013001047,10,1,1,16094708,130019,Air Advantage,72,1,X,MI,88274d8155fffff
261570013002000,10,1,2,16094708,130019,Air Advantage,72,1,X,MI,88274d831dfffff
261570013002003,10,1,6,16094708,130019,Air Advantage,72,1,X,MI,88274d8225fffff
261570013002004,10,1,2,16094708,130019,Air Advantage,72,1,X,MI,88274d831dfffff
261570013002005,0,0,2,16094708,130019,Air Advantage,72,1,X,MI,88274d8313fffff
261570013002005,10,1,6,16094708,130019,Air Advantage,72,1,X,MI,88274d8313fffff
261570013002006,0,0,1,16094708,130019,Air Advantage,72,1,X,MI,88274d8313fffff
261570013002006,10,1,15,16094708,130019,Air Advantage,72,1,X,MI,88274d8313fffff
261570013002007,10,1,3,16094708,130019,Air Advantage,72,1,X,MI,88274d831bfffff
261570013002008,0,0,1,16094708,130019,Air Advantage,72,1,R,MI,88274d831bfffff
261570013002008,10,1,8,16094708,130019,Air Advantage,72,1,X,MI,88274d8227fffff
261570013002009,10,1,5,16094708,130019,Air Advantage,72,1,X,MI,88274d8227fffff
261570013002010,0,0,1,16094708,130019,Air Advantage,72,1,X,MI,88274d8225fffff
261570013002010,10,1,2,16094708,130019,Air Advantage,72,1,X,MI,88274d8225fffff
261570013002011,10,1,2,16094708,130019,Air Advantage,72,1,X,MI,88274d8225fffff
261570013002013,10,1,6,16094708,130019,Air Advantage,72,1,X,MI,88274d806bfffff
261570013002014,10,1,5,16094708,130019,Air Advantage,72,1,X,MI,88274d8045fffff
261570013002016,10,1,10,16094708,130019,Air Advantage,72,1,X,MI,88274d804dfffff
261570013002018,10,1,5,16094708,130019,Air Advantage,72,1,X,MI,88274d8227fffff
261570013002021,0,0,1,16094708,130019,Air Advantage,72,1,R,MI,88274d831bfffff
261570013002021,10,1,3,16094708,130019,Air Advantage,72,1,X,MI,88274d8227fffff
261570013002022,10,1,1,16094708,130019,Air Advantage,72,1,X,MI,88274d804dfffff
261570013002023,10,1,11,16094708,130019,Air Advantage,72,1,X,MI,88274d8041fffff
261570013002024,10,1,4,16094708,130019,Air Advantage,72,1,X,MI,88274d8009fffff
261570013003000,10,1,1,16094708,130019,Air Advantage,72,1,X,MI,88274d8309fffff
261570013003003,10,1,2,16094708,130019,Air Advantage,72,1,X,MI,88274d833dfffff
261570013003005,10,1,1,16094708,130019,Air Advantage,72,1,X,MI,88274d8331fffff
261570013003009,10,1,4,16094708,130019,Air Advantage,72,1,X,MI,88274d8335fffff
261570013003012,10,1,3,16094708,130019,Air Advantage,72,1,X,MI,88274d806dfffff
261614060001020,0,0,2,16094708,130019,Air Advantage,72,1,X,MI,8827499651fffff
261614320001007,10,1,1,16094708,130019,Air Advantage,72,1,X,MI,8827498053fffff
261614320001008,10,1,1,16094708,130019,Air Advantage,72,1,X,MI,8827498019fffff
261614320001009,0,0,1,16094708,130019,Air Advantage,72,1,X,MI,882749801dfffff
261614320001009,10,1,2,16094708,130019,Air Advantage,72,1,X,MI,8827498003fffff
261614320001011,0,0,2,16094708,130019,Air Advantage,72,1,X,MI,8827498023fffff
261614320001011,10,1,2,16094708,130019,Air Advantage,72,1,X,MI,882749802bfffff
261614320001017,10,1,8,16094708,130019,Air Advantage,72,1,X,MI,882749801bfffff
261614320001068,10,1,3,16094708,130019,Air Advantage,72,1,X,MI,882749802bfffff
261614320002000,0,0,1,16094708,130019,Air Advantage,72,1,X,MI,88274995e9fffff
261614320002005,10,1,3,16094708,130019,Air Advantage,72,1,X,MI,88274982d7fffff
261614320002006,10,1,1,16094708,130019,Air Advantage,72,1,R,MI,88274982d5fffff
261614320002018,10,1,1,16094708,130019,Air Advantage,72,1,X,MI,8827498299fffff
261614320002019,10,1,1,16094708,130019,Air Advantage,72,1,X,MI,88274982d3fffff
261614320002066,0,0,1,16094708,130019,Air Advantage,72,1,X,MI,88274980cbfffff
261614440003013,10,1,1,16094708,130019,Air Advantage,72,1,X,MI,88274990edfffff
261614440004004,10,1,1,16094708,130019,Air Advantage,72,1,X,MI,88274990d1fffff
261614440004014,10,1,2,16094708,130019,Air Advantage,72,1,X,MI,88274991d7fffff
261614440004015,10,1,1,16094708,130019,Air Advantage,72,1,X,MI,88274990e3fffff
261614440005015,10,1,1,16094708,130019,Air Advantage,72,1,X,MI,88274990c1fffff
261614450002020,0,0,1,16094708,130019,Air Advantage,72,1,X,MI,88274991d7fffff
261614450002020,10,1,1,16094708,130019,Air Advantage,72,1,X,MI,88274991d7fffff
261614450002021,10,1,1,16094708,130019,Air Advantage,72,1,X,MI,88274991d5fffff
261614450002038,10,1,2,16094708,130019,Air Advantage,72,1,X,MI,88274991abfffff
261614462001009,10,1,3,16094708,130019,Air Advantage,72,1,X,MI,882749826bfffff
261614462001011,10,1,4,16094708,130019,Air Advantage,72,1,X,MI,8827498263fffff
261614462001013,10,1,5,16094708,130019,Air Advantage,72,1,X,MI,8827498263fffff
261614462001014,10,1,16,16094708,130019,Air Advantage,72,1,X,MI,8827498263fffff
261614462001015,10,1,3,16094708,130019,Air Advantage,72,1,X,MI,8827498263fffff
261614462002000,10,1,3,16094708,130019,Air Advantage,72,1,X,MI,8827499197fffff
261614462002001,10,1,3,16094708,130019,Air Advantage,72,1,X,MI,8827499197fffff
261614462002002,10,1,2,16094708,130019,Air Advantage,72,1,X,MI,88274991bbfffff
261614462002003,10,1,1,16094708,130019,Air Advantage,72,1,X,MI,882749826dfffff
261614464002015,10,1,1,16094708,130019,Air Advantage,72,1,X,MI,8827498269fffff
261614464002020,10,1,1,16094708,130019,Air Advantage,72,1,X,MI,882749826bfffff
261614464002026,10,1,2,16094708,130019,Air Advantage,72,1,X,MI,882749826bfffff
261614464002030,10,1,7,16094708,130019,Air Advantage,72,1,X,MI,8827498229fffff
261614464002033,10,1,1,16094708,130019,Air Advantage,72,1,X,MI,882749820dfffff
261614470001000,10,1,3,16094708,130019,Air Advantage,72,1,X,MI,8827498315fffff
261614470001001,10,1,7,16094708,130019,Air Advantage,72,1,X,MI,8827498315fffff
261614470001003,10,1,1,16094708,130019,Air Advantage,72,1,X,MI,8827498307fffff
261614470001004,10,1,1,16094708,130019,Air Advantage,72,1,X,MI,882749814dfffff
261614470001006,0,0,1,16094708,130019,Air Advantage,72,1,X,MI,8827498307fffff
261614470001006,10,1,2,16094708,130019,Air Advantage,72,1,X,MI,8827498331fffff
261614470001007,10,1,1,16094708,130019,Air Advantage,72,1,X,MI,8827498149fffff
261614470001008,10,1,4,16094708,130019,Air Advantage,72,1,X,MI,8827498149fffff
261614470001010,10,1,1,16094708,130019,Air Advantage,72,1,X,MI,8827498331fffff
261614470001011,10,1,3,16094708,130019,Air Advantage,72,1,X,MI,8827498315fffff
261614470001018,0,0,1,16094708,130019,Air Advantage,72,1,X,MI,8827498331fffff
261614470001019,10,1,1,16094708,130019,Air Advantage,72,1,X,MI,8827498331fffff
261614470001024,10,1,1,16094708,130019,Air Advantage,72,1,X,MI,882749802dfffff
261614470002001,10,1,11,16094708,130019,Air Advantage,72,1,X,MI,882749835bfffff
261614470002003,10,1,1,16094708,130019,Air Advantage,72,1,X,MI,882749831dfffff
261614470002009,10,1,14,16094708,130019,Air Advantage,72,1,X,MI,882749822dfffff
261614470002010,10,1,15,16094708,130019,Air Advantage,72,1,X,MI,882749822dfffff
261614470002011,0,0,2,16094708,130019,Air Advantage,72,1,X,MI,8827498229fffff
261614470002011,10,1,67,16094708,130019,Air Advantage,72,1,X,MI,882749822dfffff
261614470002012,10,1,17,16094708,130019,Air Advantage,72,1,X,MI,882749822dfffff
261614470002013,10,1,21,16094708,130019,Air Advantage,72,1,X,MI,8827498229fffff
261614470002014,10,1,16,16094708,130019,Air Advantage,72,1,X,MI,882749822dfffff
261614470002015,0,0,1,16094708,130019,Air Advantage,72,1,X,MI,882749822dfffff
261614470002015,10,1,3,16094708,130019,Air Advantage,72,1,X,MI,882749822dfffff
261614470002016,0,0,1,16094708,130019,Air Advantage,72,1,X,MI,882749822dfffff
261614470002016,10,1,10,16094708,130019,Air Advantage,72,1,X,MI,882749822dfffff
261614470002017,10,1,11,16094708,130019,Air Advantage,72,1,X,MI,8827498229fffff
261614470002018,10,1,7,16094708,130019,Air Advantage,72,1,X,MI,882749822dfffff
261614470002019,0,0,1,16094708,130019,Air Advantage,72,1,X,MI,882749822dfffff
261614470002019,10,1,13,16094708,130019,Air Advantage,72,1,X,MI,882749822dfffff
261614470002020,10,1,6,16094708,130019,Air Advantage,72,1,X,MI,882749822bfffff
261614470002021,10,1,1,16094708,130019,Air Advantage,72,1,X,MI,882749822bfffff
261614470002022,0,0,3,16094708,130019,Air Advantage,72,1,X,MI,8827498233fffff
261614470002022,10,1,1,16094708,130019,Air Advantage,72,1,X,MI,882749804bfffff
261614470002023,0,0,2,16094708,130019,Air Advantage,72,1,X,MI,8827498059fffff
261614470002023,10,1,1,16094708,130019,Air Advantage,72,1,R,MI,8827498237fffff
261614470002024,0,0,1,16094708,130019,Air Advantage,72,1,X,MI,8827498059fffff
261614470003002,10,1,1,16094708,130019,Air Advantage,72,1,X,MI,882749804bfffff
261614470004003,10,1,1,16094708,130019,Air Advantage,72,1,X,MI,8827499183fffff
261614470004004,10,1,5,16094708,130019,Air Advantage,72,1,X,MI,8827499195fffff
261614470004006,10,1,1,16094708,130019,Air Advantage,72,1,X,MI,882749919dfffff
261614470004007,10,1,4,16094708,130019,Air Advantage,72,1,X,MI,88274991bbfffff
261614470004010,10,1,4,16094708,130019,Air Advantage,72,1,X,MI,88274991bdfffff
261614470004024,0,0,1,16094708,130019,Air Advantage,72,1,X,MI,8827498367fffff
261614470004024,10,1,1,16094708,130019,Air Advantage,72,1,X,MI,8827498367fffff
261614470004026,10,1,2,16094708,130019,Air Advantage,72,1,X,MI,8827498367fffff
261614470004028,10,1,1,16094708,130019,Air Advantage,72,1,X,MI,8827498301fffff
261614470004029,0,0,1,16094708,130019,Air Advantage,72,1,X,MI,882749830bfffff
261614470004029,10,1,7,16094708,130019,Air Advantage,72,1,X,MI,882749830bfffff
261614470004031,0,0,1,16094708,130019,Air Advantage,72,1,R,MI,882749834bfffff
261614470004031,10,1,1,16094708,130019,Air Advantage,72,1,X,MI,8827498359fffff
261614470004032,10,1,4,16094708,130019,Air Advantage,72,1,X,MI,88274991bbfffff
261614470004035,0,0,1,16094708,130019,Air Advantage,72,1,X,MI,88274991b3fffff
261614470004035,10,1,12,16094708,130019,Air Advantage,72,1,X,MI,88274991bbfffff
261614470004037,10,1,1,16094708,130019,Air Advantage,72,1,X,MI,88274991bbfffff
261614470004040,10,1,3,16094708,130019,Air Advantage,72,1,X,MI,8827498359fffff
261614470004041,10,1,8,16094708,130019,Air Advantage,72,1,X,MI,88274991b1fffff
261614470004050,10,1,1,16094708,130019,Air Advantage,72,1,X,MI,8827499195fffff
261614480001012,10,1,1,16094708,130019,Air Advantage,72,1,X,MI,88274990bdfffff
261614480001023,10,1,1,16094708,130019,Air Advantage,72,1,X,MI,8827499087fffff
261614480001024,10,1,3,16094708,130019,Air Advantage,72,1,X,MI,8827498241fffff
261614480001026,10,1,1,16094708,130019,Air Advantage,72,1,X,MI,8827498241fffff
261614480001028,10,1,6,16094708,130019,Air Advantage,72,1,X,MI,8827498247fffff
261614480001032,10,1,5,16094708,130019,Air Advantage,72,1,X,MI,88274990b9fffff
261614480001033,10,1,2,16094708,130019,Air Advantage,72,1,X,MI,88274990b9fffff
261614480001037,0,0,1,16094708,130019,Air Advantage,72,1,X,MI,88274990d7fffff
261614480001041,10,1,1,16094708,130019,Air Advantage,72,1,X,MI,882749954dfffff
261614480001043,10,1,16,16094708,130019,Air Advantage,72,1,X,MI,8827499549fffff
261614480001044,10,1,17,16094708,130019,Air Advantage,72,1,X,MI,882749954dfffff
261614480001045,10,1,3,16094708,130019,Air Advantage,72,1,X,MI,882749954dfffff
261614480001049,0,0,1,16094708,130019,Air Advantage,72,1,X,MI,8827499095fffff
261614480001049,10,1,3,16094708,130019,Air Advantage,72,1,X,MI,8827499095fffff
261614480001052,10,1,9,16094708,130019,Air Advantage,72,1,X,MI,882749954bfffff
261614480001054,10,1,5,16094708,130019,Air Advantage,72,1,X,MI,8827499569fffff
261614480001058,10,1,6,16094708,130019,Air Advantage,72,1,X,MI,88274990b7fffff
261614480001060,10,1,1,16094708,130019,Air Advantage,72,1,X,MI,8827498251fffff
261614480001061,10,1,1,16094708,130019,Air Advantage,72,1,X,MI,8827498209fffff
261614480002000,10,1,1,16094708,130019,Air Advantage,72,1,X,MI,882749955dfffff
261614480002002,10,1,9,16094708,130019,Air Advantage,72,1,X,MI,8827499509fffff
261614480002005,10,1,1,16094708,130019,Air Advantage,72,1,X,MI,8827499561fffff
261614480002006,10,1,1,16094708,130019,Air Advantage,72,1,X,MI,8827498251fffff
261614480002008,10,1,1,16094708,130019,Air Advantage,72,1,X,MI,8827499555fffff
261614480002009,10,1,4,16094708,130019,Air Advantage,72,1,X,MI,8827499509fffff
261614480002011,0,0,1,16094708,130019,Air Advantage,72,1,X,MI,8827499563fffff
261614480002011,10,1,2,16094708,130019,Air Advantage,72,1,X,MI,882749950dfffff
261614480002013,10,1,1,16094708,130019,Air Advantage,72,1,X,MI,8827498251fffff
261614480002014,10,1,2,16094708,130019,Air Advantage,72,1,X,MI,882749952dfffff
261614480002015,0,0,3,16094708,130019,Air Advantage,72,1,X,MI,8827498203fffff
261614480002015,10,1,6,16094708,130019,Air Advantage,72,1,X,MI,8827498203fffff
261614480002016,0,0,1,16094708,130019,Air Advantage,72,1,X,MI,8827498201fffff
261614480002016,10,1,8,16094708,130019,Air Advantage,72,1,X,MI,8827498207fffff
261614480002019,10,1,1,16094708,130019,Air Advantage,72,1,X,MI,8827498239fffff
261614480002021,0,0,1,16094708,130019,Air Advantage,72,1,X,MI,88274982c5fffff
261614480002021,10,1,3,16094708,130019,Air Advantage,72,1,X,MI,88274982c5fffff
261614480002022,0,0,1,16094708,130019,Air Advantage,72,1,X,MI,8827498213fffff
261614480002023,10,1,1,16094708,130019,Air Advantage,72,1,X,MI,8827499521fffff
261614480002025,10,1,3,16094708,130019,Air Advantage,72,1,X,MI,8827499521fffff
261614480002026,10,1,2,16094708,130019,Air Advantage,72,1,X,MI,882749950dfffff
261614480002031,0,0,1,16094708,130019,Air Advantage,72,1,X,MI,8827499555fffff
261614480002031,10,1,49,16094708,130019,Air Advantage,72,1,X,MI,8827499555fffff
261614480002032,10,1,21,16094708,130019,Air Advantage,72,1,X,MI,8827499555fffff
261614480002033,10,1,36,16094708,130019,Air Advantage,72,1,X,MI,8827499555fffff
261614480002034,10,1,2,16094708,130019,Air Advantage,72,1,X,MI,8827499555fffff
261614480002035,10,1,30,16094708,130019,Air Advantage,72,1,X,MI,8827499555fffff
261614480002036,10,1,33,16094708,130019,Air Advantage,72,1,X,MI,8827499551fffff
261614480002037,10,1,17,16094708,130019,Air Advantage,72,1,X,MI,8827499555fffff
261614480002038,0,0,3,16094708,130019,Air Advantage,72,1,X,MI,8827499555fffff
261614480002038,10,1,12,16094708,130019,Air Advantage,72,1,X,MI,8827499555fffff
261614480002039,10,1,25,16094708,130019,Air Advantage,72,1,X,MI,8827499555fffff
261614480002040,10,1,3,16094708,130019,Air Advantage,72,1,X,MI,8827499551fffff
261614480002042,10,1,1,16094708,130019,Air Advantage,72,1,X,MI,8827499539fffff
261614480002049,10,1,1,16094708,130019,Air Advantage,72,1,X,MI,8827499515fffff
261614480002051,10,1,1,16094708,130019,Air Advantage,72,1,X,MI,8827499503fffff
261614480002052,10,1,4,16094708,130019,Air Advantage,72,1,X,MI,8827499511fffff
261614480002053,10,1,5,16094708,130019,Air Advantage,72,1,X,MI,8827499519fffff
261614480002054,10,1,4,16094708,130019,Air Advantage,72,1,X,MI,8827499537fffff
261614480002056,10,1,3,16094708,130019,Air Advantage,72,1,X,MI,88274982c1fffff
261614480002057,0,0,1,16094708,130019,Air Advantage,72,1,X,MI,88274982c5fffff
261614480002057,10,1,4,16094708,130019,Air Advantage,72,1,X,MI,88274982c5fffff
261614480002059,0,0,2,16094708,130019,Air Advantage,72,1,X,MI,8827498233fffff
261614480002062,10,1,3,16094708,130019,Air Advantage,72,1,X,MI,88274982ebfffff
261614480002066,10,1,3,16094708,130019,Air Advantage,72,1,X,MI,8827499537fffff
261614480002072,10,1,1,16094708,130019,Air Advantage,72,1,X,MI,8827499511fffff
261614530001000,10,1,8,16094708,130019,Air Advantage,72,1,X,MI,8827499661fffff
261614530001011,10,1,1,16094708,130019,Air Advantage,72,1,X,MI,8827499665fffff
261614530001035,10,1,1,16094708,130019,Air Advantage,72,1,X,MI,8827499629fffff
261614530002003,10,1,2,16094708,130019,Air Advantage,72,1,X,MI,882749966bfffff
261614540011009,0,0,1,16094708,130019,Air Advantage,72,1,R,MI,8827499717fffff
261614540011009,10,1,17,16094708,130019,Air Advantage,72,1,X,MI,882749973bfffff
261614540011015,10,1,1,16094708,130019,Air Advantage,72,1,X,MI,8827499737fffff
261614540011023,10,1,1,16094708,130019,Air Advantage,72,1,X,MI,882749973bfffff
261614540011026,10,1,17,16094708,130019,Air Advantage,72,1,X,MI,882749973bfffff
261614540011028,0,0,1,16094708,130019,Air Advantage,72,1,X,MI,882749973bfffff
261614540011028,10,1,9,16094708,130019,Air Advantage,72,1,X,MI,8827499733fffff
261614540011029,10,1,6,16094708,130019,Air Advantage,72,1,X,MI,8827499737fffff
261614540021003,10,1,8,16094708,130019,Air Advantage,72,1,X,MI,8827499703fffff
261614540021008,10,1,1,16094708,130019,Air Advantage,72,1,X,MI,8827499701fffff
261614540021009,10,1,1,16094708,130019,Air Advantage,72,1,X,MI,8827499703fffff
261614540021012,10,1,4,16094708,130019,Air Advantage,72,1,X,MI,8827499701fffff
261614540021013,10,1,1,16094708,130019,Air Advantage,72,1,X,MI,8827499701fffff
261614540021014,10,1,7,16094708,130019,Air Advantage,72,1,X,MI,8827499701fffff
261614540022006,10,1,1,16094708,130019,Air Advantage,72,1,X,MI,8827499763fffff
261614540023003,10,1,1,16094708,130019,Air Advantage,72,1,X,MI,8827499701fffff
261614540023007,0,0,1,16094708,130019,Air Advantage,72,1,X,MI,882749970bfffff
261614540023007,10,1,1,16094708,130019,Air Advantage,72,1,X,MI,8827499701fffff
261614550003001,10,1,13,16094708,130019,Air Advantage,72,1,B,MI,8827499465fffff
261614550006011,10,1,10,16094708,130019,Air Advantage,72,1,X,MI,8827499559fffff
261614610004006,10,1,1,16094708,130019,Air Advantage,72,1,X,MI,88274d2da7fffff
261614610004007,10,1,1,16094708,130019,Air Advantage,72,1,X,MI,88274d2dbdfffff
261614610004008,10,1,6,16094708,130019,Air Advantage,72,1,X,MI,882749974bfffff
