block_geoid,max_advertised_download_speed,max_advertised_upload_speed,count,frn,provider_id,brand_name,technology,low_latency,business_residential_code,state_usps,h3_res8_id
260250041001034,10000,10000,12,4349734,130292,Clear Rate,50,1,B,MI,88274820a3fffff
260250041001035,10000,10000,4,4349734,130292,Clear Rate,50,1,B,MI,88274820a3fffff
260250041001083,10000,10000,2,4349734,130292,Clear Rate,50,1,B,MI,88274820a3fffff
260490112091004,10000,10000,18,4349734,130292,Clear Rate,50,1,B,MI,88274d16b7fffff
260490112091013,10000,10000,11,4349734,130292,Clear Rate,50,1,B,MI,88274d16b5fffff
260490112091014,10000,10000,4,4349734,130292,Clear Rate,50,1,B,MI,88274d16b5fffff
260490112091015,10000,10000,14,4349734,130292,Clear Rate,50,1,B,MI,88274d16b5fffff
260490112091016,10000,10000,4,4349734,130292,Clear Rate,50,1,B,MI,88274d16b5fffff
260490112091017,10000,10000,7,4349734,130292,Clear Rate,50,1,B,MI,88274d14c9fffff
260490112091018,10000,10000,2,4349734,130292,Clear Rate,50,1,B,MI,88274d14c9fffff
260490112091029,10000,10000,18,4349734,130292,Clear Rate,50,1,B,MI,88274d16b7fffff
260490112091030,10000,10000,21,4349734,130292,Clear Rate,50,1,B,MI,88274d16b5fffff
260490112091031,10000,10000,23,4349734,130292,Clear Rate,50,1,B,MI,88274d16b5fffff
260490112091032,10000,10000,20,4349734,130292,Clear Rate,50,1,B,MI,88274d16b5fffff
260490112091033,10000,10000,10,4349734,130292,Clear Rate,50,1,B,MI,88274d16b5fffff
260490112101002,10000,10000,1,4349734,130292,Clear Rate,50,1,B,MI,88274d14c9fffff
260490112101003,10000,10000,14,4349734,130292,Clear Rate,50,1,B,MI,88274d16b5fffff
260490112101004,10000,10000,3,4349734,130292,Clear Rate,50,1,B,MI,88274d14cbfffff
260490112101005,10000,10000,11,4349734,130292,Clear Rate,50,1,B,MI,88274d14cbfffff
260490112101006,10000,10000,33,4349734,130292,Clear Rate,50,1,B,MI,88274d14cbfffff
260490112101007,10000,10000,10,4349734,130292,Clear Rate,50,1,B,MI,88274d14cbfffff
260490112101008,10000,10000,7,4349734,130292,Clear Rate,50,1,B,MI,88274d14cbfffff
260490112101009,10000,10000,2,4349734,130292,Clear Rate,50,1,B,MI,88274d14cbfffff
260490112101010,10000,10000,8,4349734,130292,Clear Rate,50,1,B,MI,88274d16b7fffff
260490112101011,10000,10000,6,4349734,130292,Clear Rate,50,1,B,MI,88274d16b7fffff
260490112101012,10000,10000,11,4349734,130292,Clear Rate,50,1,B,MI,88274d16b7fffff
260490112101013,10000,10000,15,4349734,130292,Clear Rate,50,1,B,MI,88274d16b7fffff
260490112101014,10000,10000,14,4349734,130292,Clear Rate,50,1,B,MI,88274d16b7fffff
260490112101015,10000,10000,26,4349734,130292,Clear Rate,50,1,B,MI,88274d16b7fffff
260490112101023,10000,10000,3,4349734,130292,Clear Rate,50,1,B,MI,88274d14cbfffff
260490112102000,10000,10000,4,4349734,130292,Clear Rate,50,1,B,MI,88274d14cbfffff
260490112102002,10000,10000,7,4349734,130292,Clear Rate,50,1,B,MI,88274d14cbfffff
260490112102003,10000,10000,25,4349734,130292,Clear Rate,50,1,B,MI,88274d14cbfffff
260490112102004,10000,10000,41,4349734,130292,Clear Rate,50,1,B,MI,88274d14cbfffff
260490112113000,10000,10000,8,4349734,130292,Clear Rate,50,1,B,MI,88274d141bfffff
260490112114001,10000,10000,27,4349734,130292,Clear Rate,50,1,B,MI,88274d16a7fffff
260490112114002,10000,10000,11,4349734,130292,Clear Rate,50,1,B,MI,88274d16a7fffff
260490112114003,10000,10000,9,4349734,130292,Clear Rate,50,1,B,MI,88274d16a7fffff
260490112114004,10000,10000,13,4349734,130292,Clear Rate,50,1,B,MI,88274d16a3fffff
260490112114005,10000,10000,4,4349734,130292,Clear Rate,50,1,B,MI,88274d14c9fffff
260490112114015,10000,10000,3,4349734,130292,Clear Rate,50,1,B,MI,88274d14c1fffff
260490112114016,10000,10000,6,4349734,130292,Clear Rate,50,1,B,MI,88274d14cbfffff
260490112122000,10000,10000,4,4349734,130292,Clear Rate,50,1,B,MI,88274d140bfffff
260490112122001,10000,10000,96,4349734,130292,Clear Rate,50,1,B,MI,88274d1403fffff
260490112122002,10000,10000,27,4349734,130292,Clear Rate,50,1,B,MI,88274d1403fffff
260490112122003,10000,10000,13,4349734,130292,Clear Rate,50,1,B,MI,88274d141dfffff
260490112122004,10000,10000,23,4349734,130292,Clear Rate,50,1,B,MI,88274d141dfffff
260490112122005,10000,10000,46,4349734,130292,Clear Rate,50,1,B,MI,88274d141dfffff
260490112122006,10000,10000,25,4349734,130292,Clear Rate,50,1,B,MI,88274d1403fffff
260490112122008,10000,10000,253,4349734,130292,Clear Rate,50,1,B,MI,88274d1411fffff
260490112122009,10000,10000,25,4349734,130292,Clear Rate,50,1,B,MI,88274d141dfffff
260490112122010,10000,10000,27,4349734,130292,Clear Rate,50,1,B,MI,88274d141dfffff
260490112122011,10000,10000,21,4349734,130292,Clear Rate,50,1,B,MI,88274d1411fffff
260490112122012,10000,10000,18,4349734,130292,Clear Rate,50,1,B,MI,88274d1415fffff
260490112122013,10000,10000,17,4349734,130292,Clear Rate,50,1,B,MI,88274d1415fffff
260490112122014,10000,10000,27,4349734,130292,Clear Rate,50,1,B,MI,88274d1419fffff
260490112122015,10000,10000,15,4349734,130292,Clear Rate,50,1,B,MI,88274d141dfffff
260490112122016,10000,10000,17,4349734,130292,Clear Rate,50,1,B,MI,88274d141dfffff
260490112122017,10000,10000,26,4349734,130292,Clear Rate,50,1,B,MI,88274d1419fffff
260490112122018,10000,10000,13,4349734,130292,Clear Rate,50,1,B,MI,88274d1419fffff
260490112122019,10000,10000,1,4349734,130292,Clear Rate,50,1,B,MI,88274d1411fffff
260490112122020,10000,10000,21,4349734,130292,Clear Rate,50,1,B,MI,88274d1411fffff
260490112122021,10000,10000,21,4349734,130292,Clear Rate,50,1,B,MI,88274d1411fffff
260490112122022,10000,10000,14,4349734,130292,Clear Rate,50,1,B,MI,88274d1411fffff
260490112122023,10000,10000,43,4349734,130292,Clear Rate,50,1,B,MI,88274d1411fffff
260490112123000,10000,10000,56,4349734,130292,Clear Rate,50,1,B,MI,88274d1457fffff
260490112123001,10000,10000,23,4349734,130292,Clear Rate,50,1,B,MI,88274d1457fffff
260490112123002,10000,10000,42,4349734,130292,Clear Rate,50,1,B,MI,88274d1457fffff
260490112123003,10000,10000,27,4349734,130292,Clear Rate,50,1,B,MI,88274d140bfffff
260490112123004,10000,10000,12,4349734,130292,Clear Rate,50,1,B,MI,88274d140bfffff
260490112123005,10000,10000,20,4349734,130292,Clear Rate,50,1,B,MI,88274d141dfffff
260490112123006,10000,10000,17,4349734,130292,Clear Rate,50,1,B,MI,88274d1419fffff
260490112123007,10000,10000,13,4349734,130292,Clear Rate,50,1,B,MI,88274d1419fffff
260490112123008,10000,10000,68,4349734,130292,Clear Rate,50,1,B,MI,88274d1419fffff
260490112123009,10000,10000,7,4349734,130292,Clear Rate,50,1,B,MI,88274d1419fffff
260490112123010,10000,10000,11,4349734,130292,Clear Rate,50,1,B,MI,88274d1419fffff
260490112123011,10000,10000,25,4349734,130292,Clear Rate,50,1,B,MI,88274d1419fffff
260490112123012,10000,10000,24,4349734,130292,Clear Rate,50,1,B,MI,88274d141dfffff
260490112123013,10000,10000,28,4349734,130292,Clear Rate,50,1,B,MI,88274d1457fffff
260490112123014,10000,10000,27,4349734,130292,Clear Rate,50,1,B,MI,88274d1457fffff
260490112123015,10000,10000,6,4349734,130292,Clear Rate,50,1,B,MI,88274d16a5fffff
260490112123016,10000,10000,17,4349734,130292,Clear Rate,50,1,B,MI,88274d1419fffff
260490112123017,10000,10000,80,4349734,130292,Clear Rate,50,1,B,MI,88274d1419fffff
260490112123018,10000,10000,22,4349734,130292,Clear Rate,50,1,B,MI,88274d141bfffff
260490112123019,10000,10000,14,4349734,130292,Clear Rate,50,1,B,MI,88274d1419fffff
260490112123020,10000,10000,11,4349734,130292,Clear Rate,50,1,B,MI,88274d141bfffff
260490112123021,10000,10000,6,4349734,130292,Clear Rate,50,1,B,MI,88274d16a5fffff
260490112123022,10000,10000,5,4349734,130292,Clear Rate,50,1,B,MI,88274d16a5fffff
260490112123023,10000,10000,9,4349734,130292,Clear Rate,50,1,B,MI,88274d141bfffff
260490112123024,10000,10000,5,4349734,130292,Clear Rate,50,1,B,MI,88274d141bfffff
260490112124000,10000,10000,21,4349734,130292,Clear Rate,50,1,B,MI,88274d16a5fffff
260490112124001,10000,10000,3,4349734,130292,Clear Rate,50,1,B,MI,88274d16a5fffff
260490112124002,10000,10000,8,4349734,130292,Clear Rate,50,1,B,MI,88274d16a5fffff
260490112124003,10000,10000,10,4349734,130292,Clear Rate,50,1,B,MI,88274d16a5fffff
260490112124006,10000,10000,11,4349734,130292,Clear Rate,50,1,B,MI,88274d16a5fffff
260490112124008,10000,10000,84,4349734,130292,Clear Rate,50,1,B,MI,88274d1419fffff
260490112124009,10000,10000,26,4349734,130292,Clear Rate,50,1,B,MI,88274d1453fffff
260490112124011,10000,10000,15,4349734,130292,Clear Rate,50,1,B,MI,88274d1457fffff
260490112124012,10000,10000,15,4349734,130292,Clear Rate,50,1,B,MI,88274d1457fffff
260490112124013,10000,10000,10,4349734,130292,Clear Rate,50,1,B,MI,88274d1457fffff
260490112124014,10000,10000,16,4349734,130292,Clear Rate,50,1,B,MI,88274d1457fffff
260490112124015,10000,10000,16,4349734,130292,Clear Rate,50,1,B,MI,88274d1457fffff
260490112124016,10000,10000,10,4349734,130292,Clear Rate,50,1,B,MI,88274d1457fffff
260490112124017,10000,10000,23,4349734,130292,Clear Rate,50,1,B,MI,88274d1457fffff
260490112124018,10000,10000,21,4349734,130292,Clear Rate,50,1,B,MI,88274d1457fffff
260490112124019,10000,10000,15,4349734,130292,Clear Rate,50,1,B,MI,88274d1457fffff
260490112124021,10000,10000,9,4349734,130292,Clear Rate,50,1,B,MI,88274d16a5fffff
260490112124022,10000,10000,5,4349734,130292,Clear Rate,50,1,B,MI,88274d16a5fffff
260490113013000,10000,10000,77,4349734,130292,Clear Rate,50,1,B,MI,88274d140bfffff
260490113013001,10000,10000,19,4349734,130292,Clear Rate,50,1,B,MI,88274d140bfffff
260490113013002,10000,10000,16,4349734,130292,Clear Rate,50,1,B,MI,88274d1455fffff
260490113013008,10000,10000,25,4349734,130292,Clear Rate,50,1,B,MI,88274d1455fffff
260490113013010,10000,10000,29,4349734,130292,Clear Rate,50,1,B,MI,88274d140bfffff
260490113013013,10000,10000,14,4349734,130292,Clear Rate,50,1,B,MI,88274d1455fffff
260490113013017,10000,10000,22,4349734,130292,Clear Rate,50,1,B,MI,88274d140bfffff
260490113013018,10000,10000,27,4349734,130292,Clear Rate,50,1,B,MI,88274d140bfffff
260490113013021,10000,10000,7,4349734,130292,Clear Rate,50,1,B,MI,88274d1455fffff
260490113013022,10000,10000,19,4349734,130292,Clear Rate,50,1,B,MI,88274d1455fffff
260490113013024,10000,10000,19,4349734,130292,Clear Rate,50,1,B,MI,88274d1455fffff
260490113013025,10000,10000,15,4349734,130292,Clear Rate,50,1,B,MI,88274d1455fffff
260490113013026,10000,10000,9,4349734,130292,Clear Rate,50,1,B,MI,88274d1455fffff
260490113023000,10000,10000,16,4349734,130292,Clear Rate,50,1,B,MI,88274d1453fffff
260490113023001,10000,10000,16,4349734,130292,Clear Rate,50,1,B,MI,88274d1457fffff
260490113023002,10000,10000,3,4349734,130292,Clear Rate,50,1,B,MI,88274d1451fffff
260490113023010,10000,10000,4,4349734,130292,Clear Rate,50,1,B,MI,88274d1455fffff
260490113023011,10000,10000,7,4349734,130292,Clear Rate,50,1,B,MI,88274d1455fffff
260490113023012,10000,10000,13,4349734,130292,Clear Rate,50,1,B,MI,88274d1455fffff
260490113023013,10000,10000,23,4349734,130292,Clear Rate,50,1,B,MI,88274d1451fffff
260490113023014,10000,10000,16,4349734,130292,Clear Rate,50,1,B,MI,88274d1451fffff
260490113023015,10000,10000,15,4349734,130292,Clear Rate,50,1,B,MI,88274d1451fffff
260490113023016,10000,10000,14,4349734,130292,Clear Rate,50,1,B,MI,88274d1451fffff
260490113023017,10000,10000,10,4349734,130292,Clear Rate,50,1,B,MI,88274d1455fffff
260490113023018,10000,10000,8,4349734,130292,Clear Rate,50,1,B,MI,88274d1455fffff
260490113023019,10000,10000,7,4349734,130292,Clear Rate,50,1,B,MI,88274d1455fffff
260490113023020,10000,10000,14,4349734,130292,Clear Rate,50,1,B,MI,88274d1451fffff
260490113023021,10000,10000,19,4349734,130292,Clear Rate,50,1,B,MI,88274d1451fffff
260490113023022,10000,10000,22,4349734,130292,Clear Rate,50,1,B,MI,88274d1457fffff
260992305021001,10000,10000,5,4349734,130292,Clear Rate,50,1,B,MI,882ab2d017fffff
260992305021003,10000,10000,7,4349734,130292,Clear Rate,50,1,B,MI,882ab2d0edfffff
260992305021005,10000,10000,10,4349734,130292,Clear Rate,50,1,B,MI,882ab2d0e9fffff
260992306022009,10000,10000,29,4349734,130292,Clear Rate,50,1,B,MI,882ab2d0edfffff
260992306022010,10000,10000,29,4349734,130292,Clear Rate,50,1,B,MI,882ab2d0edfffff
260992306022011,10000,10000,28,4349734,130292,Clear Rate,50,1,B,MI,882ab2d03bfffff
260992306022012,10000,10000,22,4349734,130292,Clear Rate,50,1,B,MI,882ab2d03bfffff
260992306022013,10000,10000,62,4349734,130292,Clear Rate,50,1,B,MI,882ab2d033fffff
260992306022015,10000,10000,1,4349734,130292,Clear Rate,50,1,B,MI,882ab2d031fffff
260992306022016,10000,10000,7,4349734,130292,Clear Rate,50,1,B,MI,882ab2d031fffff
260992306022018,10000,10000,14,4349734,130292,Clear Rate,50,1,B,MI,882ab2d03bfffff
260992306022022,10000,10000,28,4349734,130292,Clear Rate,50,1,B,MI,882ab2d0edfffff
260992306022023,10000,10000,20,4349734,130292,Clear Rate,50,1,B,MI,882ab2d0edfffff
260992306023000,10000,10000,160,4349734,130292,Clear Rate,50,1,B,MI,882ab2d0edfffff
260992306023001,10000,10000,11,4349734,130292,Clear Rate,50,1,B,MI,882ab2d033fffff
260992306023002,10000,10000,8,4349734,130292,Clear Rate,50,1,B,MI,882ab2d033fffff
260992306023003,10000,10000,12,4349734,130292,Clear Rate,50,1,B,MI,882ab2d0edfffff
260992306023004,10000,10000,26,4349734,130292,Clear Rate,50,1,B,MI,882ab2d033fffff
260992306023005,10000,10000,26,4349734,130292,Clear Rate,50,1,B,MI,882ab2d0e5fffff
260992306023006,10000,10000,43,4349734,130292,Clear Rate,50,1,B,MI,882ab2d033fffff
260992306023007,10000,10000,17,4349734,130292,Clear Rate,50,1,B,MI,882ab2d033fffff
260992306023008,10000,10000,37,4349734,130292,Clear Rate,50,1,B,MI,882ab2d033fffff
260992306023011,10000,10000,43,4349734,130292,Clear Rate,50,1,B,MI,882ab2d033fffff
260992306023012,10000,10000,22,4349734,130292,Clear Rate,50,1,B,MI,882ab2d033fffff
260992306023013,10000,10000,23,4349734,130292,Clear Rate,50,1,B,MI,882ab2d0e5fffff
260992306023014,10000,10000,21,4349734,130292,Clear Rate,50,1,B,MI,882ab2d033fffff
260992306023015,10000,10000,28,4349734,130292,Clear Rate,50,1,B,MI,882ab2d033fffff
260992306023016,10000,10000,32,4349734,130292,Clear Rate,50,1,B,MI,882ab2d033fffff
260992308001000,10000,10000,285,4349734,130292,Clear Rate,50,1,B,MI,882ab2d1dbfffff
260992308001001,10000,10000,58,4349734,130292,Clear Rate,50,1,B,MI,882ab2d1dbfffff
260992308001002,10000,10000,51,4349734,130292,Clear Rate,50,1,B,MI,882ab2d0e5fffff
260992308001003,10000,10000,89,4349734,130292,Clear Rate,50,1,B,MI,882ab2d1dbfffff
260992308001004,10000,10000,74,4349734,130292,Clear Rate,50,1,B,MI,882ab2d0e5fffff
260992308001005,10000,10000,67,4349734,130292,Clear Rate,50,1,B,MI,882ab2d0e5fffff
260992308001006,10000,10000,39,4349734,130292,Clear Rate,50,1,B,MI,882ab2d0e5fffff
260992308001007,10000,10000,43,4349734,130292,Clear Rate,50,1,B,MI,882ab2d0e5fffff
260992308001008,10000,10000,84,4349734,130292,Clear Rate,50,1,B,MI,882ab2d0e5fffff
260992308001009,10000,10000,98,4349734,130292,Clear Rate,50,1,B,MI,882ab2d1d9fffff
260992308001010,10000,10000,8,4349734,130292,Clear Rate,50,1,B,MI,882ab2d0e5fffff
260992308001011,10000,10000,32,4349734,130292,Clear Rate,50,1,B,MI,882ab2d0e5fffff
260992308002000,10000,10000,1,4349734,130292,Clear Rate,50,1,B,MI,882ab2d1d9fffff
260992308002001,10000,10000,28,4349734,130292,Clear Rate,50,1,B,MI,882ab2d1dbfffff
260992308002007,10000,10000,46,4349734,130292,Clear Rate,50,1,B,MI,882ab2d1dbfffff
260992308002008,10000,10000,39,4349734,130292,Clear Rate,50,1,B,MI,882ab2d1dbfffff
260992308002009,10000,10000,50,4349734,130292,Clear Rate,50,1,B,MI,882ab2d0adfffff
260992308002010,10000,10000,2,4349734,130292,Clear Rate,50,1,B,MI,882ab2d0adfffff
260992308002011,10000,10000,45,4349734,130292,Clear Rate,50,1,B,MI,882ab2d0adfffff
260992308003000,10000,10000,16,4349734,130292,Clear Rate,50,1,B,MI,882ab2d0e5fffff
260992308003001,10000,10000,56,4349734,130292,Clear Rate,50,1,B,MI,882ab2d1dbfffff
260992308003002,10000,10000,13,4349734,130292,Clear Rate,50,1,B,MI,882ab2d0e5fffff
260992308003003,10000,10000,43,4349734,130292,Clear Rate,50,1,B,MI,882ab2d0e7fffff
260992308003004,10000,10000,44,4349734,130292,Clear Rate,50,1,B,MI,882ab2d0e7fffff
260992308003005,10000,10000,65,4349734,130292,Clear Rate,50,1,B,MI,882ab2d0e7fffff
260992308003006,10000,10000,43,4349734,130292,Clear Rate,50,1,B,MI,882ab2d0e7fffff
260992308003007,10000,10000,11,4349734,130292,Clear Rate,50,1,B,MI,882ab2d0e7fffff
260992308003008,10000,10000,37,4349734,130292,Clear Rate,50,1,B,MI,882ab2d0a9fffff
260992308003009,10000,10000,22,4349734,130292,Clear Rate,50,1,B,MI,882ab2d0e7fffff
260992308003010,10000,10000,45,4349734,130292,Clear Rate,50,1,B,MI,882ab2d0adfffff
260992314001000,10000,10000,42,4349734,130292,Clear Rate,50,1,B,MI,882ab2d0a9fffff
260992314001001,10000,10000,8,4349734,130292,Clear Rate,50,1,B,MI,882ab2d0a9fffff
260992314001002,10000,10000,46,4349734,130292,Clear Rate,50,1,B,MI,882ab2d0a9fffff
260992314001003,10000,10000,51,4349734,130292,Clear Rate,50,1,B,MI,882ab2d0a1fffff
260992314001004,10000,10000,21,4349734,130292,Clear Rate,50,1,B,MI,882ab2d0a1fffff
260992314001005,10000,10000,74,4349734,130292,Clear Rate,50,1,B,MI,882ab2d0abfffff
260992314001006,10000,10000,137,4349734,130292,Clear Rate,50,1,B,MI,882ab2d0a1fffff
260992314001007,10000,10000,35,4349734,130292,Clear Rate,50,1,B,MI,882ab2d0a1fffff
260992314001008,10000,10000,33,4349734,130292,Clear Rate,50,1,B,MI,882ab2d0a3fffff
260992314001009,10000,10000,30,4349734,130292,Clear Rate,50,1,B,MI,882ab2d0a1fffff
260992314001010,10000,10000,24,4349734,130292,Clear Rate,50,1,B,MI,882ab2d0abfffff
260992314001011,10000,10000,19,4349734,130292,Clear Rate,50,1,B,MI,882ab2d0abfffff
260992314002000,10000,10000,51,4349734,130292,Clear Rate,50,1,B,MI,882ab2d0adfffff
260992314002001,10000,10000,36,4349734,130292,Clear Rate,50,1,B,MI,882ab2d0adfffff
260992314002002,10000,10000,53,4349734,130292,Clear Rate,50,1,B,MI,882ab2d0adfffff
260992314002004,10000,10000,2,4349734,130292,Clear Rate,50,1,B,MI,882ab2d0adfffff
260992314002006,10000,10000,5,4349734,130292,Clear Rate,50,1,B,MI,882ab2d0adfffff
260992314002007,10000,10000,9,4349734,130292,Clear Rate,50,1,B,MI,882ab2d0adfffff
260992314002008,10000,10000,22,4349734,130292,Clear Rate,50,1,B,MI,882ab2d0adfffff
260992314002009,10000,10000,62,4349734,130292,Clear Rate,50,1,B,MI,882ab2d0adfffff
260992314002010,10000,10000,26,4349734,130292,Clear Rate,50,1,B,MI,882ab2d0adfffff
260992314002011,10000,10000,30,4349734,130292,Clear Rate,50,1,B,MI,882ab2d0adfffff
260992314002012,10000,10000,30,4349734,130292,Clear Rate,50,1,B,MI,882ab2d0adfffff
260992314002013,10000,10000,13,4349734,130292,Clear Rate,50,1,B,MI,882ab2d0a1fffff
260992314002014,10000,10000,17,4349734,130292,Clear Rate,50,1,B,MI,882ab2d0a1fffff
260992314002015,10000,10000,22,4349734,130292,Clear Rate,50,1,B,MI,882ab2d0a1fffff
260992314002016,10000,10000,30,4349734,130292,Clear Rate,50,1,B,MI,882ab2d0adfffff
260992314002017,10000,10000,22,4349734,130292,Clear Rate,50,1,B,MI,882ab2d0adfffff
260992314002020,10000,10000,19,4349734,130292,Clear Rate,50,1,B,MI,882ab2d0a1fffff
260992314002021,10000,10000,20,4349734,130292,Clear Rate,50,1,B,MI,882ab2d0a1fffff
260992314003000,10000,10000,101,4349734,130292,Clear Rate,50,1,B,MI,882ab2d0a1fffff
260992314003001,10000,10000,37,4349734,130292,Clear Rate,50,1,B,MI,882ab2d0a1fffff
260992314003002,10000,10000,30,4349734,130292,Clear Rate,50,1,B,MI,882ab2d0a1fffff
260992314003003,10000,10000,20,4349734,130292,Clear Rate,50,1,B,MI,882ab2d0a1fffff
260992314003004,10000,10000,2,4349734,130292,Clear Rate,50,1,B,MI,882ab2d0a1fffff
260992314003005,10000,10000,10,4349734,130292,Clear Rate,50,1,B,MI,882ab2d0a1fffff
260992315003012,10000,10000,4,4349734,130292,Clear Rate,50,1,B,MI,882ab2d191fffff
260992317001000,10000,10000,28,4349734,130292,Clear Rate,50,1,B,MI,882ab2d0a3fffff
260992317001001,10000,10000,7,4349734,130292,Clear Rate,50,1,B,MI,882ab2d0a3fffff
260992317001002,10000,10000,9,4349734,130292,Clear Rate,50,1,B,MI,882ab2d0a3fffff
260992317001003,10000,10000,12,4349734,130292,Clear Rate,50,1,B,MI,882ab2d0a3fffff
260992317001004,10000,10000,42,4349734,130292,Clear Rate,50,1,B,MI,882ab2c249fffff
260992317001010,10000,10000,30,4349734,130292,Clear Rate,50,1,B,MI,882ab2c249fffff
260992317001011,10000,10000,48,4349734,130292,Clear Rate,50,1,B,MI,882ab2d0a3fffff
260992317001012,10000,10000,14,4349734,130292,Clear Rate,50,1,B,MI,882ab2d0a3fffff
260992317002001,10000,10000,23,4349734,130292,Clear Rate,50,1,B,MI,882ab2d0a3fffff
260992317002002,10000,10000,174,4349734,130292,Clear Rate,50,1,B,MI,882ab2d0a3fffff
260992317002003,10000,10000,2,4349734,130292,Clear Rate,50,1,B,MI,882ab2d0a3fffff
260992317002004,10000,10000,12,4349734,130292,Clear Rate,50,1,B,MI,882ab2d0a3fffff
260992317002005,10000,10000,2,4349734,130292,Clear Rate,50,1,B,MI,882ab2d0a3fffff
260992317002006,10000,10000,5,4349734,130292,Clear Rate,50,1,B,MI,882ab2d0a3fffff
260992317003000,10000,10000,3,4349734,130292,Clear Rate,50,1,B,MI,882ab2c249fffff
260992317003014,10000,10000,2,4349734,130292,Clear Rate,50,1,B,MI,882ab2c24bfffff
260992317004001,10000,10000,81,4349734,130292,Clear Rate,50,1,B,MI,882ab2d0b5fffff
260992317004002,10000,10000,41,4349734,130292,Clear Rate,50,1,B,MI,882ab2d0b5fffff
260992317004003,10000,10000,32,4349734,130292,Clear Rate,50,1,B,MI,882ab2d0b5fffff
260992317004004,10000,10000,58,4349734,130292,Clear Rate,50,1,B,MI,882ab2c249fffff
260992317004005,10000,10000,66,4349734,130292,Clear Rate,50,1,B,MI,882ab2c249fffff
260992317004006,10000,10000,42,4349734,130292,Clear Rate,50,1,B,MI,882ab2c249fffff
260992317004007,10000,10000,13,4349734,130292,Clear Rate,50,1,B,MI,882ab2d0b5fffff
260992317004008,10000,10000,24,4349734,130292,Clear Rate,50,1,B,MI,882ab2d0b5fffff
260992317004009,10000,10000,40,4349734,130292,Clear Rate,50,1,B,MI,882ab2d0b5fffff
260992317004010,10000,10000,13,4349734,130292,Clear Rate,50,1,B,MI,882ab2c249fffff
260992317004011,10000,10000,10,4349734,130292,Clear Rate,50,1,B,MI,882ab2d0b5fffff
260992322005002,10000,10000,12,4349734,130292,Clear Rate,50,1,B,MI,882ab2d0bbfffff
260992322005003,10000,10000,7,4349734,130292,Clear Rate,50,1,B,MI,882ab2d56dfffff
260992323012001,10000,10000,12,4349734,130292,Clear Rate,50,1,B,MI,882ab2c24bfffff
260992323012002,10000,10000,9,4349734,130292,Clear Rate,50,1,B,MI,882ab2c24bfffff
260992323012003,10000,10000,14,4349734,130292,Clear Rate,50,1,B,MI,882ab2c24bfffff
260992323012004,10000,10000,3,4349734,130292,Clear Rate,50,1,B,MI,882ab2c24bfffff
260992323012005,10000,10000,4,4349734,130292,Clear Rate,50,1,B,MI,882ab2c24bfffff
260992323012006,10000,10000,41,4349734,130292,Clear Rate,50,1,B,MI,882ab2c25dfffff
260992323012007,10000,10000,38,4349734,130292,Clear Rate,50,1,B,MI,882ab2c25dfffff
260992323012009,10000,10000,26,4349734,130292,Clear Rate,50,1,B,MI,882ab2c25dfffff
260992323012010,10000,10000,19,4349734,130292,Clear Rate,50,1,B,MI,882ab2c24bfffff
260992323012011,10000,10000,11,4349734,130292,Clear Rate,50,1,B,MI,882ab2c24bfffff
260992323012012,10000,10000,24,4349734,130292,Clear Rate,50,1,B,MI,882ab2c24bfffff
260992323012013,10000,10000,22,4349734,130292,Clear Rate,50,1,B,MI,882ab2d0b7fffff
260992323012014,10000,10000,15,4349734,130292,Clear Rate,50,1,B,MI,882ab2d0b7fffff
260992323012015,10000,10000,11,4349734,130292,Clear Rate,50,1,B,MI,882ab2d0b7fffff
260999820011000,10000,10000,3,4349734,130292,Clear Rate,50,1,B,MI,882ab2d0e1fffff
260999820011001,10000,10000,2,4349734,130292,Clear Rate,50,1,B,MI,882ab2d0e1fffff
260999820011004,10000,10000,8,4349734,130292,Clear Rate,50,1,B,MI,882ab2d0e1fffff
260999820011005,10000,10000,25,4349734,130292,Clear Rate,50,1,B,MI,882ab2d0e1fffff
260999820011006,10000,10000,5,4349734,130292,Clear Rate,50,1,B,MI,882ab2d0e3fffff
260999820011008,10000,10000,5,4349734,130292,Clear Rate,50,1,B,MI,882ab2d0a9fffff
260999820011009,10000,10000,2,4349734,130292,Clear Rate,50,1,B,MI,882ab2d0abfffff
260999820011012,10000,10000,53,4349734,130292,Clear Rate,50,1,B,MI,882ab2d087fffff
260999820011013,10000,10000,3,4349734,130292,Clear Rate,50,1,B,MI,882ab2d085fffff
260999820021001,10000,10000,1,4349734,130292,Clear Rate,50,1,B,MI,882ab2d0b9fffff
260999820021007,10000,10000,60,4349734,130292,Clear Rate,50,1,B,MI,882ab2d0b5fffff
260999820021008,10000,10000,15,4349734,130292,Clear Rate,50,1,B,MI,882ab2d0b1fffff
260999820021009,10000,10000,15,4349734,130292,Clear Rate,50,1,B,MI,882ab2d0b1fffff
260999820021010,10000,10000,10,4349734,130292,Clear Rate,50,1,B,MI,882ab2d0b5fffff
260999820021016,10000,10000,11,4349734,130292,Clear Rate,50,1,B,MI,882ab2d0b5fffff
260999820021017,10000,10000,5,4349734,130292,Clear Rate,50,1,B,MI,882ab2d0b5fffff
260999820021018,10000,10000,25,4349734,130292,Clear Rate,50,1,B,MI,882ab2d0b7fffff
260999820021019,10000,10000,7,4349734,130292,Clear Rate,50,1,B,MI,882ab2d0b7fffff
260999820021020,10000,10000,9,4349734,130292,Clear Rate,50,1,B,MI,882ab2d0b1fffff
261251284001018,10000,10000,19,4349734,130292,Clear Rate,50,1,B,MI,88274da5c7fffff
261251284001019,10000,10000,220,4349734,130292,Clear Rate,50,1,B,MI,88274da5c7fffff
261251284001020,10000,10000,10,4349734,130292,Clear Rate,50,1,B,MI,88274da58dfffff
261251284001021,10000,10000,1,4349734,130292,Clear Rate,50,1,B,MI,88274da58dfffff
261251284001022,10000,10000,19,4349734,130292,Clear Rate,50,1,B,MI,88274da58dfffff
261251284001023,10000,10000,18,4349734,130292,Clear Rate,50,1,B,MI,88274da58dfffff
261251284001024,10000,10000,30,4349734,130292,Clear Rate,50,1,B,MI,88274da58dfffff
261251284001025,10000,10000,18,4349734,130292,Clear Rate,50,1,B,MI,88274da58dfffff
261251284001026,10000,10000,21,4349734,130292,Clear Rate,50,1,B,MI,88274da58dfffff
261251284001027,10000,10000,19,4349734,130292,Clear Rate,50,1,B,MI,88274da58dfffff
261251284001028,10000,10000,15,4349734,130292,Clear Rate,50,1,B,MI,88274da58dfffff
261251284001029,10000,10000,16,4349734,130292,Clear Rate,50,1,B,MI,88274da58dfffff
261251284001030,10000,10000,12,4349734,130292,Clear Rate,50,1,B,MI,88274da58dfffff
261251289003002,10000,10000,1,4349734,130292,Clear Rate,50,1,B,MI,88274da5c3fffff
261251289003016,10000,10000,6,4349734,130292,Clear Rate,50,1,B,MI,88274da589fffff
261251289003017,10000,10000,21,4349734,130292,Clear Rate,50,1,B,MI,88274da5c3fffff
261251289003018,10000,10000,7,4349734,130292,Clear Rate,50,1,B,MI,88274da5c3fffff
261251321003020,10000,10000,19,4349734,130292,Clear Rate,50,1,B,MI,88274d35a3fffff
261251321004012,10000,10000,29,4349734,130292,Clear Rate,50,1,B,MI,88274d274dfffff
261251321004016,10000,10000,3,4349734,130292,Clear Rate,50,1,B,MI,88274d2293fffff
261251330012007,10000,10000,50,4349734,130292,Clear Rate,50,1,B,MI,88274d35b9fffff
261251330012008,10000,10000,9,4349734,130292,Clear Rate,50,1,B,MI,88274d3587fffff
261251330012010,10000,10000,22,4349734,130292,Clear Rate,50,1,B,MI,88274d35b9fffff
261251330012011,10000,10000,2,4349734,130292,Clear Rate,50,1,B,MI,88274d35b9fffff
261251330032001,10000,10000,51,4349734,130292,Clear Rate,50,1,B,MI,88274d359dfffff
261251330032002,10000,10000,2,4349734,130292,Clear Rate,50,1,B,MI,88274d359dfffff
261251330032003,10000,10000,23,4349734,130292,Clear Rate,50,1,B,MI,88274d359dfffff
261251330032004,10000,10000,20,4349734,130292,Clear Rate,50,1,B,MI,88274d359dfffff
261251330032005,10000,10000,2,4349734,130292,Clear Rate,50,1,B,MI,88274d359dfffff
261251330033000,10000,10000,101,4349734,130292,Clear Rate,50,1,B,MI,88274d3595fffff
261251330033001,10000,10000,3,4349734,130292,Clear Rate,50,1,B,MI,88274d3583fffff
261251330033005,10000,10000,16,4349734,130292,Clear Rate,50,1,B,MI,88274d3583fffff
261251330033006,10000,10000,11,4349734,130292,Clear Rate,50,1,B,MI,88274d3583fffff
261251330033007,10000,10000,14,4349734,130292,Clear Rate,50,1,B,MI,88274d3583fffff
261251330033008,10000,10000,33,4349734,130292,Clear Rate,50,1,B,MI,88274d3583fffff
261251330033009,10000,10000,5,4349734,130292,Clear Rate,50,1,B,MI,88274d3583fffff
261251330033010,10000,10000,14,4349734,130292,Clear Rate,50,1,B,MI,88274d35b9fffff
261251330033011,10000,10000,4,4349734,130292,Clear Rate,50,1,B,MI,88274d3595fffff
261251331011000,10000,10000,4,4349734,130292,Clear Rate,50,1,B,MI,88274d359dfffff
261251331011001,10000,10000,2,4349734,130292,Clear Rate,50,1,B,MI,88274d3591fffff
261251331011003,10000,10000,8,4349734,130292,Clear Rate,50,1,B,MI,88274d3591fffff
261251331011004,10000,10000,2,4349734,130292,Clear Rate,50,1,B,MI,88274d3591fffff
261251331011005,10000,10000,2,4349734,130292,Clear Rate,50,1,B,MI,88274d359dfffff
261251331011006,10000,10000,4,4349734,130292,Clear Rate,50,1,B,MI,88274d3595fffff
261251331012000,10000,10000,11,4349734,130292,Clear Rate,50,1,B,MI,88274d3591fffff
261251331012001,10000,10000,2,4349734,130292,Clear Rate,50,1,B,MI,88274d3595fffff
261251331012002,10000,10000,19,4349734,130292,Clear Rate,50,1,B,MI,88274d3591fffff
261251331013000,10000,10000,5,4349734,130292,Clear Rate,50,1,B,MI,88274d3595fffff
261251331013001,10000,10000,9,4349734,130292,Clear Rate,50,1,B,MI,88274d3595fffff
261251331013002,10000,10000,3,4349734,130292,Clear Rate,50,1,B,MI,88274d3595fffff
261251331013003,10000,10000,2,4349734,130292,Clear Rate,50,1,B,MI,88274d3595fffff
261251331021000,10000,10000,22,4349734,130292,Clear Rate,50,1,B,MI,88274d35b9fffff
261251331021001,10000,10000,2,4349734,130292,Clear Rate,50,1,B,MI,88274d35b9fffff
261251331021002,10000,10000,1,4349734,130292,Clear Rate,50,1,B,MI,88274d2665fffff
261251331021004,10000,10000,1,4349734,130292,Clear Rate,50,1,B,MI,88274d2665fffff
261251331021007,10000,10000,25,4349734,130292,Clear Rate,50,1,B,MI,88274d35bdfffff
261251331021008,10000,10000,3,4349734,130292,Clear Rate,50,1,B,MI,88274d35bdfffff
261251331022003,10000,10000,2,4349734,130292,Clear Rate,50,1,B,MI,88274d2667fffff
261251331022011,10000,10000,3,4349734,130292,Clear Rate,50,1,B,MI,88274d2667fffff
261251331022012,10000,10000,11,4349734,130292,Clear Rate,50,1,B,MI,88274d2667fffff
261251331022015,10000,10000,3,4349734,130292,Clear Rate,50,1,B,MI,88274d2667fffff
261251331023000,10000,10000,6,4349734,130292,Clear Rate,50,1,B,MI,88274d3591fffff
261251331023001,10000,10000,17,4349734,130292,Clear Rate,50,1,B,MI,88274d3593fffff
261251331023002,10000,10000,9,4349734,130292,Clear Rate,50,1,B,MI,88274d3593fffff
261251331023003,10000,10000,40,4349734,130292,Clear Rate,50,1,B,MI,88274d3597fffff
261251331023004,10000,10000,11,4349734,130292,Clear Rate,50,1,B,MI,88274d3595fffff
261251331023005,10000,10000,4,4349734,130292,Clear Rate,50,1,B,MI,88274d35b9fffff
261251331023006,10000,10000,4,4349734,130292,Clear Rate,50,1,B,MI,88274d35b9fffff
261251331023007,10000,10000,12,4349734,130292,Clear Rate,50,1,B,MI,88274d3595fffff
261251331023008,10000,10000,20,4349734,130292,Clear Rate,50,1,B,MI,88274d2669fffff
261251331023009,10000,10000,10,4349734,130292,Clear Rate,50,1,B,MI,88274d3593fffff
261251331023010,10000,10000,24,4349734,130292,Clear Rate,50,1,B,MI,88274d266bfffff
261251331023012,10000,10000,6,4349734,130292,Clear Rate,50,1,B,MI,88274d266bfffff
261251331023013,10000,10000,78,4349734,130292,Clear Rate,50,1,B,MI,88274d2669fffff
261251331023014,10000,10000,7,4349734,130292,Clear Rate,50,1,B,MI,88274d266dfffff
261251352002000,10000,10000,75,4349734,130292,Clear Rate,50,1,B,MI,88274d359dfffff
261251352002004,10000,10000,14,4349734,130292,Clear Rate,50,1,B,MI,88274d3599fffff
261251360001021,10000,10000,1,4349734,130292,Clear Rate,50,1,B,MI,88274d2659fffff
261251360002000,10000,10000,10,4349734,130292,Clear Rate,50,1,B,MI,88274d2659fffff
261251360003020,10000,10000,4,4349734,130292,Clear Rate,50,1,B,MI,88274d265bfffff
261251361011024,10000,10000,32,4349734,130292,Clear Rate,50,1,B,MI,88274d264dfffff
261251361012000,10000,10000,6,4349734,130292,Clear Rate,50,1,B,MI,88274d265dfffff
261251361012001,10000,10000,1,4349734,130292,Clear Rate,50,1,B,MI,88274d265dfffff
261251361012002,10000,10000,1,4349734,130292,Clear Rate,50,1,B,MI,88274d265dfffff
261251361012003,10000,10000,4,4349734,130292,Clear Rate,50,1,B,MI,88274d265dfffff
261251361012005,10000,10000,3,4349734,130292,Clear Rate,50,1,B,MI,88274d2651fffff
261251361012006,10000,10000,2,4349734,130292,Clear Rate,50,1,B,MI,88274d265dfffff
261251361013000,10000,10000,10,4349734,130292,Clear Rate,50,1,B,MI,88274d2649fffff
261251361013005,10000,10000,20,4349734,130292,Clear Rate,50,1,B,MI,88274d264dfffff
261251361013006,10000,10000,1,4349734,130292,Clear Rate,50,1,B,MI,88274d2645fffff
261251361013007,10000,10000,6,4349734,130292,Clear Rate,50,1,B,MI,88274d2645fffff
261251361013008,10000,10000,6,4349734,130292,Clear Rate,50,1,B,MI,88274d2645fffff
261251361013013,10000,10000,134,4349734,130292,Clear Rate,50,1,B,MI,88274d34b7fffff
261251361013014,10000,10000,11,4349734,130292,Clear Rate,50,1,B,MI,88274d265dfffff
261251361013015,10000,10000,8,4349734,130292,Clear Rate,50,1,B,MI,88274d264bfffff
261251361013016,10000,10000,65,4349734,130292,Clear Rate,50,1,B,MI,88274d2643fffff
261251361013017,10000,10000,6,4349734,130292,Clear Rate,50,1,B,MI,88274d34b7fffff
261251361013018,10000,10000,24,4349734,130292,Clear Rate,50,1,B,MI,88274d264bfffff
261251361013020,10000,10000,8,4349734,130292,Clear Rate,50,1,B,MI,88274d264bfffff
261251361013022,10000,10000,89,4349734,130292,Clear Rate,50,1,B,MI,88274d264bfffff
261251361013023,10000,10000,29,4349734,130292,Clear Rate,50,1,B,MI,88274d2643fffff
261251361013026,10000,10000,3,4349734,130292,Clear Rate,50,1,B,MI,88274d264bfffff
261251361013027,10000,10000,14,4349734,130292,Clear Rate,50,1,B,MI,88274d2643fffff
261251361013028,10000,10000,31,4349734,130292,Clear Rate,50,1,B,MI,88274d2643fffff
261251361013031,10000,10000,5,4349734,130292,Clear Rate,50,1,B,MI,88274d2647fffff
261251361013033,10000,10000,14,4349734,130292,Clear Rate,50,1,B,MI,88274d2647fffff
261251361013034,10000,10000,1,4349734,130292,Clear Rate,50,1,B,MI,88274d2645fffff
261251361013035,10000,10000,2,4349734,130292,Clear Rate,50,1,B,MI,88274d34b7fffff
261251361013037,10000,10000,16,4349734,130292,Clear Rate,50,1,B,MI,88274d2609fffff
261251361013043,10000,10000,13,4349734,130292,Clear Rate,50,1,B,MI,88274d34b7fffff
261251361013046,10000,10000,3,4349734,130292,Clear Rate,50,1,B,MI,88274d265dfffff
261251361013048,10000,10000,8,4349734,130292,Clear Rate,50,1,B,MI,88274d264bfffff
261251361013049,10000,10000,1,4349734,130292,Clear Rate,50,1,B,MI,88274d2643fffff
261251361013050,10000,10000,5,4349734,130292,Clear Rate,50,1,B,MI,88274d2643fffff
261251361013051,10000,10000,3,4349734,130292,Clear Rate,50,1,B,MI,88274d2643fffff
261251361013052,10000,10000,7,4349734,130292,Clear Rate,50,1,B,MI,88274d2643fffff
261251361013053,10000,10000,8,4349734,130292,Clear Rate,50,1,B,MI,88274d2643fffff
261251361013054,10000,10000,11,4349734,130292,Clear Rate,50,1,B,MI,88274d2643fffff
261251361013055,10000,10000,7,4349734,130292,Clear Rate,50,1,B,MI,88274d2643fffff
261251361013056,10000,10000,3,4349734,130292,Clear Rate,50,1,B,MI,88274d2643fffff
261251361013057,10000,10000,24,4349734,130292,Clear Rate,50,1,B,MI,88274d264bfffff
261251361013058,10000,10000,21,4349734,130292,Clear Rate,50,1,B,MI,88274d2643fffff
261251361021000,10000,10000,9,4349734,130292,Clear Rate,50,1,B,MI,88274d359bfffff
261251361021001,10000,10000,23,4349734,130292,Clear Rate,50,1,B,MI,88274d359bfffff
261251361021002,10000,10000,34,4349734,130292,Clear Rate,50,1,B,MI,88274d3591fffff
261251361021003,10000,10000,2,4349734,130292,Clear Rate,50,1,B,MI,88274d3591fffff
261251361021004,10000,10000,2,4349734,130292,Clear Rate,50,1,B,MI,88274d3591fffff
261251361022002,10000,10000,125,4349734,130292,Clear Rate,50,1,B,MI,88274d359bfffff
261251361022003,10000,10000,7,4349734,130292,Clear Rate,50,1,B,MI,88274d359bfffff
261251361022004,10000,10000,16,4349734,130292,Clear Rate,50,1,B,MI,88274d359bfffff
261251361022005,10000,10000,18,4349734,130292,Clear Rate,50,1,B,MI,88274d359bfffff
261251361022006,10000,10000,5,4349734,130292,Clear Rate,50,1,B,MI,88274d3593fffff
261251361022007,10000,10000,36,4349734,130292,Clear Rate,50,1,B,MI,88274d359bfffff
261251361022008,10000,10000,16,4349734,130292,Clear Rate,50,1,B,MI,88274d359bfffff
261251361023000,10000,10000,5,4349734,130292,Clear Rate,50,1,B,MI,88274d359bfffff
261251361023001,10000,10000,4,4349734,130292,Clear Rate,50,1,B,MI,88274d359bfffff
261251361023003,10000,10000,10,4349734,130292,Clear Rate,50,1,B,MI,88274d359bfffff
261251361023006,10000,10000,1,4349734,130292,Clear Rate,50,1,B,MI,88274d359bfffff
261251361023007,10000,10000,3,4349734,130292,Clear Rate,50,1,B,MI,88274d359bfffff
261251361023008,10000,10000,6,4349734,130292,Clear Rate,50,1,B,MI,88274d34a5fffff
261251361023009,10000,10000,2,4349734,130292,Clear Rate,50,1,B,MI,88274d34a5fffff
261251361023011,10000,10000,3,4349734,130292,Clear Rate,50,1,B,MI,88274d34a5fffff
261251361023012,10000,10000,2,4349734,130292,Clear Rate,50,1,B,MI,88274d34a5fffff
261251361023013,10000,10000,3,4349734,130292,Clear Rate,50,1,B,MI,88274d359bfffff
261251361023014,10000,10000,2,4349734,130292,Clear Rate,50,1,B,MI,88274d359bfffff
261251363001000,10000,10000,26,4349734,130292,Clear Rate,50,1,B,MI,882ab2c923fffff
261251363001001,10000,10000,69,4349734,130292,Clear Rate,50,1,B,MI,882ab2c927fffff
261251363001002,10000,10000,2,4349734,130292,Clear Rate,50,1,B,MI,882ab2c927fffff
261251363001003,10000,10000,21,4349734,130292,Clear Rate,50,1,B,MI,882ab2c927fffff
261251363001004,10000,10000,19,4349734,130292,Clear Rate,50,1,B,MI,882ab2c927fffff
261251363001005,10000,10000,24,4349734,130292,Clear Rate,50,1,B,MI,882ab2c923fffff
261251363001006,10000,10000,12,4349734,130292,Clear Rate,50,1,B,MI,882ab2c927fffff
261251363001007,10000,10000,8,4349734,130292,Clear Rate,50,1,B,MI,882ab2c927fffff
261251363001008,10000,10000,4,4349734,130292,Clear Rate,50,1,B,MI,882ab2c927fffff
261251363001009,10000,10000,6,4349734,130292,Clear Rate,50,1,B,MI,882ab2c923fffff
261251363001010,10000,10000,36,4349734,130292,Clear Rate,50,1,B,MI,882ab2c923fffff
261251363001011,10000,10000,12,4349734,130292,Clear Rate,50,1,B,MI,882ab2c935fffff
261251363001012,10000,10000,18,4349734,130292,Clear Rate,50,1,B,MI,88274d26c9fffff
261251363001013,10000,10000,19,4349734,130292,Clear Rate,50,1,B,MI,88274d26c9fffff
261251363001014,10000,10000,43,4349734,130292,Clear Rate,50,1,B,MI,882ab2c927fffff
261251363001015,10000,10000,24,4349734,130292,Clear Rate,50,1,B,MI,88274d26c9fffff
261251363001016,10000,10000,24,4349734,130292,Clear Rate,50,1,B,MI,882ab2c927fffff
261251363002000,10000,10000,88,4349734,130292,Clear Rate,50,1,B,MI,88274d26cdfffff
261251363002001,10000,10000,7,4349734,130292,Clear Rate,50,1,B,MI,882ab2c927fffff
261251363002002,10000,10000,5,4349734,130292,Clear Rate,50,1,B,MI,88274d26cdfffff
261251363002003,10000,10000,1,4349734,130292,Clear Rate,50,1,B,MI,882ab2c927fffff
261251363002004,10000,10000,6,4349734,130292,Clear Rate,50,1,B,MI,88274d26cdfffff
261251363002005,10000,10000,3,4349734,130292,Clear Rate,50,1,B,MI,88274d261bfffff
261251363003000,10000,10000,12,4349734,130292,Clear Rate,50,1,B,MI,88274d261bfffff
261251363003001,10000,10000,43,4349734,130292,Clear Rate,50,1,B,MI,88274d2613fffff
261251363003002,10000,10000,43,4349734,130292,Clear Rate,50,1,B,MI,88274d2613fffff
261251363003003,10000,10000,30,4349734,130292,Clear Rate,50,1,B,MI,88274d2613fffff
261251363003004,10000,10000,25,4349734,130292,Clear Rate,50,1,B,MI,88274d2611fffff
261251363003005,10000,10000,39,4349734,130292,Clear Rate,50,1,B,MI,88274d2613fffff
261251363003006,10000,10000,22,4349734,130292,Clear Rate,50,1,B,MI,88274d26c5fffff
261251363003007,10000,10000,10,4349734,130292,Clear Rate,50,1,B,MI,88274d2613fffff
261251363003008,10000,10000,28,4349734,130292,Clear Rate,50,1,B,MI,88274d26c5fffff
261251363003009,10000,10000,63,4349734,130292,Clear Rate,50,1,B,MI,88274d26c5fffff
261251363003010,10000,10000,33,4349734,130292,Clear Rate,50,1,B,MI,88274d2613fffff
261251363003011,10000,10000,7,4349734,130292,Clear Rate,50,1,B,MI,88274d26cdfffff
261251363003012,10000,10000,15,4349734,130292,Clear Rate,50,1,B,MI,88274d26cdfffff
261251363003013,10000,10000,14,4349734,130292,Clear Rate,50,1,B,MI,88274d26cdfffff
261251363003014,10000,10000,16,4349734,130292,Clear Rate,50,1,B,MI,88274d261bfffff
261251363003015,10000,10000,17,4349734,130292,Clear Rate,50,1,B,MI,88274d2613fffff
261251363003016,10000,10000,9,4349734,130292,Clear Rate,50,1,B,MI,88274d2613fffff
261251363003017,10000,10000,1,4349734,130292,Clear Rate,50,1,B,MI,88274d26c5fffff
261251363003018,10000,10000,14,4349734,130292,Clear Rate,50,1,B,MI,88274d26c5fffff
261251363004001,10000,10000,47,4349734,130292,Clear Rate,50,1,B,MI,88274d2617fffff
261251363004002,10000,10000,57,4349734,130292,Clear Rate,50,1,B,MI,88274d26e9fffff
261251363004003,10000,10000,27,4349734,130292,Clear Rate,50,1,B,MI,88274d2617fffff
261251363004004,10000,10000,28,4349734,130292,Clear Rate,50,1,B,MI,88274d2617fffff
261251363004005,10000,10000,25,4349734,130292,Clear Rate,50,1,B,MI,88274d2613fffff
261251363004006,10000,10000,33,4349734,130292,Clear Rate,50,1,B,MI,88274d26e9fffff
261251363004007,10000,10000,1,4349734,130292,Clear Rate,50,1,B,MI,88274d26c5fffff
261251363004008,10000,10000,18,4349734,130292,Clear Rate,50,1,B,MI,88274d26e9fffff
261251363004009,10000,10000,13,4349734,130292,Clear Rate,50,1,B,MI,88274d26e9fffff
261251363004010,10000,10000,31,4349734,130292,Clear Rate,50,1,B,MI,88274d26e9fffff
261251363004011,10000,10000,19,4349734,130292,Clear Rate,50,1,B,MI,88274d26e9fffff
261251363004012,10000,10000,14,4349734,130292,Clear Rate,50,1,B,MI,88274d2617fffff
261251363004013,10000,10000,27,4349734,130292,Clear Rate,50,1,B,MI,88274d2617fffff
261251365002000,10000,10000,7,4349734,130292,Clear Rate,50,1,B,MI,882ab2c907fffff
261251365002002,10000,10000,7,4349734,130292,Clear Rate,50,1,B,MI,882ab2c907fffff
261251365003003,10000,10000,4,4349734,130292,Clear Rate,50,1,B,MI,882ab2c935fffff
261251365003004,10000,10000,14,4349734,130292,Clear Rate,50,1,B,MI,882ab2c935fffff
261251365004004,10000,10000,10,4349734,130292,Clear Rate,50,1,B,MI,882ab2c923fffff
261251366011000,10000,10000,7,4349734,130292,Clear Rate,50,1,B,MI,882ab2c905fffff
261251366011001,10000,10000,28,4349734,130292,Clear Rate,50,1,B,MI,882ab2c905fffff
261251366011002,10000,10000,39,4349734,130292,Clear Rate,50,1,B,MI,882ab2c92bfffff
261251366011003,10000,10000,55,4349734,130292,Clear Rate,50,1,B,MI,882ab2c92bfffff
261251366011004,10000,10000,36,4349734,130292,Clear Rate,50,1,B,MI,882ab2c929fffff
261251366011005,10000,10000,4,4349734,130292,Clear Rate,50,1,B,MI,882ab2c929fffff
261251366011006,10000,10000,25,4349734,130292,Clear Rate,50,1,B,MI,882ab2c921fffff
261251366011007,10000,10000,11,4349734,130292,Clear Rate,50,1,B,MI,882ab2c929fffff
261251366011008,10000,10000,27,4349734,130292,Clear Rate,50,1,B,MI,882ab2c929fffff
261251366011009,10000,10000,52,4349734,130292,Clear Rate,50,1,B,MI,882ab2c92bfffff
261251366011010,10000,10000,12,4349734,130292,Clear Rate,50,1,B,MI,882ab2c92bfffff
261251366011011,10000,10000,19,4349734,130292,Clear Rate,50,1,B,MI,882ab2c92bfffff
261251366011012,10000,10000,18,4349734,130292,Clear Rate,50,1,B,MI,882ab2c92bfffff
261251366011013,10000,10000,13,4349734,130292,Clear Rate,50,1,B,MI,882ab2c921fffff
261251366011014,10000,10000,28,4349734,130292,Clear Rate,50,1,B,MI,882ab2c921fffff
261251366012000,10000,10000,219,4349734,130292,Clear Rate,50,1,B,MI,882ab2c925fffff
261251366012001,10000,10000,6,4349734,130292,Clear Rate,50,1,B,MI,882ab2c925fffff
261251366012002,10000,10000,31,4349734,130292,Clear Rate,50,1,B,MI,882ab2c92dfffff
261251366012003,10000,10000,6,4349734,130292,Clear Rate,50,1,B,MI,882ab2c925fffff
261251366012004,10000,10000,1,4349734,130292,Clear Rate,50,1,B,MI,882ab2c925fffff
261251366012005,10000,10000,6,4349734,130292,Clear Rate,50,1,B,MI,88274d2653fffff
261251366012006,10000,10000,11,4349734,130292,Clear Rate,50,1,B,MI,88274d2653fffff
261251366012007,10000,10000,10,4349734,130292,Clear Rate,50,1,B,MI,882ab2c925fffff
261251366012008,10000,10000,5,4349734,130292,Clear Rate,50,1,B,MI,88274d2653fffff
261251366012009,10000,10000,27,4349734,130292,Clear Rate,50,1,B,MI,882ab2c925fffff
261251366013000,10000,10000,70,4349734,130292,Clear Rate,50,1,B,MI,882ab2c921fffff
261251366013001,10000,10000,37,4349734,130292,Clear Rate,50,1,B,MI,882ab2c921fffff
261251366013002,10000,10000,18,4349734,130292,Clear Rate,50,1,B,MI,882ab2c925fffff
261251366013003,10000,10000,30,4349734,130292,Clear Rate,50,1,B,MI,882ab2c925fffff
261251366013004,10000,10000,28,4349734,130292,Clear Rate,50,1,B,MI,882ab2c925fffff
261251366013005,10000,10000,45,4349734,130292,Clear Rate,50,1,B,MI,882ab2c925fffff
261251366013006,10000,10000,19,4349734,130292,Clear Rate,50,1,B,MI,882ab2c921fffff
261251366013007,10000,10000,3,4349734,130292,Clear Rate,50,1,B,MI,882ab2c921fffff
261251366013008,10000,10000,51,4349734,130292,Clear Rate,50,1,B,MI,882ab2c921fffff
261251366013009,10000,10000,24,4349734,130292,Clear Rate,50,1,B,MI,882ab2c921fffff
261251366013010,10000,10000,23,4349734,130292,Clear Rate,50,1,B,MI,882ab2c921fffff
261251366013011,10000,10000,19,4349734,130292,Clear Rate,50,1,B,MI,882ab2c921fffff
261251366013012,10000,10000,19,4349734,130292,Clear Rate,50,1,B,MI,882ab2c921fffff
261251366021000,10000,10000,151,4349734,130292,Clear Rate,50,1,B,MI,882ab2c925fffff
261251366021001,10000,10000,33,4349734,130292,Clear Rate,50,1,B,MI,88274d261bfffff
261251366021002,10000,10000,23,4349734,130292,Clear Rate,50,1,B,MI,88274d2619fffff
261251366021003,10000,10000,27,4349734,130292,Clear Rate,50,1,B,MI,88274d2619fffff
261251366021004,10000,10000,34,4349734,130292,Clear Rate,50,1,B,MI,88274d2619fffff
261251366021005,10000,10000,2,4349734,130292,Clear Rate,50,1,B,MI,88274d2619fffff
261251366021006,10000,10000,6,4349734,130292,Clear Rate,50,1,B,MI,88274d261dfffff
261251366021007,10000,10000,1,4349734,130292,Clear Rate,50,1,B,MI,88274d261dfffff
261251366021008,10000,10000,19,4349734,130292,Clear Rate,50,1,B,MI,88274d2611fffff
261251366021010,10000,10000,88,4349734,130292,Clear Rate,50,1,B,MI,88274d261dfffff
261251366021011,10000,10000,26,4349734,130292,Clear Rate,50,1,B,MI,88274d2611fffff
261251366021012,10000,10000,32,4349734,130292,Clear Rate,50,1,B,MI,88274d2611fffff
261251366021013,10000,10000,19,4349734,130292,Clear Rate,50,1,B,MI,88274d2611fffff
261251366021014,10000,10000,10,4349734,130292,Clear Rate,50,1,B,MI,88274d261dfffff
261251366021015,10000,10000,46,4349734,130292,Clear Rate,50,1,B,MI,88274d261dfffff
261251366021016,10000,10000,6,4349734,130292,Clear Rate,50,1,B,MI,88274d2611fffff
261251366021017,10000,10000,9,4349734,130292,Clear Rate,50,1,B,MI,88274d2611fffff
261251366021018,10000,10000,27,4349734,130292,Clear Rate,50,1,B,MI,88274d2611fffff
261251366022000,10000,10000,15,4349734,130292,Clear Rate,50,1,B,MI,88274d2651fffff
261251366022002,10000,10000,1,4349734,130292,Clear Rate,50,1,B,MI,88274d2655fffff
261251366022003,10000,10000,12,4349734,130292,Clear Rate,50,1,B,MI,88274d2655fffff
261251366023000,10000,10000,3,4349734,130292,Clear Rate,50,1,B,MI,88274d2653fffff
261251366023001,10000,10000,4,4349734,130292,Clear Rate,50,1,B,MI,88274d2657fffff
261251366023002,10000,10000,97,4349734,130292,Clear Rate,50,1,B,MI,88274d2657fffff
261251366023004,10000,10000,2,4349734,130292,Clear Rate,50,1,B,MI,88274d2653fffff
261251366023005,10000,10000,10,4349734,130292,Clear Rate,50,1,B,MI,88274d2657fffff
261251366023006,10000,10000,8,4349734,130292,Clear Rate,50,1,B,MI,88274d2657fffff
261251366023007,10000,10000,11,4349734,130292,Clear Rate,50,1,B,MI,88274d2657fffff
261251366023008,10000,10000,39,4349734,130292,Clear Rate,50,1,B,MI,88274d260bfffff
261251366023009,10000,10000,119,4349734,130292,Clear Rate,50,1,B,MI,88274d260bfffff
261251366023010,10000,10000,63,4349734,130292,Clear Rate,50,1,B,MI,88274d2657fffff
261251366023011,10000,10000,39,4349734,130292,Clear Rate,50,1,B,MI,88274d2657fffff
261251366023012,10000,10000,51,4349734,130292,Clear Rate,50,1,B,MI,88274d2619fffff
261251366024000,10000,10000,4,4349734,130292,Clear Rate,50,1,B,MI,882ab2c967fffff
261251366024001,10000,10000,4,4349734,130292,Clear Rate,50,1,B,MI,88274d265bfffff
261251366024004,10000,10000,3,4349734,130292,Clear Rate,50,1,B,MI,88274d2653fffff
261251366024005,10000,10000,1,4349734,130292,Clear Rate,50,1,B,MI,88274d2651fffff
261251366024006,10000,10000,3,4349734,130292,Clear Rate,50,1,B,MI,88274d2653fffff
261251366024007,10000,10000,4,4349734,130292,Clear Rate,50,1,B,MI,88274d2653fffff
261251366025001,10000,10000,111,4349734,130292,Clear Rate,50,1,B,MI,882ab2c905fffff
261251366025002,10000,10000,12,4349734,130292,Clear Rate,50,1,B,MI,882ab2c963fffff
261251366025003,10000,10000,13,4349734,130292,Clear Rate,50,1,B,MI,882ab2c963fffff
261251366025004,10000,10000,20,4349734,130292,Clear Rate,50,1,B,MI,882ab2c963fffff
261251366025005,10000,10000,25,4349734,130292,Clear Rate,50,1,B,MI,882ab2c963fffff
261251366025006,10000,10000,18,4349734,130292,Clear Rate,50,1,B,MI,882ab2c963fffff
261251366025007,10000,10000,22,4349734,130292,Clear Rate,50,1,B,MI,882ab2c963fffff
261251366025008,10000,10000,35,4349734,130292,Clear Rate,50,1,B,MI,882ab2c929fffff
261251366025011,10000,10000,3,4349734,130292,Clear Rate,50,1,B,MI,882ab2c92dfffff
261251366025012,10000,10000,20,4349734,130292,Clear Rate,50,1,B,MI,882ab2c92dfffff
261251366025013,10000,10000,1,4349734,130292,Clear Rate,50,1,B,MI,882ab2c92dfffff
261251366025014,10000,10000,1,4349734,130292,Clear Rate,50,1,B,MI,882ab2c92dfffff
261251366025015,10000,10000,3,4349734,130292,Clear Rate,50,1,B,MI,882ab2c92dfffff
261251366025016,10000,10000,4,4349734,130292,Clear Rate,50,1,B,MI,882ab2c92dfffff
261251366025018,10000,10000,2,4349734,130292,Clear Rate,50,1,B,MI,882ab2c92dfffff
261251366025019,10000,10000,1,4349734,130292,Clear Rate,50,1,B,MI,882ab2c929fffff
261251367001000,10000,10000,96,4349734,130292,Clear Rate,50,1,B,MI,88274d26cbfffff
261251367001001,10000,10000,1,4349734,130292,Clear Rate,50,1,B,MI,88274d26c3fffff
261251367001003,10000,10000,16,4349734,130292,Clear Rate,50,1,B,MI,88274d26cbfffff
261251367002002,10000,10000,13,4349734,130292,Clear Rate,50,1,B,MI,882ab2c935fffff
261251367002011,10000,10000,9,4349734,130292,Clear Rate,50,1,B,MI,88274d26cbfffff
261251367002012,10000,10000,2,4349734,130292,Clear Rate,50,1,B,MI,88274d26cbfffff
261251367002013,10000,10000,10,4349734,130292,Clear Rate,50,1,B,MI,88274d26ddfffff
261251367003009,10000,10000,5,4349734,130292,Clear Rate,50,1,B,MI,88274d26ddfffff
261251367004000,10000,10000,30,4349734,130292,Clear Rate,50,1,B,MI,88274d26cbfffff
261251367004001,10000,10000,12,4349734,130292,Clear Rate,50,1,B,MI,88274d26cbfffff
261251367004002,10000,10000,31,4349734,130292,Clear Rate,50,1,B,MI,88274d26cbfffff
261251367004003,10000,10000,19,4349734,130292,Clear Rate,50,1,B,MI,88274d26cbfffff
261251367004004,10000,10000,122,4349734,130292,Clear Rate,50,1,B,MI,88274d26c7fffff
261251367004005,10000,10000,16,4349734,130292,Clear Rate,50,1,B,MI,88274d26cbfffff
261251367004006,10000,10000,17,4349734,130292,Clear Rate,50,1,B,MI,88274d26c3fffff
261251367004007,10000,10000,31,4349734,130292,Clear Rate,50,1,B,MI,88274d26c7fffff
261251367004008,10000,10000,32,4349734,130292,Clear Rate,50,1,B,MI,88274d26c7fffff
261251367004009,10000,10000,1,4349734,130292,Clear Rate,50,1,B,MI,88274d26c7fffff
261251367004011,10000,10000,63,4349734,130292,Clear Rate,50,1,B,MI,88274d26c3fffff
261251367004012,10000,10000,13,4349734,130292,Clear Rate,50,1,B,MI,88274d26c3fffff
261251367004013,10000,10000,16,4349734,130292,Clear Rate,50,1,B,MI,88274d26cbfffff
261251371011000,10000,10000,18,4349734,130292,Clear Rate,50,1,B,MI,88274d261dfffff
261251371011001,10000,10000,36,4349734,130292,Clear Rate,50,1,B,MI,88274d261dfffff
261251371011002,10000,10000,30,4349734,130292,Clear Rate,50,1,B,MI,88274d261dfffff
261251371011003,10000,10000,18,4349734,130292,Clear Rate,50,1,B,MI,88274d2615fffff
261251371011004,10000,10000,46,4349734,130292,Clear Rate,50,1,B,MI,88274d2615fffff
261251371011005,10000,10000,26,4349734,130292,Clear Rate,50,1,B,MI,88274d2603fffff
261251371011006,10000,10000,30,4349734,130292,Clear Rate,50,1,B,MI,88274d2603fffff
261251371011007,10000,10000,29,4349734,130292,Clear Rate,50,1,B,MI,88274d2603fffff
261251371011008,10000,10000,32,4349734,130292,Clear Rate,50,1,B,MI,88274d2603fffff
261251371011009,10000,10000,32,4349734,130292,Clear Rate,50,1,B,MI,88274d2603fffff
261251371011010,10000,10000,27,4349734,130292,Clear Rate,50,1,B,MI,88274d2603fffff
261251371011011,10000,10000,24,4349734,130292,Clear Rate,50,1,B,MI,88274d2639fffff
261251371011012,10000,10000,38,4349734,130292,Clear Rate,50,1,B,MI,88274d2639fffff
261251371011013,10000,10000,20,4349734,130292,Clear Rate,50,1,B,MI,88274d2639fffff
261251371011014,10000,10000,99,4349734,130292,Clear Rate,50,1,B,MI,88274d2639fffff
261251371011015,10000,10000,15,4349734,130292,Clear Rate,50,1,B,MI,88274d2639fffff
261251371011016,10000,10000,16,4349734,130292,Clear Rate,50,1,B,MI,88274d2639fffff
261251371011017,10000,10000,15,4349734,130292,Clear Rate,50,1,B,MI,88274d2639fffff
261251371011018,10000,10000,26,4349734,130292,Clear Rate,50,1,B,MI,88274d2639fffff
261251371011019,10000,10000,58,4349734,130292,Clear Rate,50,1,B,MI,88274d2615fffff
261251371011020,10000,10000,37,4349734,130292,Clear Rate,50,1,B,MI,88274d2615fffff
261251371011021,10000,10000,16,4349734,130292,Clear Rate,50,1,B,MI,88274d2615fffff
261251371011022,10000,10000,32,4349734,130292,Clear Rate,50,1,B,MI,88274d2615fffff
261251371011023,10000,10000,14,4349734,130292,Clear Rate,50,1,B,MI,88274d2615fffff
261251371012000,10000,10000,13,4349734,130292,Clear Rate,50,1,B,MI,88274d2609fffff
261251371013000,10000,10000,93,4349734,130292,Clear Rate,50,1,B,MI,88274d260bfffff
261251371013001,10000,10000,32,4349734,130292,Clear Rate,50,1,B,MI,88274d2601fffff
261251371013002,10000,10000,15,4349734,130292,Clear Rate,50,1,B,MI,88274d2601fffff
261251371013003,10000,10000,4,4349734,130292,Clear Rate,50,1,B,MI,88274d2601fffff
261251371013004,10000,10000,4,4349734,130292,Clear Rate,50,1,B,MI,88274d2601fffff
261251371013005,10000,10000,4,4349734,130292,Clear Rate,50,1,B,MI,88274d2601fffff
261251371013006,10000,10000,202,4349734,130292,Clear Rate,50,1,B,MI,88274d2607fffff
261251371013007,10000,10000,20,4349734,130292,Clear Rate,50,1,B,MI,88274d2603fffff
261251371013008,10000,10000,28,4349734,130292,Clear Rate,50,1,B,MI,88274d2601fffff
261251371013009,10000,10000,28,4349734,130292,Clear Rate,50,1,B,MI,88274d2603fffff
261251371013010,10000,10000,22,4349734,130292,Clear Rate,50,1,B,MI,88274d2607fffff
261251371013011,10000,10000,13,4349734,130292,Clear Rate,50,1,B,MI,88274d2607fffff
261251371013012,10000,10000,23,4349734,130292,Clear Rate,50,1,B,MI,88274d2603fffff
261251371013013,10000,10000,18,4349734,130292,Clear Rate,50,1,B,MI,88274d2601fffff
261251371013014,10000,10000,11,4349734,130292,Clear Rate,50,1,B,MI,88274d2603fffff
261251371013015,10000,10000,13,4349734,130292,Clear Rate,50,1,B,MI,88274d2607fffff
261251371013016,10000,10000,9,4349734,130292,Clear Rate,50,1,B,MI,88274d2603fffff
261251371013017,10000,10000,13,4349734,130292,Clear Rate,50,1,B,MI,88274d2603fffff
261251371013018,10000,10000,10,4349734,130292,Clear Rate,50,1,B,MI,88274d2603fffff
261251371021002,10000,10000,11,4349734,130292,Clear Rate,50,1,B,MI,88274d2623fffff
261251371022002,10000,10000,7,4349734,130292,Clear Rate,50,1,B,MI,88274d2663fffff
261251371023000,10000,10000,46,4349734,130292,Clear Rate,50,1,B,MI,88274d2629fffff
261251371023001,10000,10000,14,4349734,130292,Clear Rate,50,1,B,MI,88274d2667fffff
261251371023002,10000,10000,6,4349734,130292,Clear Rate,50,1,B,MI,88274d2667fffff
261251371023011,10000,10000,22,4349734,130292,Clear Rate,50,1,B,MI,88274d2629fffff
261251371023012,10000,10000,4,4349734,130292,Clear Rate,50,1,B,MI,88274d2621fffff
261251371023014,10000,10000,8,4349734,130292,Clear Rate,50,1,B,MI,88274d2621fffff
261251371023015,10000,10000,1,4349734,130292,Clear Rate,50,1,B,MI,88274d2621fffff
261251371024000,10000,10000,64,4349734,130292,Clear Rate,50,1,B,MI,88274d262bfffff
261251371024001,10000,10000,90,4349734,130292,Clear Rate,50,1,B,MI,88274d263dfffff
261251371024002,10000,10000,26,4349734,130292,Clear Rate,50,1,B,MI,88274d2623fffff
261251371024003,10000,10000,8,4349734,130292,Clear Rate,50,1,B,MI,88274d263dfffff
261251371024004,10000,10000,25,4349734,130292,Clear Rate,50,1,B,MI,88274d2635fffff
261251371024005,10000,10000,13,4349734,130292,Clear Rate,50,1,B,MI,88274d263dfffff
261251371024006,10000,10000,113,4349734,130292,Clear Rate,50,1,B,MI,88274d262bfffff
261251371024007,10000,10000,37,4349734,130292,Clear Rate,50,1,B,MI,88274d2631fffff
261251371024008,10000,10000,39,4349734,130292,Clear Rate,50,1,B,MI,88274d262bfffff
261251371024009,10000,10000,29,4349734,130292,Clear Rate,50,1,B,MI,88274d2639fffff
261251371024010,10000,10000,20,4349734,130292,Clear Rate,50,1,B,MI,88274d263dfffff
261251371024011,10000,10000,64,4349734,130292,Clear Rate,50,1,B,MI,88274d2639fffff
261251371024012,10000,10000,14,4349734,130292,Clear Rate,50,1,B,MI,88274d2631fffff
261251371024013,10000,10000,53,4349734,130292,Clear Rate,50,1,B,MI,88274d2635fffff
261251371024014,10000,10000,9,4349734,130292,Clear Rate,50,1,B,MI,88274d2635fffff
261251371024015,10000,10000,13,4349734,130292,Clear Rate,50,1,B,MI,88274d2635fffff
261251371024016,10000,10000,9,4349734,130292,Clear Rate,50,1,B,MI,88274d2635fffff
261251371024017,10000,10000,15,4349734,130292,Clear Rate,50,1,B,MI,88274d2635fffff
261251371024018,10000,10000,19,4349734,130292,Clear Rate,50,1,B,MI,88274d2623fffff
261251371026000,10000,10000,12,4349734,130292,Clear Rate,50,1,B,MI,88274d2663fffff
261251374001000,10000,10000,59,4349734,130292,Clear Rate,50,1,B,MI,88274d26edfffff
261251374001001,10000,10000,108,4349734,130292,Clear Rate,50,1,B,MI,88274d2633fffff
261251374001002,10000,10000,13,4349734,130292,Clear Rate,50,1,B,MI,88274d2633fffff
261251374001003,10000,10000,17,4349734,130292,Clear Rate,50,1,B,MI,88274d2633fffff
261251374001004,10000,10000,33,4349734,130292,Clear Rate,50,1,B,MI,88274d26edfffff
261251374001005,10000,10000,50,4349734,130292,Clear Rate,50,1,B,MI,88274d2617fffff
261251374001006,10000,10000,19,4349734,130292,Clear Rate,50,1,B,MI,88274d26e9fffff
261251374001007,10000,10000,21,4349734,130292,Clear Rate,50,1,B,MI,88274d26e5fffff
261251374001008,10000,10000,33,4349734,130292,Clear Rate,50,1,B,MI,88274d2633fffff
261251374001009,10000,10000,31,4349734,130292,Clear Rate,50,1,B,MI,88274d26e9fffff
261251374001010,10000,10000,56,4349734,130292,Clear Rate,50,1,B,MI,88274d26edfffff
261251374001011,10000,10000,15,4349734,130292,Clear Rate,50,1,B,MI,88274d26e9fffff
261251374001012,10000,10000,16,4349734,130292,Clear Rate,50,1,B,MI,88274d26edfffff
261251374002000,10000,10000,13,4349734,130292,Clear Rate,50,1,B,MI,88274d26e1fffff
261251374002001,10000,10000,35,4349734,130292,Clear Rate,50,1,B,MI,88274d26e1fffff
261251374002002,10000,10000,19,4349734,130292,Clear Rate,50,1,B,MI,88274d26e5fffff
261251374002003,10000,10000,39,4349734,130292,Clear Rate,50,1,B,MI,88274d26e5fffff
261251374002004,10000,10000,7,4349734,130292,Clear Rate,50,1,B,MI,88274d26e5fffff
261251374002005,10000,10000,22,4349734,130292,Clear Rate,50,1,B,MI,88274d26e5fffff
261251374002006,10000,10000,88,4349734,130292,Clear Rate,50,1,B,MI,88274d26e1fffff
261251374002007,10000,10000,9,4349734,130292,Clear Rate,50,1,B,MI,88274d26e1fffff
261251374002008,10000,10000,44,4349734,130292,Clear Rate,50,1,B,MI,88274d26e1fffff
261251374002009,10000,10000,22,4349734,130292,Clear Rate,50,1,B,MI,88274d26e1fffff
261251374002010,10000,10000,32,4349734,130292,Clear Rate,50,1,B,MI,88274d26e1fffff
261251374002011,10000,10000,15,4349734,130292,Clear Rate,50,1,B,MI,88274d26e1fffff
261251374003000,10000,10000,39,4349734,130292,Clear Rate,50,1,B,MI,88274d2617fffff
261251374003001,10000,10000,25,4349734,130292,Clear Rate,50,1,B,MI,88274d2617fffff
261251374003002,10000,10000,14,4349734,130292,Clear Rate,50,1,B,MI,88274d2615fffff
261251374003003,10000,10000,33,4349734,130292,Clear Rate,50,1,B,MI,88274d2615fffff
261251374003004,10000,10000,10,4349734,130292,Clear Rate,50,1,B,MI,88274d263bfffff
261251374003005,10000,10000,12,4349734,130292,Clear Rate,50,1,B,MI,88274d263bfffff
261251374003006,10000,10000,54,4349734,130292,Clear Rate,50,1,B,MI,88274d263bfffff
261251374003007,10000,10000,23,4349734,130292,Clear Rate,50,1,B,MI,88274d263bfffff
261251374003008,10000,10000,26,4349734,130292,Clear Rate,50,1,B,MI,88274d263bfffff
261251374003009,10000,10000,24,4349734,130292,Clear Rate,50,1,B,MI,88274d263bfffff
261251374003010,10000,10000,17,4349734,130292,Clear Rate,50,1,B,MI,88274d2631fffff
261251374003011,10000,10000,31,4349734,130292,Clear Rate,50,1,B,MI,88274d263bfffff
261251374003012,10000,10000,15,4349734,130292,Clear Rate,50,1,B,MI,88274d263bfffff
261251374003013,10000,10000,30,4349734,130292,Clear Rate,50,1,B,MI,88274d2617fffff
261251374003014,10000,10000,26,4349734,130292,Clear Rate,50,1,B,MI,88274d2617fffff
261251374003015,10000,10000,71,4349734,130292,Clear Rate,50,1,B,MI,88274d2617fffff
261251374003016,10000,10000,17,4349734,130292,Clear Rate,50,1,B,MI,88274d2615fffff
261251374004000,10000,10000,112,4349734,130292,Clear Rate,50,1,B,MI,88274d2631fffff
261251374004001,10000,10000,7,4349734,130292,Clear Rate,50,1,B,MI,88274d2631fffff
261251374004002,10000,10000,15,4349734,130292,Clear Rate,50,1,B,MI,88274d2631fffff
261251374004003,10000,10000,19,4349734,130292,Clear Rate,50,1,B,MI,88274d2631fffff
261251374004004,10000,10000,45,4349734,130292,Clear Rate,50,1,B,MI,88274d2633fffff
261251374004005,10000,10000,20,4349734,130292,Clear Rate,50,1,B,MI,88274d2631fffff
261251374004006,10000,10000,11,4349734,130292,Clear Rate,50,1,B,MI,88274d2631fffff
261251374004007,10000,10000,4,4349734,130292,Clear Rate,50,1,B,MI,88274d2635fffff
261251374004010,10000,10000,120,4349734,130292,Clear Rate,50,1,B,MI,88274d2637fffff
261251374004011,10000,10000,14,4349734,130292,Clear Rate,50,1,B,MI,88274d2633fffff
261251374004013,10000,10000,18,4349734,130292,Clear Rate,50,1,B,MI,88274d2633fffff
261251374005000,10000,10000,139,4349734,130292,Clear Rate,50,1,B,MI,88274d245bfffff
261251374005003,10000,10000,8,4349734,130292,Clear Rate,50,1,B,MI,88274d2451fffff
261251377001000,10000,10000,175,4349734,130292,Clear Rate,50,1,B,MI,88274d26c7fffff
261251377001001,10000,10000,9,4349734,130292,Clear Rate,50,1,B,MI,88274d26c5fffff
261251377001002,10000,10000,19,4349734,130292,Clear Rate,50,1,B,MI,88274d26c7fffff
261251377001003,10000,10000,4,4349734,130292,Clear Rate,50,1,B,MI,88274d26c5fffff
261251377001004,10000,10000,27,4349734,130292,Clear Rate,50,1,B,MI,88274d26e9fffff
261251377001005,10000,10000,17,4349734,130292,Clear Rate,50,1,B,MI,88274d26e9fffff
261251377001006,10000,10000,44,4349734,130292,Clear Rate,50,1,B,MI,88274d26e1fffff
261251377001007,10000,10000,22,4349734,130292,Clear Rate,50,1,B,MI,88274d26ebfffff
261251377001008,10000,10000,27,4349734,130292,Clear Rate,50,1,B,MI,88274d26ebfffff
261251377001009,10000,10000,46,4349734,130292,Clear Rate,50,1,B,MI,88274d26ebfffff
261251377001010,10000,10000,33,4349734,130292,Clear Rate,50,1,B,MI,88274d26c5fffff
261251377001011,10000,10000,14,4349734,130292,Clear Rate,50,1,B,MI,88274d26ebfffff
261251377001012,10000,10000,35,4349734,130292,Clear Rate,50,1,B,MI,88274d26c7fffff
261251377001013,10000,10000,10,4349734,130292,Clear Rate,50,1,B,MI,88274d26ebfffff
261251377001014,10000,10000,18,4349734,130292,Clear Rate,50,1,B,MI,88274d26ebfffff
261251377001015,10000,10000,12,4349734,130292,Clear Rate,50,1,B,MI,88274d26e1fffff
261251377001016,10000,10000,16,4349734,130292,Clear Rate,50,1,B,MI,88274d26ebfffff
261251377001017,10000,10000,9,4349734,130292,Clear Rate,50,1,B,MI,88274d26ebfffff
261251377002000,10000,10000,14,4349734,130292,Clear Rate,50,1,B,MI,88274d26c7fffff
261251378001000,10000,10000,39,4349734,130292,Clear Rate,50,1,B,MI,88274d26c7fffff
261251378001001,10000,10000,17,4349734,130292,Clear Rate,50,1,B,MI,88274d26c7fffff
261251378001002,10000,10000,30,4349734,130292,Clear Rate,50,1,B,MI,88274d26c7fffff
261251378001003,10000,10000,10,4349734,130292,Clear Rate,50,1,B,MI,88274d26ebfffff
261251378001004,10000,10000,37,4349734,130292,Clear Rate,50,1,B,MI,88274d26ebfffff
261251378001005,10000,10000,20,4349734,130292,Clear Rate,50,1,B,MI,88274d26ebfffff
261251378001006,10000,10000,21,4349734,130292,Clear Rate,50,1,B,MI,88274d26ebfffff
261251378001007,10000,10000,15,4349734,130292,Clear Rate,50,1,B,MI,88274d26ebfffff
261251378001009,10000,10000,15,4349734,130292,Clear Rate,50,1,B,MI,88274d26ebfffff
261251378001010,10000,10000,52,4349734,130292,Clear Rate,50,1,B,MI,88274d26ebfffff
261251378001011,10000,10000,10,4349734,130292,Clear Rate,50,1,B,MI,88274d26ebfffff
261251378001012,10000,10000,16,4349734,130292,Clear Rate,50,1,B,MI,88274d26c7fffff
261251378001013,10000,10000,26,4349734,130292,Clear Rate,50,1,B,MI,88274d26c7fffff
261251378001014,10000,10000,28,4349734,130292,Clear Rate,50,1,B,MI,88274d26c7fffff
261251378001015,10000,10000,12,4349734,130292,Clear Rate,50,1,B,MI,88274d26c7fffff
261251378001016,10000,10000,1,4349734,130292,Clear Rate,50,1,B,MI,88274d26c7fffff
261251378002000,10000,10000,70,4349734,130292,Clear Rate,50,1,B,MI,88274d26e1fffff
261251378002001,10000,10000,10,4349734,130292,Clear Rate,50,1,B,MI,88274d26e7fffff
261251378002002,10000,10000,12,4349734,130292,Clear Rate,50,1,B,MI,88274d26e7fffff
261251378002003,10000,10000,7,4349734,130292,Clear Rate,50,1,B,MI,88274d26e7fffff
261251378002004,10000,10000,8,4349734,130292,Clear Rate,50,1,B,MI,88274d26e7fffff
261251378002005,10000,10000,13,4349734,130292,Clear Rate,50,1,B,MI,88274d26e7fffff
261251378002006,10000,10000,8,4349734,130292,Clear Rate,50,1,B,MI,88274d26e7fffff
261251378002007,10000,10000,9,4349734,130292,Clear Rate,50,1,B,MI,88274d26e3fffff
261251378002008,10000,10000,42,4349734,130292,Clear Rate,50,1,B,MI,88274d26e3fffff
261251386001000,10000,10000,2,4349734,130292,Clear Rate,50,1,B,MI,88274d2749fffff
261251386001001,10000,10000,6,4349734,130292,Clear Rate,50,1,B,MI,88274d274dfffff
261251386001002,10000,10000,35,4349734,130292,Clear Rate,50,1,B,MI,88274d274dfffff
261251386001003,10000,10000,43,4349734,130292,Clear Rate,50,1,B,MI,88274d2293fffff
261251386001004,10000,10000,66,4349734,130292,Clear Rate,50,1,B,MI,88274d2293fffff
261251386001007,10000,10000,14,4349734,130292,Clear Rate,50,1,B,MI,88274d2293fffff
261251401011001,10000,10000,3,4349734,130292,Clear Rate,50,1,B,MI,88274da593fffff
261251401011002,10000,10000,13,4349734,130292,Clear Rate,50,1,B,MI,882ab2da69fffff
261251401011003,10000,10000,15,4349734,130292,Clear Rate,50,1,B,MI,88274da593fffff
261251401011004,10000,10000,2,4349734,130292,Clear Rate,50,1,B,MI,88274da593fffff
261251401011005,10000,10000,5,4349734,130292,Clear Rate,50,1,B,MI,88274da597fffff
261251401011006,10000,10000,5,4349734,130292,Clear Rate,50,1,B,MI,88274da597fffff
261251401011007,10000,10000,8,4349734,130292,Clear Rate,50,1,B,MI,88274da597fffff
261251401011008,10000,10000,3,4349734,130292,Clear Rate,50,1,B,MI,88274da597fffff
261251403011000,10000,10000,62,4349734,130292,Clear Rate,50,1,B,MI,88274da593fffff
261251403011001,10000,10000,11,4349734,130292,Clear Rate,50,1,B,MI,88274da593fffff
261251403011002,10000,10000,19,4349734,130292,Clear Rate,50,1,B,MI,88274da593fffff
261251403011004,10000,10000,4,4349734,130292,Clear Rate,50,1,B,MI,88274da593fffff
261251403011005,10000,10000,13,4349734,130292,Clear Rate,50,1,B,MI,88274da593fffff
261251403012000,10000,10000,106,4349734,130292,Clear Rate,50,1,B,MI,88274da591fffff
261251403012001,10000,10000,16,4349734,130292,Clear Rate,50,1,B,MI,88274da591fffff
261251403012002,10000,10000,35,4349734,130292,Clear Rate,50,1,B,MI,88274da59bfffff
261251403013000,10000,10000,41,4349734,130292,Clear Rate,50,1,B,MI,88274da595fffff
261251403013001,10000,10000,22,4349734,130292,Clear Rate,50,1,B,MI,88274da595fffff
261251403014000,10000,10000,125,4349734,130292,Clear Rate,50,1,B,MI,88274da597fffff
261251403014001,10000,10000,15,4349734,130292,Clear Rate,50,1,B,MI,88274da595fffff
261251403014002,10000,10000,37,4349734,130292,Clear Rate,50,1,B,MI,88274da597fffff
261251403014003,10000,10000,32,4349734,130292,Clear Rate,50,1,B,MI,88274da597fffff
261251403014004,10000,10000,15,4349734,130292,Clear Rate,50,1,B,MI,88274da595fffff
261251403014005,10000,10000,16,4349734,130292,Clear Rate,50,1,B,MI,88274da595fffff
261251403014006,10000,10000,42,4349734,130292,Clear Rate,50,1,B,MI,88274da597fffff
261251403014007,10000,10000,31,4349734,130292,Clear Rate,50,1,B,MI,88274da597fffff
261251403014008,10000,10000,51,4349734,130292,Clear Rate,50,1,B,MI,88274da597fffff
261251403014009,10000,10000,29,4349734,130292,Clear Rate,50,1,B,MI,88274da597fffff
261251403014010,10000,10000,49,4349734,130292,Clear Rate,50,1,B,MI,88274da597fffff
261251403014011,10000,10000,30,4349734,130292,Clear Rate,50,1,B,MI,88274da597fffff
261251403031000,10000,10000,33,4349734,130292,Clear Rate,50,1,B,MI,882ab2da4dfffff
261251403031001,10000,10000,17,4349734,130292,Clear Rate,50,1,B,MI,88274da593fffff
261251403031002,10000,10000,5,4349734,130292,Clear Rate,50,1,B,MI,88274da59bfffff
261251403032001,10000,10000,12,4349734,130292,Clear Rate,50,1,B,MI,88274da595fffff
261251403033005,10000,10000,9,4349734,130292,Clear Rate,50,1,B,MI,88274da58bfffff
261251403033008,10000,10000,36,4349734,130292,Clear Rate,50,1,B,MI,88274da58bfffff
261251403033009,10000,10000,2,4349734,130292,Clear Rate,50,1,B,MI,88274da589fffff
261251403034006,10000,10000,92,4349734,130292,Clear Rate,50,1,B,MI,88274da599fffff
261251403034008,10000,10000,3,4349734,130292,Clear Rate,50,1,B,MI,88274da59dfffff
261251403035000,10000,10000,19,4349734,130292,Clear Rate,50,1,B,MI,88274da59bfffff
261251403035002,10000,10000,10,4349734,130292,Clear Rate,50,1,B,MI,88274da599fffff
261251403035005,10000,10000,2,4349734,130292,Clear Rate,50,1,B,MI,88274da59bfffff
261251500003012,10000,10000,6,4349734,130292,Clear Rate,50,1,B,MI,882ab2dae5fffff
261251500003013,10000,10000,8,4349734,130292,Clear Rate,50,1,B,MI,882ab2dae1fffff
261251500003020,10000,10000,7,4349734,130292,Clear Rate,50,1,B,MI,882ab2dae5fffff
261251504001000,10000,10000,12,4349734,130292,Clear Rate,50,1,B,MI,882ab2dae3fffff
261251504001001,10000,10000,22,4349734,130292,Clear Rate,50,1,B,MI,882ab2dae7fffff
261251504001002,10000,10000,19,4349734,130292,Clear Rate,50,1,B,MI,882ab2daadfffff
261251504001003,10000,10000,12,4349734,130292,Clear Rate,50,1,B,MI,882ab2dae7fffff
261251504001004,10000,10000,9,4349734,130292,Clear Rate,50,1,B,MI,882ab2daa9fffff
261251504001005,10000,10000,44,4349734,130292,Clear Rate,50,1,B,MI,882ab2daa9fffff
261251504001006,10000,10000,16,4349734,130292,Clear Rate,50,1,B,MI,882ab2daa9fffff
261251504001007,10000,10000,12,4349734,130292,Clear Rate,50,1,B,MI,882ab2dae3fffff
261251504001008,10000,10000,8,4349734,130292,Clear Rate,50,1,B,MI,882ab2daa9fffff
261251504001009,10000,10000,6,4349734,130292,Clear Rate,50,1,B,MI,882ab2daa9fffff
261251504001010,10000,10000,29,4349734,130292,Clear Rate,50,1,B,MI,882ab2daa9fffff
261251504001011,10000,10000,9,4349734,130292,Clear Rate,50,1,B,MI,882ab2daa9fffff
261251504001012,10000,10000,20,4349734,130292,Clear Rate,50,1,B,MI,882ab2daa9fffff
261251504001013,10000,10000,14,4349734,130292,Clear Rate,50,1,B,MI,882ab2daa9fffff
261251504001014,10000,10000,10,4349734,130292,Clear Rate,50,1,B,MI,882ab2daa9fffff
261251504001015,10000,10000,16,4349734,130292,Clear Rate,50,1,B,MI,882ab2daa9fffff
261251504001016,10000,10000,46,4349734,130292,Clear Rate,50,1,B,MI,882ab2daa9fffff
261251504001017,10000,10000,10,4349734,130292,Clear Rate,50,1,B,MI,882ab2daa1fffff
261251504001018,10000,10000,30,4349734,130292,Clear Rate,50,1,B,MI,882ab2daa9fffff
261251504001019,10000,10000,23,4349734,130292,Clear Rate,50,1,B,MI,882ab2daa9fffff
261251504001020,10000,10000,20,4349734,130292,Clear Rate,50,1,B,MI,882ab2daabfffff
261251505001000,10000,10000,37,4349734,130292,Clear Rate,50,1,B,MI,882ab2d8ddfffff
261251505001001,10000,10000,15,4349734,130292,Clear Rate,50,1,B,MI,882ab2d8cbfffff
261251505001002,10000,10000,14,4349734,130292,Clear Rate,50,1,B,MI,882ab2d8ddfffff
261251505001003,10000,10000,12,4349734,130292,Clear Rate,50,1,B,MI,882ab2d8cbfffff
261251505001009,10000,10000,2,4349734,130292,Clear Rate,50,1,B,MI,882ab2d8cbfffff
261251505001010,10000,10000,17,4349734,130292,Clear Rate,50,1,B,MI,882ab2d8cbfffff
261251505001014,10000,10000,98,4349734,130292,Clear Rate,50,1,B,MI,882ab2dab7fffff
261251505001015,10000,10000,11,4349734,130292,Clear Rate,50,1,B,MI,882ab2dab7fffff
261251505001016,10000,10000,22,4349734,130292,Clear Rate,50,1,B,MI,882ab2dab7fffff
261251505001018,10000,10000,5,4349734,130292,Clear Rate,50,1,B,MI,882ab2d8d9fffff
261251505001019,10000,10000,3,4349734,130292,Clear Rate,50,1,B,MI,882ab2d8d9fffff
261251526001020,10000,10000,1,4349734,130292,Clear Rate,50,1,B,MI,882ab2d8d7fffff
261251526001021,10000,10000,15,4349734,130292,Clear Rate,50,1,B,MI,882ab2d8d7fffff
261251526001022,10000,10000,7,4349734,130292,Clear Rate,50,1,B,MI,882ab2d8d7fffff
261251526001023,10000,10000,6,4349734,130292,Clear Rate,50,1,B,MI,882ab2d8d7fffff
261251526001026,10000,10000,4,4349734,130292,Clear Rate,50,1,B,MI,882ab2d8d7fffff
261251527003000,10000,10000,17,4349734,130292,Clear Rate,50,1,B,MI,882ab2d89dfffff
261251529001000,10000,10000,1,4349734,130292,Clear Rate,50,1,B,MI,882ab2c32dfffff
261251529001001,10000,10000,53,4349734,130292,Clear Rate,50,1,B,MI,882ab2c321fffff
261251529001002,10000,10000,5,4349734,130292,Clear Rate,50,1,B,MI,882ab2c32dfffff
261251529001003,10000,10000,10,4349734,130292,Clear Rate,50,1,B,MI,882ab2c321fffff
261251529001005,10000,10000,6,4349734,130292,Clear Rate,50,1,B,MI,882ab2c32dfffff
261251529001006,10000,10000,4,4349734,130292,Clear Rate,50,1,B,MI,882ab2c32dfffff
261251529001007,10000,10000,12,4349734,130292,Clear Rate,50,1,B,MI,882ab2c32dfffff
261251529001008,10000,10000,4,4349734,130292,Clear Rate,50,1,B,MI,882ab2c32dfffff
261251529001009,10000,10000,6,4349734,130292,Clear Rate,50,1,B,MI,882ab2c32dfffff
261251529001010,10000,10000,6,4349734,130292,Clear Rate,50,1,B,MI,882ab2c32dfffff
261251529001011,10000,10000,6,4349734,130292,Clear Rate,50,1,B,MI,882ab2c32dfffff
261251529001012,10000,10000,6,4349734,130292,Clear Rate,50,1,B,MI,882ab2c32dfffff
261251529001013,10000,10000,5,4349734,130292,Clear Rate,50,1,B,MI,882ab2c321fffff
261251529001014,10000,10000,6,4349734,130292,Clear Rate,50,1,B,MI,882ab2c321fffff
261251529001015,10000,10000,7,4349734,130292,Clear Rate,50,1,B,MI,882ab2c321fffff
261251529002000,10000,10000,44,4349734,130292,Clear Rate,50,1,B,MI,882ab2d8d3fffff
261251529002001,10000,10000,19,4349734,130292,Clear Rate,50,1,B,MI,882ab2d8d3fffff
261251529002002,10000,10000,9,4349734,130292,Clear Rate,50,1,B,MI,882ab2d8d3fffff
261251529002004,10000,10000,5,4349734,130292,Clear Rate,50,1,B,MI,882ab2d8d3fffff
261251529002005,10000,10000,8,4349734,130292,Clear Rate,50,1,B,MI,882ab2d8d3fffff
261251529002007,10000,10000,2,4349734,130292,Clear Rate,50,1,B,MI,882ab2d8d3fffff
261251529002008,10000,10000,2,4349734,130292,Clear Rate,50,1,B,MI,882ab2d8d3fffff
261251529002009,10000,10000,3,4349734,130292,Clear Rate,50,1,B,MI,882ab2d8d3fffff
261251529002010,10000,10000,28,4349734,130292,Clear Rate,50,1,B,MI,882ab2d8d3fffff
261251529002011,10000,10000,33,4349734,130292,Clear Rate,50,1,B,MI,882ab2d8d3fffff
261251529002012,10000,10000,19,4349734,130292,Clear Rate,50,1,B,MI,882ab2c32dfffff
261251529002013,10000,10000,24,4349734,130292,Clear Rate,50,1,B,MI,882ab2c32dfffff
261251529002014,10000,10000,28,4349734,130292,Clear Rate,50,1,B,MI,882ab2d8d3fffff
261251529002015,10000,10000,15,4349734,130292,Clear Rate,50,1,B,MI,882ab2d8d3fffff
261251529002017,10000,10000,1,4349734,130292,Clear Rate,50,1,B,MI,882ab2d8d3fffff
261251529002018,10000,10000,1,4349734,130292,Clear Rate,50,1,B,MI,882ab2d8d3fffff
261251529002019,10000,10000,20,4349734,130292,Clear Rate,50,1,B,MI,882ab2c325fffff
261251529002022,10000,10000,2,4349734,130292,Clear Rate,50,1,B,MI,882ab2c325fffff
261251529002023,10000,10000,8,4349734,130292,Clear Rate,50,1,B,MI,882ab2d8d3fffff
261251529002024,10000,10000,1,4349734,130292,Clear Rate,50,1,B,MI,882ab2d8d3fffff
261251529002025,10000,10000,1,4349734,130292,Clear Rate,50,1,B,MI,882ab2d8d3fffff
261251529002026,10000,10000,3,4349734,130292,Clear Rate,50,1,B,MI,882ab2c325fffff
261251529002027,10000,10000,20,4349734,130292,Clear Rate,50,1,B,MI,882ab2c325fffff
261251529002028,10000,10000,20,4349734,130292,Clear Rate,50,1,B,MI,882ab2c325fffff
261251529002029,10000,10000,7,4349734,130292,Clear Rate,50,1,B,MI,882ab2c325fffff
261251529002030,10000,10000,3,4349734,130292,Clear Rate,50,1,B,MI,882ab2c325fffff
261251529002032,10000,10000,1,4349734,130292,Clear Rate,50,1,B,MI,882ab2c325fffff
261251529002034,10000,10000,15,4349734,130292,Clear Rate,50,1,B,MI,882ab2c325fffff
261251529003001,10000,10000,10,4349734,130292,Clear Rate,50,1,B,MI,882ab2c325fffff
261251529003003,10000,10000,8,4349734,130292,Clear Rate,50,1,B,MI,882ab2c325fffff
261251529003004,10000,10000,1,4349734,130292,Clear Rate,50,1,B,MI,882ab2c325fffff
261251530001000,10000,10000,32,4349734,130292,Clear Rate,50,1,B,MI,882ab2d8dbfffff
261251530001001,10000,10000,19,4349734,130292,Clear Rate,50,1,B,MI,882ab2d8dbfffff
261251530001002,10000,10000,24,4349734,130292,Clear Rate,50,1,B,MI,882ab2d8dbfffff
261251530001003,10000,10000,12,4349734,130292,Clear Rate,50,1,B,MI,882ab2d8dbfffff
261251530001004,10000,10000,11,4349734,130292,Clear Rate,50,1,B,MI,882ab2d8dbfffff
261251530001005,10000,10000,2,4349734,130292,Clear Rate,50,1,B,MI,882ab2d8dbfffff
261251530001006,10000,10000,32,4349734,130292,Clear Rate,50,1,B,MI,882ab2d8dbfffff
261251530001007,10000,10000,31,4349734,130292,Clear Rate,50,1,B,MI,882ab2d8dbfffff
261251530001008,10000,10000,8,4349734,130292,Clear Rate,50,1,B,MI,882ab2c32dfffff
261251530001011,10000,10000,16,4349734,130292,Clear Rate,50,1,B,MI,882ab2c32dfffff
261251530001012,10000,10000,8,4349734,130292,Clear Rate,50,1,B,MI,882ab2d8dbfffff
261251530002000,10000,10000,64,4349734,130292,Clear Rate,50,1,B,MI,882ab2c367fffff
261251530002001,10000,10000,32,4349734,130292,Clear Rate,50,1,B,MI,882ab2c367fffff
261251530002002,10000,10000,34,4349734,130292,Clear Rate,50,1,B,MI,882ab2c367fffff
261251530002003,10000,10000,33,4349734,130292,Clear Rate,50,1,B,MI,882ab2c367fffff
261251530002004,10000,10000,32,4349734,130292,Clear Rate,50,1,B,MI,882ab2c367fffff
261251530002006,10000,10000,6,4349734,130292,Clear Rate,50,1,B,MI,882ab2c367fffff
261251530002007,10000,10000,5,4349734,130292,Clear Rate,50,1,B,MI,882ab2c367fffff
261251530002009,10000,10000,20,4349734,130292,Clear Rate,50,1,B,MI,882ab2c367fffff
261251530002010,10000,10000,13,4349734,130292,Clear Rate,50,1,B,MI,882ab2c367fffff
261251530002011,10000,10000,7,4349734,130292,Clear Rate,50,1,B,MI,882ab2c367fffff
261251530002012,10000,10000,21,4349734,130292,Clear Rate,50,1,B,MI,882ab2c367fffff
261251531001002,10000,10000,1,4349734,130292,Clear Rate,50,1,B,MI,882ab2d8d9fffff
261251531002008,10000,10000,1,4349734,130292,Clear Rate,50,1,B,MI,882ab2d8d7fffff
261251531002020,10000,10000,14,4349734,130292,Clear Rate,50,1,B,MI,882ab2d8d3fffff
261251531002024,10000,10000,5,4349734,130292,Clear Rate,50,1,B,MI,882ab2d8d3fffff
261251531002025,10000,10000,9,4349734,130292,Clear Rate,50,1,B,MI,882ab2d8d3fffff
261251531002026,10000,10000,13,4349734,130292,Clear Rate,50,1,B,MI,882ab2d8d3fffff
261251531002027,10000,10000,8,4349734,130292,Clear Rate,50,1,B,MI,882ab2d8d3fffff
261251531002034,10000,10000,1,4349734,130292,Clear Rate,50,1,B,MI,882ab2d8d7fffff
261251531002037,10000,10000,5,4349734,130292,Clear Rate,50,1,B,MI,882ab2d8d7fffff
261251531002038,10000,10000,1,4349734,130292,Clear Rate,50,1,B,MI,882ab2d8d7fffff
261251531002039,10000,10000,13,4349734,130292,Clear Rate,50,1,B,MI,882ab2d8d3fffff
261251531003001,10000,10000,15,4349734,130292,Clear Rate,50,1,B,MI,882ab2c32dfffff
261251531003005,10000,10000,20,4349734,130292,Clear Rate,50,1,B,MI,882ab2d8d3fffff
261251531003006,10000,10000,19,4349734,130292,Clear Rate,50,1,B,MI,882ab2d8d3fffff
261251531003007,10000,10000,9,4349734,130292,Clear Rate,50,1,B,MI,882ab2d8d3fffff
261251532001000,10000,10000,2,4349734,130292,Clear Rate,50,1,B,MI,882ab2d8d7fffff
261251532001001,10000,10000,4,4349734,130292,Clear Rate,50,1,B,MI,882ab2d8d7fffff
261251532001002,10000,10000,15,4349734,130292,Clear Rate,50,1,B,MI,882ab2d8d7fffff
261251532001003,10000,10000,15,4349734,130292,Clear Rate,50,1,B,MI,882ab2d8d7fffff
261251532001004,10000,10000,13,4349734,130292,Clear Rate,50,1,B,MI,882ab2d89dfffff
261251532001005,10000,10000,15,4349734,130292,Clear Rate,50,1,B,MI,882ab2d899fffff
261251532001006,10000,10000,11,4349734,130292,Clear Rate,50,1,B,MI,882ab2d899fffff
261251532002000,10000,10000,14,4349734,130292,Clear Rate,50,1,B,MI,882ab2d8d3fffff
261251532002001,10000,10000,8,4349734,130292,Clear Rate,50,1,B,MI,882ab2d8d7fffff
261251532002002,10000,10000,5,4349734,130292,Clear Rate,50,1,B,MI,882ab2d8d7fffff
261251532002003,10000,10000,2,4349734,130292,Clear Rate,50,1,B,MI,882ab2d8d7fffff
261251532002004,10000,10000,1,4349734,130292,Clear Rate,50,1,B,MI,882ab2d8d7fffff
261251532002006,10000,10000,1,4349734,130292,Clear Rate,50,1,B,MI,882ab2d8d7fffff
261251532002007,10000,10000,2,4349734,130292,Clear Rate,50,1,B,MI,882ab2d8d7fffff
261251532002008,10000,10000,2,4349734,130292,Clear Rate,50,1,B,MI,882ab2d8d3fffff
261251532002009,10000,10000,6,4349734,130292,Clear Rate,50,1,B,MI,882ab2d899fffff
261251532002010,10000,10000,11,4349734,130292,Clear Rate,50,1,B,MI,882ab2d899fffff
261251532002011,10000,10000,15,4349734,130292,Clear Rate,50,1,B,MI,882ab2d899fffff
261251532002012,10000,10000,3,4349734,130292,Clear Rate,50,1,B,MI,882ab2d8d7fffff
261251532002013,10000,10000,6,4349734,130292,Clear Rate,50,1,B,MI,882ab2d8d7fffff
261251532002015,10000,10000,2,4349734,130292,Clear Rate,50,1,B,MI,882ab2d8d7fffff
261251532002016,10000,10000,7,4349734,130292,Clear Rate,50,1,B,MI,882ab2d899fffff
261251532002017,10000,10000,13,4349734,130292,Clear Rate,50,1,B,MI,882ab2d899fffff
261251532002018,10000,10000,14,4349734,130292,Clear Rate,50,1,B,MI,882ab2d899fffff
261251532002020,10000,10000,11,4349734,130292,Clear Rate,50,1,B,MI,882ab2d899fffff
261251532002021,10000,10000,18,4349734,130292,Clear Rate,50,1,B,MI,882ab2d899fffff
261251532002022,10000,10000,21,4349734,130292,Clear Rate,50,1,B,MI,882ab2d8d3fffff
261251532002023,10000,10000,17,4349734,130292,Clear Rate,50,1,B,MI,882ab2d899fffff
261251532002024,10000,10000,5,4349734,130292,Clear Rate,50,1,B,MI,882ab2d899fffff
261251533003001,10000,10000,10,4349734,130292,Clear Rate,50,1,B,MI,882ab2c325fffff
261251533003002,10000,10000,7,4349734,130292,Clear Rate,50,1,B,MI,882ab2c325fffff
261251590003015,10000,10000,6,4349734,130292,Clear Rate,50,1,B,MI,882ab2ca29fffff
261251600002012,10000,10000,7,4349734,130292,Clear Rate,50,1,B,MI,882ab2c107fffff
261251600002013,10000,10000,6,4349734,130292,Clear Rate,50,1,B,MI,882ab2c107fffff
261251600002014,10000,10000,4,4349734,130292,Clear Rate,50,1,B,MI,882ab2c107fffff
261251600002020,10000,10000,6,4349734,130292,Clear Rate,50,1,B,MI,882ab2c107fffff
261251600002021,10000,10000,18,4349734,130292,Clear Rate,50,1,B,MI,882ab2c107fffff
261251600002022,10000,10000,17,4349734,130292,Clear Rate,50,1,B,MI,882ab2c107fffff
261251600002023,10000,10000,19,4349734,130292,Clear Rate,50,1,B,MI,882ab2c139fffff
261251600002024,10000,10000,5,4349734,130292,Clear Rate,50,1,B,MI,882ab2c13dfffff
261251600002025,10000,10000,5,4349734,130292,Clear Rate,50,1,B,MI,882ab2c13dfffff
261251600002029,10000,10000,6,4349734,130292,Clear Rate,50,1,B,MI,882ab2c139fffff
261251600002030,10000,10000,16,4349734,130292,Clear Rate,50,1,B,MI,882ab2c139fffff
261251600002031,10000,10000,6,4349734,130292,Clear Rate,50,1,B,MI,882ab2c139fffff
261251600002036,10000,10000,8,4349734,130292,Clear Rate,50,1,B,MI,882ab2c139fffff
261251600002037,10000,10000,6,4349734,130292,Clear Rate,50,1,B,MI,882ab2c139fffff
261251600002038,10000,10000,20,4349734,130292,Clear Rate,50,1,B,MI,882ab2c139fffff
261251600002039,10000,10000,18,4349734,130292,Clear Rate,50,1,B,MI,882ab2c139fffff
261251600002040,10000,10000,17,4349734,130292,Clear Rate,50,1,B,MI,882ab2c139fffff
261251600003000,10000,10000,4,4349734,130292,Clear Rate,50,1,B,MI,882ab2c105fffff
261251600003003,10000,10000,5,4349734,130292,Clear Rate,50,1,B,MI,882ab2c105fffff
261251600003004,10000,10000,5,4349734,130292,Clear Rate,50,1,B,MI,882ab2c105fffff
261251600003005,10000,10000,5,4349734,130292,Clear Rate,50,1,B,MI,882ab2c105fffff
261251600003011,10000,10000,5,4349734,130292,Clear Rate,50,1,B,MI,882ab2c105fffff
261251600003012,10000,10000,7,4349734,130292,Clear Rate,50,1,B,MI,882ab2c105fffff
261251600003013,10000,10000,9,4349734,130292,Clear Rate,50,1,B,MI,882ab2c105fffff
261251600003019,10000,10000,1,4349734,130292,Clear Rate,50,1,B,MI,882ab2c105fffff
261251600003020,10000,10000,1,4349734,130292,Clear Rate,50,1,B,MI,882ab2c107fffff
261251600003022,10000,10000,12,4349734,130292,Clear Rate,50,1,B,MI,882ab2c107fffff
261251600003033,10000,10000,7,4349734,130292,Clear Rate,50,1,B,MI,882ab2c107fffff
261251600003037,10000,10000,8,4349734,130292,Clear Rate,50,1,B,MI,882ab2c107fffff
261251600003038,10000,10000,5,4349734,130292,Clear Rate,50,1,B,MI,882ab2c107fffff
261251600004000,10000,10000,10,4349734,130292,Clear Rate,50,1,B,MI,882ab2c10dfffff
261251600004001,10000,10000,10,4349734,130292,Clear Rate,50,1,B,MI,882ab2c10dfffff
261251600004002,10000,10000,19,4349734,130292,Clear Rate,50,1,B,MI,882ab2c10dfffff
261251600004003,10000,10000,11,4349734,130292,Clear Rate,50,1,B,MI,882ab2c10dfffff
261251600004004,10000,10000,11,4349734,130292,Clear Rate,50,1,B,MI,882ab2c10dfffff
261251600004005,10000,10000,16,4349734,130292,Clear Rate,50,1,B,MI,882ab2c10dfffff
261251600004006,10000,10000,16,4349734,130292,Clear Rate,50,1,B,MI,882ab2c105fffff
261251600004007,10000,10000,12,4349734,130292,Clear Rate,50,1,B,MI,882ab2c105fffff
261251600004008,10000,10000,15,4349734,130292,Clear Rate,50,1,B,MI,882ab2c105fffff
261251600004009,10000,10000,15,4349734,130292,Clear Rate,50,1,B,MI,882ab2c105fffff
261251600004010,10000,10000,12,4349734,130292,Clear Rate,50,1,B,MI,882ab2c105fffff
261251600004011,10000,10000,17,4349734,130292,Clear Rate,50,1,B,MI,882ab2c101fffff
261251600004012,10000,10000,1,4349734,130292,Clear Rate,50,1,B,MI,882ab2c101fffff
261251600004013,10000,10000,18,4349734,130292,Clear Rate,50,1,B,MI,882ab2c101fffff
261251600004014,10000,10000,17,4349734,130292,Clear Rate,50,1,B,MI,882ab2c101fffff
261251600004015,10000,10000,37,4349734,130292,Clear Rate,50,1,B,MI,882ab2c101fffff
261251600004016,10000,10000,18,4349734,130292,Clear Rate,50,1,B,MI,882ab2c107fffff
261251600004017,10000,10000,14,4349734,130292,Clear Rate,50,1,B,MI,882ab2c107fffff
261251600004019,10000,10000,1,4349734,130292,Clear Rate,50,1,B,MI,882ab2c105fffff
261251600004020,10000,10000,12,4349734,130292,Clear Rate,50,1,B,MI,882ab2c107fffff
261251600004021,10000,10000,15,4349734,130292,Clear Rate,50,1,B,MI,882ab2c107fffff
261251600004022,10000,10000,13,4349734,130292,Clear Rate,50,1,B,MI,882ab2c107fffff
261251600004023,10000,10000,1,4349734,130292,Clear Rate,50,1,B,MI,882ab2c107fffff
261251603001000,10000,10000,16,4349734,130292,Clear Rate,50,1,B,MI,882ab2ca39fffff
261251603001001,10000,10000,7,4349734,130292,Clear Rate,50,1,B,MI,882ab2ca3bfffff
261251603001002,10000,10000,1,4349734,130292,Clear Rate,50,1,B,MI,882ab2ca3bfffff
261251603001003,10000,10000,1,4349734,130292,Clear Rate,50,1,B,MI,882ab2ca17fffff
261251603003000,10000,10000,1,4349734,130292,Clear Rate,50,1,B,MI,882ab2ca39fffff
261251603003002,10000,10000,2,4349734,130292,Clear Rate,50,1,B,MI,882ab2ca3bfffff
261251603003003,10000,10000,25,4349734,130292,Clear Rate,50,1,B,MI,882ab2ca39fffff
261251603004000,10000,10000,2,4349734,130292,Clear Rate,50,1,B,MI,882ab2ca3bfffff
261251604001000,10000,10000,26,4349734,130292,Clear Rate,50,1,B,MI,882ab2ca39fffff
261251604001001,10000,10000,61,4349734,130292,Clear Rate,50,1,B,MI,882ab2ca3dfffff
261251604001002,10000,10000,13,4349734,130292,Clear Rate,50,1,B,MI,882ab2ca3dfffff
261251604001003,10000,10000,22,4349734,130292,Clear Rate,50,1,B,MI,882ab2ca39fffff
261251604001004,10000,10000,6,4349734,130292,Clear Rate,50,1,B,MI,882ab2ca3dfffff
261251604002001,10000,10000,29,4349734,130292,Clear Rate,50,1,B,MI,882ab2ca29fffff
261251604002002,10000,10000,4,4349734,130292,Clear Rate,50,1,B,MI,882ab2ca21fffff
261251604002003,10000,10000,1,4349734,130292,Clear Rate,50,1,B,MI,882ab2ca2bfffff
261251604002004,10000,10000,21,4349734,130292,Clear Rate,50,1,B,MI,882ab2ca3dfffff
261251604002005,10000,10000,4,4349734,130292,Clear Rate,50,1,B,MI,882ab2ca3dfffff
261251604002006,10000,10000,5,4349734,130292,Clear Rate,50,1,B,MI,882ab2ca3dfffff
261251604002009,10000,10000,80,4349734,130292,Clear Rate,50,1,B,MI,882ab2ca3dfffff
261251604002010,10000,10000,13,4349734,130292,Clear Rate,50,1,B,MI,882ab2ca23fffff
261251604002011,10000,10000,17,4349734,130292,Clear Rate,50,1,B,MI,882ab2ca23fffff
261251604002012,10000,10000,8,4349734,130292,Clear Rate,50,1,B,MI,882ab2ca3dfffff
261251604002013,10000,10000,17,4349734,130292,Clear Rate,50,1,B,MI,882ab2ca2bfffff
261251604002014,10000,10000,13,4349734,130292,Clear Rate,50,1,B,MI,882ab2ca23fffff
261251604002015,10000,10000,17,4349734,130292,Clear Rate,50,1,B,MI,882ab2ca23fffff
261251604002016,10000,10000,16,4349734,130292,Clear Rate,50,1,B,MI,882ab2ca23fffff
261251604002019,10000,10000,14,4349734,130292,Clear Rate,50,1,B,MI,882ab2ca39fffff
261251604002020,10000,10000,6,4349734,130292,Clear Rate,50,1,B,MI,882ab2ca07fffff
261251604002021,10000,10000,2,4349734,130292,Clear Rate,50,1,B,MI,882ab2ca39fffff
261251605002019,10000,10000,8,4349734,130292,Clear Rate,50,1,B,MI,882ab2c109fffff
261251605002020,10000,10000,4,4349734,130292,Clear Rate,50,1,B,MI,882ab2c109fffff
261251605002021,10000,10000,8,4349734,130292,Clear Rate,50,1,B,MI,882ab2c109fffff
261251605002022,10000,10000,6,4349734,130292,Clear Rate,50,1,B,MI,882ab2c109fffff
261251608003000,10000,10000,7,4349734,130292,Clear Rate,50,1,B,MI,882ab2ca03fffff
261251609001002,10000,10000,21,4349734,130292,Clear Rate,50,1,B,MI,882ab2ca29fffff
261251609001003,10000,10000,1,4349734,130292,Clear Rate,50,1,B,MI,882ab2ca29fffff
261251609001004,10000,10000,4,4349734,130292,Clear Rate,50,1,B,MI,882ab2ca29fffff
261251609001005,10000,10000,2,4349734,130292,Clear Rate,50,1,B,MI,882ab2ca2bfffff
261251609003001,10000,10000,17,4349734,130292,Clear Rate,50,1,B,MI,882ab2ca03fffff
261251609003004,10000,10000,4,4349734,130292,Clear Rate,50,1,B,MI,882ab2ca07fffff
261251609003005,10000,10000,5,4349734,130292,Clear Rate,50,1,B,MI,882ab2ca07fffff
261251609003011,10000,10000,1,4349734,130292,Clear Rate,50,1,B,MI,882ab2ca03fffff
261251610002000,10000,10000,87,4349734,130292,Clear Rate,50,1,B,MI,882ab2caedfffff
261251610002004,10000,10000,21,4349734,130292,Clear Rate,50,1,B,MI,882ab2caedfffff
261251610002007,10000,10000,5,4349734,130292,Clear Rate,50,1,B,MI,882ab2caedfffff
261251610002009,10000,10000,4,4349734,130292,Clear Rate,50,1,B,MI,882ab2caedfffff
261251610002010,10000,10000,7,4349734,130292,Clear Rate,50,1,B,MI,882ab2cae1fffff
261251611001000,10000,10000,33,4349734,130292,Clear Rate,50,1,B,MI,882ab2cac5fffff
261251611001001,10000,10000,13,4349734,130292,Clear Rate,50,1,B,MI,882ab2cac1fffff
261251611001002,10000,10000,20,4349734,130292,Clear Rate,50,1,B,MI,882ab2cac5fffff
261251611001003,10000,10000,19,4349734,130292,Clear Rate,50,1,B,MI,882ab2cac5fffff
261251611001004,10000,10000,23,4349734,130292,Clear Rate,50,1,B,MI,882ab2cac5fffff
261251611001005,10000,10000,71,4349734,130292,Clear Rate,50,1,B,MI,882ab2ca13fffff
261251611001006,10000,10000,31,4349734,130292,Clear Rate,50,1,B,MI,882ab2ca13fffff
261251611001007,10000,10000,27,4349734,130292,Clear Rate,50,1,B,MI,882ab2cae9fffff
261251611001008,10000,10000,17,4349734,130292,Clear Rate,50,1,B,MI,882ab2cae9fffff
261251611001009,10000,10000,12,4349734,130292,Clear Rate,50,1,B,MI,882ab2cae9fffff
261251611001010,10000,10000,24,4349734,130292,Clear Rate,50,1,B,MI,882ab2cae9fffff
261251611001011,10000,10000,20,4349734,130292,Clear Rate,50,1,B,MI,882ab2cae9fffff
261251611001012,10000,10000,14,4349734,130292,Clear Rate,50,1,B,MI,882ab2cae9fffff
261251611001015,10000,10000,14,4349734,130292,Clear Rate,50,1,B,MI,882ab2cae9fffff
261251611001016,10000,10000,15,4349734,130292,Clear Rate,50,1,B,MI,882ab2cae9fffff
261251611001017,10000,10000,20,4349734,130292,Clear Rate,50,1,B,MI,882ab2cae9fffff
261251611001018,10000,10000,18,4349734,130292,Clear Rate,50,1,B,MI,882ab2cae9fffff
261251611001019,10000,10000,26,4349734,130292,Clear Rate,50,1,B,MI,882ab2caebfffff
261251611002000,10000,10000,49,4349734,130292,Clear Rate,50,1,B,MI,882ab2ca13fffff
261251611002001,10000,10000,8,4349734,130292,Clear Rate,50,1,B,MI,882ab2ca13fffff
261251611003000,10000,10000,19,4349734,130292,Clear Rate,50,1,B,MI,882ab2cacdfffff
261251611003001,10000,10000,21,4349734,130292,Clear Rate,50,1,B,MI,882ab2ca13fffff
261251611003002,10000,10000,10,4349734,130292,Clear Rate,50,1,B,MI,882ab2ca13fffff
261251611004009,10000,10000,3,4349734,130292,Clear Rate,50,1,B,MI,882ab2ca17fffff
261251611005000,10000,10000,8,4349734,130292,Clear Rate,50,1,B,MI,882ab2ca17fffff
261251611005001,10000,10000,19,4349734,130292,Clear Rate,50,1,B,MI,882ab2ca17fffff
261251613001000,10000,10000,14,4349734,130292,Clear Rate,50,1,B,MI,882ab2c101fffff
261251613001001,10000,10000,24,4349734,130292,Clear Rate,50,1,B,MI,882ab2c101fffff
261251613001002,10000,10000,24,4349734,130292,Clear Rate,50,1,B,MI,882ab2c101fffff
261251613001003,10000,10000,26,4349734,130292,Clear Rate,50,1,B,MI,882ab2c103fffff
261251613001004,10000,10000,26,4349734,130292,Clear Rate,50,1,B,MI,882ab2c103fffff
261251613001005,10000,10000,23,4349734,130292,Clear Rate,50,1,B,MI,882ab2c103fffff
261251613001006,10000,10000,25,4349734,130292,Clear Rate,50,1,B,MI,882ab2c103fffff
261251613001007,10000,10000,26,4349734,130292,Clear Rate,50,1,B,MI,882ab2c103fffff
261251613001008,10000,10000,25,4349734,130292,Clear Rate,50,1,B,MI,882ab2c10bfffff
261251613001009,10000,10000,21,4349734,130292,Clear Rate,50,1,B,MI,882ab2c10bfffff
261251613001010,10000,10000,15,4349734,130292,Clear Rate,50,1,B,MI,882ab2c10bfffff
261251613001011,10000,10000,24,4349734,130292,Clear Rate,50,1,B,MI,882ab2c103fffff
261251613001012,10000,10000,23,4349734,130292,Clear Rate,50,1,B,MI,882ab2c103fffff
261251613001013,10000,10000,24,4349734,130292,Clear Rate,50,1,B,MI,882ab2c103fffff
261251613001014,10000,10000,25,4349734,130292,Clear Rate,50,1,B,MI,882ab2c103fffff
261251613001015,10000,10000,23,4349734,130292,Clear Rate,50,1,B,MI,882ab2c103fffff
261251613001016,10000,10000,26,4349734,130292,Clear Rate,50,1,B,MI,882ab2c103fffff
261251613002000,10000,10000,14,4349734,130292,Clear Rate,50,1,B,MI,882ab2c10dfffff
261251613002001,10000,10000,17,4349734,130292,Clear Rate,50,1,B,MI,882ab2c10dfffff
261251613002002,10000,10000,53,4349734,130292,Clear Rate,50,1,B,MI,882ab2c10dfffff
261251613002003,10000,10000,14,4349734,130292,Clear Rate,50,1,B,MI,882ab2c10dfffff
261251613002004,10000,10000,25,4349734,130292,Clear Rate,50,1,B,MI,882ab2c10dfffff
261251613002005,10000,10000,10,4349734,130292,Clear Rate,50,1,B,MI,882ab2c10dfffff
261251613002006,10000,10000,27,4349734,130292,Clear Rate,50,1,B,MI,882ab2c101fffff
261251613002007,10000,10000,28,4349734,130292,Clear Rate,50,1,B,MI,882ab2c101fffff
261251613002008,10000,10000,29,4349734,130292,Clear Rate,50,1,B,MI,882ab2c101fffff
261251613002009,10000,10000,22,4349734,130292,Clear Rate,50,1,B,MI,882ab2c101fffff
261251613002010,10000,10000,37,4349734,130292,Clear Rate,50,1,B,MI,882ab2c10dfffff
261251613002011,10000,10000,6,4349734,130292,Clear Rate,50,1,B,MI,882ab2c10dfffff
261251613002012,10000,10000,7,4349734,130292,Clear Rate,50,1,B,MI,882ab2c10dfffff
261251613002013,10000,10000,24,4349734,130292,Clear Rate,50,1,B,MI,882ab2c101fffff
261251613002014,10000,10000,11,4349734,130292,Clear Rate,50,1,B,MI,882ab2c101fffff
261251613002015,10000,10000,21,4349734,130292,Clear Rate,50,1,B,MI,882ab2c101fffff
261251613002016,10000,10000,23,4349734,130292,Clear Rate,50,1,B,MI,882ab2c101fffff
261251613002017,10000,10000,24,4349734,130292,Clear Rate,50,1,B,MI,882ab2c101fffff
261251613002018,10000,10000,24,4349734,130292,Clear Rate,50,1,B,MI,882ab2c101fffff
261251613002019,10000,10000,24,4349734,130292,Clear Rate,50,1,B,MI,882ab2c103fffff
261251613002020,10000,10000,42,4349734,130292,Clear Rate,50,1,B,MI,882ab2c103fffff
261251613002021,10000,10000,32,4349734,130292,Clear Rate,50,1,B,MI,882ab2c103fffff
261251613002022,10000,10000,40,4349734,130292,Clear Rate,50,1,B,MI,882ab2c107fffff
261251613002023,10000,10000,14,4349734,130292,Clear Rate,50,1,B,MI,882ab2c107fffff
261251613002024,10000,10000,10,4349734,130292,Clear Rate,50,1,B,MI,882ab2c107fffff
261251613002025,10000,10000,17,4349734,130292,Clear Rate,50,1,B,MI,882ab2c107fffff
261251613002026,10000,10000,43,4349734,130292,Clear Rate,50,1,B,MI,882ab2c103fffff
261251613003000,10000,10000,9,4349734,130292,Clear Rate,50,1,B,MI,882ab2c109fffff
261251613003001,10000,10000,19,4349734,130292,Clear Rate,50,1,B,MI,882ab2c109fffff
261251613003002,10000,10000,21,4349734,130292,Clear Rate,50,1,B,MI,882ab2c109fffff
261251613003003,10000,10000,18,4349734,130292,Clear Rate,50,1,B,MI,882ab2c109fffff
261251613003004,10000,10000,14,4349734,130292,Clear Rate,50,1,B,MI,882ab2c109fffff
261251613003005,10000,10000,12,4349734,130292,Clear Rate,50,1,B,MI,882ab2c109fffff
261251613003006,10000,10000,10,4349734,130292,Clear Rate,50,1,B,MI,882ab2c109fffff
261251613003007,10000,10000,15,4349734,130292,Clear Rate,50,1,B,MI,882ab2c109fffff
261251613003008,10000,10000,26,4349734,130292,Clear Rate,50,1,B,MI,882ab2c101fffff
261251613003009,10000,10000,26,4349734,130292,Clear Rate,50,1,B,MI,882ab2c101fffff
261251613003010,10000,10000,25,4349734,130292,Clear Rate,50,1,B,MI,882ab2c101fffff
261251613003011,10000,10000,33,4349734,130292,Clear Rate,50,1,B,MI,882ab2c109fffff
261251613003012,10000,10000,37,4349734,130292,Clear Rate,50,1,B,MI,882ab2c109fffff
261251613003013,10000,10000,34,4349734,130292,Clear Rate,50,1,B,MI,882ab2c10bfffff
261251613003014,10000,10000,36,4349734,130292,Clear Rate,50,1,B,MI,882ab2c10bfffff
261251613003015,10000,10000,21,4349734,130292,Clear Rate,50,1,B,MI,882ab2c10bfffff
261251613003016,10000,10000,18,4349734,130292,Clear Rate,50,1,B,MI,882ab2c10bfffff
261251613003017,10000,10000,33,4349734,130292,Clear Rate,50,1,B,MI,882ab2c10bfffff
261251613003018,10000,10000,30,4349734,130292,Clear Rate,50,1,B,MI,882ab2c10bfffff
261251613003019,10000,10000,31,4349734,130292,Clear Rate,50,1,B,MI,882ab2c10bfffff
261251613003020,10000,10000,32,4349734,130292,Clear Rate,50,1,B,MI,882ab2c101fffff
261251613003021,10000,10000,28,4349734,130292,Clear Rate,50,1,B,MI,882ab2c101fffff
261251613003022,10000,10000,30,4349734,130292,Clear Rate,50,1,B,MI,882ab2c101fffff
261251613003023,10000,10000,25,4349734,130292,Clear Rate,50,1,B,MI,882ab2c101fffff
261251614001000,10000,10000,47,4349734,130292,Clear Rate,50,1,B,MI,882ab2c103fffff
261251614001001,10000,10000,5,4349734,130292,Clear Rate,50,1,B,MI,882ab2c103fffff
261251614001005,10000,10000,69,4349734,130292,Clear Rate,50,1,B,MI,882ab2c103fffff
261251614001006,10000,10000,10,4349734,130292,Clear Rate,50,1,B,MI,882ab2c139fffff
261251614001009,10000,10000,12,4349734,130292,Clear Rate,50,1,B,MI,882ab2c103fffff
261251614001010,10000,10000,10,4349734,130292,Clear Rate,50,1,B,MI,882ab2c139fffff
261251614001011,10000,10000,31,4349734,130292,Clear Rate,50,1,B,MI,882ab2c139fffff
261251614001012,10000,10000,9,4349734,130292,Clear Rate,50,1,B,MI,882ab2c107fffff
261251614002000,10000,10000,18,4349734,130292,Clear Rate,50,1,B,MI,882ab2c115fffff
261251614002002,10000,10000,97,4349734,130292,Clear Rate,50,1,B,MI,882ab2c115fffff
261251614002003,10000,10000,22,4349734,130292,Clear Rate,50,1,B,MI,882ab2c115fffff
261251614002004,10000,10000,9,4349734,130292,Clear Rate,50,1,B,MI,882ab2c117fffff
261251614002005,10000,10000,13,4349734,130292,Clear Rate,50,1,B,MI,882ab2c115fffff
261251614002006,10000,10000,25,4349734,130292,Clear Rate,50,1,B,MI,882ab2c13bfffff
261251614002007,10000,10000,24,4349734,130292,Clear Rate,50,1,B,MI,882ab2c13bfffff
261251614002008,10000,10000,18,4349734,130292,Clear Rate,50,1,B,MI,882ab2c117fffff
261251614003000,10000,10000,36,4349734,130292,Clear Rate,50,1,B,MI,882ab2c13bfffff
261251614003001,10000,10000,18,4349734,130292,Clear Rate,50,1,B,MI,882ab2c139fffff
261251614003002,10000,10000,16,4349734,130292,Clear Rate,50,1,B,MI,882ab2c139fffff
261251614003003,10000,10000,15,4349734,130292,Clear Rate,50,1,B,MI,882ab2c139fffff
261251614003004,10000,10000,5,4349734,130292,Clear Rate,50,1,B,MI,882ab2c139fffff
261251614003005,10000,10000,23,4349734,130292,Clear Rate,50,1,B,MI,882ab2c13bfffff
261251614003006,10000,10000,22,4349734,130292,Clear Rate,50,1,B,MI,882ab2c13bfffff
261251614003007,10000,10000,22,4349734,130292,Clear Rate,50,1,B,MI,882ab2c13bfffff
261251614003008,10000,10000,24,4349734,130292,Clear Rate,50,1,B,MI,882ab2c139fffff
261251614003009,10000,10000,11,4349734,130292,Clear Rate,50,1,B,MI,882ab2c139fffff
261251614003010,10000,10000,17,4349734,130292,Clear Rate,50,1,B,MI,882ab2c139fffff
261251614003011,10000,10000,22,4349734,130292,Clear Rate,50,1,B,MI,882ab2c139fffff
261251614003012,10000,10000,7,4349734,130292,Clear Rate,50,1,B,MI,882ab2c131fffff
261251614003013,10000,10000,22,4349734,130292,Clear Rate,50,1,B,MI,882ab2c13bfffff
261251614003014,10000,10000,38,4349734,130292,Clear Rate,50,1,B,MI,882ab2c13bfffff
261251614003015,10000,10000,24,4349734,130292,Clear Rate,50,1,B,MI,882ab2c13bfffff
261251614003016,10000,10000,43,4349734,130292,Clear Rate,50,1,B,MI,882ab2c13bfffff
261251614003017,10000,10000,15,4349734,130292,Clear Rate,50,1,B,MI,882ab2c131fffff
261251614003018,10000,10000,4,4349734,130292,Clear Rate,50,1,B,MI,882ab2c131fffff
261251614003019,10000,10000,31,4349734,130292,Clear Rate,50,1,B,MI,882ab2c13bfffff
261251615001016,10000,10000,3,4349734,130292,Clear Rate,50,1,B,MI,882ab2c131fffff
261251615001017,10000,10000,4,4349734,130292,Clear Rate,50,1,B,MI,882ab2c131fffff
261251615001018,10000,10000,7,4349734,130292,Clear Rate,50,1,B,MI,882ab2c131fffff
261251615001022,10000,10000,9,4349734,130292,Clear Rate,50,1,B,MI,882ab2c131fffff
261251615002000,10000,10000,8,4349734,130292,Clear Rate,50,1,B,MI,882ab2c131fffff
261251615002002,10000,10000,9,4349734,130292,Clear Rate,50,1,B,MI,882ab2c131fffff
261251615002029,10000,10000,11,4349734,130292,Clear Rate,50,1,B,MI,882ab2c131fffff
261251615002030,10000,10000,7,4349734,130292,Clear Rate,50,1,B,MI,882ab2c131fffff
261251615002031,10000,10000,1,4349734,130292,Clear Rate,50,1,B,MI,882ab2c131fffff
261251616001026,10000,10000,5,4349734,130292,Clear Rate,50,1,B,MI,882ab2cacdfffff
261251616002006,10000,10000,2,4349734,130292,Clear Rate,50,1,B,MI,882ab2cac1fffff
261251616002007,10000,10000,32,4349734,130292,Clear Rate,50,1,B,MI,882ab2cac1fffff
261251616002008,10000,10000,3,4349734,130292,Clear Rate,50,1,B,MI,882ab2cac1fffff
261251616002009,10000,10000,25,4349734,130292,Clear Rate,50,1,B,MI,882ab2cac1fffff
261251618001000,10000,10000,161,4349734,130292,Clear Rate,50,1,B,MI,882ab2caebfffff
261251618001001,10000,10000,11,4349734,130292,Clear Rate,50,1,B,MI,882ab2caebfffff
261251618001002,10000,10000,19,4349734,130292,Clear Rate,50,1,B,MI,882ab2caebfffff
261251618001003,10000,10000,23,4349734,130292,Clear Rate,50,1,B,MI,882ab2caebfffff
261251618001004,10000,10000,33,4349734,130292,Clear Rate,50,1,B,MI,882ab2caebfffff
261251618003000,10000,10000,43,4349734,130292,Clear Rate,50,1,B,MI,882ab2cac7fffff
261251618003001,10000,10000,6,4349734,130292,Clear Rate,50,1,B,MI,882ab2caebfffff
261251618003002,10000,10000,7,4349734,130292,Clear Rate,50,1,B,MI,882ab2cac5fffff
261251618003003,10000,10000,10,4349734,130292,Clear Rate,50,1,B,MI,882ab2cac5fffff
261251618003013,10000,10000,8,4349734,130292,Clear Rate,50,1,B,MI,882ab2cac5fffff
261251619001003,10000,10000,77,4349734,130292,Clear Rate,50,1,B,MI,882ab2cacbfffff
261251619001006,10000,10000,11,4349734,130292,Clear Rate,50,1,B,MI,882ab2cac1fffff
261251619001007,10000,10000,9,4349734,130292,Clear Rate,50,1,B,MI,882ab2cac1fffff
261251619001015,10000,10000,1,4349734,130292,Clear Rate,50,1,B,MI,882ab2cac7fffff
261251620001000,10000,10000,120,4349734,130292,Clear Rate,50,1,B,MI,882ab2c133fffff
261251620001001,10000,10000,139,4349734,130292,Clear Rate,50,1,B,MI,882ab2c133fffff
261251620001002,10000,10000,14,4349734,130292,Clear Rate,50,1,B,MI,882ab2c133fffff
261251620001003,10000,10000,16,4349734,130292,Clear Rate,50,1,B,MI,882ab2c133fffff
261251620001004,10000,10000,14,4349734,130292,Clear Rate,50,1,B,MI,882ab2c133fffff
261251620001005,10000,10000,15,4349734,130292,Clear Rate,50,1,B,MI,882ab2c133fffff
261251620001006,10000,10000,6,4349734,130292,Clear Rate,50,1,B,MI,882ab2c133fffff
261251620001007,10000,10000,26,4349734,130292,Clear Rate,50,1,B,MI,882ab2c133fffff
261251620001008,10000,10000,27,4349734,130292,Clear Rate,50,1,B,MI,882ab2c133fffff
261251620001009,10000,10000,23,4349734,130292,Clear Rate,50,1,B,MI,882ab2c1edfffff
261251620001010,10000,10000,26,4349734,130292,Clear Rate,50,1,B,MI,882ab2c133fffff
261251620001011,10000,10000,22,4349734,130292,Clear Rate,50,1,B,MI,882ab2c1e5fffff
261251620001012,10000,10000,22,4349734,130292,Clear Rate,50,1,B,MI,882ab2c1e5fffff
261251620001013,10000,10000,49,4349734,130292,Clear Rate,50,1,B,MI,882ab2c133fffff
261251620002000,10000,10000,2,4349734,130292,Clear Rate,50,1,B,MI,882ab2c133fffff
261251620002014,10000,10000,1,4349734,130292,Clear Rate,50,1,B,MI,882ab2cad9fffff
261251620002018,10000,10000,8,4349734,130292,Clear Rate,50,1,B,MI,882ab2c133fffff
261251620002019,10000,10000,7,4349734,130292,Clear Rate,50,1,B,MI,882ab2c133fffff
261251620002020,10000,10000,7,4349734,130292,Clear Rate,50,1,B,MI,882ab2c133fffff
261251620002021,10000,10000,7,4349734,130292,Clear Rate,50,1,B,MI,882ab2c133fffff
261251620002022,10000,10000,6,4349734,130292,Clear Rate,50,1,B,MI,882ab2c133fffff
261251620003000,10000,10000,21,4349734,130292,Clear Rate,50,1,B,MI,882ab2c117fffff
261251620003001,10000,10000,13,4349734,130292,Clear Rate,50,1,B,MI,882ab2c117fffff
261251620003002,10000,10000,14,4349734,130292,Clear Rate,50,1,B,MI,882ab2c13bfffff
261251620003003,10000,10000,26,4349734,130292,Clear Rate,50,1,B,MI,882ab2c117fffff
261251620003004,10000,10000,22,4349734,130292,Clear Rate,50,1,B,MI,882ab2c117fffff
261251620003005,10000,10000,33,4349734,130292,Clear Rate,50,1,B,MI,882ab2c1edfffff
261251620003006,10000,10000,38,4349734,130292,Clear Rate,50,1,B,MI,882ab2c13bfffff
261251620003007,10000,10000,23,4349734,130292,Clear Rate,50,1,B,MI,882ab2c1edfffff
261251620003008,10000,10000,12,4349734,130292,Clear Rate,50,1,B,MI,882ab2c1edfffff
261251620003009,10000,10000,14,4349734,130292,Clear Rate,50,1,B,MI,882ab2c1edfffff
261251620003010,10000,10000,30,4349734,130292,Clear Rate,50,1,B,MI,882ab2c1edfffff
261251620003011,10000,10000,20,4349734,130292,Clear Rate,50,1,B,MI,882ab2c117fffff
261251620003012,10000,10000,12,4349734,130292,Clear Rate,50,1,B,MI,882ab2c117fffff
261251620003014,10000,10000,18,4349734,130292,Clear Rate,50,1,B,MI,882ab2c117fffff
261251620003015,10000,10000,16,4349734,130292,Clear Rate,50,1,B,MI,882ab2c117fffff
261251620003016,10000,10000,13,4349734,130292,Clear Rate,50,1,B,MI,882ab2c1edfffff
261251620003017,10000,10000,9,4349734,130292,Clear Rate,50,1,B,MI,882ab2c1edfffff
261251620003018,10000,10000,22,4349734,130292,Clear Rate,50,1,B,MI,882ab2c1edfffff
261251620003019,10000,10000,13,4349734,130292,Clear Rate,50,1,B,MI,882ab2c117fffff
261251620003020,10000,10000,16,4349734,130292,Clear Rate,50,1,B,MI,882ab2c117fffff
261251620003021,10000,10000,23,4349734,130292,Clear Rate,50,1,B,MI,882ab2c1edfffff
261251620003022,10000,10000,17,4349734,130292,Clear Rate,50,1,B,MI,882ab2c117fffff
261251620003024,10000,10000,33,4349734,130292,Clear Rate,50,1,B,MI,882ab2c1edfffff
261251620003025,10000,10000,12,4349734,130292,Clear Rate,50,1,B,MI,882ab2c1edfffff
261251620003026,10000,10000,20,4349734,130292,Clear Rate,50,1,B,MI,882ab2c1edfffff
261251620003027,10000,10000,25,4349734,130292,Clear Rate,50,1,B,MI,882ab2c1edfffff
261251620003028,10000,10000,26,4349734,130292,Clear Rate,50,1,B,MI,882ab2c1e9fffff
261251621001003,10000,10000,1,4349734,130292,Clear Rate,50,1,B,MI,882ab2c1e1fffff
261251621001004,10000,10000,9,4349734,130292,Clear Rate,50,1,B,MI,882ab2c1e1fffff
261251621001005,10000,10000,4,4349734,130292,Clear Rate,50,1,B,MI,882ab2c1e1fffff
261251621001006,10000,10000,4,4349734,130292,Clear Rate,50,1,B,MI,882ab2c1e1fffff
261251621001007,10000,10000,4,4349734,130292,Clear Rate,50,1,B,MI,882ab2c1e1fffff
261251621001008,10000,10000,7,4349734,130292,Clear Rate,50,1,B,MI,882ab2c1e1fffff
261251621001012,10000,10000,18,4349734,130292,Clear Rate,50,1,B,MI,882ab2c1e5fffff
261251621001013,10000,10000,9,4349734,130292,Clear Rate,50,1,B,MI,882ab2c1e5fffff
261251621002000,10000,10000,69,4349734,130292,Clear Rate,50,1,B,MI,882ab2c1e5fffff
261251621002001,10000,10000,13,4349734,130292,Clear Rate,50,1,B,MI,882ab2c1e5fffff
261251621003000,10000,10000,7,4349734,130292,Clear Rate,50,1,B,MI,882ab2c1edfffff
261251621003001,10000,10000,10,4349734,130292,Clear Rate,50,1,B,MI,882ab2c1edfffff
261251621003002,10000,10000,10,4349734,130292,Clear Rate,50,1,B,MI,882ab2c1edfffff
261251621003004,10000,10000,1,4349734,130292,Clear Rate,50,1,B,MI,882ab2c1e1fffff
261251621003005,10000,10000,6,4349734,130292,Clear Rate,50,1,B,MI,882ab2c1edfffff
261251621003007,10000,10000,1,4349734,130292,Clear Rate,50,1,B,MI,882ab2c1edfffff
261251621003008,10000,10000,1,4349734,130292,Clear Rate,50,1,B,MI,882ab2c1edfffff
261251621003009,10000,10000,2,4349734,130292,Clear Rate,50,1,B,MI,882ab2c1edfffff
261251622001001,10000,10000,1,4349734,130292,Clear Rate,50,1,B,MI,882ab2c1e1fffff
261251622001002,10000,10000,4,4349734,130292,Clear Rate,50,1,B,MI,882ab2c1e1fffff
261251622001005,10000,10000,17,4349734,130292,Clear Rate,50,1,B,MI,882ab2c1e1fffff
261251622001006,10000,10000,14,4349734,130292,Clear Rate,50,1,B,MI,882ab2c1e1fffff
261251622001007,10000,10000,4,4349734,130292,Clear Rate,50,1,B,MI,882ab2c1e7fffff
261251622001009,10000,10000,2,4349734,130292,Clear Rate,50,1,B,MI,882ab2c1e5fffff
261251622001011,10000,10000,17,4349734,130292,Clear Rate,50,1,B,MI,882ab2c1e1fffff
261251622001012,10000,10000,8,4349734,130292,Clear Rate,50,1,B,MI,882ab2c1e1fffff
261251622001019,10000,10000,3,4349734,130292,Clear Rate,50,1,B,MI,882ab2c1e7fffff
261251622002001,10000,10000,2,4349734,130292,Clear Rate,50,1,B,MI,882ab2c1e3fffff
261251622002007,10000,10000,1,4349734,130292,Clear Rate,50,1,B,MI,882ab2c1e3fffff
261251622002009,10000,10000,4,4349734,130292,Clear Rate,50,1,B,MI,882ab2c1e3fffff
261251623001001,10000,10000,14,4349734,130292,Clear Rate,50,1,B,MI,882ab2c1adfffff
261251623001002,10000,10000,2,4349734,130292,Clear Rate,50,1,B,MI,882ab2c1adfffff
261251623001003,10000,10000,24,4349734,130292,Clear Rate,50,1,B,MI,882ab2c1adfffff
261251623001004,10000,10000,15,4349734,130292,Clear Rate,50,1,B,MI,882ab2c1adfffff
261251623001005,10000,10000,15,4349734,130292,Clear Rate,50,1,B,MI,882ab2cadbfffff
261251623001006,10000,10000,15,4349734,130292,Clear Rate,50,1,B,MI,882ab2cadbfffff
261251623001007,10000,10000,13,4349734,130292,Clear Rate,50,1,B,MI,882ab2c1adfffff
261251623001009,10000,10000,47,4349734,130292,Clear Rate,50,1,B,MI,882ab2c1e7fffff
261251623001010,10000,10000,16,4349734,130292,Clear Rate,50,1,B,MI,882ab2c1e7fffff
261251623001011,10000,10000,13,4349734,130292,Clear Rate,50,1,B,MI,882ab2c1e7fffff
261251623001012,10000,10000,1,4349734,130292,Clear Rate,50,1,B,MI,882ab2c1e7fffff
261251623001013,10000,10000,19,4349734,130292,Clear Rate,50,1,B,MI,882ab2c1e7fffff
261251623001014,10000,10000,16,4349734,130292,Clear Rate,50,1,B,MI,882ab2c1e7fffff
261251623001015,10000,10000,31,4349734,130292,Clear Rate,50,1,B,MI,882ab2c1e7fffff
261251623001016,10000,10000,18,4349734,130292,Clear Rate,50,1,B,MI,882ab2c1e7fffff
261251623001018,10000,10000,18,4349734,130292,Clear Rate,50,1,B,MI,882ab2c1e7fffff
261251623001019,10000,10000,24,4349734,130292,Clear Rate,50,1,B,MI,882ab2c1adfffff
261251623001020,10000,10000,15,4349734,130292,Clear Rate,50,1,B,MI,882ab2c1a9fffff
261251623001021,10000,10000,17,4349734,130292,Clear Rate,50,1,B,MI,882ab2c1a9fffff
261251623001022,10000,10000,7,4349734,130292,Clear Rate,50,1,B,MI,882ab2c1a9fffff
261251623001025,10000,10000,3,4349734,130292,Clear Rate,50,1,B,MI,882ab2c1adfffff
261251623001028,10000,10000,2,4349734,130292,Clear Rate,50,1,B,MI,882ab2c1a9fffff
261251623001029,10000,10000,16,4349734,130292,Clear Rate,50,1,B,MI,882ab2c1adfffff
261251623004000,10000,10000,6,4349734,130292,Clear Rate,50,1,B,MI,882ab2cadbfffff
261251623004001,10000,10000,10,4349734,130292,Clear Rate,50,1,B,MI,882ab2c1adfffff
261251623004002,10000,10000,9,4349734,130292,Clear Rate,50,1,B,MI,882ab2cadbfffff
261251623004003,10000,10000,7,4349734,130292,Clear Rate,50,1,B,MI,882ab2cadbfffff
261251623004004,10000,10000,8,4349734,130292,Clear Rate,50,1,B,MI,882ab2cadbfffff
261251623004005,10000,10000,11,4349734,130292,Clear Rate,50,1,B,MI,882ab2c1adfffff
261251623004006,10000,10000,11,4349734,130292,Clear Rate,50,1,B,MI,882ab2cadbfffff
261251623004008,10000,10000,11,4349734,130292,Clear Rate,50,1,B,MI,882ab2c1adfffff
261251623004009,10000,10000,12,4349734,130292,Clear Rate,50,1,B,MI,882ab2c1adfffff
261251623004010,10000,10000,5,4349734,130292,Clear Rate,50,1,B,MI,882ab2c1adfffff
261251623004011,10000,10000,12,4349734,130292,Clear Rate,50,1,B,MI,882ab2c1adfffff
261251623004012,10000,10000,11,4349734,130292,Clear Rate,50,1,B,MI,882ab2c1adfffff
261251651001000,10000,10000,100,4349734,130292,Clear Rate,50,1,B,MI,882ab2c823fffff
261251651001001,10000,10000,33,4349734,130292,Clear Rate,50,1,B,MI,882ab2c9c9fffff
261251651001002,10000,10000,4,4349734,130292,Clear Rate,50,1,B,MI,882ab2c823fffff
261251651001003,10000,10000,28,4349734,130292,Clear Rate,50,1,B,MI,882ab2c823fffff
261251651001004,10000,10000,30,4349734,130292,Clear Rate,50,1,B,MI,882ab2c823fffff
261251651001005,10000,10000,21,4349734,130292,Clear Rate,50,1,B,MI,882ab2c835fffff
261251651001006,10000,10000,17,4349734,130292,Clear Rate,50,1,B,MI,882ab2c835fffff
261251651001007,10000,10000,27,4349734,130292,Clear Rate,50,1,B,MI,882ab2c835fffff
261251651001008,10000,10000,28,4349734,130292,Clear Rate,50,1,B,MI,882ab2c835fffff
261251651001009,10000,10000,26,4349734,130292,Clear Rate,50,1,B,MI,882ab2c835fffff
261251651001010,10000,10000,22,4349734,130292,Clear Rate,50,1,B,MI,882ab2c835fffff
261251651001011,10000,10000,18,4349734,130292,Clear Rate,50,1,B,MI,882ab2c9c9fffff
261251651001012,10000,10000,21,4349734,130292,Clear Rate,50,1,B,MI,882ab2c835fffff
261251651001013,10000,10000,44,4349734,130292,Clear Rate,50,1,B,MI,882ab2c835fffff
261251651001014,10000,10000,16,4349734,130292,Clear Rate,50,1,B,MI,882ab2c835fffff
261251651002021,10000,10000,11,4349734,130292,Clear Rate,50,1,B,MI,882ab2c821fffff
261251652001001,10000,10000,34,4349734,130292,Clear Rate,50,1,B,MI,882ab2c919fffff
261251652001003,10000,10000,10,4349734,130292,Clear Rate,50,1,B,MI,882ab2c953fffff
261251652001009,10000,10000,2,4349734,130292,Clear Rate,50,1,B,MI,882ab2c825fffff
261251652002000,10000,10000,31,4349734,130292,Clear Rate,50,1,B,MI,882ab2c90bfffff
261251652002001,10000,10000,2,4349734,130292,Clear Rate,50,1,B,MI,882ab2c91dfffff
261251652002002,10000,10000,2,4349734,130292,Clear Rate,50,1,B,MI,882ab2c91dfffff
261251652002003,10000,10000,1,4349734,130292,Clear Rate,50,1,B,MI,882ab2c91dfffff
261251652002004,10000,10000,1,4349734,130292,Clear Rate,50,1,B,MI,882ab2c91dfffff
261251652002007,10000,10000,5,4349734,130292,Clear Rate,50,1,B,MI,882ab2c91dfffff
261251652002008,10000,10000,3,4349734,130292,Clear Rate,50,1,B,MI,882ab2c91dfffff
261251652002009,10000,10000,39,4349734,130292,Clear Rate,50,1,B,MI,882ab2c919fffff
261251652003000,10000,10000,82,4349734,130292,Clear Rate,50,1,B,MI,882ab2c919fffff
261251652003001,10000,10000,70,4349734,130292,Clear Rate,50,1,B,MI,882ab2c957fffff
261251652003002,10000,10000,3,4349734,130292,Clear Rate,50,1,B,MI,882ab2c957fffff
261251652003003,10000,10000,3,4349734,130292,Clear Rate,50,1,B,MI,882ab2c957fffff
261251660001003,10000,10000,6,4349734,130292,Clear Rate,50,1,B,MI,882ab2cb5bfffff
261251660001007,10000,10000,2,4349734,130292,Clear Rate,50,1,B,MI,882ab2cb5bfffff
261251660001012,10000,10000,2,4349734,130292,Clear Rate,50,1,B,MI,882ab2cb5bfffff
261251665002000,10000,10000,5,4349734,130292,Clear Rate,50,1,B,MI,882ab2cb1dfffff
261251665002009,10000,10000,12,4349734,130292,Clear Rate,50,1,B,MI,882ab2cb11fffff
261251666001001,10000,10000,46,4349734,130292,Clear Rate,50,1,B,MI,882ab2cb11fffff
261251666001007,10000,10000,10,4349734,130292,Clear Rate,50,1,B,MI,882ab2cb1dfffff
261251666001008,10000,10000,24,4349734,130292,Clear Rate,50,1,B,MI,882ab2cb11fffff
261251666002000,10000,10000,97,4349734,130292,Clear Rate,50,1,B,MI,882ab2cb19fffff
261251666002001,10000,10000,6,4349734,130292,Clear Rate,50,1,B,MI,882ab2ca25fffff
261251666002003,10000,10000,46,4349734,130292,Clear Rate,50,1,B,MI,882ab2cb19fffff
261251666003000,10000,10000,8,4349734,130292,Clear Rate,50,1,B,MI,882ab2cb1bfffff
261251666003001,10000,10000,25,4349734,130292,Clear Rate,50,1,B,MI,882ab2cb11fffff
261251666003002,10000,10000,6,4349734,130292,Clear Rate,50,1,B,MI,882ab2cb1bfffff
261251666003003,10000,10000,2,4349734,130292,Clear Rate,50,1,B,MI,882ab2cb1bfffff
261251666003004,10000,10000,3,4349734,130292,Clear Rate,50,1,B,MI,882ab2cb11fffff
261251667001000,10000,10000,16,4349734,130292,Clear Rate,50,1,B,MI,882ab2ca21fffff
261251667001001,10000,10000,16,4349734,130292,Clear Rate,50,1,B,MI,882ab2ca21fffff
261251667001002,10000,10000,156,4349734,130292,Clear Rate,50,1,B,MI,882ab2ca27fffff
261251667001003,10000,10000,6,4349734,130292,Clear Rate,50,1,B,MI,882ab2ca27fffff
261251667001004,10000,10000,17,4349734,130292,Clear Rate,50,1,B,MI,882ab2ca27fffff
261251667001005,10000,10000,11,4349734,130292,Clear Rate,50,1,B,MI,882ab2ca27fffff
261251667001006,10000,10000,4,4349734,130292,Clear Rate,50,1,B,MI,882ab2ca27fffff
261251667001007,10000,10000,2,4349734,130292,Clear Rate,50,1,B,MI,882ab2ca27fffff
261251667001008,10000,10000,18,4349734,130292,Clear Rate,50,1,B,MI,882ab2ca23fffff
261251667001009,10000,10000,14,4349734,130292,Clear Rate,50,1,B,MI,882ab2ca27fffff
261251667001010,10000,10000,17,4349734,130292,Clear Rate,50,1,B,MI,882ab2ca23fffff
261251667001011,10000,10000,17,4349734,130292,Clear Rate,50,1,B,MI,882ab2ca23fffff
261251667001012,10000,10000,45,4349734,130292,Clear Rate,50,1,B,MI,882ab2ca27fffff
261251667002000,10000,10000,6,4349734,130292,Clear Rate,50,1,B,MI,882ab2ca29fffff
261251667002001,10000,10000,3,4349734,130292,Clear Rate,50,1,B,MI,882ab2ca2dfffff
261251667002002,10000,10000,7,4349734,130292,Clear Rate,50,1,B,MI,882ab2ca2dfffff
261251667002005,10000,10000,6,4349734,130292,Clear Rate,50,1,B,MI,882ab2ca2dfffff
261251667002006,10000,10000,1,4349734,130292,Clear Rate,50,1,B,MI,882ab2ca29fffff
261251667002007,10000,10000,29,4349734,130292,Clear Rate,50,1,B,MI,882ab2ca2dfffff
261251667002008,10000,10000,3,4349734,130292,Clear Rate,50,1,B,MI,882ab2ca2dfffff
261251667002009,10000,10000,2,4349734,130292,Clear Rate,50,1,B,MI,882ab2ca25fffff
261251667002010,10000,10000,2,4349734,130292,Clear Rate,50,1,B,MI,882ab2ca25fffff
261251667002011,10000,10000,65,4349734,130292,Clear Rate,50,1,B,MI,882ab2ca21fffff
261251667002012,10000,10000,15,4349734,130292,Clear Rate,50,1,B,MI,882ab2ca21fffff
261251667002013,10000,10000,19,4349734,130292,Clear Rate,50,1,B,MI,882ab2ca21fffff
261251667002014,10000,10000,11,4349734,130292,Clear Rate,50,1,B,MI,882ab2ca2dfffff
261251667002015,10000,10000,1,4349734,130292,Clear Rate,50,1,B,MI,882ab2ca25fffff
261251667002016,10000,10000,54,4349734,130292,Clear Rate,50,1,B,MI,882ab2ca27fffff
261251667002017,10000,10000,20,4349734,130292,Clear Rate,50,1,B,MI,882ab2ca25fffff
261251667002018,10000,10000,3,4349734,130292,Clear Rate,50,1,B,MI,882ab2ca25fffff
261251667002019,10000,10000,5,4349734,130292,Clear Rate,50,1,B,MI,882ab2ca21fffff
261251667002020,10000,10000,58,4349734,130292,Clear Rate,50,1,B,MI,882ab2ca21fffff
261251670001000,10000,10000,4,4349734,130292,Clear Rate,50,1,B,MI,882ab2cb11fffff
261251670005007,10000,10000,54,4349734,130292,Clear Rate,50,1,B,MI,882ab2c951fffff
261251670005009,10000,10000,15,4349734,130292,Clear Rate,50,1,B,MI,882ab2c953fffff
261251673001011,10000,10000,26,4349734,130292,Clear Rate,50,1,B,MI,882ab2c83dfffff
261251673001012,10000,10000,9,4349734,130292,Clear Rate,50,1,B,MI,882ab2c839fffff
261251673001016,10000,10000,12,4349734,130292,Clear Rate,50,1,B,MI,882ab2c839fffff
261251673001018,10000,10000,51,4349734,130292,Clear Rate,50,1,B,MI,882ab2c831fffff
261251673002006,10000,10000,70,4349734,130292,Clear Rate,50,1,B,MI,882ab2c823fffff
261251673002007,10000,10000,30,4349734,130292,Clear Rate,50,1,B,MI,882ab2c83dfffff
261251673002008,10000,10000,72,4349734,130292,Clear Rate,50,1,B,MI,882ab2c83dfffff
261251673002009,10000,10000,28,4349734,130292,Clear Rate,50,1,B,MI,882ab2c83dfffff
261251673002010,10000,10000,90,4349734,130292,Clear Rate,50,1,B,MI,882ab2c831fffff
261251673002011,10000,10000,8,4349734,130292,Clear Rate,50,1,B,MI,882ab2c83dfffff
261251673002012,10000,10000,9,4349734,130292,Clear Rate,50,1,B,MI,882ab2c83dfffff
261251673002013,10000,10000,28,4349734,130292,Clear Rate,50,1,B,MI,882ab2c83dfffff
261251673002014,10000,10000,15,4349734,130292,Clear Rate,50,1,B,MI,882ab2c835fffff
261251673002015,10000,10000,45,4349734,130292,Clear Rate,50,1,B,MI,882ab2c835fffff
261251673002016,10000,10000,17,4349734,130292,Clear Rate,50,1,B,MI,882ab2c835fffff
261251673002017,10000,10000,13,4349734,130292,Clear Rate,50,1,B,MI,882ab2c835fffff
261251673002018,10000,10000,15,4349734,130292,Clear Rate,50,1,B,MI,882ab2c835fffff
261251673002019,10000,10000,9,4349734,130292,Clear Rate,50,1,B,MI,882ab2c835fffff
261251673002020,10000,10000,11,4349734,130292,Clear Rate,50,1,B,MI,882ab2c835fffff
261251673002021,10000,10000,10,4349734,130292,Clear Rate,50,1,B,MI,882ab2c83dfffff
261251673002022,10000,10000,7,4349734,130292,Clear Rate,50,1,B,MI,882ab2c831fffff
261251673002023,10000,10000,4,4349734,130292,Clear Rate,50,1,B,MI,882ab2c831fffff
261251673002024,10000,10000,6,4349734,130292,Clear Rate,50,1,B,MI,882ab2c835fffff
261251684003000,10000,10000,43,4349734,130292,Clear Rate,50,1,B,MI,882ab2c901fffff
261251684003002,10000,10000,3,4349734,130292,Clear Rate,50,1,B,MI,882ab2c905fffff
261251684003004,10000,10000,2,4349734,130292,Clear Rate,50,1,B,MI,882ab2c907fffff
261251684003005,10000,10000,2,4349734,130292,Clear Rate,50,1,B,MI,882ab2c907fffff
261251684003007,10000,10000,1,4349734,130292,Clear Rate,50,1,B,MI,882ab2c903fffff
261251684003010,10000,10000,9,4349734,130292,Clear Rate,50,1,B,MI,882ab2c907fffff
261251684003011,10000,10000,7,4349734,130292,Clear Rate,50,1,B,MI,882ab2c903fffff
261251684003013,10000,10000,11,4349734,130292,Clear Rate,50,1,B,MI,882ab2c903fffff
261251685001000,10000,10000,8,4349734,130292,Clear Rate,50,1,B,MI,882ab2c919fffff
261251685001001,10000,10000,10,4349734,130292,Clear Rate,50,1,B,MI,882ab2c919fffff
261251685001002,10000,10000,8,4349734,130292,Clear Rate,50,1,B,MI,882ab2c919fffff
261251685001006,10000,10000,3,4349734,130292,Clear Rate,50,1,B,MI,882ab2c911fffff
261251685001008,10000,10000,23,4349734,130292,Clear Rate,50,1,B,MI,882ab2c911fffff
261251685001009,10000,10000,41,4349734,130292,Clear Rate,50,1,B,MI,882ab2c91bfffff
261251685001013,10000,10000,1,4349734,130292,Clear Rate,50,1,B,MI,882ab2c911fffff
261251685002000,10000,10000,43,4349734,130292,Clear Rate,50,1,B,MI,882ab2c919fffff
261251685002001,10000,10000,17,4349734,130292,Clear Rate,50,1,B,MI,882ab2c825fffff
261251685002005,10000,10000,14,4349734,130292,Clear Rate,50,1,B,MI,882ab2c91bfffff
261251685002006,10000,10000,1,4349734,130292,Clear Rate,50,1,B,MI,882ab2c91bfffff
261251685002007,10000,10000,13,4349734,130292,Clear Rate,50,1,B,MI,882ab2c91bfffff
261251685002008,10000,10000,8,4349734,130292,Clear Rate,50,1,B,MI,882ab2c91bfffff
261251685002009,10000,10000,34,4349734,130292,Clear Rate,50,1,B,MI,882ab2c825fffff
261251685002010,10000,10000,5,4349734,130292,Clear Rate,50,1,B,MI,882ab2c91bfffff
261251686011000,10000,10000,12,4349734,130292,Clear Rate,50,1,B,MI,882ab2c913fffff
261251686011002,10000,10000,34,4349734,130292,Clear Rate,50,1,B,MI,882ab2c913fffff
261251686011003,10000,10000,8,4349734,130292,Clear Rate,50,1,B,MI,882ab2c913fffff
261251686012000,10000,10000,19,4349734,130292,Clear Rate,50,1,B,MI,882ab2c913fffff
261251686012001,10000,10000,1,4349734,130292,Clear Rate,50,1,B,MI,882ab2c9c5fffff
261251686021000,10000,10000,81,4349734,130292,Clear Rate,50,1,B,MI,882ab2c9c5fffff
261251686021001,10000,10000,43,4349734,130292,Clear Rate,50,1,B,MI,882ab2c9cdfffff
261251686021002,10000,10000,53,4349734,130292,Clear Rate,50,1,B,MI,882ab2c9c5fffff
261251686022000,10000,10000,27,4349734,130292,Clear Rate,50,1,B,MI,882ab2c827fffff
261251686022001,10000,10000,12,4349734,130292,Clear Rate,50,1,B,MI,882ab2c827fffff
261251686022002,10000,10000,53,4349734,130292,Clear Rate,50,1,B,MI,882ab2c9cdfffff
261251686022003,10000,10000,17,4349734,130292,Clear Rate,50,1,B,MI,882ab2c9cdfffff
261251686022004,10000,10000,113,4349734,130292,Clear Rate,50,1,B,MI,882ab2c913fffff
261251686022005,10000,10000,26,4349734,130292,Clear Rate,50,1,B,MI,882ab2c91bfffff
261251686022006,10000,10000,3,4349734,130292,Clear Rate,50,1,B,MI,882ab2c91bfffff
261251686022007,10000,10000,6,4349734,130292,Clear Rate,50,1,B,MI,882ab2c9cdfffff
261251686022008,10000,10000,7,4349734,130292,Clear Rate,50,1,B,MI,882ab2c9cdfffff
261251686022009,10000,10000,16,4349734,130292,Clear Rate,50,1,B,MI,882ab2c913fffff
261251686022010,10000,10000,14,4349734,130292,Clear Rate,50,1,B,MI,882ab2c91bfffff
261251686023000,10000,10000,138,4349734,130292,Clear Rate,50,1,B,MI,882ab2c9c9fffff
261251686023001,10000,10000,21,4349734,130292,Clear Rate,50,1,B,MI,882ab2c823fffff
261251686023002,10000,10000,28,4349734,130292,Clear Rate,50,1,B,MI,882ab2c823fffff
261251686023003,10000,10000,30,4349734,130292,Clear Rate,50,1,B,MI,882ab2c827fffff
261251686023004,10000,10000,33,4349734,130292,Clear Rate,50,1,B,MI,882ab2c9c9fffff
261251686023005,10000,10000,16,4349734,130292,Clear Rate,50,1,B,MI,882ab2c9c9fffff
261251686023006,10000,10000,12,4349734,130292,Clear Rate,50,1,B,MI,882ab2c9c9fffff
261251686023007,10000,10000,19,4349734,130292,Clear Rate,50,1,B,MI,882ab2c9c9fffff
261251686023008,10000,10000,16,4349734,130292,Clear Rate,50,1,B,MI,882ab2c9c9fffff
261251686023009,10000,10000,9,4349734,130292,Clear Rate,50,1,B,MI,882ab2c9c9fffff
261251686023010,10000,10000,40,4349734,130292,Clear Rate,50,1,B,MI,882ab2c9c9fffff
261251686023011,10000,10000,24,4349734,130292,Clear Rate,50,1,B,MI,882ab2c9c9fffff
261251686023012,10000,10000,19,4349734,130292,Clear Rate,50,1,B,MI,882ab2c9c9fffff
261251686023013,10000,10000,48,4349734,130292,Clear Rate,50,1,B,MI,882ab2c9c1fffff
261251686023014,10000,10000,40,4349734,130292,Clear Rate,50,1,B,MI,882ab2c9c9fffff
261251686023015,10000,10000,27,4349734,130292,Clear Rate,50,1,B,MI,882ab2c9c9fffff
261251687003001,10000,10000,14,4349734,130292,Clear Rate,50,1,B,MI,882ab2c90bfffff
261251689011000,10000,10000,30,4349734,130292,Clear Rate,50,1,B,MI,882ab2c953fffff
261251689011001,10000,10000,1,4349734,130292,Clear Rate,50,1,B,MI,882ab2c957fffff
261251689011002,10000,10000,7,4349734,130292,Clear Rate,50,1,B,MI,882ab2c951fffff
261251689011003,10000,10000,2,4349734,130292,Clear Rate,50,1,B,MI,882ab2c957fffff
261251689011005,10000,10000,1,4349734,130292,Clear Rate,50,1,B,MI,882ab2c957fffff
261251689011006,10000,10000,27,4349734,130292,Clear Rate,50,1,B,MI,882ab2c957fffff
261251689011007,10000,10000,12,4349734,130292,Clear Rate,50,1,B,MI,882ab2c957fffff
261251689012000,10000,10000,28,4349734,130292,Clear Rate,50,1,B,MI,882ab2c957fffff
261251689012001,10000,10000,10,4349734,130292,Clear Rate,50,1,B,MI,882ab2c955fffff
261251689012002,10000,10000,21,4349734,130292,Clear Rate,50,1,B,MI,882ab2c951fffff
261251689012003,10000,10000,1,4349734,130292,Clear Rate,50,1,B,MI,882ab2c957fffff
261251689012005,10000,10000,4,4349734,130292,Clear Rate,50,1,B,MI,882ab2c957fffff
261251689012006,10000,10000,5,4349734,130292,Clear Rate,50,1,B,MI,882ab2c957fffff
261251689012007,10000,10000,17,4349734,130292,Clear Rate,50,1,B,MI,882ab2c953fffff
261251689012008,10000,10000,3,4349734,130292,Clear Rate,50,1,B,MI,882ab2c951fffff
261251689012009,10000,10000,2,4349734,130292,Clear Rate,50,1,B,MI,882ab2c957fffff
261251689021000,10000,10000,2,4349734,130292,Clear Rate,50,1,B,MI,882ab2c955fffff
261251689021002,10000,10000,1,4349734,130292,Clear Rate,50,1,B,MI,882ab2c955fffff
261251689022000,10000,10000,13,4349734,130292,Clear Rate,50,1,B,MI,882ab2c957fffff
261251689022001,10000,10000,2,4349734,130292,Clear Rate,50,1,B,MI,882ab2c957fffff
261251689022002,10000,10000,3,4349734,130292,Clear Rate,50,1,B,MI,882ab2c957fffff
261251689022003,10000,10000,6,4349734,130292,Clear Rate,50,1,B,MI,882ab2c957fffff
261251689022004,10000,10000,2,4349734,130292,Clear Rate,50,1,B,MI,882ab2c957fffff
261251689022005,10000,10000,2,4349734,130292,Clear Rate,50,1,B,MI,882ab2c957fffff
261251689023000,10000,10000,18,4349734,130292,Clear Rate,50,1,B,MI,882ab2c90bfffff
261251689023001,10000,10000,1,4349734,130292,Clear Rate,50,1,B,MI,882ab2c90bfffff
261251689023003,10000,10000,2,4349734,130292,Clear Rate,50,1,B,MI,882ab2c90bfffff
261251700001003,10000,10000,4,4349734,130292,Clear Rate,50,1,B,MI,882ab2c15bfffff
261251700001020,10000,10000,16,4349734,130292,Clear Rate,50,1,B,MI,882ab2c15bfffff
261251701001018,10000,10000,36,4349734,130292,Clear Rate,50,1,B,MI,882ab2c155fffff
261251701001019,10000,10000,22,4349734,130292,Clear Rate,50,1,B,MI,882ab2c155fffff
261251701001020,10000,10000,23,4349734,130292,Clear Rate,50,1,B,MI,882ab2c155fffff
261251701001021,10000,10000,21,4349734,130292,Clear Rate,50,1,B,MI,882ab2c155fffff
261251701001022,10000,10000,22,4349734,130292,Clear Rate,50,1,B,MI,882ab2c109fffff
261251701001023,10000,10000,22,4349734,130292,Clear Rate,50,1,B,MI,882ab2c109fffff
261251701001024,10000,10000,14,4349734,130292,Clear Rate,50,1,B,MI,882ab2c109fffff
261251701001025,10000,10000,10,4349734,130292,Clear Rate,50,1,B,MI,882ab2c109fffff
261251701002011,10000,10000,23,4349734,130292,Clear Rate,50,1,B,MI,882ab2c15dfffff
261251701002012,10000,10000,23,4349734,130292,Clear Rate,50,1,B,MI,882ab2c155fffff
261251701002013,10000,10000,24,4349734,130292,Clear Rate,50,1,B,MI,882ab2c155fffff
261251701002014,10000,10000,32,4349734,130292,Clear Rate,50,1,B,MI,882ab2c155fffff
261251702001004,10000,10000,9,4349734,130292,Clear Rate,50,1,B,MI,882ab2c155fffff
261251702001005,10000,10000,20,4349734,130292,Clear Rate,50,1,B,MI,882ab2c155fffff
261251702001006,10000,10000,26,4349734,130292,Clear Rate,50,1,B,MI,882ab2c155fffff
261251702001007,10000,10000,21,4349734,130292,Clear Rate,50,1,B,MI,882ab2c155fffff
261251702001008,10000,10000,22,4349734,130292,Clear Rate,50,1,B,MI,882ab2c155fffff
261251702001009,10000,10000,42,4349734,130292,Clear Rate,50,1,B,MI,882ab2c155fffff
261251702001010,10000,10000,37,4349734,130292,Clear Rate,50,1,B,MI,882ab2c155fffff
261251702001011,10000,10000,37,4349734,130292,Clear Rate,50,1,B,MI,882ab2c155fffff
261251702001012,10000,10000,37,4349734,130292,Clear Rate,50,1,B,MI,882ab2c155fffff
261251702001013,10000,10000,30,4349734,130292,Clear Rate,50,1,B,MI,882ab2c155fffff
261251702001021,10000,10000,11,4349734,130292,Clear Rate,50,1,B,MI,882ab2c157fffff
261251702001022,10000,10000,36,4349734,130292,Clear Rate,50,1,B,MI,882ab2c157fffff
261251702001023,10000,10000,36,4349734,130292,Clear Rate,50,1,B,MI,882ab2c155fffff
261251702001024,10000,10000,35,4349734,130292,Clear Rate,50,1,B,MI,882ab2c155fffff
261251702001025,10000,10000,35,4349734,130292,Clear Rate,50,1,B,MI,882ab2c155fffff
261251702001026,10000,10000,35,4349734,130292,Clear Rate,50,1,B,MI,882ab2c155fffff
261251702002000,10000,10000,13,4349734,130292,Clear Rate,50,1,B,MI,882ab2c155fffff
261251702002001,10000,10000,21,4349734,130292,Clear Rate,50,1,B,MI,882ab2c155fffff
261251702002002,10000,10000,21,4349734,130292,Clear Rate,50,1,B,MI,882ab2c155fffff
261251702002003,10000,10000,9,4349734,130292,Clear Rate,50,1,B,MI,882ab2c155fffff
261251702002004,10000,10000,27,4349734,130292,Clear Rate,50,1,B,MI,882ab2c109fffff
261251702002005,10000,10000,21,4349734,130292,Clear Rate,50,1,B,MI,882ab2c109fffff
261251702002006,10000,10000,21,4349734,130292,Clear Rate,50,1,B,MI,882ab2c109fffff
261251702002007,10000,10000,23,4349734,130292,Clear Rate,50,1,B,MI,882ab2c109fffff
261251702002008,10000,10000,43,4349734,130292,Clear Rate,50,1,B,MI,882ab2c10bfffff
261251702002009,10000,10000,46,4349734,130292,Clear Rate,50,1,B,MI,882ab2c155fffff
261251702002010,10000,10000,41,4349734,130292,Clear Rate,50,1,B,MI,882ab2c155fffff
261251702002011,10000,10000,1,4349734,130292,Clear Rate,50,1,B,MI,882ab2c155fffff
261251702002012,10000,10000,38,4349734,130292,Clear Rate,50,1,B,MI,882ab2c155fffff
261251702002013,10000,10000,41,4349734,130292,Clear Rate,50,1,B,MI,882ab2c155fffff
261251702002014,10000,10000,40,4349734,130292,Clear Rate,50,1,B,MI,882ab2c155fffff
261251702002015,10000,10000,40,4349734,130292,Clear Rate,50,1,B,MI,882ab2c155fffff
261251702002016,10000,10000,34,4349734,130292,Clear Rate,50,1,B,MI,882ab2c155fffff
261251702002017,10000,10000,39,4349734,130292,Clear Rate,50,1,B,MI,882ab2c155fffff
261251702002018,10000,10000,35,4349734,130292,Clear Rate,50,1,B,MI,882ab2c155fffff
261251702002019,10000,10000,34,4349734,130292,Clear Rate,50,1,B,MI,882ab2c155fffff
261251702002020,10000,10000,30,4349734,130292,Clear Rate,50,1,B,MI,882ab2c10bfffff
261251702002021,10000,10000,29,4349734,130292,Clear Rate,50,1,B,MI,882ab2c10bfffff
261251702002022,10000,10000,30,4349734,130292,Clear Rate,50,1,B,MI,882ab2c10bfffff
261251702002023,10000,10000,36,4349734,130292,Clear Rate,50,1,B,MI,882ab2c10bfffff
261251703001000,10000,10000,34,4349734,130292,Clear Rate,50,1,B,MI,882ab2c157fffff
261251703001001,10000,10000,34,4349734,130292,Clear Rate,50,1,B,MI,882ab2c10bfffff
261251703001002,10000,10000,33,4349734,130292,Clear Rate,50,1,B,MI,882ab2c10bfffff
261251703001003,10000,10000,32,4349734,130292,Clear Rate,50,1,B,MI,882ab2c10bfffff
261251703001004,10000,10000,32,4349734,130292,Clear Rate,50,1,B,MI,882ab2c10bfffff
261251703001005,10000,10000,34,4349734,130292,Clear Rate,50,1,B,MI,882ab2c10bfffff
261251703001006,10000,10000,33,4349734,130292,Clear Rate,50,1,B,MI,882ab2c10bfffff
261251703001007,10000,10000,24,4349734,130292,Clear Rate,50,1,B,MI,882ab2c10bfffff
261251703001008,10000,10000,24,4349734,130292,Clear Rate,50,1,B,MI,882ab2c10bfffff
261251703001009,10000,10000,31,4349734,130292,Clear Rate,50,1,B,MI,882ab2c10bfffff
261251703001010,10000,10000,32,4349734,130292,Clear Rate,50,1,B,MI,882ab2c10bfffff
261251703001011,10000,10000,32,4349734,130292,Clear Rate,50,1,B,MI,882ab2c10bfffff
261251703001012,10000,10000,17,4349734,130292,Clear Rate,50,1,B,MI,882ab2c10bfffff
261251703001013,10000,10000,32,4349734,130292,Clear Rate,50,1,B,MI,882ab2c11dfffff
261251703001014,10000,10000,32,4349734,130292,Clear Rate,50,1,B,MI,882ab2c157fffff
261251703001015,10000,10000,27,4349734,130292,Clear Rate,50,1,B,MI,882ab2c157fffff
261251703001016,10000,10000,29,4349734,130292,Clear Rate,50,1,B,MI,882ab2c11dfffff
261251703001017,10000,10000,32,4349734,130292,Clear Rate,50,1,B,MI,882ab2c11dfffff
261251703001018,10000,10000,29,4349734,130292,Clear Rate,50,1,B,MI,882ab2c11dfffff
261251703001019,10000,10000,28,4349734,130292,Clear Rate,50,1,B,MI,882ab2c10bfffff
261251703001020,10000,10000,31,4349734,130292,Clear Rate,50,1,B,MI,882ab2c10bfffff
261251703001021,10000,10000,26,4349734,130292,Clear Rate,50,1,B,MI,882ab2c11dfffff
261251703001022,10000,10000,29,4349734,130292,Clear Rate,50,1,B,MI,882ab2c10bfffff
261251703002001,10000,10000,72,4349734,130292,Clear Rate,50,1,B,MI,882ab2c157fffff
261251703002002,10000,10000,32,4349734,130292,Clear Rate,50,1,B,MI,882ab2c157fffff
261251703002003,10000,10000,35,4349734,130292,Clear Rate,50,1,B,MI,882ab2c157fffff
261251703002004,10000,10000,36,4349734,130292,Clear Rate,50,1,B,MI,882ab2c157fffff
261251703002005,10000,10000,30,4349734,130292,Clear Rate,50,1,B,MI,882ab2c157fffff
261251703002006,10000,10000,29,4349734,130292,Clear Rate,50,1,B,MI,882ab2c157fffff
261251703002007,10000,10000,26,4349734,130292,Clear Rate,50,1,B,MI,882ab2c157fffff
261251703002008,10000,10000,29,4349734,130292,Clear Rate,50,1,B,MI,882ab2c157fffff
261251703002009,10000,10000,25,4349734,130292,Clear Rate,50,1,B,MI,882ab2c157fffff
261251703002012,10000,10000,27,4349734,130292,Clear Rate,50,1,B,MI,882ab2c157fffff
261251703002013,10000,10000,18,4349734,130292,Clear Rate,50,1,B,MI,882ab2c157fffff
261251703002014,10000,10000,7,4349734,130292,Clear Rate,50,1,B,MI,882ab2c157fffff
261251703002015,10000,10000,10,4349734,130292,Clear Rate,50,1,B,MI,882ab2c157fffff
261251704001001,10000,10000,6,4349734,130292,Clear Rate,50,1,B,MI,882ab2c067fffff
261251704001002,10000,10000,9,4349734,130292,Clear Rate,50,1,B,MI,882ab2c02dfffff
261251704001007,10000,10000,2,4349734,130292,Clear Rate,50,1,B,MI,882ab2c02dfffff
261251704001008,10000,10000,18,4349734,130292,Clear Rate,50,1,B,MI,882ab2c067fffff
261251704001009,10000,10000,17,4349734,130292,Clear Rate,50,1,B,MI,882ab2c02dfffff
261251704001020,10000,10000,20,4349734,130292,Clear Rate,50,1,B,MI,882ab2c02dfffff
261251704001021,10000,10000,20,4349734,130292,Clear Rate,50,1,B,MI,882ab2c02dfffff
261251704003001,10000,10000,5,4349734,130292,Clear Rate,50,1,B,MI,882ab2c15bfffff
261251704003006,10000,10000,11,4349734,130292,Clear Rate,50,1,B,MI,882ab2c15bfffff
261251704003009,10000,10000,15,4349734,130292,Clear Rate,50,1,B,MI,882ab2c067fffff
261251704003015,10000,10000,13,4349734,130292,Clear Rate,50,1,B,MI,882ab2c02dfffff
261251710001000,10000,10000,8,4349734,130292,Clear Rate,50,1,B,MI,882ab2c119fffff
261251710001001,10000,10000,15,4349734,130292,Clear Rate,50,1,B,MI,882ab2c119fffff
261251710001002,10000,10000,4,4349734,130292,Clear Rate,50,1,B,MI,882ab2c11dfffff
261251710001003,10000,10000,22,4349734,130292,Clear Rate,50,1,B,MI,882ab2c11dfffff
261251710001004,10000,10000,35,4349734,130292,Clear Rate,50,1,B,MI,882ab2c119fffff
261251710001005,10000,10000,12,4349734,130292,Clear Rate,50,1,B,MI,882ab2c119fffff
261251710001006,10000,10000,14,4349734,130292,Clear Rate,50,1,B,MI,882ab2c119fffff
261251710001007,10000,10000,36,4349734,130292,Clear Rate,50,1,B,MI,882ab2c119fffff
261251710001008,10000,10000,25,4349734,130292,Clear Rate,50,1,B,MI,882ab2c119fffff
261251710001009,10000,10000,22,4349734,130292,Clear Rate,50,1,B,MI,882ab2c119fffff
261251710001010,10000,10000,36,4349734,130292,Clear Rate,50,1,B,MI,882ab2c119fffff
261251710001011,10000,10000,15,4349734,130292,Clear Rate,50,1,B,MI,882ab2c119fffff
261251710002002,10000,10000,29,4349734,130292,Clear Rate,50,1,B,MI,882ab2c119fffff
261251710002003,10000,10000,21,4349734,130292,Clear Rate,50,1,B,MI,882ab2c11bfffff
261251710002004,10000,10000,23,4349734,130292,Clear Rate,50,1,B,MI,882ab2c11bfffff
261251710002005,10000,10000,29,4349734,130292,Clear Rate,50,1,B,MI,882ab2c11bfffff
261251710002006,10000,10000,26,4349734,130292,Clear Rate,50,1,B,MI,882ab2c11bfffff
261251710002007,10000,10000,44,4349734,130292,Clear Rate,50,1,B,MI,882ab2c11bfffff
261251710002008,10000,10000,24,4349734,130292,Clear Rate,50,1,B,MI,882ab2c11bfffff
261251710002009,10000,10000,22,4349734,130292,Clear Rate,50,1,B,MI,882ab2c11bfffff
261251710002010,10000,10000,25,4349734,130292,Clear Rate,50,1,B,MI,882ab2c11bfffff
261251710002011,10000,10000,28,4349734,130292,Clear Rate,50,1,B,MI,882ab2c11bfffff
261251710002012,10000,10000,26,4349734,130292,Clear Rate,50,1,B,MI,882ab2c11bfffff
261251710002013,10000,10000,22,4349734,130292,Clear Rate,50,1,B,MI,882ab2c11bfffff
261251710003002,10000,10000,3,4349734,130292,Clear Rate,50,1,B,MI,882ab2c111fffff
261251710003003,10000,10000,63,4349734,130292,Clear Rate,50,1,B,MI,882ab2c111fffff
261251710003004,10000,10000,28,4349734,130292,Clear Rate,50,1,B,MI,882ab2c111fffff
261251710003005,10000,10000,31,4349734,130292,Clear Rate,50,1,B,MI,882ab2c111fffff
261251710003006,10000,10000,4,4349734,130292,Clear Rate,50,1,B,MI,882ab2c111fffff
261251710003007,10000,10000,14,4349734,130292,Clear Rate,50,1,B,MI,882ab2c111fffff
261251710003008,10000,10000,4,4349734,130292,Clear Rate,50,1,B,MI,882ab2c111fffff
261251710003009,10000,10000,1,4349734,130292,Clear Rate,50,1,B,MI,882ab2c111fffff
261251710003014,10000,10000,39,4349734,130292,Clear Rate,50,1,B,MI,882ab2c11bfffff
261251710003015,10000,10000,27,4349734,130292,Clear Rate,50,1,B,MI,882ab2c11bfffff
261251710003016,10000,10000,16,4349734,130292,Clear Rate,50,1,B,MI,882ab2c111fffff
261251710003018,10000,10000,8,4349734,130292,Clear Rate,50,1,B,MI,882ab2c111fffff
261251710003019,10000,10000,2,4349734,130292,Clear Rate,50,1,B,MI,882ab2c111fffff
261251710003020,10000,10000,7,4349734,130292,Clear Rate,50,1,B,MI,882ab2c117fffff
261251710004000,10000,10000,18,4349734,130292,Clear Rate,50,1,B,MI,882ab2c119fffff
261251710004001,10000,10000,38,4349734,130292,Clear Rate,50,1,B,MI,882ab2c119fffff
261251710004002,10000,10000,4,4349734,130292,Clear Rate,50,1,B,MI,882ab2c111fffff
261251710004003,10000,10000,38,4349734,130292,Clear Rate,50,1,B,MI,882ab2c119fffff
261251710004004,10000,10000,17,4349734,130292,Clear Rate,50,1,B,MI,882ab2c119fffff
261251710004005,10000,10000,21,4349734,130292,Clear Rate,50,1,B,MI,882ab2c119fffff
261251710004006,10000,10000,39,4349734,130292,Clear Rate,50,1,B,MI,882ab2c119fffff
261251710004007,10000,10000,41,4349734,130292,Clear Rate,50,1,B,MI,882ab2c119fffff
261251710004008,10000,10000,21,4349734,130292,Clear Rate,50,1,B,MI,882ab2c119fffff
261251710004009,10000,10000,19,4349734,130292,Clear Rate,50,1,B,MI,882ab2c119fffff
261251710004010,10000,10000,34,4349734,130292,Clear Rate,50,1,B,MI,882ab2c119fffff
261251710004011,10000,10000,24,4349734,130292,Clear Rate,50,1,B,MI,882ab2c111fffff
261251710005000,10000,10000,8,4349734,130292,Clear Rate,50,1,B,MI,882ab2c11dfffff
261251710005001,10000,10000,33,4349734,130292,Clear Rate,50,1,B,MI,882ab2c11dfffff
261251710005002,10000,10000,5,4349734,130292,Clear Rate,50,1,B,MI,882ab2c11dfffff
261251710005003,10000,10000,61,4349734,130292,Clear Rate,50,1,B,MI,882ab2c11dfffff
261251710005004,10000,10000,29,4349734,130292,Clear Rate,50,1,B,MI,882ab2c11dfffff
261251710005005,10000,10000,28,4349734,130292,Clear Rate,50,1,B,MI,882ab2c11dfffff
261251710005006,10000,10000,21,4349734,130292,Clear Rate,50,1,B,MI,882ab2c11dfffff
261251710005007,10000,10000,22,4349734,130292,Clear Rate,50,1,B,MI,882ab2c11dfffff
261251710005008,10000,10000,20,4349734,130292,Clear Rate,50,1,B,MI,882ab2c11dfffff
261251710005009,10000,10000,18,4349734,130292,Clear Rate,50,1,B,MI,882ab2c111fffff
261251710005010,10000,10000,29,4349734,130292,Clear Rate,50,1,B,MI,882ab2c11dfffff
261251710005011,10000,10000,54,4349734,130292,Clear Rate,50,1,B,MI,882ab2c11dfffff
261251710005012,10000,10000,30,4349734,130292,Clear Rate,50,1,B,MI,882ab2c11dfffff
261251710005013,10000,10000,45,4349734,130292,Clear Rate,50,1,B,MI,882ab2c11dfffff
261251713001004,10000,10000,21,4349734,130292,Clear Rate,50,1,B,MI,882ab2c1c5fffff
261251713001005,10000,10000,22,4349734,130292,Clear Rate,50,1,B,MI,882ab2c1c5fffff
261251713001006,10000,10000,20,4349734,130292,Clear Rate,50,1,B,MI,882ab2c1c5fffff
261251713001007,10000,10000,10,4349734,130292,Clear Rate,50,1,B,MI,882ab2c1c1fffff
261251713001010,10000,10000,4,4349734,130292,Clear Rate,50,1,B,MI,882ab2c1c1fffff
261251713001011,10000,10000,18,4349734,130292,Clear Rate,50,1,B,MI,882ab2c1c1fffff
261251713001013,10000,10000,4,4349734,130292,Clear Rate,50,1,B,MI,882ab2c1c5fffff
261251713002000,10000,10000,3,4349734,130292,Clear Rate,50,1,B,MI,882ab2c1cdfffff
261251713002001,10000,10000,7,4349734,130292,Clear Rate,50,1,B,MI,882ab2c1cdfffff
261251713002008,10000,10000,34,4349734,130292,Clear Rate,50,1,B,MI,882ab2c1cdfffff
261251713002009,10000,10000,36,4349734,130292,Clear Rate,50,1,B,MI,882ab2c1cdfffff
261251714001000,10000,10000,24,4349734,130292,Clear Rate,50,1,B,MI,882ab2c11bfffff
261251714001001,10000,10000,28,4349734,130292,Clear Rate,50,1,B,MI,882ab2c11bfffff
261251714001002,10000,10000,31,4349734,130292,Clear Rate,50,1,B,MI,882ab2c113fffff
261251714001003,10000,10000,29,4349734,130292,Clear Rate,50,1,B,MI,882ab2c113fffff
261251714001004,10000,10000,32,4349734,130292,Clear Rate,50,1,B,MI,882ab2c113fffff
261251714001005,10000,10000,27,4349734,130292,Clear Rate,50,1,B,MI,882ab2c113fffff
261251714001006,10000,10000,30,4349734,130292,Clear Rate,50,1,B,MI,882ab2c113fffff
261251714001007,10000,10000,30,4349734,130292,Clear Rate,50,1,B,MI,882ab2c113fffff
261251714001008,10000,10000,32,4349734,130292,Clear Rate,50,1,B,MI,882ab2c113fffff
261251714001009,10000,10000,32,4349734,130292,Clear Rate,50,1,B,MI,882ab2c113fffff
261251714001010,10000,10000,79,4349734,130292,Clear Rate,50,1,B,MI,882ab2c1c5fffff
261251714001011,10000,10000,28,4349734,130292,Clear Rate,50,1,B,MI,882ab2c113fffff
261251714001012,10000,10000,39,4349734,130292,Clear Rate,50,1,B,MI,882ab2c113fffff
261251714001013,10000,10000,34,4349734,130292,Clear Rate,50,1,B,MI,882ab2c113fffff
261251714001015,10000,10000,62,4349734,130292,Clear Rate,50,1,B,MI,882ab2c1cdfffff
261251714001016,10000,10000,35,4349734,130292,Clear Rate,50,1,B,MI,882ab2c1cdfffff
261251714002000,10000,10000,16,4349734,130292,Clear Rate,50,1,B,MI,882ab2c1e9fffff
261251714002001,10000,10000,27,4349734,130292,Clear Rate,50,1,B,MI,882ab2c1e9fffff
261251714002002,10000,10000,15,4349734,130292,Clear Rate,50,1,B,MI,882ab2c1e9fffff
261251714002003,10000,10000,20,4349734,130292,Clear Rate,50,1,B,MI,882ab2c1e9fffff
261251714002004,10000,10000,55,4349734,130292,Clear Rate,50,1,B,MI,882ab2c1e9fffff
261251714002005,10000,10000,53,4349734,130292,Clear Rate,50,1,B,MI,882ab2c1e9fffff
261251714002006,10000,10000,29,4349734,130292,Clear Rate,50,1,B,MI,882ab2c1e9fffff
261251714002007,10000,10000,16,4349734,130292,Clear Rate,50,1,B,MI,882ab2c1e9fffff
261251714002008,10000,10000,20,4349734,130292,Clear Rate,50,1,B,MI,882ab2c1e9fffff
261251714002009,10000,10000,29,4349734,130292,Clear Rate,50,1,B,MI,882ab2c1e9fffff
261251714002010,10000,10000,38,4349734,130292,Clear Rate,50,1,B,MI,882ab2c1e9fffff
261251714002011,10000,10000,65,4349734,130292,Clear Rate,50,1,B,MI,882ab2c1e9fffff
261251714002012,10000,10000,46,4349734,130292,Clear Rate,50,1,B,MI,882ab2c1ebfffff
261251714002013,10000,10000,32,4349734,130292,Clear Rate,50,1,B,MI,882ab2c1e9fffff
261251714002014,10000,10000,33,4349734,130292,Clear Rate,50,1,B,MI,882ab2c1e9fffff
261251714002015,10000,10000,34,4349734,130292,Clear Rate,50,1,B,MI,882ab2c1e9fffff
261251714002016,10000,10000,25,4349734,130292,Clear Rate,50,1,B,MI,882ab2c1e9fffff
261251714002017,10000,10000,16,4349734,130292,Clear Rate,50,1,B,MI,882ab2c1e9fffff
261251714002018,10000,10000,15,4349734,130292,Clear Rate,50,1,B,MI,882ab2c1e9fffff
261251714002019,10000,10000,34,4349734,130292,Clear Rate,50,1,B,MI,882ab2c1e9fffff
261251714002020,10000,10000,17,4349734,130292,Clear Rate,50,1,B,MI,882ab2c1ebfffff
261251714002021,10000,10000,39,4349734,130292,Clear Rate,50,1,B,MI,882ab2c1e9fffff
261251714002022,10000,10000,28,4349734,130292,Clear Rate,50,1,B,MI,882ab2c1e1fffff
261251714002023,10000,10000,17,4349734,130292,Clear Rate,50,1,B,MI,882ab2c1e1fffff
261251714003000,10000,10000,34,4349734,130292,Clear Rate,50,1,B,MI,882ab2c117fffff
261251714003001,10000,10000,35,4349734,130292,Clear Rate,50,1,B,MI,882ab2c117fffff
261251714003002,10000,10000,3,4349734,130292,Clear Rate,50,1,B,MI,882ab2c117fffff
261251714003004,10000,10000,2,4349734,130292,Clear Rate,50,1,B,MI,882ab2c117fffff
261251714003005,10000,10000,4,4349734,130292,Clear Rate,50,1,B,MI,882ab2c117fffff
261251714003006,10000,10000,44,4349734,130292,Clear Rate,50,1,B,MI,882ab2c117fffff
261251714003007,10000,10000,20,4349734,130292,Clear Rate,50,1,B,MI,882ab2c117fffff
261251714003008,10000,10000,31,4349734,130292,Clear Rate,50,1,B,MI,882ab2c113fffff
261251714003009,10000,10000,30,4349734,130292,Clear Rate,50,1,B,MI,882ab2c117fffff
261251714003010,10000,10000,17,4349734,130292,Clear Rate,50,1,B,MI,882ab2c117fffff
261251714003011,10000,10000,18,4349734,130292,Clear Rate,50,1,B,MI,882ab2c117fffff
261251714003012,10000,10000,23,4349734,130292,Clear Rate,50,1,B,MI,882ab2c117fffff
261251714003013,10000,10000,40,4349734,130292,Clear Rate,50,1,B,MI,882ab2c113fffff
261251714003014,10000,10000,27,4349734,130292,Clear Rate,50,1,B,MI,882ab2c1e9fffff
261251714003015,10000,10000,13,4349734,130292,Clear Rate,50,1,B,MI,882ab2c117fffff
261251714003016,10000,10000,26,4349734,130292,Clear Rate,50,1,B,MI,882ab2c1e9fffff
261251714003017,10000,10000,27,4349734,130292,Clear Rate,50,1,B,MI,882ab2c117fffff
261251714003019,10000,10000,24,4349734,130292,Clear Rate,50,1,B,MI,882ab2c1e9fffff
261251714003020,10000,10000,28,4349734,130292,Clear Rate,50,1,B,MI,882ab2c1e9fffff
261251714003021,10000,10000,36,4349734,130292,Clear Rate,50,1,B,MI,882ab2c1e9fffff
261251714003022,10000,10000,24,4349734,130292,Clear Rate,50,1,B,MI,882ab2c1e9fffff
261251714003023,10000,10000,21,4349734,130292,Clear Rate,50,1,B,MI,882ab2c1e9fffff
261251714003024,10000,10000,15,4349734,130292,Clear Rate,50,1,B,MI,882ab2c1e9fffff
261251714004000,10000,10000,29,4349734,130292,Clear Rate,50,1,B,MI,882ab2c1c5fffff
261251714004001,10000,10000,37,4349734,130292,Clear Rate,50,1,B,MI,882ab2c1c5fffff
261251714004002,10000,10000,36,4349734,130292,Clear Rate,50,1,B,MI,882ab2c1c5fffff
261251714004003,10000,10000,40,4349734,130292,Clear Rate,50,1,B,MI,882ab2c1c5fffff
261251714004004,10000,10000,40,4349734,130292,Clear Rate,50,1,B,MI,882ab2c1c5fffff
261251714004005,10000,10000,34,4349734,130292,Clear Rate,50,1,B,MI,882ab2c1ebfffff
261251714004006,10000,10000,35,4349734,130292,Clear Rate,50,1,B,MI,882ab2c1ebfffff
261251714004007,10000,10000,37,4349734,130292,Clear Rate,50,1,B,MI,882ab2c1ebfffff
261251714004008,10000,10000,33,4349734,130292,Clear Rate,50,1,B,MI,882ab2c1c5fffff
261251714004009,10000,10000,21,4349734,130292,Clear Rate,50,1,B,MI,882ab2c1c5fffff
261251714004010,10000,10000,8,4349734,130292,Clear Rate,50,1,B,MI,882ab2c1c5fffff
261251715001000,10000,10000,33,4349734,130292,Clear Rate,50,1,B,MI,882ab2c1c7fffff
261251715001001,10000,10000,26,4349734,130292,Clear Rate,50,1,B,MI,882ab2c1c7fffff
261251715001002,10000,10000,27,4349734,130292,Clear Rate,50,1,B,MI,882ab2c1c5fffff
261251715001003,10000,10000,32,4349734,130292,Clear Rate,50,1,B,MI,882ab2c1c5fffff
261251715001004,10000,10000,33,4349734,130292,Clear Rate,50,1,B,MI,882ab2c1ebfffff
261251715001005,10000,10000,34,4349734,130292,Clear Rate,50,1,B,MI,882ab2c1ebfffff
261251715001006,10000,10000,30,4349734,130292,Clear Rate,50,1,B,MI,882ab2c1ebfffff
261251715001007,10000,10000,31,4349734,130292,Clear Rate,50,1,B,MI,882ab2c1ebfffff
261251715001008,10000,10000,30,4349734,130292,Clear Rate,50,1,B,MI,882ab2c1ebfffff
261251715001009,10000,10000,30,4349734,130292,Clear Rate,50,1,B,MI,882ab2c1ebfffff
261251715001010,10000,10000,33,4349734,130292,Clear Rate,50,1,B,MI,882ab2c1c7fffff
261251715001011,10000,10000,32,4349734,130292,Clear Rate,50,1,B,MI,882ab2c1c7fffff
261251715001012,10000,10000,23,4349734,130292,Clear Rate,50,1,B,MI,882ab2c1c7fffff
261251715001013,10000,10000,23,4349734,130292,Clear Rate,50,1,B,MI,882ab2c1c7fffff
261251715001014,10000,10000,61,4349734,130292,Clear Rate,50,1,B,MI,882ab2c1c7fffff
261251715001015,10000,10000,33,4349734,130292,Clear Rate,50,1,B,MI,882ab2c18dfffff
261251715001016,10000,10000,33,4349734,130292,Clear Rate,50,1,B,MI,882ab2c18dfffff
261251715001017,10000,10000,33,4349734,130292,Clear Rate,50,1,B,MI,882ab2c18dfffff
261251715001018,10000,10000,33,4349734,130292,Clear Rate,50,1,B,MI,882ab2c18dfffff
261251715001019,10000,10000,58,4349734,130292,Clear Rate,50,1,B,MI,882ab2c18dfffff
261251715001020,10000,10000,48,4349734,130292,Clear Rate,50,1,B,MI,882ab2c1c7fffff
261251715002000,10000,10000,18,4349734,130292,Clear Rate,50,1,B,MI,882ab2c1c7fffff
261251715002001,10000,10000,27,4349734,130292,Clear Rate,50,1,B,MI,882ab2c1c7fffff
261251715002002,10000,10000,31,4349734,130292,Clear Rate,50,1,B,MI,882ab2c18dfffff
261251715002003,10000,10000,31,4349734,130292,Clear Rate,50,1,B,MI,882ab2c18dfffff
261251715002004,10000,10000,133,4349734,130292,Clear Rate,50,1,B,MI,882ab2c18dfffff
261251715002005,10000,10000,16,4349734,130292,Clear Rate,50,1,B,MI,882ab2c18dfffff
261251715002006,10000,10000,32,4349734,130292,Clear Rate,50,1,B,MI,882ab2c18dfffff
261251715002007,10000,10000,39,4349734,130292,Clear Rate,50,1,B,MI,882ab2c18dfffff
261251715002008,10000,10000,14,4349734,130292,Clear Rate,50,1,B,MI,882ab2c1e3fffff
261251715002009,10000,10000,14,4349734,130292,Clear Rate,50,1,B,MI,882ab2c189fffff
261251715002010,10000,10000,20,4349734,130292,Clear Rate,50,1,B,MI,882ab2c189fffff
261251715002011,10000,10000,20,4349734,130292,Clear Rate,50,1,B,MI,882ab2c18dfffff
261251715002012,10000,10000,16,4349734,130292,Clear Rate,50,1,B,MI,882ab2c181fffff
261251715002013,10000,10000,14,4349734,130292,Clear Rate,50,1,B,MI,882ab2c189fffff
261251715002014,10000,10000,13,4349734,130292,Clear Rate,50,1,B,MI,882ab2c189fffff
261251715003000,10000,10000,86,4349734,130292,Clear Rate,50,1,B,MI,882ab2c1ebfffff
261251715003001,10000,10000,54,4349734,130292,Clear Rate,50,1,B,MI,882ab2c1ebfffff
261251715003002,10000,10000,74,4349734,130292,Clear Rate,50,1,B,MI,882ab2c1ebfffff
261251715003003,10000,10000,29,4349734,130292,Clear Rate,50,1,B,MI,882ab2c1ebfffff
261251715003004,10000,10000,33,4349734,130292,Clear Rate,50,1,B,MI,882ab2c1ebfffff
261251715003005,10000,10000,32,4349734,130292,Clear Rate,50,1,B,MI,882ab2c1e1fffff
261251715003006,10000,10000,110,4349734,130292,Clear Rate,50,1,B,MI,882ab2c1e3fffff
261251715003007,10000,10000,34,4349734,130292,Clear Rate,50,1,B,MI,882ab2c1e3fffff
261251715003008,10000,10000,34,4349734,130292,Clear Rate,50,1,B,MI,882ab2c1e3fffff
261251715003009,10000,10000,31,4349734,130292,Clear Rate,50,1,B,MI,882ab2c18dfffff
261251715003010,10000,10000,32,4349734,130292,Clear Rate,50,1,B,MI,882ab2c18dfffff
261251715003011,10000,10000,46,4349734,130292,Clear Rate,50,1,B,MI,882ab2c1ebfffff
261251716001000,10000,10000,26,4349734,130292,Clear Rate,50,1,B,MI,882ab2c1c7fffff
261251716001006,10000,10000,33,4349734,130292,Clear Rate,50,1,B,MI,882ab2c1c7fffff
261251716001007,10000,10000,14,4349734,130292,Clear Rate,50,1,B,MI,882ab2c1c7fffff
261251716001008,10000,10000,3,4349734,130292,Clear Rate,50,1,B,MI,882ab2c1c7fffff
261251716001009,10000,10000,51,4349734,130292,Clear Rate,50,1,B,MI,882ab2c1c7fffff
261251716002001,10000,10000,16,4349734,130292,Clear Rate,50,1,B,MI,882ab2c1c7fffff
261251716002002,10000,10000,12,4349734,130292,Clear Rate,50,1,B,MI,882ab2c1c7fffff
261251716002003,10000,10000,24,4349734,130292,Clear Rate,50,1,B,MI,882ab2c189fffff
261251724001000,10000,10000,1,4349734,130292,Clear Rate,50,1,B,MI,882ab2c111fffff
261251724001001,10000,10000,2,4349734,130292,Clear Rate,50,1,B,MI,882ab2c111fffff
261251724001002,10000,10000,3,4349734,130292,Clear Rate,50,1,B,MI,882ab2c111fffff
261251724001008,10000,10000,1,4349734,130292,Clear Rate,50,1,B,MI,882ab2c117fffff
261251724001009,10000,10000,3,4349734,130292,Clear Rate,50,1,B,MI,882ab2c117fffff
261251724001010,10000,10000,1,4349734,130292,Clear Rate,50,1,B,MI,882ab2c117fffff
261251724001011,10000,10000,1,4349734,130292,Clear Rate,50,1,B,MI,882ab2c117fffff
261251724001012,10000,10000,4,4349734,130292,Clear Rate,50,1,B,MI,882ab2c117fffff
261251724001013,10000,10000,10,4349734,130292,Clear Rate,50,1,B,MI,882ab2c117fffff
261251724001014,10000,10000,12,4349734,130292,Clear Rate,50,1,B,MI,882ab2c117fffff
261251724002001,10000,10000,1,4349734,130292,Clear Rate,50,1,B,MI,882ab2c111fffff
261251724002002,10000,10000,4,4349734,130292,Clear Rate,50,1,B,MI,882ab2c115fffff
261251724002003,10000,10000,1,4349734,130292,Clear Rate,50,1,B,MI,882ab2c115fffff
261251724002005,10000,10000,1,4349734,130292,Clear Rate,50,1,B,MI,882ab2c111fffff
261251724002006,10000,10000,3,4349734,130292,Clear Rate,50,1,B,MI,882ab2c115fffff
261251725001014,10000,10000,3,4349734,130292,Clear Rate,50,1,B,MI,882ab2c1d5fffff
261251800001000,10000,10000,36,4349734,130292,Clear Rate,50,1,B,MI,882ab2c309fffff
261251800001001,10000,10000,33,4349734,130292,Clear Rate,50,1,B,MI,882ab2c309fffff
261251800001002,10000,10000,32,4349734,130292,Clear Rate,50,1,B,MI,882ab2c309fffff
261251800001003,10000,10000,19,4349734,130292,Clear Rate,50,1,B,MI,882ab2c309fffff
261251800001004,10000,10000,20,4349734,130292,Clear Rate,50,1,B,MI,882ab2c309fffff
261251800001005,10000,10000,50,4349734,130292,Clear Rate,50,1,B,MI,882ab2c309fffff
261251800001006,10000,10000,46,4349734,130292,Clear Rate,50,1,B,MI,882ab2c309fffff
261251800001007,10000,10000,32,4349734,130292,Clear Rate,50,1,B,MI,882ab2c309fffff
261251800001008,10000,10000,34,4349734,130292,Clear Rate,50,1,B,MI,882ab2c309fffff
261251800001009,10000,10000,38,4349734,130292,Clear Rate,50,1,B,MI,882ab2c309fffff
261251800001010,10000,10000,31,4349734,130292,Clear Rate,50,1,B,MI,882ab2c355fffff
261251800001011,10000,10000,31,4349734,130292,Clear Rate,50,1,B,MI,882ab2c355fffff
261251800001012,10000,10000,39,4349734,130292,Clear Rate,50,1,B,MI,882ab2c30bfffff
261251800001013,10000,10000,38,4349734,130292,Clear Rate,50,1,B,MI,882ab2c30bfffff
261251800002000,10000,10000,48,4349734,130292,Clear Rate,50,1,B,MI,882ab2c309fffff
261251800002001,10000,10000,106,4349734,130292,Clear Rate,50,1,B,MI,882ab2c301fffff
261251800002002,10000,10000,29,4349734,130292,Clear Rate,50,1,B,MI,882ab2c30dfffff
261251800002003,10000,10000,50,4349734,130292,Clear Rate,50,1,B,MI,882ab2c301fffff
261251800002004,10000,10000,34,4349734,130292,Clear Rate,50,1,B,MI,882ab2c30dfffff
261251800002005,10000,10000,22,4349734,130292,Clear Rate,50,1,B,MI,882ab2c309fffff
261251800002006,10000,10000,15,4349734,130292,Clear Rate,50,1,B,MI,882ab2c30dfffff
261251800002007,10000,10000,34,4349734,130292,Clear Rate,50,1,B,MI,882ab2c301fffff
261251800002008,10000,10000,34,4349734,130292,Clear Rate,50,1,B,MI,882ab2c301fffff
261251800002009,10000,10000,35,4349734,130292,Clear Rate,50,1,B,MI,882ab2c301fffff
261251800002010,10000,10000,35,4349734,130292,Clear Rate,50,1,B,MI,882ab2c309fffff
261251800002011,10000,10000,30,4349734,130292,Clear Rate,50,1,B,MI,882ab2c309fffff
261251800002012,10000,10000,33,4349734,130292,Clear Rate,50,1,B,MI,882ab2c309fffff
261251800002013,10000,10000,21,4349734,130292,Clear Rate,50,1,B,MI,882ab2c301fffff
261251800002014,10000,10000,42,4349734,130292,Clear Rate,50,1,B,MI,882ab2c301fffff
261251800002015,10000,10000,11,4349734,130292,Clear Rate,50,1,B,MI,882ab2c301fffff
261251801001000,10000,10000,23,4349734,130292,Clear Rate,50,1,B,MI,882ab2c301fffff
261251801001001,10000,10000,48,4349734,130292,Clear Rate,50,1,B,MI,882ab2c301fffff
261251801001002,10000,10000,35,4349734,130292,Clear Rate,50,1,B,MI,882ab2c301fffff
261251801001003,10000,10000,22,4349734,130292,Clear Rate,50,1,B,MI,882ab2c301fffff
261251801001004,10000,10000,27,4349734,130292,Clear Rate,50,1,B,MI,882ab2c301fffff
261251801001005,10000,10000,35,4349734,130292,Clear Rate,50,1,B,MI,882ab2c301fffff
261251801001006,10000,10000,41,4349734,130292,Clear Rate,50,1,B,MI,882ab2c303fffff
261251801001007,10000,10000,18,4349734,130292,Clear Rate,50,1,B,MI,882ab2c303fffff
261251801001008,10000,10000,23,4349734,130292,Clear Rate,50,1,B,MI,882ab2c303fffff
261251801001009,10000,10000,12,4349734,130292,Clear Rate,50,1,B,MI,882ab2c303fffff
261251801001010,10000,10000,23,4349734,130292,Clear Rate,50,1,B,MI,882ab2c303fffff
261251801001011,10000,10000,54,4349734,130292,Clear Rate,50,1,B,MI,882ab2c303fffff
261251801002000,10000,10000,39,4349734,130292,Clear Rate,50,1,B,MI,882ab2c30bfffff
261251801002001,10000,10000,34,4349734,130292,Clear Rate,50,1,B,MI,882ab2c30bfffff
261251801002002,10000,10000,29,4349734,130292,Clear Rate,50,1,B,MI,882ab2c30bfffff
261251801002003,10000,10000,19,4349734,130292,Clear Rate,50,1,B,MI,882ab2c30bfffff
261251801002004,10000,10000,28,4349734,130292,Clear Rate,50,1,B,MI,882ab2c30bfffff
261251801002005,10000,10000,25,4349734,130292,Clear Rate,50,1,B,MI,882ab2c30bfffff
261251801002006,10000,10000,22,4349734,130292,Clear Rate,50,1,B,MI,882ab2c30bfffff
261251801002007,10000,10000,23,4349734,130292,Clear Rate,50,1,B,MI,882ab2c30bfffff
261251801002008,10000,10000,32,4349734,130292,Clear Rate,50,1,B,MI,882ab2c30bfffff
261251801002009,10000,10000,31,4349734,130292,Clear Rate,50,1,B,MI,882ab2c30bfffff
261251801002010,10000,10000,7,4349734,130292,Clear Rate,50,1,B,MI,882ab2c30bfffff
261251801002011,10000,10000,1,4349734,130292,Clear Rate,50,1,B,MI,882ab2c30bfffff
261251801002012,10000,10000,32,4349734,130292,Clear Rate,50,1,B,MI,882ab2c303fffff
261251801002013,10000,10000,32,4349734,130292,Clear Rate,50,1,B,MI,882ab2c30bfffff
261251801002014,10000,10000,21,4349734,130292,Clear Rate,50,1,B,MI,882ab2c31dfffff
261251801002015,10000,10000,21,4349734,130292,Clear Rate,50,1,B,MI,882ab2c303fffff
261251801002016,10000,10000,27,4349734,130292,Clear Rate,50,1,B,MI,882ab2c303fffff
261251801003000,10000,10000,17,4349734,130292,Clear Rate,50,1,B,MI,882ab2c301fffff
261251801003001,10000,10000,14,4349734,130292,Clear Rate,50,1,B,MI,882ab2c301fffff
261251801003002,10000,10000,25,4349734,130292,Clear Rate,50,1,B,MI,882ab2c301fffff
261251801003003,10000,10000,26,4349734,130292,Clear Rate,50,1,B,MI,882ab2c301fffff
261251801003004,10000,10000,42,4349734,130292,Clear Rate,50,1,B,MI,882ab2c301fffff
261251801003005,10000,10000,32,4349734,130292,Clear Rate,50,1,B,MI,882ab2c301fffff
261251801003006,10000,10000,43,4349734,130292,Clear Rate,50,1,B,MI,882ab2c301fffff
261251801003007,10000,10000,45,4349734,130292,Clear Rate,50,1,B,MI,882ab2c301fffff
261251801003008,10000,10000,27,4349734,130292,Clear Rate,50,1,B,MI,882ab2c303fffff
261251802001000,10000,10000,31,4349734,130292,Clear Rate,50,1,B,MI,882ab2c357fffff
261251802001001,10000,10000,30,4349734,130292,Clear Rate,50,1,B,MI,882ab2c31dfffff
261251802001004,10000,10000,11,4349734,130292,Clear Rate,50,1,B,MI,882ab2c31dfffff
261251802001005,10000,10000,7,4349734,130292,Clear Rate,50,1,B,MI,882ab2c31dfffff
261251802001007,10000,10000,9,4349734,130292,Clear Rate,50,1,B,MI,882ab2c31dfffff
261251802001008,10000,10000,32,4349734,130292,Clear Rate,50,1,B,MI,882ab2c31dfffff
261251802001009,10000,10000,13,4349734,130292,Clear Rate,50,1,B,MI,882ab2c31dfffff
261251802001010,10000,10000,33,4349734,130292,Clear Rate,50,1,B,MI,882ab2c31dfffff
261251802001011,10000,10000,33,4349734,130292,Clear Rate,50,1,B,MI,882ab2c319fffff
261251802001012,10000,10000,9,4349734,130292,Clear Rate,50,1,B,MI,882ab2c31dfffff
261251802001014,10000,10000,14,4349734,130292,Clear Rate,50,1,B,MI,882ab2c311fffff
261251802001015,10000,10000,29,4349734,130292,Clear Rate,50,1,B,MI,882ab2c319fffff
261251802002000,10000,10000,39,4349734,130292,Clear Rate,50,1,B,MI,882ab2c357fffff
261251802002001,10000,10000,19,4349734,130292,Clear Rate,50,1,B,MI,882ab2c357fffff
261251802002002,10000,10000,64,4349734,130292,Clear Rate,50,1,B,MI,882ab2c357fffff
261251802002003,10000,10000,19,4349734,130292,Clear Rate,50,1,B,MI,882ab2c357fffff
261251802002004,10000,10000,19,4349734,130292,Clear Rate,50,1,B,MI,882ab2c357fffff
261251802002005,10000,10000,42,4349734,130292,Clear Rate,50,1,B,MI,882ab2c357fffff
261251802002006,10000,10000,54,4349734,130292,Clear Rate,50,1,B,MI,882ab2c357fffff
261251802002007,10000,10000,16,4349734,130292,Clear Rate,50,1,B,MI,882ab2c357fffff
261251802002008,10000,10000,6,4349734,130292,Clear Rate,50,1,B,MI,882ab2c30bfffff
261251802002009,10000,10000,22,4349734,130292,Clear Rate,50,1,B,MI,882ab2c357fffff
261251802002010,10000,10000,77,4349734,130292,Clear Rate,50,1,B,MI,882ab2c357fffff
261251802002011,10000,10000,54,4349734,130292,Clear Rate,50,1,B,MI,882ab2c357fffff
261251802002012,10000,10000,4,4349734,130292,Clear Rate,50,1,B,MI,882ab2c31dfffff
261251802002013,10000,10000,12,4349734,130292,Clear Rate,50,1,B,MI,882ab2c31dfffff
261251802002014,10000,10000,9,4349734,130292,Clear Rate,50,1,B,MI,882ab2c31dfffff
261251802003000,10000,10000,53,4349734,130292,Clear Rate,50,1,B,MI,882ab2c351fffff
261251802003001,10000,10000,59,4349734,130292,Clear Rate,50,1,B,MI,882ab2c351fffff
261251802003002,10000,10000,10,4349734,130292,Clear Rate,50,1,B,MI,882ab2c353fffff
261251802003003,10000,10000,27,4349734,130292,Clear Rate,50,1,B,MI,882ab2c351fffff
261251802003004,10000,10000,42,4349734,130292,Clear Rate,50,1,B,MI,882ab2c353fffff
261251802003005,10000,10000,36,4349734,130292,Clear Rate,50,1,B,MI,882ab2c353fffff
261251802003006,10000,10000,20,4349734,130292,Clear Rate,50,1,B,MI,882ab2c353fffff
261251802003007,10000,10000,10,4349734,130292,Clear Rate,50,1,B,MI,882ab2c353fffff
261251802003008,10000,10000,18,4349734,130292,Clear Rate,50,1,B,MI,882ab2c353fffff
261251802003009,10000,10000,36,4349734,130292,Clear Rate,50,1,B,MI,882ab2c353fffff
261251802003010,10000,10000,25,4349734,130292,Clear Rate,50,1,B,MI,882ab2c353fffff
261251802003011,10000,10000,14,4349734,130292,Clear Rate,50,1,B,MI,882ab2c353fffff
261251802003012,10000,10000,49,4349734,130292,Clear Rate,50,1,B,MI,882ab2c319fffff
261251802003013,10000,10000,48,4349734,130292,Clear Rate,50,1,B,MI,882ab2c357fffff
261251803001000,10000,10000,17,4349734,130292,Clear Rate,50,1,B,MI,882ab2c31dfffff
261251803001001,10000,10000,13,4349734,130292,Clear Rate,50,1,B,MI,882ab2c303fffff
261251803001002,10000,10000,13,4349734,130292,Clear Rate,50,1,B,MI,882ab2c303fffff
261251803001003,10000,10000,8,4349734,130292,Clear Rate,50,1,B,MI,882ab2c303fffff
261251803001004,10000,10000,25,4349734,130292,Clear Rate,50,1,B,MI,882ab2c31dfffff
261251803001005,10000,10000,13,4349734,130292,Clear Rate,50,1,B,MI,882ab2c31dfffff
261251803003000,10000,10000,3,4349734,130292,Clear Rate,50,1,B,MI,882ab2c303fffff
261251803003001,10000,10000,2,4349734,130292,Clear Rate,50,1,B,MI,882ab2c303fffff
261251810011000,10000,10000,22,4349734,130292,Clear Rate,50,1,B,MI,882ab2c221fffff
261251810011001,10000,10000,46,4349734,130292,Clear Rate,50,1,B,MI,882ab2c221fffff
261251810011002,10000,10000,31,4349734,130292,Clear Rate,50,1,B,MI,882ab2c221fffff
261251810012000,10000,10000,9,4349734,130292,Clear Rate,50,1,B,MI,882ab2c221fffff
261251810013000,10000,10000,9,4349734,130292,Clear Rate,50,1,B,MI,882ab2c229fffff
261251810013001,10000,10000,1,4349734,130292,Clear Rate,50,1,B,MI,882ab2c22dfffff
261251810013002,10000,10000,9,4349734,130292,Clear Rate,50,1,B,MI,882ab2c229fffff
261251810014000,10000,10000,10,4349734,130292,Clear Rate,50,1,B,MI,882ab2c22bfffff
261251810014001,10000,10000,14,4349734,130292,Clear Rate,50,1,B,MI,882ab2c22bfffff
261251810014002,10000,10000,11,4349734,130292,Clear Rate,50,1,B,MI,882ab2c223fffff
261251810014003,10000,10000,4,4349734,130292,Clear Rate,50,1,B,MI,882ab2c22bfffff
261251810015000,10000,10000,21,4349734,130292,Clear Rate,50,1,B,MI,882ab2c22bfffff
261251810015001,10000,10000,4,4349734,130292,Clear Rate,50,1,B,MI,882ab2c22bfffff
261251810016000,10000,10000,4,4349734,130292,Clear Rate,50,1,B,MI,882ab2c223fffff
261251811001000,10000,10000,63,4349734,130292,Clear Rate,50,1,B,MI,882ab2c227fffff
261251811001001,10000,10000,45,4349734,130292,Clear Rate,50,1,B,MI,882ab2c227fffff
261251811001002,10000,10000,55,4349734,130292,Clear Rate,50,1,B,MI,882ab2c31bfffff
261251811001003,10000,10000,25,4349734,130292,Clear Rate,50,1,B,MI,882ab2c04dfffff
261251811001004,10000,10000,25,4349734,130292,Clear Rate,50,1,B,MI,882ab2c04dfffff
261251811001005,10000,10000,29,4349734,130292,Clear Rate,50,1,B,MI,882ab2c227fffff
261251811001006,10000,10000,38,4349734,130292,Clear Rate,50,1,B,MI,882ab2c227fffff
261251811001007,10000,10000,36,4349734,130292,Clear Rate,50,1,B,MI,882ab2c04dfffff
261251811002000,10000,10000,47,4349734,130292,Clear Rate,50,1,B,MI,882ab2c049fffff
261251811002001,10000,10000,20,4349734,130292,Clear Rate,50,1,B,MI,882ab2c041fffff
261251811002002,10000,10000,31,4349734,130292,Clear Rate,50,1,B,MI,882ab2c049fffff
261251811002003,10000,10000,16,4349734,130292,Clear Rate,50,1,B,MI,882ab2c049fffff
261251811002005,10000,10000,70,4349734,130292,Clear Rate,50,1,B,MI,882ab2c041fffff
261251811002006,10000,10000,32,4349734,130292,Clear Rate,50,1,B,MI,882ab2c041fffff
261251811002007,10000,10000,29,4349734,130292,Clear Rate,50,1,B,MI,882ab2c041fffff
261251811002008,10000,10000,23,4349734,130292,Clear Rate,50,1,B,MI,882ab2c04dfffff
261251811002009,10000,10000,57,4349734,130292,Clear Rate,50,1,B,MI,882ab2c04dfffff
261251811002010,10000,10000,13,4349734,130292,Clear Rate,50,1,B,MI,882ab2c04dfffff
261251811002011,10000,10000,24,4349734,130292,Clear Rate,50,1,B,MI,882ab2c04dfffff
261251811002012,10000,10000,30,4349734,130292,Clear Rate,50,1,B,MI,882ab2c041fffff
261251811002013,10000,10000,32,4349734,130292,Clear Rate,50,1,B,MI,882ab2c041fffff
261251811002014,10000,10000,43,4349734,130292,Clear Rate,50,1,B,MI,882ab2c041fffff
261251811002015,10000,10000,31,4349734,130292,Clear Rate,50,1,B,MI,882ab2c041fffff
261251811002016,10000,10000,16,4349734,130292,Clear Rate,50,1,B,MI,882ab2c041fffff
261251811003000,10000,10000,19,4349734,130292,Clear Rate,50,1,B,MI,882ab2c225fffff
261251811004000,10000,10000,16,4349734,130292,Clear Rate,50,1,B,MI,882ab2c22dfffff
261251811004001,10000,10000,7,4349734,130292,Clear Rate,50,1,B,MI,882ab2c353fffff
261251811004002,10000,10000,24,4349734,130292,Clear Rate,50,1,B,MI,882ab2c225fffff
261251811004003,10000,10000,47,4349734,130292,Clear Rate,50,1,B,MI,882ab2c31bfffff
261251811004004,10000,10000,40,4349734,130292,Clear Rate,50,1,B,MI,882ab2c225fffff
261251811004005,10000,10000,39,4349734,130292,Clear Rate,50,1,B,MI,882ab2c225fffff
261251811004006,10000,10000,85,4349734,130292,Clear Rate,50,1,B,MI,882ab2c225fffff
261251811004007,10000,10000,32,4349734,130292,Clear Rate,50,1,B,MI,882ab2c227fffff
261251811004008,10000,10000,46,4349734,130292,Clear Rate,50,1,B,MI,882ab2c31bfffff
261251811004009,10000,10000,24,4349734,130292,Clear Rate,50,1,B,MI,882ab2c31bfffff
261251811004010,10000,10000,26,4349734,130292,Clear Rate,50,1,B,MI,882ab2c31bfffff
261251811004011,10000,10000,15,4349734,130292,Clear Rate,50,1,B,MI,882ab2c31bfffff
261251812001000,10000,10000,21,4349734,130292,Clear Rate,50,1,B,MI,882ab2c223fffff
261251812001001,10000,10000,30,4349734,130292,Clear Rate,50,1,B,MI,882ab2c223fffff
261251812001002,10000,10000,34,4349734,130292,Clear Rate,50,1,B,MI,882ab2c223fffff
261251812001003,10000,10000,34,4349734,130292,Clear Rate,50,1,B,MI,882ab2c223fffff
261251812001004,10000,10000,8,4349734,130292,Clear Rate,50,1,B,MI,882ab2c227fffff
261251812001005,10000,10000,108,4349734,130292,Clear Rate,50,1,B,MI,882ab2c235fffff
261251812001006,10000,10000,39,4349734,130292,Clear Rate,50,1,B,MI,882ab2c223fffff
261251812001007,10000,10000,34,4349734,130292,Clear Rate,50,1,B,MI,882ab2c223fffff
261251812001008,10000,10000,37,4349734,130292,Clear Rate,50,1,B,MI,882ab2c223fffff
261251812001009,10000,10000,34,4349734,130292,Clear Rate,50,1,B,MI,882ab2c223fffff
261251812001010,10000,10000,22,4349734,130292,Clear Rate,50,1,B,MI,882ab2c223fffff
261251812001012,10000,10000,21,4349734,130292,Clear Rate,50,1,B,MI,882ab2c223fffff
261251812001013,10000,10000,36,4349734,130292,Clear Rate,50,1,B,MI,882ab2c223fffff
261251812002000,10000,10000,2,4349734,130292,Clear Rate,50,1,B,MI,882ab2c04bfffff
261251812002001,10000,10000,4,4349734,130292,Clear Rate,50,1,B,MI,882ab2c04bfffff
261251812003000,10000,10000,9,4349734,130292,Clear Rate,50,1,B,MI,882ab2c223fffff
261251812003002,10000,10000,29,4349734,130292,Clear Rate,50,1,B,MI,882ab2c223fffff
261251812003003,10000,10000,19,4349734,130292,Clear Rate,50,1,B,MI,882ab2c223fffff
261251812003004,10000,10000,22,4349734,130292,Clear Rate,50,1,B,MI,882ab2c223fffff
261251812003005,10000,10000,52,4349734,130292,Clear Rate,50,1,B,MI,882ab2c223fffff
261251812003006,10000,10000,20,4349734,130292,Clear Rate,50,1,B,MI,882ab2c223fffff
261251812003007,10000,10000,19,4349734,130292,Clear Rate,50,1,B,MI,882ab2c223fffff
261251812003008,10000,10000,5,4349734,130292,Clear Rate,50,1,B,MI,882ab2c235fffff
261251812005004,10000,10000,3,4349734,130292,Clear Rate,50,1,B,MI,882ab2c04bfffff
261251814001000,10000,10000,4,4349734,130292,Clear Rate,50,1,B,MI,882ab2c04bfffff
261251814001001,10000,10000,26,4349734,130292,Clear Rate,50,1,B,MI,882ab2c04bfffff
261251814001002,10000,10000,25,4349734,130292,Clear Rate,50,1,B,MI,882ab2c043fffff
261251814001003,10000,10000,6,4349734,130292,Clear Rate,50,1,B,MI,882ab2c04bfffff
261251814001005,10000,10000,4,4349734,130292,Clear Rate,50,1,B,MI,882ab2c041fffff
261251814001010,10000,10000,5,4349734,130292,Clear Rate,50,1,B,MI,882ab2c04bfffff
261251814001012,10000,10000,4,4349734,130292,Clear Rate,50,1,B,MI,882ab2c04bfffff
261251830001000,10000,10000,5,4349734,130292,Clear Rate,50,1,B,MI,882ab2c307fffff
261251830001006,10000,10000,4,4349734,130292,Clear Rate,50,1,B,MI,882ab2c305fffff
261251830001007,10000,10000,5,4349734,130292,Clear Rate,50,1,B,MI,882ab2c32bfffff
261251830001008,10000,10000,3,4349734,130292,Clear Rate,50,1,B,MI,882ab2c32bfffff
261251830003000,10000,10000,3,4349734,130292,Clear Rate,50,1,B,MI,882ab2c32bfffff
261251830003001,10000,10000,2,4349734,130292,Clear Rate,50,1,B,MI,882ab2c32bfffff
261251830006000,10000,10000,59,4349734,130292,Clear Rate,50,1,B,MI,882ab2c301fffff
261251830006001,10000,10000,3,4349734,130292,Clear Rate,50,1,B,MI,882ab2c305fffff
261251830006002,10000,10000,25,4349734,130292,Clear Rate,50,1,B,MI,882ab2c305fffff
261251830006003,10000,10000,31,4349734,130292,Clear Rate,50,1,B,MI,882ab2c307fffff
261251830006004,10000,10000,29,4349734,130292,Clear Rate,50,1,B,MI,882ab2c307fffff
261251830006005,10000,10000,28,4349734,130292,Clear Rate,50,1,B,MI,882ab2c307fffff
261251831001000,10000,10000,21,4349734,130292,Clear Rate,50,1,B,MI,882ab2c225fffff
261251831001001,10000,10000,30,4349734,130292,Clear Rate,50,1,B,MI,882ab2c353fffff
261251831001002,10000,10000,19,4349734,130292,Clear Rate,50,1,B,MI,882ab2c319fffff
261251831001003,10000,10000,19,4349734,130292,Clear Rate,50,1,B,MI,882ab2c319fffff
261251831001004,10000,10000,25,4349734,130292,Clear Rate,50,1,B,MI,882ab2c319fffff
261251831001005,10000,10000,20,4349734,130292,Clear Rate,50,1,B,MI,882ab2c319fffff
261251831001006,10000,10000,30,4349734,130292,Clear Rate,50,1,B,MI,882ab2c225fffff
261251831001007,10000,10000,35,4349734,130292,Clear Rate,50,1,B,MI,882ab2c225fffff
261251831001008,10000,10000,28,4349734,130292,Clear Rate,50,1,B,MI,882ab2c319fffff
261251831001009,10000,10000,39,4349734,130292,Clear Rate,50,1,B,MI,882ab2c319fffff
261251831001010,10000,10000,50,4349734,130292,Clear Rate,50,1,B,MI,882ab2c319fffff
261251831001011,10000,10000,37,4349734,130292,Clear Rate,50,1,B,MI,882ab2c319fffff
261251831001012,10000,10000,36,4349734,130292,Clear Rate,50,1,B,MI,882ab2c225fffff
261251831001013,10000,10000,26,4349734,130292,Clear Rate,50,1,B,MI,882ab2c353fffff
261251831002000,10000,10000,53,4349734,130292,Clear Rate,50,1,B,MI,882ab2c31bfffff
261251831002001,10000,10000,42,4349734,130292,Clear Rate,50,1,B,MI,882ab2c31bfffff
261251831002002,10000,10000,21,4349734,130292,Clear Rate,50,1,B,MI,882ab2c311fffff
261251831002003,10000,10000,8,4349734,130292,Clear Rate,50,1,B,MI,882ab2c311fffff
261251831002004,10000,10000,45,4349734,130292,Clear Rate,50,1,B,MI,882ab2c31bfffff
261251831002005,10000,10000,54,4349734,130292,Clear Rate,50,1,B,MI,882ab2c31bfffff
261251831002006,10000,10000,52,4349734,130292,Clear Rate,50,1,B,MI,882ab2c31bfffff
261251831002007,10000,10000,17,4349734,130292,Clear Rate,50,1,B,MI,882ab2c31bfffff
261251831002008,10000,10000,27,4349734,130292,Clear Rate,50,1,B,MI,882ab2c31bfffff
261251831002009,10000,10000,25,4349734,130292,Clear Rate,50,1,B,MI,882ab2c31bfffff
261251831002010,10000,10000,25,4349734,130292,Clear Rate,50,1,B,MI,882ab2c31bfffff
261251831002011,10000,10000,35,4349734,130292,Clear Rate,50,1,B,MI,882ab2c31bfffff
261251831002012,10000,10000,6,4349734,130292,Clear Rate,50,1,B,MI,882ab2c31bfffff
261251831002013,10000,10000,46,4349734,130292,Clear Rate,50,1,B,MI,882ab2c31bfffff
261251831002014,10000,10000,18,4349734,130292,Clear Rate,50,1,B,MI,882ab2c31bfffff
261251831002015,10000,10000,26,4349734,130292,Clear Rate,50,1,B,MI,882ab2c31bfffff
261251831002016,10000,10000,38,4349734,130292,Clear Rate,50,1,B,MI,882ab2c31bfffff
261251831002017,10000,10000,10,4349734,130292,Clear Rate,50,1,B,MI,882ab2c313fffff
261251831003000,10000,10000,36,4349734,130292,Clear Rate,50,1,B,MI,882ab2c225fffff
261251831003001,10000,10000,38,4349734,130292,Clear Rate,50,1,B,MI,882ab2c319fffff
261251831003002,10000,10000,51,4349734,130292,Clear Rate,50,1,B,MI,882ab2c319fffff
261251831003003,10000,10000,61,4349734,130292,Clear Rate,50,1,B,MI,882ab2c319fffff
261251831003004,10000,10000,57,4349734,130292,Clear Rate,50,1,B,MI,882ab2c225fffff
261251831003005,10000,10000,52,4349734,130292,Clear Rate,50,1,B,MI,882ab2c225fffff
261251831003006,10000,10000,37,4349734,130292,Clear Rate,50,1,B,MI,882ab2c31bfffff
261251831003007,10000,10000,26,4349734,130292,Clear Rate,50,1,B,MI,882ab2c319fffff
261251831003008,10000,10000,65,4349734,130292,Clear Rate,50,1,B,MI,882ab2c311fffff
261251831003009,10000,10000,26,4349734,130292,Clear Rate,50,1,B,MI,882ab2c319fffff
261251831003010,10000,10000,41,4349734,130292,Clear Rate,50,1,B,MI,882ab2c31bfffff
261251831004000,10000,10000,16,4349734,130292,Clear Rate,50,1,B,MI,882ab2c311fffff
261251831004001,10000,10000,31,4349734,130292,Clear Rate,50,1,B,MI,882ab2c311fffff
261251831004002,10000,10000,31,4349734,130292,Clear Rate,50,1,B,MI,882ab2c311fffff
261251831004004,10000,10000,4,4349734,130292,Clear Rate,50,1,B,MI,882ab2c311fffff
261251831004005,10000,10000,17,4349734,130292,Clear Rate,50,1,B,MI,882ab2c311fffff
261251831004006,10000,10000,19,4349734,130292,Clear Rate,50,1,B,MI,882ab2c311fffff
261251831004011,10000,10000,16,4349734,130292,Clear Rate,50,1,B,MI,882ab2c311fffff
261251831004012,10000,10000,7,4349734,130292,Clear Rate,50,1,B,MI,882ab2c311fffff
261251831004013,10000,10000,2,4349734,130292,Clear Rate,50,1,B,MI,882ab2c311fffff
261251831004016,10000,10000,10,4349734,130292,Clear Rate,50,1,B,MI,882ab2c311fffff
261251831004017,10000,10000,3,4349734,130292,Clear Rate,50,1,B,MI,882ab2c311fffff
261251838001000,10000,10000,2,4349734,130292,Clear Rate,50,1,B,MI,882ab2c313fffff
261251838001003,10000,10000,1,4349734,130292,Clear Rate,50,1,B,MI,882ab2c313fffff
261251838002000,10000,10000,15,4349734,130292,Clear Rate,50,1,B,MI,882ab2c31bfffff
261251838002001,10000,10000,26,4349734,130292,Clear Rate,50,1,B,MI,882ab2c31bfffff
261251838002002,10000,10000,26,4349734,130292,Clear Rate,50,1,B,MI,882ab2c31bfffff
261251838002003,10000,10000,38,4349734,130292,Clear Rate,50,1,B,MI,882ab2c04dfffff
261251838002004,10000,10000,38,4349734,130292,Clear Rate,50,1,B,MI,882ab2c04dfffff
261251838002005,10000,10000,36,4349734,130292,Clear Rate,50,1,B,MI,882ab2c31bfffff
261251838002006,10000,10000,25,4349734,130292,Clear Rate,50,1,B,MI,882ab2c04dfffff
261251838002007,10000,10000,31,4349734,130292,Clear Rate,50,1,B,MI,882ab2c04dfffff
261251838002008,10000,10000,29,4349734,130292,Clear Rate,50,1,B,MI,882ab2c04dfffff
261251838002009,10000,10000,38,4349734,130292,Clear Rate,50,1,B,MI,882ab2c04dfffff
261251838002010,10000,10000,42,4349734,130292,Clear Rate,50,1,B,MI,882ab2c04dfffff
261251838002011,10000,10000,32,4349734,130292,Clear Rate,50,1,B,MI,882ab2c04dfffff
261251838002012,10000,10000,30,4349734,130292,Clear Rate,50,1,B,MI,882ab2c04dfffff
261251838002013,10000,10000,34,4349734,130292,Clear Rate,50,1,B,MI,882ab2c04dfffff
261251838002014,10000,10000,36,4349734,130292,Clear Rate,50,1,B,MI,882ab2c04dfffff
261251838002015,10000,10000,42,4349734,130292,Clear Rate,50,1,B,MI,882ab2c045fffff
261251838002016,10000,10000,33,4349734,130292,Clear Rate,50,1,B,MI,882ab2c045fffff
261251838002017,10000,10000,29,4349734,130292,Clear Rate,50,1,B,MI,882ab2c041fffff
261251838002018,10000,10000,13,4349734,130292,Clear Rate,50,1,B,MI,882ab2c041fffff
261251838003000,10000,10000,26,4349734,130292,Clear Rate,50,1,B,MI,882ab2c31bfffff
261251838003001,10000,10000,26,4349734,130292,Clear Rate,50,1,B,MI,882ab2c31bfffff
261251838003002,10000,10000,26,4349734,130292,Clear Rate,50,1,B,MI,882ab2c31bfffff
261251838003003,10000,10000,26,4349734,130292,Clear Rate,50,1,B,MI,882ab2c313fffff
261251838003004,10000,10000,42,4349734,130292,Clear Rate,50,1,B,MI,882ab2c313fffff
261251838003005,10000,10000,38,4349734,130292,Clear Rate,50,1,B,MI,882ab2c313fffff
261251838003006,10000,10000,38,4349734,130292,Clear Rate,50,1,B,MI,882ab2c313fffff
261251838003007,10000,10000,38,4349734,130292,Clear Rate,50,1,B,MI,882ab2c31bfffff
261251838003008,10000,10000,20,4349734,130292,Clear Rate,50,1,B,MI,882ab2c313fffff
261251838003009,10000,10000,38,4349734,130292,Clear Rate,50,1,B,MI,882ab2c313fffff
261251838003010,10000,10000,22,4349734,130292,Clear Rate,50,1,B,MI,882ab2c313fffff
261251838003011,10000,10000,22,4349734,130292,Clear Rate,50,1,B,MI,882ab2c313fffff
261251838003012,10000,10000,53,4349734,130292,Clear Rate,50,1,B,MI,882ab2c313fffff
261251838003013,10000,10000,23,4349734,130292,Clear Rate,50,1,B,MI,882ab2c313fffff
261251838003014,10000,10000,9,4349734,130292,Clear Rate,50,1,B,MI,882ab2c313fffff
261251838003015,10000,10000,7,4349734,130292,Clear Rate,50,1,B,MI,882ab2c313fffff
261251838004000,10000,10000,183,4349734,130292,Clear Rate,50,1,B,MI,882ab2c045fffff
261251838004003,10000,10000,19,4349734,130292,Clear Rate,50,1,B,MI,882ab2c313fffff
261251838004004,10000,10000,14,4349734,130292,Clear Rate,50,1,B,MI,882ab2c06bfffff
261251838004005,10000,10000,26,4349734,130292,Clear Rate,50,1,B,MI,882ab2c045fffff
261251838004006,10000,10000,37,4349734,130292,Clear Rate,50,1,B,MI,882ab2c313fffff
261251839001000,10000,10000,108,4349734,130292,Clear Rate,50,1,B,MI,882ab2c047fffff
261251839001001,10000,10000,36,4349734,130292,Clear Rate,50,1,B,MI,882ab2c047fffff
261251839001002,10000,10000,28,4349734,130292,Clear Rate,50,1,B,MI,882ab2c045fffff
261251839001003,10000,10000,27,4349734,130292,Clear Rate,50,1,B,MI,882ab2c047fffff
261251839001004,10000,10000,27,4349734,130292,Clear Rate,50,1,B,MI,882ab2c047fffff
261251839001005,10000,10000,33,4349734,130292,Clear Rate,50,1,B,MI,882ab2c045fffff
261251839001006,10000,10000,7,4349734,130292,Clear Rate,50,1,B,MI,882ab2c045fffff
261251839001008,10000,10000,15,4349734,130292,Clear Rate,50,1,B,MI,882ab2c047fffff
261251839001009,10000,10000,30,4349734,130292,Clear Rate,50,1,B,MI,882ab2c047fffff
261251839001010,10000,10000,29,4349734,130292,Clear Rate,50,1,B,MI,882ab2c047fffff
261251839001011,10000,10000,31,4349734,130292,Clear Rate,50,1,B,MI,882ab2c047fffff
261251839001012,10000,10000,31,4349734,130292,Clear Rate,50,1,B,MI,882ab2c047fffff
261251839001013,10000,10000,15,4349734,130292,Clear Rate,50,1,B,MI,882ab2c047fffff
261251839001015,10000,10000,23,4349734,130292,Clear Rate,50,1,B,MI,882ab2c047fffff
261251839002000,10000,10000,4,4349734,130292,Clear Rate,50,1,B,MI,882ab2c041fffff
261251839002001,10000,10000,78,4349734,130292,Clear Rate,50,1,B,MI,882ab2c043fffff
261251839002002,10000,10000,17,4349734,130292,Clear Rate,50,1,B,MI,882ab2c043fffff
261251839002003,10000,10000,15,4349734,130292,Clear Rate,50,1,B,MI,882ab2c041fffff
261251839002004,10000,10000,1,4349734,130292,Clear Rate,50,1,B,MI,882ab2c043fffff
261251839003000,10000,10000,1,4349734,130292,Clear Rate,50,1,B,MI,882ab2c045fffff
261251840002020,10000,10000,13,4349734,130292,Clear Rate,50,1,B,MI,882ab2c15bfffff
261251840002021,10000,10000,4,4349734,130292,Clear Rate,50,1,B,MI,882ab2c15bfffff
261251840002029,10000,10000,2,4349734,130292,Clear Rate,50,1,B,MI,882ab2c067fffff
261251840002030,10000,10000,10,4349734,130292,Clear Rate,50,1,B,MI,882ab2c067fffff
261251841001011,10000,10000,12,4349734,130292,Clear Rate,50,1,B,MI,882ab2c067fffff
261251841001012,10000,10000,19,4349734,130292,Clear Rate,50,1,B,MI,882ab2c067fffff
261251841001013,10000,10000,21,4349734,130292,Clear Rate,50,1,B,MI,882ab2c067fffff
261251841001014,10000,10000,29,4349734,130292,Clear Rate,50,1,B,MI,882ab2c067fffff
261251841001019,10000,10000,2,4349734,130292,Clear Rate,50,1,B,MI,882ab2c067fffff
261251841002002,10000,10000,1,4349734,130292,Clear Rate,50,1,B,MI,882ab2c063fffff
261251841002003,10000,10000,2,4349734,130292,Clear Rate,50,1,B,MI,882ab2c063fffff
261251841002004,10000,10000,7,4349734,130292,Clear Rate,50,1,B,MI,882ab2c063fffff
261251841002006,10000,10000,10,4349734,130292,Clear Rate,50,1,B,MI,882ab2c029fffff
261251841002009,10000,10000,5,4349734,130292,Clear Rate,50,1,B,MI,882ab2c067fffff
261251841002011,10000,10000,29,4349734,130292,Clear Rate,50,1,B,MI,882ab2c067fffff
261251841002012,10000,10000,10,4349734,130292,Clear Rate,50,1,B,MI,882ab2c067fffff
261251841002013,10000,10000,50,4349734,130292,Clear Rate,50,1,B,MI,882ab2c029fffff
261251841002014,10000,10000,10,4349734,130292,Clear Rate,50,1,B,MI,882ab2c029fffff
261251841002017,10000,10000,4,4349734,130292,Clear Rate,50,1,B,MI,882ab2c029fffff
261251841002018,10000,10000,33,4349734,130292,Clear Rate,50,1,B,MI,882ab2c029fffff
261251841002019,10000,10000,13,4349734,130292,Clear Rate,50,1,B,MI,882ab2c029fffff
261251841002020,10000,10000,18,4349734,130292,Clear Rate,50,1,B,MI,882ab2c029fffff
261251841002021,10000,10000,4,4349734,130292,Clear Rate,50,1,B,MI,882ab2c029fffff
261251841002022,10000,10000,1,4349734,130292,Clear Rate,50,1,B,MI,882ab2c005fffff
261251841002023,10000,10000,11,4349734,130292,Clear Rate,50,1,B,MI,882ab2c063fffff
261251841002024,10000,10000,24,4349734,130292,Clear Rate,50,1,B,MI,882ab2c063fffff
261251841002025,10000,10000,15,4349734,130292,Clear Rate,50,1,B,MI,882ab2c005fffff
261251842002000,10000,10000,22,4349734,130292,Clear Rate,50,1,B,MI,882ab2c009fffff
261251842002001,10000,10000,18,4349734,130292,Clear Rate,50,1,B,MI,882ab2c009fffff
261251842002002,10000,10000,16,4349734,130292,Clear Rate,50,1,B,MI,882ab2c009fffff
261251842002003,10000,10000,21,4349734,130292,Clear Rate,50,1,B,MI,882ab2c009fffff
261251842002004,10000,10000,20,4349734,130292,Clear Rate,50,1,B,MI,882ab2c00dfffff
261251842002005,10000,10000,10,4349734,130292,Clear Rate,50,1,B,MI,882ab2c00dfffff
261251842002008,10000,10000,31,4349734,130292,Clear Rate,50,1,B,MI,882ab2c00dfffff
261251842002009,10000,10000,29,4349734,130292,Clear Rate,50,1,B,MI,882ab2c00dfffff
261251842002010,10000,10000,25,4349734,130292,Clear Rate,50,1,B,MI,882ab2c009fffff
261251842002011,10000,10000,25,4349734,130292,Clear Rate,50,1,B,MI,882ab2c009fffff
261251842002012,10000,10000,26,4349734,130292,Clear Rate,50,1,B,MI,882ab2c009fffff
261251842002013,10000,10000,26,4349734,130292,Clear Rate,50,1,B,MI,882ab2c009fffff
261251842002014,10000,10000,23,4349734,130292,Clear Rate,50,1,B,MI,882ab2c009fffff
261251842002015,10000,10000,22,4349734,130292,Clear Rate,50,1,B,MI,882ab2c009fffff
261251842003000,10000,10000,18,4349734,130292,Clear Rate,50,1,B,MI,882ab2c047fffff
261251842003001,10000,10000,26,4349734,130292,Clear Rate,50,1,B,MI,882ab2c047fffff
261251842003002,10000,10000,24,4349734,130292,Clear Rate,50,1,B,MI,882ab2c047fffff
261251842003003,10000,10000,25,4349734,130292,Clear Rate,50,1,B,MI,882ab2c047fffff
261251842003004,10000,10000,26,4349734,130292,Clear Rate,50,1,B,MI,882ab2c047fffff
261251842003005,10000,10000,26,4349734,130292,Clear Rate,50,1,B,MI,882ab2c047fffff
261251842003010,10000,10000,27,4349734,130292,Clear Rate,50,1,B,MI,882ab2c047fffff
261251842003011,10000,10000,29,4349734,130292,Clear Rate,50,1,B,MI,882ab2c047fffff
261251842003012,10000,10000,28,4349734,130292,Clear Rate,50,1,B,MI,882ab2c047fffff
261251842003013,10000,10000,28,4349734,130292,Clear Rate,50,1,B,MI,882ab2c047fffff
261251842003014,10000,10000,27,4349734,130292,Clear Rate,50,1,B,MI,882ab2c047fffff
261251842003015,10000,10000,25,4349734,130292,Clear Rate,50,1,B,MI,882ab2c047fffff
261251842004000,10000,10000,33,4349734,130292,Clear Rate,50,1,B,MI,882ab2c00dfffff
261251842004002,10000,10000,1,4349734,130292,Clear Rate,50,1,B,MI,882ab2c00dfffff
261251842004005,10000,10000,14,4349734,130292,Clear Rate,50,1,B,MI,882ab2c063fffff
261251842004006,10000,10000,8,4349734,130292,Clear Rate,50,1,B,MI,882ab2c00dfffff
261251842004007,10000,10000,4,4349734,130292,Clear Rate,50,1,B,MI,882ab2c00dfffff
261251842004008,10000,10000,33,4349734,130292,Clear Rate,50,1,B,MI,882ab2c00dfffff
261251842004009,10000,10000,15,4349734,130292,Clear Rate,50,1,B,MI,882ab2c00dfffff
261251842004010,10000,10000,12,4349734,130292,Clear Rate,50,1,B,MI,882ab2c00dfffff
261251842004012,10000,10000,26,4349734,130292,Clear Rate,50,1,B,MI,882ab2c00dfffff
261251842004013,10000,10000,27,4349734,130292,Clear Rate,50,1,B,MI,882ab2c00dfffff
261251843001003,10000,10000,9,4349734,130292,Clear Rate,50,1,B,MI,882ab2c00bfffff
261251843001007,10000,10000,14,4349734,130292,Clear Rate,50,1,B,MI,882ab2c055fffff
261251843001008,10000,10000,36,4349734,130292,Clear Rate,50,1,B,MI,882ab2c055fffff
261251843001009,10000,10000,39,4349734,130292,Clear Rate,50,1,B,MI,882ab2c055fffff
261251843001010,10000,10000,41,4349734,130292,Clear Rate,50,1,B,MI,882ab2c009fffff
261251843001011,10000,10000,1,4349734,130292,Clear Rate,50,1,B,MI,882ab2c009fffff
261251843001015,10000,10000,7,4349734,130292,Clear Rate,50,1,B,MI,882ab2c055fffff
261251843001016,10000,10000,37,4349734,130292,Clear Rate,50,1,B,MI,882ab2c00bfffff
261251843001017,10000,10000,36,4349734,130292,Clear Rate,50,1,B,MI,882ab2c00bfffff
261251843001018,10000,10000,14,4349734,130292,Clear Rate,50,1,B,MI,882ab2c00bfffff
261251843001023,10000,10000,33,4349734,130292,Clear Rate,50,1,B,MI,882ab2c00bfffff
261251843001024,10000,10000,27,4349734,130292,Clear Rate,50,1,B,MI,882ab2c00bfffff
261251843001025,10000,10000,27,4349734,130292,Clear Rate,50,1,B,MI,882ab2c00bfffff
261251843001026,10000,10000,27,4349734,130292,Clear Rate,50,1,B,MI,882ab2c00bfffff
261251843001032,10000,10000,33,4349734,130292,Clear Rate,50,1,B,MI,882ab2c00bfffff
261251843001033,10000,10000,31,4349734,130292,Clear Rate,50,1,B,MI,882ab2c00bfffff
261251843001034,10000,10000,32,4349734,130292,Clear Rate,50,1,B,MI,882ab2c00bfffff
261251843002003,10000,10000,16,4349734,130292,Clear Rate,50,1,B,MI,882ab2c043fffff
261251843002004,10000,10000,27,4349734,130292,Clear Rate,50,1,B,MI,882ab2c043fffff
261251843002005,10000,10000,30,4349734,130292,Clear Rate,50,1,B,MI,882ab2c043fffff
261251843002006,10000,10000,30,4349734,130292,Clear Rate,50,1,B,MI,882ab2c043fffff
261251843002007,10000,10000,30,4349734,130292,Clear Rate,50,1,B,MI,882ab2c043fffff
261251843002008,10000,10000,18,4349734,130292,Clear Rate,50,1,B,MI,882ab2c047fffff
261251843002009,10000,10000,48,4349734,130292,Clear Rate,50,1,B,MI,882ab2c009fffff
261251843002010,10000,10000,35,4349734,130292,Clear Rate,50,1,B,MI,882ab2c043fffff
261251843002011,10000,10000,14,4349734,130292,Clear Rate,50,1,B,MI,882ab2c043fffff
261251843002012,10000,10000,14,4349734,130292,Clear Rate,50,1,B,MI,882ab2c055fffff
261251843002013,10000,10000,19,4349734,130292,Clear Rate,50,1,B,MI,882ab2c009fffff
261251843002014,10000,10000,17,4349734,130292,Clear Rate,50,1,B,MI,882ab2c009fffff
261251843002015,10000,10000,46,4349734,130292,Clear Rate,50,1,B,MI,882ab2c009fffff
261251843002020,10000,10000,6,4349734,130292,Clear Rate,50,1,B,MI,882ab2c055fffff
261251843002021,10000,10000,11,4349734,130292,Clear Rate,50,1,B,MI,882ab2c009fffff
261251843002022,10000,10000,16,4349734,130292,Clear Rate,50,1,B,MI,882ab2c009fffff
261251843002023,10000,10000,17,4349734,130292,Clear Rate,50,1,B,MI,882ab2c009fffff
261251843002024,10000,10000,20,4349734,130292,Clear Rate,50,1,B,MI,882ab2c009fffff
261251843002025,10000,10000,20,4349734,130292,Clear Rate,50,1,B,MI,882ab2c055fffff
261251843002026,10000,10000,19,4349734,130292,Clear Rate,50,1,B,MI,882ab2c055fffff
261251843002027,10000,10000,12,4349734,130292,Clear Rate,50,1,B,MI,882ab2c055fffff
261251844001000,10000,10000,22,4349734,130292,Clear Rate,50,1,B,MI,882ab2c001fffff
261251844001001,10000,10000,25,4349734,130292,Clear Rate,50,1,B,MI,882ab2c005fffff
261251844001002,10000,10000,21,4349734,130292,Clear Rate,50,1,B,MI,882ab2c005fffff
261251844001003,10000,10000,11,4349734,130292,Clear Rate,50,1,B,MI,882ab2c005fffff
261251844001004,10000,10000,21,4349734,130292,Clear Rate,50,1,B,MI,882ab2c001fffff
261251844001005,10000,10000,30,4349734,130292,Clear Rate,50,1,B,MI,882ab2c001fffff
261251844001006,10000,10000,15,4349734,130292,Clear Rate,50,1,B,MI,882ab2c005fffff
261251844001007,10000,10000,2,4349734,130292,Clear Rate,50,1,B,MI,882ab2c005fffff
261251844001008,10000,10000,8,4349734,130292,Clear Rate,50,1,B,MI,882ab2c005fffff
261251844001009,10000,10000,4,4349734,130292,Clear Rate,50,1,B,MI,882ab2c005fffff
261251844001010,10000,10000,2,4349734,130292,Clear Rate,50,1,B,MI,882ab2c005fffff
261251844001011,10000,10000,13,4349734,130292,Clear Rate,50,1,B,MI,882ab2c005fffff
261251844001012,10000,10000,1,4349734,130292,Clear Rate,50,1,B,MI,882ab2c005fffff
261251844001013,10000,10000,9,4349734,130292,Clear Rate,50,1,B,MI,882ab2c005fffff
261251844001016,10000,10000,8,4349734,130292,Clear Rate,50,1,B,MI,882ab2c001fffff
261251844001017,10000,10000,21,4349734,130292,Clear Rate,50,1,B,MI,882ab2c005fffff
261251844001018,10000,10000,31,4349734,130292,Clear Rate,50,1,B,MI,882ab2c005fffff
261251844001019,10000,10000,23,4349734,130292,Clear Rate,50,1,B,MI,882ab2c005fffff
261251844001020,10000,10000,1,4349734,130292,Clear Rate,50,1,B,MI,882ab2c005fffff
261251844001021,10000,10000,2,4349734,130292,Clear Rate,50,1,B,MI,882ab2c005fffff
261251844001022,10000,10000,1,4349734,130292,Clear Rate,50,1,B,MI,882ab2c005fffff
261251844001023,10000,10000,2,4349734,130292,Clear Rate,50,1,B,MI,882ab2c005fffff
261251844001024,10000,10000,21,4349734,130292,Clear Rate,50,1,B,MI,882ab2c005fffff
261251844001026,10000,10000,1,4349734,130292,Clear Rate,50,1,B,MI,882ab2c001fffff
261251844001029,10000,10000,13,4349734,130292,Clear Rate,50,1,B,MI,882ab2c001fffff
261251844001030,10000,10000,11,4349734,130292,Clear Rate,50,1,B,MI,882ab2c005fffff
261251844001031,10000,10000,6,4349734,130292,Clear Rate,50,1,B,MI,882ab2c005fffff
261251844001032,10000,10000,2,4349734,130292,Clear Rate,50,1,B,MI,882ab2c005fffff
261251844002000,10000,10000,12,4349734,130292,Clear Rate,50,1,B,MI,882ab2c009fffff
261251844002001,10000,10000,15,4349734,130292,Clear Rate,50,1,B,MI,882ab2c009fffff
261251844002002,10000,10000,14,4349734,130292,Clear Rate,50,1,B,MI,882ab2c009fffff
261251844002003,10000,10000,7,4349734,130292,Clear Rate,50,1,B,MI,882ab2c009fffff
261251844002004,10000,10000,15,4349734,130292,Clear Rate,50,1,B,MI,882ab2c001fffff
261251844002005,10000,10000,26,4349734,130292,Clear Rate,50,1,B,MI,882ab2c00dfffff
261251844002006,10000,10000,31,4349734,130292,Clear Rate,50,1,B,MI,882ab2c001fffff
261251844002007,10000,10000,9,4349734,130292,Clear Rate,50,1,B,MI,882ab2c001fffff
261251844002008,10000,10000,12,4349734,130292,Clear Rate,50,1,B,MI,882ab2c009fffff
261251844002009,10000,10000,27,4349734,130292,Clear Rate,50,1,B,MI,882ab2c009fffff
261251844002010,10000,10000,26,4349734,130292,Clear Rate,50,1,B,MI,882ab2c009fffff
261251844002011,10000,10000,23,4349734,130292,Clear Rate,50,1,B,MI,882ab2c009fffff
261251844002016,10000,10000,15,4349734,130292,Clear Rate,50,1,B,MI,882ab2c009fffff
261251844002017,10000,10000,27,4349734,130292,Clear Rate,50,1,B,MI,882ab2c001fffff
261251844002018,10000,10000,33,4349734,130292,Clear Rate,50,1,B,MI,882ab2c001fffff
261251844002021,10000,10000,26,4349734,130292,Clear Rate,50,1,B,MI,882ab2c001fffff
261251844002022,10000,10000,23,4349734,130292,Clear Rate,50,1,B,MI,882ab2c001fffff
261251844002023,10000,10000,11,4349734,130292,Clear Rate,50,1,B,MI,882ab2c001fffff
261251844002024,10000,10000,10,4349734,130292,Clear Rate,50,1,B,MI,882ab2c001fffff
261251844002025,10000,10000,12,4349734,130292,Clear Rate,50,1,B,MI,882ab2c00bfffff
261251844002026,10000,10000,14,4349734,130292,Clear Rate,50,1,B,MI,882ab2c00bfffff
261251844002027,10000,10000,12,4349734,130292,Clear Rate,50,1,B,MI,882ab2c001fffff
261251844002028,10000,10000,14,4349734,130292,Clear Rate,50,1,B,MI,882ab2c001fffff
261251844002029,10000,10000,11,4349734,130292,Clear Rate,50,1,B,MI,882ab2c001fffff
261251844002030,10000,10000,15,4349734,130292,Clear Rate,50,1,B,MI,882ab2c001fffff
261251844002031,10000,10000,14,4349734,130292,Clear Rate,50,1,B,MI,882ab2c001fffff
261251844002032,10000,10000,11,4349734,130292,Clear Rate,50,1,B,MI,882ab2c001fffff
261251844002033,10000,10000,12,4349734,130292,Clear Rate,50,1,B,MI,882ab2c001fffff
261251844002034,10000,10000,12,4349734,130292,Clear Rate,50,1,B,MI,882ab2c001fffff
261251844002035,10000,10000,2,4349734,130292,Clear Rate,50,1,B,MI,882ab2c001fffff
261251844002036,10000,10000,2,4349734,130292,Clear Rate,50,1,B,MI,882ab2c001fffff
261251844002037,10000,10000,2,4349734,130292,Clear Rate,50,1,B,MI,882ab2c001fffff
261251844002038,10000,10000,2,4349734,130292,Clear Rate,50,1,B,MI,882ab2c001fffff
261251844002039,10000,10000,2,4349734,130292,Clear Rate,50,1,B,MI,882ab2c001fffff
261251844002040,10000,10000,2,4349734,130292,Clear Rate,50,1,B,MI,882ab2c001fffff
261251844002041,10000,10000,2,4349734,130292,Clear Rate,50,1,B,MI,882ab2c00bfffff
261251845001000,10000,10000,2,4349734,130292,Clear Rate,50,1,B,MI,882ab2c005fffff
261251845001001,10000,10000,1,4349734,130292,Clear Rate,50,1,B,MI,882ab2c005fffff
261251845001002,10000,10000,1,4349734,130292,Clear Rate,50,1,B,MI,882ab2c005fffff
261251845001003,10000,10000,3,4349734,130292,Clear Rate,50,1,B,MI,882ab2c005fffff
261251845001004,10000,10000,12,4349734,130292,Clear Rate,50,1,B,MI,882ab2c029fffff
261251845001005,10000,10000,15,4349734,130292,Clear Rate,50,1,B,MI,882ab2c029fffff
261251845001006,10000,10000,9,4349734,130292,Clear Rate,50,1,B,MI,882ab2c029fffff
261251845001007,10000,10000,16,4349734,130292,Clear Rate,50,1,B,MI,882ab2c029fffff
261251845001008,10000,10000,23,4349734,130292,Clear Rate,50,1,B,MI,882ab2c029fffff
261251845001009,10000,10000,16,4349734,130292,Clear Rate,50,1,B,MI,882ab2c029fffff
261251845001010,10000,10000,9,4349734,130292,Clear Rate,50,1,B,MI,882ab2c029fffff
261251845001011,10000,10000,8,4349734,130292,Clear Rate,50,1,B,MI,882ab2c029fffff
261251845001012,10000,10000,25,4349734,130292,Clear Rate,50,1,B,MI,882ab2c029fffff
261251845001013,10000,10000,13,4349734,130292,Clear Rate,50,1,B,MI,882ab2c029fffff
261251845001014,10000,10000,16,4349734,130292,Clear Rate,50,1,B,MI,882ab2c029fffff
261251845001015,10000,10000,16,4349734,130292,Clear Rate,50,1,B,MI,882ab2c029fffff
261251845001016,10000,10000,22,4349734,130292,Clear Rate,50,1,B,MI,882ab2c005fffff
261251845001017,10000,10000,9,4349734,130292,Clear Rate,50,1,B,MI,882ab2c005fffff
261251845001018,10000,10000,12,4349734,130292,Clear Rate,50,1,B,MI,882ab2c005fffff
261251845001019,10000,10000,2,4349734,130292,Clear Rate,50,1,B,MI,882ab2c005fffff
261251845001020,10000,10000,8,4349734,130292,Clear Rate,50,1,B,MI,882ab2c005fffff
261251845001021,10000,10000,3,4349734,130292,Clear Rate,50,1,B,MI,882ab2c005fffff
261251845001022,10000,10000,8,4349734,130292,Clear Rate,50,1,B,MI,882ab2c005fffff
261251845001023,10000,10000,1,4349734,130292,Clear Rate,50,1,B,MI,882ab2c005fffff
261251845001024,10000,10000,2,4349734,130292,Clear Rate,50,1,B,MI,882ab2c005fffff
261251845001025,10000,10000,6,4349734,130292,Clear Rate,50,1,B,MI,882ab2c005fffff
261251845001026,10000,10000,9,4349734,130292,Clear Rate,50,1,B,MI,882ab2c005fffff
261251845001027,10000,10000,4,4349734,130292,Clear Rate,50,1,B,MI,882ab2c005fffff
261251845001028,10000,10000,3,4349734,130292,Clear Rate,50,1,B,MI,882ab2c005fffff
261251845001029,10000,10000,3,4349734,130292,Clear Rate,50,1,B,MI,882ab2c02bfffff
261251845001030,10000,10000,1,4349734,130292,Clear Rate,50,1,B,MI,882ab2c005fffff
261251845001031,10000,10000,7,4349734,130292,Clear Rate,50,1,B,MI,882ab2c005fffff
261251845001033,10000,10000,27,4349734,130292,Clear Rate,50,1,B,MI,882ab2c02bfffff
261251845001034,10000,10000,9,4349734,130292,Clear Rate,50,1,B,MI,882ab2c02bfffff
261251845001035,10000,10000,22,4349734,130292,Clear Rate,50,1,B,MI,882ab2c02bfffff
261251845001036,10000,10000,13,4349734,130292,Clear Rate,50,1,B,MI,882ab2c029fffff
261251845001037,10000,10000,19,4349734,130292,Clear Rate,50,1,B,MI,882ab2c02bfffff
261251845001038,10000,10000,18,4349734,130292,Clear Rate,50,1,B,MI,882ab2c02bfffff
261251845001039,10000,10000,10,4349734,130292,Clear Rate,50,1,B,MI,882ab2c02bfffff
261251845001040,10000,10000,7,4349734,130292,Clear Rate,50,1,B,MI,882ab2c02bfffff
261251845002000,10000,10000,13,4349734,130292,Clear Rate,50,1,B,MI,882ab2c007fffff
261251845002001,10000,10000,3,4349734,130292,Clear Rate,50,1,B,MI,882ab2c02bfffff
261251845002002,10000,10000,10,4349734,130292,Clear Rate,50,1,B,MI,882ab2c005fffff
261251845002003,10000,10000,34,4349734,130292,Clear Rate,50,1,B,MI,882ab2c02bfffff
261251845002004,10000,10000,15,4349734,130292,Clear Rate,50,1,B,MI,882ab2c007fffff
261251845002005,10000,10000,14,4349734,130292,Clear Rate,50,1,B,MI,882ab2c02bfffff
261251845002006,10000,10000,22,4349734,130292,Clear Rate,50,1,B,MI,882ab2c02bfffff
261251845002008,10000,10000,32,4349734,130292,Clear Rate,50,1,B,MI,882ab2c02bfffff
261251845002012,10000,10000,2,4349734,130292,Clear Rate,50,1,B,MI,882ab2c02bfffff
261251845002013,10000,10000,4,4349734,130292,Clear Rate,50,1,B,MI,882ab2c02bfffff
261251845002023,10000,10000,14,4349734,130292,Clear Rate,50,1,B,MI,882ab2c02bfffff
261251846001004,10000,10000,15,4349734,130292,Clear Rate,50,1,B,MI,882ab2c007fffff
261251846001005,10000,10000,9,4349734,130292,Clear Rate,50,1,B,MI,882ab2c007fffff
261251846001006,10000,10000,5,4349734,130292,Clear Rate,50,1,B,MI,882ab2c007fffff
261251846001007,10000,10000,1,4349734,130292,Clear Rate,50,1,B,MI,882ab2c007fffff
261251880011001,10000,10000,12,4349734,130292,Clear Rate,50,1,B,MI,882ab2c02bfffff
261251880012001,10000,10000,29,4349734,130292,Clear Rate,50,1,B,MI,882ab2c029fffff
261251880012002,10000,10000,4,4349734,130292,Clear Rate,50,1,B,MI,882ab2c029fffff
261251880012012,10000,10000,13,4349734,130292,Clear Rate,50,1,B,MI,882ab2c029fffff
261251880012019,10000,10000,5,4349734,130292,Clear Rate,50,1,B,MI,882ab2c029fffff
261251880012020,10000,10000,13,4349734,130292,Clear Rate,50,1,B,MI,882ab2c029fffff
261251924002000,10000,10000,65,4349734,130292,Clear Rate,50,1,B,MI,88274da4abfffff
261251924002001,10000,10000,19,4349734,130292,Clear Rate,50,1,B,MI,88274da4a3fffff
261251924002002,10000,10000,17,4349734,130292,Clear Rate,50,1,B,MI,88274da4a3fffff
261251924002003,10000,10000,18,4349734,130292,Clear Rate,50,1,B,MI,88274da4abfffff
261251924002004,10000,10000,10,4349734,130292,Clear Rate,50,1,B,MI,88274da4abfffff
261251924002006,10000,10000,14,4349734,130292,Clear Rate,50,1,B,MI,88274da4abfffff
261251927002001,10000,10000,65,4349734,130292,Clear Rate,50,1,B,MI,88274da4a7fffff
261251927002002,10000,10000,18,4349734,130292,Clear Rate,50,1,B,MI,88274da4a7fffff
261251927002003,10000,10000,36,4349734,130292,Clear Rate,50,1,B,MI,88274da4a7fffff
261251927002004,10000,10000,29,4349734,130292,Clear Rate,50,1,B,MI,88274da4a1fffff
261251927002005,10000,10000,11,4349734,130292,Clear Rate,50,1,B,MI,88274da4a7fffff
261251927002006,10000,10000,16,4349734,130292,Clear Rate,50,1,B,MI,88274da4a7fffff
261251927002007,10000,10000,41,4349734,130292,Clear Rate,50,1,B,MI,88274da4a7fffff
261251927002008,10000,10000,5,4349734,130292,Clear Rate,50,1,B,MI,88274da4a7fffff
261251927002009,10000,10000,61,4349734,130292,Clear Rate,50,1,B,MI,88274da4a3fffff
261251927002010,10000,10000,36,4349734,130292,Clear Rate,50,1,B,MI,88274da4a1fffff
261251927002011,10000,10000,13,4349734,130292,Clear Rate,50,1,B,MI,88274da4a1fffff
261251927002012,10000,10000,19,4349734,130292,Clear Rate,50,1,B,MI,88274da4a1fffff
261251927002013,10000,10000,32,4349734,130292,Clear Rate,50,1,B,MI,88274da4a7fffff
261251927002014,10000,10000,60,4349734,130292,Clear Rate,50,1,B,MI,88274da4a7fffff
261251927002015,10000,10000,24,4349734,130292,Clear Rate,50,1,B,MI,88274da4a7fffff
261251930001004,10000,10000,56,4349734,130292,Clear Rate,50,1,B,MI,88274da4b5fffff
261251930001005,10000,10000,12,4349734,130292,Clear Rate,50,1,B,MI,88274da4b5fffff
261251930002007,10000,10000,2,4349734,130292,Clear Rate,50,1,B,MI,88274da4b5fffff
261251930002008,10000,10000,1,4349734,130292,Clear Rate,50,1,B,MI,88274da4b5fffff
261251930002009,10000,10000,22,4349734,130292,Clear Rate,50,1,B,MI,88274da4b5fffff
261251930002010,10000,10000,19,4349734,130292,Clear Rate,50,1,B,MI,88274da4b5fffff
261251930002011,10000,10000,21,4349734,130292,Clear Rate,50,1,B,MI,88274da4a3fffff
261251930002012,10000,10000,1,4349734,130292,Clear Rate,50,1,B,MI,88274da4b5fffff
261251930003004,10000,10000,29,4349734,130292,Clear Rate,50,1,B,MI,88274da4bdfffff
261251930003006,10000,10000,4,4349734,130292,Clear Rate,50,1,B,MI,88274da4a3fffff
261251933001009,10000,10000,31,4349734,130292,Clear Rate,50,1,B,MI,882ab2d16bfffff
261251933002000,10000,10000,40,4349734,130292,Clear Rate,50,1,B,MI,882ab2d145fffff
261251933002003,10000,10000,70,4349734,130292,Clear Rate,50,1,B,MI,882ab2d145fffff
261251933002005,10000,10000,12,4349734,130292,Clear Rate,50,1,B,MI,882ab2d16bfffff
261251933002006,10000,10000,37,4349734,130292,Clear Rate,50,1,B,MI,882ab2d145fffff
261251933002007,10000,10000,42,4349734,130292,Clear Rate,50,1,B,MI,882ab2d145fffff
261251933002008,10000,10000,26,4349734,130292,Clear Rate,50,1,B,MI,882ab2d16bfffff
261251933002009,10000,10000,23,4349734,130292,Clear Rate,50,1,B,MI,882ab2d145fffff
261251933002010,10000,10000,53,4349734,130292,Clear Rate,50,1,B,MI,882ab2d147fffff
261251933002011,10000,10000,38,4349734,130292,Clear Rate,50,1,B,MI,882ab2d147fffff
261251933002012,10000,10000,32,4349734,130292,Clear Rate,50,1,B,MI,882ab2d147fffff
261251933003000,10000,10000,17,4349734,130292,Clear Rate,50,1,B,MI,882ab2d169fffff
261251933003001,10000,10000,58,4349734,130292,Clear Rate,50,1,B,MI,882ab2d161fffff
261251933003003,10000,10000,37,4349734,130292,Clear Rate,50,1,B,MI,882ab2d16bfffff
261251933003004,10000,10000,26,4349734,130292,Clear Rate,50,1,B,MI,882ab2d16bfffff
261251933003005,10000,10000,34,4349734,130292,Clear Rate,50,1,B,MI,882ab2d16bfffff
261251933003006,10000,10000,40,4349734,130292,Clear Rate,50,1,B,MI,882ab2d16bfffff
261251933003007,10000,10000,96,4349734,130292,Clear Rate,50,1,B,MI,882ab2d16bfffff
261251933003008,10000,10000,38,4349734,130292,Clear Rate,50,1,B,MI,882ab2d161fffff
261251933003009,10000,10000,20,4349734,130292,Clear Rate,50,1,B,MI,882ab2d16bfffff
261251934001001,10000,10000,21,4349734,130292,Clear Rate,50,1,B,MI,882ab2d141fffff
261251934001003,10000,10000,49,4349734,130292,Clear Rate,50,1,B,MI,882ab2d147fffff
261251934001004,10000,10000,21,4349734,130292,Clear Rate,50,1,B,MI,882ab2d141fffff
261251934001005,10000,10000,15,4349734,130292,Clear Rate,50,1,B,MI,882ab2d141fffff
261251934004001,10000,10000,16,4349734,130292,Clear Rate,50,1,B,MI,882ab2d141fffff
261251934004006,10000,10000,23,4349734,130292,Clear Rate,50,1,B,MI,882ab2d141fffff
261251934004007,10000,10000,11,4349734,130292,Clear Rate,50,1,B,MI,882ab2d141fffff
261251937003003,10000,10000,4,4349734,130292,Clear Rate,50,1,B,MI,882ab2d10bfffff
261251937004000,10000,10000,8,4349734,130292,Clear Rate,50,1,B,MI,882ab2d10bfffff
261251940001000,10000,10000,77,4349734,130292,Clear Rate,50,1,B,MI,882ab2d109fffff
261251940001002,10000,10000,5,4349734,130292,Clear Rate,50,1,B,MI,882ab2d109fffff
261251940001003,10000,10000,6,4349734,130292,Clear Rate,50,1,B,MI,882ab2d155fffff
261251940001008,10000,10000,7,4349734,130292,Clear Rate,50,1,B,MI,882ab2d109fffff
261251940002009,10000,10000,7,4349734,130292,Clear Rate,50,1,B,MI,882ab2d10bfffff
261251940002012,10000,10000,5,4349734,130292,Clear Rate,50,1,B,MI,882ab2d10bfffff
261251940002014,10000,10000,7,4349734,130292,Clear Rate,50,1,B,MI,882ab2d10bfffff
261251940003000,10000,10000,10,4349734,130292,Clear Rate,50,1,B,MI,882ab2d109fffff
261251940004000,10000,10000,17,4349734,130292,Clear Rate,50,1,B,MI,882ab2d143fffff
261251940004001,10000,10000,90,4349734,130292,Clear Rate,50,1,B,MI,882ab2d147fffff
261251940004002,10000,10000,61,4349734,130292,Clear Rate,50,1,B,MI,882ab2d109fffff
261251941001000,10000,10000,21,4349734,130292,Clear Rate,50,1,B,MI,882ab2d147fffff
261251941001001,10000,10000,23,4349734,130292,Clear Rate,50,1,B,MI,882ab2d147fffff
261251941001002,10000,10000,20,4349734,130292,Clear Rate,50,1,B,MI,882ab2d147fffff
261251941001003,10000,10000,22,4349734,130292,Clear Rate,50,1,B,MI,882ab2d147fffff
261251941001004,10000,10000,23,4349734,130292,Clear Rate,50,1,B,MI,882ab2d109fffff
261251941001005,10000,10000,41,4349734,130292,Clear Rate,50,1,B,MI,882ab2d109fffff
261251941001006,10000,10000,38,4349734,130292,Clear Rate,50,1,B,MI,882ab2d101fffff
261251941001007,10000,10000,7,4349734,130292,Clear Rate,50,1,B,MI,882ab2d103fffff
261251941001008,10000,10000,42,4349734,130292,Clear Rate,50,1,B,MI,882ab2d101fffff
261251941001009,10000,10000,10,4349734,130292,Clear Rate,50,1,B,MI,882ab2d10bfffff
261251941001011,10000,10000,4,4349734,130292,Clear Rate,50,1,B,MI,882ab2d107fffff
261251941001012,10000,10000,1,4349734,130292,Clear Rate,50,1,B,MI,882ab2d107fffff
261251941002000,10000,10000,148,4349734,130292,Clear Rate,50,1,B,MI,882ab2d101fffff
261251941002001,10000,10000,59,4349734,130292,Clear Rate,50,1,B,MI,882ab2d107fffff
261251941002002,10000,10000,30,4349734,130292,Clear Rate,50,1,B,MI,882ab2d10dfffff
261251941002003,10000,10000,86,4349734,130292,Clear Rate,50,1,B,MI,882ab2d105fffff
261251941002004,10000,10000,43,4349734,130292,Clear Rate,50,1,B,MI,882ab2d105fffff
261251941002005,10000,10000,26,4349734,130292,Clear Rate,50,1,B,MI,882ab2d105fffff
261251941002006,10000,10000,13,4349734,130292,Clear Rate,50,1,B,MI,882ab2d105fffff
261251941002007,10000,10000,10,4349734,130292,Clear Rate,50,1,B,MI,882ab2d109fffff
261251941003000,10000,10000,13,4349734,130292,Clear Rate,50,1,B,MI,882ab2d16bfffff
261251941003001,10000,10000,30,4349734,130292,Clear Rate,50,1,B,MI,882ab2d147fffff
261251941003002,10000,10000,47,4349734,130292,Clear Rate,50,1,B,MI,882ab2d16bfffff
261251941003003,10000,10000,152,4349734,130292,Clear Rate,50,1,B,MI,882ab2d163fffff
261251941003004,10000,10000,14,4349734,130292,Clear Rate,50,1,B,MI,882ab2d163fffff
261251941003005,10000,10000,26,4349734,130292,Clear Rate,50,1,B,MI,882ab2d16bfffff
261251941003006,10000,10000,38,4349734,130292,Clear Rate,50,1,B,MI,882ab2d10dfffff
261251941003007,10000,10000,26,4349734,130292,Clear Rate,50,1,B,MI,882ab2d10dfffff
261251941003008,10000,10000,42,4349734,130292,Clear Rate,50,1,B,MI,882ab2d109fffff
261251941003009,10000,10000,35,4349734,130292,Clear Rate,50,1,B,MI,882ab2d16bfffff
261251941003010,10000,10000,22,4349734,130292,Clear Rate,50,1,B,MI,882ab2d10dfffff
261251941003011,10000,10000,51,4349734,130292,Clear Rate,50,1,B,MI,882ab2d147fffff
261251941003012,10000,10000,27,4349734,130292,Clear Rate,50,1,B,MI,882ab2d105fffff
261251941003013,10000,10000,22,4349734,130292,Clear Rate,50,1,B,MI,882ab2d10dfffff
261251942001000,10000,10000,77,4349734,130292,Clear Rate,50,1,B,MI,882ab2d163fffff
261251942001001,10000,10000,14,4349734,130292,Clear Rate,50,1,B,MI,882ab2d161fffff
261251942001002,10000,10000,17,4349734,130292,Clear Rate,50,1,B,MI,882ab2d167fffff
261251942001005,10000,10000,24,4349734,130292,Clear Rate,50,1,B,MI,882ab2d163fffff
261251942001006,10000,10000,17,4349734,130292,Clear Rate,50,1,B,MI,882ab2d167fffff
261251942001007,10000,10000,5,4349734,130292,Clear Rate,50,1,B,MI,882ab2d163fffff
261251942001008,10000,10000,12,4349734,130292,Clear Rate,50,1,B,MI,882ab2d167fffff
261251942001009,10000,10000,16,4349734,130292,Clear Rate,50,1,B,MI,882ab2d163fffff
261251942001011,10000,10000,48,4349734,130292,Clear Rate,50,1,B,MI,882ab2d163fffff
261251942001012,10000,10000,35,4349734,130292,Clear Rate,50,1,B,MI,882ab2d163fffff
261251942001013,10000,10000,7,4349734,130292,Clear Rate,50,1,B,MI,882ab2d163fffff
261251942001014,10000,10000,33,4349734,130292,Clear Rate,50,1,B,MI,882ab2d163fffff
261251942001015,10000,10000,4,4349734,130292,Clear Rate,50,1,B,MI,882ab2d167fffff
261251942001017,10000,10000,2,4349734,130292,Clear Rate,50,1,B,MI,882ab2d167fffff
261251942002000,10000,10000,19,4349734,130292,Clear Rate,50,1,B,MI,882ab2d165fffff
261251942002002,10000,10000,1,4349734,130292,Clear Rate,50,1,B,MI,882ab2d165fffff
261251942002004,10000,10000,50,4349734,130292,Clear Rate,50,1,B,MI,882ab2d165fffff
261251942002005,10000,10000,18,4349734,130292,Clear Rate,50,1,B,MI,882ab2da59fffff
261251942002006,10000,10000,9,4349734,130292,Clear Rate,50,1,B,MI,882ab2da59fffff
261251942002007,10000,10000,1,4349734,130292,Clear Rate,50,1,B,MI,882ab2d165fffff
261251942002009,10000,10000,63,4349734,130292,Clear Rate,50,1,B,MI,882ab2d161fffff
261251942002010,10000,10000,4,4349734,130292,Clear Rate,50,1,B,MI,882ab2d161fffff
261251942002012,10000,10000,36,4349734,130292,Clear Rate,50,1,B,MI,882ab2d165fffff
261251942002013,10000,10000,36,4349734,130292,Clear Rate,50,1,B,MI,882ab2d165fffff
261251942002014,10000,10000,1,4349734,130292,Clear Rate,50,1,B,MI,882ab2d165fffff
261251943003000,10000,10000,20,4349734,130292,Clear Rate,50,1,B,MI,882ab2d12dfffff
261251943004000,10000,10000,11,4349734,130292,Clear Rate,50,1,B,MI,882ab2da5dfffff
261251943004001,10000,10000,12,4349734,130292,Clear Rate,50,1,B,MI,882ab2da43fffff
261251943004002,10000,10000,4,4349734,130292,Clear Rate,50,1,B,MI,882ab2da43fffff
261251943005001,10000,10000,8,4349734,130292,Clear Rate,50,1,B,MI,88274da4b7fffff
261251943005002,10000,10000,15,4349734,130292,Clear Rate,50,1,B,MI,882ab2da4bfffff
261251943005005,10000,10000,7,4349734,130292,Clear Rate,50,1,B,MI,88274da4b7fffff
261251943005006,10000,10000,18,4349734,130292,Clear Rate,50,1,B,MI,88274da4b7fffff
261251943005007,10000,10000,21,4349734,130292,Clear Rate,50,1,B,MI,882ab2da59fffff
261251943005008,10000,10000,60,4349734,130292,Clear Rate,50,1,B,MI,882ab2da5dfffff
261251943005009,10000,10000,6,4349734,130292,Clear Rate,50,1,B,MI,882ab2da5dfffff
261251943005011,10000,10000,5,4349734,130292,Clear Rate,50,1,B,MI,882ab2da59fffff
261251943005012,10000,10000,8,4349734,130292,Clear Rate,50,1,B,MI,882ab2da5dfffff
261251943005013,10000,10000,8,4349734,130292,Clear Rate,50,1,B,MI,882ab2da59fffff
261251943005014,10000,10000,37,4349734,130292,Clear Rate,50,1,B,MI,882ab2da5bfffff
261251943005015,10000,10000,41,4349734,130292,Clear Rate,50,1,B,MI,882ab2da59fffff
261251943005016,10000,10000,21,4349734,130292,Clear Rate,50,1,B,MI,882ab2da5bfffff
261251943005017,10000,10000,15,4349734,130292,Clear Rate,50,1,B,MI,882ab2da5bfffff
261251943005018,10000,10000,19,4349734,130292,Clear Rate,50,1,B,MI,882ab2da59fffff
261251943005022,10000,10000,20,4349734,130292,Clear Rate,50,1,B,MI,882ab2da51fffff
261251943005024,10000,10000,7,4349734,130292,Clear Rate,50,1,B,MI,882ab2da51fffff
261251943005026,10000,10000,7,4349734,130292,Clear Rate,50,1,B,MI,882ab2da51fffff
261251943005029,10000,10000,17,4349734,130292,Clear Rate,50,1,B,MI,882ab2da5bfffff
261251944002000,10000,10000,45,4349734,130292,Clear Rate,50,1,B,MI,882ab2d127fffff
261251944002001,10000,10000,45,4349734,130292,Clear Rate,50,1,B,MI,882ab2d127fffff
261251944002002,10000,10000,180,4349734,130292,Clear Rate,50,1,B,MI,882ab2d127fffff
261251944002003,10000,10000,74,4349734,130292,Clear Rate,50,1,B,MI,882ab2d127fffff
261251944002004,10000,10000,17,4349734,130292,Clear Rate,50,1,B,MI,882ab2d127fffff
261251944002005,10000,10000,6,4349734,130292,Clear Rate,50,1,B,MI,882ab2dac9fffff
261251944002006,10000,10000,26,4349734,130292,Clear Rate,50,1,B,MI,882ab2d127fffff
261251944002007,10000,10000,32,4349734,130292,Clear Rate,50,1,B,MI,882ab2da1bfffff
261251944002008,10000,10000,2,4349734,130292,Clear Rate,50,1,B,MI,882ab2d127fffff
261251944002009,10000,10000,61,4349734,130292,Clear Rate,50,1,B,MI,882ab2dac9fffff
261251944002010,10000,10000,11,4349734,130292,Clear Rate,50,1,B,MI,882ab2d127fffff
261251944002011,10000,10000,12,4349734,130292,Clear Rate,50,1,B,MI,882ab2dac9fffff
261251944002012,10000,10000,10,4349734,130292,Clear Rate,50,1,B,MI,882ab2dac9fffff
261251944003000,10000,10000,23,4349734,130292,Clear Rate,50,1,B,MI,882ab2da1bfffff
261251944003001,10000,10000,75,4349734,130292,Clear Rate,50,1,B,MI,882ab2dacdfffff
261251944003002,10000,10000,15,4349734,130292,Clear Rate,50,1,B,MI,882ab2dacdfffff
261251945001000,10000,10000,159,4349734,130292,Clear Rate,50,1,B,MI,882ab2d12dfffff
261251945001001,10000,10000,16,4349734,130292,Clear Rate,50,1,B,MI,882ab2d125fffff
261251945001002,10000,10000,17,4349734,130292,Clear Rate,50,1,B,MI,882ab2d125fffff
261251945001003,10000,10000,37,4349734,130292,Clear Rate,50,1,B,MI,882ab2d125fffff
261251945001004,10000,10000,1,4349734,130292,Clear Rate,50,1,B,MI,882ab2d125fffff
261251945001005,10000,10000,9,4349734,130292,Clear Rate,50,1,B,MI,882ab2da53fffff
261251945001006,10000,10000,26,4349734,130292,Clear Rate,50,1,B,MI,882ab2d125fffff
261251945001007,10000,10000,2,4349734,130292,Clear Rate,50,1,B,MI,882ab2da53fffff
261251945001008,10000,10000,31,4349734,130292,Clear Rate,50,1,B,MI,882ab2da53fffff
261251945001009,10000,10000,16,4349734,130292,Clear Rate,50,1,B,MI,882ab2da53fffff
261251945001010,10000,10000,111,4349734,130292,Clear Rate,50,1,B,MI,882ab2da53fffff
261251945001011,10000,10000,16,4349734,130292,Clear Rate,50,1,B,MI,882ab2da53fffff
261251945001012,10000,10000,22,4349734,130292,Clear Rate,50,1,B,MI,882ab2da19fffff
261251945001013,10000,10000,12,4349734,130292,Clear Rate,50,1,B,MI,882ab2d125fffff
261251945001014,10000,10000,12,4349734,130292,Clear Rate,50,1,B,MI,882ab2d125fffff
261251945001015,10000,10000,14,4349734,130292,Clear Rate,50,1,B,MI,882ab2da53fffff
261251945001016,10000,10000,34,4349734,130292,Clear Rate,50,1,B,MI,882ab2da53fffff
261251945001017,10000,10000,51,4349734,130292,Clear Rate,50,1,B,MI,882ab2da53fffff
261251945001018,10000,10000,29,4349734,130292,Clear Rate,50,1,B,MI,882ab2da53fffff
261251945001023,10000,10000,30,4349734,130292,Clear Rate,50,1,B,MI,882ab2d125fffff
261251945001024,10000,10000,82,4349734,130292,Clear Rate,50,1,B,MI,882ab2d125fffff
261251946001000,10000,10000,125,4349734,130292,Clear Rate,50,1,B,MI,882ab2d129fffff
261251946001001,10000,10000,28,4349734,130292,Clear Rate,50,1,B,MI,882ab2d105fffff
261251946001002,10000,10000,32,4349734,130292,Clear Rate,50,1,B,MI,882ab2d129fffff
261251946001003,10000,10000,34,4349734,130292,Clear Rate,50,1,B,MI,882ab2d105fffff
261251946001004,10000,10000,10,4349734,130292,Clear Rate,50,1,B,MI,882ab2d129fffff
261251946001005,10000,10000,18,4349734,130292,Clear Rate,50,1,B,MI,882ab2d105fffff
261251946001006,10000,10000,11,4349734,130292,Clear Rate,50,1,B,MI,882ab2d129fffff
261251946001007,10000,10000,39,4349734,130292,Clear Rate,50,1,B,MI,882ab2d129fffff
261251946001008,10000,10000,37,4349734,130292,Clear Rate,50,1,B,MI,882ab2d129fffff
261251946001009,10000,10000,31,4349734,130292,Clear Rate,50,1,B,MI,882ab2d12bfffff
261251946001012,10000,10000,12,4349734,130292,Clear Rate,50,1,B,MI,882ab2d105fffff
261251946002000,10000,10000,24,4349734,130292,Clear Rate,50,1,B,MI,882ab2d105fffff
261251946002001,10000,10000,6,4349734,130292,Clear Rate,50,1,B,MI,882ab2d105fffff
261251946002002,10000,10000,5,4349734,130292,Clear Rate,50,1,B,MI,882ab2d105fffff
261251946002003,10000,10000,6,4349734,130292,Clear Rate,50,1,B,MI,882ab2d105fffff
261251946002004,10000,10000,7,4349734,130292,Clear Rate,50,1,B,MI,882ab2d105fffff
261251946002005,10000,10000,4,4349734,130292,Clear Rate,50,1,B,MI,882ab2d105fffff
261251946002006,10000,10000,25,4349734,130292,Clear Rate,50,1,B,MI,882ab2d107fffff
261251946002007,10000,10000,4,4349734,130292,Clear Rate,50,1,B,MI,882ab2d107fffff
261251946003000,10000,10000,45,4349734,130292,Clear Rate,50,1,B,MI,882ab2d12bfffff
261251946003001,10000,10000,23,4349734,130292,Clear Rate,50,1,B,MI,882ab2d12bfffff
261251946003002,10000,10000,50,4349734,130292,Clear Rate,50,1,B,MI,882ab2d13dfffff
261251946003003,10000,10000,48,4349734,130292,Clear Rate,50,1,B,MI,882ab2d123fffff
261251946003004,10000,10000,6,4349734,130292,Clear Rate,50,1,B,MI,882ab2d13dfffff
261251946003005,10000,10000,37,4349734,130292,Clear Rate,50,1,B,MI,882ab2d135fffff
261251946003006,10000,10000,17,4349734,130292,Clear Rate,50,1,B,MI,882ab2d123fffff
261251946003007,10000,10000,24,4349734,130292,Clear Rate,50,1,B,MI,882ab2d123fffff
261251946004000,10000,10000,54,4349734,130292,Clear Rate,50,1,B,MI,882ab2d12bfffff
261251946004001,10000,10000,25,4349734,130292,Clear Rate,50,1,B,MI,882ab2d12bfffff
261251946004002,10000,10000,11,4349734,130292,Clear Rate,50,1,B,MI,882ab2d12bfffff
261251946004003,10000,10000,11,4349734,130292,Clear Rate,50,1,B,MI,882ab2d12bfffff
261251946004004,10000,10000,123,4349734,130292,Clear Rate,50,1,B,MI,882ab2d123fffff
261251946004009,10000,10000,51,4349734,130292,Clear Rate,50,1,B,MI,882ab2d123fffff
261251946004010,10000,10000,18,4349734,130292,Clear Rate,50,1,B,MI,882ab2d123fffff
261251946004011,10000,10000,18,4349734,130292,Clear Rate,50,1,B,MI,882ab2d123fffff
261251946004012,10000,10000,20,4349734,130292,Clear Rate,50,1,B,MI,882ab2d123fffff
261251946004013,10000,10000,22,4349734,130292,Clear Rate,50,1,B,MI,882ab2d123fffff
261251946004014,10000,10000,21,4349734,130292,Clear Rate,50,1,B,MI,882ab2d123fffff
261251946004015,10000,10000,19,4349734,130292,Clear Rate,50,1,B,MI,882ab2d123fffff
261251946004016,10000,10000,42,4349734,130292,Clear Rate,50,1,B,MI,882ab2d123fffff
261251946004017,10000,10000,38,4349734,130292,Clear Rate,50,1,B,MI,882ab2d123fffff
261251946004020,10000,10000,18,4349734,130292,Clear Rate,50,1,B,MI,882ab2d123fffff
261251946004021,10000,10000,20,4349734,130292,Clear Rate,50,1,B,MI,882ab2d123fffff
261251946004022,10000,10000,21,4349734,130292,Clear Rate,50,1,B,MI,882ab2d123fffff
261251946004023,10000,10000,28,4349734,130292,Clear Rate,50,1,B,MI,882ab2d123fffff
261251963001000,10000,10000,14,4349734,130292,Clear Rate,50,1,B,MI,882ab2dad9fffff
261251963001001,10000,10000,1,4349734,130292,Clear Rate,50,1,B,MI,882ab2dad9fffff
261251963001002,10000,10000,2,4349734,130292,Clear Rate,50,1,B,MI,882ab2dad9fffff
261251963001003,10000,10000,97,4349734,130292,Clear Rate,50,1,B,MI,882ab2dad1fffff
261251963001004,10000,10000,44,4349734,130292,Clear Rate,50,1,B,MI,882ab2dad1fffff
261251963001007,10000,10000,33,4349734,130292,Clear Rate,50,1,B,MI,882ab2dadbfffff
261251963001008,10000,10000,32,4349734,130292,Clear Rate,50,1,B,MI,882ab2dadbfffff
261251963001009,10000,10000,31,4349734,130292,Clear Rate,50,1,B,MI,882ab2dad1fffff
261251963001010,10000,10000,34,4349734,130292,Clear Rate,50,1,B,MI,882ab2dad1fffff
261251963001011,10000,10000,32,4349734,130292,Clear Rate,50,1,B,MI,882ab2dad9fffff
261251963001012,10000,10000,12,4349734,130292,Clear Rate,50,1,B,MI,882ab2dad1fffff
261251963001013,10000,10000,13,4349734,130292,Clear Rate,50,1,B,MI,882ab2dad1fffff
261251963001014,10000,10000,12,4349734,130292,Clear Rate,50,1,B,MI,882ab2dad1fffff
261251963001015,10000,10000,12,4349734,130292,Clear Rate,50,1,B,MI,882ab2dad1fffff
261251963001016,10000,10000,10,4349734,130292,Clear Rate,50,1,B,MI,882ab2dad3fffff
261251963002000,10000,10000,32,4349734,130292,Clear Rate,50,1,B,MI,882ab2d135fffff
261251963002001,10000,10000,28,4349734,130292,Clear Rate,50,1,B,MI,882ab2d135fffff
261251963002002,10000,10000,67,4349734,130292,Clear Rate,50,1,B,MI,882ab2d135fffff
261251963002005,10000,10000,11,4349734,130292,Clear Rate,50,1,B,MI,882ab2dacbfffff
261251963002006,10000,10000,23,4349734,130292,Clear Rate,50,1,B,MI,882ab2d135fffff
261251963002007,10000,10000,22,4349734,130292,Clear Rate,50,1,B,MI,882ab2d135fffff
261251963002008,10000,10000,50,4349734,130292,Clear Rate,50,1,B,MI,882ab2d135fffff
261251963002009,10000,10000,18,4349734,130292,Clear Rate,50,1,B,MI,882ab2d135fffff
261251963002010,10000,10000,18,4349734,130292,Clear Rate,50,1,B,MI,882ab2d135fffff
261251963002011,10000,10000,43,4349734,130292,Clear Rate,50,1,B,MI,882ab2d135fffff
261251963002012,10000,10000,51,4349734,130292,Clear Rate,50,1,B,MI,882ab2d135fffff
261251963002013,10000,10000,17,4349734,130292,Clear Rate,50,1,B,MI,882ab2d135fffff
261251963002014,10000,10000,16,4349734,130292,Clear Rate,50,1,B,MI,882ab2d135fffff
261251963002015,10000,10000,25,4349734,130292,Clear Rate,50,1,B,MI,882ab2d135fffff
261251963002016,10000,10000,7,4349734,130292,Clear Rate,50,1,B,MI,882ab2dacbfffff
261251963002017,10000,10000,46,4349734,130292,Clear Rate,50,1,B,MI,882ab2dacbfffff
261251963002018,10000,10000,31,4349734,130292,Clear Rate,50,1,B,MI,882ab2dacbfffff
261251963002019,10000,10000,26,4349734,130292,Clear Rate,50,1,B,MI,882ab2dacbfffff
261251963003000,10000,10000,27,4349734,130292,Clear Rate,50,1,B,MI,882ab2d137fffff
261251963003001,10000,10000,5,4349734,130292,Clear Rate,50,1,B,MI,882ab2d137fffff
261251963003002,10000,10000,7,4349734,130292,Clear Rate,50,1,B,MI,882ab2d137fffff
261251963003003,10000,10000,8,4349734,130292,Clear Rate,50,1,B,MI,882ab2d137fffff
261251963003004,10000,10000,4,4349734,130292,Clear Rate,50,1,B,MI,882ab2d137fffff
261251963003005,10000,10000,83,4349734,130292,Clear Rate,50,1,B,MI,882ab2dacbfffff
261251963003006,10000,10000,32,4349734,130292,Clear Rate,50,1,B,MI,882ab2dacbfffff
261251963003009,10000,10000,35,4349734,130292,Clear Rate,50,1,B,MI,882ab2dacbfffff
261251963003010,10000,10000,32,4349734,130292,Clear Rate,50,1,B,MI,882ab2dacbfffff
261251963003011,10000,10000,42,4349734,130292,Clear Rate,50,1,B,MI,882ab2daddfffff
261251963003012,10000,10000,17,4349734,130292,Clear Rate,50,1,B,MI,882ab2daddfffff
261251963003013,10000,10000,24,4349734,130292,Clear Rate,50,1,B,MI,882ab2daddfffff
261251963003014,10000,10000,20,4349734,130292,Clear Rate,50,1,B,MI,882ab2daddfffff
261251963003015,10000,10000,22,4349734,130292,Clear Rate,50,1,B,MI,882ab2daddfffff
261251963003016,10000,10000,9,4349734,130292,Clear Rate,50,1,B,MI,882ab2d137fffff
261251963003017,10000,10000,14,4349734,130292,Clear Rate,50,1,B,MI,882ab2d137fffff
261251963003020,10000,10000,44,4349734,130292,Clear Rate,50,1,B,MI,882ab2daddfffff
261251963003021,10000,10000,12,4349734,130292,Clear Rate,50,1,B,MI,882ab2daddfffff
261251963003022,10000,10000,16,4349734,130292,Clear Rate,50,1,B,MI,882ab2dad9fffff
261251963003023,10000,10000,19,4349734,130292,Clear Rate,50,1,B,MI,882ab2dad9fffff
261251964001012,10000,10000,4,4349734,130292,Clear Rate,50,1,B,MI,882ab2dae1fffff
261251964001013,10000,10000,4,4349734,130292,Clear Rate,50,1,B,MI,882ab2dae1fffff
261251964001020,10000,10000,15,4349734,130292,Clear Rate,50,1,B,MI,882ab2daebfffff
261251964001021,10000,10000,8,4349734,130292,Clear Rate,50,1,B,MI,882ab2daebfffff
261251964001022,10000,10000,16,4349734,130292,Clear Rate,50,1,B,MI,882ab2daebfffff
261251964001023,10000,10000,9,4349734,130292,Clear Rate,50,1,B,MI,882ab2dae1fffff
261251964001024,10000,10000,25,4349734,130292,Clear Rate,50,1,B,MI,882ab2dae1fffff
261251964001025,10000,10000,10,4349734,130292,Clear Rate,50,1,B,MI,882ab2daebfffff
261251964001026,10000,10000,6,4349734,130292,Clear Rate,50,1,B,MI,882ab2daebfffff
261251964001027,10000,10000,17,4349734,130292,Clear Rate,50,1,B,MI,882ab2dac7fffff
261251964001028,10000,10000,11,4349734,130292,Clear Rate,50,1,B,MI,882ab2dac7fffff
261251964001030,10000,10000,7,4349734,130292,Clear Rate,50,1,B,MI,882ab2daebfffff
261251964001031,10000,10000,15,4349734,130292,Clear Rate,50,1,B,MI,882ab2dac7fffff
261251964002000,10000,10000,64,4349734,130292,Clear Rate,50,1,B,MI,882ab2dac1fffff
261251964002001,10000,10000,58,4349734,130292,Clear Rate,50,1,B,MI,882ab2dacdfffff
261251964002002,10000,10000,24,4349734,130292,Clear Rate,50,1,B,MI,882ab2dac1fffff
261251964002003,10000,10000,82,4349734,130292,Clear Rate,50,1,B,MI,882ab2dac5fffff
261251964002004,10000,10000,34,4349734,130292,Clear Rate,50,1,B,MI,882ab2dac1fffff
261251964002005,10000,10000,17,4349734,130292,Clear Rate,50,1,B,MI,882ab2dac1fffff
261251964002006,10000,10000,62,4349734,130292,Clear Rate,50,1,B,MI,882ab2dac7fffff
261251964002007,10000,10000,10,4349734,130292,Clear Rate,50,1,B,MI,882ab2dac7fffff
261251964002008,10000,10000,20,4349734,130292,Clear Rate,50,1,B,MI,882ab2dac7fffff
261251964002009,10000,10000,8,4349734,130292,Clear Rate,50,1,B,MI,882ab2dac7fffff
261251964002011,10000,10000,10,4349734,130292,Clear Rate,50,1,B,MI,882ab2dac7fffff
261251964003000,10000,10000,60,4349734,130292,Clear Rate,50,1,B,MI,882ab2dac9fffff
261251964003001,10000,10000,8,4349734,130292,Clear Rate,50,1,B,MI,882ab2dacbfffff
261251964003003,10000,10000,29,4349734,130292,Clear Rate,50,1,B,MI,882ab2dac1fffff
261251964003004,10000,10000,22,4349734,130292,Clear Rate,50,1,B,MI,882ab2dac9fffff
261251964003005,10000,10000,10,4349734,130292,Clear Rate,50,1,B,MI,882ab2dac1fffff
261251964003006,10000,10000,29,4349734,130292,Clear Rate,50,1,B,MI,882ab2dac1fffff
261251964003007,10000,10000,10,4349734,130292,Clear Rate,50,1,B,MI,882ab2dac1fffff
261251964003008,10000,10000,58,4349734,130292,Clear Rate,50,1,B,MI,882ab2dac3fffff
261251964003009,10000,10000,31,4349734,130292,Clear Rate,50,1,B,MI,882ab2dac1fffff
261251964003010,10000,10000,8,4349734,130292,Clear Rate,50,1,B,MI,882ab2dacbfffff
261251964003011,10000,10000,12,4349734,130292,Clear Rate,50,1,B,MI,882ab2dacbfffff
261251964003012,10000,10000,33,4349734,130292,Clear Rate,50,1,B,MI,882ab2dacbfffff
261251964003013,10000,10000,31,4349734,130292,Clear Rate,50,1,B,MI,882ab2dac3fffff
261251964003014,10000,10000,39,4349734,130292,Clear Rate,50,1,B,MI,882ab2dac1fffff
261251964003015,10000,10000,21,4349734,130292,Clear Rate,50,1,B,MI,882ab2dac3fffff
261251964003016,10000,10000,31,4349734,130292,Clear Rate,50,1,B,MI,882ab2dac3fffff
261251964003017,10000,10000,26,4349734,130292,Clear Rate,50,1,B,MI,882ab2dac3fffff
261251964003018,10000,10000,18,4349734,130292,Clear Rate,50,1,B,MI,882ab2dac3fffff
261251964003020,10000,10000,1,4349734,130292,Clear Rate,50,1,B,MI,882ab2dac3fffff
261251964003021,10000,10000,11,4349734,130292,Clear Rate,50,1,B,MI,882ab2dacbfffff
261251965001001,10000,10000,44,4349734,130292,Clear Rate,50,1,B,MI,882ab2da8dfffff
261251965001002,10000,10000,10,4349734,130292,Clear Rate,50,1,B,MI,882ab2da8dfffff
261251965001003,10000,10000,50,4349734,130292,Clear Rate,50,1,B,MI,882ab2da8dfffff
261251965001004,10000,10000,22,4349734,130292,Clear Rate,50,1,B,MI,882ab2da8dfffff
261251965001005,10000,10000,9,4349734,130292,Clear Rate,50,1,B,MI,882ab2da8dfffff
261251965001006,10000,10000,28,4349734,130292,Clear Rate,50,1,B,MI,882ab2da81fffff
261251965001007,10000,10000,7,4349734,130292,Clear Rate,50,1,B,MI,882ab2da8dfffff
261251965001008,10000,10000,53,4349734,130292,Clear Rate,50,1,B,MI,882ab2da81fffff
261251965001009,10000,10000,26,4349734,130292,Clear Rate,50,1,B,MI,882ab2da81fffff
261251965001010,10000,10000,28,4349734,130292,Clear Rate,50,1,B,MI,882ab2da81fffff
261251965001011,10000,10000,32,4349734,130292,Clear Rate,50,1,B,MI,882ab2da81fffff
261251965001012,10000,10000,35,4349734,130292,Clear Rate,50,1,B,MI,882ab2da81fffff
261251965001013,10000,10000,32,4349734,130292,Clear Rate,50,1,B,MI,882ab2da81fffff
261251965001014,10000,10000,27,4349734,130292,Clear Rate,50,1,B,MI,882ab2da81fffff
261251965001015,10000,10000,49,4349734,130292,Clear Rate,50,1,B,MI,882ab2da81fffff
261251965001016,10000,10000,33,4349734,130292,Clear Rate,50,1,B,MI,882ab2da81fffff
261251965001017,10000,10000,17,4349734,130292,Clear Rate,50,1,B,MI,882ab2da87fffff
261251965001018,10000,10000,36,4349734,130292,Clear Rate,50,1,B,MI,882ab2da81fffff
261251965001019,10000,10000,18,4349734,130292,Clear Rate,50,1,B,MI,882ab2da81fffff
261251965001020,10000,10000,10,4349734,130292,Clear Rate,50,1,B,MI,882ab2da87fffff
261251965002001,10000,10000,38,4349734,130292,Clear Rate,50,1,B,MI,882ab2da8bfffff
261251965002002,10000,10000,18,4349734,130292,Clear Rate,50,1,B,MI,882ab2dad5fffff
261251965002003,10000,10000,38,4349734,130292,Clear Rate,50,1,B,MI,882ab2da89fffff
261251965002004,10000,10000,91,4349734,130292,Clear Rate,50,1,B,MI,882ab2da8bfffff
261251965002005,10000,10000,28,4349734,130292,Clear Rate,50,1,B,MI,882ab2da89fffff
261251965002007,10000,10000,2,4349734,130292,Clear Rate,50,1,B,MI,882ab2dad5fffff
261251965002009,10000,10000,2,4349734,130292,Clear Rate,50,1,B,MI,882ab2dad5fffff
261251965003001,10000,10000,3,4349734,130292,Clear Rate,50,1,B,MI,882ab2dad1fffff
261251965003004,10000,10000,3,4349734,130292,Clear Rate,50,1,B,MI,882ab2dad5fffff
261251965004002,10000,10000,1,4349734,130292,Clear Rate,50,1,B,MI,882ab2dae3fffff
261251965004003,10000,10000,2,4349734,130292,Clear Rate,50,1,B,MI,882ab2dae3fffff
261251965004004,10000,10000,71,4349734,130292,Clear Rate,50,1,B,MI,882ab2dae3fffff
261251965004005,10000,10000,9,4349734,130292,Clear Rate,50,1,B,MI,882ab2dae3fffff
261251965004006,10000,10000,20,4349734,130292,Clear Rate,50,1,B,MI,882ab2da85fffff
261251965004007,10000,10000,33,4349734,130292,Clear Rate,50,1,B,MI,882ab2da85fffff
261251965004008,10000,10000,1,4349734,130292,Clear Rate,50,1,B,MI,882ab2da85fffff
261251965004009,10000,10000,13,4349734,130292,Clear Rate,50,1,B,MI,882ab2da8dfffff
261251965004010,10000,10000,6,4349734,130292,Clear Rate,50,1,B,MI,882ab2da8dfffff
261251965004011,10000,10000,23,4349734,130292,Clear Rate,50,1,B,MI,882ab2da8dfffff
261251965004012,10000,10000,14,4349734,130292,Clear Rate,50,1,B,MI,882ab2da8dfffff
261251965004013,10000,10000,27,4349734,130292,Clear Rate,50,1,B,MI,882ab2da8dfffff
261251965004014,10000,10000,12,4349734,130292,Clear Rate,50,1,B,MI,882ab2da85fffff
261251965004015,10000,10000,13,4349734,130292,Clear Rate,50,1,B,MI,882ab2da85fffff
261251965004016,10000,10000,9,4349734,130292,Clear Rate,50,1,B,MI,882ab2da85fffff
261251965004017,10000,10000,49,4349734,130292,Clear Rate,50,1,B,MI,882ab2da85fffff
261251965004018,10000,10000,16,4349734,130292,Clear Rate,50,1,B,MI,882ab2da85fffff
261251965004019,10000,10000,9,4349734,130292,Clear Rate,50,1,B,MI,882ab2da85fffff
261251965004020,10000,10000,15,4349734,130292,Clear Rate,50,1,B,MI,882ab2da85fffff
261251965004021,10000,10000,50,4349734,130292,Clear Rate,50,1,B,MI,882ab2daabfffff
261251965004022,10000,10000,12,4349734,130292,Clear Rate,50,1,B,MI,882ab2daabfffff
261251965005001,10000,10000,46,4349734,130292,Clear Rate,50,1,B,MI,882ab2da8dfffff
261251965005002,10000,10000,24,4349734,130292,Clear Rate,50,1,B,MI,882ab2da89fffff
261251965005003,10000,10000,46,4349734,130292,Clear Rate,50,1,B,MI,882ab2da8dfffff
261251965005004,10000,10000,53,4349734,130292,Clear Rate,50,1,B,MI,882ab2da89fffff
261251965005005,10000,10000,13,4349734,130292,Clear Rate,50,1,B,MI,882ab2da89fffff
261251965005006,10000,10000,35,4349734,130292,Clear Rate,50,1,B,MI,882ab2da89fffff
261251965005007,10000,10000,24,4349734,130292,Clear Rate,50,1,B,MI,882ab2da89fffff
261251965005008,10000,10000,8,4349734,130292,Clear Rate,50,1,B,MI,882ab2da81fffff
261251965005010,10000,10000,36,4349734,130292,Clear Rate,50,1,B,MI,882ab2da8bfffff
261251965005012,10000,10000,9,4349734,130292,Clear Rate,50,1,B,MI,882ab2da89fffff
261251967001008,10000,10000,2,4349734,130292,Clear Rate,50,1,B,MI,882ab2dab1fffff
261251967001010,10000,10000,16,4349734,130292,Clear Rate,50,1,B,MI,882ab2dab1fffff
261251967001011,10000,10000,12,4349734,130292,Clear Rate,50,1,B,MI,882ab2dab3fffff
261251967001012,10000,10000,12,4349734,130292,Clear Rate,50,1,B,MI,882ab2dab3fffff
261251967001013,10000,10000,17,4349734,130292,Clear Rate,50,1,B,MI,882ab2dab1fffff
261251967001014,10000,10000,11,4349734,130292,Clear Rate,50,1,B,MI,882ab2dab3fffff
261251967001015,10000,10000,9,4349734,130292,Clear Rate,50,1,B,MI,882ab2dab1fffff
261251967001016,10000,10000,15,4349734,130292,Clear Rate,50,1,B,MI,882ab2dab3fffff
261251967001017,10000,10000,11,4349734,130292,Clear Rate,50,1,B,MI,882ab2dab7fffff
261251967001018,10000,10000,5,4349734,130292,Clear Rate,50,1,B,MI,882ab2dab7fffff
261251967001019,10000,10000,11,4349734,130292,Clear Rate,50,1,B,MI,882ab2dab3fffff
261251967001020,10000,10000,16,4349734,130292,Clear Rate,50,1,B,MI,882ab2dab3fffff
261251967001021,10000,10000,12,4349734,130292,Clear Rate,50,1,B,MI,882ab2dab3fffff
261251967001022,10000,10000,11,4349734,130292,Clear Rate,50,1,B,MI,882ab2dab3fffff
261251967001023,10000,10000,17,4349734,130292,Clear Rate,50,1,B,MI,882ab2d8d9fffff
261251967001024,10000,10000,22,4349734,130292,Clear Rate,50,1,B,MI,882ab2dab3fffff
261251967001025,10000,10000,12,4349734,130292,Clear Rate,50,1,B,MI,882ab2dab3fffff
261251967001026,10000,10000,19,4349734,130292,Clear Rate,50,1,B,MI,882ab2dab7fffff
261251967001027,10000,10000,6,4349734,130292,Clear Rate,50,1,B,MI,882ab2dab7fffff
261251967001028,10000,10000,10,4349734,130292,Clear Rate,50,1,B,MI,882ab2dab7fffff
261251967001029,10000,10000,12,4349734,130292,Clear Rate,50,1,B,MI,882ab2d8d9fffff
261251967001030,10000,10000,11,4349734,130292,Clear Rate,50,1,B,MI,882ab2d8d9fffff
261251967001031,10000,10000,14,4349734,130292,Clear Rate,50,1,B,MI,882ab2d8d9fffff
261251967001032,10000,10000,41,4349734,130292,Clear Rate,50,1,B,MI,882ab2d8d9fffff
261251967001033,10000,10000,12,4349734,130292,Clear Rate,50,1,B,MI,882ab2dab3fffff
261251967001034,10000,10000,8,4349734,130292,Clear Rate,50,1,B,MI,882ab2dab3fffff
261251967001035,10000,10000,13,4349734,130292,Clear Rate,50,1,B,MI,882ab2d8d9fffff
261251967001036,10000,10000,22,4349734,130292,Clear Rate,50,1,B,MI,882ab2d8d9fffff
261251967002006,10000,10000,20,4349734,130292,Clear Rate,50,1,B,MI,882ab2dab3fffff
261251967002007,10000,10000,14,4349734,130292,Clear Rate,50,1,B,MI,882ab2dabbfffff
261251967002010,10000,10000,25,4349734,130292,Clear Rate,50,1,B,MI,882ab2dabbfffff
261251967002011,10000,10000,18,4349734,130292,Clear Rate,50,1,B,MI,882ab2dabbfffff
261251967002014,10000,10000,29,4349734,130292,Clear Rate,50,1,B,MI,882ab2dabbfffff
261251967002015,10000,10000,85,4349734,130292,Clear Rate,50,1,B,MI,882ab2c365fffff
261251967002016,10000,10000,12,4349734,130292,Clear Rate,50,1,B,MI,882ab2dab3fffff
261251967002018,10000,10000,17,4349734,130292,Clear Rate,50,1,B,MI,882ab2c36dfffff
261251967002019,10000,10000,8,4349734,130292,Clear Rate,50,1,B,MI,882ab2c365fffff
261251967002020,10000,10000,11,4349734,130292,Clear Rate,50,1,B,MI,882ab2c365fffff
261251967002021,10000,10000,1,4349734,130292,Clear Rate,50,1,B,MI,882ab2c36dfffff
261251968001002,10000,10000,188,4349734,130292,Clear Rate,50,1,B,MI,882ab2c369fffff
261251968001003,10000,10000,10,4349734,130292,Clear Rate,50,1,B,MI,882ab2c369fffff
261251968001005,10000,10000,12,4349734,130292,Clear Rate,50,1,B,MI,882ab2dabbfffff
261251968001006,10000,10000,34,4349734,130292,Clear Rate,50,1,B,MI,882ab2c369fffff
261251968001008,10000,10000,27,4349734,130292,Clear Rate,50,1,B,MI,882ab2da97fffff
261251968001013,10000,10000,18,4349734,130292,Clear Rate,50,1,B,MI,882ab2c36dfffff
261251968001014,10000,10000,13,4349734,130292,Clear Rate,50,1,B,MI,882ab2dabbfffff
261251968001018,10000,10000,26,4349734,130292,Clear Rate,50,1,B,MI,882ab2c369fffff
261251968001020,10000,10000,29,4349734,130292,Clear Rate,50,1,B,MI,882ab2c369fffff
261251968001021,10000,10000,39,4349734,130292,Clear Rate,50,1,B,MI,882ab2da97fffff
261251968001024,10000,10000,3,4349734,130292,Clear Rate,50,1,B,MI,882ab2c36dfffff
261251969001005,10000,10000,70,4349734,130292,Clear Rate,50,1,B,MI,882ab2da93fffff
261251969001006,10000,10000,10,4349734,130292,Clear Rate,50,1,B,MI,882ab2da93fffff
261251969001008,10000,10000,15,4349734,130292,Clear Rate,50,1,B,MI,882ab2da93fffff
261251969001009,10000,10000,25,4349734,130292,Clear Rate,50,1,B,MI,882ab2da93fffff
261251969001010,10000,10000,15,4349734,130292,Clear Rate,50,1,B,MI,882ab2da93fffff
261251969001011,10000,10000,8,4349734,130292,Clear Rate,50,1,B,MI,882ab2c345fffff
261251969003008,10000,10000,8,4349734,130292,Clear Rate,50,1,B,MI,882ab2c34dfffff
261251969003010,10000,10000,1,4349734,130292,Clear Rate,50,1,B,MI,882ab2c34dfffff
261251969003014,10000,10000,1,4349734,130292,Clear Rate,50,1,B,MI,882ab2c341fffff
261251970002000,10000,10000,121,4349734,130292,Clear Rate,50,1,B,MI,882ab2c349fffff
261251970002001,10000,10000,21,4349734,130292,Clear Rate,50,1,B,MI,882ab2c349fffff
261251970002002,10000,10000,18,4349734,130292,Clear Rate,50,1,B,MI,882ab2c349fffff
261251970002003,10000,10000,32,4349734,130292,Clear Rate,50,1,B,MI,882ab2c349fffff
261251970002004,10000,10000,10,4349734,130292,Clear Rate,50,1,B,MI,882ab2d1a3fffff
261251970002005,10000,10000,51,4349734,130292,Clear Rate,50,1,B,MI,882ab2d1b5fffff
261251970002006,10000,10000,25,4349734,130292,Clear Rate,50,1,B,MI,882ab2d1b5fffff
261251970002007,10000,10000,36,4349734,130292,Clear Rate,50,1,B,MI,882ab2d1b5fffff
261251970002008,10000,10000,19,4349734,130292,Clear Rate,50,1,B,MI,882ab2c349fffff
261251970002009,10000,10000,17,4349734,130292,Clear Rate,50,1,B,MI,882ab2c349fffff
261251970002010,10000,10000,14,4349734,130292,Clear Rate,50,1,B,MI,882ab2c349fffff
261251970002011,10000,10000,11,4349734,130292,Clear Rate,50,1,B,MI,882ab2c349fffff
261251970002012,10000,10000,17,4349734,130292,Clear Rate,50,1,B,MI,882ab2c349fffff
261251970003005,10000,10000,14,4349734,130292,Clear Rate,50,1,B,MI,882ab2d1bdfffff
261251970003007,10000,10000,1,4349734,130292,Clear Rate,50,1,B,MI,882ab2d1bdfffff
261251970003008,10000,10000,35,4349734,130292,Clear Rate,50,1,B,MI,882ab2d1bdfffff
261251970003009,10000,10000,94,4349734,130292,Clear Rate,50,1,B,MI,882ab2d1bdfffff
261251970003011,10000,10000,6,4349734,130292,Clear Rate,50,1,B,MI,882ab2d1b5fffff
261251972001000,10000,10000,35,4349734,130292,Clear Rate,50,1,B,MI,882ab2d1b9fffff
261251972001009,10000,10000,48,4349734,130292,Clear Rate,50,1,B,MI,882ab2d1b9fffff
261251972001010,10000,10000,24,4349734,130292,Clear Rate,50,1,B,MI,882ab2d1b9fffff
261251972001011,10000,10000,20,4349734,130292,Clear Rate,50,1,B,MI,882ab2d1b9fffff
261251972001012,10000,10000,18,4349734,130292,Clear Rate,50,1,B,MI,882ab2d1b9fffff
261251972001017,10000,10000,13,4349734,130292,Clear Rate,50,1,B,MI,882ab2d1bdfffff
261251972002000,10000,10000,97,4349734,130292,Clear Rate,50,1,B,MI,882ab2d1b1fffff
261251972002001,10000,10000,55,4349734,130292,Clear Rate,50,1,B,MI,882ab2d1b1fffff
261251972002002,10000,10000,148,4349734,130292,Clear Rate,50,1,B,MI,882ab2d1b1fffff
261251972002003,10000,10000,9,4349734,130292,Clear Rate,50,1,B,MI,882ab2d1bdfffff
261251972002004,10000,10000,22,4349734,130292,Clear Rate,50,1,B,MI,882ab2d1bdfffff
261251972002005,10000,10000,36,4349734,130292,Clear Rate,50,1,B,MI,882ab2d1bdfffff
261251972002009,10000,10000,19,4349734,130292,Clear Rate,50,1,B,MI,882ab2d1b5fffff
261251972002010,10000,10000,1,4349734,130292,Clear Rate,50,1,B,MI,882ab2d1b1fffff
261251972002012,10000,10000,2,4349734,130292,Clear Rate,50,1,B,MI,882ab2d1b5fffff
261251972002013,10000,10000,4,4349734,130292,Clear Rate,50,1,B,MI,882ab2d1b1fffff
261251972002014,10000,10000,7,4349734,130292,Clear Rate,50,1,B,MI,882ab2d1b5fffff
261251972002015,10000,10000,26,4349734,130292,Clear Rate,50,1,B,MI,882ab2d1b5fffff
261251972002019,10000,10000,38,4349734,130292,Clear Rate,50,1,B,MI,882ab2d1b9fffff
261251972002020,10000,10000,44,4349734,130292,Clear Rate,50,1,B,MI,882ab2d1b9fffff
261251973001001,10000,10000,3,4349734,130292,Clear Rate,50,1,B,MI,882ab2d191fffff
261251973001002,10000,10000,23,4349734,130292,Clear Rate,50,1,B,MI,882ab2d197fffff
261251973001003,10000,10000,21,4349734,130292,Clear Rate,50,1,B,MI,882ab2d191fffff
261251973001004,10000,10000,38,4349734,130292,Clear Rate,50,1,B,MI,882ab2d191fffff
261251973001005,10000,10000,22,4349734,130292,Clear Rate,50,1,B,MI,882ab2d197fffff
261251973001006,10000,10000,13,4349734,130292,Clear Rate,50,1,B,MI,882ab2d197fffff
261251973001007,10000,10000,26,4349734,130292,Clear Rate,50,1,B,MI,882ab2d193fffff
261251973001009,10000,10000,24,4349734,130292,Clear Rate,50,1,B,MI,882ab2d193fffff
261251973001010,10000,10000,6,4349734,130292,Clear Rate,50,1,B,MI,882ab2d197fffff
261251973001011,10000,10000,22,4349734,130292,Clear Rate,50,1,B,MI,882ab2d197fffff
261251973001012,10000,10000,28,4349734,130292,Clear Rate,50,1,B,MI,882ab2d197fffff
261251973001016,10000,10000,22,4349734,130292,Clear Rate,50,1,B,MI,882ab2c269fffff
261251973001018,10000,10000,12,4349734,130292,Clear Rate,50,1,B,MI,882ab2c269fffff
261251973001019,10000,10000,33,4349734,130292,Clear Rate,50,1,B,MI,882ab2c269fffff
261251973002000,10000,10000,66,4349734,130292,Clear Rate,50,1,B,MI,882ab2d197fffff
261251973002001,10000,10000,203,4349734,130292,Clear Rate,50,1,B,MI,882ab2d1bbfffff
261251973002002,10000,10000,51,4349734,130292,Clear Rate,50,1,B,MI,882ab2d1bbfffff
261251973002003,10000,10000,12,4349734,130292,Clear Rate,50,1,B,MI,882ab2d1bbfffff
261251973002004,10000,10000,27,4349734,130292,Clear Rate,50,1,B,MI,882ab2d1bbfffff
261251973002005,10000,10000,33,4349734,130292,Clear Rate,50,1,B,MI,882ab2c26dfffff
261251973002006,10000,10000,31,4349734,130292,Clear Rate,50,1,B,MI,882ab2d197fffff
261251973002007,10000,10000,38,4349734,130292,Clear Rate,50,1,B,MI,882ab2c26dfffff
261251973002008,10000,10000,15,4349734,130292,Clear Rate,50,1,B,MI,882ab2c26dfffff
261251973002009,10000,10000,15,4349734,130292,Clear Rate,50,1,B,MI,882ab2c26dfffff
261251973002010,10000,10000,28,4349734,130292,Clear Rate,50,1,B,MI,882ab2c26dfffff
261251973003000,10000,10000,27,4349734,130292,Clear Rate,50,1,B,MI,882ab2d197fffff
261251973003001,10000,10000,28,4349734,130292,Clear Rate,50,1,B,MI,882ab2d197fffff
261251973003002,10000,10000,27,4349734,130292,Clear Rate,50,1,B,MI,882ab2c269fffff
261251973003003,10000,10000,47,4349734,130292,Clear Rate,50,1,B,MI,882ab2d197fffff
261251973003004,10000,10000,100,4349734,130292,Clear Rate,50,1,B,MI,882ab2c269fffff
261251973003005,10000,10000,29,4349734,130292,Clear Rate,50,1,B,MI,882ab2c269fffff
261251973003006,10000,10000,125,4349734,130292,Clear Rate,50,1,B,MI,882ab2c26dfffff
261251973003007,10000,10000,18,4349734,130292,Clear Rate,50,1,B,MI,882ab2c26dfffff
261251973003008,10000,10000,26,4349734,130292,Clear Rate,50,1,B,MI,882ab2d197fffff
261251973003009,10000,10000,37,4349734,130292,Clear Rate,50,1,B,MI,882ab2c26dfffff
261251973003010,10000,10000,24,4349734,130292,Clear Rate,50,1,B,MI,882ab2c269fffff
261251973003011,10000,10000,40,4349734,130292,Clear Rate,50,1,B,MI,882ab2c269fffff
261251973003012,10000,10000,52,4349734,130292,Clear Rate,50,1,B,MI,882ab2c261fffff
261251973003013,10000,10000,48,4349734,130292,Clear Rate,50,1,B,MI,882ab2c261fffff
261251973003014,10000,10000,16,4349734,130292,Clear Rate,50,1,B,MI,882ab2c269fffff
261251974001000,10000,10000,21,4349734,130292,Clear Rate,50,1,B,MI,882ab2c26dfffff
261251974001001,10000,10000,16,4349734,130292,Clear Rate,50,1,B,MI,882ab2d1b3fffff
261251974001002,10000,10000,16,4349734,130292,Clear Rate,50,1,B,MI,882ab2d1b1fffff
261251974001003,10000,10000,12,4349734,130292,Clear Rate,50,1,B,MI,882ab2d1b1fffff
261251974001011,10000,10000,172,4349734,130292,Clear Rate,50,1,B,MI,882ab2d1b3fffff
261251974001012,10000,10000,53,4349734,130292,Clear Rate,50,1,B,MI,882ab2d1b3fffff
261251974001013,10000,10000,21,4349734,130292,Clear Rate,50,1,B,MI,882ab2d1b7fffff
261251974001014,10000,10000,23,4349734,130292,Clear Rate,50,1,B,MI,882ab2d1b3fffff
261251974001015,10000,10000,18,4349734,130292,Clear Rate,50,1,B,MI,882ab2d1b3fffff
261251974001016,10000,10000,24,4349734,130292,Clear Rate,50,1,B,MI,882ab2d1b3fffff
261251974001017,10000,10000,13,4349734,130292,Clear Rate,50,1,B,MI,882ab2d1b3fffff
261251974001018,10000,10000,14,4349734,130292,Clear Rate,50,1,B,MI,882ab2c359fffff
261251974001020,10000,10000,136,4349734,130292,Clear Rate,50,1,B,MI,882ab2c359fffff
261251974001021,10000,10000,7,4349734,130292,Clear Rate,50,1,B,MI,882ab2d1b3fffff
261251974001022,10000,10000,4,4349734,130292,Clear Rate,50,1,B,MI,882ab2d1b3fffff
261251974001023,10000,10000,5,4349734,130292,Clear Rate,50,1,B,MI,882ab2c26dfffff
261251974001024,10000,10000,2,4349734,130292,Clear Rate,50,1,B,MI,882ab2c26dfffff
261251974001025,10000,10000,8,4349734,130292,Clear Rate,50,1,B,MI,882ab2c35dfffff
261251974001026,10000,10000,11,4349734,130292,Clear Rate,50,1,B,MI,882ab2c35dfffff
261251974001027,10000,10000,10,4349734,130292,Clear Rate,50,1,B,MI,882ab2c35dfffff
261251974001028,10000,10000,12,4349734,130292,Clear Rate,50,1,B,MI,882ab2c35dfffff
261251974001029,10000,10000,8,4349734,130292,Clear Rate,50,1,B,MI,882ab2c35dfffff
261251974001031,10000,10000,17,4349734,130292,Clear Rate,50,1,B,MI,882ab2c265fffff
261251974001032,10000,10000,17,4349734,130292,Clear Rate,50,1,B,MI,882ab2d1b3fffff
261251974001033,10000,10000,14,4349734,130292,Clear Rate,50,1,B,MI,882ab2d1b3fffff
261251974001034,10000,10000,20,4349734,130292,Clear Rate,50,1,B,MI,882ab2d1b3fffff
261251974001035,10000,10000,7,4349734,130292,Clear Rate,50,1,B,MI,882ab2c265fffff
261251974001036,10000,10000,6,4349734,130292,Clear Rate,50,1,B,MI,882ab2c265fffff
261251974001037,10000,10000,5,4349734,130292,Clear Rate,50,1,B,MI,882ab2c265fffff
261251974001038,10000,10000,5,4349734,130292,Clear Rate,50,1,B,MI,882ab2c265fffff
261251974002000,10000,10000,1,4349734,130292,Clear Rate,50,1,B,MI,882ab2c35bfffff
261251974002003,10000,10000,2,4349734,130292,Clear Rate,50,1,B,MI,882ab2c35bfffff
261251974002005,10000,10000,6,4349734,130292,Clear Rate,50,1,B,MI,882ab2c22dfffff
261251974003000,10000,10000,3,4349734,130292,Clear Rate,50,1,B,MI,882ab2c359fffff
261251974003001,10000,10000,14,4349734,130292,Clear Rate,50,1,B,MI,882ab2c359fffff
261251974003002,10000,10000,11,4349734,130292,Clear Rate,50,1,B,MI,882ab2c351fffff
261251974003003,10000,10000,8,4349734,130292,Clear Rate,50,1,B,MI,882ab2c35dfffff
261251974003004,10000,10000,71,4349734,130292,Clear Rate,50,1,B,MI,882ab2c351fffff
261251974003005,10000,10000,41,4349734,130292,Clear Rate,50,1,B,MI,882ab2c355fffff
261251974003006,10000,10000,4,4349734,130292,Clear Rate,50,1,B,MI,882ab2c351fffff
261251974003007,10000,10000,16,4349734,130292,Clear Rate,50,1,B,MI,882ab2c351fffff
261251974003008,10000,10000,14,4349734,130292,Clear Rate,50,1,B,MI,882ab2c351fffff
261251974003009,10000,10000,36,4349734,130292,Clear Rate,50,1,B,MI,882ab2c351fffff
261251974003010,10000,10000,18,4349734,130292,Clear Rate,50,1,B,MI,882ab2c351fffff
261251974003011,10000,10000,36,4349734,130292,Clear Rate,50,1,B,MI,882ab2c35bfffff
261251974003012,10000,10000,26,4349734,130292,Clear Rate,50,1,B,MI,882ab2c351fffff
261251974003013,10000,10000,4,4349734,130292,Clear Rate,50,1,B,MI,882ab2c351fffff
261251974003014,10000,10000,25,4349734,130292,Clear Rate,50,1,B,MI,882ab2c353fffff
261251974003015,10000,10000,31,4349734,130292,Clear Rate,50,1,B,MI,882ab2c35bfffff
261251974003016,10000,10000,57,4349734,130292,Clear Rate,50,1,B,MI,882ab2c22dfffff
261251974003017,10000,10000,29,4349734,130292,Clear Rate,50,1,B,MI,882ab2c353fffff
261251974003018,10000,10000,45,4349734,130292,Clear Rate,50,1,B,MI,882ab2c353fffff
261251974003019,10000,10000,28,4349734,130292,Clear Rate,50,1,B,MI,882ab2c353fffff
261251974003020,10000,10000,45,4349734,130292,Clear Rate,50,1,B,MI,882ab2c353fffff
261251974003021,10000,10000,16,4349734,130292,Clear Rate,50,1,B,MI,882ab2c353fffff
261251974004000,10000,10000,17,4349734,130292,Clear Rate,50,1,B,MI,882ab2c265fffff
261251974004001,10000,10000,4,4349734,130292,Clear Rate,50,1,B,MI,882ab2c265fffff
261251974004006,10000,10000,4,4349734,130292,Clear Rate,50,1,B,MI,882ab2c35bfffff
261251974004007,10000,10000,7,4349734,130292,Clear Rate,50,1,B,MI,882ab2c265fffff
261251974004008,10000,10000,5,4349734,130292,Clear Rate,50,1,B,MI,882ab2c35bfffff
261251974004009,10000,10000,1,4349734,130292,Clear Rate,50,1,B,MI,882ab2c267fffff
261251974004010,10000,10000,7,4349734,130292,Clear Rate,50,1,B,MI,882ab2c229fffff
261251975001001,10000,10000,124,4349734,130292,Clear Rate,50,1,B,MI,882ab2c34bfffff
261251975001002,10000,10000,19,4349734,130292,Clear Rate,50,1,B,MI,882ab2c34bfffff
261251975001003,10000,10000,29,4349734,130292,Clear Rate,50,1,B,MI,882ab2c34bfffff
261251975001004,10000,10000,18,4349734,130292,Clear Rate,50,1,B,MI,882ab2c34bfffff
261251975001006,10000,10000,11,4349734,130292,Clear Rate,50,1,B,MI,882ab2c34bfffff
261251975001007,10000,10000,29,4349734,130292,Clear Rate,50,1,B,MI,882ab2c343fffff
261251975002000,10000,10000,27,4349734,130292,Clear Rate,50,1,B,MI,882ab2c35dfffff
261251975002001,10000,10000,6,4349734,130292,Clear Rate,50,1,B,MI,882ab2c35dfffff
261251975002002,10000,10000,68,4349734,130292,Clear Rate,50,1,B,MI,882ab2c35dfffff
261251975002003,10000,10000,124,4349734,130292,Clear Rate,50,1,B,MI,882ab2c355fffff
261251975002004,10000,10000,66,4349734,130292,Clear Rate,50,1,B,MI,882ab2c355fffff
261251975002005,10000,10000,55,4349734,130292,Clear Rate,50,1,B,MI,882ab2c343fffff
261251975002006,10000,10000,23,4349734,130292,Clear Rate,50,1,B,MI,882ab2c343fffff
261251975002007,10000,10000,22,4349734,130292,Clear Rate,50,1,B,MI,882ab2c343fffff
261251975002008,10000,10000,20,4349734,130292,Clear Rate,50,1,B,MI,882ab2c343fffff
261251975002009,10000,10000,19,4349734,130292,Clear Rate,50,1,B,MI,882ab2c343fffff
261251975002010,10000,10000,18,4349734,130292,Clear Rate,50,1,B,MI,882ab2c343fffff
261251975002011,10000,10000,15,4349734,130292,Clear Rate,50,1,B,MI,882ab2c343fffff
261251975002014,10000,10000,15,4349734,130292,Clear Rate,50,1,B,MI,882ab2c343fffff
261251975002015,10000,10000,16,4349734,130292,Clear Rate,50,1,B,MI,882ab2c355fffff
261251975003000,10000,10000,12,4349734,130292,Clear Rate,50,1,B,MI,882ab2c34bfffff
261251975003001,10000,10000,3,4349734,130292,Clear Rate,50,1,B,MI,882ab2c34bfffff
261251975003002,10000,10000,3,4349734,130292,Clear Rate,50,1,B,MI,882ab2c34bfffff
261251975003003,10000,10000,4,4349734,130292,Clear Rate,50,1,B,MI,882ab2c341fffff
261251975003004,10000,10000,6,4349734,130292,Clear Rate,50,1,B,MI,882ab2c34bfffff
261251975003005,10000,10000,9,4349734,130292,Clear Rate,50,1,B,MI,882ab2c34bfffff
261251975003006,10000,10000,1,4349734,130292,Clear Rate,50,1,B,MI,882ab2c34bfffff
261251976001000,10000,10000,5,4349734,130292,Clear Rate,50,1,B,MI,882ab2c341fffff
261251976002001,10000,10000,1,4349734,130292,Clear Rate,50,1,B,MI,882ab2c341fffff
261251976002002,10000,10000,8,4349734,130292,Clear Rate,50,1,B,MI,882ab2c347fffff
261251976002004,10000,10000,11,4349734,130292,Clear Rate,50,1,B,MI,882ab2c347fffff
261251976002007,10000,10000,205,4349734,130292,Clear Rate,50,1,B,MI,882ab2c343fffff
261251976002009,10000,10000,21,4349734,130292,Clear Rate,50,1,B,MI,882ab2c343fffff
261251976002010,10000,10000,22,4349734,130292,Clear Rate,50,1,B,MI,882ab2c343fffff
261251976002011,10000,10000,18,4349734,130292,Clear Rate,50,1,B,MI,882ab2c347fffff
261251976002012,10000,10000,24,4349734,130292,Clear Rate,50,1,B,MI,882ab2c343fffff
261251976002013,10000,10000,17,4349734,130292,Clear Rate,50,1,B,MI,882ab2c30dfffff
261251976002014,10000,10000,15,4349734,130292,Clear Rate,50,1,B,MI,882ab2c30dfffff
261251976002015,10000,10000,1,4349734,130292,Clear Rate,50,1,B,MI,882ab2c309fffff
261251976002016,10000,10000,3,4349734,130292,Clear Rate,50,1,B,MI,882ab2c347fffff
261251977011000,10000,10000,22,4349734,130292,Clear Rate,50,1,B,MI,882ab2c36bfffff
261251977011001,10000,10000,4,4349734,130292,Clear Rate,50,1,B,MI,882ab2c369fffff
261251977011002,10000,10000,3,4349734,130292,Clear Rate,50,1,B,MI,882ab2c369fffff
261251977011003,10000,10000,37,4349734,130292,Clear Rate,50,1,B,MI,882ab2c36bfffff
261251977011004,10000,10000,4,4349734,130292,Clear Rate,50,1,B,MI,882ab2c36bfffff
261251977011005,10000,10000,2,4349734,130292,Clear Rate,50,1,B,MI,882ab2c361fffff
261251977011007,10000,10000,1,4349734,130292,Clear Rate,50,1,B,MI,882ab2c365fffff
261251977011008,10000,10000,24,4349734,130292,Clear Rate,50,1,B,MI,882ab2c365fffff
261251977011009,10000,10000,16,4349734,130292,Clear Rate,50,1,B,MI,882ab2c365fffff
261251977011010,10000,10000,6,4349734,130292,Clear Rate,50,1,B,MI,882ab2c365fffff
261251977011011,10000,10000,73,4349734,130292,Clear Rate,50,1,B,MI,882ab2d8d9fffff
261251977011012,10000,10000,51,4349734,130292,Clear Rate,50,1,B,MI,882ab2d8d9fffff
261251977011013,10000,10000,14,4349734,130292,Clear Rate,50,1,B,MI,882ab2d8d9fffff
261251977011014,10000,10000,50,4349734,130292,Clear Rate,50,1,B,MI,882ab2d8dbfffff
261251977011015,10000,10000,44,4349734,130292,Clear Rate,50,1,B,MI,882ab2d8dbfffff
261251977011016,10000,10000,30,4349734,130292,Clear Rate,50,1,B,MI,882ab2d8dbfffff
261251977011017,10000,10000,9,4349734,130292,Clear Rate,50,1,B,MI,882ab2d8dbfffff
261251977011018,10000,10000,10,4349734,130292,Clear Rate,50,1,B,MI,882ab2c365fffff
261251977011019,10000,10000,63,4349734,130292,Clear Rate,50,1,B,MI,882ab2c365fffff
261251977011020,10000,10000,21,4349734,130292,Clear Rate,50,1,B,MI,882ab2c365fffff
261251977011021,10000,10000,18,4349734,130292,Clear Rate,50,1,B,MI,882ab2c365fffff
261251977011022,10000,10000,36,4349734,130292,Clear Rate,50,1,B,MI,882ab2c365fffff
261251977011023,10000,10000,7,4349734,130292,Clear Rate,50,1,B,MI,882ab2c365fffff
261251977011024,10000,10000,38,4349734,130292,Clear Rate,50,1,B,MI,882ab2c361fffff
261251977011025,10000,10000,66,4349734,130292,Clear Rate,50,1,B,MI,882ab2c361fffff
261251977011029,10000,10000,18,4349734,130292,Clear Rate,50,1,B,MI,882ab2c365fffff
261251977011031,10000,10000,13,4349734,130292,Clear Rate,50,1,B,MI,882ab2d8dbfffff
261251977011032,10000,10000,16,4349734,130292,Clear Rate,50,1,B,MI,882ab2c367fffff
261251977011033,10000,10000,10,4349734,130292,Clear Rate,50,1,B,MI,882ab2c367fffff
261251977021000,10000,10000,69,4349734,130292,Clear Rate,50,1,B,MI,882ab2c36bfffff
261251977021001,10000,10000,6,4349734,130292,Clear Rate,50,1,B,MI,882ab2c363fffff
261251977021002,10000,10000,14,4349734,130292,Clear Rate,50,1,B,MI,882ab2c363fffff
261251977021003,10000,10000,9,4349734,130292,Clear Rate,50,1,B,MI,882ab2c367fffff
261251977021007,10000,10000,11,4349734,130292,Clear Rate,50,1,B,MI,882ab2c329fffff
261251977021008,10000,10000,14,4349734,130292,Clear Rate,50,1,B,MI,882ab2c36bfffff
261251977021009,10000,10000,9,4349734,130292,Clear Rate,50,1,B,MI,882ab2c363fffff
261251977021010,10000,10000,7,4349734,130292,Clear Rate,50,1,B,MI,882ab2c30dfffff
261251977021011,10000,10000,4,4349734,130292,Clear Rate,50,1,B,MI,882ab2c30dfffff
261251977021012,10000,10000,14,4349734,130292,Clear Rate,50,1,B,MI,882ab2c367fffff
261251977021013,10000,10000,2,4349734,130292,Clear Rate,50,1,B,MI,882ab2c367fffff
261251977021014,10000,10000,6,4349734,130292,Clear Rate,50,1,B,MI,882ab2c32dfffff
261251977022000,10000,10000,9,4349734,130292,Clear Rate,50,1,B,MI,882ab2c30dfffff
261251977022001,10000,10000,20,4349734,130292,Clear Rate,50,1,B,MI,882ab2c363fffff
261251977022002,10000,10000,35,4349734,130292,Clear Rate,50,1,B,MI,882ab2c329fffff
261251980002000,10000,10000,37,4349734,130292,Clear Rate,50,1,B,MI,882ab2d1b9fffff
261251980002001,10000,10000,41,4349734,130292,Clear Rate,50,1,B,MI,882ab2d195fffff
261251980002002,10000,10000,105,4349734,130292,Clear Rate,50,1,B,MI,882ab2d195fffff
261251980002003,10000,10000,28,4349734,130292,Clear Rate,50,1,B,MI,882ab2d195fffff
261251980002004,10000,10000,27,4349734,130292,Clear Rate,50,1,B,MI,882ab2d195fffff
261251980002005,10000,10000,22,4349734,130292,Clear Rate,50,1,B,MI,882ab2d1b9fffff
261251980002006,10000,10000,139,4349734,130292,Clear Rate,50,1,B,MI,882ab2d1bbfffff
261251980003002,10000,10000,113,4349734,130292,Clear Rate,50,1,B,MI,882ab2d195fffff
261251980003003,10000,10000,106,4349734,130292,Clear Rate,50,1,B,MI,882ab2d191fffff
261251980003005,10000,10000,26,4349734,130292,Clear Rate,50,1,B,MI,882ab2d195fffff
261251980003006,10000,10000,25,4349734,130292,Clear Rate,50,1,B,MI,882ab2d195fffff
261251980003007,10000,10000,28,4349734,130292,Clear Rate,50,1,B,MI,882ab2d191fffff
261251980003008,10000,10000,50,4349734,130292,Clear Rate,50,1,B,MI,882ab2d191fffff
261251980003011,10000,10000,26,4349734,130292,Clear Rate,50,1,B,MI,882ab2d195fffff
261251981001000,10000,10000,5,4349734,130292,Clear Rate,50,1,B,MI,882ab2c261fffff
261251981001001,10000,10000,7,4349734,130292,Clear Rate,50,1,B,MI,882ab2c261fffff
261251981001002,10000,10000,19,4349734,130292,Clear Rate,50,1,B,MI,882ab2c261fffff
261251981002000,10000,10000,18,4349734,130292,Clear Rate,50,1,B,MI,882ab2c261fffff
261251981002001,10000,10000,48,4349734,130292,Clear Rate,50,1,B,MI,882ab2c263fffff
261251981002002,10000,10000,86,4349734,130292,Clear Rate,50,1,B,MI,882ab2c261fffff
261251981002003,10000,10000,46,4349734,130292,Clear Rate,50,1,B,MI,882ab2c261fffff
261251981002004,10000,10000,33,4349734,130292,Clear Rate,50,1,B,MI,882ab2c263fffff
261251981002005,10000,10000,7,4349734,130292,Clear Rate,50,1,B,MI,882ab2c263fffff
261251981002008,10000,10000,11,4349734,130292,Clear Rate,50,1,B,MI,882ab2c261fffff
261251981002009,10000,10000,11,4349734,130292,Clear Rate,50,1,B,MI,882ab2c26bfffff
261251981002010,10000,10000,14,4349734,130292,Clear Rate,50,1,B,MI,882ab2c261fffff
261251981003001,10000,10000,5,4349734,130292,Clear Rate,50,1,B,MI,882ab2c263fffff
261251981003002,10000,10000,7,4349734,130292,Clear Rate,50,1,B,MI,882ab2c263fffff
261251981003003,10000,10000,18,4349734,130292,Clear Rate,50,1,B,MI,882ab2c263fffff
261251981003007,10000,10000,26,4349734,130292,Clear Rate,50,1,B,MI,882ab2c263fffff
261259812001002,10000,10000,9,4349734,130292,Clear Rate,50,1,B,MI,882ab2c229fffff
261259812001003,10000,10000,29,4349734,130292,Clear Rate,50,1,B,MI,882ab2c22bfffff
261259812001004,10000,10000,9,4349734,130292,Clear Rate,50,1,B,MI,882ab2c229fffff
261259812001005,10000,10000,10,4349734,130292,Clear Rate,50,1,B,MI,882ab2c229fffff
261259812001006,10000,10000,9,4349734,130292,Clear Rate,50,1,B,MI,882ab2c229fffff
261259812001010,10000,10000,28,4349734,130292,Clear Rate,50,1,B,MI,882ab2c229fffff
261259812001013,10000,10000,5,4349734,130292,Clear Rate,50,1,B,MI,882ab2c22bfffff
261259813001008,10000,10000,2,4349734,130292,Clear Rate,50,1,B,MI,88274da593fffff
261259814001001,10000,10000,2,4349734,130292,Clear Rate,50,1,B,MI,88274da589fffff
261259814001004,10000,10000,1,4349734,130292,Clear Rate,50,1,B,MI,88274da581fffff
261259815001001,10000,10000,1,4349734,130292,Clear Rate,50,1,B,MI,882ab2da45fffff
261379505002002,10000,10000,17,4349734,130292,Clear Rate,50,1,B,MI,88276acce1fffff
261379505002004,10000,10000,4,4349734,130292,Clear Rate,50,1,B,MI,88276acce3fffff
261379505002012,10000,10000,58,4349734,130292,Clear Rate,50,1,B,MI,88276acce3fffff
261379505002013,10000,10000,5,4349734,130292,Clear Rate,50,1,B,MI,88276acce3fffff
261379505002014,10000,10000,10,4349734,130292,Clear Rate,50,1,B,MI,88276acce3fffff
261379505002015,10000,10000,12,4349734,130292,Clear Rate,50,1,B,MI,88276acce3fffff
261379505002016,10000,10000,2,4349734,130292,Clear Rate,50,1,B,MI,88276acce3fffff
261379505002017,10000,10000,11,4349734,130292,Clear Rate,50,1,B,MI,88276acca9fffff
261379505002018,10000,10000,22,4349734,130292,Clear Rate,50,1,B,MI,88276accabfffff
261379505002020,10000,10000,6,4349734,130292,Clear Rate,50,1,B,MI,88276acca9fffff
261379505002023,10000,10000,6,4349734,130292,Clear Rate,50,1,B,MI,88276acca9fffff
261379505003006,10000,10000,1,4349734,130292,Clear Rate,50,1,B,MI,88276acce1fffff
261379505003008,10000,10000,14,4349734,130292,Clear Rate,50,1,B,MI,88276accebfffff
261379505003009,10000,10000,99,4349734,130292,Clear Rate,50,1,B,MI,88276accebfffff
261379505003010,10000,10000,16,4349734,130292,Clear Rate,50,1,B,MI,88276accebfffff
261450001001016,10000,10000,1,4349734,130292,Clear Rate,50,1,B,MI,88274dd291fffff
261450001001020,10000,10000,6,4349734,130292,Clear Rate,50,1,B,MI,88274dd299fffff
261450001001021,10000,10000,3,4349734,130292,Clear Rate,50,1,B,MI,88274dd299fffff
261450001001022,10000,10000,5,4349734,130292,Clear Rate,50,1,B,MI,88274dd299fffff
261450001001023,10000,10000,1,4349734,130292,Clear Rate,50,1,B,MI,88274dd291fffff
261450001001024,10000,10000,1,4349734,130292,Clear Rate,50,1,B,MI,88274dd291fffff
261450001001025,10000,10000,1,4349734,130292,Clear Rate,50,1,B,MI,88274dd291fffff
261450001001030,10000,10000,2,4349734,130292,Clear Rate,50,1,B,MI,88274dd29bfffff
261450001001032,10000,10000,3,4349734,130292,Clear Rate,50,1,B,MI,88274dd29bfffff
261450001001033,10000,10000,1,4349734,130292,Clear Rate,50,1,B,MI,88274dd29bfffff
261450001002009,10000,10000,1,4349734,130292,Clear Rate,50,1,B,MI,88274dd291fffff
261450004001003,10000,10000,1,4349734,130292,Clear Rate,50,1,B,MI,88274dd291fffff
261450004001006,10000,10000,1,4349734,130292,Clear Rate,50,1,B,MI,88274dd291fffff
261450004001007,10000,10000,2,4349734,130292,Clear Rate,50,1,B,MI,88274dd291fffff
261450004001008,10000,10000,6,4349734,130292,Clear Rate,50,1,B,MI,88274dd291fffff
261450004001009,10000,10000,1,4349734,130292,Clear Rate,50,1,B,MI,88274dd291fffff
261450004001010,10000,10000,2,4349734,130292,Clear Rate,50,1,B,MI,88274dd291fffff
261450004001011,10000,10000,1,4349734,130292,Clear Rate,50,1,B,MI,88274dd29bfffff
261450004001020,10000,10000,5,4349734,130292,Clear Rate,50,1,B,MI,88274dd29bfffff
261450004001022,10000,10000,5,4349734,130292,Clear Rate,50,1,B,MI,88274dd291fffff
261450004001034,10000,10000,1,4349734,130292,Clear Rate,50,1,B,MI,88274dd291fffff
261450004001035,10000,10000,5,4349734,130292,Clear Rate,50,1,B,MI,88274dd291fffff
261450004001036,10000,10000,2,4349734,130292,Clear Rate,50,1,B,MI,88274dd291fffff
261450004001040,10000,10000,2,4349734,130292,Clear Rate,50,1,B,MI,88274dd297fffff
261450004001041,10000,10000,1,4349734,130292,Clear Rate,50,1,B,MI,88274dd293fffff
261450004001042,10000,10000,2,4349734,130292,Clear Rate,50,1,B,MI,88274dd291fffff
261450004001043,10000,10000,8,4349734,130292,Clear Rate,50,1,B,MI,88274dd293fffff
261450004001044,10000,10000,1,4349734,130292,Clear Rate,50,1,B,MI,88274dd293fffff
261450004001045,10000,10000,2,4349734,130292,Clear Rate,50,1,B,MI,88274dd291fffff
261450004001046,10000,10000,1,4349734,130292,Clear Rate,50,1,B,MI,88274dd291fffff
261450004001047,10000,10000,1,4349734,130292,Clear Rate,50,1,B,MI,88274dd29bfffff
261450004001048,10000,10000,3,4349734,130292,Clear Rate,50,1,B,MI,88274dd29bfffff
261450004001049,10000,10000,1,4349734,130292,Clear Rate,50,1,B,MI,88274dd29bfffff
261450004001050,10000,10000,6,4349734,130292,Clear Rate,50,1,B,MI,88274dd293fffff
261450004001051,10000,10000,8,4349734,130292,Clear Rate,50,1,B,MI,88274dd293fffff
261450004001052,10000,10000,1,4349734,130292,Clear Rate,50,1,B,MI,88274dd293fffff
261450004001053,10000,10000,8,4349734,130292,Clear Rate,50,1,B,MI,88274dd293fffff
261450004001054,10000,10000,4,4349734,130292,Clear Rate,50,1,B,MI,88274dd293fffff
261450004001055,10000,10000,1,4349734,130292,Clear Rate,50,1,B,MI,88274dd293fffff
261450004001056,10000,10000,3,4349734,130292,Clear Rate,50,1,B,MI,88274dd293fffff
261450004001057,10000,10000,6,4349734,130292,Clear Rate,50,1,B,MI,88274dd293fffff
261450004001058,10000,10000,3,4349734,130292,Clear Rate,50,1,B,MI,88274dd293fffff
261450004001059,10000,10000,1,4349734,130292,Clear Rate,50,1,B,MI,88274dd293fffff
261450004001061,10000,10000,2,4349734,130292,Clear Rate,50,1,B,MI,88274dd293fffff
261450004001062,10000,10000,3,4349734,130292,Clear Rate,50,1,B,MI,88274dd293fffff
261450004001063,10000,10000,1,4349734,130292,Clear Rate,50,1,B,MI,88274dd293fffff
261450004001070,10000,10000,6,4349734,130292,Clear Rate,50,1,B,MI,88274dd293fffff
261450006001000,10000,10000,7,4349734,130292,Clear Rate,50,1,B,MI,88274dd293fffff
261450006001001,10000,10000,2,4349734,130292,Clear Rate,50,1,B,MI,88274dd293fffff
261450006001002,10000,10000,2,4349734,130292,Clear Rate,50,1,B,MI,88274dd293fffff
261450006001003,10000,10000,1,4349734,130292,Clear Rate,50,1,B,MI,88274dd293fffff
261450006001005,10000,10000,3,4349734,130292,Clear Rate,50,1,B,MI,88274dd293fffff
261450006001006,10000,10000,2,4349734,130292,Clear Rate,50,1,B,MI,88274dd293fffff
261450006001008,10000,10000,1,4349734,130292,Clear Rate,50,1,B,MI,88274dd293fffff
261450006001009,10000,10000,3,4349734,130292,Clear Rate,50,1,B,MI,88274dd293fffff
261450006001010,10000,10000,6,4349734,130292,Clear Rate,50,1,B,MI,88274dd293fffff
261450006001011,10000,10000,4,4349734,130292,Clear Rate,50,1,B,MI,88274dd293fffff
261450006001012,10000,10000,2,4349734,130292,Clear Rate,50,1,B,MI,88274dd297fffff
261450006001015,10000,10000,2,4349734,130292,Clear Rate,50,1,B,MI,88274dd293fffff
261450007003007,10000,10000,2,4349734,130292,Clear Rate,50,1,B,MI,88274dd293fffff
261450007003008,10000,10000,2,4349734,130292,Clear Rate,50,1,B,MI,88274dd293fffff
261450007003009,10000,10000,2,4349734,130292,Clear Rate,50,1,B,MI,88274dd293fffff
261450018001001,10000,10000,3,4349734,130292,Clear Rate,50,1,B,MI,88274dd291fffff
261450018001002,10000,10000,6,4349734,130292,Clear Rate,50,1,B,MI,88274dd291fffff
261450018001003,10000,10000,2,4349734,130292,Clear Rate,50,1,B,MI,88274dd295fffff
261450018001004,10000,10000,2,4349734,130292,Clear Rate,50,1,B,MI,88274dd295fffff
261450018001005,10000,10000,7,4349734,130292,Clear Rate,50,1,B,MI,88274dd295fffff
261450018001006,10000,10000,11,4349734,130292,Clear Rate,50,1,B,MI,88274dd295fffff
261450018001007,10000,10000,1,4349734,130292,Clear Rate,50,1,B,MI,88274dd295fffff
261450018001008,10000,10000,14,4349734,130292,Clear Rate,50,1,B,MI,88274dd295fffff
261450018001009,10000,10000,6,4349734,130292,Clear Rate,50,1,B,MI,88274dd295fffff
261450018001010,10000,10000,4,4349734,130292,Clear Rate,50,1,B,MI,88274dd295fffff
261450018001011,10000,10000,5,4349734,130292,Clear Rate,50,1,B,MI,88274dd295fffff
261450018001012,10000,10000,2,4349734,130292,Clear Rate,50,1,B,MI,88274dd295fffff
261450018001013,10000,10000,12,4349734,130292,Clear Rate,50,1,B,MI,88274dd295fffff
261450018001014,10000,10000,10,4349734,130292,Clear Rate,50,1,B,MI,88274dd295fffff
261450018001015,10000,10000,2,4349734,130292,Clear Rate,50,1,B,MI,88274dd2bbfffff
261450018001016,10000,10000,2,4349734,130292,Clear Rate,50,1,B,MI,88274dd297fffff
261450018001017,10000,10000,14,4349734,130292,Clear Rate,50,1,B,MI,88274dd295fffff
261450018001019,10000,10000,7,4349734,130292,Clear Rate,50,1,B,MI,88274dd295fffff
261450018001020,10000,10000,7,4349734,130292,Clear Rate,50,1,B,MI,88274dd295fffff
261450018001021,10000,10000,1,4349734,130292,Clear Rate,50,1,B,MI,88274dd297fffff
261450018002000,10000,10000,1,4349734,130292,Clear Rate,50,1,B,MI,88274dd2bbfffff
261450018002001,10000,10000,10,4349734,130292,Clear Rate,50,1,B,MI,88274dd2bbfffff
261450018002002,10000,10000,7,4349734,130292,Clear Rate,50,1,B,MI,88274dd2bbfffff
261450018002003,10000,10000,10,4349734,130292,Clear Rate,50,1,B,MI,88274dd2bbfffff
261450018002010,10000,10000,6,4349734,130292,Clear Rate,50,1,B,MI,88274dd2bbfffff
261450018002011,10000,10000,1,4349734,130292,Clear Rate,50,1,B,MI,88274dd2bbfffff
261450018002012,10000,10000,9,4349734,130292,Clear Rate,50,1,B,MI,88274dd2bbfffff
261450018002013,10000,10000,1,4349734,130292,Clear Rate,50,1,B,MI,88274dd2bbfffff
261450018002015,10000,10000,9,4349734,130292,Clear Rate,50,1,B,MI,88274dd2bbfffff
261450018003000,10000,10000,8,4349734,130292,Clear Rate,50,1,B,MI,88274dd295fffff
261450018003001,10000,10000,9,4349734,130292,Clear Rate,50,1,B,MI,88274dd295fffff
261450018003002,10000,10000,7,4349734,130292,Clear Rate,50,1,B,MI,88274dd295fffff
261450018003003,10000,10000,4,4349734,130292,Clear Rate,50,1,B,MI,88274dd295fffff
261450018003010,10000,10000,5,4349734,130292,Clear Rate,50,1,B,MI,88274dd2bbfffff
261450018003011,10000,10000,8,4349734,130292,Clear Rate,50,1,B,MI,88274dd2bbfffff
261450018003012,10000,10000,10,4349734,130292,Clear Rate,50,1,B,MI,88274dd295fffff
261450018003013,10000,10000,10,4349734,130292,Clear Rate,50,1,B,MI,88274dd295fffff
261450018003014,10000,10000,15,4349734,130292,Clear Rate,50,1,B,MI,88274dd295fffff
261450018003015,10000,10000,12,4349734,130292,Clear Rate,50,1,B,MI,88274dd295fffff
261450018003016,10000,10000,8,4349734,130292,Clear Rate,50,1,B,MI,88274dd2bbfffff
261450018003017,10000,10000,8,4349734,130292,Clear Rate,50,1,B,MI,88274dd2bbfffff
261450019001006,10000,10000,4,4349734,130292,Clear Rate,50,1,B,MI,88274dd295fffff
261450019001007,10000,10000,1,4349734,130292,Clear Rate,50,1,B,MI,88274dd283fffff
261450019001009,10000,10000,4,4349734,130292,Clear Rate,50,1,B,MI,88274dd283fffff
261450019001010,10000,10000,26,4349734,130292,Clear Rate,50,1,B,MI,88274dd283fffff
261450019001011,10000,10000,4,4349734,130292,Clear Rate,50,1,B,MI,88274dd295fffff
261450019001012,10000,10000,8,4349734,130292,Clear Rate,50,1,B,MI,88274dd295fffff
261450019001013,10000,10000,7,4349734,130292,Clear Rate,50,1,B,MI,88274dd295fffff
261450019001014,10000,10000,1,4349734,130292,Clear Rate,50,1,B,MI,88274dd295fffff
261450019001015,10000,10000,2,4349734,130292,Clear Rate,50,1,B,MI,88274dd295fffff
261450019001018,10000,10000,3,4349734,130292,Clear Rate,50,1,B,MI,88274dd295fffff
261450019001019,10000,10000,9,4349734,130292,Clear Rate,50,1,B,MI,88274dd295fffff
261450019001020,10000,10000,6,4349734,130292,Clear Rate,50,1,B,MI,88274dd295fffff
261450019001021,10000,10000,9,4349734,130292,Clear Rate,50,1,B,MI,88274dd295fffff
261450019001022,10000,10000,6,4349734,130292,Clear Rate,50,1,B,MI,88274dd295fffff
261450019001023,10000,10000,15,4349734,130292,Clear Rate,50,1,B,MI,88274dd295fffff
261450019001024,10000,10000,13,4349734,130292,Clear Rate,50,1,B,MI,88274dd283fffff
261450019001025,10000,10000,17,4349734,130292,Clear Rate,50,1,B,MI,88274dd283fffff
261450019001026,10000,10000,37,4349734,130292,Clear Rate,50,1,B,MI,88274dd283fffff
261450019001027,10000,10000,22,4349734,130292,Clear Rate,50,1,B,MI,88274dd295fffff
261450019001028,10000,10000,12,4349734,130292,Clear Rate,50,1,B,MI,88274dd295fffff
261450019001029,10000,10000,8,4349734,130292,Clear Rate,50,1,B,MI,88274dd295fffff
261450019001030,10000,10000,9,4349734,130292,Clear Rate,50,1,B,MI,88274dd295fffff
261450019001031,10000,10000,9,4349734,130292,Clear Rate,50,1,B,MI,88274dd295fffff
261450019001032,10000,10000,12,4349734,130292,Clear Rate,50,1,B,MI,88274dd295fffff
261450019001033,10000,10000,8,4349734,130292,Clear Rate,50,1,B,MI,88274dd295fffff
261450019001034,10000,10000,10,4349734,130292,Clear Rate,50,1,B,MI,88274dd295fffff
261450019001035,10000,10000,6,4349734,130292,Clear Rate,50,1,B,MI,88274dd295fffff
261450019001036,10000,10000,5,4349734,130292,Clear Rate,50,1,B,MI,88274dd29dfffff
261450019002000,10000,10000,24,4349734,130292,Clear Rate,50,1,B,MI,88274dd283fffff
261450019002011,10000,10000,27,4349734,130292,Clear Rate,50,1,B,MI,88274dd2b9fffff
261450019002012,10000,10000,12,4349734,130292,Clear Rate,50,1,B,MI,88274dd295fffff
261450019002013,10000,10000,16,4349734,130292,Clear Rate,50,1,B,MI,88274dd295fffff
261450019002014,10000,10000,19,4349734,130292,Clear Rate,50,1,B,MI,88274dd2b9fffff
261450019002015,10000,10000,2,4349734,130292,Clear Rate,50,1,B,MI,88274dd2b9fffff
261450019002016,10000,10000,5,4349734,130292,Clear Rate,50,1,B,MI,88274dd2b9fffff
261450019002017,10000,10000,11,4349734,130292,Clear Rate,50,1,B,MI,88274dd2b9fffff
261450019002018,10000,10000,11,4349734,130292,Clear Rate,50,1,B,MI,88274dd295fffff
261450019002020,10000,10000,8,4349734,130292,Clear Rate,50,1,B,MI,88274dd295fffff
261450019002021,10000,10000,3,4349734,130292,Clear Rate,50,1,B,MI,88274dd295fffff
261476250011016,10000,10000,4,4349734,130292,Clear Rate,50,1,B,MI,882ab60e3bfffff
261476250011020,10000,10000,3,4349734,130292,Clear Rate,50,1,B,MI,882ab60e31fffff
261476250011021,10000,10000,7,4349734,130292,Clear Rate,50,1,B,MI,882ab60e31fffff
261476250011022,10000,10000,7,4349734,130292,Clear Rate,50,1,B,MI,882ab60e31fffff
261614001001000,10000,10000,10,4349734,130292,Clear Rate,50,1,B,MI,88274996cbfffff
261614001001001,10000,10000,8,4349734,130292,Clear Rate,50,1,B,MI,88274996cbfffff
261614001001002,10000,10000,6,4349734,130292,Clear Rate,50,1,B,MI,88274996cbfffff
261614001001003,10000,10000,2,4349734,130292,Clear Rate,50,1,B,MI,88274996cbfffff
261614001001009,10000,10000,18,4349734,130292,Clear Rate,50,1,B,MI,88274996c3fffff
261614001001010,10000,10000,9,4349734,130292,Clear Rate,50,1,B,MI,88274996cbfffff
261614001001011,10000,10000,5,4349734,130292,Clear Rate,50,1,B,MI,88274996cbfffff
261614001001012,10000,10000,1,4349734,130292,Clear Rate,50,1,B,MI,88274996cbfffff
261614001001013,10000,10000,6,4349734,130292,Clear Rate,50,1,B,MI,88274996cbfffff
261614001001014,10000,10000,9,4349734,130292,Clear Rate,50,1,B,MI,88274996cbfffff
261614001001015,10000,10000,3,4349734,130292,Clear Rate,50,1,B,MI,88274996cbfffff
261614001001016,10000,10000,13,4349734,130292,Clear Rate,50,1,B,MI,88274996cbfffff
261614001001017,10000,10000,15,4349734,130292,Clear Rate,50,1,B,MI,88274996cbfffff
261614001001018,10000,10000,22,4349734,130292,Clear Rate,50,1,B,MI,88274996cbfffff
261614001001019,10000,10000,13,4349734,130292,Clear Rate,50,1,B,MI,88274996cbfffff
261614001001020,10000,10000,11,4349734,130292,Clear Rate,50,1,B,MI,88274996c3fffff
261614001001023,10000,10000,2,4349734,130292,Clear Rate,50,1,B,MI,88274996cbfffff
261614001001024,10000,10000,13,4349734,130292,Clear Rate,50,1,B,MI,88274996cbfffff
261614001001025,10000,10000,5,4349734,130292,Clear Rate,50,1,B,MI,88274996ddfffff
261614001002000,10000,10000,6,4349734,130292,Clear Rate,50,1,B,MI,88274996cbfffff
261614001002001,10000,10000,11,4349734,130292,Clear Rate,50,1,B,MI,88274996cbfffff
261614001002003,10000,10000,10,4349734,130292,Clear Rate,50,1,B,MI,88274996cbfffff
261614001002004,10000,10000,14,4349734,130292,Clear Rate,50,1,B,MI,88274996cbfffff
261614001002005,10000,10000,22,4349734,130292,Clear Rate,50,1,B,MI,88274996ddfffff
261614001002006,10000,10000,11,4349734,130292,Clear Rate,50,1,B,MI,88274996cbfffff
261614007001016,10000,10000,25,4349734,130292,Clear Rate,50,1,B,MI,88274996cbfffff
261614007001017,10000,10000,6,4349734,130292,Clear Rate,50,1,B,MI,88274996cbfffff
261614008001007,10000,10000,26,4349734,130292,Clear Rate,50,1,B,MI,88274996cbfffff
261614008001008,10000,10000,19,4349734,130292,Clear Rate,50,1,B,MI,88274996cbfffff
261635119001002,10000,10000,9,4349734,130292,Clear Rate,50,1,B,MI,882ab2c503fffff
261635119001004,10000,10000,2,4349734,130292,Clear Rate,50,1,B,MI,882ab2c503fffff
261635119001006,10000,10000,10,4349734,130292,Clear Rate,50,1,B,MI,882ab2c503fffff
261635119001007,10000,10000,11,4349734,130292,Clear Rate,50,1,B,MI,882ab2c503fffff
261635119001008,10000,10000,11,4349734,130292,Clear Rate,50,1,B,MI,882ab2c503fffff
261635119001009,10000,10000,2,4349734,130292,Clear Rate,50,1,B,MI,882ab2c503fffff
261635119001010,10000,10000,1,4349734,130292,Clear Rate,50,1,B,MI,882ab2c503fffff
261635119001013,10000,10000,6,4349734,130292,Clear Rate,50,1,B,MI,882ab2c503fffff
261635119001014,10000,10000,7,4349734,130292,Clear Rate,50,1,B,MI,882ab2c503fffff
261635119001015,10000,10000,4,4349734,130292,Clear Rate,50,1,B,MI,882ab2c503fffff
261635119001018,10000,10000,8,4349734,130292,Clear Rate,50,1,B,MI,882ab2c515fffff
261635119001019,10000,10000,11,4349734,130292,Clear Rate,50,1,B,MI,882ab2c515fffff
261635119002029,10000,10000,1,4349734,130292,Clear Rate,50,1,B,MI,882ab2c50bfffff
261635119002030,10000,10000,1,4349734,130292,Clear Rate,50,1,B,MI,882ab2c501fffff
261635119002031,10000,10000,1,4349734,130292,Clear Rate,50,1,B,MI,882ab2c503fffff
261635119002032,10000,10000,13,4349734,130292,Clear Rate,50,1,B,MI,882ab2c501fffff
261635119002033,10000,10000,10,4349734,130292,Clear Rate,50,1,B,MI,882ab2c503fffff
261635119002034,10000,10000,3,4349734,130292,Clear Rate,50,1,B,MI,882ab2c50bfffff
261635119002035,10000,10000,4,4349734,130292,Clear Rate,50,1,B,MI,882ab2c503fffff
261635119002036,10000,10000,6,4349734,130292,Clear Rate,50,1,B,MI,882ab2c503fffff
261635119002037,10000,10000,2,4349734,130292,Clear Rate,50,1,B,MI,882ab2c503fffff
261635119002038,10000,10000,7,4349734,130292,Clear Rate,50,1,B,MI,882ab2c503fffff
261635119002039,10000,10000,1,4349734,130292,Clear Rate,50,1,B,MI,882ab2c503fffff
261635119002040,10000,10000,17,4349734,130292,Clear Rate,50,1,B,MI,882ab2c503fffff
261635119002041,10000,10000,6,4349734,130292,Clear Rate,50,1,B,MI,882ab2c503fffff
261635172001008,10000,10000,2,4349734,130292,Clear Rate,50,1,B,MI,882ab2c5ebfffff
261635172001009,10000,10000,1,4349734,130292,Clear Rate,50,1,B,MI,882ab2c5ebfffff
261635172001023,10000,10000,3,4349734,130292,Clear Rate,50,1,B,MI,882ab2c5ebfffff
261635172001030,10000,10000,1,4349734,130292,Clear Rate,50,1,B,MI,882ab2c5c7fffff
261635172001040,10000,10000,9,4349734,130292,Clear Rate,50,1,B,MI,882ab2c58dfffff
261635173001003,10000,10000,6,4349734,130292,Clear Rate,50,1,B,MI,882ab2c513fffff
261635173001004,10000,10000,3,4349734,130292,Clear Rate,50,1,B,MI,882ab2c513fffff
261635173001005,10000,10000,2,4349734,130292,Clear Rate,50,1,B,MI,882ab2c513fffff
261635173001006,10000,10000,2,4349734,130292,Clear Rate,50,1,B,MI,882ab2c5c5fffff
261635173001007,10000,10000,5,4349734,130292,Clear Rate,50,1,B,MI,882ab2c5c5fffff
261635173001008,10000,10000,3,4349734,130292,Clear Rate,50,1,B,MI,882ab2c513fffff
261635173001014,10000,10000,1,4349734,130292,Clear Rate,50,1,B,MI,882ab2c5c5fffff
261635173001015,10000,10000,2,4349734,130292,Clear Rate,50,1,B,MI,882ab2c5c5fffff
261635173001016,10000,10000,2,4349734,130292,Clear Rate,50,1,B,MI,882ab2c5c5fffff
261635173001017,10000,10000,1,4349734,130292,Clear Rate,50,1,B,MI,882ab2c5c5fffff
261635173002000,10000,10000,10,4349734,130292,Clear Rate,50,1,B,MI,882ab2c513fffff
261635173002001,10000,10000,22,4349734,130292,Clear Rate,50,1,B,MI,882ab2c513fffff
261635173002002,10000,10000,1,4349734,130292,Clear Rate,50,1,B,MI,882ab2c5e9fffff
261635173002003,10000,10000,3,4349734,130292,Clear Rate,50,1,B,MI,882ab2c5e9fffff
261635173002004,10000,10000,20,4349734,130292,Clear Rate,50,1,B,MI,882ab2c5e9fffff
261635173002005,10000,10000,13,4349734,130292,Clear Rate,50,1,B,MI,882ab2c5e9fffff
261635173002006,10000,10000,28,4349734,130292,Clear Rate,50,1,B,MI,882ab2c5e9fffff
261635173002007,10000,10000,8,4349734,130292,Clear Rate,50,1,B,MI,882ab2c5c5fffff
261635173002008,10000,10000,14,4349734,130292,Clear Rate,50,1,B,MI,882ab2c5c5fffff
261635173002009,10000,10000,8,4349734,130292,Clear Rate,50,1,B,MI,882ab2c5c5fffff
261635173002010,10000,10000,7,4349734,130292,Clear Rate,50,1,B,MI,882ab2c5e9fffff
261635173002011,10000,10000,44,4349734,130292,Clear Rate,50,1,B,MI,882ab2c5ebfffff
261635173002012,10000,10000,96,4349734,130292,Clear Rate,50,1,B,MI,882ab2c5ebfffff
261635173002013,10000,10000,7,4349734,130292,Clear Rate,50,1,B,MI,882ab2c5c5fffff
261635173002014,10000,10000,2,4349734,130292,Clear Rate,50,1,B,MI,882ab2c5c5fffff
261635173002016,10000,10000,59,4349734,130292,Clear Rate,50,1,B,MI,882ab2c5ebfffff
261635175001002,10000,10000,15,4349734,130292,Clear Rate,50,1,B,MI,882ab2c513fffff
261635175001004,10000,10000,3,4349734,130292,Clear Rate,50,1,B,MI,882ab2c511fffff
261635175001005,10000,10000,2,4349734,130292,Clear Rate,50,1,B,MI,882ab2c517fffff
261635175001007,10000,10000,9,4349734,130292,Clear Rate,50,1,B,MI,882ab2c513fffff
261635175001010,10000,10000,14,4349734,130292,Clear Rate,50,1,B,MI,882ab2c513fffff
261635175001016,10000,10000,8,4349734,130292,Clear Rate,50,1,B,MI,882ab2c513fffff
261635175001018,10000,10000,1,4349734,130292,Clear Rate,50,1,B,MI,882ab2c517fffff
261635175001019,10000,10000,1,4349734,130292,Clear Rate,50,1,B,MI,882ab2c5e9fffff
261635175002000,10000,10000,1,4349734,130292,Clear Rate,50,1,B,MI,882ab2c517fffff
261635175002001,10000,10000,1,4349734,130292,Clear Rate,50,1,B,MI,882ab2c517fffff
261635175002002,10000,10000,4,4349734,130292,Clear Rate,50,1,B,MI,882ab2c517fffff
261635175002003,10000,10000,7,4349734,130292,Clear Rate,50,1,B,MI,882ab2c517fffff
261635175002004,10000,10000,8,4349734,130292,Clear Rate,50,1,B,MI,882ab2c517fffff
261635175002005,10000,10000,4,4349734,130292,Clear Rate,50,1,B,MI,882ab2c517fffff
261635175002006,10000,10000,8,4349734,130292,Clear Rate,50,1,B,MI,882ab2c517fffff
261635175002007,10000,10000,24,4349734,130292,Clear Rate,50,1,B,MI,882ab2c5e9fffff
261635180001001,10000,10000,13,4349734,130292,Clear Rate,50,1,B,MI,882ab2c515fffff
261635180001003,10000,10000,10,4349734,130292,Clear Rate,50,1,B,MI,882ab2c515fffff
261635180001004,10000,10000,2,4349734,130292,Clear Rate,50,1,B,MI,882ab2c515fffff
261635180002015,10000,10000,1,4349734,130292,Clear Rate,50,1,B,MI,882ab2c515fffff
261635180002016,10000,10000,23,4349734,130292,Clear Rate,50,1,B,MI,882ab2c515fffff
261635180002017,10000,10000,30,4349734,130292,Clear Rate,50,1,B,MI,882ab2c515fffff
261635180002020,10000,10000,1,4349734,130292,Clear Rate,50,1,B,MI,882ab2c515fffff
261635180002021,10000,10000,2,4349734,130292,Clear Rate,50,1,B,MI,882ab2c515fffff
261635180002028,10000,10000,2,4349734,130292,Clear Rate,50,1,B,MI,882ab2c515fffff
261635180002029,10000,10000,1,4349734,130292,Clear Rate,50,1,B,MI,882ab2c517fffff
261635202001002,10000,10000,6,4349734,130292,Clear Rate,50,1,B,MI,882ab2c517fffff
261635202001007,10000,10000,3,4349734,130292,Clear Rate,50,1,B,MI,882ab2c53bfffff
261635202001009,10000,10000,20,4349734,130292,Clear Rate,50,1,B,MI,882ab2c53bfffff
261635202001010,10000,10000,11,4349734,130292,Clear Rate,50,1,B,MI,882ab2c517fffff
261635202001013,10000,10000,9,4349734,130292,Clear Rate,50,1,B,MI,882ab2c517fffff
261635202002004,10000,10000,9,4349734,130292,Clear Rate,50,1,B,MI,882ab2c515fffff
261635202002008,10000,10000,2,4349734,130292,Clear Rate,50,1,B,MI,882ab2c515fffff
261635203001000,10000,10000,10,4349734,130292,Clear Rate,50,1,B,MI,882ab2c517fffff
261635203001001,10000,10000,12,4349734,130292,Clear Rate,50,1,B,MI,882ab2c5e9fffff
261635203001002,10000,10000,9,4349734,130292,Clear Rate,50,1,B,MI,882ab2c5e9fffff
261635203001003,10000,10000,3,4349734,130292,Clear Rate,50,1,B,MI,882ab2c5e9fffff
261635203001005,10000,10000,3,4349734,130292,Clear Rate,50,1,B,MI,882ab2c5e9fffff
261635203001006,10000,10000,11,4349734,130292,Clear Rate,50,1,B,MI,882ab2c5e9fffff
261635203001007,10000,10000,7,4349734,130292,Clear Rate,50,1,B,MI,882ab2c5e9fffff
261635203002000,10000,10000,21,4349734,130292,Clear Rate,50,1,B,MI,882ab2c517fffff
261635203002001,10000,10000,14,4349734,130292,Clear Rate,50,1,B,MI,882ab2c517fffff
261635203002002,10000,10000,42,4349734,130292,Clear Rate,50,1,B,MI,882ab2c517fffff
261635203002003,10000,10000,26,4349734,130292,Clear Rate,50,1,B,MI,882ab2c517fffff
261635203003000,10000,10000,2,4349734,130292,Clear Rate,50,1,B,MI,882ab2c517fffff
261635203003002,10000,10000,4,4349734,130292,Clear Rate,50,1,B,MI,882ab2c517fffff
261635203003004,10000,10000,29,4349734,130292,Clear Rate,50,1,B,MI,882ab2c517fffff
261635203003005,10000,10000,17,4349734,130292,Clear Rate,50,1,B,MI,882ab2c517fffff
261635204001000,10000,10000,16,4349734,130292,Clear Rate,50,1,B,MI,882ab2c517fffff
261635204001001,10000,10000,19,4349734,130292,Clear Rate,50,1,B,MI,882ab2c517fffff
261635204001002,10000,10000,20,4349734,130292,Clear Rate,50,1,B,MI,882ab2c5edfffff
261635204002000,10000,10000,16,4349734,130292,Clear Rate,50,1,B,MI,882ab2c5edfffff
261635204002001,10000,10000,5,4349734,130292,Clear Rate,50,1,B,MI,882ab2c5edfffff
261635204002003,10000,10000,2,4349734,130292,Clear Rate,50,1,B,MI,882ab2c5e1fffff
261635204002004,10000,10000,16,4349734,130292,Clear Rate,50,1,B,MI,882ab2c5e1fffff
261635204003000,10000,10000,13,4349734,130292,Clear Rate,50,1,B,MI,882ab2c5edfffff
261635204003002,10000,10000,8,4349734,130292,Clear Rate,50,1,B,MI,882ab2c5edfffff
261635204003003,10000,10000,3,4349734,130292,Clear Rate,50,1,B,MI,882ab2c5edfffff
261635204003004,10000,10000,12,4349734,130292,Clear Rate,50,1,B,MI,882ab2c5edfffff
261635204003005,10000,10000,11,4349734,130292,Clear Rate,50,1,B,MI,882ab2c5edfffff
261635204003006,10000,10000,4,4349734,130292,Clear Rate,50,1,B,MI,882ab2c5edfffff
261635204003007,10000,10000,1,4349734,130292,Clear Rate,50,1,B,MI,882ab2c5edfffff
261635204003008,10000,10000,8,4349734,130292,Clear Rate,50,1,B,MI,882ab2c5edfffff
261635204003009,10000,10000,11,4349734,130292,Clear Rate,50,1,B,MI,882ab2c5edfffff
261635204003010,10000,10000,25,4349734,130292,Clear Rate,50,1,B,MI,882ab2c5edfffff
261635207001000,10000,10000,9,4349734,130292,Clear Rate,50,1,B,MI,882ab2c58dfffff
261635207001002,10000,10000,9,4349734,130292,Clear Rate,50,1,B,MI,882ab2c58dfffff
261635207001004,10000,10000,4,4349734,130292,Clear Rate,50,1,B,MI,882ab2c58dfffff
261635207001005,10000,10000,1,4349734,130292,Clear Rate,50,1,B,MI,882ab2c58dfffff
261635207001006,10000,10000,1,4349734,130292,Clear Rate,50,1,B,MI,882ab2c58dfffff
261635207001009,10000,10000,3,4349734,130292,Clear Rate,50,1,B,MI,882ab2c58dfffff
261635207001011,10000,10000,31,4349734,130292,Clear Rate,50,1,B,MI,882ab2c58dfffff
261635207001012,10000,10000,5,4349734,130292,Clear Rate,50,1,B,MI,882ab2c58dfffff
261635207001013,10000,10000,2,4349734,130292,Clear Rate,50,1,B,MI,882ab2c58dfffff
261635207002000,10000,10000,1,4349734,130292,Clear Rate,50,1,B,MI,882ab2c5ebfffff
261635207002001,10000,10000,4,4349734,130292,Clear Rate,50,1,B,MI,882ab2c58dfffff
261635207002003,10000,10000,1,4349734,130292,Clear Rate,50,1,B,MI,882ab2c5ebfffff
261635207002004,10000,10000,2,4349734,130292,Clear Rate,50,1,B,MI,882ab2c5ebfffff
261635207002006,10000,10000,1,4349734,130292,Clear Rate,50,1,B,MI,882ab2c5ebfffff
261635207002007,10000,10000,3,4349734,130292,Clear Rate,50,1,B,MI,882ab2c58dfffff
261635207002008,10000,10000,1,4349734,130292,Clear Rate,50,1,B,MI,882ab2c58dfffff
261635207002009,10000,10000,9,4349734,130292,Clear Rate,50,1,B,MI,882ab2c58dfffff
261635207002010,10000,10000,3,4349734,130292,Clear Rate,50,1,B,MI,882ab2c58dfffff
261635207002012,10000,10000,1,4349734,130292,Clear Rate,50,1,B,MI,882ab2c58dfffff
261635207003002,10000,10000,2,4349734,130292,Clear Rate,50,1,B,MI,882ab2c5ebfffff
261635207003003,10000,10000,4,4349734,130292,Clear Rate,50,1,B,MI,882ab2c5ebfffff
261635207003004,10000,10000,2,4349734,130292,Clear Rate,50,1,B,MI,882ab2c5ebfffff
261635207003005,10000,10000,1,4349734,130292,Clear Rate,50,1,B,MI,882ab2c5ebfffff
261635207003009,10000,10000,3,4349734,130292,Clear Rate,50,1,B,MI,882ab2c5ebfffff
261635207003011,10000,10000,1,4349734,130292,Clear Rate,50,1,B,MI,882ab2c5ebfffff
261635207003013,10000,10000,1,4349734,130292,Clear Rate,50,1,B,MI,882ab2c5ebfffff
261635207003014,10000,10000,4,4349734,130292,Clear Rate,50,1,B,MI,882ab2c5ebfffff
261635207003015,10000,10000,5,4349734,130292,Clear Rate,50,1,B,MI,882ab2c5ebfffff
261635207003016,10000,10000,2,4349734,130292,Clear Rate,50,1,B,MI,882ab2c5ebfffff
261635207003019,10000,10000,1,4349734,130292,Clear Rate,50,1,B,MI,882ab2c5ebfffff
261635207004001,10000,10000,1,4349734,130292,Clear Rate,50,1,B,MI,882ab2c5ebfffff
261635207004002,10000,10000,1,4349734,130292,Clear Rate,50,1,B,MI,882ab2c5ebfffff
261635207004003,10000,10000,1,4349734,130292,Clear Rate,50,1,B,MI,882ab2c5e3fffff
261635207004006,10000,10000,1,4349734,130292,Clear Rate,50,1,B,MI,882ab2c5e3fffff
261635207004007,10000,10000,1,4349734,130292,Clear Rate,50,1,B,MI,882ab2c5ebfffff
261635207004008,10000,10000,1,4349734,130292,Clear Rate,50,1,B,MI,882ab2c5e3fffff
261635207004009,10000,10000,1,4349734,130292,Clear Rate,50,1,B,MI,882ab2c5e3fffff
261635207004012,10000,10000,1,4349734,130292,Clear Rate,50,1,B,MI,882ab2c58dfffff
261635207004014,10000,10000,1,4349734,130292,Clear Rate,50,1,B,MI,882ab2c58dfffff
261635207004015,10000,10000,3,4349734,130292,Clear Rate,50,1,B,MI,882ab2c58dfffff
261635208001002,10000,10000,1,4349734,130292,Clear Rate,50,1,B,MI,882ab2c58dfffff
261635208001003,10000,10000,3,4349734,130292,Clear Rate,50,1,B,MI,882ab2c58dfffff
261635208001004,10000,10000,1,4349734,130292,Clear Rate,50,1,B,MI,882ab2c58dfffff
261635208001006,10000,10000,5,4349734,130292,Clear Rate,50,1,B,MI,882ab2c58dfffff
261635208001007,10000,10000,2,4349734,130292,Clear Rate,50,1,B,MI,882ab2c58dfffff
261635208001008,10000,10000,2,4349734,130292,Clear Rate,50,1,B,MI,882ab2c58dfffff
261635208001010,10000,10000,2,4349734,130292,Clear Rate,50,1,B,MI,882ab2c5e3fffff
261635208001012,10000,10000,4,4349734,130292,Clear Rate,50,1,B,MI,882ab2c58dfffff
261635208001015,10000,10000,2,4349734,130292,Clear Rate,50,1,B,MI,882ab2c58dfffff
261635208001016,10000,10000,4,4349734,130292,Clear Rate,50,1,B,MI,882ab2c58dfffff
261635208001017,10000,10000,1,4349734,130292,Clear Rate,50,1,B,MI,882ab2c58dfffff
261635208001019,10000,10000,1,4349734,130292,Clear Rate,50,1,B,MI,882ab2c58dfffff
261635208001020,10000,10000,3,4349734,130292,Clear Rate,50,1,B,MI,882ab2c58dfffff
261635208001024,10000,10000,1,4349734,130292,Clear Rate,50,1,B,MI,882ab2c58dfffff
261635208001025,10000,10000,1,4349734,130292,Clear Rate,50,1,B,MI,882ab2c58dfffff
261635208001026,10000,10000,2,4349734,130292,Clear Rate,50,1,B,MI,882ab2c58dfffff
261635208001028,10000,10000,1,4349734,130292,Clear Rate,50,1,B,MI,882ab2c589fffff
261635208001029,10000,10000,2,4349734,130292,Clear Rate,50,1,B,MI,882ab2c58dfffff
261635208001030,10000,10000,1,4349734,130292,Clear Rate,50,1,B,MI,882ab2c58dfffff
261635208001032,10000,10000,1,4349734,130292,Clear Rate,50,1,B,MI,882ab2c58dfffff
261635208001033,10000,10000,2,4349734,130292,Clear Rate,50,1,B,MI,882ab2c58dfffff
261635208001034,10000,10000,4,4349734,130292,Clear Rate,50,1,B,MI,882ab2c58dfffff
261635208001036,10000,10000,2,4349734,130292,Clear Rate,50,1,B,MI,882ab2c581fffff
261635208001039,10000,10000,1,4349734,130292,Clear Rate,50,1,B,MI,882ab2c581fffff
261635208001040,10000,10000,8,4349734,130292,Clear Rate,50,1,B,MI,882ab2c585fffff
261635208001047,10000,10000,1,4349734,130292,Clear Rate,50,1,B,MI,882ab2c585fffff
261635208001049,10000,10000,1,4349734,130292,Clear Rate,50,1,B,MI,882ab2c58dfffff
261635208001054,10000,10000,3,4349734,130292,Clear Rate,50,1,B,MI,882ab2c58dfffff
261635208001058,10000,10000,4,4349734,130292,Clear Rate,50,1,B,MI,882ab2c5e3fffff
261635208001060,10000,10000,1,4349734,130292,Clear Rate,50,1,B,MI,882ab2c585fffff
261635208001061,10000,10000,3,4349734,130292,Clear Rate,50,1,B,MI,882ab2c585fffff
261635208001064,10000,10000,1,4349734,130292,Clear Rate,50,1,B,MI,882ab2c585fffff
261635208001070,10000,10000,2,4349734,130292,Clear Rate,50,1,B,MI,882ab2c585fffff
261635208001072,10000,10000,3,4349734,130292,Clear Rate,50,1,B,MI,882ab2c585fffff
261635208001073,10000,10000,4,4349734,130292,Clear Rate,50,1,B,MI,882ab2c585fffff
261635208001074,10000,10000,3,4349734,130292,Clear Rate,50,1,B,MI,882ab2c585fffff
261635208001075,10000,10000,1,4349734,130292,Clear Rate,50,1,B,MI,882ab2c585fffff
261635208001076,10000,10000,2,4349734,130292,Clear Rate,50,1,B,MI,882ab2c585fffff
261635208001082,10000,10000,4,4349734,130292,Clear Rate,50,1,B,MI,882ab2c58dfffff
261635211001002,10000,10000,14,4349734,130292,Clear Rate,50,1,B,MI,882ab2c5a5fffff
261635211001003,10000,10000,18,4349734,130292,Clear Rate,50,1,B,MI,882ab2c5a5fffff
261635211001004,10000,10000,1,4349734,130292,Clear Rate,50,1,B,MI,882ab2ced3fffff
261635211001005,10000,10000,1,4349734,130292,Clear Rate,50,1,B,MI,882ab2c5adfffff
261635211001006,10000,10000,3,4349734,130292,Clear Rate,50,1,B,MI,882ab2c5a5fffff
261635211001011,10000,10000,40,4349734,130292,Clear Rate,50,1,B,MI,882ab2c5a5fffff
261635211001012,10000,10000,44,4349734,130292,Clear Rate,50,1,B,MI,882ab2c5a5fffff
261635211001013,10000,10000,7,4349734,130292,Clear Rate,50,1,B,MI,882ab2c5a5fffff
261635211001014,10000,10000,17,4349734,130292,Clear Rate,50,1,B,MI,882ab2c5a5fffff
261635211001015,10000,10000,7,4349734,130292,Clear Rate,50,1,B,MI,882ab2c5a5fffff
261635211001016,10000,10000,3,4349734,130292,Clear Rate,50,1,B,MI,882ab2c5a5fffff
261635211001017,10000,10000,22,4349734,130292,Clear Rate,50,1,B,MI,882ab2c5a5fffff
261635211001018,10000,10000,29,4349734,130292,Clear Rate,50,1,B,MI,882ab2c5a5fffff
261635211001019,10000,10000,6,4349734,130292,Clear Rate,50,1,B,MI,882ab2c5a5fffff
261635211001020,10000,10000,1,4349734,130292,Clear Rate,50,1,B,MI,882ab2c5a5fffff
261635211001021,10000,10000,10,4349734,130292,Clear Rate,50,1,B,MI,882ab2c5a5fffff
261635211001022,10000,10000,17,4349734,130292,Clear Rate,50,1,B,MI,882ab2c5a5fffff
261635211001023,10000,10000,16,4349734,130292,Clear Rate,50,1,B,MI,882ab2c5a5fffff
261635211001024,10000,10000,10,4349734,130292,Clear Rate,50,1,B,MI,882ab2c5a5fffff
261635211002002,10000,10000,1,4349734,130292,Clear Rate,50,1,B,MI,882ab2c5adfffff
261635211002003,10000,10000,1,4349734,130292,Clear Rate,50,1,B,MI,882ab2c5adfffff
261635211002008,10000,10000,2,4349734,130292,Clear Rate,50,1,B,MI,882ab2c5adfffff
261635211002009,10000,10000,2,4349734,130292,Clear Rate,50,1,B,MI,882ab2c5adfffff
261635211002010,10000,10000,2,4349734,130292,Clear Rate,50,1,B,MI,882ab2c5adfffff
261635211002011,10000,10000,6,4349734,130292,Clear Rate,50,1,B,MI,882ab2c5adfffff
261635211002012,10000,10000,2,4349734,130292,Clear Rate,50,1,B,MI,882ab2c5adfffff
261635211002013,10000,10000,1,4349734,130292,Clear Rate,50,1,B,MI,882ab2c5adfffff
261635211002014,10000,10000,18,4349734,130292,Clear Rate,50,1,B,MI,882ab2c5adfffff
261635211002015,10000,10000,5,4349734,130292,Clear Rate,50,1,B,MI,882ab2c5adfffff
261635211002016,10000,10000,22,4349734,130292,Clear Rate,50,1,B,MI,882ab2c5a1fffff
261635211002017,10000,10000,38,4349734,130292,Clear Rate,50,1,B,MI,882ab2c5adfffff
261635211002018,10000,10000,17,4349734,130292,Clear Rate,50,1,B,MI,882ab2c5adfffff
261635211002019,10000,10000,27,4349734,130292,Clear Rate,50,1,B,MI,882ab2c5adfffff
261635211002020,10000,10000,1,4349734,130292,Clear Rate,50,1,B,MI,882ab2c5adfffff
261635211002021,10000,10000,34,4349734,130292,Clear Rate,50,1,B,MI,882ab2c5a1fffff
261635211002022,10000,10000,9,4349734,130292,Clear Rate,50,1,B,MI,882ab2c5a1fffff
261635211002024,10000,10000,12,4349734,130292,Clear Rate,50,1,B,MI,882ab2c5a1fffff
261635211002025,10000,10000,8,4349734,130292,Clear Rate,50,1,B,MI,882ab2c5a1fffff
261635211002026,10000,10000,5,4349734,130292,Clear Rate,50,1,B,MI,882ab2c5a1fffff
261635211002027,10000,10000,41,4349734,130292,Clear Rate,50,1,B,MI,882ab2c5a1fffff
261635211002032,10000,10000,1,4349734,130292,Clear Rate,50,1,B,MI,882ab2c5a1fffff
261635214001007,10000,10000,3,4349734,130292,Clear Rate,50,1,B,MI,882ab2c5e7fffff
261635214001009,10000,10000,16,4349734,130292,Clear Rate,50,1,B,MI,882ab2c5adfffff
261635214001014,10000,10000,5,4349734,130292,Clear Rate,50,1,B,MI,882ab2c5e7fffff
261635214001015,10000,10000,2,4349734,130292,Clear Rate,50,1,B,MI,882ab2c5e7fffff
261635214001016,10000,10000,1,4349734,130292,Clear Rate,50,1,B,MI,882ab2c5e7fffff
261635214001018,10000,10000,4,4349734,130292,Clear Rate,50,1,B,MI,882ab2c5e7fffff
261635214001019,10000,10000,3,4349734,130292,Clear Rate,50,1,B,MI,882ab2c5e7fffff
261635214001020,10000,10000,15,4349734,130292,Clear Rate,50,1,B,MI,882ab2c5e7fffff
261635214001022,10000,10000,2,4349734,130292,Clear Rate,50,1,B,MI,882ab2c5e7fffff
261635214001024,10000,10000,9,4349734,130292,Clear Rate,50,1,B,MI,882ab2c5e7fffff
261635214001025,10000,10000,13,4349734,130292,Clear Rate,50,1,B,MI,882ab2c5a9fffff
261635214001026,10000,10000,2,4349734,130292,Clear Rate,50,1,B,MI,882ab2c5e3fffff
261635214001027,10000,10000,10,4349734,130292,Clear Rate,50,1,B,MI,882ab2c5a9fffff
261635214001028,10000,10000,19,4349734,130292,Clear Rate,50,1,B,MI,882ab2c5e7fffff
261635214001029,10000,10000,13,4349734,130292,Clear Rate,50,1,B,MI,882ab2c5a9fffff
261635214001030,10000,10000,1,4349734,130292,Clear Rate,50,1,B,MI,882ab2c5a9fffff
261635214001032,10000,10000,15,4349734,130292,Clear Rate,50,1,B,MI,882ab2c5a9fffff
261635214001033,10000,10000,21,4349734,130292,Clear Rate,50,1,B,MI,882ab2c5a9fffff
261635214001034,10000,10000,33,4349734,130292,Clear Rate,50,1,B,MI,882ab2c5a9fffff
261635214001035,10000,10000,18,4349734,130292,Clear Rate,50,1,B,MI,882ab2c5a9fffff
261635214001038,10000,10000,4,4349734,130292,Clear Rate,50,1,B,MI,882ab2c5adfffff
261635214001040,10000,10000,1,4349734,130292,Clear Rate,50,1,B,MI,882ab2c5adfffff
261635214001041,10000,10000,1,4349734,130292,Clear Rate,50,1,B,MI,882ab2c5adfffff
261635214001043,10000,10000,11,4349734,130292,Clear Rate,50,1,B,MI,882ab2c5a9fffff
261635214001044,10000,10000,2,4349734,130292,Clear Rate,50,1,B,MI,882ab2c5a9fffff
261635214001046,10000,10000,18,4349734,130292,Clear Rate,50,1,B,MI,882ab2c5a9fffff
261635214001047,10000,10000,1,4349734,130292,Clear Rate,50,1,B,MI,882ab2c5a9fffff
261635214002002,10000,10000,3,4349734,130292,Clear Rate,50,1,B,MI,882ab2c5e3fffff
261635214002003,10000,10000,1,4349734,130292,Clear Rate,50,1,B,MI,882ab2c5e3fffff
261635214002004,10000,10000,1,4349734,130292,Clear Rate,50,1,B,MI,882ab2c5e3fffff
261635214002005,10000,10000,2,4349734,130292,Clear Rate,50,1,B,MI,882ab2c5e3fffff
261635214002007,10000,10000,4,4349734,130292,Clear Rate,50,1,B,MI,882ab2c5e3fffff
261635214002008,10000,10000,3,4349734,130292,Clear Rate,50,1,B,MI,882ab2c5e3fffff
261635214002009,10000,10000,5,4349734,130292,Clear Rate,50,1,B,MI,882ab2c5e3fffff
261635214002010,10000,10000,4,4349734,130292,Clear Rate,50,1,B,MI,882ab2c5e3fffff
261635214002011,10000,10000,2,4349734,130292,Clear Rate,50,1,B,MI,882ab2c5e3fffff
261635214002012,10000,10000,6,4349734,130292,Clear Rate,50,1,B,MI,882ab2c5e3fffff
261635214002013,10000,10000,1,4349734,130292,Clear Rate,50,1,B,MI,882ab2c5e3fffff
261635214002014,10000,10000,2,4349734,130292,Clear Rate,50,1,B,MI,882ab2c5e3fffff
261635214002016,10000,10000,28,4349734,130292,Clear Rate,50,1,B,MI,882ab2c5e3fffff
261635214002017,10000,10000,21,4349734,130292,Clear Rate,50,1,B,MI,882ab2c5e3fffff
261635214002018,10000,10000,20,4349734,130292,Clear Rate,50,1,B,MI,882ab2c5e3fffff
261635214002019,10000,10000,6,4349734,130292,Clear Rate,50,1,B,MI,882ab2c5e3fffff
261635214002020,10000,10000,13,4349734,130292,Clear Rate,50,1,B,MI,882ab2c5e3fffff
261635214002021,10000,10000,7,4349734,130292,Clear Rate,50,1,B,MI,882ab2c5e3fffff
261635214002022,10000,10000,5,4349734,130292,Clear Rate,50,1,B,MI,882ab2c5e3fffff
261635214002023,10000,10000,7,4349734,130292,Clear Rate,50,1,B,MI,882ab2c5a9fffff
261635225001000,10000,10000,3,4349734,130292,Clear Rate,50,1,B,MI,882ab2c5e9fffff
261635225001001,10000,10000,9,4349734,130292,Clear Rate,50,1,B,MI,882ab2c5e9fffff
261635225001002,10000,10000,8,4349734,130292,Clear Rate,50,1,B,MI,882ab2c5e9fffff
261635225001003,10000,10000,4,4349734,130292,Clear Rate,50,1,B,MI,882ab2c5e9fffff
261635225001004,10000,10000,4,4349734,130292,Clear Rate,50,1,B,MI,882ab2c5e9fffff
261635225001005,10000,10000,29,4349734,130292,Clear Rate,50,1,B,MI,882ab2c5e9fffff
261635225001006,10000,10000,4,4349734,130292,Clear Rate,50,1,B,MI,882ab2c5e9fffff
261635225001007,10000,10000,2,4349734,130292,Clear Rate,50,1,B,MI,882ab2c5ebfffff
261635225001008,10000,10000,2,4349734,130292,Clear Rate,50,1,B,MI,882ab2c5ebfffff
261635225001009,10000,10000,6,4349734,130292,Clear Rate,50,1,B,MI,882ab2c5e9fffff
261635225001010,10000,10000,8,4349734,130292,Clear Rate,50,1,B,MI,882ab2c5ebfffff
261635225001011,10000,10000,1,4349734,130292,Clear Rate,50,1,B,MI,882ab2c5ebfffff
261635225001012,10000,10000,2,4349734,130292,Clear Rate,50,1,B,MI,882ab2c5ebfffff
261635225001015,10000,10000,1,4349734,130292,Clear Rate,50,1,B,MI,882ab2c5ebfffff
261635225001016,10000,10000,1,4349734,130292,Clear Rate,50,1,B,MI,882ab2c5ebfffff
261635225001017,10000,10000,1,4349734,130292,Clear Rate,50,1,B,MI,882ab2c5ebfffff
261635225001019,10000,10000,2,4349734,130292,Clear Rate,50,1,B,MI,882ab2c5ebfffff
261635225001024,10000,10000,1,4349734,130292,Clear Rate,50,1,B,MI,882ab2c5ebfffff
261635225001025,10000,10000,8,4349734,130292,Clear Rate,50,1,B,MI,882ab2c5ebfffff
261635225002000,10000,10000,3,4349734,130292,Clear Rate,50,1,B,MI,882ab2c5e1fffff
261635225002001,10000,10000,1,4349734,130292,Clear Rate,50,1,B,MI,882ab2c5e1fffff
261635225002004,10000,10000,5,4349734,130292,Clear Rate,50,1,B,MI,882ab2c5e1fffff
261635225002006,10000,10000,5,4349734,130292,Clear Rate,50,1,B,MI,882ab2c5e1fffff
261635225002007,10000,10000,4,4349734,130292,Clear Rate,50,1,B,MI,882ab2c5e1fffff
261635225002008,10000,10000,4,4349734,130292,Clear Rate,50,1,B,MI,882ab2c5e1fffff
261635225002009,10000,10000,1,4349734,130292,Clear Rate,50,1,B,MI,882ab2c5e1fffff
261635225002010,10000,10000,3,4349734,130292,Clear Rate,50,1,B,MI,882ab2c5e1fffff
261635225002011,10000,10000,5,4349734,130292,Clear Rate,50,1,B,MI,882ab2c5e1fffff
261635225002013,10000,10000,3,4349734,130292,Clear Rate,50,1,B,MI,882ab2c5e1fffff
261635225002014,10000,10000,5,4349734,130292,Clear Rate,50,1,B,MI,882ab2c5e1fffff
261635225002017,10000,10000,4,4349734,130292,Clear Rate,50,1,B,MI,882ab2c5e1fffff
261635225002019,10000,10000,3,4349734,130292,Clear Rate,50,1,B,MI,882ab2c5e1fffff
261635225002020,10000,10000,1,4349734,130292,Clear Rate,50,1,B,MI,882ab2c5e1fffff
261635225002022,10000,10000,4,4349734,130292,Clear Rate,50,1,B,MI,882ab2c5ebfffff
261635225002024,10000,10000,3,4349734,130292,Clear Rate,50,1,B,MI,882ab2c5e3fffff
261635225002025,10000,10000,3,4349734,130292,Clear Rate,50,1,B,MI,882ab2c5e3fffff
261635225002026,10000,10000,3,4349734,130292,Clear Rate,50,1,B,MI,882ab2c5e1fffff
261635225002028,10000,10000,3,4349734,130292,Clear Rate,50,1,B,MI,882ab2c5e1fffff
261635225002031,10000,10000,1,4349734,130292,Clear Rate,50,1,B,MI,882ab2c5e1fffff
261635225002032,10000,10000,1,4349734,130292,Clear Rate,50,1,B,MI,882ab2c5e1fffff
261635228001007,10000,10000,1,4349734,130292,Clear Rate,50,1,B,MI,882ab2ced1fffff
261635228001010,10000,10000,2,4349734,130292,Clear Rate,50,1,B,MI,882ab2ced1fffff
261635228001011,10000,10000,5,4349734,130292,Clear Rate,50,1,B,MI,882ab2ced1fffff
261635228001012,10000,10000,12,4349734,130292,Clear Rate,50,1,B,MI,882ab2ced1fffff
261635228001013,10000,10000,8,4349734,130292,Clear Rate,50,1,B,MI,882ab2ced1fffff
261635228001022,10000,10000,15,4349734,130292,Clear Rate,50,1,B,MI,882ab2ced3fffff
261635228001023,10000,10000,5,4349734,130292,Clear Rate,50,1,B,MI,882ab2ced3fffff
261635228001024,10000,10000,5,4349734,130292,Clear Rate,50,1,B,MI,882ab2ced3fffff
261635228001025,10000,10000,8,4349734,130292,Clear Rate,50,1,B,MI,882ab2ced3fffff
261635228001026,10000,10000,14,4349734,130292,Clear Rate,50,1,B,MI,882ab2ced1fffff
261635228001029,10000,10000,17,4349734,130292,Clear Rate,50,1,B,MI,882ab2cedbfffff
261635228001030,10000,10000,11,4349734,130292,Clear Rate,50,1,B,MI,882ab2cedbfffff
261635228001031,10000,10000,15,4349734,130292,Clear Rate,50,1,B,MI,882ab2cedbfffff
261635228001032,10000,10000,13,4349734,130292,Clear Rate,50,1,B,MI,882ab2cedbfffff
261635228001033,10000,10000,4,4349734,130292,Clear Rate,50,1,B,MI,882ab2cedbfffff
261635228001034,10000,10000,5,4349734,130292,Clear Rate,50,1,B,MI,882ab2ced3fffff
261635228001035,10000,10000,4,4349734,130292,Clear Rate,50,1,B,MI,882ab2ced3fffff
261635228001036,10000,10000,9,4349734,130292,Clear Rate,50,1,B,MI,882ab2ced3fffff
261635228001037,10000,10000,12,4349734,130292,Clear Rate,50,1,B,MI,882ab2ced3fffff
261635228001038,10000,10000,13,4349734,130292,Clear Rate,50,1,B,MI,882ab2ced1fffff
261635228001040,10000,10000,9,4349734,130292,Clear Rate,50,1,B,MI,882ab2ced1fffff
261635228001041,10000,10000,12,4349734,130292,Clear Rate,50,1,B,MI,882ab2ced1fffff
261635228001043,10000,10000,1,4349734,130292,Clear Rate,50,1,B,MI,882ab2ced1fffff
261635228001044,10000,10000,15,4349734,130292,Clear Rate,50,1,B,MI,882ab2ced1fffff
261635228001045,10000,10000,6,4349734,130292,Clear Rate,50,1,B,MI,882ab2ced1fffff
261635228001046,10000,10000,3,4349734,130292,Clear Rate,50,1,B,MI,882ab2ced1fffff
261635228001047,10000,10000,3,4349734,130292,Clear Rate,50,1,B,MI,882ab2ced1fffff
261635228001048,10000,10000,7,4349734,130292,Clear Rate,50,1,B,MI,882ab2ced1fffff
261635228001049,10000,10000,2,4349734,130292,Clear Rate,50,1,B,MI,882ab2ced1fffff
261635228001050,10000,10000,5,4349734,130292,Clear Rate,50,1,B,MI,882ab2ced3fffff
261635228001051,10000,10000,13,4349734,130292,Clear Rate,50,1,B,MI,882ab2ced3fffff
261635228001052,10000,10000,5,4349734,130292,Clear Rate,50,1,B,MI,882ab2ced3fffff
261635228001053,10000,10000,14,4349734,130292,Clear Rate,50,1,B,MI,882ab2ced3fffff
261635228001054,10000,10000,11,4349734,130292,Clear Rate,50,1,B,MI,882ab2ced1fffff
261635228001055,10000,10000,11,4349734,130292,Clear Rate,50,1,B,MI,882ab2ced1fffff
261635228001056,10000,10000,9,4349734,130292,Clear Rate,50,1,B,MI,882ab2ced1fffff
261635228001058,10000,10000,3,4349734,130292,Clear Rate,50,1,B,MI,882ab2ced1fffff
261635228002052,10000,10000,1,4349734,130292,Clear Rate,50,1,B,MI,882ab2ced1fffff
261635228002053,10000,10000,7,4349734,130292,Clear Rate,50,1,B,MI,882ab2ced1fffff
261635228002055,10000,10000,1,4349734,130292,Clear Rate,50,1,B,MI,882ab2ced1fffff
261635231001000,10000,10000,4,4349734,130292,Clear Rate,50,1,B,MI,882ab2ced1fffff
261635231001001,10000,10000,8,4349734,130292,Clear Rate,50,1,B,MI,882ab2ced1fffff
261635231001002,10000,10000,3,4349734,130292,Clear Rate,50,1,B,MI,882ab2ced1fffff
261635231001003,10000,10000,1,4349734,130292,Clear Rate,50,1,B,MI,882ab2ced7fffff
261635231001008,10000,10000,1,4349734,130292,Clear Rate,50,1,B,MI,882ab2ced7fffff
261635231001009,10000,10000,1,4349734,130292,Clear Rate,50,1,B,MI,882ab2ced7fffff
261635231001010,10000,10000,2,4349734,130292,Clear Rate,50,1,B,MI,882ab2ced7fffff
261635231001011,10000,10000,1,4349734,130292,Clear Rate,50,1,B,MI,882ab2ced3fffff
261635231001012,10000,10000,1,4349734,130292,Clear Rate,50,1,B,MI,882ab2ced7fffff
261635231001013,10000,10000,30,4349734,130292,Clear Rate,50,1,B,MI,882ab2ced3fffff
261635231001017,10000,10000,1,4349734,130292,Clear Rate,50,1,B,MI,882ab2ced3fffff
261635231001019,10000,10000,1,4349734,130292,Clear Rate,50,1,B,MI,882ab2ce99fffff
261635231001020,10000,10000,4,4349734,130292,Clear Rate,50,1,B,MI,882ab2ce99fffff
261635231001021,10000,10000,1,4349734,130292,Clear Rate,50,1,B,MI,882ab2ced3fffff
261635231001022,10000,10000,5,4349734,130292,Clear Rate,50,1,B,MI,882ab2ced3fffff
261635231001023,10000,10000,1,4349734,130292,Clear Rate,50,1,B,MI,882ab2ce99fffff
261635231001024,10000,10000,1,4349734,130292,Clear Rate,50,1,B,MI,882ab2ce99fffff
261635231001027,10000,10000,16,4349734,130292,Clear Rate,50,1,B,MI,882ab2ce99fffff
261635231001028,10000,10000,19,4349734,130292,Clear Rate,50,1,B,MI,882ab2ce99fffff
261635231001029,10000,10000,12,4349734,130292,Clear Rate,50,1,B,MI,882ab2ce99fffff
261635233001000,10000,10000,33,4349734,130292,Clear Rate,50,1,B,MI,882ab2ce99fffff
261635233001001,10000,10000,1,4349734,130292,Clear Rate,50,1,B,MI,882ab2ce99fffff
261635233001006,10000,10000,18,4349734,130292,Clear Rate,50,1,B,MI,882ab2ce99fffff
261635233002000,10000,10000,24,4349734,130292,Clear Rate,50,1,B,MI,882ab2ce9bfffff
261635233002009,10000,10000,9,4349734,130292,Clear Rate,50,1,B,MI,882ab2ce9bfffff
261635233003000,10000,10000,18,4349734,130292,Clear Rate,50,1,B,MI,882ab2ce9bfffff
261635234001001,10000,10000,9,4349734,130292,Clear Rate,50,1,B,MI,882ab2c5a5fffff
261635234001002,10000,10000,12,4349734,130292,Clear Rate,50,1,B,MI,882ab2c5a5fffff
261635234001003,10000,10000,15,4349734,130292,Clear Rate,50,1,B,MI,882ab2c5a5fffff
261635234001004,10000,10000,21,4349734,130292,Clear Rate,50,1,B,MI,882ab2c5a5fffff
261635234001005,10000,10000,26,4349734,130292,Clear Rate,50,1,B,MI,882ab2c5a5fffff
261635234001006,10000,10000,17,4349734,130292,Clear Rate,50,1,B,MI,882ab2c5a5fffff
261635234001009,10000,10000,18,4349734,130292,Clear Rate,50,1,B,MI,882ab2c5a5fffff
261635234001010,10000,10000,32,4349734,130292,Clear Rate,50,1,B,MI,882ab2c5a7fffff
261635234001014,10000,10000,22,4349734,130292,Clear Rate,50,1,B,MI,882ab2c5a5fffff
261635234001015,10000,10000,15,4349734,130292,Clear Rate,50,1,B,MI,882ab2c5a5fffff
261635234001016,10000,10000,31,4349734,130292,Clear Rate,50,1,B,MI,882ab2c5a5fffff
261635234001017,10000,10000,22,4349734,130292,Clear Rate,50,1,B,MI,882ab2c5a5fffff
261635234001018,10000,10000,4,4349734,130292,Clear Rate,50,1,B,MI,882ab2ce9bfffff
261635234002000,10000,10000,37,4349734,130292,Clear Rate,50,1,B,MI,882ab2c5a5fffff
261635234002001,10000,10000,29,4349734,130292,Clear Rate,50,1,B,MI,882ab2c5a5fffff
261635234002002,10000,10000,14,4349734,130292,Clear Rate,50,1,B,MI,882ab2c5a5fffff
261635234002003,10000,10000,20,4349734,130292,Clear Rate,50,1,B,MI,882ab2c5a5fffff
261635234002004,10000,10000,14,4349734,130292,Clear Rate,50,1,B,MI,882ab2ce99fffff
261635234002005,10000,10000,43,4349734,130292,Clear Rate,50,1,B,MI,882ab2c5a5fffff
261635234002006,10000,10000,48,4349734,130292,Clear Rate,50,1,B,MI,882ab2c5a5fffff
261635234002007,10000,10000,20,4349734,130292,Clear Rate,50,1,B,MI,882ab2c5a5fffff
261635234002008,10000,10000,13,4349734,130292,Clear Rate,50,1,B,MI,882ab2c5a5fffff
261635259001000,10000,10000,18,4349734,130292,Clear Rate,50,1,B,MI,882ab2ced7fffff
261635259003015,10000,10000,12,4349734,130292,Clear Rate,50,1,B,MI,882ab2ced7fffff
261635259003016,10000,10000,8,4349734,130292,Clear Rate,50,1,B,MI,882ab2ced7fffff
261635259003017,10000,10000,3,4349734,130292,Clear Rate,50,1,B,MI,882ab2ced5fffff
261635259003018,10000,10000,8,4349734,130292,Clear Rate,50,1,B,MI,882ab2ced5fffff
261635259003019,10000,10000,7,4349734,130292,Clear Rate,50,1,B,MI,882ab2ced5fffff
261635259003020,10000,10000,4,4349734,130292,Clear Rate,50,1,B,MI,882ab2ced1fffff
261635259003021,10000,10000,1,4349734,130292,Clear Rate,50,1,B,MI,882ab2ced1fffff
261635259003022,10000,10000,4,4349734,130292,Clear Rate,50,1,B,MI,882ab2ced7fffff
261635259003023,10000,10000,7,4349734,130292,Clear Rate,50,1,B,MI,882ab2ced7fffff
261635259003024,10000,10000,3,4349734,130292,Clear Rate,50,1,B,MI,882ab2ced7fffff
261635259003025,10000,10000,5,4349734,130292,Clear Rate,50,1,B,MI,882ab2ced7fffff
261635259003026,10000,10000,16,4349734,130292,Clear Rate,50,1,B,MI,882ab2ced7fffff
261635259003027,10000,10000,5,4349734,130292,Clear Rate,50,1,B,MI,882ab2ced7fffff
261635259003028,10000,10000,10,4349734,130292,Clear Rate,50,1,B,MI,882ab2ced7fffff
261635259003029,10000,10000,4,4349734,130292,Clear Rate,50,1,B,MI,882ab2ced7fffff
261635259003036,10000,10000,1,4349734,130292,Clear Rate,50,1,B,MI,882ab2ced7fffff
261635339001005,10000,10000,4,4349734,130292,Clear Rate,50,1,B,MI,882ab2c507fffff
261635339002000,10000,10000,11,4349734,130292,Clear Rate,50,1,B,MI,882ab2c507fffff
261635339002002,10000,10000,15,4349734,130292,Clear Rate,50,1,B,MI,882ab2c507fffff
261635339002003,10000,10000,48,4349734,130292,Clear Rate,50,1,B,MI,882ab2c507fffff
261635339002005,10000,10000,4,4349734,130292,Clear Rate,50,1,B,MI,882ab2c507fffff
261635339003001,10000,10000,28,4349734,130292,Clear Rate,50,1,B,MI,882ab2c507fffff
261635339003002,10000,10000,28,4349734,130292,Clear Rate,50,1,B,MI,882ab2c507fffff
261635339003004,10000,10000,10,4349734,130292,Clear Rate,50,1,B,MI,882ab2c507fffff
261635339003005,10000,10000,10,4349734,130292,Clear Rate,50,1,B,MI,882ab2c507fffff
261635339003006,10000,10000,1,4349734,130292,Clear Rate,50,1,B,MI,882ab2c507fffff
261635339003007,10000,10000,17,4349734,130292,Clear Rate,50,1,B,MI,882ab2c507fffff
261635339003008,10000,10000,22,4349734,130292,Clear Rate,50,1,B,MI,882ab2c507fffff
261635339003009,10000,10000,4,4349734,130292,Clear Rate,50,1,B,MI,882ab2c507fffff
261635339003010,10000,10000,3,4349734,130292,Clear Rate,50,1,B,MI,882ab2c503fffff
261635339003011,10000,10000,1,4349734,130292,Clear Rate,50,1,B,MI,882ab2c507fffff
261635339004001,10000,10000,11,4349734,130292,Clear Rate,50,1,B,MI,882ab2c503fffff
261635339004002,10000,10000,1,4349734,130292,Clear Rate,50,1,B,MI,882ab2c503fffff
261635339004006,10000,10000,1,4349734,130292,Clear Rate,50,1,B,MI,882ab2c503fffff
261635339004007,10000,10000,7,4349734,130292,Clear Rate,50,1,B,MI,882ab2c539fffff
261635339004008,10000,10000,3,4349734,130292,Clear Rate,50,1,B,MI,882ab2c503fffff
261635339004009,10000,10000,4,4349734,130292,Clear Rate,50,1,B,MI,882ab2c507fffff
261635339004012,10000,10000,1,4349734,130292,Clear Rate,50,1,B,MI,882ab2c539fffff
261635339004013,10000,10000,1,4349734,130292,Clear Rate,50,1,B,MI,882ab2c539fffff
261635339004014,10000,10000,5,4349734,130292,Clear Rate,50,1,B,MI,882ab2c503fffff
261635339004015,10000,10000,2,4349734,130292,Clear Rate,50,1,B,MI,882ab2c503fffff
261635339004017,10000,10000,1,4349734,130292,Clear Rate,50,1,B,MI,882ab2c503fffff
261635339004018,10000,10000,3,4349734,130292,Clear Rate,50,1,B,MI,882ab2c539fffff
261635339004019,10000,10000,1,4349734,130292,Clear Rate,50,1,B,MI,882ab2c539fffff
261635339004021,10000,10000,2,4349734,130292,Clear Rate,50,1,B,MI,882ab2c539fffff
261635339004022,10000,10000,2,4349734,130292,Clear Rate,50,1,B,MI,882ab2c503fffff
261635339004023,10000,10000,5,4349734,130292,Clear Rate,50,1,B,MI,882ab2c515fffff
261635339004024,10000,10000,2,4349734,130292,Clear Rate,50,1,B,MI,882ab2c515fffff
261635339004025,10000,10000,8,4349734,130292,Clear Rate,50,1,B,MI,882ab2c515fffff
261635339004029,10000,10000,4,4349734,130292,Clear Rate,50,1,B,MI,882ab2c515fffff
261635339004031,10000,10000,2,4349734,130292,Clear Rate,50,1,B,MI,882ab2c539fffff
261635339004032,10000,10000,18,4349734,130292,Clear Rate,50,1,B,MI,882ab2c539fffff
261635339004033,10000,10000,7,4349734,130292,Clear Rate,50,1,B,MI,882ab2c539fffff
261635339004037,10000,10000,8,4349734,130292,Clear Rate,50,1,B,MI,882ab2c539fffff
261635362002006,10000,10000,20,4349734,130292,Clear Rate,50,1,B,MI,882ab2c197fffff
261635362002007,10000,10000,35,4349734,130292,Clear Rate,50,1,B,MI,882ab2c197fffff
261635362002008,10000,10000,20,4349734,130292,Clear Rate,50,1,B,MI,882ab2c197fffff
261635362002009,10000,10000,1,4349734,130292,Clear Rate,50,1,B,MI,882ab2c197fffff
261635387001005,10000,10000,1,4349734,130292,Clear Rate,50,1,B,MI,882ab2c191fffff
261635387001006,10000,10000,32,4349734,130292,Clear Rate,50,1,B,MI,882ab2c191fffff
261635387001007,10000,10000,13,4349734,130292,Clear Rate,50,1,B,MI,882ab2c197fffff
261635387001008,10000,10000,2,4349734,130292,Clear Rate,50,1,B,MI,882ab2c197fffff
261635387001023,10000,10000,19,4349734,130292,Clear Rate,50,1,B,MI,882ab2c197fffff
261635387001024,10000,10000,15,4349734,130292,Clear Rate,50,1,B,MI,882ab2c197fffff
261635387002002,10000,10000,9,4349734,130292,Clear Rate,50,1,B,MI,882ab2c19dfffff
261635387002003,10000,10000,27,4349734,130292,Clear Rate,50,1,B,MI,882ab2c19dfffff
261635387002004,10000,10000,2,4349734,130292,Clear Rate,50,1,B,MI,882ab2c19dfffff
261635387002005,10000,10000,16,4349734,130292,Clear Rate,50,1,B,MI,882ab2c191fffff
261635387002006,10000,10000,29,4349734,130292,Clear Rate,50,1,B,MI,882ab2c191fffff
261635387002007,10000,10000,31,4349734,130292,Clear Rate,50,1,B,MI,882ab2c191fffff
261635387002008,10000,10000,27,4349734,130292,Clear Rate,50,1,B,MI,882ab2c19dfffff
261635387002009,10000,10000,13,4349734,130292,Clear Rate,50,1,B,MI,882ab2c19dfffff
261635387002020,10000,10000,10,4349734,130292,Clear Rate,50,1,B,MI,882ab2c191fffff
261635387002027,10000,10000,15,4349734,130292,Clear Rate,50,1,B,MI,882ab2c191fffff
261635387002028,10000,10000,14,4349734,130292,Clear Rate,50,1,B,MI,882ab2c191fffff
261635387002029,10000,10000,18,4349734,130292,Clear Rate,50,1,B,MI,882ab2c195fffff
261635387002030,10000,10000,31,4349734,130292,Clear Rate,50,1,B,MI,882ab2c191fffff
261635387002031,10000,10000,29,4349734,130292,Clear Rate,50,1,B,MI,882ab2c191fffff
261635388001001,10000,10000,4,4349734,130292,Clear Rate,50,1,B,MI,882ab2c18bfffff
261635388001008,10000,10000,22,4349734,130292,Clear Rate,50,1,B,MI,882ab2c19dfffff
261635388001009,10000,10000,22,4349734,130292,Clear Rate,50,1,B,MI,882ab2c19dfffff
261635388001010,10000,10000,13,4349734,130292,Clear Rate,50,1,B,MI,882ab2c19dfffff
261635388001011,10000,10000,16,4349734,130292,Clear Rate,50,1,B,MI,882ab2c19dfffff
261635388001012,10000,10000,24,4349734,130292,Clear Rate,50,1,B,MI,882ab2c19dfffff
261635388001013,10000,10000,5,4349734,130292,Clear Rate,50,1,B,MI,882ab2c19dfffff
261635388001021,10000,10000,10,4349734,130292,Clear Rate,50,1,B,MI,882ab2c19dfffff
261635388001022,10000,10000,22,4349734,130292,Clear Rate,50,1,B,MI,882ab2c19dfffff
261635388001023,10000,10000,25,4349734,130292,Clear Rate,50,1,B,MI,882ab2c19dfffff
261635388001024,10000,10000,22,4349734,130292,Clear Rate,50,1,B,MI,882ab2c19dfffff
261635388001025,10000,10000,11,4349734,130292,Clear Rate,50,1,B,MI,882ab2c19dfffff
261635388001031,10000,10000,16,4349734,130292,Clear Rate,50,1,B,MI,882ab2c19dfffff
261635388001032,10000,10000,9,4349734,130292,Clear Rate,50,1,B,MI,882ab2c19dfffff
261635388001033,10000,10000,12,4349734,130292,Clear Rate,50,1,B,MI,882ab2c19dfffff
261635391001008,10000,10000,30,4349734,130292,Clear Rate,50,1,B,MI,882ab2c1d5fffff
261635391001009,10000,10000,30,4349734,130292,Clear Rate,50,1,B,MI,882ab2c1d5fffff
261635391001010,10000,10000,15,4349734,130292,Clear Rate,50,1,B,MI,882ab2c1d5fffff
261635391001011,10000,10000,18,4349734,130292,Clear Rate,50,1,B,MI,882ab2c1d5fffff
261635391001012,10000,10000,25,4349734,130292,Clear Rate,50,1,B,MI,882ab2c18bfffff
261635391001013,10000,10000,19,4349734,130292,Clear Rate,50,1,B,MI,882ab2c18bfffff
261635391001014,10000,10000,37,4349734,130292,Clear Rate,50,1,B,MI,882ab2c1d5fffff
261635391001015,10000,10000,37,4349734,130292,Clear Rate,50,1,B,MI,882ab2c1d5fffff
261635391001027,10000,10000,34,4349734,130292,Clear Rate,50,1,B,MI,882ab2c1d7fffff
261635391001028,10000,10000,35,4349734,130292,Clear Rate,50,1,B,MI,882ab2c18bfffff
261635391001029,10000,10000,14,4349734,130292,Clear Rate,50,1,B,MI,882ab2c18bfffff
261635391001030,10000,10000,22,4349734,130292,Clear Rate,50,1,B,MI,882ab2c18bfffff
261635392001002,10000,10000,35,4349734,130292,Clear Rate,50,1,B,MI,882ab2c18bfffff
261635392001003,10000,10000,32,4349734,130292,Clear Rate,50,1,B,MI,882ab2c189fffff
261635392001004,10000,10000,30,4349734,130292,Clear Rate,50,1,B,MI,882ab2c189fffff
261635392001005,10000,10000,27,4349734,130292,Clear Rate,50,1,B,MI,882ab2c189fffff
261635392001006,10000,10000,175,4349734,130292,Clear Rate,50,1,B,MI,882ab2c189fffff
261635392001007,10000,10000,3,4349734,130292,Clear Rate,50,1,B,MI,882ab2c18bfffff
261635392001008,10000,10000,2,4349734,130292,Clear Rate,50,1,B,MI,882ab2c181fffff
261635392001009,10000,10000,17,4349734,130292,Clear Rate,50,1,B,MI,882ab2c181fffff
261635392001010,10000,10000,27,4349734,130292,Clear Rate,50,1,B,MI,882ab2c18bfffff
261635392001011,10000,10000,30,4349734,130292,Clear Rate,50,1,B,MI,882ab2c18bfffff
261635392001012,10000,10000,27,4349734,130292,Clear Rate,50,1,B,MI,882ab2c18bfffff
261635392001013,10000,10000,28,4349734,130292,Clear Rate,50,1,B,MI,882ab2c18bfffff
261635392001014,10000,10000,29,4349734,130292,Clear Rate,50,1,B,MI,882ab2c18bfffff
261635392001015,10000,10000,30,4349734,130292,Clear Rate,50,1,B,MI,882ab2c18bfffff
261635392001016,10000,10000,33,4349734,130292,Clear Rate,50,1,B,MI,882ab2c18bfffff
261635392001017,10000,10000,34,4349734,130292,Clear Rate,50,1,B,MI,882ab2c18bfffff
261635392001018,10000,10000,45,4349734,130292,Clear Rate,50,1,B,MI,882ab2c18bfffff
261635392001019,10000,10000,40,4349734,130292,Clear Rate,50,1,B,MI,882ab2c18bfffff
261635392001020,10000,10000,30,4349734,130292,Clear Rate,50,1,B,MI,882ab2c18bfffff
261635392001021,10000,10000,28,4349734,130292,Clear Rate,50,1,B,MI,882ab2c18bfffff
261635392001022,10000,10000,39,4349734,130292,Clear Rate,50,1,B,MI,882ab2c183fffff
261635392002003,10000,10000,23,4349734,130292,Clear Rate,50,1,B,MI,882ab2c185fffff
261635392002004,10000,10000,21,4349734,130292,Clear Rate,50,1,B,MI,882ab2c185fffff
261635392002005,10000,10000,22,4349734,130292,Clear Rate,50,1,B,MI,882ab2c185fffff
261635392002006,10000,10000,22,4349734,130292,Clear Rate,50,1,B,MI,882ab2c185fffff
261635392002007,10000,10000,24,4349734,130292,Clear Rate,50,1,B,MI,882ab2c185fffff
261635392002008,10000,10000,26,4349734,130292,Clear Rate,50,1,B,MI,882ab2c185fffff
261635392002009,10000,10000,19,4349734,130292,Clear Rate,50,1,B,MI,882ab2c185fffff
261635392002010,10000,10000,3,4349734,130292,Clear Rate,50,1,B,MI,882ab2c185fffff
261635392002012,10000,10000,15,4349734,130292,Clear Rate,50,1,B,MI,882ab2c185fffff
261635392002013,10000,10000,16,4349734,130292,Clear Rate,50,1,B,MI,882ab2c185fffff
261635392002014,10000,10000,15,4349734,130292,Clear Rate,50,1,B,MI,882ab2c185fffff
261635392002015,10000,10000,12,4349734,130292,Clear Rate,50,1,B,MI,882ab2c185fffff
261635392002016,10000,10000,6,4349734,130292,Clear Rate,50,1,B,MI,882ab2c185fffff
261635392002017,10000,10000,5,4349734,130292,Clear Rate,50,1,B,MI,882ab2c185fffff
261635392002019,10000,10000,14,4349734,130292,Clear Rate,50,1,B,MI,882ab2c187fffff
261635392002020,10000,10000,6,4349734,130292,Clear Rate,50,1,B,MI,882ab2c185fffff
261635392002022,10000,10000,34,4349734,130292,Clear Rate,50,1,B,MI,882ab2c187fffff
261635392002023,10000,10000,38,4349734,130292,Clear Rate,50,1,B,MI,882ab2c187fffff
261635392002025,10000,10000,20,4349734,130292,Clear Rate,50,1,B,MI,882ab2c187fffff
261635392002026,10000,10000,22,4349734,130292,Clear Rate,50,1,B,MI,882ab2c187fffff
261635392003002,10000,10000,37,4349734,130292,Clear Rate,50,1,B,MI,882ab2c181fffff
261635392003003,10000,10000,28,4349734,130292,Clear Rate,50,1,B,MI,882ab2c181fffff
261635392003004,10000,10000,37,4349734,130292,Clear Rate,50,1,B,MI,882ab2c181fffff
261635392003005,10000,10000,32,4349734,130292,Clear Rate,50,1,B,MI,882ab2c181fffff
261635392003006,10000,10000,32,4349734,130292,Clear Rate,50,1,B,MI,882ab2c181fffff
261635392003007,10000,10000,37,4349734,130292,Clear Rate,50,1,B,MI,882ab2c181fffff
261635392003008,10000,10000,38,4349734,130292,Clear Rate,50,1,B,MI,882ab2c181fffff
261635392003009,10000,10000,33,4349734,130292,Clear Rate,50,1,B,MI,882ab2c181fffff
261635392003010,10000,10000,29,4349734,130292,Clear Rate,50,1,B,MI,882ab2c181fffff
261635392003011,10000,10000,32,4349734,130292,Clear Rate,50,1,B,MI,882ab2c181fffff
261635392003012,10000,10000,28,4349734,130292,Clear Rate,50,1,B,MI,882ab2c181fffff
261635392003013,10000,10000,32,4349734,130292,Clear Rate,50,1,B,MI,882ab2c181fffff
261635392003014,10000,10000,32,4349734,130292,Clear Rate,50,1,B,MI,882ab2c181fffff
261635392003015,10000,10000,31,4349734,130292,Clear Rate,50,1,B,MI,882ab2c181fffff
261635392003016,10000,10000,32,4349734,130292,Clear Rate,50,1,B,MI,882ab2c181fffff
261635392003017,10000,10000,34,4349734,130292,Clear Rate,50,1,B,MI,882ab2c181fffff
261635392003018,10000,10000,41,4349734,130292,Clear Rate,50,1,B,MI,882ab2c181fffff
261635392003019,10000,10000,41,4349734,130292,Clear Rate,50,1,B,MI,882ab2c183fffff
261635392003020,10000,10000,1,4349734,130292,Clear Rate,50,1,B,MI,882ab2c181fffff
261635392003021,10000,10000,44,4349734,130292,Clear Rate,50,1,B,MI,882ab2c181fffff
261635392003022,10000,10000,41,4349734,130292,Clear Rate,50,1,B,MI,882ab2c187fffff
261635392003023,10000,10000,42,4349734,130292,Clear Rate,50,1,B,MI,882ab2c181fffff
261635392003024,10000,10000,37,4349734,130292,Clear Rate,50,1,B,MI,882ab2c181fffff
261635392003025,10000,10000,37,4349734,130292,Clear Rate,50,1,B,MI,882ab2c181fffff
261635393001000,10000,10000,31,4349734,130292,Clear Rate,50,1,B,MI,882ab2c19dfffff
261635393001001,10000,10000,29,4349734,130292,Clear Rate,50,1,B,MI,882ab2c18bfffff
261635393001002,10000,10000,29,4349734,130292,Clear Rate,50,1,B,MI,882ab2c18bfffff
261635393001003,10000,10000,30,4349734,130292,Clear Rate,50,1,B,MI,882ab2c18bfffff
261635393001004,10000,10000,30,4349734,130292,Clear Rate,50,1,B,MI,882ab2c18bfffff
261635393001005,10000,10000,30,4349734,130292,Clear Rate,50,1,B,MI,882ab2c18bfffff
261635393001006,10000,10000,30,4349734,130292,Clear Rate,50,1,B,MI,882ab2c183fffff
261635393001007,10000,10000,30,4349734,130292,Clear Rate,50,1,B,MI,882ab2c183fffff
261635393001008,10000,10000,33,4349734,130292,Clear Rate,50,1,B,MI,882ab2c183fffff
261635393001009,10000,10000,25,4349734,130292,Clear Rate,50,1,B,MI,882ab2c183fffff
261635393001010,10000,10000,24,4349734,130292,Clear Rate,50,1,B,MI,882ab2c183fffff
261635393001011,10000,10000,24,4349734,130292,Clear Rate,50,1,B,MI,882ab2c183fffff
261635393001012,10000,10000,24,4349734,130292,Clear Rate,50,1,B,MI,882ab2c183fffff
261635393001013,10000,10000,20,4349734,130292,Clear Rate,50,1,B,MI,882ab2c18bfffff
261635393001014,10000,10000,23,4349734,130292,Clear Rate,50,1,B,MI,882ab2c18bfffff
261635393001015,10000,10000,22,4349734,130292,Clear Rate,50,1,B,MI,882ab2c18bfffff
261635393001016,10000,10000,22,4349734,130292,Clear Rate,50,1,B,MI,882ab2c19dfffff
261635393001017,10000,10000,26,4349734,130292,Clear Rate,50,1,B,MI,882ab2c19dfffff
261635393001028,10000,10000,26,4349734,130292,Clear Rate,50,1,B,MI,882ab2c183fffff
261635393001029,10000,10000,24,4349734,130292,Clear Rate,50,1,B,MI,882ab2c183fffff
261635393001030,10000,10000,23,4349734,130292,Clear Rate,50,1,B,MI,882ab2c183fffff
261635393001031,10000,10000,23,4349734,130292,Clear Rate,50,1,B,MI,882ab2c183fffff
261635393001033,10000,10000,22,4349734,130292,Clear Rate,50,1,B,MI,882ab2c183fffff
261635393001034,10000,10000,23,4349734,130292,Clear Rate,50,1,B,MI,882ab2c19dfffff
261635393001035,10000,10000,21,4349734,130292,Clear Rate,50,1,B,MI,882ab2c19dfffff
261635393001036,10000,10000,26,4349734,130292,Clear Rate,50,1,B,MI,882ab2c19dfffff
261635393001037,10000,10000,24,4349734,130292,Clear Rate,50,1,B,MI,882ab2c19dfffff
261635393001038,10000,10000,25,4349734,130292,Clear Rate,50,1,B,MI,882ab2c19dfffff
261635393001039,10000,10000,24,4349734,130292,Clear Rate,50,1,B,MI,882ab2c19dfffff
261635393001040,10000,10000,20,4349734,130292,Clear Rate,50,1,B,MI,882ab2c19dfffff
261635393001042,10000,10000,23,4349734,130292,Clear Rate,50,1,B,MI,882ab2c183fffff
261635393001043,10000,10000,22,4349734,130292,Clear Rate,50,1,B,MI,882ab2c183fffff
261635393001044,10000,10000,21,4349734,130292,Clear Rate,50,1,B,MI,882ab2c183fffff
261635393001045,10000,10000,12,4349734,130292,Clear Rate,50,1,B,MI,882ab2c183fffff
261635393002000,10000,10000,32,4349734,130292,Clear Rate,50,1,B,MI,882ab2c183fffff
261635393002001,10000,10000,27,4349734,130292,Clear Rate,50,1,B,MI,882ab2c183fffff
261635393002002,10000,10000,27,4349734,130292,Clear Rate,50,1,B,MI,882ab2c183fffff
261635393002003,10000,10000,27,4349734,130292,Clear Rate,50,1,B,MI,882ab2c183fffff
261635393002004,10000,10000,32,4349734,130292,Clear Rate,50,1,B,MI,882ab2c183fffff
261635393002005,10000,10000,29,4349734,130292,Clear Rate,50,1,B,MI,882ab2c181fffff
261635393002006,10000,10000,32,4349734,130292,Clear Rate,50,1,B,MI,882ab2c187fffff
261635393002007,10000,10000,29,4349734,130292,Clear Rate,50,1,B,MI,882ab2c187fffff
261635393002008,10000,10000,25,4349734,130292,Clear Rate,50,1,B,MI,882ab2c187fffff
261635393002009,10000,10000,20,4349734,130292,Clear Rate,50,1,B,MI,882ab2c187fffff
261635393002010,10000,10000,3,4349734,130292,Clear Rate,50,1,B,MI,882ab2c187fffff
261635393002016,10000,10000,24,4349734,130292,Clear Rate,50,1,B,MI,882ab2c187fffff
261635393002018,10000,10000,11,4349734,130292,Clear Rate,50,1,B,MI,882ab2c187fffff
261635393002020,10000,10000,21,4349734,130292,Clear Rate,50,1,B,MI,882ab2c187fffff
261635393002021,10000,10000,25,4349734,130292,Clear Rate,50,1,B,MI,882ab2c187fffff
261635393002022,10000,10000,24,4349734,130292,Clear Rate,50,1,B,MI,882ab2c187fffff
261635393002023,10000,10000,25,4349734,130292,Clear Rate,50,1,B,MI,882ab2c187fffff
261635393002024,10000,10000,23,4349734,130292,Clear Rate,50,1,B,MI,882ab2c183fffff
261635393002025,10000,10000,23,4349734,130292,Clear Rate,50,1,B,MI,882ab2c183fffff
261635393002026,10000,10000,23,4349734,130292,Clear Rate,50,1,B,MI,882ab2c183fffff
261635393002027,10000,10000,25,4349734,130292,Clear Rate,50,1,B,MI,882ab2c183fffff
261635393002035,10000,10000,26,4349734,130292,Clear Rate,50,1,B,MI,882ab2c183fffff
261635393002036,10000,10000,28,4349734,130292,Clear Rate,50,1,B,MI,882ab2c183fffff
261635393002037,10000,10000,16,4349734,130292,Clear Rate,50,1,B,MI,882ab2c183fffff
261635393002038,10000,10000,21,4349734,130292,Clear Rate,50,1,B,MI,882ab2c183fffff
261635393002039,10000,10000,22,4349734,130292,Clear Rate,50,1,B,MI,882ab2c183fffff
261635393002040,10000,10000,24,4349734,130292,Clear Rate,50,1,B,MI,882ab2c183fffff
261635393002041,10000,10000,26,4349734,130292,Clear Rate,50,1,B,MI,882ab2c183fffff
261635393002042,10000,10000,25,4349734,130292,Clear Rate,50,1,B,MI,882ab2c183fffff
261635393002043,10000,10000,24,4349734,130292,Clear Rate,50,1,B,MI,882ab2c183fffff
261635393002044,10000,10000,20,4349734,130292,Clear Rate,50,1,B,MI,882ab2c1b9fffff
261635393002045,10000,10000,18,4349734,130292,Clear Rate,50,1,B,MI,882ab2c1b9fffff
261635393002046,10000,10000,23,4349734,130292,Clear Rate,50,1,B,MI,882ab2c183fffff
261635393002047,10000,10000,14,4349734,130292,Clear Rate,50,1,B,MI,882ab2c187fffff
261635394001000,10000,10000,17,4349734,130292,Clear Rate,50,1,B,MI,882ab2c19dfffff
261635394001001,10000,10000,26,4349734,130292,Clear Rate,50,1,B,MI,882ab2c19dfffff
261635394001006,10000,10000,30,4349734,130292,Clear Rate,50,1,B,MI,882ab2c19dfffff
261635394001007,10000,10000,37,4349734,130292,Clear Rate,50,1,B,MI,882ab2c19dfffff
261635394001008,10000,10000,34,4349734,130292,Clear Rate,50,1,B,MI,882ab2c195fffff
261635394001009,10000,10000,32,4349734,130292,Clear Rate,50,1,B,MI,882ab2c195fffff
261635394001013,10000,10000,11,4349734,130292,Clear Rate,50,1,B,MI,882ab2c195fffff
261635394001014,10000,10000,32,4349734,130292,Clear Rate,50,1,B,MI,882ab2c195fffff
261635394001015,10000,10000,36,4349734,130292,Clear Rate,50,1,B,MI,882ab2c195fffff
261635394002000,10000,10000,34,4349734,130292,Clear Rate,50,1,B,MI,882ab2c197fffff
261635394002001,10000,10000,33,4349734,130292,Clear Rate,50,1,B,MI,882ab2c197fffff
261635394002002,10000,10000,32,4349734,130292,Clear Rate,50,1,B,MI,882ab2c197fffff
261635394002003,10000,10000,1,4349734,130292,Clear Rate,50,1,B,MI,882ab2c197fffff
261635394002013,10000,10000,16,4349734,130292,Clear Rate,50,1,B,MI,882ab2c197fffff
261635394002014,10000,10000,29,4349734,130292,Clear Rate,50,1,B,MI,882ab2c197fffff
261635394002015,10000,10000,31,4349734,130292,Clear Rate,50,1,B,MI,882ab2c197fffff
261635394002016,10000,10000,35,4349734,130292,Clear Rate,50,1,B,MI,882ab2c197fffff
261635394002017,10000,10000,27,4349734,130292,Clear Rate,50,1,B,MI,882ab2c197fffff
261635394002018,10000,10000,26,4349734,130292,Clear Rate,50,1,B,MI,882ab2c197fffff
261635394002019,10000,10000,20,4349734,130292,Clear Rate,50,1,B,MI,882ab2c197fffff
261635394002022,10000,10000,7,4349734,130292,Clear Rate,50,1,B,MI,882ab2c197fffff
261635394002023,10000,10000,20,4349734,130292,Clear Rate,50,1,B,MI,882ab2c197fffff
261635394002024,10000,10000,24,4349734,130292,Clear Rate,50,1,B,MI,882ab2c197fffff
261635397001001,10000,10000,6,4349734,130292,Clear Rate,50,1,B,MI,882ab2c185fffff
261635397001002,10000,10000,10,4349734,130292,Clear Rate,50,1,B,MI,882ab2c185fffff
261635397001003,10000,10000,11,4349734,130292,Clear Rate,50,1,B,MI,882ab2c187fffff
261635397001004,10000,10000,20,4349734,130292,Clear Rate,50,1,B,MI,882ab2c187fffff
261635397001005,10000,10000,29,4349734,130292,Clear Rate,50,1,B,MI,882ab2c185fffff
261635397001006,10000,10000,6,4349734,130292,Clear Rate,50,1,B,MI,882ab2c185fffff
261635397001007,10000,10000,33,4349734,130292,Clear Rate,50,1,B,MI,882ab2c1abfffff
261635397001008,10000,10000,32,4349734,130292,Clear Rate,50,1,B,MI,882ab2c1abfffff
261635397001009,10000,10000,29,4349734,130292,Clear Rate,50,1,B,MI,882ab2c187fffff
261635397001010,10000,10000,28,4349734,130292,Clear Rate,50,1,B,MI,882ab2c187fffff
261635397001011,10000,10000,26,4349734,130292,Clear Rate,50,1,B,MI,882ab2c187fffff
261635397001012,10000,10000,23,4349734,130292,Clear Rate,50,1,B,MI,882ab2c187fffff
261635397001013,10000,10000,1,4349734,130292,Clear Rate,50,1,B,MI,882ab2c187fffff
261635397001014,10000,10000,27,4349734,130292,Clear Rate,50,1,B,MI,882ab2c187fffff
261635397001015,10000,10000,25,4349734,130292,Clear Rate,50,1,B,MI,882ab2c187fffff
261635397001016,10000,10000,24,4349734,130292,Clear Rate,50,1,B,MI,882ab2c187fffff
261635397001017,10000,10000,13,4349734,130292,Clear Rate,50,1,B,MI,882ab2c187fffff
261635397001019,10000,10000,17,4349734,130292,Clear Rate,50,1,B,MI,882ab2c187fffff
261635397001020,10000,10000,28,4349734,130292,Clear Rate,50,1,B,MI,882ab2c1bdfffff
261635397001021,10000,10000,34,4349734,130292,Clear Rate,50,1,B,MI,882ab2c1abfffff
261635397001022,10000,10000,31,4349734,130292,Clear Rate,50,1,B,MI,882ab2c1bdfffff
261635397001023,10000,10000,30,4349734,130292,Clear Rate,50,1,B,MI,882ab2c1bdfffff
261635397001024,10000,10000,28,4349734,130292,Clear Rate,50,1,B,MI,882ab2c187fffff
261635397001025,10000,10000,25,4349734,130292,Clear Rate,50,1,B,MI,882ab2c187fffff
261635397001026,10000,10000,23,4349734,130292,Clear Rate,50,1,B,MI,882ab2c187fffff
261635397001027,10000,10000,19,4349734,130292,Clear Rate,50,1,B,MI,882ab2c187fffff
261635397001029,10000,10000,2,4349734,130292,Clear Rate,50,1,B,MI,882ab2c187fffff
261635397001030,10000,10000,19,4349734,130292,Clear Rate,50,1,B,MI,882ab2c1b9fffff
261635397001031,10000,10000,20,4349734,130292,Clear Rate,50,1,B,MI,882ab2c1b9fffff
261635397001032,10000,10000,17,4349734,130292,Clear Rate,50,1,B,MI,882ab2c187fffff
261635397001033,10000,10000,20,4349734,130292,Clear Rate,50,1,B,MI,882ab2c187fffff
261635397001034,10000,10000,21,4349734,130292,Clear Rate,50,1,B,MI,882ab2c187fffff
261635397001035,10000,10000,27,4349734,130292,Clear Rate,50,1,B,MI,882ab2c187fffff
261635397001036,10000,10000,27,4349734,130292,Clear Rate,50,1,B,MI,882ab2c187fffff
261635397001037,10000,10000,21,4349734,130292,Clear Rate,50,1,B,MI,882ab2c187fffff
261635397001038,10000,10000,20,4349734,130292,Clear Rate,50,1,B,MI,882ab2c1bdfffff
261635401001003,10000,10000,17,4349734,130292,Clear Rate,50,1,B,MI,882ab2c1a9fffff
261635401001004,10000,10000,16,4349734,130292,Clear Rate,50,1,B,MI,882ab2c1a9fffff
261635401001005,10000,10000,14,4349734,130292,Clear Rate,50,1,B,MI,882ab2c1a9fffff
261635401001006,10000,10000,21,4349734,130292,Clear Rate,50,1,B,MI,882ab2c1a9fffff
261635401001007,10000,10000,22,4349734,130292,Clear Rate,50,1,B,MI,882ab2c1a9fffff
261635401001008,10000,10000,23,4349734,130292,Clear Rate,50,1,B,MI,882ab2c1a9fffff
261635401001009,10000,10000,26,4349734,130292,Clear Rate,50,1,B,MI,882ab2c1a9fffff
261635401001010,10000,10000,6,4349734,130292,Clear Rate,50,1,B,MI,882ab2c1a9fffff
261635401001012,10000,10000,11,4349734,130292,Clear Rate,50,1,B,MI,882ab2c1abfffff
261635401001013,10000,10000,30,4349734,130292,Clear Rate,50,1,B,MI,882ab2c1a9fffff
261635401001014,10000,10000,10,4349734,130292,Clear Rate,50,1,B,MI,882ab2c1abfffff
261635401001015,10000,10000,16,4349734,130292,Clear Rate,50,1,B,MI,882ab2c1abfffff
261635401001016,10000,10000,28,4349734,130292,Clear Rate,50,1,B,MI,882ab2c1abfffff
261635401001017,10000,10000,26,4349734,130292,Clear Rate,50,1,B,MI,882ab2c1abfffff
261635401001018,10000,10000,25,4349734,130292,Clear Rate,50,1,B,MI,882ab2c1abfffff
261635401001019,10000,10000,25,4349734,130292,Clear Rate,50,1,B,MI,882ab2c1abfffff
261635401001020,10000,10000,27,4349734,130292,Clear Rate,50,1,B,MI,882ab2c1abfffff
261635401001021,10000,10000,50,4349734,130292,Clear Rate,50,1,B,MI,882ab2c1abfffff
261635401002002,10000,10000,16,4349734,130292,Clear Rate,50,1,B,MI,882ab2c1a9fffff
261635401002003,10000,10000,18,4349734,130292,Clear Rate,50,1,B,MI,882ab2c1a1fffff
261635401002004,10000,10000,21,4349734,130292,Clear Rate,50,1,B,MI,882ab2c1a1fffff
261635401002005,10000,10000,30,4349734,130292,Clear Rate,50,1,B,MI,882ab2c1a1fffff
261635401002006,10000,10000,56,4349734,130292,Clear Rate,50,1,B,MI,882ab2c1a1fffff
261635401002007,10000,10000,56,4349734,130292,Clear Rate,50,1,B,MI,882ab2c1a1fffff
261635401002008,10000,10000,19,4349734,130292,Clear Rate,50,1,B,MI,882ab2c1a9fffff
261635401002009,10000,10000,19,4349734,130292,Clear Rate,50,1,B,MI,882ab2c1a9fffff
261635401002010,10000,10000,27,4349734,130292,Clear Rate,50,1,B,MI,882ab2c1a9fffff
261635401002011,10000,10000,24,4349734,130292,Clear Rate,50,1,B,MI,882ab2c1a9fffff
261635401002012,10000,10000,28,4349734,130292,Clear Rate,50,1,B,MI,882ab2c1a9fffff
261635401002013,10000,10000,57,4349734,130292,Clear Rate,50,1,B,MI,882ab2c1a1fffff
261635401002014,10000,10000,25,4349734,130292,Clear Rate,50,1,B,MI,882ab2c1a1fffff
261635401002015,10000,10000,26,4349734,130292,Clear Rate,50,1,B,MI,882ab2c1a1fffff
261635401002016,10000,10000,27,4349734,130292,Clear Rate,50,1,B,MI,882ab2c1a1fffff
261635401002017,10000,10000,30,4349734,130292,Clear Rate,50,1,B,MI,882ab2c1a1fffff
261635401003000,10000,10000,20,4349734,130292,Clear Rate,50,1,B,MI,882ab2c1a1fffff
261635401003001,10000,10000,21,4349734,130292,Clear Rate,50,1,B,MI,882ab2c1a1fffff
261635401003002,10000,10000,48,4349734,130292,Clear Rate,50,1,B,MI,882ab2c1a1fffff
261635401003005,10000,10000,26,4349734,130292,Clear Rate,50,1,B,MI,882ab2c1a1fffff
261635401003006,10000,10000,26,4349734,130292,Clear Rate,50,1,B,MI,882ab2c1a1fffff
261635401003007,10000,10000,26,4349734,130292,Clear Rate,50,1,B,MI,882ab2c1a1fffff
261635401003008,10000,10000,28,4349734,130292,Clear Rate,50,1,B,MI,882ab2c1a1fffff
261635401003009,10000,10000,28,4349734,130292,Clear Rate,50,1,B,MI,882ab2c1a1fffff
261635401003010,10000,10000,25,4349734,130292,Clear Rate,50,1,B,MI,882ab2c1a1fffff
261635401003011,10000,10000,28,4349734,130292,Clear Rate,50,1,B,MI,882ab2c1a1fffff
261635401003012,10000,10000,28,4349734,130292,Clear Rate,50,1,B,MI,882ab2c1a1fffff
261635401003014,10000,10000,24,4349734,130292,Clear Rate,50,1,B,MI,882ab2c1a1fffff
261635401003015,10000,10000,24,4349734,130292,Clear Rate,50,1,B,MI,882ab2c1a1fffff
261635401003016,10000,10000,24,4349734,130292,Clear Rate,50,1,B,MI,882ab2c1a1fffff
261635401003017,10000,10000,25,4349734,130292,Clear Rate,50,1,B,MI,882ab2c1a1fffff
261635401003018,10000,10000,26,4349734,130292,Clear Rate,50,1,B,MI,882ab2c1a1fffff
261635401003019,10000,10000,23,4349734,130292,Clear Rate,50,1,B,MI,882ab2c1a1fffff
261635402001000,10000,10000,28,4349734,130292,Clear Rate,50,1,B,MI,882ab2c1abfffff
261635402001001,10000,10000,28,4349734,130292,Clear Rate,50,1,B,MI,882ab2c1abfffff
261635402001002,10000,10000,24,4349734,130292,Clear Rate,50,1,B,MI,882ab2c1a1fffff
261635402001003,10000,10000,25,4349734,130292,Clear Rate,50,1,B,MI,882ab2c1a1fffff
261635402001004,10000,10000,22,4349734,130292,Clear Rate,50,1,B,MI,882ab2c1a1fffff
261635402001005,10000,10000,25,4349734,130292,Clear Rate,50,1,B,MI,882ab2c1a1fffff
261635402001006,10000,10000,18,4349734,130292,Clear Rate,50,1,B,MI,882ab2c1a3fffff
261635402001007,10000,10000,22,4349734,130292,Clear Rate,50,1,B,MI,882ab2c1a3fffff
261635402001008,10000,10000,30,4349734,130292,Clear Rate,50,1,B,MI,882ab2c1a3fffff
261635402001009,10000,10000,28,4349734,130292,Clear Rate,50,1,B,MI,882ab2c1a3fffff
261635402001010,10000,10000,30,4349734,130292,Clear Rate,50,1,B,MI,882ab2c1a3fffff
261635402001011,10000,10000,29,4349734,130292,Clear Rate,50,1,B,MI,882ab2c1a3fffff
261635402001012,10000,10000,21,4349734,130292,Clear Rate,50,1,B,MI,882ab2c1a3fffff
261635402001013,10000,10000,16,4349734,130292,Clear Rate,50,1,B,MI,882ab2c1a3fffff
261635402001014,10000,10000,23,4349734,130292,Clear Rate,50,1,B,MI,882ab2c1a3fffff
261635402001015,10000,10000,15,4349734,130292,Clear Rate,50,1,B,MI,882ab2c1a3fffff
261635402001016,10000,10000,15,4349734,130292,Clear Rate,50,1,B,MI,882ab2c1a3fffff
261635402001017,10000,10000,10,4349734,130292,Clear Rate,50,1,B,MI,882ab2c1a3fffff
261635402001018,10000,10000,18,4349734,130292,Clear Rate,50,1,B,MI,882ab2c1a3fffff
261635402001019,10000,10000,21,4349734,130292,Clear Rate,50,1,B,MI,882ab2c1a3fffff
261635402002000,10000,10000,21,4349734,130292,Clear Rate,50,1,B,MI,882ab2c1a1fffff
261635402002001,10000,10000,23,4349734,130292,Clear Rate,50,1,B,MI,882ab2c1a1fffff
261635402002002,10000,10000,23,4349734,130292,Clear Rate,50,1,B,MI,882ab2c1a1fffff
261635402002003,10000,10000,25,4349734,130292,Clear Rate,50,1,B,MI,882ab2c1a1fffff
261635402002004,10000,10000,25,4349734,130292,Clear Rate,50,1,B,MI,882ab2c1a1fffff
261635402002005,10000,10000,9,4349734,130292,Clear Rate,50,1,B,MI,882ab2c1a1fffff
261635402002006,10000,10000,18,4349734,130292,Clear Rate,50,1,B,MI,882ab2c1a7fffff
261635402002007,10000,10000,22,4349734,130292,Clear Rate,50,1,B,MI,882ab2c1a7fffff
261635402002008,10000,10000,18,4349734,130292,Clear Rate,50,1,B,MI,882ab2c1a3fffff
261635402002009,10000,10000,13,4349734,130292,Clear Rate,50,1,B,MI,882ab2c1a3fffff
261635402002010,10000,10000,20,4349734,130292,Clear Rate,50,1,B,MI,882ab2c1a1fffff
261635402002011,10000,10000,1,4349734,130292,Clear Rate,50,1,B,MI,882ab2c1a3fffff
261635402002012,10000,10000,21,4349734,130292,Clear Rate,50,1,B,MI,882ab2c1a3fffff
261635402002013,10000,10000,23,4349734,130292,Clear Rate,50,1,B,MI,882ab2c1a3fffff
261635402002014,10000,10000,27,4349734,130292,Clear Rate,50,1,B,MI,882ab2c1a7fffff
261635402002015,10000,10000,25,4349734,130292,Clear Rate,50,1,B,MI,882ab2c1a7fffff
261635402002016,10000,10000,11,4349734,130292,Clear Rate,50,1,B,MI,882ab2c1a7fffff
261635402002017,10000,10000,15,4349734,130292,Clear Rate,50,1,B,MI,882ab2c1a7fffff
261635402002019,10000,10000,6,4349734,130292,Clear Rate,50,1,B,MI,882ab2c1a7fffff
261635402002020,10000,10000,8,4349734,130292,Clear Rate,50,1,B,MI,882ab2c1a7fffff
261635402002021,10000,10000,13,4349734,130292,Clear Rate,50,1,B,MI,882ab2c1a7fffff
261635402002022,10000,10000,12,4349734,130292,Clear Rate,50,1,B,MI,882ab2c1a3fffff
261635402002023,10000,10000,12,4349734,130292,Clear Rate,50,1,B,MI,882ab2c1a3fffff
261635402002024,10000,10000,12,4349734,130292,Clear Rate,50,1,B,MI,882ab2c1a3fffff
261635402003000,10000,10000,17,4349734,130292,Clear Rate,50,1,B,MI,882ab2c1abfffff
261635402003001,10000,10000,19,4349734,130292,Clear Rate,50,1,B,MI,882ab2c1abfffff
261635402003002,10000,10000,25,4349734,130292,Clear Rate,50,1,B,MI,882ab2c1abfffff
261635402003004,10000,10000,31,4349734,130292,Clear Rate,50,1,B,MI,882ab2c1abfffff
261635402003005,10000,10000,29,4349734,130292,Clear Rate,50,1,B,MI,882ab2c1abfffff
261635402003006,10000,10000,31,4349734,130292,Clear Rate,50,1,B,MI,882ab2c1abfffff
261635402003007,10000,10000,28,4349734,130292,Clear Rate,50,1,B,MI,882ab2c1abfffff
261635402003008,10000,10000,30,4349734,130292,Clear Rate,50,1,B,MI,882ab2c1abfffff
261635402003009,10000,10000,26,4349734,130292,Clear Rate,50,1,B,MI,882ab2c1abfffff
261635402003010,10000,10000,27,4349734,130292,Clear Rate,50,1,B,MI,882ab2c1abfffff
261635402003011,10000,10000,28,4349734,130292,Clear Rate,50,1,B,MI,882ab2c1abfffff
261635402003012,10000,10000,30,4349734,130292,Clear Rate,50,1,B,MI,882ab2c1abfffff
261635402003013,10000,10000,18,4349734,130292,Clear Rate,50,1,B,MI,882ab2c1bdfffff
261635402003014,10000,10000,27,4349734,130292,Clear Rate,50,1,B,MI,882ab2c1bdfffff
261635402003015,10000,10000,28,4349734,130292,Clear Rate,50,1,B,MI,882ab2c1abfffff
261635402003016,10000,10000,29,4349734,130292,Clear Rate,50,1,B,MI,882ab2c1abfffff
261635402003017,10000,10000,27,4349734,130292,Clear Rate,50,1,B,MI,882ab2c1abfffff
261635402003018,10000,10000,29,4349734,130292,Clear Rate,50,1,B,MI,882ab2c1abfffff
261635402003019,10000,10000,30,4349734,130292,Clear Rate,50,1,B,MI,882ab2c1abfffff
261635402003020,10000,10000,21,4349734,130292,Clear Rate,50,1,B,MI,882ab2c1a3fffff
261635402003021,10000,10000,22,4349734,130292,Clear Rate,50,1,B,MI,882ab2c1a3fffff
261635402003022,10000,10000,17,4349734,130292,Clear Rate,50,1,B,MI,882ab2c1bdfffff
261635402003023,10000,10000,19,4349734,130292,Clear Rate,50,1,B,MI,882ab2c1bdfffff
261635402003024,10000,10000,21,4349734,130292,Clear Rate,50,1,B,MI,882ab2c1bdfffff
261635402003025,10000,10000,20,4349734,130292,Clear Rate,50,1,B,MI,882ab2c1bdfffff
261635402003026,10000,10000,11,4349734,130292,Clear Rate,50,1,B,MI,882ab2c1bdfffff
261635407003002,10000,10000,12,4349734,130292,Clear Rate,50,1,B,MI,882ab2c1a1fffff
261635407003003,10000,10000,22,4349734,130292,Clear Rate,50,1,B,MI,882ab2c1a7fffff
261635407003014,10000,10000,21,4349734,130292,Clear Rate,50,1,B,MI,882ab2c1a7fffff
261635407003015,10000,10000,12,4349734,130292,Clear Rate,50,1,B,MI,882ab2c1a7fffff
261635407003016,10000,10000,14,4349734,130292,Clear Rate,50,1,B,MI,882ab2c1a7fffff
261635407003017,10000,10000,22,4349734,130292,Clear Rate,50,1,B,MI,882ab2c1a7fffff
261635407003025,10000,10000,8,4349734,130292,Clear Rate,50,1,B,MI,882ab2c1a7fffff
261635407003026,10000,10000,5,4349734,130292,Clear Rate,50,1,B,MI,882ab2c1a7fffff
261635408002005,10000,10000,11,4349734,130292,Clear Rate,50,1,B,MI,882ab2c1adfffff
261635408002006,10000,10000,10,4349734,130292,Clear Rate,50,1,B,MI,882ab2c1adfffff
261635408002007,10000,10000,2,4349734,130292,Clear Rate,50,1,B,MI,882ab2c1adfffff
261635408002008,10000,10000,13,4349734,130292,Clear Rate,50,1,B,MI,882ab2c1a1fffff
261635408002009,10000,10000,12,4349734,130292,Clear Rate,50,1,B,MI,882ab2c1a1fffff
261635408002010,10000,10000,15,4349734,130292,Clear Rate,50,1,B,MI,882ab2c1adfffff
261635408002011,10000,10000,15,4349734,130292,Clear Rate,50,1,B,MI,882ab2c1adfffff
261635408002018,10000,10000,15,4349734,130292,Clear Rate,50,1,B,MI,882ab2c1a1fffff
261635408002019,10000,10000,15,4349734,130292,Clear Rate,50,1,B,MI,882ab2c1a1fffff
261635408002020,10000,10000,10,4349734,130292,Clear Rate,50,1,B,MI,882ab2c1a1fffff
261635408002021,10000,10000,10,4349734,130292,Clear Rate,50,1,B,MI,882ab2c1a1fffff
261635408002022,10000,10000,12,4349734,130292,Clear Rate,50,1,B,MI,882ab2c1a1fffff
261635440001012,10000,10000,23,4349734,130292,Clear Rate,50,1,B,MI,882ab2cd49fffff
261635440001013,10000,10000,9,4349734,130292,Clear Rate,50,1,B,MI,882ab2cd49fffff
261635440001014,10000,10000,21,4349734,130292,Clear Rate,50,1,B,MI,882ab2cd49fffff
261635440001015,10000,10000,39,4349734,130292,Clear Rate,50,1,B,MI,882ab2cd49fffff
261635440001026,10000,10000,26,4349734,130292,Clear Rate,50,1,B,MI,882ab2cd49fffff
261635440001027,10000,10000,1,4349734,130292,Clear Rate,50,1,B,MI,882ab2cd49fffff
261635441002006,10000,10000,3,4349734,130292,Clear Rate,50,1,B,MI,882ab2cf25fffff
261635441002007,10000,10000,4,4349734,130292,Clear Rate,50,1,B,MI,882ab2cf27fffff
261635441002008,10000,10000,3,4349734,130292,Clear Rate,50,1,B,MI,882ab2cf27fffff
261635545001007,10000,10000,3,4349734,130292,Clear Rate,50,1,B,MI,882ab2c8d7fffff
261635545001008,10000,10000,32,4349734,130292,Clear Rate,50,1,B,MI,882ab2c8d7fffff
261635545001009,10000,10000,17,4349734,130292,Clear Rate,50,1,B,MI,882ab2c8d7fffff
261635545001010,10000,10000,10,4349734,130292,Clear Rate,50,1,B,MI,882ab2c8d7fffff
261635545001011,10000,10000,7,4349734,130292,Clear Rate,50,1,B,MI,882ab2c8d7fffff
261635545001012,10000,10000,17,4349734,130292,Clear Rate,50,1,B,MI,882ab2c8d7fffff
261635545001013,10000,10000,3,4349734,130292,Clear Rate,50,1,B,MI,882ab2c8d7fffff
261635545001014,10000,10000,20,4349734,130292,Clear Rate,50,1,B,MI,882ab2c8d7fffff
261635545001016,10000,10000,34,4349734,130292,Clear Rate,50,1,B,MI,882ab2c8d7fffff
261635545001017,10000,10000,21,4349734,130292,Clear Rate,50,1,B,MI,882ab2c8d3fffff
261635545001019,10000,10000,20,4349734,130292,Clear Rate,50,1,B,MI,882ab2c8d7fffff
261635545001020,10000,10000,26,4349734,130292,Clear Rate,50,1,B,MI,882ab2c899fffff
261635545001021,10000,10000,11,4349734,130292,Clear Rate,50,1,B,MI,882ab2c8d7fffff
261635545001023,10000,10000,35,4349734,130292,Clear Rate,50,1,B,MI,882ab2c899fffff
261635545001024,10000,10000,11,4349734,130292,Clear Rate,50,1,B,MI,882ab2c899fffff
261635545001025,10000,10000,15,4349734,130292,Clear Rate,50,1,B,MI,882ab2c899fffff
261635545001026,10000,10000,5,4349734,130292,Clear Rate,50,1,B,MI,882ab2c899fffff
261635545001027,10000,10000,2,4349734,130292,Clear Rate,50,1,B,MI,882ab2c899fffff
261635545001028,10000,10000,1,4349734,130292,Clear Rate,50,1,B,MI,882ab2c899fffff
261635545001029,10000,10000,12,4349734,130292,Clear Rate,50,1,B,MI,882ab2c899fffff
261635545001030,10000,10000,13,4349734,130292,Clear Rate,50,1,B,MI,882ab2c899fffff
261635545001031,10000,10000,19,4349734,130292,Clear Rate,50,1,B,MI,882ab2c899fffff
261635545001032,10000,10000,10,4349734,130292,Clear Rate,50,1,B,MI,882ab2c899fffff
261635545001033,10000,10000,3,4349734,130292,Clear Rate,50,1,B,MI,882ab2c8d7fffff
261635545001034,10000,10000,8,4349734,130292,Clear Rate,50,1,B,MI,882ab2c899fffff
261635545001035,10000,10000,7,4349734,130292,Clear Rate,50,1,B,MI,882ab2c899fffff
261635545001036,10000,10000,7,4349734,130292,Clear Rate,50,1,B,MI,882ab2c899fffff
261635545001037,10000,10000,1,4349734,130292,Clear Rate,50,1,B,MI,882ab2c899fffff
261635545002002,10000,10000,3,4349734,130292,Clear Rate,50,1,B,MI,882ab2c8dbfffff
261635545002003,10000,10000,19,4349734,130292,Clear Rate,50,1,B,MI,882ab2c8d3fffff
261635545002004,10000,10000,18,4349734,130292,Clear Rate,50,1,B,MI,882ab2c8d3fffff
261635545002005,10000,10000,14,4349734,130292,Clear Rate,50,1,B,MI,882ab2c8d3fffff
261635545002006,10000,10000,5,4349734,130292,Clear Rate,50,1,B,MI,882ab2c8d3fffff
261635545002007,10000,10000,9,4349734,130292,Clear Rate,50,1,B,MI,882ab2c8d3fffff
261635545002008,10000,10000,22,4349734,130292,Clear Rate,50,1,B,MI,882ab2c8d3fffff
261635545002009,10000,10000,33,4349734,130292,Clear Rate,50,1,B,MI,882ab2c8d3fffff
261635545002010,10000,10000,12,4349734,130292,Clear Rate,50,1,B,MI,882ab2c8d3fffff
261635545002011,10000,10000,14,4349734,130292,Clear Rate,50,1,B,MI,882ab2c8d3fffff
261635545002012,10000,10000,17,4349734,130292,Clear Rate,50,1,B,MI,882ab2c8d3fffff
261635545002013,10000,10000,3,4349734,130292,Clear Rate,50,1,B,MI,882ab2c8d3fffff
261635545002014,10000,10000,15,4349734,130292,Clear Rate,50,1,B,MI,882ab2cf2dfffff
261635545002017,10000,10000,1,4349734,130292,Clear Rate,50,1,B,MI,882ab2cf2dfffff
261635545002018,10000,10000,7,4349734,130292,Clear Rate,50,1,B,MI,882ab2cf2dfffff
261635545002019,10000,10000,19,4349734,130292,Clear Rate,50,1,B,MI,882ab2c8d3fffff
261635545002020,10000,10000,9,4349734,130292,Clear Rate,50,1,B,MI,882ab2c8d3fffff
261635545002021,10000,10000,7,4349734,130292,Clear Rate,50,1,B,MI,882ab2c8d3fffff
261635545002022,10000,10000,29,4349734,130292,Clear Rate,50,1,B,MI,882ab2c8d3fffff
261635545002023,10000,10000,41,4349734,130292,Clear Rate,50,1,B,MI,882ab2c8d3fffff
261635545002024,10000,10000,21,4349734,130292,Clear Rate,50,1,B,MI,882ab2c8d3fffff
261635545002025,10000,10000,43,4349734,130292,Clear Rate,50,1,B,MI,882ab2c8d3fffff
261635545002026,10000,10000,22,4349734,130292,Clear Rate,50,1,B,MI,882ab2c8d3fffff
261635545002027,10000,10000,44,4349734,130292,Clear Rate,50,1,B,MI,882ab2c8d3fffff
261635545002028,10000,10000,17,4349734,130292,Clear Rate,50,1,B,MI,882ab2c8d3fffff
261635545002029,10000,10000,19,4349734,130292,Clear Rate,50,1,B,MI,882ab2c8d3fffff
261635545002030,10000,10000,22,4349734,130292,Clear Rate,50,1,B,MI,882ab2c8d3fffff
261635545002031,10000,10000,29,4349734,130292,Clear Rate,50,1,B,MI,882ab2c8d3fffff
261635545002032,10000,10000,26,4349734,130292,Clear Rate,50,1,B,MI,882ab2c8d3fffff
261635545002033,10000,10000,30,4349734,130292,Clear Rate,50,1,B,MI,882ab2c8d3fffff
261635545002034,10000,10000,1,4349734,130292,Clear Rate,50,1,B,MI,882ab2c8d3fffff
261635545002035,10000,10000,18,4349734,130292,Clear Rate,50,1,B,MI,882ab2c899fffff
261635545002036,10000,10000,3,4349734,130292,Clear Rate,50,1,B,MI,882ab2c899fffff
261635545002037,10000,10000,14,4349734,130292,Clear Rate,50,1,B,MI,882ab2c8d3fffff
261635545002038,10000,10000,3,4349734,130292,Clear Rate,50,1,B,MI,882ab2c8d3fffff
261635545002039,10000,10000,6,4349734,130292,Clear Rate,50,1,B,MI,882ab2c8d3fffff
261635545002040,10000,10000,1,4349734,130292,Clear Rate,50,1,B,MI,882ab2c8d3fffff
261635545002041,10000,10000,3,4349734,130292,Clear Rate,50,1,B,MI,882ab2c899fffff
261635546001031,10000,10000,12,4349734,130292,Clear Rate,50,1,B,MI,882ab2c883fffff
261635546001032,10000,10000,35,4349734,130292,Clear Rate,50,1,B,MI,882ab2c881fffff
261635546001033,10000,10000,25,4349734,130292,Clear Rate,50,1,B,MI,882ab2c881fffff
261635546001035,10000,10000,21,4349734,130292,Clear Rate,50,1,B,MI,882ab2c883fffff
261635546001037,10000,10000,5,4349734,130292,Clear Rate,50,1,B,MI,882ab2c883fffff
261635546001038,10000,10000,4,4349734,130292,Clear Rate,50,1,B,MI,882ab2c89dfffff
261635546001039,10000,10000,13,4349734,130292,Clear Rate,50,1,B,MI,882ab2c883fffff
261635546001040,10000,10000,33,4349734,130292,Clear Rate,50,1,B,MI,882ab2c883fffff
261635546001041,10000,10000,32,4349734,130292,Clear Rate,50,1,B,MI,882ab2c88bfffff
261635546001043,10000,10000,19,4349734,130292,Clear Rate,50,1,B,MI,882ab2c883fffff
261635546001044,10000,10000,29,4349734,130292,Clear Rate,50,1,B,MI,882ab2c883fffff
261635546001045,10000,10000,36,4349734,130292,Clear Rate,50,1,B,MI,882ab2c883fffff
261635546001046,10000,10000,35,4349734,130292,Clear Rate,50,1,B,MI,882ab2c88bfffff
261635546001047,10000,10000,20,4349734,130292,Clear Rate,50,1,B,MI,882ab2c89dfffff
261635546001048,10000,10000,17,4349734,130292,Clear Rate,50,1,B,MI,882ab2c883fffff
261635546001049,10000,10000,8,4349734,130292,Clear Rate,50,1,B,MI,882ab2c89dfffff
261635546001050,10000,10000,12,4349734,130292,Clear Rate,50,1,B,MI,882ab2c89dfffff
261635546002000,10000,10000,33,4349734,130292,Clear Rate,50,1,B,MI,882ab2c8d7fffff
261635546002001,10000,10000,39,4349734,130292,Clear Rate,50,1,B,MI,882ab2c8d7fffff
261635546002002,10000,10000,35,4349734,130292,Clear Rate,50,1,B,MI,882ab2c8d7fffff
261635546002003,10000,10000,38,4349734,130292,Clear Rate,50,1,B,MI,882ab2c8d7fffff
261635546002004,10000,10000,36,4349734,130292,Clear Rate,50,1,B,MI,882ab2c88bfffff
261635546002005,10000,10000,35,4349734,130292,Clear Rate,50,1,B,MI,882ab2c88bfffff
261635546002006,10000,10000,33,4349734,130292,Clear Rate,50,1,B,MI,882ab2c88bfffff
261635546002007,10000,10000,31,4349734,130292,Clear Rate,50,1,B,MI,882ab2c88bfffff
261635546002008,10000,10000,28,4349734,130292,Clear Rate,50,1,B,MI,882ab2c88bfffff
261635546002009,10000,10000,29,4349734,130292,Clear Rate,50,1,B,MI,882ab2c88bfffff
261635546002010,10000,10000,37,4349734,130292,Clear Rate,50,1,B,MI,882ab2c89dfffff
261635546002011,10000,10000,36,4349734,130292,Clear Rate,50,1,B,MI,882ab2c89dfffff
261635546002012,10000,10000,33,4349734,130292,Clear Rate,50,1,B,MI,882ab2c89dfffff
261635546002013,10000,10000,36,4349734,130292,Clear Rate,50,1,B,MI,882ab2c89dfffff
261635546002014,10000,10000,26,4349734,130292,Clear Rate,50,1,B,MI,882ab2c8d7fffff
261635546002015,10000,10000,19,4349734,130292,Clear Rate,50,1,B,MI,882ab2c8d7fffff
261635546002016,10000,10000,10,4349734,130292,Clear Rate,50,1,B,MI,882ab2c8d7fffff
261635546002017,10000,10000,28,4349734,130292,Clear Rate,50,1,B,MI,882ab2c8d7fffff
261635546002018,10000,10000,24,4349734,130292,Clear Rate,50,1,B,MI,882ab2c89dfffff
261635546002019,10000,10000,23,4349734,130292,Clear Rate,50,1,B,MI,882ab2c89dfffff
261635546002020,10000,10000,18,4349734,130292,Clear Rate,50,1,B,MI,882ab2c89dfffff
261635546002021,10000,10000,21,4349734,130292,Clear Rate,50,1,B,MI,882ab2c89dfffff
261635546002022,10000,10000,19,4349734,130292,Clear Rate,50,1,B,MI,882ab2c89dfffff
261635546002023,10000,10000,16,4349734,130292,Clear Rate,50,1,B,MI,882ab2c89dfffff
261635546002024,10000,10000,10,4349734,130292,Clear Rate,50,1,B,MI,882ab2c89dfffff
261635546002025,10000,10000,11,4349734,130292,Clear Rate,50,1,B,MI,882ab2c89dfffff
261635546002026,10000,10000,12,4349734,130292,Clear Rate,50,1,B,MI,882ab2c89dfffff
261635546002027,10000,10000,9,4349734,130292,Clear Rate,50,1,B,MI,882ab2c89dfffff
261635546002028,10000,10000,13,4349734,130292,Clear Rate,50,1,B,MI,882ab2c89dfffff
261635546002029,10000,10000,5,4349734,130292,Clear Rate,50,1,B,MI,882ab2c89dfffff
261635546002030,10000,10000,6,4349734,130292,Clear Rate,50,1,B,MI,882ab2c89dfffff
261635546002031,10000,10000,8,4349734,130292,Clear Rate,50,1,B,MI,882ab2c89dfffff
261635547001000,10000,10000,4,4349734,130292,Clear Rate,50,1,B,MI,882ab2c89dfffff
261635547001001,10000,10000,14,4349734,130292,Clear Rate,50,1,B,MI,882ab2c89dfffff
261635547001002,10000,10000,4,4349734,130292,Clear Rate,50,1,B,MI,882ab2c89dfffff
261635547001003,10000,10000,9,4349734,130292,Clear Rate,50,1,B,MI,882ab2c89dfffff
261635547001004,10000,10000,15,4349734,130292,Clear Rate,50,1,B,MI,882ab2c89dfffff
261635547001005,10000,10000,17,4349734,130292,Clear Rate,50,1,B,MI,882ab2c89dfffff
261635547001006,10000,10000,16,4349734,130292,Clear Rate,50,1,B,MI,882ab2c89dfffff
261635547001007,10000,10000,12,4349734,130292,Clear Rate,50,1,B,MI,882ab2c89dfffff
261635547001010,10000,10000,23,4349734,130292,Clear Rate,50,1,B,MI,882ab2c89dfffff
261635547001011,10000,10000,9,4349734,130292,Clear Rate,50,1,B,MI,882ab2c895fffff
261635547001012,10000,10000,1,4349734,130292,Clear Rate,50,1,B,MI,882ab2c891fffff
261635547001014,10000,10000,26,4349734,130292,Clear Rate,50,1,B,MI,882ab2c895fffff
261635547001015,10000,10000,12,4349734,130292,Clear Rate,50,1,B,MI,882ab2c883fffff
261635547001016,10000,10000,21,4349734,130292,Clear Rate,50,1,B,MI,882ab2c895fffff
261635547001017,10000,10000,18,4349734,130292,Clear Rate,50,1,B,MI,882ab2c895fffff
261635547001018,10000,10000,21,4349734,130292,Clear Rate,50,1,B,MI,882ab2c895fffff
261635547001019,10000,10000,19,4349734,130292,Clear Rate,50,1,B,MI,882ab2c895fffff
261635547001020,10000,10000,19,4349734,130292,Clear Rate,50,1,B,MI,882ab2c895fffff
261635547001021,10000,10000,14,4349734,130292,Clear Rate,50,1,B,MI,882ab2c89dfffff
261635547001022,10000,10000,3,4349734,130292,Clear Rate,50,1,B,MI,882ab2c89dfffff
261635547001023,10000,10000,17,4349734,130292,Clear Rate,50,1,B,MI,882ab2c89dfffff
261635547001024,10000,10000,13,4349734,130292,Clear Rate,50,1,B,MI,882ab2c89dfffff
261635547001025,10000,10000,11,4349734,130292,Clear Rate,50,1,B,MI,882ab2c89dfffff
261635547001026,10000,10000,8,4349734,130292,Clear Rate,50,1,B,MI,882ab2c89dfffff
261635547001027,10000,10000,3,4349734,130292,Clear Rate,50,1,B,MI,882ab2c89dfffff
261635547001028,10000,10000,16,4349734,130292,Clear Rate,50,1,B,MI,882ab2c89dfffff
261635547001029,10000,10000,13,4349734,130292,Clear Rate,50,1,B,MI,882ab2c89dfffff
261635547001030,10000,10000,1,4349734,130292,Clear Rate,50,1,B,MI,882ab2c89dfffff
261635547001031,10000,10000,1,4349734,130292,Clear Rate,50,1,B,MI,882ab2c891fffff
261635547001032,10000,10000,14,4349734,130292,Clear Rate,50,1,B,MI,882ab2c891fffff
261635547001033,10000,10000,21,4349734,130292,Clear Rate,50,1,B,MI,882ab2c89dfffff
261635547001034,10000,10000,12,4349734,130292,Clear Rate,50,1,B,MI,882ab2c89dfffff
261635547002000,10000,10000,8,4349734,130292,Clear Rate,50,1,B,MI,882ab2c891fffff
261635547002001,10000,10000,75,4349734,130292,Clear Rate,50,1,B,MI,882ab2c895fffff
261635547002002,10000,10000,65,4349734,130292,Clear Rate,50,1,B,MI,882ab2c895fffff
261635547002003,10000,10000,83,4349734,130292,Clear Rate,50,1,B,MI,882ab2c8bbfffff
261635547002004,10000,10000,49,4349734,130292,Clear Rate,50,1,B,MI,882ab2c897fffff
261635547002005,10000,10000,80,4349734,130292,Clear Rate,50,1,B,MI,882ab2c8bbfffff
261635547002006,10000,10000,118,4349734,130292,Clear Rate,50,1,B,MI,882ab2c8bbfffff
261635547002007,10000,10000,80,4349734,130292,Clear Rate,50,1,B,MI,882ab2c895fffff
261635547002008,10000,10000,18,4349734,130292,Clear Rate,50,1,B,MI,882ab2c895fffff
261635547002009,10000,10000,22,4349734,130292,Clear Rate,50,1,B,MI,882ab2c895fffff
261635547002010,10000,10000,50,4349734,130292,Clear Rate,50,1,B,MI,882ab2c891fffff
261635547002011,10000,10000,22,4349734,130292,Clear Rate,50,1,B,MI,882ab2c897fffff
261635547002012,10000,10000,16,4349734,130292,Clear Rate,50,1,B,MI,882ab2c897fffff
261635547002013,10000,10000,14,4349734,130292,Clear Rate,50,1,B,MI,882ab2c891fffff
261635547002014,10000,10000,8,4349734,130292,Clear Rate,50,1,B,MI,882ab2c891fffff
261635547002015,10000,10000,15,4349734,130292,Clear Rate,50,1,B,MI,882ab2c891fffff
261635547002016,10000,10000,14,4349734,130292,Clear Rate,50,1,B,MI,882ab2c891fffff
261635547002017,10000,10000,18,4349734,130292,Clear Rate,50,1,B,MI,882ab2c893fffff
261635547002018,10000,10000,16,4349734,130292,Clear Rate,50,1,B,MI,882ab2c893fffff
261635547002019,10000,10000,21,4349734,130292,Clear Rate,50,1,B,MI,882ab2c897fffff
261635547002022,10000,10000,10,4349734,130292,Clear Rate,50,1,B,MI,882ab2c897fffff
261635547002023,10000,10000,5,4349734,130292,Clear Rate,50,1,B,MI,882ab2c897fffff
261635547002025,10000,10000,23,4349734,130292,Clear Rate,50,1,B,MI,882ab2c8bbfffff
261635548001000,10000,10000,7,4349734,130292,Clear Rate,50,1,B,MI,882ab2cf25fffff
261635548001002,10000,10000,2,4349734,130292,Clear Rate,50,1,B,MI,882ab2cf25fffff
261635548001003,10000,10000,13,4349734,130292,Clear Rate,50,1,B,MI,882ab2c8d3fffff
261635548001004,10000,10000,28,4349734,130292,Clear Rate,50,1,B,MI,882ab2cf25fffff
261635548001005,10000,10000,68,4349734,130292,Clear Rate,50,1,B,MI,882ab2c899fffff
261635548001006,10000,10000,7,4349734,130292,Clear Rate,50,1,B,MI,882ab2cf25fffff
261635548001007,10000,10000,51,4349734,130292,Clear Rate,50,1,B,MI,882ab2c89bfffff
261635548001008,10000,10000,60,4349734,130292,Clear Rate,50,1,B,MI,882ab2c89bfffff
261635548001009,10000,10000,38,4349734,130292,Clear Rate,50,1,B,MI,882ab2c89bfffff
261635548001010,10000,10000,3,4349734,130292,Clear Rate,50,1,B,MI,882ab2cf27fffff
261635548001011,10000,10000,8,4349734,130292,Clear Rate,50,1,B,MI,882ab2cf25fffff
261635548001012,10000,10000,26,4349734,130292,Clear Rate,50,1,B,MI,882ab2c89bfffff
261635548001013,10000,10000,25,4349734,130292,Clear Rate,50,1,B,MI,882ab2c89bfffff
261635548001014,10000,10000,61,4349734,130292,Clear Rate,50,1,B,MI,882ab2cd4dfffff
261635548001015,10000,10000,38,4349734,130292,Clear Rate,50,1,B,MI,882ab2c89bfffff
261635548001016,10000,10000,37,4349734,130292,Clear Rate,50,1,B,MI,882ab2c89bfffff
261635548001018,10000,10000,30,4349734,130292,Clear Rate,50,1,B,MI,882ab2cf25fffff
261635548001019,10000,10000,30,4349734,130292,Clear Rate,50,1,B,MI,882ab2cf25fffff
261635548001020,10000,10000,28,4349734,130292,Clear Rate,50,1,B,MI,882ab2cf25fffff
261635548001021,10000,10000,2,4349734,130292,Clear Rate,50,1,B,MI,882ab2cf27fffff
261635548001022,10000,10000,37,4349734,130292,Clear Rate,50,1,B,MI,882ab2cf27fffff
261635548001023,10000,10000,16,4349734,130292,Clear Rate,50,1,B,MI,882ab2cf27fffff
261635548001028,10000,10000,20,4349734,130292,Clear Rate,50,1,B,MI,882ab2c89bfffff
261635548001029,10000,10000,34,4349734,130292,Clear Rate,50,1,B,MI,882ab2cf27fffff
261635548001030,10000,10000,31,4349734,130292,Clear Rate,50,1,B,MI,882ab2cf27fffff
261635548001033,10000,10000,1,4349734,130292,Clear Rate,50,1,B,MI,882ab2cf27fffff
261635548002000,10000,10000,21,4349734,130292,Clear Rate,50,1,B,MI,882ab2c899fffff
261635548002001,10000,10000,18,4349734,130292,Clear Rate,50,1,B,MI,882ab2c899fffff
261635548002002,10000,10000,17,4349734,130292,Clear Rate,50,1,B,MI,882ab2c899fffff
261635548002003,10000,10000,18,4349734,130292,Clear Rate,50,1,B,MI,882ab2c899fffff
261635548002004,10000,10000,8,4349734,130292,Clear Rate,50,1,B,MI,882ab2c899fffff
261635548002005,10000,10000,12,4349734,130292,Clear Rate,50,1,B,MI,882ab2c899fffff
261635548002006,10000,10000,15,4349734,130292,Clear Rate,50,1,B,MI,882ab2c899fffff
261635548002007,10000,10000,28,4349734,130292,Clear Rate,50,1,B,MI,882ab2c899fffff
261635548002008,10000,10000,12,4349734,130292,Clear Rate,50,1,B,MI,882ab2c899fffff
261635548002009,10000,10000,5,4349734,130292,Clear Rate,50,1,B,MI,882ab2c899fffff
261635548002010,10000,10000,23,4349734,130292,Clear Rate,50,1,B,MI,882ab2c899fffff
261635548002011,10000,10000,23,4349734,130292,Clear Rate,50,1,B,MI,882ab2c899fffff
261635548002012,10000,10000,1,4349734,130292,Clear Rate,50,1,B,MI,882ab2c899fffff
261635548002014,10000,10000,1,4349734,130292,Clear Rate,50,1,B,MI,882ab2c891fffff
261635548002015,10000,10000,21,4349734,130292,Clear Rate,50,1,B,MI,882ab2c899fffff
261635548002016,10000,10000,28,4349734,130292,Clear Rate,50,1,B,MI,882ab2c899fffff
261635548002017,10000,10000,31,4349734,130292,Clear Rate,50,1,B,MI,882ab2c891fffff
261635548003000,10000,10000,15,4349734,130292,Clear Rate,50,1,B,MI,882ab2c89bfffff
261635548003001,10000,10000,16,4349734,130292,Clear Rate,50,1,B,MI,882ab2c89bfffff
261635548003002,10000,10000,11,4349734,130292,Clear Rate,50,1,B,MI,882ab2c89bfffff
261635548003003,10000,10000,19,4349734,130292,Clear Rate,50,1,B,MI,882ab2c89bfffff
261635548003004,10000,10000,24,4349734,130292,Clear Rate,50,1,B,MI,882ab2c89bfffff
261635548003006,10000,10000,16,4349734,130292,Clear Rate,50,1,B,MI,882ab2c89bfffff
261635548003007,10000,10000,16,4349734,130292,Clear Rate,50,1,B,MI,882ab2c891fffff
261635548003008,10000,10000,18,4349734,130292,Clear Rate,50,1,B,MI,882ab2c89bfffff
261635548003009,10000,10000,18,4349734,130292,Clear Rate,50,1,B,MI,882ab2c89bfffff
261635548003010,10000,10000,3,4349734,130292,Clear Rate,50,1,B,MI,882ab2c89bfffff
261635548003011,10000,10000,8,4349734,130292,Clear Rate,50,1,B,MI,882ab2c89bfffff
261635548003012,10000,10000,12,4349734,130292,Clear Rate,50,1,B,MI,882ab2c89bfffff
261635548003013,10000,10000,17,4349734,130292,Clear Rate,50,1,B,MI,882ab2c89bfffff
261635548003014,10000,10000,48,4349734,130292,Clear Rate,50,1,B,MI,882ab2cd4dfffff
261635548003015,10000,10000,47,4349734,130292,Clear Rate,50,1,B,MI,882ab2c89bfffff
261635548003016,10000,10000,19,4349734,130292,Clear Rate,50,1,B,MI,882ab2c89bfffff
261635548003017,10000,10000,14,4349734,130292,Clear Rate,50,1,B,MI,882ab2c89bfffff
261635548003018,10000,10000,13,4349734,130292,Clear Rate,50,1,B,MI,882ab2c893fffff
261635548003019,10000,10000,14,4349734,130292,Clear Rate,50,1,B,MI,882ab2c893fffff
261635548003020,10000,10000,13,4349734,130292,Clear Rate,50,1,B,MI,882ab2c893fffff
261635548003021,10000,10000,14,4349734,130292,Clear Rate,50,1,B,MI,882ab2c893fffff
261635548003022,10000,10000,15,4349734,130292,Clear Rate,50,1,B,MI,882ab2c891fffff
261635548003023,10000,10000,13,4349734,130292,Clear Rate,50,1,B,MI,882ab2c891fffff
261635548003024,10000,10000,12,4349734,130292,Clear Rate,50,1,B,MI,882ab2c891fffff
261635548003026,10000,10000,16,4349734,130292,Clear Rate,50,1,B,MI,882ab2c893fffff
261635549001011,10000,10000,6,4349734,130292,Clear Rate,50,1,B,MI,882ab2cd49fffff
261635549001012,10000,10000,6,4349734,130292,Clear Rate,50,1,B,MI,882ab2cd49fffff
261635549001015,10000,10000,21,4349734,130292,Clear Rate,50,1,B,MI,882ab2cd4dfffff
261635549001016,10000,10000,11,4349734,130292,Clear Rate,50,1,B,MI,882ab2cd4dfffff
261635549001017,10000,10000,23,4349734,130292,Clear Rate,50,1,B,MI,882ab2cd4dfffff
261635549001018,10000,10000,17,4349734,130292,Clear Rate,50,1,B,MI,882ab2cd4dfffff
261635549001019,10000,10000,22,4349734,130292,Clear Rate,50,1,B,MI,882ab2cd4dfffff
261635549001020,10000,10000,44,4349734,130292,Clear Rate,50,1,B,MI,882ab2cd4dfffff
261635549001021,10000,10000,47,4349734,130292,Clear Rate,50,1,B,MI,882ab2cd4dfffff
261635549001022,10000,10000,35,4349734,130292,Clear Rate,50,1,B,MI,882ab2cd4dfffff
261635549001023,10000,10000,47,4349734,130292,Clear Rate,50,1,B,MI,882ab2cd4dfffff
261635549001024,10000,10000,43,4349734,130292,Clear Rate,50,1,B,MI,882ab2c893fffff
261635549001025,10000,10000,53,4349734,130292,Clear Rate,50,1,B,MI,882ab2c893fffff
261635549001026,10000,10000,35,4349734,130292,Clear Rate,50,1,B,MI,882ab2c893fffff
261635549001027,10000,10000,34,4349734,130292,Clear Rate,50,1,B,MI,882ab2c893fffff
261635549001028,10000,10000,78,4349734,130292,Clear Rate,50,1,B,MI,882ab2c893fffff
261635549001029,10000,10000,15,4349734,130292,Clear Rate,50,1,B,MI,882ab2cd45fffff
261635549001030,10000,10000,8,4349734,130292,Clear Rate,50,1,B,MI,882ab2c893fffff
261635549001031,10000,10000,11,4349734,130292,Clear Rate,50,1,B,MI,882ab2c893fffff
261635549001032,10000,10000,48,4349734,130292,Clear Rate,50,1,B,MI,882ab2cd45fffff
261635549001033,10000,10000,2,4349734,130292,Clear Rate,50,1,B,MI,882ab2cd45fffff
261635549001034,10000,10000,41,4349734,130292,Clear Rate,50,1,B,MI,882ab2cd4dfffff
261635549001035,10000,10000,42,4349734,130292,Clear Rate,50,1,B,MI,882ab2cd4dfffff
261635549001036,10000,10000,36,4349734,130292,Clear Rate,50,1,B,MI,882ab2cd4dfffff
261635549002004,10000,10000,5,4349734,130292,Clear Rate,50,1,B,MI,882ab2c897fffff
261635549002005,10000,10000,176,4349734,130292,Clear Rate,50,1,B,MI,882ab2cd69fffff
261635549002006,10000,10000,33,4349734,130292,Clear Rate,50,1,B,MI,882ab2cd6dfffff
261635549002007,10000,10000,26,4349734,130292,Clear Rate,50,1,B,MI,882ab2c893fffff
261635549002008,10000,10000,18,4349734,130292,Clear Rate,50,1,B,MI,882ab2c893fffff
261635549002009,10000,10000,32,4349734,130292,Clear Rate,50,1,B,MI,882ab2cd6dfffff
261635549002010,10000,10000,34,4349734,130292,Clear Rate,50,1,B,MI,882ab2cd69fffff
261635549002011,10000,10000,33,4349734,130292,Clear Rate,50,1,B,MI,882ab2cd69fffff
261635549002012,10000,10000,29,4349734,130292,Clear Rate,50,1,B,MI,882ab2cd69fffff
261635549002013,10000,10000,34,4349734,130292,Clear Rate,50,1,B,MI,882ab2c897fffff
261635549002014,10000,10000,27,4349734,130292,Clear Rate,50,1,B,MI,882ab2cd69fffff
261635549002015,10000,10000,34,4349734,130292,Clear Rate,50,1,B,MI,882ab2cd69fffff
261635549002016,10000,10000,16,4349734,130292,Clear Rate,50,1,B,MI,882ab2c897fffff
261635549002017,10000,10000,32,4349734,130292,Clear Rate,50,1,B,MI,882ab2cd6dfffff
261635549002018,10000,10000,41,4349734,130292,Clear Rate,50,1,B,MI,882ab2cd6dfffff
261635549002022,10000,10000,17,4349734,130292,Clear Rate,50,1,B,MI,882ab2c893fffff
261635549002023,10000,10000,14,4349734,130292,Clear Rate,50,1,B,MI,882ab2c893fffff
261635549002024,10000,10000,34,4349734,130292,Clear Rate,50,1,B,MI,882ab2c897fffff
261635549002025,10000,10000,34,4349734,130292,Clear Rate,50,1,B,MI,882ab2c897fffff
261635549002026,10000,10000,34,4349734,130292,Clear Rate,50,1,B,MI,882ab2c897fffff
261635551001000,10000,10000,8,4349734,130292,Clear Rate,50,1,B,MI,882ab2cd61fffff
261635551001001,10000,10000,20,4349734,130292,Clear Rate,50,1,B,MI,882ab2cd61fffff
261635551001002,10000,10000,3,4349734,130292,Clear Rate,50,1,B,MI,882ab2cd61fffff
261635551001003,10000,10000,4,4349734,130292,Clear Rate,50,1,B,MI,882ab2cd61fffff
261635551001004,10000,10000,3,4349734,130292,Clear Rate,50,1,B,MI,882ab2cd61fffff
261635551001005,10000,10000,2,4349734,130292,Clear Rate,50,1,B,MI,882ab2cd61fffff
261635551001006,10000,10000,1,4349734,130292,Clear Rate,50,1,B,MI,882ab2cd61fffff
261635551001007,10000,10000,3,4349734,130292,Clear Rate,50,1,B,MI,882ab2cd61fffff
261635551001008,10000,10000,34,4349734,130292,Clear Rate,50,1,B,MI,882ab2cd61fffff
261635551001009,10000,10000,29,4349734,130292,Clear Rate,50,1,B,MI,882ab2cd61fffff
261635551001010,10000,10000,31,4349734,130292,Clear Rate,50,1,B,MI,882ab2cd61fffff
261635551001011,10000,10000,29,4349734,130292,Clear Rate,50,1,B,MI,882ab2cd61fffff
261635551001012,10000,10000,44,4349734,130292,Clear Rate,50,1,B,MI,882ab2cd63fffff
261635551001013,10000,10000,31,4349734,130292,Clear Rate,50,1,B,MI,882ab2cd61fffff
261635551001014,10000,10000,15,4349734,130292,Clear Rate,50,1,B,MI,882ab2cd63fffff
261635551001015,10000,10000,26,4349734,130292,Clear Rate,50,1,B,MI,882ab2cd63fffff
261635551001016,10000,10000,21,4349734,130292,Clear Rate,50,1,B,MI,882ab2cd63fffff
261635551001017,10000,10000,19,4349734,130292,Clear Rate,50,1,B,MI,882ab2cd63fffff
261635551001018,10000,10000,23,4349734,130292,Clear Rate,50,1,B,MI,882ab2cd63fffff
261635551001019,10000,10000,9,4349734,130292,Clear Rate,50,1,B,MI,882ab2cd63fffff
261635551001020,10000,10000,14,4349734,130292,Clear Rate,50,1,B,MI,882ab2cd63fffff
261635551001021,10000,10000,24,4349734,130292,Clear Rate,50,1,B,MI,882ab2cd61fffff
261635551001022,10000,10000,21,4349734,130292,Clear Rate,50,1,B,MI,882ab2cd67fffff
261635551001023,10000,10000,31,4349734,130292,Clear Rate,50,1,B,MI,882ab2cd67fffff
261635551002000,10000,10000,4,4349734,130292,Clear Rate,50,1,B,MI,882ab2cd6bfffff
261635551002001,10000,10000,4,4349734,130292,Clear Rate,50,1,B,MI,882ab2cd6bfffff
261635551002002,10000,10000,10,4349734,130292,Clear Rate,50,1,B,MI,882ab2cd6bfffff
261635551002003,10000,10000,6,4349734,130292,Clear Rate,50,1,B,MI,882ab2cd6bfffff
261635551002004,10000,10000,1,4349734,130292,Clear Rate,50,1,B,MI,882ab2cd6bfffff
261635551002005,10000,10000,5,4349734,130292,Clear Rate,50,1,B,MI,882ab2cd6bfffff
261635551002006,10000,10000,44,4349734,130292,Clear Rate,50,1,B,MI,882ab2cd6bfffff
261635551002007,10000,10000,8,4349734,130292,Clear Rate,50,1,B,MI,882ab2cd6bfffff
261635551002008,10000,10000,31,4349734,130292,Clear Rate,50,1,B,MI,882ab2cd6bfffff
261635551002009,10000,10000,25,4349734,130292,Clear Rate,50,1,B,MI,882ab2cd6bfffff
261635551002010,10000,10000,10,4349734,130292,Clear Rate,50,1,B,MI,882ab2cd6bfffff
261635551002011,10000,10000,7,4349734,130292,Clear Rate,50,1,B,MI,882ab2cd6bfffff
261635551002012,10000,10000,23,4349734,130292,Clear Rate,50,1,B,MI,882ab2cd6bfffff
261635551002013,10000,10000,21,4349734,130292,Clear Rate,50,1,B,MI,882ab2cd6bfffff
261635551002014,10000,10000,1,4349734,130292,Clear Rate,50,1,B,MI,882ab2cd6bfffff
261635551002015,10000,10000,24,4349734,130292,Clear Rate,50,1,B,MI,882ab2cd63fffff
261635551002016,10000,10000,20,4349734,130292,Clear Rate,50,1,B,MI,882ab2cd63fffff
261635551002017,10000,10000,21,4349734,130292,Clear Rate,50,1,B,MI,882ab2cd63fffff
261635551002018,10000,10000,43,4349734,130292,Clear Rate,50,1,B,MI,882ab2cd6bfffff
261635551002019,10000,10000,36,4349734,130292,Clear Rate,50,1,B,MI,882ab2cd6bfffff
261635551002021,10000,10000,14,4349734,130292,Clear Rate,50,1,B,MI,882ab2cd6bfffff
261635551002024,10000,10000,5,4349734,130292,Clear Rate,50,1,B,MI,882ab2cd63fffff
261635551002025,10000,10000,13,4349734,130292,Clear Rate,50,1,B,MI,882ab2cd63fffff
261635551002029,10000,10000,22,4349734,130292,Clear Rate,50,1,B,MI,882ab2cd6bfffff
261635551002030,10000,10000,21,4349734,130292,Clear Rate,50,1,B,MI,882ab2cd6bfffff
261635551002031,10000,10000,22,4349734,130292,Clear Rate,50,1,B,MI,882ab2cd0dfffff
261635551002032,10000,10000,8,4349734,130292,Clear Rate,50,1,B,MI,882ab2cd0dfffff
261635551003000,10000,10000,105,4349734,130292,Clear Rate,50,1,B,MI,882ab2cd69fffff
261635551003001,10000,10000,16,4349734,130292,Clear Rate,50,1,B,MI,882ab2cd61fffff
261635551003002,10000,10000,28,4349734,130292,Clear Rate,50,1,B,MI,882ab2cd69fffff
261635551003003,10000,10000,25,4349734,130292,Clear Rate,50,1,B,MI,882ab2cd61fffff
261635551003004,10000,10000,33,4349734,130292,Clear Rate,50,1,B,MI,882ab2cd61fffff
261635551003005,10000,10000,27,4349734,130292,Clear Rate,50,1,B,MI,882ab2cd6bfffff
261635551003006,10000,10000,24,4349734,130292,Clear Rate,50,1,B,MI,882ab2cd69fffff
261635551003007,10000,10000,31,4349734,130292,Clear Rate,50,1,B,MI,882ab2cd61fffff
261635551003008,10000,10000,24,4349734,130292,Clear Rate,50,1,B,MI,882ab2cd69fffff
261635551003009,10000,10000,31,4349734,130292,Clear Rate,50,1,B,MI,882ab2cd61fffff
261635551003010,10000,10000,20,4349734,130292,Clear Rate,50,1,B,MI,882ab2cd61fffff
261635551003011,10000,10000,12,4349734,130292,Clear Rate,50,1,B,MI,882ab2cd61fffff
261635551003012,10000,10000,27,4349734,130292,Clear Rate,50,1,B,MI,882ab2cd61fffff
261635551003013,10000,10000,12,4349734,130292,Clear Rate,50,1,B,MI,882ab2cd61fffff
261635551003014,10000,10000,1,4349734,130292,Clear Rate,50,1,B,MI,882ab2cd61fffff
261635551003015,10000,10000,11,4349734,130292,Clear Rate,50,1,B,MI,882ab2cd61fffff
261635551003016,10000,10000,8,4349734,130292,Clear Rate,50,1,B,MI,882ab2cd6bfffff
261635551003017,10000,10000,22,4349734,130292,Clear Rate,50,1,B,MI,882ab2cd6bfffff
261635551003018,10000,10000,25,4349734,130292,Clear Rate,50,1,B,MI,882ab2cd6bfffff
261635551003019,10000,10000,15,4349734,130292,Clear Rate,50,1,B,MI,882ab2cd6bfffff
261635551003020,10000,10000,18,4349734,130292,Clear Rate,50,1,B,MI,882ab2cd6bfffff
261635551003021,10000,10000,25,4349734,130292,Clear Rate,50,1,B,MI,882ab2cd6bfffff
261635551003022,10000,10000,9,4349734,130292,Clear Rate,50,1,B,MI,882ab2cd6bfffff
261635551003023,10000,10000,5,4349734,130292,Clear Rate,50,1,B,MI,882ab2cd6bfffff
261635551003024,10000,10000,16,4349734,130292,Clear Rate,50,1,B,MI,882ab2cd45fffff
261635551003025,10000,10000,3,4349734,130292,Clear Rate,50,1,B,MI,882ab2cd61fffff
261635551003026,10000,10000,24,4349734,130292,Clear Rate,50,1,B,MI,882ab2cd61fffff
261635551003027,10000,10000,11,4349734,130292,Clear Rate,50,1,B,MI,882ab2cd61fffff
261635551003028,10000,10000,3,4349734,130292,Clear Rate,50,1,B,MI,882ab2cd61fffff
261635551003029,10000,10000,14,4349734,130292,Clear Rate,50,1,B,MI,882ab2cd61fffff
261635551003030,10000,10000,2,4349734,130292,Clear Rate,50,1,B,MI,882ab2cd6bfffff
261635551003031,10000,10000,2,4349734,130292,Clear Rate,50,1,B,MI,882ab2cd6bfffff
261635551003032,10000,10000,5,4349734,130292,Clear Rate,50,1,B,MI,882ab2cd6bfffff
261635553001001,10000,10000,23,4349734,130292,Clear Rate,50,1,B,MI,882ab2cd47fffff
261635553001002,10000,10000,28,4349734,130292,Clear Rate,50,1,B,MI,882ab2cd43fffff
261635553001003,10000,10000,32,4349734,130292,Clear Rate,50,1,B,MI,882ab2cd41fffff
261635553001004,10000,10000,58,4349734,130292,Clear Rate,50,1,B,MI,882ab2cd47fffff
261635553001005,10000,10000,47,4349734,130292,Clear Rate,50,1,B,MI,882ab2cd47fffff
261635553001006,10000,10000,11,4349734,130292,Clear Rate,50,1,B,MI,882ab2cd47fffff
261635553001007,10000,10000,26,4349734,130292,Clear Rate,50,1,B,MI,882ab2cd47fffff
261635553001008,10000,10000,24,4349734,130292,Clear Rate,50,1,B,MI,882ab2cd47fffff
261635553001009,10000,10000,26,4349734,130292,Clear Rate,50,1,B,MI,882ab2cd47fffff
261635553001010,10000,10000,11,4349734,130292,Clear Rate,50,1,B,MI,882ab2cd47fffff
261635553001011,10000,10000,17,4349734,130292,Clear Rate,50,1,B,MI,882ab2cd47fffff
261635553001012,10000,10000,20,4349734,130292,Clear Rate,50,1,B,MI,882ab2cd47fffff
261635553001013,10000,10000,1,4349734,130292,Clear Rate,50,1,B,MI,882ab2cd47fffff
261635553001014,10000,10000,18,4349734,130292,Clear Rate,50,1,B,MI,882ab2cd47fffff
261635553001015,10000,10000,19,4349734,130292,Clear Rate,50,1,B,MI,882ab2cd43fffff
261635553001016,10000,10000,19,4349734,130292,Clear Rate,50,1,B,MI,882ab2cd43fffff
261635553001017,10000,10000,15,4349734,130292,Clear Rate,50,1,B,MI,882ab2cd43fffff
261635553001019,10000,10000,10,4349734,130292,Clear Rate,50,1,B,MI,882ab2cd47fffff
261635553001020,10000,10000,25,4349734,130292,Clear Rate,50,1,B,MI,882ab2cd47fffff
261635553002001,10000,10000,24,4349734,130292,Clear Rate,50,1,B,MI,882ab2cd41fffff
261635553002002,10000,10000,9,4349734,130292,Clear Rate,50,1,B,MI,882ab2cd41fffff
261635553002003,10000,10000,12,4349734,130292,Clear Rate,50,1,B,MI,882ab2cd45fffff
261635553002004,10000,10000,14,4349734,130292,Clear Rate,50,1,B,MI,882ab2cd6bfffff
261635553002005,10000,10000,8,4349734,130292,Clear Rate,50,1,B,MI,882ab2cd47fffff
261635553002006,10000,10000,13,4349734,130292,Clear Rate,50,1,B,MI,882ab2cd41fffff
261635553002007,10000,10000,3,4349734,130292,Clear Rate,50,1,B,MI,882ab2cd41fffff
261635553002008,10000,10000,13,4349734,130292,Clear Rate,50,1,B,MI,882ab2cd41fffff
261635553002009,10000,10000,16,4349734,130292,Clear Rate,50,1,B,MI,882ab2cd41fffff
261635553002011,10000,10000,4,4349734,130292,Clear Rate,50,1,B,MI,882ab2cd41fffff
261635553002012,10000,10000,4,4349734,130292,Clear Rate,50,1,B,MI,882ab2cd41fffff
261635553003000,10000,10000,64,4349734,130292,Clear Rate,50,1,B,MI,882ab2cd6bfffff
261635553003001,10000,10000,2,4349734,130292,Clear Rate,50,1,B,MI,882ab2cd6bfffff
261635553003002,10000,10000,32,4349734,130292,Clear Rate,50,1,B,MI,882ab2cd6bfffff
261635553003003,10000,10000,22,4349734,130292,Clear Rate,50,1,B,MI,882ab2cd6bfffff
261635553003004,10000,10000,2,4349734,130292,Clear Rate,50,1,B,MI,882ab2cd6bfffff
261635553003005,10000,10000,32,4349734,130292,Clear Rate,50,1,B,MI,882ab2cd6bfffff
261635553003006,10000,10000,3,4349734,130292,Clear Rate,50,1,B,MI,882ab2cd6bfffff
261635553003007,10000,10000,2,4349734,130292,Clear Rate,50,1,B,MI,882ab2cd6bfffff
261635553003008,10000,10000,2,4349734,130292,Clear Rate,50,1,B,MI,882ab2cd47fffff
261635553003009,10000,10000,2,4349734,130292,Clear Rate,50,1,B,MI,882ab2cd47fffff
261635553003010,10000,10000,3,4349734,130292,Clear Rate,50,1,B,MI,882ab2cd47fffff
261635553003011,10000,10000,29,4349734,130292,Clear Rate,50,1,B,MI,882ab2cd47fffff
261635553003012,10000,10000,23,4349734,130292,Clear Rate,50,1,B,MI,882ab2cd47fffff
261635553003013,10000,10000,24,4349734,130292,Clear Rate,50,1,B,MI,882ab2cd47fffff
261635553003014,10000,10000,28,4349734,130292,Clear Rate,50,1,B,MI,882ab2cd6bfffff
261635553003015,10000,10000,27,4349734,130292,Clear Rate,50,1,B,MI,882ab2cd6bfffff
261635553003016,10000,10000,37,4349734,130292,Clear Rate,50,1,B,MI,882ab2cd0dfffff
261635553003017,10000,10000,7,4349734,130292,Clear Rate,50,1,B,MI,882ab2cd47fffff
261635553003018,10000,10000,15,4349734,130292,Clear Rate,50,1,B,MI,882ab2cd47fffff
261635553003019,10000,10000,21,4349734,130292,Clear Rate,50,1,B,MI,882ab2cd47fffff
261635553003020,10000,10000,17,4349734,130292,Clear Rate,50,1,B,MI,882ab2cd47fffff
261635553003021,10000,10000,11,4349734,130292,Clear Rate,50,1,B,MI,882ab2cd0dfffff
261635553003022,10000,10000,28,4349734,130292,Clear Rate,50,1,B,MI,882ab2cd0dfffff
261635553003025,10000,10000,34,4349734,130292,Clear Rate,50,1,B,MI,882ab2cd0dfffff
261635553003026,10000,10000,21,4349734,130292,Clear Rate,50,1,B,MI,882ab2cd6bfffff
261635553003027,10000,10000,27,4349734,130292,Clear Rate,50,1,B,MI,882ab2cd6bfffff
261635554012016,10000,10000,1,4349734,130292,Clear Rate,50,1,B,MI,882ab2cd43fffff
261635562002001,10000,10000,26,4349734,130292,Clear Rate,50,1,B,MI,882ab2c833fffff
261635562002002,10000,10000,9,4349734,130292,Clear Rate,50,1,B,MI,882ab2c833fffff
261635563001000,10000,10000,28,4349734,130292,Clear Rate,50,1,B,MI,882ab2c837fffff
261635563001001,10000,10000,31,4349734,130292,Clear Rate,50,1,B,MI,882ab2c9cbfffff
261635563001002,10000,10000,16,4349734,130292,Clear Rate,50,1,B,MI,882ab2c9cbfffff
261635563001003,10000,10000,57,4349734,130292,Clear Rate,50,1,B,MI,882ab2c9cbfffff
261635563001004,10000,10000,8,4349734,130292,Clear Rate,50,1,B,MI,882ab2c9cbfffff
261635563001005,10000,10000,4,4349734,130292,Clear Rate,50,1,B,MI,882ab2c9cbfffff
261635563001007,10000,10000,25,4349734,130292,Clear Rate,50,1,B,MI,882ab2c837fffff
261635563002000,10000,10000,59,4349734,130292,Clear Rate,50,1,B,MI,882ab2c831fffff
261635563002001,10000,10000,4,4349734,130292,Clear Rate,50,1,B,MI,882ab2c831fffff
261635563002002,10000,10000,22,4349734,130292,Clear Rate,50,1,B,MI,882ab2c831fffff
261635563002003,10000,10000,21,4349734,130292,Clear Rate,50,1,B,MI,882ab2c837fffff
261635563002004,10000,10000,22,4349734,130292,Clear Rate,50,1,B,MI,882ab2c837fffff
261635563002005,10000,10000,21,4349734,130292,Clear Rate,50,1,B,MI,882ab2c837fffff
261635563002006,10000,10000,18,4349734,130292,Clear Rate,50,1,B,MI,882ab2c833fffff
261635563002007,10000,10000,15,4349734,130292,Clear Rate,50,1,B,MI,882ab2c833fffff
261635563002008,10000,10000,9,4349734,130292,Clear Rate,50,1,B,MI,882ab2c837fffff
261635563002009,10000,10000,3,4349734,130292,Clear Rate,50,1,B,MI,882ab2c837fffff
261635564001000,10000,10000,134,4349734,130292,Clear Rate,50,1,B,MI,882ab2c9c1fffff
261635564001001,10000,10000,17,4349734,130292,Clear Rate,50,1,B,MI,882ab2c9c5fffff
261635564001002,10000,10000,16,4349734,130292,Clear Rate,50,1,B,MI,882ab2c9c7fffff
261635564001006,10000,10000,30,4349734,130292,Clear Rate,50,1,B,MI,882ab2c9c7fffff
261635564001007,10000,10000,37,4349734,130292,Clear Rate,50,1,B,MI,882ab2c9c7fffff
261635564001009,10000,10000,19,4349734,130292,Clear Rate,50,1,B,MI,882ab2c9c3fffff
261635564001010,10000,10000,14,4349734,130292,Clear Rate,50,1,B,MI,882ab2c9c7fffff
261635564001011,10000,10000,31,4349734,130292,Clear Rate,50,1,B,MI,882ab2c9c7fffff
261635564001012,10000,10000,18,4349734,130292,Clear Rate,50,1,B,MI,882ab2c9c7fffff
261635564002000,10000,10000,124,4349734,130292,Clear Rate,50,1,B,MI,882ab2c9cbfffff
261635564002001,10000,10000,7,4349734,130292,Clear Rate,50,1,B,MI,882ab2c9c1fffff
261635564002002,10000,10000,8,4349734,130292,Clear Rate,50,1,B,MI,882ab2c9cbfffff
261635564002003,10000,10000,20,4349734,130292,Clear Rate,50,1,B,MI,882ab2c9cbfffff
261635564002009,10000,10000,44,4349734,130292,Clear Rate,50,1,B,MI,882ab2c9c3fffff
261635564002010,10000,10000,25,4349734,130292,Clear Rate,50,1,B,MI,882ab2c9c3fffff
261635564002011,10000,10000,25,4349734,130292,Clear Rate,50,1,B,MI,882ab2c9c3fffff
261635564002012,10000,10000,9,4349734,130292,Clear Rate,50,1,B,MI,882ab2c9c3fffff
261635564002013,10000,10000,3,4349734,130292,Clear Rate,50,1,B,MI,882ab2c9c3fffff
261635564002020,10000,10000,22,4349734,130292,Clear Rate,50,1,B,MI,882ab2c9c3fffff
261635583011016,10000,10000,31,4349734,130292,Clear Rate,50,1,B,MI,882ab2524bfffff
261635583011017,10000,10000,17,4349734,130292,Clear Rate,50,1,B,MI,882ab25247fffff
261635583011018,10000,10000,49,4349734,130292,Clear Rate,50,1,B,MI,882ab25247fffff
261635583011019,10000,10000,7,4349734,130292,Clear Rate,50,1,B,MI,882ab25247fffff
261635583011020,10000,10000,17,4349734,130292,Clear Rate,50,1,B,MI,882ab2524bfffff
261635583011022,10000,10000,17,4349734,130292,Clear Rate,50,1,B,MI,882ab2cd6dfffff
261635583011023,10000,10000,9,4349734,130292,Clear Rate,50,1,B,MI,882ab2524bfffff
261635583011024,10000,10000,9,4349734,130292,Clear Rate,50,1,B,MI,882ab25255fffff
261635583011025,10000,10000,31,4349734,130292,Clear Rate,50,1,B,MI,882ab2520dfffff
261635583011026,10000,10000,13,4349734,130292,Clear Rate,50,1,B,MI,882ab2520dfffff
261635583011030,10000,10000,6,4349734,130292,Clear Rate,50,1,B,MI,882ab25243fffff
261635583011031,10000,10000,4,4349734,130292,Clear Rate,50,1,B,MI,882ab25255fffff
261635583011032,10000,10000,23,4349734,130292,Clear Rate,50,1,B,MI,882ab25255fffff
261635583011033,10000,10000,1,4349734,130292,Clear Rate,50,1,B,MI,882ab2525dfffff
261635583011034,10000,10000,8,4349734,130292,Clear Rate,50,1,B,MI,882ab2525dfffff
261635583011035,10000,10000,1,4349734,130292,Clear Rate,50,1,B,MI,882ab2525dfffff
261635583011036,10000,10000,16,4349734,130292,Clear Rate,50,1,B,MI,882ab25243fffff
261635583011037,10000,10000,14,4349734,130292,Clear Rate,50,1,B,MI,882ab25255fffff
261635583011038,10000,10000,25,4349734,130292,Clear Rate,50,1,B,MI,882ab25209fffff
261635583012012,10000,10000,3,4349734,130292,Clear Rate,50,1,B,MI,882ab2526bfffff
261635583012013,10000,10000,19,4349734,130292,Clear Rate,50,1,B,MI,882ab2526bfffff
261635583012014,10000,10000,23,4349734,130292,Clear Rate,50,1,B,MI,882ab2526bfffff
261635583012015,10000,10000,12,4349734,130292,Clear Rate,50,1,B,MI,882ab25261fffff
261635583012016,10000,10000,39,4349734,130292,Clear Rate,50,1,B,MI,882ab25261fffff
261635583012017,10000,10000,23,4349734,130292,Clear Rate,50,1,B,MI,882ab2535bfffff
261635583012018,10000,10000,10,4349734,130292,Clear Rate,50,1,B,MI,882ab25359fffff
261635583012019,10000,10000,1,4349734,130292,Clear Rate,50,1,B,MI,882ab25267fffff
261635583012020,10000,10000,29,4349734,130292,Clear Rate,50,1,B,MI,882ab25261fffff
261635583012021,10000,10000,12,4349734,130292,Clear Rate,50,1,B,MI,882ab25263fffff
261635583012022,10000,10000,22,4349734,130292,Clear Rate,50,1,B,MI,882ab2526bfffff
261635583012023,10000,10000,19,4349734,130292,Clear Rate,50,1,B,MI,882ab2520dfffff
261635583012024,10000,10000,11,4349734,130292,Clear Rate,50,1,B,MI,882ab2526bfffff
261635583012026,10000,10000,2,4349734,130292,Clear Rate,50,1,B,MI,882ab25267fffff
261635583012027,10000,10000,62,4349734,130292,Clear Rate,50,1,B,MI,882ab25263fffff
261635583012028,10000,10000,4,4349734,130292,Clear Rate,50,1,B,MI,882ab25263fffff
261635583012029,10000,10000,22,4349734,130292,Clear Rate,50,1,B,MI,882ab25263fffff
261635583012030,10000,10000,25,4349734,130292,Clear Rate,50,1,B,MI,882ab25263fffff
261635583012031,10000,10000,10,4349734,130292,Clear Rate,50,1,B,MI,882ab25263fffff
261635583012032,10000,10000,21,4349734,130292,Clear Rate,50,1,B,MI,882ab25263fffff
261635583012033,10000,10000,12,4349734,130292,Clear Rate,50,1,B,MI,882ab25263fffff
261635583012034,10000,10000,35,4349734,130292,Clear Rate,50,1,B,MI,882ab25263fffff
261635583012035,10000,10000,1,4349734,130292,Clear Rate,50,1,B,MI,882ab25205fffff
261635583012036,10000,10000,9,4349734,130292,Clear Rate,50,1,B,MI,882ab2535bfffff
261635583012037,10000,10000,17,4349734,130292,Clear Rate,50,1,B,MI,882ab25353fffff
261635583012038,10000,10000,117,4349734,130292,Clear Rate,50,1,B,MI,882ab25357fffff
261635583012039,10000,10000,11,4349734,130292,Clear Rate,50,1,B,MI,882ab25353fffff
261635583012040,10000,10000,29,4349734,130292,Clear Rate,50,1,B,MI,882ab2522dfffff
261635583012041,10000,10000,14,4349734,130292,Clear Rate,50,1,B,MI,882ab2522dfffff
261635583012042,10000,10000,31,4349734,130292,Clear Rate,50,1,B,MI,882ab25209fffff
261635583013000,10000,10000,161,4349734,130292,Clear Rate,50,1,B,MI,882ab25259fffff
261635583013001,10000,10000,23,4349734,130292,Clear Rate,50,1,B,MI,882ab2cd65fffff
261635583013002,10000,10000,21,4349734,130292,Clear Rate,50,1,B,MI,882ab2cd65fffff
261635583013003,10000,10000,17,4349734,130292,Clear Rate,50,1,B,MI,882ab2cd65fffff
261635583013004,10000,10000,20,4349734,130292,Clear Rate,50,1,B,MI,882ab2cd65fffff
261635583013005,10000,10000,20,4349734,130292,Clear Rate,50,1,B,MI,882ab2cd65fffff
261635583013006,10000,10000,31,4349734,130292,Clear Rate,50,1,B,MI,882ab2cd65fffff
261635583013007,10000,10000,34,4349734,130292,Clear Rate,50,1,B,MI,882ab2cd65fffff
261635583013008,10000,10000,10,4349734,130292,Clear Rate,50,1,B,MI,882ab2cd65fffff
261635583013009,10000,10000,9,4349734,130292,Clear Rate,50,1,B,MI,882ab2cd65fffff
261635583013010,10000,10000,16,4349734,130292,Clear Rate,50,1,B,MI,882ab2cd65fffff
261635583013011,10000,10000,14,4349734,130292,Clear Rate,50,1,B,MI,882ab2cd61fffff
261635583013012,10000,10000,24,4349734,130292,Clear Rate,50,1,B,MI,882ab2cd61fffff
261635584001001,10000,10000,2,4349734,130292,Clear Rate,50,1,B,MI,882ab25353fffff
261635584001002,10000,10000,3,4349734,130292,Clear Rate,50,1,B,MI,882ab25357fffff
261635585001000,10000,10000,42,4349734,130292,Clear Rate,50,1,B,MI,882ab2522bfffff
261635585001001,10000,10000,16,4349734,130292,Clear Rate,50,1,B,MI,882ab2522bfffff
261635585002000,10000,10000,27,4349734,130292,Clear Rate,50,1,B,MI,882ab25229fffff
261635585002001,10000,10000,75,4349734,130292,Clear Rate,50,1,B,MI,882ab25229fffff
261635585002002,10000,10000,6,4349734,130292,Clear Rate,50,1,B,MI,882ab2522dfffff
261635585002003,10000,10000,37,4349734,130292,Clear Rate,50,1,B,MI,882ab25229fffff
261635585002004,10000,10000,44,4349734,130292,Clear Rate,50,1,B,MI,882ab25229fffff
261635585002005,10000,10000,22,4349734,130292,Clear Rate,50,1,B,MI,882ab25221fffff
261635585002006,10000,10000,27,4349734,130292,Clear Rate,50,1,B,MI,882ab25221fffff
261635585002009,10000,10000,9,4349734,130292,Clear Rate,50,1,B,MI,882ab2522dfffff
261635585002010,10000,10000,40,4349734,130292,Clear Rate,50,1,B,MI,882ab2522dfffff
261635585002013,10000,10000,21,4349734,130292,Clear Rate,50,1,B,MI,882ab2522bfffff
261635585002014,10000,10000,63,4349734,130292,Clear Rate,50,1,B,MI,882ab2522bfffff
261635585002015,10000,10000,18,4349734,130292,Clear Rate,50,1,B,MI,882ab2522bfffff
261635585002016,10000,10000,18,4349734,130292,Clear Rate,50,1,B,MI,882ab2522bfffff
261635585002017,10000,10000,24,4349734,130292,Clear Rate,50,1,B,MI,882ab25229fffff
261635585002018,10000,10000,39,4349734,130292,Clear Rate,50,1,B,MI,882ab25229fffff
261635585002019,10000,10000,40,4349734,130292,Clear Rate,50,1,B,MI,882ab25229fffff
261635585002021,10000,10000,7,4349734,130292,Clear Rate,50,1,B,MI,882ab2522bfffff
261635585002022,10000,10000,19,4349734,130292,Clear Rate,50,1,B,MI,882ab2522bfffff
261635585003012,10000,10000,8,4349734,130292,Clear Rate,50,1,B,MI,882ab2522bfffff
261635586001000,10000,10000,168,4349734,130292,Clear Rate,50,1,B,MI,882ab25205fffff
261635586001001,10000,10000,16,4349734,130292,Clear Rate,50,1,B,MI,882ab25207fffff
261635586001002,10000,10000,14,4349734,130292,Clear Rate,50,1,B,MI,882ab25207fffff
261635586002000,10000,10000,51,4349734,130292,Clear Rate,50,1,B,MI,882ab25205fffff
261635586002001,10000,10000,46,4349734,130292,Clear Rate,50,1,B,MI,882ab2522bfffff
261635586002002,10000,10000,53,4349734,130292,Clear Rate,50,1,B,MI,882ab2522bfffff
261635586002003,10000,10000,6,4349734,130292,Clear Rate,50,1,B,MI,882ab25207fffff
261635586002007,10000,10000,27,4349734,130292,Clear Rate,50,1,B,MI,882ab2522bfffff
261635586002008,10000,10000,12,4349734,130292,Clear Rate,50,1,B,MI,882ab2522bfffff
261635586002009,10000,10000,10,4349734,130292,Clear Rate,50,1,B,MI,882ab2522bfffff
261635586002010,10000,10000,14,4349734,130292,Clear Rate,50,1,B,MI,882ab2523dfffff
261635586002012,10000,10000,56,4349734,130292,Clear Rate,50,1,B,MI,882ab2523dfffff
261635586002013,10000,10000,9,4349734,130292,Clear Rate,50,1,B,MI,882ab2523dfffff
261635586002014,10000,10000,4,4349734,130292,Clear Rate,50,1,B,MI,882ab25207fffff
261635587001000,10000,10000,19,4349734,130292,Clear Rate,50,1,B,MI,882ab25255fffff
261635587001001,10000,10000,31,4349734,130292,Clear Rate,50,1,B,MI,882ab25255fffff
261635587001002,10000,10000,29,4349734,130292,Clear Rate,50,1,B,MI,882ab25255fffff
261635587001003,10000,10000,28,4349734,130292,Clear Rate,50,1,B,MI,882ab25255fffff
261635587001004,10000,10000,24,4349734,130292,Clear Rate,50,1,B,MI,882ab25209fffff
261635587001005,10000,10000,30,4349734,130292,Clear Rate,50,1,B,MI,882ab25209fffff
261635587001006,10000,10000,20,4349734,130292,Clear Rate,50,1,B,MI,882ab25209fffff
261635587001007,10000,10000,21,4349734,130292,Clear Rate,50,1,B,MI,882ab25209fffff
261635587001008,10000,10000,23,4349734,130292,Clear Rate,50,1,B,MI,882ab2520bfffff
261635587001009,10000,10000,21,4349734,130292,Clear Rate,50,1,B,MI,882ab2520bfffff
261635587001010,10000,10000,28,4349734,130292,Clear Rate,50,1,B,MI,882ab2520bfffff
261635587001011,10000,10000,21,4349734,130292,Clear Rate,50,1,B,MI,882ab2520bfffff
261635587001012,10000,10000,27,4349734,130292,Clear Rate,50,1,B,MI,882ab2520bfffff
261635587001013,10000,10000,25,4349734,130292,Clear Rate,50,1,B,MI,882ab2520bfffff
261635587001014,10000,10000,23,4349734,130292,Clear Rate,50,1,B,MI,882ab25255fffff
261635587001015,10000,10000,21,4349734,130292,Clear Rate,50,1,B,MI,882ab25255fffff
261635587002000,10000,10000,27,4349734,130292,Clear Rate,50,1,B,MI,882ab25209fffff
261635587002001,10000,10000,56,4349734,130292,Clear Rate,50,1,B,MI,882ab25209fffff
261635587002002,10000,10000,56,4349734,130292,Clear Rate,50,1,B,MI,882ab25209fffff
261635587002003,10000,10000,56,4349734,130292,Clear Rate,50,1,B,MI,882ab25201fffff
261635587002004,10000,10000,44,4349734,130292,Clear Rate,50,1,B,MI,882ab25201fffff
261635587002005,10000,10000,3,4349734,130292,Clear Rate,50,1,B,MI,882ab25201fffff
261635589001000,10000,10000,56,4349734,130292,Clear Rate,50,1,B,MI,882ab25251fffff
261635589001001,10000,10000,1,4349734,130292,Clear Rate,50,1,B,MI,882ab25253fffff
261635589001002,10000,10000,13,4349734,130292,Clear Rate,50,1,B,MI,882ab25251fffff
261635589001003,10000,10000,11,4349734,130292,Clear Rate,50,1,B,MI,882ab25251fffff
261635589001004,10000,10000,13,4349734,130292,Clear Rate,50,1,B,MI,882ab25251fffff
261635589001005,10000,10000,2,4349734,130292,Clear Rate,50,1,B,MI,882ab25251fffff
261635589001006,10000,10000,2,4349734,130292,Clear Rate,50,1,B,MI,882ab25251fffff
261635589001009,10000,10000,1,4349734,130292,Clear Rate,50,1,B,MI,882ab25251fffff
261635589002000,10000,10000,17,4349734,130292,Clear Rate,50,1,B,MI,882ab25255fffff
261635589002001,10000,10000,8,4349734,130292,Clear Rate,50,1,B,MI,882ab25255fffff
261635589002002,10000,10000,30,4349734,130292,Clear Rate,50,1,B,MI,882ab25257fffff
261635589002003,10000,10000,15,4349734,130292,Clear Rate,50,1,B,MI,882ab25257fffff
261635589002004,10000,10000,15,4349734,130292,Clear Rate,50,1,B,MI,882ab25257fffff
261635589002005,10000,10000,25,4349734,130292,Clear Rate,50,1,B,MI,882ab25257fffff
261635589002006,10000,10000,6,4349734,130292,Clear Rate,50,1,B,MI,882ab25255fffff
261635589002007,10000,10000,8,4349734,130292,Clear Rate,50,1,B,MI,882ab25257fffff
261635589002008,10000,10000,8,4349734,130292,Clear Rate,50,1,B,MI,882ab25251fffff
261635589002009,10000,10000,21,4349734,130292,Clear Rate,50,1,B,MI,882ab25257fffff
261635589002010,10000,10000,10,4349734,130292,Clear Rate,50,1,B,MI,882ab25257fffff
261635589002011,10000,10000,2,4349734,130292,Clear Rate,50,1,B,MI,882ab25257fffff
261635589002013,10000,10000,23,4349734,130292,Clear Rate,50,1,B,MI,882ab25257fffff
261635589002019,10000,10000,17,4349734,130292,Clear Rate,50,1,B,MI,882ab25257fffff
261635591001000,10000,10000,27,4349734,130292,Clear Rate,50,1,B,MI,882ab2cd67fffff
261635591001001,10000,10000,24,4349734,130292,Clear Rate,50,1,B,MI,882ab2cd67fffff
261635591001002,10000,10000,15,4349734,130292,Clear Rate,50,1,B,MI,882ab2cd67fffff
261635591001003,10000,10000,18,4349734,130292,Clear Rate,50,1,B,MI,882ab2cd67fffff
261635591001004,10000,10000,48,4349734,130292,Clear Rate,50,1,B,MI,882ab2cd65fffff
261635591001005,10000,10000,37,4349734,130292,Clear Rate,50,1,B,MI,882ab2525bfffff
261635591001006,10000,10000,24,4349734,130292,Clear Rate,50,1,B,MI,882ab2cd67fffff
261635591001007,10000,10000,14,4349734,130292,Clear Rate,50,1,B,MI,882ab2cd67fffff
261635591001008,10000,10000,16,4349734,130292,Clear Rate,50,1,B,MI,882ab2cd67fffff
261635591001009,10000,10000,21,4349734,130292,Clear Rate,50,1,B,MI,882ab2cd67fffff
261635591001010,10000,10000,24,4349734,130292,Clear Rate,50,1,B,MI,882ab2cd67fffff
261635591001018,10000,10000,26,4349734,130292,Clear Rate,50,1,B,MI,882ab2cd67fffff
261635591001019,10000,10000,27,4349734,130292,Clear Rate,50,1,B,MI,882ab2cd67fffff
261635591001020,10000,10000,28,4349734,130292,Clear Rate,50,1,B,MI,882ab2cd67fffff
261635591002000,10000,10000,100,4349734,130292,Clear Rate,50,1,B,MI,882ab2525bfffff
261635591002001,10000,10000,40,4349734,130292,Clear Rate,50,1,B,MI,882ab2525bfffff
261635591002002,10000,10000,42,4349734,130292,Clear Rate,50,1,B,MI,882ab2525bfffff
261635591002003,10000,10000,2,4349734,130292,Clear Rate,50,1,B,MI,882ab2525bfffff
261635591002004,10000,10000,23,4349734,130292,Clear Rate,50,1,B,MI,882ab25251fffff
261635591002005,10000,10000,28,4349734,130292,Clear Rate,50,1,B,MI,882ab2525bfffff
261635591002006,10000,10000,28,4349734,130292,Clear Rate,50,1,B,MI,882ab2525bfffff
261635591002007,10000,10000,6,4349734,130292,Clear Rate,50,1,B,MI,882ab2525bfffff
261635591002008,10000,10000,18,4349734,130292,Clear Rate,50,1,B,MI,882ab2525bfffff
261635591002009,10000,10000,28,4349734,130292,Clear Rate,50,1,B,MI,882ab2525bfffff
261635645031005,10000,10000,2,4349734,130292,Clear Rate,50,1,B,MI,882ab251a9fffff
261635645031007,10000,10000,17,4349734,130292,Clear Rate,50,1,B,MI,882ab251a9fffff
261635645031020,10000,10000,8,4349734,130292,Clear Rate,50,1,B,MI,882ab25185fffff
261635645032000,10000,10000,60,4349734,130292,Clear Rate,50,1,B,MI,882ab251a9fffff
261635645032001,10000,10000,25,4349734,130292,Clear Rate,50,1,B,MI,882ab25185fffff
261635645032002,10000,10000,158,4349734,130292,Clear Rate,50,1,B,MI,882ab251a9fffff
261635645032003,10000,10000,24,4349734,130292,Clear Rate,50,1,B,MI,882ab251a1fffff
261635645032004,10000,10000,16,4349734,130292,Clear Rate,50,1,B,MI,882ab251a9fffff
261635645032005,10000,10000,1,4349734,130292,Clear Rate,50,1,B,MI,882ab251a1fffff
261635645032006,10000,10000,29,4349734,130292,Clear Rate,50,1,B,MI,882ab251a1fffff
261635645032007,10000,10000,10,4349734,130292,Clear Rate,50,1,B,MI,882ab251a1fffff
261635645032008,10000,10000,43,4349734,130292,Clear Rate,50,1,B,MI,882ab251a1fffff
261635645032009,10000,10000,27,4349734,130292,Clear Rate,50,1,B,MI,882ab251a1fffff
261635645032010,10000,10000,34,4349734,130292,Clear Rate,50,1,B,MI,882ab251a9fffff
261635645032011,10000,10000,25,4349734,130292,Clear Rate,50,1,B,MI,882ab251a1fffff
261635645032013,10000,10000,10,4349734,130292,Clear Rate,50,1,B,MI,882ab251abfffff
261635645032014,10000,10000,9,4349734,130292,Clear Rate,50,1,B,MI,882ab251a3fffff
261635645033002,10000,10000,23,4349734,130292,Clear Rate,50,1,B,MI,882ab251a9fffff
261635645033004,10000,10000,4,4349734,130292,Clear Rate,50,1,B,MI,882ab251a9fffff
261635645033006,10000,10000,12,4349734,130292,Clear Rate,50,1,B,MI,882ab251a9fffff
261635645033008,10000,10000,2,4349734,130292,Clear Rate,50,1,B,MI,882ab251a9fffff
261635645043003,10000,10000,2,4349734,130292,Clear Rate,50,1,B,MI,882ab251adfffff
261635645045000,10000,10000,17,4349734,130292,Clear Rate,50,1,B,MI,882ab251a1fffff
261635645045006,10000,10000,8,4349734,130292,Clear Rate,50,1,B,MI,882ab251a1fffff
261635645045011,10000,10000,3,4349734,130292,Clear Rate,50,1,B,MI,882ab251a5fffff
261635645045017,10000,10000,1,4349734,130292,Clear Rate,50,1,B,MI,882ab251a7fffff
261635645045019,10000,10000,3,4349734,130292,Clear Rate,50,1,B,MI,882ab251a7fffff
261635648003013,10000,10000,13,4349734,130292,Clear Rate,50,1,B,MI,882ab25181fffff
261635648004008,10000,10000,32,4349734,130292,Clear Rate,50,1,B,MI,882ab25181fffff
261635648004010,10000,10000,9,4349734,130292,Clear Rate,50,1,B,MI,882ab25181fffff
261635648004011,10000,10000,3,4349734,130292,Clear Rate,50,1,B,MI,882ab25187fffff
261635648004012,10000,10000,6,4349734,130292,Clear Rate,50,1,B,MI,882ab25187fffff
261635648004013,10000,10000,1,4349734,130292,Clear Rate,50,1,B,MI,882ab251abfffff
261635649001015,10000,10000,12,4349734,130292,Clear Rate,50,1,B,MI,882ab2518bfffff
261635649001016,10000,10000,2,4349734,130292,Clear Rate,50,1,B,MI,882ab25181fffff
261635649001017,10000,10000,13,4349734,130292,Clear Rate,50,1,B,MI,882ab25187fffff
261635649001018,10000,10000,11,4349734,130292,Clear Rate,50,1,B,MI,882ab25187fffff
261635649001019,10000,10000,53,4349734,130292,Clear Rate,50,1,B,MI,882ab25187fffff
261635649001020,10000,10000,12,4349734,130292,Clear Rate,50,1,B,MI,882ab25183fffff
261635653011000,10000,10000,46,4349734,130292,Clear Rate,50,1,B,MI,882ab2523dfffff
261635653011001,10000,10000,8,4349734,130292,Clear Rate,50,1,B,MI,882ab2523dfffff
261635653011002,10000,10000,8,4349734,130292,Clear Rate,50,1,B,MI,882ab2523dfffff
261635653011003,10000,10000,16,4349734,130292,Clear Rate,50,1,B,MI,882ab25235fffff
261635653012002,10000,10000,11,4349734,130292,Clear Rate,50,1,B,MI,882ab25237fffff
261635653012003,10000,10000,7,4349734,130292,Clear Rate,50,1,B,MI,882ab25235fffff
261635653012004,10000,10000,2,4349734,130292,Clear Rate,50,1,B,MI,882ab2504bfffff
261635653013000,10000,10000,20,4349734,130292,Clear Rate,50,1,B,MI,882ab2504bfffff
261635653013001,10000,10000,2,4349734,130292,Clear Rate,50,1,B,MI,882ab2504bfffff
261635653013002,10000,10000,1,4349734,130292,Clear Rate,50,1,B,MI,882ab25235fffff
261635653013003,10000,10000,2,4349734,130292,Clear Rate,50,1,B,MI,882ab2504bfffff
261635653023000,10000,10000,17,4349734,130292,Clear Rate,50,1,B,MI,882ab2523dfffff
261635664001011,10000,10000,12,4349734,130292,Clear Rate,50,1,B,MI,882ab250c1fffff
261635664001012,10000,10000,17,4349734,130292,Clear Rate,50,1,B,MI,882ab250cbfffff
261635664001013,10000,10000,5,4349734,130292,Clear Rate,50,1,B,MI,882ab250c3fffff
261635664001015,10000,10000,4,4349734,130292,Clear Rate,50,1,B,MI,882ab250ddfffff
261635664001016,10000,10000,3,4349734,130292,Clear Rate,50,1,B,MI,882ab250ddfffff
261635664001022,10000,10000,10,4349734,130292,Clear Rate,50,1,B,MI,882ab250ddfffff
261635664001026,10000,10000,11,4349734,130292,Clear Rate,50,1,B,MI,882ab250cbfffff
261635664001027,10000,10000,8,4349734,130292,Clear Rate,50,1,B,MI,882ab250c3fffff
261635665001000,10000,10000,2,4349734,130292,Clear Rate,50,1,B,MI,882ab250c3fffff
261635665001002,10000,10000,14,4349734,130292,Clear Rate,50,1,B,MI,882ab250c3fffff
261635665001003,10000,10000,3,4349734,130292,Clear Rate,50,1,B,MI,882ab250c7fffff
261635665001006,10000,10000,2,4349734,130292,Clear Rate,50,1,B,MI,882ab250c7fffff
261635665001007,10000,10000,3,4349734,130292,Clear Rate,50,1,B,MI,882ab250c7fffff
261635665001008,10000,10000,6,4349734,130292,Clear Rate,50,1,B,MI,882ab250c7fffff
261635665001010,10000,10000,2,4349734,130292,Clear Rate,50,1,B,MI,882ab250c7fffff
261635665001011,10000,10000,1,4349734,130292,Clear Rate,50,1,B,MI,882ab250c7fffff
261635665001012,10000,10000,1,4349734,130292,Clear Rate,50,1,B,MI,882ab250c7fffff
261635665001013,10000,10000,4,4349734,130292,Clear Rate,50,1,B,MI,882ab250c7fffff
261635665001014,10000,10000,28,4349734,130292,Clear Rate,50,1,B,MI,882ab250c7fffff
261635665001015,10000,10000,17,4349734,130292,Clear Rate,50,1,B,MI,882ab250c7fffff
261635665001016,10000,10000,8,4349734,130292,Clear Rate,50,1,B,MI,882ab250c7fffff
261635665001018,10000,10000,3,4349734,130292,Clear Rate,50,1,B,MI,882ab250c7fffff
261635665001019,10000,10000,18,4349734,130292,Clear Rate,50,1,B,MI,882ab250c7fffff
261635665001020,10000,10000,15,4349734,130292,Clear Rate,50,1,B,MI,882ab250c3fffff
261635665001021,10000,10000,3,4349734,130292,Clear Rate,50,1,B,MI,882ab250c3fffff
261635665001022,10000,10000,3,4349734,130292,Clear Rate,50,1,B,MI,882ab250c3fffff
261635665001023,10000,10000,3,4349734,130292,Clear Rate,50,1,B,MI,882ab250c3fffff
261635665001024,10000,10000,6,4349734,130292,Clear Rate,50,1,B,MI,882ab250c3fffff
261635665002008,10000,10000,75,4349734,130292,Clear Rate,50,1,B,MI,882ab250c5fffff
261635665002009,10000,10000,30,4349734,130292,Clear Rate,50,1,B,MI,882ab250c7fffff
261635665002010,10000,10000,26,4349734,130292,Clear Rate,50,1,B,MI,882ab250c5fffff
261635665002011,10000,10000,13,4349734,130292,Clear Rate,50,1,B,MI,882ab250c1fffff
261635665002018,10000,10000,13,4349734,130292,Clear Rate,50,1,B,MI,882ab250c1fffff
261635665002019,10000,10000,2,4349734,130292,Clear Rate,50,1,B,MI,882ab250c1fffff
261635665002020,10000,10000,2,4349734,130292,Clear Rate,50,1,B,MI,882ab250c1fffff
261635665002022,10000,10000,1,4349734,130292,Clear Rate,50,1,B,MI,882ab250c3fffff
261635665002023,10000,10000,2,4349734,130292,Clear Rate,50,1,B,MI,882ab250c3fffff
261635666001000,10000,10000,17,4349734,130292,Clear Rate,50,1,B,MI,882ab250ebfffff
261635666001002,10000,10000,11,4349734,130292,Clear Rate,50,1,B,MI,882ab250ebfffff
261635666001005,10000,10000,1,4349734,130292,Clear Rate,50,1,B,MI,882ab250ebfffff
261635667001000,10000,10000,15,4349734,130292,Clear Rate,50,1,B,MI,882ab250c3fffff
261635667001001,10000,10000,8,4349734,130292,Clear Rate,50,1,B,MI,882ab250c3fffff
261635667001002,10000,10000,15,4349734,130292,Clear Rate,50,1,B,MI,882ab250c3fffff
261635667001003,10000,10000,17,4349734,130292,Clear Rate,50,1,B,MI,882ab250c3fffff
261635667001004,10000,10000,14,4349734,130292,Clear Rate,50,1,B,MI,882ab250c3fffff
261635667001005,10000,10000,27,4349734,130292,Clear Rate,50,1,B,MI,882ab25089fffff
261635667001006,10000,10000,28,4349734,130292,Clear Rate,50,1,B,MI,882ab25089fffff
261635667001007,10000,10000,24,4349734,130292,Clear Rate,50,1,B,MI,882ab25089fffff
261635667001009,10000,10000,28,4349734,130292,Clear Rate,50,1,B,MI,882ab25089fffff
261635667001010,10000,10000,26,4349734,130292,Clear Rate,50,1,B,MI,882ab25089fffff
261635667001011,10000,10000,24,4349734,130292,Clear Rate,50,1,B,MI,882ab25089fffff
261635667001012,10000,10000,29,4349734,130292,Clear Rate,50,1,B,MI,882ab25089fffff
261635667001013,10000,10000,34,4349734,130292,Clear Rate,50,1,B,MI,882ab25089fffff
261635667001014,10000,10000,19,4349734,130292,Clear Rate,50,1,B,MI,882ab25089fffff
261635667002000,10000,10000,28,4349734,130292,Clear Rate,50,1,B,MI,882ab25089fffff
261635667002001,10000,10000,21,4349734,130292,Clear Rate,50,1,B,MI,882ab25089fffff
261635667002002,10000,10000,21,4349734,130292,Clear Rate,50,1,B,MI,882ab25089fffff
261635667002003,10000,10000,27,4349734,130292,Clear Rate,50,1,B,MI,882ab25089fffff
261635667002004,10000,10000,11,4349734,130292,Clear Rate,50,1,B,MI,882ab25089fffff
261635667002005,10000,10000,30,4349734,130292,Clear Rate,50,1,B,MI,882ab25089fffff
261635667002006,10000,10000,9,4349734,130292,Clear Rate,50,1,B,MI,882ab25089fffff
261635667002007,10000,10000,24,4349734,130292,Clear Rate,50,1,B,MI,882ab25089fffff
261635667002008,10000,10000,45,4349734,130292,Clear Rate,50,1,B,MI,882ab250d5fffff
261635667002009,10000,10000,23,4349734,130292,Clear Rate,50,1,B,MI,882ab250d5fffff
261635667002010,10000,10000,21,4349734,130292,Clear Rate,50,1,B,MI,882ab25089fffff
261635667002011,10000,10000,8,4349734,130292,Clear Rate,50,1,B,MI,882ab25089fffff
261635667002012,10000,10000,7,4349734,130292,Clear Rate,50,1,B,MI,882ab25089fffff
261635667002013,10000,10000,12,4349734,130292,Clear Rate,50,1,B,MI,882ab25089fffff
261635667002014,10000,10000,4,4349734,130292,Clear Rate,50,1,B,MI,882ab25089fffff
261635667002015,10000,10000,15,4349734,130292,Clear Rate,50,1,B,MI,882ab25089fffff
261635667002016,10000,10000,22,4349734,130292,Clear Rate,50,1,B,MI,882ab25081fffff
261635667002017,10000,10000,7,4349734,130292,Clear Rate,50,1,B,MI,882ab25089fffff
261635667002018,10000,10000,36,4349734,130292,Clear Rate,50,1,B,MI,882ab2508bfffff
261635667002019,10000,10000,86,4349734,130292,Clear Rate,50,1,B,MI,882ab2508bfffff
261635667002020,10000,10000,15,4349734,130292,Clear Rate,50,1,B,MI,882ab25081fffff
261635667002021,10000,10000,19,4349734,130292,Clear Rate,50,1,B,MI,882ab2508bfffff
261635667002022,10000,10000,29,4349734,130292,Clear Rate,50,1,B,MI,882ab25089fffff
261635667002023,10000,10000,27,4349734,130292,Clear Rate,50,1,B,MI,882ab25089fffff
261635667002024,10000,10000,21,4349734,130292,Clear Rate,50,1,B,MI,882ab250d5fffff
261635667002025,10000,10000,22,4349734,130292,Clear Rate,50,1,B,MI,882ab250d5fffff
261635667002026,10000,10000,1,4349734,130292,Clear Rate,50,1,B,MI,882ab2508bfffff
261635667002027,10000,10000,37,4349734,130292,Clear Rate,50,1,B,MI,882ab2508bfffff
261635667003000,10000,10000,1,4349734,130292,Clear Rate,50,1,B,MI,882ab250c7fffff
261635667003001,10000,10000,5,4349734,130292,Clear Rate,50,1,B,MI,882ab2508dfffff
261635667003002,10000,10000,2,4349734,130292,Clear Rate,50,1,B,MI,882ab2508dfffff
261635667003003,10000,10000,10,4349734,130292,Clear Rate,50,1,B,MI,882ab2508dfffff
261635667003004,10000,10000,1,4349734,130292,Clear Rate,50,1,B,MI,882ab2508dfffff
261635667003011,10000,10000,14,4349734,130292,Clear Rate,50,1,B,MI,882ab25089fffff
261635667003012,10000,10000,10,4349734,130292,Clear Rate,50,1,B,MI,882ab25089fffff
261635667003013,10000,10000,8,4349734,130292,Clear Rate,50,1,B,MI,882ab25089fffff
261635667003014,10000,10000,11,4349734,130292,Clear Rate,50,1,B,MI,882ab25089fffff
261635667003015,10000,10000,9,4349734,130292,Clear Rate,50,1,B,MI,882ab25089fffff
261635667003016,10000,10000,8,4349734,130292,Clear Rate,50,1,B,MI,882ab2508dfffff
261635667003017,10000,10000,23,4349734,130292,Clear Rate,50,1,B,MI,882ab2508dfffff
261635667003018,10000,10000,39,4349734,130292,Clear Rate,50,1,B,MI,882ab25089fffff
261635667003019,10000,10000,13,4349734,130292,Clear Rate,50,1,B,MI,882ab25089fffff
261635667003025,10000,10000,2,4349734,130292,Clear Rate,50,1,B,MI,882ab25081fffff
261635667003026,10000,10000,62,4349734,130292,Clear Rate,50,1,B,MI,882ab2508dfffff
261635667003027,10000,10000,14,4349734,130292,Clear Rate,50,1,B,MI,882ab2508dfffff
261635667003028,10000,10000,33,4349734,130292,Clear Rate,50,1,B,MI,882ab2508dfffff
261635667003029,10000,10000,33,4349734,130292,Clear Rate,50,1,B,MI,882ab2508dfffff
261635667003030,10000,10000,18,4349734,130292,Clear Rate,50,1,B,MI,882ab2508dfffff
261635667003031,10000,10000,13,4349734,130292,Clear Rate,50,1,B,MI,882ab2508dfffff
261635667003032,10000,10000,21,4349734,130292,Clear Rate,50,1,B,MI,882ab2508dfffff
261635667003033,10000,10000,35,4349734,130292,Clear Rate,50,1,B,MI,882ab25081fffff
261635667003034,10000,10000,6,4349734,130292,Clear Rate,50,1,B,MI,882ab25089fffff
261635667003035,10000,10000,12,4349734,130292,Clear Rate,50,1,B,MI,882ab25089fffff
261635667003036,10000,10000,37,4349734,130292,Clear Rate,50,1,B,MI,882ab25081fffff
261635667003037,10000,10000,1,4349734,130292,Clear Rate,50,1,B,MI,882ab250ebfffff
261635668001000,10000,10000,11,4349734,130292,Clear Rate,50,1,B,MI,882ab250ddfffff
261635668001001,10000,10000,4,4349734,130292,Clear Rate,50,1,B,MI,882ab250ddfffff
261635668001002,10000,10000,44,4349734,130292,Clear Rate,50,1,B,MI,882ab250ddfffff
261635668001003,10000,10000,67,4349734,130292,Clear Rate,50,1,B,MI,882ab250ddfffff
261635668001004,10000,10000,16,4349734,130292,Clear Rate,50,1,B,MI,882ab250ddfffff
261635668001005,10000,10000,45,4349734,130292,Clear Rate,50,1,B,MI,882ab250ddfffff
261635668001006,10000,10000,29,4349734,130292,Clear Rate,50,1,B,MI,882ab250ddfffff
261635668001007,10000,10000,75,4349734,130292,Clear Rate,50,1,B,MI,882ab250ddfffff
261635668001008,10000,10000,12,4349734,130292,Clear Rate,50,1,B,MI,882ab250ddfffff
261635668001009,10000,10000,36,4349734,130292,Clear Rate,50,1,B,MI,882ab250ddfffff
261635668002000,10000,10000,17,4349734,130292,Clear Rate,50,1,B,MI,882ab250c3fffff
261635668002001,10000,10000,16,4349734,130292,Clear Rate,50,1,B,MI,882ab250c3fffff
261635668002002,10000,10000,10,4349734,130292,Clear Rate,50,1,B,MI,882ab250c3fffff
261635668002003,10000,10000,19,4349734,130292,Clear Rate,50,1,B,MI,882ab250c3fffff
261635668002004,10000,10000,27,4349734,130292,Clear Rate,50,1,B,MI,882ab250d5fffff
261635668002005,10000,10000,27,4349734,130292,Clear Rate,50,1,B,MI,882ab250c3fffff
261635668002006,10000,10000,28,4349734,130292,Clear Rate,50,1,B,MI,882ab250c3fffff
261635668002007,10000,10000,44,4349734,130292,Clear Rate,50,1,B,MI,882ab250d5fffff
261635668002008,10000,10000,25,4349734,130292,Clear Rate,50,1,B,MI,882ab250d5fffff
261635668002009,10000,10000,27,4349734,130292,Clear Rate,50,1,B,MI,882ab250d5fffff
261635668002010,10000,10000,27,4349734,130292,Clear Rate,50,1,B,MI,882ab250d5fffff
261635668003000,10000,10000,8,4349734,130292,Clear Rate,50,1,B,MI,882ab250d1fffff
261635668004000,10000,10000,30,4349734,130292,Clear Rate,50,1,B,MI,882ab250d5fffff
261635668004001,10000,10000,26,4349734,130292,Clear Rate,50,1,B,MI,882ab250d5fffff
261635668004002,10000,10000,25,4349734,130292,Clear Rate,50,1,B,MI,882ab250d5fffff
261635668004003,10000,10000,31,4349734,130292,Clear Rate,50,1,B,MI,882ab250d5fffff
261635668004004,10000,10000,30,4349734,130292,Clear Rate,50,1,B,MI,882ab250d5fffff
261635668004005,10000,10000,26,4349734,130292,Clear Rate,50,1,B,MI,882ab250d5fffff
261635668004006,10000,10000,25,4349734,130292,Clear Rate,50,1,B,MI,882ab250d5fffff
261635668004007,10000,10000,30,4349734,130292,Clear Rate,50,1,B,MI,882ab250d5fffff
261635668004008,10000,10000,8,4349734,130292,Clear Rate,50,1,B,MI,882ab250d5fffff
261635668004009,10000,10000,26,4349734,130292,Clear Rate,50,1,B,MI,882ab250d5fffff
261635668004010,10000,10000,26,4349734,130292,Clear Rate,50,1,B,MI,882ab250d5fffff
261635668004011,10000,10000,30,4349734,130292,Clear Rate,50,1,B,MI,882ab250d5fffff
261635668004012,10000,10000,31,4349734,130292,Clear Rate,50,1,B,MI,882ab250d5fffff
261635668004013,10000,10000,25,4349734,130292,Clear Rate,50,1,B,MI,882ab250d5fffff
261635668004014,10000,10000,46,4349734,130292,Clear Rate,50,1,B,MI,882ab2508bfffff
261635668004015,10000,10000,22,4349734,130292,Clear Rate,50,1,B,MI,882ab250d7fffff
261635669001000,10000,10000,41,4349734,130292,Clear Rate,50,1,B,MI,882ab250dbfffff
261635669001001,10000,10000,30,4349734,130292,Clear Rate,50,1,B,MI,882ab250d9fffff
261635669001002,10000,10000,27,4349734,130292,Clear Rate,50,1,B,MI,882ab250d9fffff
261635669001003,10000,10000,27,4349734,130292,Clear Rate,50,1,B,MI,882ab250d9fffff
261635669001004,10000,10000,27,4349734,130292,Clear Rate,50,1,B,MI,882ab250d9fffff
261635669001005,10000,10000,24,4349734,130292,Clear Rate,50,1,B,MI,882ab250d9fffff
261635669001006,10000,10000,29,4349734,130292,Clear Rate,50,1,B,MI,882ab250d9fffff
261635669001007,10000,10000,30,4349734,130292,Clear Rate,50,1,B,MI,882ab250d9fffff
261635669001008,10000,10000,30,4349734,130292,Clear Rate,50,1,B,MI,882ab250d9fffff
261635669001009,10000,10000,29,4349734,130292,Clear Rate,50,1,B,MI,882ab250dbfffff
261635669001010,10000,10000,29,4349734,130292,Clear Rate,50,1,B,MI,882ab250d9fffff
261635669001011,10000,10000,51,4349734,130292,Clear Rate,50,1,B,MI,882ab250d9fffff
261635669001012,10000,10000,19,4349734,130292,Clear Rate,50,1,B,MI,882ab250d9fffff
261635669001013,10000,10000,29,4349734,130292,Clear Rate,50,1,B,MI,882ab250dbfffff
261635669001014,10000,10000,4,4349734,130292,Clear Rate,50,1,B,MI,882ab250dbfffff
261635669001015,10000,10000,3,4349734,130292,Clear Rate,50,1,B,MI,882ab250dbfffff
261635669002004,10000,10000,11,4349734,130292,Clear Rate,50,1,B,MI,882ab250ddfffff
261635669002011,10000,10000,3,4349734,130292,Clear Rate,50,1,B,MI,882ab250d9fffff
261635669002012,10000,10000,26,4349734,130292,Clear Rate,50,1,B,MI,882ab250d9fffff
261635669002013,10000,10000,22,4349734,130292,Clear Rate,50,1,B,MI,882ab250d9fffff
261635669002014,10000,10000,12,4349734,130292,Clear Rate,50,1,B,MI,882ab250d9fffff
261635669002015,10000,10000,28,4349734,130292,Clear Rate,50,1,B,MI,882ab250d9fffff
261635669002016,10000,10000,26,4349734,130292,Clear Rate,50,1,B,MI,882ab250d9fffff
261635669002017,10000,10000,24,4349734,130292,Clear Rate,50,1,B,MI,882ab250d9fffff
261635669002018,10000,10000,39,4349734,130292,Clear Rate,50,1,B,MI,882ab250d9fffff
261635669002019,10000,10000,27,4349734,130292,Clear Rate,50,1,B,MI,882ab250ddfffff
261635669002020,10000,10000,26,4349734,130292,Clear Rate,50,1,B,MI,882ab250ddfffff
261635669002021,10000,10000,25,4349734,130292,Clear Rate,50,1,B,MI,882ab250d9fffff
261635669002022,10000,10000,27,4349734,130292,Clear Rate,50,1,B,MI,882ab250d9fffff
261635669002023,10000,10000,23,4349734,130292,Clear Rate,50,1,B,MI,882ab250d9fffff
261635669003004,10000,10000,8,4349734,130292,Clear Rate,50,1,B,MI,882ab250d9fffff
261635669003010,10000,10000,53,4349734,130292,Clear Rate,50,1,B,MI,882ab250d9fffff
261635669003011,10000,10000,29,4349734,130292,Clear Rate,50,1,B,MI,882ab250d9fffff
261635669003012,10000,10000,3,4349734,130292,Clear Rate,50,1,B,MI,882ab250d9fffff
261635669003015,10000,10000,9,4349734,130292,Clear Rate,50,1,B,MI,882ab250d9fffff
261635669003016,10000,10000,1,4349734,130292,Clear Rate,50,1,B,MI,882ab250d9fffff
261635669003017,10000,10000,28,4349734,130292,Clear Rate,50,1,B,MI,882ab250d9fffff
261635669003018,10000,10000,14,4349734,130292,Clear Rate,50,1,B,MI,882ab250d9fffff
261635669003019,10000,10000,24,4349734,130292,Clear Rate,50,1,B,MI,882ab250d9fffff
261635669004000,10000,10000,24,4349734,130292,Clear Rate,50,1,B,MI,882ab250d9fffff
261635669004001,10000,10000,2,4349734,130292,Clear Rate,50,1,B,MI,882ab250d1fffff
261635669004002,10000,10000,15,4349734,130292,Clear Rate,50,1,B,MI,882ab250d1fffff
261635669004003,10000,10000,2,4349734,130292,Clear Rate,50,1,B,MI,882ab250d1fffff
261635669004004,10000,10000,12,4349734,130292,Clear Rate,50,1,B,MI,882ab250d1fffff
261635669004005,10000,10000,14,4349734,130292,Clear Rate,50,1,B,MI,882ab250d1fffff
261635669004006,10000,10000,3,4349734,130292,Clear Rate,50,1,B,MI,882ab250dbfffff
261635669004007,10000,10000,2,4349734,130292,Clear Rate,50,1,B,MI,882ab250d1fffff
261635669004008,10000,10000,3,4349734,130292,Clear Rate,50,1,B,MI,882ab250d1fffff
261635669004009,10000,10000,6,4349734,130292,Clear Rate,50,1,B,MI,882ab250d1fffff
261635669004010,10000,10000,2,4349734,130292,Clear Rate,50,1,B,MI,882ab250dbfffff
261635669004011,10000,10000,9,4349734,130292,Clear Rate,50,1,B,MI,882ab250dbfffff
261635669004012,10000,10000,2,4349734,130292,Clear Rate,50,1,B,MI,882ab250dbfffff
261635669004013,10000,10000,2,4349734,130292,Clear Rate,50,1,B,MI,882ab250dbfffff
261635669004014,10000,10000,2,4349734,130292,Clear Rate,50,1,B,MI,882ab250dbfffff
261635670001000,10000,10000,58,4349734,130292,Clear Rate,50,1,B,MI,882ab25765fffff
261635670001001,10000,10000,8,4349734,130292,Clear Rate,50,1,B,MI,882ab25765fffff
261635670001002,10000,10000,11,4349734,130292,Clear Rate,50,1,B,MI,882ab25765fffff
261635670001003,10000,10000,7,4349734,130292,Clear Rate,50,1,B,MI,882ab25765fffff
261635670001004,10000,10000,4,4349734,130292,Clear Rate,50,1,B,MI,882ab25765fffff
261635670001005,10000,10000,9,4349734,130292,Clear Rate,50,1,B,MI,882ab25765fffff
261635670001006,10000,10000,7,4349734,130292,Clear Rate,50,1,B,MI,882ab25765fffff
261635670001007,10000,10000,22,4349734,130292,Clear Rate,50,1,B,MI,882ab25765fffff
261635670001008,10000,10000,3,4349734,130292,Clear Rate,50,1,B,MI,882ab25765fffff
261635670001009,10000,10000,11,4349734,130292,Clear Rate,50,1,B,MI,882ab25765fffff
261635670001010,10000,10000,14,4349734,130292,Clear Rate,50,1,B,MI,882ab25765fffff
261635670001011,10000,10000,38,4349734,130292,Clear Rate,50,1,B,MI,882ab25767fffff
261635670001012,10000,10000,8,4349734,130292,Clear Rate,50,1,B,MI,882ab25767fffff
261635670001013,10000,10000,6,4349734,130292,Clear Rate,50,1,B,MI,882ab25767fffff
261635670001015,10000,10000,8,4349734,130292,Clear Rate,50,1,B,MI,882ab25767fffff
261635670001016,10000,10000,5,4349734,130292,Clear Rate,50,1,B,MI,882ab25767fffff
261635670001017,10000,10000,8,4349734,130292,Clear Rate,50,1,B,MI,882ab25767fffff
261635670001018,10000,10000,42,4349734,130292,Clear Rate,50,1,B,MI,882ab25765fffff
261635670001019,10000,10000,4,4349734,130292,Clear Rate,50,1,B,MI,882ab25765fffff
261635670001020,10000,10000,79,4349734,130292,Clear Rate,50,1,B,MI,882ab250dbfffff
261635670001021,10000,10000,17,4349734,130292,Clear Rate,50,1,B,MI,882ab25765fffff
261635670001022,10000,10000,5,4349734,130292,Clear Rate,50,1,B,MI,882ab25765fffff
261635670001023,10000,10000,8,4349734,130292,Clear Rate,50,1,B,MI,882ab25765fffff
261635670001024,10000,10000,11,4349734,130292,Clear Rate,50,1,B,MI,882ab250dbfffff
261635670001025,10000,10000,6,4349734,130292,Clear Rate,50,1,B,MI,882ab25767fffff
261635670001026,10000,10000,6,4349734,130292,Clear Rate,50,1,B,MI,882ab25765fffff
261635670001027,10000,10000,10,4349734,130292,Clear Rate,50,1,B,MI,882ab25765fffff
261635670001028,10000,10000,7,4349734,130292,Clear Rate,50,1,B,MI,882ab25765fffff
261635670001029,10000,10000,3,4349734,130292,Clear Rate,50,1,B,MI,882ab25765fffff
261635670001030,10000,10000,8,4349734,130292,Clear Rate,50,1,B,MI,882ab25765fffff
261635670001031,10000,10000,11,4349734,130292,Clear Rate,50,1,B,MI,882ab25765fffff
261635670001032,10000,10000,5,4349734,130292,Clear Rate,50,1,B,MI,882ab25765fffff
261635670001033,10000,10000,8,4349734,130292,Clear Rate,50,1,B,MI,882ab25765fffff
261635670001034,10000,10000,8,4349734,130292,Clear Rate,50,1,B,MI,882ab25765fffff
261635670001035,10000,10000,9,4349734,130292,Clear Rate,50,1,B,MI,882ab25767fffff
261635670001036,10000,10000,10,4349734,130292,Clear Rate,50,1,B,MI,882ab25767fffff
261635670001037,10000,10000,5,4349734,130292,Clear Rate,50,1,B,MI,882ab25765fffff
261635670001038,10000,10000,2,4349734,130292,Clear Rate,50,1,B,MI,882ab25765fffff
261635670001039,10000,10000,3,4349734,130292,Clear Rate,50,1,B,MI,882ab25767fffff
261635670001040,10000,10000,8,4349734,130292,Clear Rate,50,1,B,MI,882ab25765fffff
261635670001041,10000,10000,5,4349734,130292,Clear Rate,50,1,B,MI,882ab25767fffff
261635670002000,10000,10000,20,4349734,130292,Clear Rate,50,1,B,MI,882ab25761fffff
261635670002001,10000,10000,66,4349734,130292,Clear Rate,50,1,B,MI,882ab25761fffff
261635670002002,10000,10000,31,4349734,130292,Clear Rate,50,1,B,MI,882ab25767fffff
261635670002003,10000,10000,1,4349734,130292,Clear Rate,50,1,B,MI,882ab25765fffff
261635670002004,10000,10000,23,4349734,130292,Clear Rate,50,1,B,MI,882ab25761fffff
261635670002005,10000,10000,34,4349734,130292,Clear Rate,50,1,B,MI,882ab25761fffff
261635670002006,10000,10000,41,4349734,130292,Clear Rate,50,1,B,MI,882ab25761fffff
261635670002007,10000,10000,34,4349734,130292,Clear Rate,50,1,B,MI,882ab25767fffff
261635670002008,10000,10000,35,4349734,130292,Clear Rate,50,1,B,MI,882ab25761fffff
261635670002009,10000,10000,79,4349734,130292,Clear Rate,50,1,B,MI,882ab25761fffff
261635670002010,10000,10000,24,4349734,130292,Clear Rate,50,1,B,MI,882ab25761fffff
261635670002011,10000,10000,79,4349734,130292,Clear Rate,50,1,B,MI,882ab25767fffff
261635670002012,10000,10000,43,4349734,130292,Clear Rate,50,1,B,MI,882ab25767fffff
261635670003000,10000,10000,7,4349734,130292,Clear Rate,50,1,B,MI,882ab25747fffff
261635670003001,10000,10000,8,4349734,130292,Clear Rate,50,1,B,MI,882ab2576bfffff
261635670003002,10000,10000,11,4349734,130292,Clear Rate,50,1,B,MI,882ab2576bfffff
261635670003003,10000,10000,25,4349734,130292,Clear Rate,50,1,B,MI,882ab2576bfffff
261635670003004,10000,10000,75,4349734,130292,Clear Rate,50,1,B,MI,882ab25747fffff
261635670003005,10000,10000,21,4349734,130292,Clear Rate,50,1,B,MI,882ab25747fffff
261635670003006,10000,10000,14,4349734,130292,Clear Rate,50,1,B,MI,882ab2576bfffff
261635670003007,10000,10000,25,4349734,130292,Clear Rate,50,1,B,MI,882ab25761fffff
261635670003008,10000,10000,31,4349734,130292,Clear Rate,50,1,B,MI,882ab25761fffff
261635670003009,10000,10000,32,4349734,130292,Clear Rate,50,1,B,MI,882ab2576bfffff
261635670003010,10000,10000,52,4349734,130292,Clear Rate,50,1,B,MI,882ab25761fffff
261635670003011,10000,10000,34,4349734,130292,Clear Rate,50,1,B,MI,882ab25761fffff
261635670003012,10000,10000,11,4349734,130292,Clear Rate,50,1,B,MI,882ab25747fffff
261635670003013,10000,10000,13,4349734,130292,Clear Rate,50,1,B,MI,882ab25747fffff
261635674001004,10000,10000,20,4349734,130292,Clear Rate,50,1,B,MI,882ab25237fffff
261635674002009,10000,10000,25,4349734,130292,Clear Rate,50,1,B,MI,882ab25231fffff
261635674002010,10000,10000,68,4349734,130292,Clear Rate,50,1,B,MI,882ab25231fffff
261635674002011,10000,10000,25,4349734,130292,Clear Rate,50,1,B,MI,882ab2523dfffff
261635674002013,10000,10000,38,4349734,130292,Clear Rate,50,1,B,MI,882ab2523dfffff
261635674002014,10000,10000,2,4349734,130292,Clear Rate,50,1,B,MI,882ab2523dfffff
261635688001001,10000,10000,8,4349734,130292,Clear Rate,50,1,B,MI,882ab25237fffff
261635688003000,10000,10000,2,4349734,130292,Clear Rate,50,1,B,MI,882ab25237fffff
261635706002005,10000,10000,4,4349734,130292,Clear Rate,50,1,B,MI,882ab25765fffff
261635706002010,10000,10000,29,4349734,130292,Clear Rate,50,1,B,MI,882ab25761fffff
261635706002011,10000,10000,9,4349734,130292,Clear Rate,50,1,B,MI,882ab25761fffff
261635706002012,10000,10000,51,4349734,130292,Clear Rate,50,1,B,MI,882ab25765fffff
261635706002013,10000,10000,1,4349734,130292,Clear Rate,50,1,B,MI,882ab25761fffff
261635706002014,10000,10000,16,4349734,130292,Clear Rate,50,1,B,MI,882ab25761fffff
261635706002015,10000,10000,11,4349734,130292,Clear Rate,50,1,B,MI,882ab25761fffff
261635708001013,10000,10000,28,4349734,130292,Clear Rate,50,1,B,MI,882ab25769fffff
261635708001016,10000,10000,8,4349734,130292,Clear Rate,50,1,B,MI,882ab25769fffff
261635708001020,10000,10000,26,4349734,130292,Clear Rate,50,1,B,MI,882ab25769fffff
261635708001021,10000,10000,15,4349734,130292,Clear Rate,50,1,B,MI,882ab25769fffff
261635708001022,10000,10000,22,4349734,130292,Clear Rate,50,1,B,MI,882ab25769fffff
261635708001031,10000,10000,1,4349734,130292,Clear Rate,50,1,B,MI,882ab25745fffff
261635708001032,10000,10000,1,4349734,130292,Clear Rate,50,1,B,MI,882ab25745fffff
261635708001037,10000,10000,1,4349734,130292,Clear Rate,50,1,B,MI,882ab25745fffff
261635708001038,10000,10000,3,4349734,130292,Clear Rate,50,1,B,MI,882ab25745fffff
261635708001039,10000,10000,25,4349734,130292,Clear Rate,50,1,B,MI,882ab25745fffff
261635708001040,10000,10000,32,4349734,130292,Clear Rate,50,1,B,MI,882ab25745fffff
261635708001041,10000,10000,2,4349734,130292,Clear Rate,50,1,B,MI,882ab25745fffff
261635708001042,10000,10000,9,4349734,130292,Clear Rate,50,1,B,MI,882ab2576bfffff
261635708001043,10000,10000,15,4349734,130292,Clear Rate,50,1,B,MI,882ab2576bfffff
261635708001044,10000,10000,8,4349734,130292,Clear Rate,50,1,B,MI,882ab2576bfffff
261635708001045,10000,10000,19,4349734,130292,Clear Rate,50,1,B,MI,882ab2576bfffff
261635708001046,10000,10000,20,4349734,130292,Clear Rate,50,1,B,MI,882ab25769fffff
261635708001047,10000,10000,3,4349734,130292,Clear Rate,50,1,B,MI,882ab25745fffff
261635855001000,10000,10000,1,4349734,130292,Clear Rate,50,1,B,MI,882ab2570dfffff
261635855001001,10000,10000,212,4349734,130292,Clear Rate,50,1,B,MI,882ab2570dfffff
261635855001002,10000,10000,27,4349734,130292,Clear Rate,50,1,B,MI,882ab2570dfffff
261635855001003,10000,10000,37,4349734,130292,Clear Rate,50,1,B,MI,882ab25763fffff
261635855001004,10000,10000,6,4349734,130292,Clear Rate,50,1,B,MI,882ab2570dfffff
261635855001005,10000,10000,31,4349734,130292,Clear Rate,50,1,B,MI,882ab25763fffff
261635855001006,10000,10000,15,4349734,130292,Clear Rate,50,1,B,MI,882ab2570dfffff
261635855001007,10000,10000,9,4349734,130292,Clear Rate,50,1,B,MI,882ab2570dfffff
261635855001008,10000,10000,5,4349734,130292,Clear Rate,50,1,B,MI,882ab2570dfffff
261635855001009,10000,10000,31,4349734,130292,Clear Rate,50,1,B,MI,882ab2570dfffff
261635855001010,10000,10000,20,4349734,130292,Clear Rate,50,1,B,MI,882ab25763fffff
261635855001011,10000,10000,9,4349734,130292,Clear Rate,50,1,B,MI,882ab2570dfffff
261635855001012,10000,10000,6,4349734,130292,Clear Rate,50,1,B,MI,882ab2570dfffff
261635855001013,10000,10000,11,4349734,130292,Clear Rate,50,1,B,MI,882ab25763fffff
261635855001014,10000,10000,14,4349734,130292,Clear Rate,50,1,B,MI,882ab25763fffff
261635855001015,10000,10000,12,4349734,130292,Clear Rate,50,1,B,MI,882ab25763fffff
261635855001016,10000,10000,13,4349734,130292,Clear Rate,50,1,B,MI,882ab25763fffff
261635855001017,10000,10000,20,4349734,130292,Clear Rate,50,1,B,MI,882ab2570dfffff
261635855001018,10000,10000,57,4349734,130292,Clear Rate,50,1,B,MI,882ab25705fffff
261635855001019,10000,10000,10,4349734,130292,Clear Rate,50,1,B,MI,882ab25707fffff
261635855001020,10000,10000,3,4349734,130292,Clear Rate,50,1,B,MI,882ab2572bfffff
261635855001021,10000,10000,22,4349734,130292,Clear Rate,50,1,B,MI,882ab25707fffff
261635855001022,10000,10000,12,4349734,130292,Clear Rate,50,1,B,MI,882ab25707fffff
261635855001023,10000,10000,7,4349734,130292,Clear Rate,50,1,B,MI,882ab2573dfffff
261635855001026,10000,10000,2,4349734,130292,Clear Rate,50,1,B,MI,882ab25739fffff
261635855001027,10000,10000,1,4349734,130292,Clear Rate,50,1,B,MI,882ab2573dfffff
261635855001028,10000,10000,8,4349734,130292,Clear Rate,50,1,B,MI,882ab2570dfffff
261635855001029,10000,10000,10,4349734,130292,Clear Rate,50,1,B,MI,882ab2570dfffff
261635855002000,10000,10000,44,4349734,130292,Clear Rate,50,1,B,MI,882ab25763fffff
261635855002001,10000,10000,7,4349734,130292,Clear Rate,50,1,B,MI,882ab2572dfffff
261635855002002,10000,10000,1,4349734,130292,Clear Rate,50,1,B,MI,882ab2572dfffff
261635855002003,10000,10000,60,4349734,130292,Clear Rate,50,1,B,MI,882ab2572dfffff
261635855002004,10000,10000,33,4349734,130292,Clear Rate,50,1,B,MI,882ab2572dfffff
261635855002005,10000,10000,27,4349734,130292,Clear Rate,50,1,B,MI,882ab25729fffff
261635855002006,10000,10000,4,4349734,130292,Clear Rate,50,1,B,MI,882ab25729fffff
261635855002007,10000,10000,6,4349734,130292,Clear Rate,50,1,B,MI,882ab2572bfffff
261635855002008,10000,10000,7,4349734,130292,Clear Rate,50,1,B,MI,882ab25729fffff
261635855002009,10000,10000,11,4349734,130292,Clear Rate,50,1,B,MI,882ab25721fffff
261635855002010,10000,10000,6,4349734,130292,Clear Rate,50,1,B,MI,882ab25721fffff
261635855002011,10000,10000,9,4349734,130292,Clear Rate,50,1,B,MI,882ab25721fffff
261635855002012,10000,10000,19,4349734,130292,Clear Rate,50,1,B,MI,882ab25723fffff
261635855002013,10000,10000,12,4349734,130292,Clear Rate,50,1,B,MI,882ab25721fffff
261635855002014,10000,10000,24,4349734,130292,Clear Rate,50,1,B,MI,882ab2572bfffff
261635855002015,10000,10000,4,4349734,130292,Clear Rate,50,1,B,MI,882ab2572bfffff
261635855002016,10000,10000,6,4349734,130292,Clear Rate,50,1,B,MI,882ab2572bfffff
261635855002017,10000,10000,12,4349734,130292,Clear Rate,50,1,B,MI,882ab2572bfffff
261635855002018,10000,10000,7,4349734,130292,Clear Rate,50,1,B,MI,882ab2572bfffff
261635855002019,10000,10000,9,4349734,130292,Clear Rate,50,1,B,MI,882ab2572bfffff
261635855002020,10000,10000,7,4349734,130292,Clear Rate,50,1,B,MI,882ab2572bfffff
261635855002021,10000,10000,1,4349734,130292,Clear Rate,50,1,B,MI,882ab2573dfffff
261635855002022,10000,10000,2,4349734,130292,Clear Rate,50,1,B,MI,882ab25723fffff
261635855002025,10000,10000,1,4349734,130292,Clear Rate,50,1,B,MI,882ab25723fffff
261635855002027,10000,10000,2,4349734,130292,Clear Rate,50,1,B,MI,882ab25723fffff
261635855002028,10000,10000,1,4349734,130292,Clear Rate,50,1,B,MI,882ab2573dfffff
261635855002029,10000,10000,3,4349734,130292,Clear Rate,50,1,B,MI,882ab25723fffff
261635856001000,10000,10000,32,4349734,130292,Clear Rate,50,1,B,MI,882ab250d3fffff
261635856001001,10000,10000,103,4349734,130292,Clear Rate,50,1,B,MI,882ab250d1fffff
261635856001002,10000,10000,131,4349734,130292,Clear Rate,50,1,B,MI,882ab250d7fffff
261635856001003,10000,10000,17,4349734,130292,Clear Rate,50,1,B,MI,882ab250d7fffff
261635856001004,10000,10000,4,4349734,130292,Clear Rate,50,1,B,MI,882ab250d7fffff
261635856001005,10000,10000,12,4349734,130292,Clear Rate,50,1,B,MI,882ab2508bfffff
261635856001006,10000,10000,24,4349734,130292,Clear Rate,50,1,B,MI,882ab250d7fffff
261635856001007,10000,10000,13,4349734,130292,Clear Rate,50,1,B,MI,882ab250d7fffff
261635856001008,10000,10000,122,4349734,130292,Clear Rate,50,1,B,MI,882ab250d7fffff
261635856001009,10000,10000,7,4349734,130292,Clear Rate,50,1,B,MI,882ab250d7fffff
261635856001011,10000,10000,6,4349734,130292,Clear Rate,50,1,B,MI,882ab2509dfffff
261635856001012,10000,10000,14,4349734,130292,Clear Rate,50,1,B,MI,882ab2508bfffff
261635856001013,10000,10000,8,4349734,130292,Clear Rate,50,1,B,MI,882ab2508bfffff
261635856001014,10000,10000,9,4349734,130292,Clear Rate,50,1,B,MI,882ab2508bfffff
261635856001015,10000,10000,11,4349734,130292,Clear Rate,50,1,B,MI,882ab2508bfffff
261635856001016,10000,10000,8,4349734,130292,Clear Rate,50,1,B,MI,882ab2508bfffff
261635856001017,10000,10000,8,4349734,130292,Clear Rate,50,1,B,MI,882ab2508bfffff
261635856001018,10000,10000,10,4349734,130292,Clear Rate,50,1,B,MI,882ab25081fffff
261635856001019,10000,10000,44,4349734,130292,Clear Rate,50,1,B,MI,882ab25083fffff
261635856001020,10000,10000,4,4349734,130292,Clear Rate,50,1,B,MI,882ab25083fffff
261635856001021,10000,10000,3,4349734,130292,Clear Rate,50,1,B,MI,882ab25083fffff
261635856001022,10000,10000,7,4349734,130292,Clear Rate,50,1,B,MI,882ab2508bfffff
261635856001023,10000,10000,12,4349734,130292,Clear Rate,50,1,B,MI,882ab2508bfffff
261635856001024,10000,10000,18,4349734,130292,Clear Rate,50,1,B,MI,882ab2508bfffff
261635856001025,10000,10000,17,4349734,130292,Clear Rate,50,1,B,MI,882ab2508bfffff
261635856001026,10000,10000,29,4349734,130292,Clear Rate,50,1,B,MI,882ab2508bfffff
261635856001027,10000,10000,29,4349734,130292,Clear Rate,50,1,B,MI,882ab2508bfffff
261635856001028,10000,10000,22,4349734,130292,Clear Rate,50,1,B,MI,882ab2509dfffff
261635856001029,10000,10000,10,4349734,130292,Clear Rate,50,1,B,MI,882ab2509dfffff
261635856001030,10000,10000,8,4349734,130292,Clear Rate,50,1,B,MI,882ab2509dfffff
261635856001031,10000,10000,18,4349734,130292,Clear Rate,50,1,B,MI,882ab2509dfffff
261635856001032,10000,10000,4,4349734,130292,Clear Rate,50,1,B,MI,882ab25083fffff
261635856001034,10000,10000,72,4349734,130292,Clear Rate,50,1,B,MI,882ab250d3fffff
261635856001036,10000,10000,3,4349734,130292,Clear Rate,50,1,B,MI,882ab2572dfffff
261635856001037,10000,10000,12,4349734,130292,Clear Rate,50,1,B,MI,882ab2509dfffff
261635856001038,10000,10000,8,4349734,130292,Clear Rate,50,1,B,MI,882ab2508bfffff
261635856002000,10000,10000,41,4349734,130292,Clear Rate,50,1,B,MI,882ab25725fffff
261635856002001,10000,10000,81,4349734,130292,Clear Rate,50,1,B,MI,882ab250d3fffff
261635856002002,10000,10000,17,4349734,130292,Clear Rate,50,1,B,MI,882ab25083fffff
261635856002004,10000,10000,53,4349734,130292,Clear Rate,50,1,B,MI,882ab25725fffff
261635856002005,10000,10000,21,4349734,130292,Clear Rate,50,1,B,MI,882ab25083fffff
261635856002006,10000,10000,13,4349734,130292,Clear Rate,50,1,B,MI,882ab2509dfffff
261635856002007,10000,10000,2,4349734,130292,Clear Rate,50,1,B,MI,882ab25095fffff
261635856002008,10000,10000,32,4349734,130292,Clear Rate,50,1,B,MI,882ab25725fffff
261635856002009,10000,10000,7,4349734,130292,Clear Rate,50,1,B,MI,882ab25725fffff
261635856002010,10000,10000,9,4349734,130292,Clear Rate,50,1,B,MI,882ab25725fffff
261635857002000,10000,10000,13,4349734,130292,Clear Rate,50,1,B,MI,882ab25727fffff
261635857002001,10000,10000,9,4349734,130292,Clear Rate,50,1,B,MI,882ab25727fffff
261635857002009,10000,10000,1,4349734,130292,Clear Rate,50,1,B,MI,882ab2509bfffff
261635857002015,10000,10000,4,4349734,130292,Clear Rate,50,1,B,MI,882ab25727fffff
261635857002019,10000,10000,2,4349734,130292,Clear Rate,50,1,B,MI,882ab25549fffff
261635858002000,10000,10000,40,4349734,130292,Clear Rate,50,1,B,MI,882ab25083fffff
261635858002001,10000,10000,8,4349734,130292,Clear Rate,50,1,B,MI,882ab25081fffff
261635858002002,10000,10000,12,4349734,130292,Clear Rate,50,1,B,MI,882ab25083fffff
261635858002003,10000,10000,7,4349734,130292,Clear Rate,50,1,B,MI,882ab25083fffff
261635858002004,10000,10000,15,4349734,130292,Clear Rate,50,1,B,MI,882ab25083fffff
261635858002005,10000,10000,7,4349734,130292,Clear Rate,50,1,B,MI,882ab25083fffff
261635858002006,10000,10000,29,4349734,130292,Clear Rate,50,1,B,MI,882ab250b9fffff
261635858002007,10000,10000,11,4349734,130292,Clear Rate,50,1,B,MI,882ab25083fffff
261635858002008,10000,10000,8,4349734,130292,Clear Rate,50,1,B,MI,882ab250b9fffff
261635858002009,10000,10000,5,4349734,130292,Clear Rate,50,1,B,MI,882ab250b9fffff
261635858002010,10000,10000,9,4349734,130292,Clear Rate,50,1,B,MI,882ab25083fffff
261635858002011,10000,10000,15,4349734,130292,Clear Rate,50,1,B,MI,882ab25083fffff
261635858002016,10000,10000,1,4349734,130292,Clear Rate,50,1,B,MI,882ab250b9fffff
261635859002001,10000,10000,12,4349734,130292,Clear Rate,50,1,B,MI,882ab25567fffff
261635859002002,10000,10000,12,4349734,130292,Clear Rate,50,1,B,MI,882ab25567fffff
261635859002003,10000,10000,7,4349734,130292,Clear Rate,50,1,B,MI,882ab25563fffff
261635859002004,10000,10000,10,4349734,130292,Clear Rate,50,1,B,MI,882ab25529fffff
261635859002005,10000,10000,12,4349734,130292,Clear Rate,50,1,B,MI,882ab25529fffff
261635859002006,10000,10000,12,4349734,130292,Clear Rate,50,1,B,MI,882ab25529fffff
261635859002007,10000,10000,14,4349734,130292,Clear Rate,50,1,B,MI,882ab25567fffff
261635859002008,10000,10000,13,4349734,130292,Clear Rate,50,1,B,MI,882ab25567fffff
261635859002009,10000,10000,17,4349734,130292,Clear Rate,50,1,B,MI,882ab25567fffff
261635859002010,10000,10000,17,4349734,130292,Clear Rate,50,1,B,MI,882ab25567fffff
261635859002011,10000,10000,9,4349734,130292,Clear Rate,50,1,B,MI,882ab25567fffff
261635859002012,10000,10000,2,4349734,130292,Clear Rate,50,1,B,MI,882ab25567fffff
261635859002013,10000,10000,5,4349734,130292,Clear Rate,50,1,B,MI,882ab2552dfffff
261635859002014,10000,10000,20,4349734,130292,Clear Rate,50,1,B,MI,882ab25567fffff
261635859002015,10000,10000,12,4349734,130292,Clear Rate,50,1,B,MI,882ab25567fffff
261635859002016,10000,10000,15,4349734,130292,Clear Rate,50,1,B,MI,882ab25567fffff
261635859002017,10000,10000,16,4349734,130292,Clear Rate,50,1,B,MI,882ab25567fffff
261635859002018,10000,10000,10,4349734,130292,Clear Rate,50,1,B,MI,882ab25529fffff
261635859002019,10000,10000,8,4349734,130292,Clear Rate,50,1,B,MI,882ab25529fffff
261635859002020,10000,10000,13,4349734,130292,Clear Rate,50,1,B,MI,882ab25529fffff
261635859002021,10000,10000,15,4349734,130292,Clear Rate,50,1,B,MI,882ab25529fffff
261635859002022,10000,10000,1,4349734,130292,Clear Rate,50,1,B,MI,882ab25529fffff
261635859002023,10000,10000,13,4349734,130292,Clear Rate,50,1,B,MI,882ab25521fffff
261635859002024,10000,10000,4,4349734,130292,Clear Rate,50,1,B,MI,882ab25521fffff
261635859002025,10000,10000,11,4349734,130292,Clear Rate,50,1,B,MI,882ab2552dfffff
261635859002026,10000,10000,14,4349734,130292,Clear Rate,50,1,B,MI,882ab25529fffff
261635859003000,10000,10000,1,4349734,130292,Clear Rate,50,1,B,MI,882ab25567fffff
261635859003001,10000,10000,4,4349734,130292,Clear Rate,50,1,B,MI,882ab2425bfffff
261635859003002,10000,10000,11,4349734,130292,Clear Rate,50,1,B,MI,882ab25567fffff
261635859003003,10000,10000,5,4349734,130292,Clear Rate,50,1,B,MI,882ab2552dfffff
261635859003004,10000,10000,3,4349734,130292,Clear Rate,50,1,B,MI,882ab25567fffff
261635859003005,10000,10000,13,4349734,130292,Clear Rate,50,1,B,MI,882ab2552dfffff
261635859003006,10000,10000,6,4349734,130292,Clear Rate,50,1,B,MI,882ab2552dfffff
261635859003007,10000,10000,5,4349734,130292,Clear Rate,50,1,B,MI,882ab2425bfffff
261635859003018,10000,10000,13,4349734,130292,Clear Rate,50,1,B,MI,882ab2552dfffff
261635859003019,10000,10000,35,4349734,130292,Clear Rate,50,1,B,MI,882ab2552dfffff
261635859003020,10000,10000,6,4349734,130292,Clear Rate,50,1,B,MI,882ab2552dfffff
261635859003023,10000,10000,40,4349734,130292,Clear Rate,50,1,B,MI,882ab2552dfffff
261635859003024,10000,10000,15,4349734,130292,Clear Rate,50,1,B,MI,882ab2552dfffff
261635859003025,10000,10000,13,4349734,130292,Clear Rate,50,1,B,MI,882ab25525fffff
261635859003027,10000,10000,10,4349734,130292,Clear Rate,50,1,B,MI,882ab2552dfffff
261635859003028,10000,10000,16,4349734,130292,Clear Rate,50,1,B,MI,882ab2552dfffff
261635859004023,10000,10000,5,4349734,130292,Clear Rate,50,1,B,MI,882ab25567fffff
261635859004025,10000,10000,2,4349734,130292,Clear Rate,50,1,B,MI,882ab25567fffff
261635859004026,10000,10000,3,4349734,130292,Clear Rate,50,1,B,MI,882ab25567fffff
261635862011000,10000,10000,3,4349734,130292,Clear Rate,50,1,B,MI,882ab25739fffff
261635862011003,10000,10000,2,4349734,130292,Clear Rate,50,1,B,MI,882ab25731fffff
261635879002006,10000,10000,3,4349734,130292,Clear Rate,50,1,B,MI,882ab251b9fffff
261635879002007,10000,10000,4,4349734,130292,Clear Rate,50,1,B,MI,882ab251b9fffff
261635879002033,10000,10000,2,4349734,130292,Clear Rate,50,1,B,MI,882ab251b1fffff
261635881011000,10000,10000,7,4349734,130292,Clear Rate,50,1,B,MI,882ab24349fffff
261639831001000,10000,10000,1,4349734,130292,Clear Rate,50,1,B,MI,882ab251b5fffff
261639833011007,10000,10000,5,4349734,130292,Clear Rate,50,1,B,MI,882ab25351fffff
261639833011009,10000,10000,4,4349734,130292,Clear Rate,50,1,B,MI,882ab25351fffff
261639833011010,10000,10000,21,4349734,130292,Clear Rate,50,1,B,MI,882ab25351fffff
261639833011011,10000,10000,14,4349734,130292,Clear Rate,50,1,B,MI,882ab2535bfffff
261639833011012,10000,10000,1,4349734,130292,Clear Rate,50,1,B,MI,882ab25351fffff
261639833011013,10000,10000,2,4349734,130292,Clear Rate,50,1,B,MI,882ab25357fffff
261639833021000,10000,10000,11,4349734,130292,Clear Rate,50,1,B,MI,882ab25229fffff
261639833021001,10000,10000,1,4349734,130292,Clear Rate,50,1,B,MI,882ab25229fffff
261639853001000,10000,10000,3,4349734,130292,Clear Rate,50,1,B,MI,882ab2c5a9fffff
261639853001001,10000,10000,2,4349734,130292,Clear Rate,50,1,B,MI,882ab2c5a9fffff
261639853001002,10000,10000,7,4349734,130292,Clear Rate,50,1,B,MI,882ab2c5a9fffff
261639853001003,10000,10000,3,4349734,130292,Clear Rate,50,1,B,MI,882ab2c585fffff
261639853001006,10000,10000,4,4349734,130292,Clear Rate,50,1,B,MI,882ab2c5a9fffff
261639853001007,10000,10000,11,4349734,130292,Clear Rate,50,1,B,MI,882ab2c5a9fffff
261639853001008,10000,10000,1,4349734,130292,Clear Rate,50,1,B,MI,882ab2c5a9fffff
261639853001012,10000,10000,2,4349734,130292,Clear Rate,50,1,B,MI,882ab2c5a9fffff
261639853001013,10000,10000,8,4349734,130292,Clear Rate,50,1,B,MI,882ab2c585fffff
261639853001014,10000,10000,5,4349734,130292,Clear Rate,50,1,B,MI,882ab2c585fffff
261639853001015,10000,10000,1,4349734,130292,Clear Rate,50,1,B,MI,882ab2c585fffff
261639853001016,10000,10000,3,4349734,130292,Clear Rate,50,1,B,MI,882ab2c585fffff
261639853001019,10000,10000,2,4349734,130292,Clear Rate,50,1,B,MI,882ab2c5abfffff
261639853001020,10000,10000,1,4349734,130292,Clear Rate,50,1,B,MI,882ab2c5a9fffff
261639853001023,10000,10000,2,4349734,130292,Clear Rate,50,1,B,MI,882ab2c5abfffff
261639853001024,10000,10000,2,4349734,130292,Clear Rate,50,1,B,MI,882ab2c5abfffff
261639853001025,10000,10000,1,4349734,130292,Clear Rate,50,1,B,MI,882ab2c5abfffff
261639853001026,10000,10000,3,4349734,130292,Clear Rate,50,1,B,MI,882ab2c5a1fffff
261639853001027,10000,10000,2,4349734,130292,Clear Rate,50,1,B,MI,882ab2c5a1fffff
261639853001028,10000,10000,3,4349734,130292,Clear Rate,50,1,B,MI,882ab2c5abfffff
261639853001030,10000,10000,1,4349734,130292,Clear Rate,50,1,B,MI,882ab2c5a1fffff
261639854001021,10000,10000,10,4349734,130292,Clear Rate,50,1,B,MI,882ab25563fffff
261639854001026,10000,10000,1,4349734,130292,Clear Rate,50,1,B,MI,882ab25521fffff
261639854001033,10000,10000,4,4349734,130292,Clear Rate,50,1,B,MI,882ab25563fffff
261639854001034,10000,10000,2,4349734,130292,Clear Rate,50,1,B,MI,882ab25563fffff
261639854001035,10000,10000,8,4349734,130292,Clear Rate,50,1,B,MI,882ab25563fffff
261639854001036,10000,10000,3,4349734,130292,Clear Rate,50,1,B,MI,882ab25563fffff
