block_geoid,max_advertised_download_speed,max_advertised_upload_speed,count,frn,provider_id,brand_name,technology,low_latency,business_residential_code,state_usps,h3_res8_id
260050307021058,1000,1000,5,23076508,300091,Midwest Energy & Communications,50,1,X,MI,8827487987fffff
260050307021059,1000,1000,10,23076508,300091,Midwest Energy & Communications,50,1,X,MI,88274879abfffff
260050307021060,1000,1000,2,23076508,300091,Midwest Energy & Communications,50,1,X,MI,8827487987fffff
260050307032035,1000,1000,1,23076508,300091,Midwest Energy & Communications,50,1,X,MI,88274ab413fffff
260050307032036,1000,1000,1,23076508,300091,Midwest Energy & Communications,50,1,X,MI,88274ab413fffff
260050309011000,1000,1000,5,23076508,300091,Midwest Energy & Communications,50,1,X,MI,88274ab5c3fffff
260050309011001,1000,1000,21,23076508,300091,Midwest Energy & Communications,50,1,X,MI,88274ab5c5fffff
260050309011002,1000,1000,10,23076508,300091,Midwest Energy & Communications,50,1,X,MI,88274ab5ebfffff
260050309011003,1000,1000,2,23076508,300091,Midwest Energy & Communications,50,1,X,MI,88274ab5e1fffff
260050309011005,1000,1000,2,23076508,300091,Midwest Energy & Communications,50,1,X,MI,88274ab5edfffff
260050309011006,1000,1000,13,23076508,300091,Midwest Energy & Communications,50,1,X,MI,88274aa2dbfffff
260050309011007,1000,1000,4,23076508,300091,Midwest Energy & Communications,50,1,X,MI,88274ab5c7fffff
260050309011008,1000,1000,3,23076508,300091,Midwest Energy & Communications,50,1,X,MI,88274ab5ebfffff
260050309011009,1000,1000,2,23076508,300091,Midwest Energy & Communications,50,1,X,MI,88274ab5e3fffff
260050309011010,1000,1000,1,23076508,300091,Midwest Energy & Communications,50,1,X,MI,88274ab5e3fffff
260050309011011,1000,1000,2,23076508,300091,Midwest Energy & Communications,50,1,X,MI,88274ab5e7fffff
260050309011012,1000,1000,2,23076508,300091,Midwest Energy & Communications,50,1,X,MI,88274ab5e7fffff
260050309011013,1000,1000,18,23076508,300091,Midwest Energy & Communications,50,1,X,MI,88274ab5c3fffff
260050309011014,1000,1000,15,23076508,300091,Midwest Energy & Communications,50,1,X,MI,88274ab5d5fffff
260050309011015,1000,1000,11,23076508,300091,Midwest Energy & Communications,50,1,X,MI,88274ab5d1fffff
260050309011016,1000,1000,12,23076508,300091,Midwest Energy & Communications,50,1,X,MI,88274ab5d7fffff
260050309011017,1000,1000,17,23076508,300091,Midwest Energy & Communications,50,1,X,MI,88274ab595fffff
260050309011018,1000,1000,8,23076508,300091,Midwest Energy & Communications,50,1,X,MI,88274ab587fffff
260050309011019,1000,1000,12,23076508,300091,Midwest Energy & Communications,50,1,X,MI,88274ab585fffff
260050309011020,1000,1000,2,23076508,300091,Midwest Energy & Communications,50,1,X,MI,88274ab5a9fffff
260050309011021,1000,1000,21,23076508,300091,Midwest Energy & Communications,50,1,X,MI,88274ab5a9fffff
260050309011022,1000,1000,22,23076508,300091,Midwest Energy & Communications,50,1,X,MI,88274ab5a5fffff
260050309011023,1000,1000,18,23076508,300091,Midwest Energy & Communications,50,1,X,MI,88274aa2d3fffff
260050309011024,1000,1000,5,23076508,300091,Midwest Energy & Communications,50,1,X,MI,88274ab5b9fffff
260050309011025,1000,1000,7,23076508,300091,Midwest Energy & Communications,50,1,X,MI,88274ab5b1fffff
260050309011026,1000,1000,6,23076508,300091,Midwest Energy & Communications,50,1,X,MI,88274ab5b5fffff
260050309011027,1000,1000,11,23076508,300091,Midwest Energy & Communications,50,1,X,MI,88274ab5a1fffff
260050309011028,1000,1000,6,23076508,300091,Midwest Energy & Communications,50,1,X,MI,88274ab5a5fffff
260050309011029,1000,1000,12,23076508,300091,Midwest Energy & Communications,50,1,X,MI,88274aa299fffff
260050309011030,1000,1000,4,23076508,300091,Midwest Energy & Communications,50,1,X,MI,88274aa74dfffff
260050309011033,1000,1000,11,23076508,300091,Midwest Energy & Communications,50,1,X,MI,88274aa29dfffff
260050309011034,1000,1000,109,23076508,300091,Midwest Energy & Communications,50,1,X,MI,88274aa28dfffff
260050309011035,1000,1000,2,23076508,300091,Midwest Energy & Communications,50,1,X,MI,88274aa28dfffff
260050309011036,1000,1000,5,23076508,300091,Midwest Energy & Communications,50,1,X,MI,88274aa28dfffff
260050309011037,1000,1000,7,23076508,300091,Midwest Energy & Communications,50,1,X,MI,88274aa28dfffff
260050309011039,1000,1000,2,23076508,300091,Midwest Energy & Communications,50,1,X,MI,88274aa28dfffff
260050309011040,1000,1000,2,23076508,300091,Midwest Energy & Communications,50,1,X,MI,88274aa28dfffff
260050309011041,1000,1000,6,23076508,300091,Midwest Energy & Communications,50,1,X,MI,88274aa28dfffff
260050309011042,1000,1000,7,23076508,300091,Midwest Energy & Communications,50,1,X,MI,88274aa2c7fffff
260050309011043,1000,1000,4,23076508,300091,Midwest Energy & Communications,50,1,X,MI,88274aa28dfffff
260050309011044,1000,1000,3,23076508,300091,Midwest Energy & Communications,50,1,X,MI,88274aa28dfffff
260050309011045,1000,1000,1,23076508,300091,Midwest Energy & Communications,50,1,X,MI,88274aa2b9fffff
260050309011047,1000,1000,4,23076508,300091,Midwest Energy & Communications,50,1,X,MI,88274aa28dfffff
260050309011048,1000,1000,4,23076508,300091,Midwest Energy & Communications,50,1,X,MI,88274aa28dfffff
260050309011050,1000,1000,3,23076508,300091,Midwest Energy & Communications,50,1,X,MI,88274aa28dfffff
260050309011051,1000,1000,10,23076508,300091,Midwest Energy & Communications,50,1,X,MI,88274ab5b1fffff
260050309011052,1000,1000,12,23076508,300091,Midwest Energy & Communications,50,1,X,MI,88274ab5b9fffff
260050309011053,1000,1000,5,23076508,300091,Midwest Energy & Communications,50,1,X,MI,88274ab595fffff
260050309011054,1000,1000,4,23076508,300091,Midwest Energy & Communications,50,1,X,MI,88274ab595fffff
260050309011055,1000,1000,3,23076508,300091,Midwest Energy & Communications,50,1,X,MI,88274ab591fffff
260050309011056,1000,1000,14,23076508,300091,Midwest Energy & Communications,50,1,X,MI,88274ab591fffff
260050309011057,1000,1000,1,23076508,300091,Midwest Energy & Communications,50,1,X,MI,88274ab59bfffff
260050309011058,1000,1000,1,23076508,300091,Midwest Energy & Communications,50,1,X,MI,88274ab591fffff
260050309011059,1000,1000,1,23076508,300091,Midwest Energy & Communications,50,1,X,MI,88274ab597fffff
260050309011060,1000,1000,1,23076508,300091,Midwest Energy & Communications,50,1,X,MI,88274aa66dfffff
260050309011061,1000,1000,4,23076508,300091,Midwest Energy & Communications,50,1,X,MI,88274ab597fffff
260050309011062,1000,1000,2,23076508,300091,Midwest Energy & Communications,50,1,X,MI,88274ab597fffff
260050309011063,1000,1000,5,23076508,300091,Midwest Energy & Communications,50,1,X,MI,88274ab593fffff
260050309011064,1000,1000,13,23076508,300091,Midwest Energy & Communications,50,1,X,MI,88274ab593fffff
260050309011065,1000,1000,8,23076508,300091,Midwest Energy & Communications,50,1,X,MI,88274aa661fffff
260050309011066,1000,1000,5,23076508,300091,Midwest Energy & Communications,50,1,X,MI,88274aa661fffff
260050309011067,1000,1000,1,23076508,300091,Midwest Energy & Communications,50,1,X,MI,88274aa665fffff
260050309011068,1000,1000,9,23076508,300091,Midwest Energy & Communications,50,1,X,MI,88274ab5b3fffff
260050309011069,1000,1000,34,23076508,300091,Midwest Energy & Communications,50,1,X,MI,88274aa281fffff
260050309011070,1000,1000,29,23076508,300091,Midwest Energy & Communications,50,1,X,MI,88274aa29dfffff
260050309011071,1000,1000,5,23076508,300091,Midwest Energy & Communications,50,1,X,MI,88274aa29dfffff
260050309011072,1000,1000,1,23076508,300091,Midwest Energy & Communications,50,1,X,MI,88274aa665fffff
260050309011073,1000,1000,15,23076508,300091,Midwest Energy & Communications,50,1,X,MI,88274ab5a3fffff
260050309011074,1000,1000,8,23076508,300091,Midwest Energy & Communications,50,1,X,MI,88274ab5b5fffff
260050309011075,1000,1000,1,23076508,300091,Midwest Energy & Communications,50,1,X,MI,88274aa661fffff
260050309011076,1000,1000,2,23076508,300091,Midwest Energy & Communications,50,1,X,MI,88274aa28dfffff
260050309012000,1000,1000,12,23076508,300091,Midwest Energy & Communications,50,1,X,MI,88274aa0dbfffff
260050309012002,1000,1000,1,23076508,300091,Midwest Energy & Communications,50,1,X,MI,88274aa765fffff
260050309012003,1000,1000,2,23076508,300091,Midwest Energy & Communications,50,1,X,MI,88274aa0dbfffff
260050309012012,1000,1000,2,23076508,300091,Midwest Energy & Communications,50,1,X,MI,88274aa0dbfffff
260050309012022,1000,1000,2,23076508,300091,Midwest Energy & Communications,50,1,X,MI,88274aa765fffff
260050309012025,1000,1000,3,23076508,300091,Midwest Energy & Communications,50,1,X,MI,88274aa0dbfffff
260050309012026,1000,1000,1,23076508,300091,Midwest Energy & Communications,50,1,X,MI,88274aa0dbfffff
260050309012028,1000,1000,21,23076508,300091,Midwest Energy & Communications,50,1,X,MI,88274aa0dbfffff
260050309012033,1000,1000,2,23076508,300091,Midwest Energy & Communications,50,1,X,MI,88274aa2b3fffff
260050309012036,1000,1000,6,23076508,300091,Midwest Energy & Communications,50,1,X,MI,88274aa76dfffff
260050309012042,1000,1000,2,23076508,300091,Midwest Energy & Communications,50,1,X,MI,88274aa549fffff
260050309012043,1000,1000,7,23076508,300091,Midwest Energy & Communications,50,1,X,MI,88274aa72bfffff
260050309012044,1000,1000,21,23076508,300091,Midwest Energy & Communications,50,1,X,MI,88274aa549fffff
260050309012047,1000,1000,2,23076508,300091,Midwest Energy & Communications,50,1,X,MI,88274aa541fffff
260050309012048,1000,1000,8,23076508,300091,Midwest Energy & Communications,50,1,X,MI,88274aa541fffff
260050309013000,1000,1000,16,23076508,300091,Midwest Energy & Communications,50,1,X,MI,88274aa661fffff
260050309013001,1000,1000,17,23076508,300091,Midwest Energy & Communications,50,1,X,MI,88274aa663fffff
260050309013002,1000,1000,24,23076508,300091,Midwest Energy & Communications,50,1,X,MI,88274aa751fffff
260050309013003,1000,1000,1,23076508,300091,Midwest Energy & Communications,50,1,X,MI,88274aa759fffff
260050309013004,1000,1000,2,23076508,300091,Midwest Energy & Communications,50,1,X,MI,88274aa751fffff
260050309013005,1000,1000,3,23076508,300091,Midwest Energy & Communications,50,1,X,MI,88274ab5b7fffff
260050309013006,1000,1000,2,23076508,300091,Midwest Energy & Communications,50,1,X,MI,88274ab5b7fffff
260050309013007,1000,1000,12,23076508,300091,Midwest Energy & Communications,50,1,X,MI,88274aa75dfffff
260050309013008,1000,1000,52,23076508,300091,Midwest Energy & Communications,50,1,X,MI,88274aa74bfffff
260050309013009,1000,1000,13,23076508,300091,Midwest Energy & Communications,50,1,X,MI,88274aa72bfffff
260050309013010,1000,1000,21,23076508,300091,Midwest Energy & Communications,50,1,X,MI,88274aa701fffff
260050309013011,1000,1000,7,23076508,300091,Midwest Energy & Communications,50,1,X,MI,88274aa751fffff
260050309013012,1000,1000,1,23076508,300091,Midwest Energy & Communications,50,1,X,MI,88274aa751fffff
260050309013013,1000,1000,3,23076508,300091,Midwest Energy & Communications,50,1,X,MI,88274aa757fffff
260050309013014,1000,1000,22,23076508,300091,Midwest Energy & Communications,50,1,X,MI,88274aa701fffff
260050309013015,1000,1000,13,23076508,300091,Midwest Energy & Communications,50,1,X,MI,88274aa72bfffff
260050309013016,1000,1000,21,23076508,300091,Midwest Energy & Communications,50,1,X,MI,88274aa73bfffff
260050309013017,1000,1000,45,23076508,300091,Midwest Energy & Communications,50,1,X,MI,88274aa719fffff
260050309013018,1000,1000,4,23076508,300091,Midwest Energy & Communications,50,1,X,MI,88274aa715fffff
260050309013019,1000,1000,13,23076508,300091,Midwest Energy & Communications,50,1,X,MI,88274aa719fffff
260050309013020,1000,1000,17,23076508,300091,Midwest Energy & Communications,50,1,X,MI,88274aa719fffff
260050309013021,1000,1000,26,23076508,300091,Midwest Energy & Communications,50,1,X,MI,88274aa625fffff
260050309013022,1000,1000,12,23076508,300091,Midwest Energy & Communications,50,1,X,MI,88274aa629fffff
260050309013023,1000,1000,2,23076508,300091,Midwest Energy & Communications,50,1,X,MI,88274aa629fffff
260050309013024,1000,1000,2,23076508,300091,Midwest Energy & Communications,50,1,X,MI,88274aa629fffff
260050309013025,1000,1000,3,23076508,300091,Midwest Energy & Communications,50,1,X,MI,88274aa663fffff
260050309013026,1000,1000,9,23076508,300091,Midwest Energy & Communications,50,1,X,MI,88274aa601fffff
260050309013027,1000,1000,10,23076508,300091,Midwest Energy & Communications,50,1,X,MI,88274aa607fffff
260050309013028,1000,1000,3,23076508,300091,Midwest Energy & Communications,50,1,X,MI,88274aa62bfffff
260050309013029,1000,1000,17,23076508,300091,Midwest Energy & Communications,50,1,X,MI,88274aa639fffff
260050309013030,1000,1000,5,23076508,300091,Midwest Energy & Communications,50,1,X,MI,88274aa293fffff
260050309021020,1000,1000,5,23076508,300091,Midwest Energy & Communications,50,1,X,MI,88274ab5edfffff
260050309021021,1000,1000,1,23076508,300091,Midwest Energy & Communications,50,1,X,MI,88274aa2d9fffff
260050309021028,1000,1000,3,23076508,300091,Midwest Energy & Communications,50,1,X,MI,88274aa2c7fffff
260050309021036,1000,1000,1,23076508,300091,Midwest Energy & Communications,50,1,X,MI,88274ab5c1fffff
260050309021040,1000,1000,1,23076508,300091,Midwest Energy & Communications,50,1,X,MI,88274ab5edfffff
260050310011000,1000,1000,7,23076508,300091,Midwest Energy & Communications,50,1,X,MI,88274ab413fffff
260050310011001,1000,1000,1,23076508,300091,Midwest Energy & Communications,50,1,X,MI,88274ab4ebfffff
260050310011003,1000,1000,4,23076508,300091,Midwest Energy & Communications,50,1,X,MI,88274ab4e7fffff
260050310011004,1000,1000,4,23076508,300091,Midwest Energy & Communications,50,1,X,MI,88274ab5d9fffff
260050310011005,1000,1000,1,23076508,300091,Midwest Energy & Communications,50,1,X,MI,88274ab437fffff
260050310011006,1000,1000,32,23076508,300091,Midwest Energy & Communications,50,1,X,MI,88274ab5d1fffff
260050310011007,1000,1000,19,23076508,300091,Midwest Energy & Communications,50,1,X,MI,88274ab4e3fffff
260050310011008,1000,1000,7,23076508,300091,Midwest Energy & Communications,50,1,X,MI,88274ab48dfffff
260050310011012,1000,1000,14,23076508,300091,Midwest Energy & Communications,50,1,X,MI,88274ab4a9fffff
260050310011013,1000,1000,27,23076508,300091,Midwest Energy & Communications,50,1,X,MI,88274ab5d3fffff
260050310011014,1000,1000,11,23076508,300091,Midwest Energy & Communications,50,1,X,MI,88274ab5d3fffff
260050310011015,1000,1000,9,23076508,300091,Midwest Energy & Communications,50,1,X,MI,88274ab485fffff
260050310011016,1000,1000,8,23076508,300091,Midwest Energy & Communications,50,1,X,MI,88274ab485fffff
260050310011017,1000,1000,6,23076508,300091,Midwest Energy & Communications,50,1,X,MI,88274ab4abfffff
260050310011018,1000,1000,20,23076508,300091,Midwest Energy & Communications,50,1,X,MI,88274ab4a1fffff
260050310011019,1000,1000,25,23076508,300091,Midwest Energy & Communications,50,1,X,MI,88274ab4a1fffff
260050310011020,1000,1000,20,23076508,300091,Midwest Energy & Communications,50,1,X,MI,88274aa649fffff
260050310011021,1000,1000,24,23076508,300091,Midwest Energy & Communications,50,1,X,MI,88274ab4a3fffff
260050310011022,1000,1000,1,23076508,300091,Midwest Energy & Communications,50,1,X,MI,88274ab4bdfffff
260050310011023,1000,1000,3,23076508,300091,Midwest Energy & Communications,50,1,X,MI,88274ab487fffff
260050310011024,1000,1000,1,23076508,300091,Midwest Energy & Communications,50,1,X,MI,88274ab485fffff
260050310011025,1000,1000,8,23076508,300091,Midwest Energy & Communications,50,1,X,MI,88274ab5dbfffff
260050310011026,1000,1000,27,23076508,300091,Midwest Energy & Communications,50,1,X,MI,88274ab4b5fffff
260050310011027,1000,1000,1,23076508,300091,Midwest Energy & Communications,50,1,X,MI,88274ab4bdfffff
260050310011028,1000,1000,2,23076508,300091,Midwest Energy & Communications,50,1,X,MI,88274ab4b1fffff
260050310011029,1000,1000,14,23076508,300091,Midwest Energy & Communications,50,1,X,MI,88274ab4b7fffff
260050310011030,1000,1000,7,23076508,300091,Midwest Energy & Communications,50,1,X,MI,88274aa64bfffff
260050310011031,1000,1000,10,23076508,300091,Midwest Energy & Communications,50,1,X,MI,88274aa64dfffff
260050310011032,1000,1000,9,23076508,300091,Midwest Energy & Communications,50,1,X,MI,88274aa649fffff
260050310011033,1000,1000,17,23076508,300091,Midwest Energy & Communications,50,1,X,MI,88274aa64bfffff
260050310011034,1000,1000,21,23076508,300091,Midwest Energy & Communications,50,1,X,MI,88274aa643fffff
260050310011035,1000,1000,35,23076508,300091,Midwest Energy & Communications,50,1,X,MI,88274aa643fffff
260050310011036,1000,1000,14,23076508,300091,Midwest Energy & Communications,50,1,X,MI,88274aa655fffff
260050310011038,1000,1000,2,23076508,300091,Midwest Energy & Communications,50,1,X,MI,88274aa651fffff
260050310011039,1000,1000,13,23076508,300091,Midwest Energy & Communications,50,1,X,MI,88274aa65bfffff
260050310011040,1000,1000,8,23076508,300091,Midwest Energy & Communications,50,1,X,MI,88274aa61dfffff
260050310011041,1000,1000,30,23076508,300091,Midwest Energy & Communications,50,1,X,MI,88274aa601fffff
260050310011043,1000,1000,10,23076508,300091,Midwest Energy & Communications,50,1,X,MI,88274aa615fffff
260050310012005,1000,1000,30,23076508,300091,Midwest Energy & Communications,50,1,X,MI,88274ab48dfffff
260050310012029,1000,1000,1,23076508,300091,Midwest Energy & Communications,50,1,X,MI,88274ab481fffff
260050310012030,1000,1000,7,23076508,300091,Midwest Energy & Communications,50,1,X,MI,88274ab485fffff
260050310012031,1000,1000,4,23076508,300091,Midwest Energy & Communications,50,1,X,MI,88274ab485fffff
260050310012032,1000,1000,4,23076508,300091,Midwest Energy & Communications,50,1,X,MI,88274ab48dfffff
260050310012033,1000,1000,12,23076508,300091,Midwest Energy & Communications,50,1,X,MI,88274ab48dfffff
260050310012034,1000,1000,5,23076508,300091,Midwest Energy & Communications,50,1,X,MI,88274ab48dfffff
260050310012035,1000,1000,2,23076508,300091,Midwest Energy & Communications,50,1,X,MI,88274ab48dfffff
260050310012036,1000,1000,7,23076508,300091,Midwest Energy & Communications,50,1,X,MI,88274ab48dfffff
260050310012038,1000,1000,2,23076508,300091,Midwest Energy & Communications,50,1,X,MI,88274ab48dfffff
260050310012042,1000,1000,9,23076508,300091,Midwest Energy & Communications,50,1,X,MI,88274ab48dfffff
260050310012043,1000,1000,2,23076508,300091,Midwest Energy & Communications,50,1,X,MI,88274ab485fffff
260050310012044,1000,1000,6,23076508,300091,Midwest Energy & Communications,50,1,X,MI,88274ab487fffff
260050310012045,1000,1000,24,23076508,300091,Midwest Energy & Communications,50,1,X,MI,88274ab483fffff
260050310012046,1000,1000,10,23076508,300091,Midwest Energy & Communications,50,1,X,MI,88274ab483fffff
260050310012047,1000,1000,26,23076508,300091,Midwest Energy & Communications,50,1,X,MI,88274ab4bbfffff
260050310012048,1000,1000,6,23076508,300091,Midwest Energy & Communications,50,1,X,MI,88274ab48dfffff
260050310012049,1000,1000,6,23076508,300091,Midwest Energy & Communications,50,1,X,MI,88274ab48dfffff
260050310012050,1000,1000,8,23076508,300091,Midwest Energy & Communications,50,1,X,MI,88274ab48dfffff
260050310012051,1000,1000,3,23076508,300091,Midwest Energy & Communications,50,1,X,MI,88274ab48dfffff
260050310021038,1000,1000,4,23076508,300091,Midwest Energy & Communications,50,1,X,MI,88274ab491fffff
260050310021040,1000,1000,13,23076508,300091,Midwest Energy & Communications,50,1,X,MI,88274ab497fffff
260050310021041,1000,1000,18,23076508,300091,Midwest Energy & Communications,50,1,X,MI,88274ab4bbfffff
260050310021055,1000,1000,1,23076508,300091,Midwest Energy & Communications,50,1,X,MI,88274aa65bfffff
260050310021058,1000,1000,6,23076508,300091,Midwest Energy & Communications,50,1,X,MI,8827486903fffff
260050310021066,1000,1000,4,23076508,300091,Midwest Energy & Communications,50,1,X,MI,882748690bfffff
260050310021069,1000,1000,4,23076508,300091,Midwest Energy & Communications,50,1,X,MI,8827486953fffff
260050310021076,1000,1000,6,23076508,300091,Midwest Energy & Communications,50,1,X,MI,8827486925fffff
260050310021077,1000,1000,8,23076508,300091,Midwest Energy & Communications,50,1,X,MI,882748692bfffff
260050310022002,1000,1000,2,23076508,300091,Midwest Energy & Communications,50,1,X,MI,8827487997fffff
260050310022003,1000,1000,17,23076508,300091,Midwest Energy & Communications,50,1,X,MI,88274879b9fffff
260050310022004,1000,1000,28,23076508,300091,Midwest Energy & Communications,50,1,X,MI,88274879b1fffff
260050310022005,1000,1000,6,23076508,300091,Midwest Energy & Communications,50,1,X,MI,88274879bdfffff
260050310022006,1000,1000,4,23076508,300091,Midwest Energy & Communications,50,1,X,MI,88274879b5fffff
260050310022007,1000,1000,1,23076508,300091,Midwest Energy & Communications,50,1,X,MI,8827486b4bfffff
260050310022008,1000,1000,6,23076508,300091,Midwest Energy & Communications,50,1,X,MI,8827486b5dfffff
260050310022009,1000,1000,14,23076508,300091,Midwest Energy & Communications,50,1,X,MI,8827486b5dfffff
260050310022010,1000,1000,26,23076508,300091,Midwest Energy & Communications,50,1,X,MI,8827487997fffff
260050310022011,1000,1000,9,23076508,300091,Midwest Energy & Communications,50,1,X,MI,8827487993fffff
260050310022015,1000,1000,2,23076508,300091,Midwest Energy & Communications,50,1,X,MI,8827486a6bfffff
260050310022016,1000,1000,8,23076508,300091,Midwest Energy & Communications,50,1,X,MI,8827486b51fffff
260050310022018,1000,1000,1,23076508,300091,Midwest Energy & Communications,50,1,X,MI,8827486b5dfffff
260050310022029,1000,1000,7,23076508,300091,Midwest Energy & Communications,50,1,X,MI,8827486a63fffff
260050310022030,1000,1000,3,23076508,300091,Midwest Energy & Communications,50,1,X,MI,8827486a63fffff
260050310022031,1000,1000,15,23076508,300091,Midwest Energy & Communications,50,1,X,MI,8827486a47fffff
260050310022032,1000,1000,5,23076508,300091,Midwest Energy & Communications,50,1,X,MI,8827486a47fffff
260050310022033,1000,1000,10,23076508,300091,Midwest Energy & Communications,50,1,X,MI,8827486a43fffff
260050310022034,1000,1000,2,23076508,300091,Midwest Energy & Communications,50,1,X,MI,8827486a43fffff
260050310022035,1000,1000,3,23076508,300091,Midwest Energy & Communications,50,1,X,MI,8827486a4bfffff
260050310022047,1000,1000,5,23076508,300091,Midwest Energy & Communications,50,1,X,MI,8827486a01fffff
260050310022050,1000,1000,9,23076508,300091,Midwest Energy & Communications,50,1,X,MI,8827486a2bfffff
260050310022051,1000,1000,7,23076508,300091,Midwest Energy & Communications,50,1,X,MI,8827486a2bfffff
260050310022052,1000,1000,9,23076508,300091,Midwest Energy & Communications,50,1,X,MI,8827486a03fffff
260050310023000,1000,1000,3,23076508,300091,Midwest Energy & Communications,50,1,X,MI,8827486a15fffff
260050310023001,1000,1000,8,23076508,300091,Midwest Energy & Communications,50,1,X,MI,8827486a3bfffff
260050310023026,1000,1000,2,23076508,300091,Midwest Energy & Communications,50,1,X,MI,8827486a3bfffff
260050310023027,1000,1000,1,23076508,300091,Midwest Energy & Communications,50,1,X,MI,8827486a3bfffff
260050310023033,1000,1000,24,23076508,300091,Midwest Energy & Communications,50,1,X,MI,8827486ae5fffff
260050310023034,1000,1000,104,23076508,300091,Midwest Energy & Communications,50,1,X,MI,8827486aedfffff
260050310023036,1000,1000,1,23076508,300091,Midwest Energy & Communications,50,1,X,MI,8827486a3bfffff
260050310023037,1000,1000,1,23076508,300091,Midwest Energy & Communications,50,1,X,MI,8827486a3bfffff
260050310023038,1000,1000,5,23076508,300091,Midwest Energy & Communications,50,1,X,MI,8827486ae5fffff
260050310023046,1000,1000,2,23076508,300091,Midwest Energy & Communications,50,1,X,MI,8827486ae7fffff
260050310023048,1000,1000,3,23076508,300091,Midwest Energy & Communications,50,1,X,MI,8827486aebfffff
260050310023050,1000,1000,1,23076508,300091,Midwest Energy & Communications,50,1,X,MI,8827486aebfffff
260050311011009,1000,1000,3,23076508,300091,Midwest Energy & Communications,50,1,X,MI,88274878abfffff
260050311011010,1000,1000,10,23076508,300091,Midwest Energy & Communications,50,1,X,MI,88274878bdfffff
260050311011013,1000,1000,9,23076508,300091,Midwest Energy & Communications,50,1,X,MI,8827487883fffff
260050311011014,1000,1000,14,23076508,300091,Midwest Energy & Communications,50,1,X,MI,8827487883fffff
260050311011015,1000,1000,8,23076508,300091,Midwest Energy & Communications,50,1,X,MI,88274878b1fffff
260050311011016,1000,1000,9,23076508,300091,Midwest Energy & Communications,50,1,X,MI,88274878b1fffff
260050311011017,1000,1000,3,23076508,300091,Midwest Energy & Communications,50,1,X,MI,88274878a3fffff
260050311011020,1000,1000,12,23076508,300091,Midwest Energy & Communications,50,1,X,MI,88274878b1fffff
260050311011021,1000,1000,6,23076508,300091,Midwest Energy & Communications,50,1,X,MI,88274878b7fffff
260050311011022,1000,1000,2,23076508,300091,Midwest Energy & Communications,50,1,X,MI,88274878b3fffff
260050311013040,1000,1000,9,23076508,300091,Midwest Energy & Communications,50,1,X,MI,8827486ac3fffff
260050311013042,1000,1000,1,23076508,300091,Midwest Energy & Communications,50,1,X,MI,8827486aebfffff
260210017002004,1000,1000,5,23076508,300091,Midwest Energy & Communications,50,1,X,MI,88274a24b9fffff
260210017002005,1000,1000,3,23076508,300091,Midwest Energy & Communications,50,1,X,MI,88274a2495fffff
260210017002006,1000,1000,1,23076508,300091,Midwest Energy & Communications,50,1,X,MI,88274a2497fffff
260210017002007,1000,1000,11,23076508,300091,Midwest Energy & Communications,50,1,X,MI,88274b516dfffff
260210017002008,1000,1000,9,23076508,300091,Midwest Energy & Communications,50,1,X,MI,88274a2497fffff
260210017002009,1000,1000,4,23076508,300091,Midwest Energy & Communications,50,1,X,MI,88274a2497fffff
260210017002015,1000,1000,24,23076508,300091,Midwest Energy & Communications,50,1,X,MI,88274a24b1fffff
260210017002016,1000,1000,7,23076508,300091,Midwest Energy & Communications,50,1,X,MI,88274a24b3fffff
260210017003013,1000,1000,4,23076508,300091,Midwest Energy & Communications,50,1,X,MI,88274a24b1fffff
260210017003024,1000,1000,11,23076508,300091,Midwest Energy & Communications,50,1,X,MI,88274a24b1fffff
260210017003033,1000,1000,7,23076508,300091,Midwest Energy & Communications,50,1,X,MI,88274b5a59fffff
260210018002043,1000,1000,1,23076508,300091,Midwest Energy & Communications,50,1,X,MI,88274a2491fffff
260210018003007,1000,1000,9,23076508,300091,Midwest Energy & Communications,50,1,X,MI,88274b5313fffff
260210018003013,1000,1000,7,23076508,300091,Midwest Energy & Communications,50,1,X,MI,88274b5317fffff
260210018003014,1000,1000,1,23076508,300091,Midwest Energy & Communications,50,1,X,MI,88274b514bfffff
260210018003020,1000,1000,8,23076508,300091,Midwest Energy & Communications,50,1,X,MI,88274b5145fffff
260210018003021,1000,1000,2,23076508,300091,Midwest Energy & Communications,50,1,X,MI,88274a2493fffff
260210018003023,1000,1000,3,23076508,300091,Midwest Energy & Communications,50,1,X,MI,88274b5145fffff
260210018003024,1000,1000,5,23076508,300091,Midwest Energy & Communications,50,1,X,MI,88274b5145fffff
260210019001000,1000,1000,10,23076508,300091,Midwest Energy & Communications,50,1,X,MI,88274bc9cbfffff
260210019001001,1000,1000,1,23076508,300091,Midwest Energy & Communications,50,1,X,MI,88274bc9c3fffff
260210019001002,1000,1000,9,23076508,300091,Midwest Energy & Communications,50,1,X,MI,88274bc9c7fffff
260210019001003,1000,1000,11,23076508,300091,Midwest Energy & Communications,50,1,X,MI,88274bc98dfffff
260210019001043,1000,1000,5,23076508,300091,Midwest Energy & Communications,50,1,X,MI,88274bc985fffff
260210019001044,1000,1000,1,23076508,300091,Midwest Energy & Communications,50,1,X,MI,88274bc98dfffff
260210019001045,1000,1000,2,23076508,300091,Midwest Energy & Communications,50,1,X,MI,88274bc98dfffff
260210019001046,1000,1000,9,23076508,300091,Midwest Energy & Communications,50,1,X,MI,88274bc98dfffff
260210019001047,1000,1000,13,23076508,300091,Midwest Energy & Communications,50,1,X,MI,88274bc989fffff
260210019001048,1000,1000,23,23076508,300091,Midwest Energy & Communications,50,1,X,MI,88274bc9d5fffff
260210019001049,1000,1000,11,23076508,300091,Midwest Energy & Communications,50,1,X,MI,88274bc981fffff
260210019001050,1000,1000,5,23076508,300091,Midwest Energy & Communications,50,1,X,MI,88274bc98bfffff
260210019001051,1000,1000,11,23076508,300091,Midwest Energy & Communications,50,1,X,MI,88274bc983fffff
260210019001052,1000,1000,8,23076508,300091,Midwest Energy & Communications,50,1,X,MI,88274bc987fffff
260210019001053,1000,1000,3,23076508,300091,Midwest Energy & Communications,50,1,X,MI,88274bc981fffff
260210019001056,1000,1000,4,23076508,300091,Midwest Energy & Communications,50,1,X,MI,88274bc995fffff
260210019001057,1000,1000,2,23076508,300091,Midwest Energy & Communications,50,1,X,MI,88274bc99dfffff
260210019001058,1000,1000,3,23076508,300091,Midwest Energy & Communications,50,1,X,MI,88274bc9b9fffff
260210019002000,1000,1000,1,23076508,300091,Midwest Energy & Communications,50,1,X,MI,88274bc991fffff
260210019002001,1000,1000,2,23076508,300091,Midwest Energy & Communications,50,1,X,MI,88274bc991fffff
260210019002002,1000,1000,4,23076508,300091,Midwest Energy & Communications,50,1,X,MI,88274b5269fffff
260210019002003,1000,1000,17,23076508,300091,Midwest Energy & Communications,50,1,X,MI,88274bc995fffff
260210019002004,1000,1000,8,23076508,300091,Midwest Energy & Communications,50,1,X,MI,88274bc9b7fffff
260210019002025,1000,1000,24,23076508,300091,Midwest Energy & Communications,50,1,X,MI,88274b504dfffff
260210019002026,1000,1000,3,23076508,300091,Midwest Energy & Communications,50,1,X,MI,88274b5221fffff
260210019002027,1000,1000,17,23076508,300091,Midwest Energy & Communications,50,1,X,MI,88274b535bfffff
260210019002028,1000,1000,2,23076508,300091,Midwest Energy & Communications,50,1,X,MI,88274b5265fffff
260210019002033,1000,1000,3,23076508,300091,Midwest Energy & Communications,50,1,X,MI,88274b5267fffff
260210019002034,1000,1000,5,23076508,300091,Midwest Energy & Communications,50,1,X,MI,88274b5261fffff
260210019002035,1000,1000,7,23076508,300091,Midwest Energy & Communications,50,1,X,MI,88274b5263fffff
260210019002036,1000,1000,11,23076508,300091,Midwest Energy & Communications,50,1,X,MI,88274b5267fffff
260210019002037,1000,1000,4,23076508,300091,Midwest Energy & Communications,50,1,X,MI,88274b5263fffff
260210019002038,1000,1000,1,23076508,300091,Midwest Energy & Communications,50,1,X,MI,88274b5263fffff
260210019002039,1000,1000,17,23076508,300091,Midwest Energy & Communications,50,1,X,MI,88274b522bfffff
260210019002040,1000,1000,7,23076508,300091,Midwest Energy & Communications,50,1,X,MI,88274b5221fffff
260210019002041,1000,1000,1,23076508,300091,Midwest Energy & Communications,50,1,X,MI,88274b5229fffff
260210019002042,1000,1000,1,23076508,300091,Midwest Energy & Communications,50,1,X,MI,88274b522bfffff
260210024001000,1000,1000,4,23076508,300091,Midwest Energy & Communications,50,1,X,MI,88274bcb07fffff
260210024001001,1000,1000,4,23076508,300091,Midwest Energy & Communications,50,1,X,MI,88274bcb07fffff
260210024001002,1000,1000,4,23076508,300091,Midwest Energy & Communications,50,1,X,MI,88274bcb07fffff
260210024001003,1000,1000,3,23076508,300091,Midwest Energy & Communications,50,1,X,MI,88274bcb3dfffff
260210024001008,1000,1000,2,23076508,300091,Midwest Energy & Communications,50,1,X,MI,88274bcb07fffff
260210024001043,1000,1000,8,23076508,300091,Midwest Energy & Communications,50,1,X,MI,88274bc95bfffff
260210024001044,1000,1000,5,23076508,300091,Midwest Energy & Communications,50,1,X,MI,88274bc959fffff
260210024001045,1000,1000,8,23076508,300091,Midwest Energy & Communications,50,1,X,MI,88274bc95bfffff
260210024001050,1000,1000,8,23076508,300091,Midwest Energy & Communications,50,1,X,MI,88274bc95bfffff
260210024002000,1000,1000,17,23076508,300091,Midwest Energy & Communications,50,1,X,MI,88274bc825fffff
260210024002001,1000,1000,16,23076508,300091,Midwest Energy & Communications,50,1,X,MI,88274bc953fffff
260210024002002,1000,1000,1,23076508,300091,Midwest Energy & Communications,50,1,X,MI,88274bc91dfffff
260210024002008,1000,1000,27,23076508,300091,Midwest Energy & Communications,50,1,X,MI,88274bc919fffff
260210024002009,1000,1000,18,23076508,300091,Midwest Energy & Communications,50,1,X,MI,88274bc821fffff
260210024002010,1000,1000,3,23076508,300091,Midwest Energy & Communications,50,1,X,MI,88274bc82dfffff
260210024002019,1000,1000,7,23076508,300091,Midwest Energy & Communications,50,1,X,MI,88274bc91dfffff
260210024002035,1000,1000,27,23076508,300091,Midwest Energy & Communications,50,1,X,MI,88274bc913fffff
260210024002036,1000,1000,10,23076508,300091,Midwest Energy & Communications,50,1,X,MI,88274bc827fffff
260210024002037,1000,1000,8,23076508,300091,Midwest Energy & Communications,50,1,X,MI,88274bc827fffff
260210024002038,1000,1000,17,23076508,300091,Midwest Energy & Communications,50,1,X,MI,88274bc9c5fffff
260210024002039,1000,1000,23,23076508,300091,Midwest Energy & Communications,50,1,X,MI,88274bc9ebfffff
260210024002040,1000,1000,5,23076508,300091,Midwest Energy & Communications,50,1,X,MI,88274bc9ebfffff
260210024002041,1000,1000,1,23076508,300091,Midwest Energy & Communications,50,1,X,MI,88274bc9e9fffff
260210025001000,1000,1000,15,23076508,300091,Midwest Energy & Communications,50,1,X,MI,88274bcb07fffff
260210025001001,1000,1000,9,23076508,300091,Midwest Energy & Communications,50,1,X,MI,88274bcb07fffff
260210025001002,1000,1000,14,23076508,300091,Midwest Energy & Communications,50,1,X,MI,88274bcb3dfffff
260210025001003,1000,1000,1,23076508,300091,Midwest Energy & Communications,50,1,X,MI,88274bcb05fffff
260210025001004,1000,1000,16,23076508,300091,Midwest Energy & Communications,50,1,X,MI,88274bcb2bfffff
260210025001005,1000,1000,6,23076508,300091,Midwest Energy & Communications,50,1,X,MI,88274bcb29fffff
260210025001007,1000,1000,2,23076508,300091,Midwest Energy & Communications,50,1,X,MI,88274bcb2dfffff
260210025001009,1000,1000,17,23076508,300091,Midwest Energy & Communications,50,1,X,MI,88274bcb25fffff
260210025001010,1000,1000,18,23076508,300091,Midwest Energy & Communications,50,1,X,MI,88274bcb25fffff
260210025001012,1000,1000,19,23076508,300091,Midwest Energy & Communications,50,1,X,MI,88274bcb27fffff
260210025001016,1000,1000,14,23076508,300091,Midwest Energy & Communications,50,1,X,MI,88274a349dfffff
260210025001034,1000,1000,4,23076508,300091,Midwest Energy & Communications,50,1,X,MI,88274bcb27fffff
260210025001035,1000,1000,6,23076508,300091,Midwest Energy & Communications,50,1,X,MI,88274bcb27fffff
260210025001036,1000,1000,12,23076508,300091,Midwest Energy & Communications,50,1,X,MI,88274a3491fffff
260210025001037,1000,1000,1,23076508,300091,Midwest Energy & Communications,50,1,X,MI,88274a349bfffff
260210101001045,1000,1000,7,23076508,300091,Midwest Energy & Communications,50,1,X,MI,88274bcb2dfffff
260210101002002,1000,1000,2,23076508,300091,Midwest Energy & Communications,50,1,X,MI,88274bd927fffff
260210101002004,1000,1000,2,23076508,300091,Midwest Energy & Communications,50,1,X,MI,88274bd927fffff
260210101002014,1000,1000,2,23076508,300091,Midwest Energy & Communications,50,1,X,MI,88274bd935fffff
260210101004000,1000,1000,19,23076508,300091,Midwest Energy & Communications,50,1,X,MI,88274a36d1fffff
260210101004011,1000,1000,4,23076508,300091,Midwest Energy & Communications,50,1,X,MI,88274a36d1fffff
260210101004031,1000,1000,6,23076508,300091,Midwest Energy & Communications,50,1,X,MI,88274a3693fffff
260210101004032,1000,1000,4,23076508,300091,Midwest Energy & Communications,50,1,X,MI,88274a3693fffff
260210101004041,1000,1000,12,23076508,300091,Midwest Energy & Communications,50,1,X,MI,88274bcb0dfffff
260210101004042,1000,1000,5,23076508,300091,Midwest Energy & Communications,50,1,X,MI,88274bcb0dfffff
260210101004043,1000,1000,23,23076508,300091,Midwest Energy & Communications,50,1,X,MI,88274bcb63fffff
260210101004044,1000,1000,6,23076508,300091,Midwest Energy & Communications,50,1,X,MI,88274bcb63fffff
260210101004047,1000,1000,9,23076508,300091,Midwest Energy & Communications,50,1,X,MI,88274bcb0dfffff
260210101004048,1000,1000,8,23076508,300091,Midwest Energy & Communications,50,1,X,MI,88274bcb05fffff
260210102011001,1000,1000,2,23076508,300091,Midwest Energy & Communications,50,1,X,MI,88274bd9b1fffff
260210102011003,1000,1000,3,23076508,300091,Midwest Energy & Communications,50,1,X,MI,88274bd9b7fffff
260210102011004,1000,1000,6,23076508,300091,Midwest Energy & Communications,50,1,X,MI,88274bd9b3fffff
260210102011005,1000,1000,7,23076508,300091,Midwest Energy & Communications,50,1,X,MI,88274bd9b3fffff
260210102011008,1000,1000,5,23076508,300091,Midwest Energy & Communications,50,1,X,MI,88274bd9b7fffff
260210102011009,1000,1000,15,23076508,300091,Midwest Energy & Communications,50,1,X,MI,88274bcb4bfffff
260210102011011,1000,1000,22,23076508,300091,Midwest Energy & Communications,50,1,X,MI,88274bca67fffff
260210102011012,1000,1000,4,23076508,300091,Midwest Energy & Communications,50,1,X,MI,88274bd9b3fffff
260210102011013,1000,1000,40,23076508,300091,Midwest Energy & Communications,50,1,X,MI,88274bcb55fffff
260210102011014,1000,1000,6,23076508,300091,Midwest Energy & Communications,50,1,X,MI,88274bcb55fffff
260210102011016,1000,1000,3,23076508,300091,Midwest Energy & Communications,50,1,X,MI,88274bcb43fffff
260210102011017,1000,1000,2,23076508,300091,Midwest Energy & Communications,50,1,X,MI,88274bcb43fffff
260210102011018,1000,1000,5,23076508,300091,Midwest Energy & Communications,50,1,X,MI,88274bcb43fffff
260210102011024,1000,1000,2,23076508,300091,Midwest Energy & Communications,50,1,X,MI,88274bcb43fffff
260210102011025,1000,1000,6,23076508,300091,Midwest Energy & Communications,50,1,X,MI,88274bcb47fffff
260210102011026,1000,1000,13,23076508,300091,Midwest Energy & Communications,50,1,X,MI,88274bcb09fffff
260210102011028,1000,1000,1,23076508,300091,Midwest Energy & Communications,50,1,X,MI,88274bcb09fffff
260210102011029,1000,1000,3,23076508,300091,Midwest Energy & Communications,50,1,X,MI,88274bcb09fffff
260210102011030,1000,1000,6,23076508,300091,Midwest Energy & Communications,50,1,X,MI,88274bcb09fffff
260210102011031,1000,1000,26,23076508,300091,Midwest Energy & Communications,50,1,X,MI,88274bcb5dfffff
260210102011032,1000,1000,6,23076508,300091,Midwest Energy & Communications,50,1,X,MI,88274bcb43fffff
260210102012000,1000,1000,7,23076508,300091,Midwest Energy & Communications,50,1,X,MI,88274bd913fffff
260210102012002,1000,1000,2,23076508,300091,Midwest Energy & Communications,50,1,X,MI,88274bd939fffff
260210102012003,1000,1000,7,23076508,300091,Midwest Energy & Communications,50,1,X,MI,88274bd939fffff
260210102012004,1000,1000,13,23076508,300091,Midwest Energy & Communications,50,1,X,MI,88274bd931fffff
260210102012005,1000,1000,1,23076508,300091,Midwest Energy & Communications,50,1,X,MI,88274bd93bfffff
260210102012007,1000,1000,7,23076508,300091,Midwest Energy & Communications,50,1,X,MI,88274bd913fffff
260210102012008,1000,1000,10,23076508,300091,Midwest Energy & Communications,50,1,X,MI,88274bd93bfffff
260210102012009,1000,1000,1,23076508,300091,Midwest Energy & Communications,50,1,X,MI,88274bd93bfffff
260210102012010,1000,1000,19,23076508,300091,Midwest Energy & Communications,50,1,X,MI,88274bd931fffff
260210102012011,1000,1000,2,23076508,300091,Midwest Energy & Communications,50,1,X,MI,88274a36d9fffff
260210102014015,1000,1000,7,23076508,300091,Midwest Energy & Communications,50,1,X,MI,88274bd9b1fffff
260210102014017,1000,1000,5,23076508,300091,Midwest Energy & Communications,50,1,X,MI,88274bd9b1fffff
260210102014022,1000,1000,9,23076508,300091,Midwest Energy & Communications,50,1,X,MI,88274bd9b1fffff
260210102021000,1000,1000,15,23076508,300091,Midwest Energy & Communications,50,1,X,MI,88274bd829fffff
260210102021001,1000,1000,15,23076508,300091,Midwest Energy & Communications,50,1,X,MI,88274bd823fffff
260210102021003,1000,1000,28,23076508,300091,Midwest Energy & Communications,50,1,X,MI,88274bd827fffff
260210102021007,1000,1000,16,23076508,300091,Midwest Energy & Communications,50,1,X,MI,88274bd9c9fffff
260210102021008,1000,1000,8,23076508,300091,Midwest Energy & Communications,50,1,X,MI,88274bd9c9fffff
260210102021009,1000,1000,14,23076508,300091,Midwest Energy & Communications,50,1,X,MI,88274bd9cdfffff
260210103004031,1000,1000,6,23076508,300091,Midwest Energy & Communications,50,1,X,MI,88274bd8a3fffff
260210103004032,1000,1000,1,23076508,300091,Midwest Energy & Communications,50,1,X,MI,88274bd8b1fffff
260210103004033,1000,1000,15,23076508,300091,Midwest Energy & Communications,50,1,X,MI,88274bd8b5fffff
260210103004034,1000,1000,2,23076508,300091,Midwest Energy & Communications,50,1,X,MI,88274bd8b5fffff
260210103004041,1000,1000,54,23076508,300091,Midwest Energy & Communications,50,1,X,MI,88274bca47fffff
260210103004042,1000,1000,2,23076508,300091,Midwest Energy & Communications,50,1,X,MI,88274bca45fffff
260210103004043,1000,1000,3,23076508,300091,Midwest Energy & Communications,50,1,X,MI,88274bca45fffff
260210103004044,1000,1000,15,23076508,300091,Midwest Energy & Communications,50,1,X,MI,88274bca47fffff
260210103004045,1000,1000,1,23076508,300091,Midwest Energy & Communications,50,1,X,MI,88274bca6bfffff
260210103005000,1000,1000,14,23076508,300091,Midwest Energy & Communications,50,1,X,MI,88274bd80bfffff
260210103005001,1000,1000,25,23076508,300091,Midwest Energy & Communications,50,1,X,MI,88274bd807fffff
260210103005002,1000,1000,2,23076508,300091,Midwest Energy & Communications,50,1,X,MI,88274bd805fffff
260210103005003,1000,1000,2,23076508,300091,Midwest Energy & Communications,50,1,X,MI,88274bd805fffff
260210103005004,1000,1000,1,23076508,300091,Midwest Energy & Communications,50,1,X,MI,88274bd82bfffff
260210103005005,1000,1000,6,23076508,300091,Midwest Energy & Communications,50,1,X,MI,88274bd83dfffff
260210103005006,1000,1000,3,23076508,300091,Midwest Energy & Communications,50,1,X,MI,88274bd83dfffff
260210103005007,1000,1000,6,23076508,300091,Midwest Energy & Communications,50,1,X,MI,88274bd831fffff
260210103005008,1000,1000,1,23076508,300091,Midwest Energy & Communications,50,1,X,MI,88274bd831fffff
260210103005009,1000,1000,1,23076508,300091,Midwest Energy & Communications,50,1,X,MI,88274bd837fffff
260210103005019,1000,1000,6,23076508,300091,Midwest Energy & Communications,50,1,X,MI,88274bd839fffff
260210103005024,1000,1000,10,23076508,300091,Midwest Energy & Communications,50,1,X,MI,88274bd839fffff
260210103005025,1000,1000,2,23076508,300091,Midwest Energy & Communications,50,1,X,MI,88274bd83bfffff
260210104001000,1000,1000,4,23076508,300091,Midwest Energy & Communications,50,1,X,MI,88274bca05fffff
260210104001001,1000,1000,1,23076508,300091,Midwest Energy & Communications,50,1,X,MI,88274bca63fffff
260210104001002,1000,1000,2,23076508,300091,Midwest Energy & Communications,50,1,X,MI,88274bca05fffff
260210104001004,1000,1000,6,23076508,300091,Midwest Energy & Communications,50,1,X,MI,88274bca63fffff
260210104001005,1000,1000,32,23076508,300091,Midwest Energy & Communications,50,1,X,MI,88274bca25fffff
260210104001006,1000,1000,46,23076508,300091,Midwest Energy & Communications,50,1,X,MI,88274bcb51fffff
260210104001007,1000,1000,14,23076508,300091,Midwest Energy & Communications,50,1,X,MI,88274bcb15fffff
260210104001011,1000,1000,7,23076508,300091,Midwest Energy & Communications,50,1,X,MI,88274bcb15fffff
260210104001012,1000,1000,22,23076508,300091,Midwest Energy & Communications,50,1,X,MI,88274bcb15fffff
260210104001013,1000,1000,3,23076508,300091,Midwest Energy & Communications,50,1,X,MI,88274bcb13fffff
260210104001014,1000,1000,12,23076508,300091,Midwest Energy & Communications,50,1,X,MI,88274bcb17fffff
260210104001015,1000,1000,1,23076508,300091,Midwest Energy & Communications,50,1,X,MI,88274bcb17fffff
260210104001019,1000,1000,11,23076508,300091,Midwest Energy & Communications,50,1,X,MI,88274bc861fffff
260210104001020,1000,1000,20,23076508,300091,Midwest Energy & Communications,50,1,X,MI,88274bc86bfffff
260210104001021,1000,1000,9,23076508,300091,Midwest Energy & Communications,50,1,X,MI,88274bcb1bfffff
260210104001022,1000,1000,14,23076508,300091,Midwest Energy & Communications,50,1,X,MI,88274bca27fffff
260210104001023,1000,1000,14,23076508,300091,Midwest Energy & Communications,50,1,X,MI,88274bca25fffff
260210104001024,1000,1000,16,23076508,300091,Midwest Energy & Communications,50,1,X,MI,88274bca07fffff
260210104001025,1000,1000,6,23076508,300091,Midwest Energy & Communications,50,1,X,MI,88274bca01fffff
260210104001027,1000,1000,3,23076508,300091,Midwest Energy & Communications,50,1,X,MI,88274bca05fffff
260210104001028,1000,1000,1,23076508,300091,Midwest Energy & Communications,50,1,X,MI,88274bcb13fffff
260210104001029,1000,1000,32,23076508,300091,Midwest Energy & Communications,50,1,X,MI,88274bca3dfffff
260210104001030,1000,1000,1,23076508,300091,Midwest Energy & Communications,50,1,X,MI,88274bca35fffff
260210104001031,1000,1000,1,23076508,300091,Midwest Energy & Communications,50,1,X,MI,88274bca23fffff
260210104001032,1000,1000,33,23076508,300091,Midwest Energy & Communications,50,1,X,MI,88274bca27fffff
260210104001033,1000,1000,2,23076508,300091,Midwest Energy & Communications,50,1,X,MI,88274bca37fffff
260210104001034,1000,1000,17,23076508,300091,Midwest Energy & Communications,50,1,X,MI,88274bc84bfffff
260210104001035,1000,1000,21,23076508,300091,Midwest Energy & Communications,50,1,X,MI,88274bc847fffff
260210104001036,1000,1000,11,23076508,300091,Midwest Energy & Communications,50,1,X,MI,88274bc843fffff
260210104001037,1000,1000,2,23076508,300091,Midwest Energy & Communications,50,1,X,MI,88274bcb01fffff
260210104002000,1000,1000,15,23076508,300091,Midwest Energy & Communications,50,1,X,MI,88274bca59fffff
260210104002001,1000,1000,9,23076508,300091,Midwest Energy & Communications,50,1,X,MI,88274bca43fffff
260210104002002,1000,1000,2,23076508,300091,Midwest Energy & Communications,50,1,X,MI,88274bca47fffff
260210104002003,1000,1000,1,23076508,300091,Midwest Energy & Communications,50,1,X,MI,88274bca53fffff
260210104002004,1000,1000,25,23076508,300091,Midwest Energy & Communications,50,1,X,MI,88274bca53fffff
260210104002005,1000,1000,6,23076508,300091,Midwest Energy & Communications,50,1,X,MI,88274bca53fffff
260210104002006,1000,1000,20,23076508,300091,Midwest Energy & Communications,50,1,X,MI,88274bca03fffff
260210104002007,1000,1000,28,23076508,300091,Midwest Energy & Communications,50,1,X,MI,88274bca39fffff
260210104002008,1000,1000,6,23076508,300091,Midwest Energy & Communications,50,1,X,MI,88274bcac7fffff
260210104002012,1000,1000,13,23076508,300091,Midwest Energy & Communications,50,1,X,MI,88274bcae7fffff
260210104002013,1000,1000,5,23076508,300091,Midwest Energy & Communications,50,1,X,MI,88274bcaadfffff
260210104002014,1000,1000,5,23076508,300091,Midwest Energy & Communications,50,1,X,MI,88274bcaa7fffff
260210104002017,1000,1000,3,23076508,300091,Midwest Energy & Communications,50,1,X,MI,88274bca89fffff
260210104002018,1000,1000,14,23076508,300091,Midwest Energy & Communications,50,1,X,MI,88274bcac7fffff
260210104002020,1000,1000,6,23076508,300091,Midwest Energy & Communications,50,1,X,MI,88274bc8c9fffff
260210104002021,1000,1000,3,23076508,300091,Midwest Energy & Communications,50,1,X,MI,88274bcab5fffff
260210104002022,1000,1000,8,23076508,300091,Midwest Energy & Communications,50,1,X,MI,88274bcabbfffff
260210104002025,1000,1000,3,23076508,300091,Midwest Energy & Communications,50,1,X,MI,88274bca83fffff
260210104002026,1000,1000,2,23076508,300091,Midwest Energy & Communications,50,1,X,MI,88274bca83fffff
260210104003000,1000,1000,16,23076508,300091,Midwest Energy & Communications,50,1,X,MI,88274bcae5fffff
260210104003001,1000,1000,17,23076508,300091,Midwest Energy & Communications,50,1,X,MI,88274bc851fffff
260210104003002,1000,1000,34,23076508,300091,Midwest Energy & Communications,50,1,X,MI,88274bc843fffff
260210104003003,1000,1000,3,23076508,300091,Midwest Energy & Communications,50,1,X,MI,88274bc843fffff
260210104003004,1000,1000,10,23076508,300091,Midwest Energy & Communications,50,1,X,MI,88274bc847fffff
260210104003005,1000,1000,22,23076508,300091,Midwest Energy & Communications,50,1,X,MI,88274bc80dfffff
260210104003006,1000,1000,18,23076508,300091,Midwest Energy & Communications,50,1,X,MI,88274bc861fffff
260210104003010,1000,1000,9,23076508,300091,Midwest Energy & Communications,50,1,X,MI,88274bc807fffff
260210104003011,1000,1000,2,23076508,300091,Midwest Energy & Communications,50,1,X,MI,88274bc80bfffff
260210104003012,1000,1000,11,23076508,300091,Midwest Energy & Communications,50,1,X,MI,88274bc857fffff
260210104003013,1000,1000,44,23076508,300091,Midwest Energy & Communications,50,1,X,MI,88274bc853fffff
260210104003014,1000,1000,26,23076508,300091,Midwest Energy & Communications,50,1,X,MI,88274bc813fffff
260210104003015,1000,1000,16,23076508,300091,Midwest Energy & Communications,50,1,X,MI,88274bc813fffff
260210104003017,1000,1000,10,23076508,300091,Midwest Energy & Communications,50,1,X,MI,88274bc807fffff
260210104003018,1000,1000,9,23076508,300091,Midwest Energy & Communications,50,1,X,MI,88274bc823fffff
260210104003019,1000,1000,14,23076508,300091,Midwest Energy & Communications,50,1,X,MI,88274bc807fffff
260210104003020,1000,1000,18,23076508,300091,Midwest Energy & Communications,50,1,X,MI,88274bc805fffff
260210104003021,1000,1000,10,23076508,300091,Midwest Energy & Communications,50,1,X,MI,88274bc82dfffff
260210104003022,1000,1000,11,23076508,300091,Midwest Energy & Communications,50,1,X,MI,88274bc867fffff
260210104003023,1000,1000,12,23076508,300091,Midwest Energy & Communications,50,1,X,MI,88274bc831fffff
260210104003024,1000,1000,5,23076508,300091,Midwest Energy & Communications,50,1,X,MI,88274bc823fffff
260210104003025,1000,1000,5,23076508,300091,Midwest Energy & Communications,50,1,X,MI,88274bc829fffff
260210104003026,1000,1000,3,23076508,300091,Midwest Energy & Communications,50,1,X,MI,88274bc82bfffff
260210104003027,1000,1000,4,23076508,300091,Midwest Energy & Communications,50,1,X,MI,88274bc8c9fffff
260210104003028,1000,1000,5,23076508,300091,Midwest Energy & Communications,50,1,X,MI,88274bc813fffff
260210104003029,1000,1000,2,23076508,300091,Midwest Energy & Communications,50,1,X,MI,88274bc8e9fffff
260210104003030,1000,1000,12,23076508,300091,Midwest Energy & Communications,50,1,X,MI,88274bc813fffff
260210104003031,1000,1000,2,23076508,300091,Midwest Energy & Communications,50,1,X,MI,88274bc817fffff
260210104003032,1000,1000,8,23076508,300091,Midwest Energy & Communications,50,1,X,MI,88274bc8edfffff
260210104003033,1000,1000,7,23076508,300091,Midwest Energy & Communications,50,1,X,MI,88274bc833fffff
260210104003034,1000,1000,32,23076508,300091,Midwest Energy & Communications,50,1,X,MI,88274bc831fffff
260210104003035,1000,1000,13,23076508,300091,Midwest Energy & Communications,50,1,X,MI,88274bc837fffff
260210104003037,1000,1000,1,23076508,300091,Midwest Energy & Communications,50,1,X,MI,88274bc8c9fffff
260210105001000,1000,1000,4,23076508,300091,Midwest Energy & Communications,50,1,X,MI,88274bcabbfffff
260210105001001,1000,1000,13,23076508,300091,Midwest Energy & Communications,50,1,X,MI,88274bcab3fffff
260210105001004,1000,1000,2,23076508,300091,Midwest Energy & Communications,50,1,X,MI,88274bcab1fffff
260210105001005,1000,1000,4,23076508,300091,Midwest Energy & Communications,50,1,X,MI,88274bcab1fffff
260210105001006,1000,1000,1,23076508,300091,Midwest Energy & Communications,50,1,X,MI,88274bc8cbfffff
260210105001007,1000,1000,1,23076508,300091,Midwest Energy & Communications,50,1,X,MI,88274bc8c3fffff
260210105001008,1000,1000,8,23076508,300091,Midwest Energy & Communications,50,1,X,MI,88274bc8c3fffff
260210105001010,1000,1000,1,23076508,300091,Midwest Energy & Communications,50,1,X,MI,88274bc8d9fffff
260210105001011,1000,1000,1,23076508,300091,Midwest Energy & Communications,50,1,X,MI,88274bc8d9fffff
260210105001012,1000,1000,3,23076508,300091,Midwest Energy & Communications,50,1,X,MI,88274bcf65fffff
260210105001013,1000,1000,21,23076508,300091,Midwest Energy & Communications,50,1,X,MI,88274bc8d9fffff
260210105001014,1000,1000,12,23076508,300091,Midwest Energy & Communications,50,1,X,MI,88274bc8d3fffff
260210105001015,1000,1000,23,23076508,300091,Midwest Energy & Communications,50,1,X,MI,88274bc899fffff
260210105001016,1000,1000,30,23076508,300091,Midwest Energy & Communications,50,1,X,MI,88274bcd65fffff
260210105001017,1000,1000,14,23076508,300091,Midwest Energy & Communications,50,1,X,MI,88274bc8b5fffff
260210105001018,1000,1000,20,23076508,300091,Midwest Energy & Communications,50,1,X,MI,88274bc8abfffff
260210105001019,1000,1000,25,23076508,300091,Midwest Energy & Communications,50,1,X,MI,88274bc899fffff
260210105001020,1000,1000,18,23076508,300091,Midwest Energy & Communications,50,1,X,MI,88274bc89bfffff
260210105001025,1000,1000,14,23076508,300091,Midwest Energy & Communications,50,1,X,MI,88274bcd55fffff
260210105001026,1000,1000,12,23076508,300091,Midwest Energy & Communications,50,1,X,MI,88274bcd0dfffff
260210105001027,1000,1000,15,23076508,300091,Midwest Energy & Communications,50,1,X,MI,88274bcd2dfffff
260210105001028,1000,1000,49,23076508,300091,Midwest Energy & Communications,50,1,X,MI,88274bcd2dfffff
260210105001029,1000,1000,17,23076508,300091,Midwest Energy & Communications,50,1,X,MI,88274b521bfffff
260210105001030,1000,1000,12,23076508,300091,Midwest Energy & Communications,50,1,X,MI,88274b5251fffff
260210105001031,1000,1000,17,23076508,300091,Midwest Energy & Communications,50,1,X,MI,88274bc8b5fffff
260210105001032,1000,1000,18,23076508,300091,Midwest Energy & Communications,50,1,X,MI,88274bcd3dfffff
260210105001034,1000,1000,6,23076508,300091,Midwest Energy & Communications,50,1,X,MI,88274bcd09fffff
260210105001035,1000,1000,1,23076508,300091,Midwest Energy & Communications,50,1,X,MI,88274bcd55fffff
260210105001036,1000,1000,17,23076508,300091,Midwest Energy & Communications,50,1,X,MI,88274bcd19fffff
260210105001037,1000,1000,4,23076508,300091,Midwest Energy & Communications,50,1,X,MI,88274bcd29fffff
260210105001038,1000,1000,10,23076508,300091,Midwest Energy & Communications,50,1,X,MI,88274bcd29fffff
260210105001039,1000,1000,32,23076508,300091,Midwest Energy & Communications,50,1,X,MI,88274bcd2dfffff
260210105001040,1000,1000,11,23076508,300091,Midwest Energy & Communications,50,1,X,MI,88274b5211fffff
260210105001041,1000,1000,6,23076508,300091,Midwest Energy & Communications,50,1,X,MI,88274b521bfffff
260210105001042,1000,1000,9,23076508,300091,Midwest Energy & Communications,50,1,X,MI,88274b521bfffff
260210105001043,1000,1000,6,23076508,300091,Midwest Energy & Communications,50,1,X,MI,88274b521bfffff
260210105002000,1000,1000,8,23076508,300091,Midwest Energy & Communications,50,1,X,MI,88274bc8c1fffff
260210105002001,1000,1000,17,23076508,300091,Midwest Energy & Communications,50,1,X,MI,88274bc8ebfffff
260210105002002,1000,1000,26,23076508,300091,Midwest Energy & Communications,50,1,X,MI,88274bc8e5fffff
260210105002003,1000,1000,14,23076508,300091,Midwest Energy & Communications,50,1,X,MI,88274bc9d9fffff
260210105002004,1000,1000,25,23076508,300091,Midwest Energy & Communications,50,1,X,MI,88274bc9ddfffff
260210105002005,1000,1000,41,23076508,300091,Midwest Energy & Communications,50,1,X,MI,88274bc9ddfffff
260210105002006,1000,1000,39,23076508,300091,Midwest Energy & Communications,50,1,X,MI,88274bc8abfffff
260210105002007,1000,1000,12,23076508,300091,Midwest Energy & Communications,50,1,X,MI,88274bc8c7fffff
260210105002008,1000,1000,8,23076508,300091,Midwest Energy & Communications,50,1,X,MI,88274bc8c3fffff
260210105002009,1000,1000,7,23076508,300091,Midwest Energy & Communications,50,1,X,MI,88274bc88bfffff
260210105002010,1000,1000,4,23076508,300091,Midwest Energy & Communications,50,1,X,MI,88274bc883fffff
260210105002011,1000,1000,1,23076508,300091,Midwest Energy & Communications,50,1,X,MI,88274bc887fffff
260210105002012,1000,1000,11,23076508,300091,Midwest Energy & Communications,50,1,X,MI,88274bc8b5fffff
260210105002013,1000,1000,30,23076508,300091,Midwest Energy & Communications,50,1,X,MI,88274bc99bfffff
260210105002014,1000,1000,26,23076508,300091,Midwest Energy & Communications,50,1,X,MI,88274bc9dbfffff
260210105002015,1000,1000,19,23076508,300091,Midwest Energy & Communications,50,1,X,MI,88274bc9d1fffff
260210105002016,1000,1000,3,23076508,300091,Midwest Energy & Communications,50,1,X,MI,88274bc99bfffff
260210105002017,1000,1000,6,23076508,300091,Midwest Energy & Communications,50,1,X,MI,88274bc999fffff
260210105002018,1000,1000,3,23076508,300091,Midwest Energy & Communications,50,1,X,MI,88274bc999fffff
260210105002019,1000,1000,2,23076508,300091,Midwest Energy & Communications,50,1,X,MI,88274bc991fffff
260210105002020,1000,1000,3,23076508,300091,Midwest Energy & Communications,50,1,X,MI,88274bc991fffff
260210105002021,1000,1000,1,23076508,300091,Midwest Energy & Communications,50,1,X,MI,88274bc99bfffff
260210105002022,1000,1000,5,23076508,300091,Midwest Energy & Communications,50,1,X,MI,88274bc993fffff
260210105002023,1000,1000,14,23076508,300091,Midwest Energy & Communications,50,1,X,MI,88274bc8b5fffff
260210105002024,1000,1000,9,23076508,300091,Midwest Energy & Communications,50,1,X,MI,88274b524dfffff
260210105002025,1000,1000,26,23076508,300091,Midwest Energy & Communications,50,1,X,MI,88274b524dfffff
260210105002026,1000,1000,5,23076508,300091,Midwest Energy & Communications,50,1,X,MI,88274b5247fffff
260210105002027,1000,1000,10,23076508,300091,Midwest Energy & Communications,50,1,X,MI,88274b5245fffff
260210105002028,1000,1000,9,23076508,300091,Midwest Energy & Communications,50,1,X,MI,88274b5269fffff
260210105002029,1000,1000,2,23076508,300091,Midwest Energy & Communications,50,1,X,MI,88274bc993fffff
260210105002030,1000,1000,27,23076508,300091,Midwest Energy & Communications,50,1,X,MI,88274b524bfffff
260210105002031,1000,1000,11,23076508,300091,Midwest Energy & Communications,50,1,X,MI,88274b5257fffff
260210105002032,1000,1000,15,23076508,300091,Midwest Energy & Communications,50,1,X,MI,88274b5215fffff
260210105002033,1000,1000,31,23076508,300091,Midwest Energy & Communications,50,1,X,MI,88274b520dfffff
260210105002034,1000,1000,11,23076508,300091,Midwest Energy & Communications,50,1,X,MI,88274b5201fffff
260210105002035,1000,1000,11,23076508,300091,Midwest Energy & Communications,50,1,X,MI,88274b520dfffff
260210105002036,1000,1000,7,23076508,300091,Midwest Energy & Communications,50,1,X,MI,88274b5215fffff
260210105002037,1000,1000,7,23076508,300091,Midwest Energy & Communications,50,1,X,MI,88274b5203fffff
260210105002038,1000,1000,8,23076508,300091,Midwest Energy & Communications,50,1,X,MI,88274b5201fffff
260210105002039,1000,1000,5,23076508,300091,Midwest Energy & Communications,50,1,X,MI,88274b523dfffff
260210105002040,1000,1000,2,23076508,300091,Midwest Energy & Communications,50,1,X,MI,88274b5205fffff
260210105002041,1000,1000,3,23076508,300091,Midwest Energy & Communications,50,1,X,MI,88274b520bfffff
260210105002042,1000,1000,37,23076508,300091,Midwest Energy & Communications,50,1,X,MI,88274b5211fffff
260210105002044,1000,1000,3,23076508,300091,Midwest Energy & Communications,50,1,X,MI,88274b521dfffff
260210105002045,1000,1000,6,23076508,300091,Midwest Energy & Communications,50,1,X,MI,88274b5211fffff
260210105002046,1000,1000,3,23076508,300091,Midwest Energy & Communications,50,1,X,MI,88274b5211fffff
260210105002047,1000,1000,1,23076508,300091,Midwest Energy & Communications,50,1,X,MI,88274b5211fffff
260210106001000,1000,1000,14,23076508,300091,Midwest Energy & Communications,50,1,X,MI,88274bcd35fffff
260210106001001,1000,1000,16,23076508,300091,Midwest Energy & Communications,50,1,X,MI,88274bcd23fffff
260210106001002,1000,1000,23,23076508,300091,Midwest Energy & Communications,50,1,X,MI,88274b52cdfffff
260210106001003,1000,1000,5,23076508,300091,Midwest Energy & Communications,50,1,X,MI,88274b521bfffff
260210106001004,1000,1000,5,23076508,300091,Midwest Energy & Communications,50,1,X,MI,88274b521bfffff
260210106001005,1000,1000,5,23076508,300091,Midwest Energy & Communications,50,1,X,MI,88274b521bfffff
260210106001006,1000,1000,5,23076508,300091,Midwest Energy & Communications,50,1,X,MI,88274b521bfffff
260210106001007,1000,1000,10,23076508,300091,Midwest Energy & Communications,50,1,X,MI,88274b5213fffff
260210106001008,1000,1000,67,23076508,300091,Midwest Energy & Communications,50,1,X,MI,88274b5217fffff
260210106001009,1000,1000,12,23076508,300091,Midwest Energy & Communications,50,1,X,MI,88274b5211fffff
260210106001010,1000,1000,4,23076508,300091,Midwest Energy & Communications,50,1,X,MI,88274b5213fffff
260210106001011,1000,1000,5,23076508,300091,Midwest Energy & Communications,50,1,X,MI,88274b5213fffff
260210106001012,1000,1000,5,23076508,300091,Midwest Energy & Communications,50,1,X,MI,88274b5211fffff
260210106001013,1000,1000,24,23076508,300091,Midwest Energy & Communications,50,1,X,MI,88274b5211fffff
260210106001014,1000,1000,12,23076508,300091,Midwest Energy & Communications,50,1,X,MI,88274b523bfffff
260210106001015,1000,1000,2,23076508,300091,Midwest Energy & Communications,50,1,X,MI,88274b5231fffff
260210106001016,1000,1000,3,23076508,300091,Midwest Energy & Communications,50,1,X,MI,88274b5231fffff
260210106001017,1000,1000,2,23076508,300091,Midwest Energy & Communications,50,1,X,MI,88274b5237fffff
260210106001018,1000,1000,8,23076508,300091,Midwest Energy & Communications,50,1,X,MI,88274b521bfffff
260210106001019,1000,1000,4,23076508,300091,Midwest Energy & Communications,50,1,X,MI,88274b521bfffff
260210106001020,1000,1000,4,23076508,300091,Midwest Energy & Communications,50,1,X,MI,88274b521bfffff
260210106001021,1000,1000,13,23076508,300091,Midwest Energy & Communications,50,1,X,MI,88274b52e9fffff
260210106001022,1000,1000,12,23076508,300091,Midwest Energy & Communications,50,1,X,MI,88274b52e9fffff
260210106001023,1000,1000,23,23076508,300091,Midwest Energy & Communications,50,1,X,MI,88274b52e5fffff
260210106001029,1000,1000,118,23076508,300091,Midwest Energy & Communications,50,1,X,MI,88274b52adfffff
260210106001030,1000,1000,28,23076508,300091,Midwest Energy & Communications,50,1,X,MI,88274b52adfffff
260210106001031,1000,1000,9,23076508,300091,Midwest Energy & Communications,50,1,X,MI,88274b52adfffff
260210106001032,1000,1000,10,23076508,300091,Midwest Energy & Communications,50,1,X,MI,88274b52adfffff
260210106001033,1000,1000,17,23076508,300091,Midwest Energy & Communications,50,1,X,MI,88274b52adfffff
260210106001035,1000,1000,31,23076508,300091,Midwest Energy & Communications,50,1,X,MI,88274b52adfffff
260210106001036,1000,1000,5,23076508,300091,Midwest Energy & Communications,50,1,X,MI,88274b528dfffff
260210106001037,1000,1000,15,23076508,300091,Midwest Energy & Communications,50,1,X,MI,88274b52c1fffff
260210106001038,1000,1000,4,23076508,300091,Midwest Energy & Communications,50,1,X,MI,88274b52cbfffff
260210106001039,1000,1000,16,23076508,300091,Midwest Energy & Communications,50,1,X,MI,88274b52cbfffff
260210106001040,1000,1000,3,23076508,300091,Midwest Energy & Communications,50,1,X,MI,88274b52cbfffff
260210106001041,1000,1000,9,23076508,300091,Midwest Energy & Communications,50,1,X,MI,88274b528dfffff
260210106001042,1000,1000,3,23076508,300091,Midwest Energy & Communications,50,1,X,MI,88274b528dfffff
260210106001043,1000,1000,5,23076508,300091,Midwest Energy & Communications,50,1,X,MI,88274b528dfffff
260210106001045,1000,1000,25,23076508,300091,Midwest Energy & Communications,50,1,X,MI,88274b529dfffff
260210106001047,1000,1000,38,23076508,300091,Midwest Energy & Communications,50,1,X,MI,88274b5285fffff
260210106001048,1000,1000,3,23076508,300091,Midwest Energy & Communications,50,1,X,MI,88274b52c1fffff
260210106001049,1000,1000,4,23076508,300091,Midwest Energy & Communications,50,1,X,MI,88274b52c5fffff
260210106001050,1000,1000,12,23076508,300091,Midwest Energy & Communications,50,1,X,MI,88274b5295fffff
260210106001051,1000,1000,12,23076508,300091,Midwest Energy & Communications,50,1,X,MI,88274b5287fffff
260210106001052,1000,1000,37,23076508,300091,Midwest Energy & Communications,50,1,X,MI,88274b52abfffff
260210106001056,1000,1000,43,23076508,300091,Midwest Energy & Communications,50,1,X,MI,88274b529dfffff
260210106001057,1000,1000,3,23076508,300091,Midwest Energy & Communications,50,1,X,MI,88274b52d5fffff
260210106001058,1000,1000,3,23076508,300091,Midwest Energy & Communications,50,1,X,MI,88274b52adfffff
260210106001062,1000,1000,1,23076508,300091,Midwest Energy & Communications,50,1,X,MI,88274b5217fffff
260210106001063,1000,1000,13,23076508,300091,Midwest Energy & Communications,50,1,X,MI,88274b5299fffff
260210106002000,1000,1000,1,23076508,300091,Midwest Energy & Communications,50,1,X,MI,88274bcd1dfffff
260210106002001,1000,1000,11,23076508,300091,Midwest Energy & Communications,50,1,X,MI,88274bcd15fffff
260210106002003,1000,1000,9,23076508,300091,Midwest Energy & Communications,50,1,X,MI,88274bcd15fffff
260210106002004,1000,1000,30,23076508,300091,Midwest Energy & Communications,50,1,X,MI,88274bcd39fffff
260210106002005,1000,1000,21,23076508,300091,Midwest Energy & Communications,50,1,X,MI,88274bcd11fffff
260210106002006,1000,1000,6,23076508,300091,Midwest Energy & Communications,50,1,X,MI,88274bcd33fffff
260210106002007,1000,1000,16,23076508,300091,Midwest Energy & Communications,50,1,X,MI,88274bcd33fffff
260210106002009,1000,1000,4,23076508,300091,Midwest Energy & Communications,50,1,X,MI,88274bcde5fffff
260210106002012,1000,1000,6,23076508,300091,Midwest Energy & Communications,50,1,X,MI,88274bcde9fffff
260210106002015,1000,1000,31,23076508,300091,Midwest Energy & Communications,50,1,X,MI,88274bcde3fffff
260210106002017,1000,1000,15,23076508,300091,Midwest Energy & Communications,50,1,X,MI,88274bcde7fffff
260210106002018,1000,1000,30,23076508,300091,Midwest Energy & Communications,50,1,X,MI,88274bcdadfffff
260210106002019,1000,1000,28,23076508,300091,Midwest Energy & Communications,50,1,X,MI,88274b5293fffff
260210106002020,1000,1000,9,23076508,300091,Midwest Energy & Communications,50,1,X,MI,88274bcda3fffff
260210106002021,1000,1000,3,23076508,300091,Midwest Energy & Communications,50,1,X,MI,88274bcda3fffff
260210106002022,1000,1000,18,23076508,300091,Midwest Energy & Communications,50,1,X,MI,88274b5745fffff
260210106002023,1000,1000,22,23076508,300091,Midwest Energy & Communications,50,1,X,MI,88274b5293fffff
260210106002024,1000,1000,15,23076508,300091,Midwest Energy & Communications,50,1,X,MI,88274b574bfffff
260210106002025,1000,1000,54,23076508,300091,Midwest Energy & Communications,50,1,X,MI,88274b5743fffff
260210106002027,1000,1000,11,23076508,300091,Midwest Energy & Communications,50,1,X,MI,88274b5755fffff
260210106002028,1000,1000,16,23076508,300091,Midwest Energy & Communications,50,1,X,MI,88274b570dfffff
260210106003000,1000,1000,23,23076508,300091,Midwest Energy & Communications,50,1,X,MI,88274b5293fffff
260210106003001,1000,1000,27,23076508,300091,Midwest Energy & Communications,50,1,X,MI,88274b52b7fffff
260210106003003,1000,1000,8,23076508,300091,Midwest Energy & Communications,50,1,X,MI,88274b52bdfffff
260210106003004,1000,1000,68,23076508,300091,Midwest Energy & Communications,50,1,X,MI,88274b52bdfffff
260210106003005,1000,1000,9,23076508,300091,Midwest Energy & Communications,50,1,X,MI,88274b52a3fffff
260210106003006,1000,1000,6,23076508,300091,Midwest Energy & Communications,50,1,X,MI,88274b52a1fffff
260210106003007,1000,1000,11,23076508,300091,Midwest Energy & Communications,50,1,X,MI,88274b52a1fffff
260210106003011,1000,1000,16,23076508,300091,Midwest Energy & Communications,50,1,X,MI,88274b5769fffff
260210106003012,1000,1000,61,23076508,300091,Midwest Energy & Communications,50,1,X,MI,88274b52b7fffff
260210106003013,1000,1000,6,23076508,300091,Midwest Energy & Communications,50,1,X,MI,88274b576dfffff
260210106003015,1000,1000,33,23076508,300091,Midwest Energy & Communications,50,1,X,MI,88274b50c7fffff
260210106003017,1000,1000,7,23076508,300091,Midwest Energy & Communications,50,1,X,MI,88274b50ddfffff
260210106003018,1000,1000,4,23076508,300091,Midwest Energy & Communications,50,1,X,MI,88274b50c1fffff
260210106003019,1000,1000,10,23076508,300091,Midwest Energy & Communications,50,1,X,MI,88274b50cbfffff
260210106003024,1000,1000,20,23076508,300091,Midwest Energy & Communications,50,1,X,MI,88274b50c7fffff
260210106003025,1000,1000,33,23076508,300091,Midwest Energy & Communications,50,1,X,MI,88274b50c5fffff
260210106003026,1000,1000,3,23076508,300091,Midwest Energy & Communications,50,1,X,MI,88274b50c7fffff
260210106003037,1000,1000,28,23076508,300091,Midwest Energy & Communications,50,1,X,MI,88274b50e7fffff
260210106003039,1000,1000,4,23076508,300091,Midwest Energy & Communications,50,1,X,MI,88274b50e7fffff
260210106003044,1000,1000,68,23076508,300091,Midwest Energy & Communications,50,1,X,MI,88274b50d1fffff
260210106003045,1000,1000,12,23076508,300091,Midwest Energy & Communications,50,1,X,MI,88274b5767fffff
260210106003046,1000,1000,22,23076508,300091,Midwest Energy & Communications,50,1,X,MI,88274b576bfffff
260210106003048,1000,1000,24,23076508,300091,Midwest Energy & Communications,50,1,X,MI,88274b50d1fffff
260210106003051,1000,1000,9,23076508,300091,Midwest Energy & Communications,50,1,X,MI,88274b5081fffff
260210106003052,1000,1000,17,23076508,300091,Midwest Energy & Communications,50,1,X,MI,88274b50e7fffff
260210106003053,1000,1000,5,23076508,300091,Midwest Energy & Communications,50,1,X,MI,88274b5729fffff
260210106003054,1000,1000,8,23076508,300091,Midwest Energy & Communications,50,1,X,MI,88274b570dfffff
260210110001000,1000,1000,18,23076508,300091,Midwest Energy & Communications,50,1,X,MI,88274b5a59fffff
260210110001001,1000,1000,2,23076508,300091,Midwest Energy & Communications,50,1,X,MI,88274b5a55fffff
260210110001002,1000,1000,1,23076508,300091,Midwest Energy & Communications,50,1,X,MI,88274b5a55fffff
260210110001003,1000,1000,8,23076508,300091,Midwest Energy & Communications,50,1,X,MI,88274b5a51fffff
260210110001004,1000,1000,13,23076508,300091,Midwest Energy & Communications,50,1,X,MI,88274b5a57fffff
260210110001005,1000,1000,4,23076508,300091,Midwest Energy & Communications,50,1,X,MI,88274b5a1bfffff
260210110001006,1000,1000,3,23076508,300091,Midwest Energy & Communications,50,1,X,MI,88274b512dfffff
260210110001007,1000,1000,15,23076508,300091,Midwest Energy & Communications,50,1,X,MI,88274b512dfffff
260210110001008,1000,1000,22,23076508,300091,Midwest Energy & Communications,50,1,X,MI,88274b5a1bfffff
260210110001009,1000,1000,10,23076508,300091,Midwest Energy & Communications,50,1,X,MI,88274b5125fffff
260210110001012,1000,1000,25,23076508,300091,Midwest Energy & Communications,50,1,X,MI,88274b5acdfffff
260210110001013,1000,1000,2,23076508,300091,Midwest Energy & Communications,50,1,X,MI,88274b5acdfffff
260210110001014,1000,1000,11,23076508,300091,Midwest Energy & Communications,50,1,X,MI,88274b5127fffff
260210110001015,1000,1000,4,23076508,300091,Midwest Energy & Communications,50,1,X,MI,88274b5acdfffff
260210110001016,1000,1000,48,23076508,300091,Midwest Energy & Communications,50,1,X,MI,88274b5ac1fffff
260210110001017,1000,1000,10,23076508,300091,Midwest Energy & Communications,50,1,X,MI,88274b5ac1fffff
260210110002000,1000,1000,25,23076508,300091,Midwest Energy & Communications,50,1,X,MI,88274b5129fffff
260210110002001,1000,1000,8,23076508,300091,Midwest Energy & Communications,50,1,X,MI,88274b5161fffff
260210110002002,1000,1000,3,23076508,300091,Midwest Energy & Communications,50,1,X,MI,88274b5a59fffff
260210110002003,1000,1000,5,23076508,300091,Midwest Energy & Communications,50,1,X,MI,88274b5a59fffff
260210110002004,1000,1000,7,23076508,300091,Midwest Energy & Communications,50,1,X,MI,88274b5a5bfffff
260210110002005,1000,1000,11,23076508,300091,Midwest Energy & Communications,50,1,X,MI,88274b512dfffff
260210110002006,1000,1000,4,23076508,300091,Midwest Energy & Communications,50,1,X,MI,88274b512dfffff
260210110002007,1000,1000,5,23076508,300091,Midwest Energy & Communications,50,1,X,MI,88274b5129fffff
260210110002008,1000,1000,31,23076508,300091,Midwest Energy & Communications,50,1,X,MI,88274b512bfffff
260210110002009,1000,1000,13,23076508,300091,Midwest Energy & Communications,50,1,X,MI,88274b5121fffff
260210110002010,1000,1000,7,23076508,300091,Midwest Energy & Communications,50,1,X,MI,88274b512dfffff
260210110002012,1000,1000,4,23076508,300091,Midwest Energy & Communications,50,1,X,MI,88274b5123fffff
260210110002013,1000,1000,4,23076508,300091,Midwest Energy & Communications,50,1,X,MI,88274b5123fffff
260210110002026,1000,1000,24,23076508,300091,Midwest Energy & Communications,50,1,X,MI,88274b5101fffff
260210110002027,1000,1000,45,23076508,300091,Midwest Energy & Communications,50,1,X,MI,88274b5131fffff
260210110002028,1000,1000,9,23076508,300091,Midwest Energy & Communications,50,1,X,MI,88274b5139fffff
260210110002029,1000,1000,2,23076508,300091,Midwest Energy & Communications,50,1,X,MI,88274b5123fffff
260210110002030,1000,1000,9,23076508,300091,Midwest Energy & Communications,50,1,X,MI,88274b5135fffff
260210110002031,1000,1000,4,23076508,300091,Midwest Energy & Communications,50,1,X,MI,88274b5123fffff
260210110002034,1000,1000,45,23076508,300091,Midwest Energy & Communications,50,1,X,MI,88274b5131fffff
260210110003000,1000,1000,8,23076508,300091,Midwest Energy & Communications,50,1,X,MI,88274b5133fffff
260210110003001,1000,1000,16,23076508,300091,Midwest Energy & Communications,50,1,X,MI,88274b5137fffff
260210110003002,1000,1000,11,23076508,300091,Midwest Energy & Communications,50,1,X,MI,88274b5137fffff
260210110003008,1000,1000,6,23076508,300091,Midwest Energy & Communications,50,1,X,MI,88274b5ac3fffff
260210110003010,1000,1000,17,23076508,300091,Midwest Energy & Communications,50,1,X,MI,88274b5a89fffff
260210110003011,1000,1000,28,23076508,300091,Midwest Energy & Communications,50,1,X,MI,88274b5aebfffff
260210110003012,1000,1000,5,23076508,300091,Midwest Energy & Communications,50,1,X,MI,88274b51adfffff
260210110003013,1000,1000,1,23076508,300091,Midwest Energy & Communications,50,1,X,MI,88274b5addfffff
260210110003014,1000,1000,6,23076508,300091,Midwest Energy & Communications,50,1,X,MI,88274b5a8bfffff
260210110003015,1000,1000,2,23076508,300091,Midwest Energy & Communications,50,1,X,MI,88274b5ac3fffff
260210110003016,1000,1000,6,23076508,300091,Midwest Energy & Communications,50,1,X,MI,88274b5a95fffff
260210110003017,1000,1000,2,23076508,300091,Midwest Energy & Communications,50,1,X,MI,88274b5ad5fffff
260210110003018,1000,1000,9,23076508,300091,Midwest Energy & Communications,50,1,X,MI,88274b5abbfffff
260210110003019,1000,1000,8,23076508,300091,Midwest Energy & Communications,50,1,X,MI,88274b5a81fffff
260210110003020,1000,1000,9,23076508,300091,Midwest Energy & Communications,50,1,X,MI,88274b5a85fffff
260210110003021,1000,1000,9,23076508,300091,Midwest Energy & Communications,50,1,X,MI,88274b5adbfffff
260210110003022,1000,1000,10,23076508,300091,Midwest Energy & Communications,50,1,X,MI,88274b5133fffff
260210110003023,1000,1000,1,23076508,300091,Midwest Energy & Communications,50,1,X,MI,88274b5adbfffff
260210110003024,1000,1000,8,23076508,300091,Midwest Energy & Communications,50,1,X,MI,88274b51adfffff
260210110003025,1000,1000,2,23076508,300091,Midwest Energy & Communications,50,1,X,MI,88274b51adfffff
260210110003026,1000,1000,20,23076508,300091,Midwest Energy & Communications,50,1,X,MI,88274b51a1fffff
260210110003027,1000,1000,13,23076508,300091,Midwest Energy & Communications,50,1,X,MI,88274b51a7fffff
260210110003028,1000,1000,18,23076508,300091,Midwest Energy & Communications,50,1,X,MI,88274b5a87fffff
260210110003029,1000,1000,12,23076508,300091,Midwest Energy & Communications,50,1,X,MI,88274b5ab1fffff
260210110003030,1000,1000,2,23076508,300091,Midwest Energy & Communications,50,1,X,MI,88274b5a89fffff
260210110003031,1000,1000,1,23076508,300091,Midwest Energy & Communications,50,1,X,MI,88274b5a89fffff
260210111012016,1000,1000,4,23076508,300091,Midwest Energy & Communications,50,1,X,MI,88274b5aedfffff
260210111012017,1000,1000,4,23076508,300091,Midwest Energy & Communications,50,1,X,MI,88274b5aedfffff
260210111012018,1000,1000,1,23076508,300091,Midwest Energy & Communications,50,1,X,MI,88274b5ae9fffff
260210111012019,1000,1000,1,23076508,300091,Midwest Energy & Communications,50,1,X,MI,88274b5aedfffff
260210111021000,1000,1000,25,23076508,300091,Midwest Energy & Communications,50,1,X,MI,88274b5ae1fffff
260210111021001,1000,1000,20,23076508,300091,Midwest Energy & Communications,50,1,X,MI,88274b5aa9fffff
260210111021003,1000,1000,28,23076508,300091,Midwest Energy & Communications,50,1,X,MI,88274b5aadfffff
260210111022001,1000,1000,6,23076508,300091,Midwest Energy & Communications,50,1,X,MI,88274b5aa9fffff
260210111022002,1000,1000,63,23076508,300091,Midwest Energy & Communications,50,1,X,MI,88274b58c1fffff
260210111022003,1000,1000,2,23076508,300091,Midwest Energy & Communications,50,1,X,MI,88274b5aa5fffff
260210111022005,1000,1000,8,23076508,300091,Midwest Energy & Communications,50,1,X,MI,88274b58c1fffff
260210111022006,1000,1000,19,23076508,300091,Midwest Energy & Communications,50,1,X,MI,88274b58c1fffff
260210111022022,1000,1000,14,23076508,300091,Midwest Energy & Communications,50,1,X,MI,88274b5abdfffff
260210111022023,1000,1000,8,23076508,300091,Midwest Energy & Communications,50,1,X,MI,88274b5ab5fffff
260210112021043,1000,1000,2,23076508,300091,Midwest Energy & Communications,50,1,X,MI,88274b58a9fffff
260210112021047,1000,1000,3,23076508,300091,Midwest Energy & Communications,50,1,X,MI,88274b58a9fffff
260210112021048,1000,1000,2,23076508,300091,Midwest Energy & Communications,50,1,X,MI,88274b58a9fffff
260210112021049,1000,1000,6,23076508,300091,Midwest Energy & Communications,50,1,X,MI,88274b58abfffff
260210112021050,1000,1000,1,23076508,300091,Midwest Energy & Communications,50,1,X,MI,88274b58a9fffff
260210112021051,1000,1000,2,23076508,300091,Midwest Energy & Communications,50,1,X,MI,88274b58a7fffff
260210112021053,1000,1000,6,23076508,300091,Midwest Energy & Communications,50,1,X,MI,88274b58a7fffff
260210112021054,1000,1000,16,23076508,300091,Midwest Energy & Communications,50,1,X,MI,88274b4a49fffff
260210112021055,1000,1000,23,23076508,300091,Midwest Energy & Communications,50,1,X,MI,88274b4a49fffff
260210112021056,1000,1000,3,23076508,300091,Midwest Energy & Communications,50,1,X,MI,88274b58abfffff
260210112021057,1000,1000,17,23076508,300091,Midwest Energy & Communications,50,1,X,MI,88274b4a45fffff
260210112021059,1000,1000,8,23076508,300091,Midwest Energy & Communications,50,1,X,MI,88274b4a69fffff
260210112021060,1000,1000,11,23076508,300091,Midwest Energy & Communications,50,1,X,MI,88274b4a61fffff
260210112021063,1000,1000,7,23076508,300091,Midwest Energy & Communications,50,1,X,MI,88274b4b5bfffff
260210112021064,1000,1000,9,23076508,300091,Midwest Energy & Communications,50,1,X,MI,88274b4a61fffff
260210112021065,1000,1000,8,23076508,300091,Midwest Energy & Communications,50,1,X,MI,88274b4a61fffff
260210112021067,1000,1000,14,23076508,300091,Midwest Energy & Communications,50,1,X,MI,88274b4a63fffff
260210112021068,1000,1000,3,23076508,300091,Midwest Energy & Communications,50,1,X,MI,88274b4a6bfffff
260210112021070,1000,1000,8,23076508,300091,Midwest Energy & Communications,50,1,X,MI,88274b4a47fffff
260210112021071,1000,1000,39,23076508,300091,Midwest Energy & Communications,50,1,X,MI,88274b4a47fffff
260210112021072,1000,1000,17,23076508,300091,Midwest Energy & Communications,50,1,X,MI,88274b4a45fffff
260210112021073,1000,1000,3,23076508,300091,Midwest Energy & Communications,50,1,X,MI,88274b4a45fffff
260210112021074,1000,1000,22,23076508,300091,Midwest Energy & Communications,50,1,X,MI,88274b4a5dfffff
260210112021076,1000,1000,8,23076508,300091,Midwest Energy & Communications,50,1,X,MI,88274b4b5bfffff
260210112021077,1000,1000,2,23076508,300091,Midwest Energy & Communications,50,1,X,MI,88274b4b53fffff
260210112021083,1000,1000,15,23076508,300091,Midwest Energy & Communications,50,1,X,MI,88274b4a63fffff
260210112021084,1000,1000,31,23076508,300091,Midwest Energy & Communications,50,1,X,MI,88274b4a05fffff
260210112021085,1000,1000,3,23076508,300091,Midwest Energy & Communications,50,1,X,MI,88274b4a09fffff
260210112021086,1000,1000,1,23076508,300091,Midwest Energy & Communications,50,1,X,MI,88274b4a5dfffff
260210114001000,1000,1000,3,23076508,300091,Midwest Energy & Communications,50,1,X,MI,88274b4a19fffff
260210114001001,1000,1000,31,23076508,300091,Midwest Energy & Communications,50,1,X,MI,88274b4a03fffff
260210114001002,1000,1000,16,23076508,300091,Midwest Energy & Communications,50,1,X,MI,88274b4a03fffff
260210114001010,1000,1000,6,23076508,300091,Midwest Energy & Communications,50,1,X,MI,88274b4a3bfffff
260210114001017,1000,1000,10,23076508,300091,Midwest Energy & Communications,50,1,X,MI,88274b4a13fffff
260210114002049,1000,1000,1,23076508,300091,Midwest Energy & Communications,50,1,X,MI,88274b48c9fffff
260210114002050,1000,1000,5,23076508,300091,Midwest Energy & Communications,50,1,X,MI,88274b4aabfffff
260210114002051,1000,1000,10,23076508,300091,Midwest Energy & Communications,50,1,X,MI,88274b4abdfffff
260210114002052,1000,1000,12,23076508,300091,Midwest Energy & Communications,50,1,X,MI,88274b4abdfffff
260210114002053,1000,1000,10,23076508,300091,Midwest Energy & Communications,50,1,X,MI,88274b4ab5fffff
260210115001000,1000,1000,7,23076508,300091,Midwest Energy & Communications,50,1,X,MI,88274b402bfffff
260210115001001,1000,1000,19,23076508,300091,Midwest Energy & Communications,50,1,X,MI,88274b4027fffff
260210115001002,1000,1000,5,23076508,300091,Midwest Energy & Communications,50,1,X,MI,88274b4117fffff
260210115001003,1000,1000,3,23076508,300091,Midwest Energy & Communications,50,1,X,MI,88274b4117fffff
260210115001004,1000,1000,11,23076508,300091,Midwest Energy & Communications,50,1,X,MI,88274b4111fffff
260210115001005,1000,1000,3,23076508,300091,Midwest Energy & Communications,50,1,X,MI,88274b413bfffff
260210115001006,1000,1000,1,23076508,300091,Midwest Energy & Communications,50,1,X,MI,88274b4131fffff
260210115001007,1000,1000,11,23076508,300091,Midwest Energy & Communications,50,1,X,MI,88274b4123fffff
260210115001008,1000,1000,4,23076508,300091,Midwest Energy & Communications,50,1,X,MI,88274b4a13fffff
260210115001010,1000,1000,1,23076508,300091,Midwest Energy & Communications,50,1,X,MI,88274b4137fffff
260210115001011,1000,1000,4,23076508,300091,Midwest Energy & Communications,50,1,X,MI,88274b413bfffff
260210115001013,1000,1000,1,23076508,300091,Midwest Energy & Communications,50,1,X,MI,88274b413bfffff
260210115001014,1000,1000,6,23076508,300091,Midwest Energy & Communications,50,1,X,MI,88274b4117fffff
260210115001015,1000,1000,5,23076508,300091,Midwest Energy & Communications,50,1,X,MI,88274b4117fffff
260210115001016,1000,1000,5,23076508,300091,Midwest Energy & Communications,50,1,X,MI,88274b4117fffff
260210115001017,1000,1000,5,23076508,300091,Midwest Energy & Communications,50,1,X,MI,88274b4117fffff
260210115001018,1000,1000,4,23076508,300091,Midwest Energy & Communications,50,1,X,MI,88274b4111fffff
260210115001019,1000,1000,6,23076508,300091,Midwest Energy & Communications,50,1,X,MI,88274b4111fffff
260210115001020,1000,1000,11,23076508,300091,Midwest Energy & Communications,50,1,X,MI,88274b4111fffff
260210115001021,1000,1000,11,23076508,300091,Midwest Energy & Communications,50,1,X,MI,88274b4111fffff
260210115001022,1000,1000,7,23076508,300091,Midwest Energy & Communications,50,1,X,MI,88274b4111fffff
260210115001023,1000,1000,1,23076508,300091,Midwest Energy & Communications,50,1,X,MI,88274b4111fffff
260210115001024,1000,1000,12,23076508,300091,Midwest Energy & Communications,50,1,X,MI,88274b4111fffff
260210115001025,1000,1000,11,23076508,300091,Midwest Energy & Communications,50,1,X,MI,88274b4111fffff
260210115001026,1000,1000,6,23076508,300091,Midwest Energy & Communications,50,1,X,MI,88274b4111fffff
260210115001027,1000,1000,4,23076508,300091,Midwest Energy & Communications,50,1,X,MI,88274b4117fffff
260210115001028,1000,1000,18,23076508,300091,Midwest Energy & Communications,50,1,X,MI,88274b4117fffff
260210115001029,1000,1000,9,23076508,300091,Midwest Energy & Communications,50,1,X,MI,88274b4113fffff
260210115001030,1000,1000,5,23076508,300091,Midwest Energy & Communications,50,1,X,MI,88274b4113fffff
260210115001031,1000,1000,12,23076508,300091,Midwest Energy & Communications,50,1,X,MI,88274b4113fffff
260210115001032,1000,1000,5,23076508,300091,Midwest Energy & Communications,50,1,X,MI,88274b411bfffff
260210115001033,1000,1000,4,23076508,300091,Midwest Energy & Communications,50,1,X,MI,88274b41c9fffff
260210115001034,1000,1000,11,23076508,300091,Midwest Energy & Communications,50,1,X,MI,88274b4027fffff
260210115001035,1000,1000,5,23076508,300091,Midwest Energy & Communications,50,1,X,MI,88274b41c9fffff
260210115001036,1000,1000,2,23076508,300091,Midwest Energy & Communications,50,1,X,MI,88274b41c9fffff
260210115001037,1000,1000,4,23076508,300091,Midwest Energy & Communications,50,1,X,MI,88274b413bfffff
260210115001039,1000,1000,6,23076508,300091,Midwest Energy & Communications,50,1,X,MI,88274b4113fffff
260210115001040,1000,1000,37,23076508,300091,Midwest Energy & Communications,50,1,X,MI,88274b4117fffff
260210115001041,1000,1000,16,23076508,300091,Midwest Energy & Communications,50,1,X,MI,88274b4113fffff
260210115001042,1000,1000,14,23076508,300091,Midwest Energy & Communications,50,1,X,MI,88274b4117fffff
260210115001043,1000,1000,8,23076508,300091,Midwest Energy & Communications,50,1,X,MI,88274b4117fffff
260210115001044,1000,1000,5,23076508,300091,Midwest Energy & Communications,50,1,X,MI,88274b413bfffff
260210115001045,1000,1000,6,23076508,300091,Midwest Energy & Communications,50,1,X,MI,88274b41cdfffff
260210115001046,1000,1000,20,23076508,300091,Midwest Energy & Communications,50,1,X,MI,88274b41e9fffff
260210115001047,1000,1000,13,23076508,300091,Midwest Energy & Communications,50,1,X,MI,88274b4117fffff
260210115001048,1000,1000,8,23076508,300091,Midwest Energy & Communications,50,1,X,MI,88274b4117fffff
260210115001049,1000,1000,7,23076508,300091,Midwest Energy & Communications,50,1,X,MI,88274b41e9fffff
260210115002000,1000,1000,9,23076508,300091,Midwest Energy & Communications,50,1,X,MI,88274b41c9fffff
260210115002001,1000,1000,1,23076508,300091,Midwest Energy & Communications,50,1,X,MI,88274b41c9fffff
260210115002002,1000,1000,24,23076508,300091,Midwest Energy & Communications,50,1,X,MI,88274b41ddfffff
260210115002004,1000,1000,11,23076508,300091,Midwest Energy & Communications,50,1,X,MI,88274b41cdfffff
260210115002005,1000,1000,8,23076508,300091,Midwest Energy & Communications,50,1,X,MI,88274b41c7fffff
260210115002006,1000,1000,24,23076508,300091,Midwest Energy & Communications,50,1,X,MI,88274b41e9fffff
260210115002008,1000,1000,11,23076508,300091,Midwest Energy & Communications,50,1,X,MI,88274b41e9fffff
260210115002009,1000,1000,17,23076508,300091,Midwest Energy & Communications,50,1,X,MI,88274b41ebfffff
260210115002010,1000,1000,7,23076508,300091,Midwest Energy & Communications,50,1,X,MI,88274b41e5fffff
260210115002011,1000,1000,5,23076508,300091,Midwest Energy & Communications,50,1,X,MI,88274b41e5fffff
260210115002012,1000,1000,16,23076508,300091,Midwest Energy & Communications,50,1,X,MI,88274b4ad9fffff
260210115002014,1000,1000,3,23076508,300091,Midwest Energy & Communications,50,1,X,MI,88274b4ad5fffff
260210115002015,1000,1000,3,23076508,300091,Midwest Energy & Communications,50,1,X,MI,88274b4ad1fffff
260210115002016,1000,1000,13,23076508,300091,Midwest Energy & Communications,50,1,X,MI,88274b41adfffff
260210115002017,1000,1000,1,23076508,300091,Midwest Energy & Communications,50,1,X,MI,88274b41adfffff
260210115002018,1000,1000,2,23076508,300091,Midwest Energy & Communications,50,1,X,MI,88274b4adbfffff
260210115002019,1000,1000,1,23076508,300091,Midwest Energy & Communications,50,1,X,MI,88274b41e7fffff
260210115002020,1000,1000,25,23076508,300091,Midwest Energy & Communications,50,1,X,MI,88274b41e3fffff
260210115002021,1000,1000,23,23076508,300091,Midwest Energy & Communications,50,1,X,MI,88274b41c7fffff
260210115002022,1000,1000,16,23076508,300091,Midwest Energy & Communications,50,1,X,MI,88274b41c3fffff
260210115002023,1000,1000,6,23076508,300091,Midwest Energy & Communications,50,1,X,MI,88274b418bfffff
260210115002024,1000,1000,7,23076508,300091,Midwest Energy & Communications,50,1,X,MI,88274b4187fffff
260210115002025,1000,1000,18,23076508,300091,Midwest Energy & Communications,50,1,X,MI,88274b4185fffff
260210115002026,1000,1000,3,23076508,300091,Midwest Energy & Communications,50,1,X,MI,88274b41a1fffff
260210115002027,1000,1000,2,23076508,300091,Midwest Energy & Communications,50,1,X,MI,88274b41a9fffff
260210115002028,1000,1000,4,23076508,300091,Midwest Energy & Communications,50,1,X,MI,88274b41adfffff
260210115002029,1000,1000,5,23076508,300091,Midwest Energy & Communications,50,1,X,MI,88274b41a7fffff
260210115002030,1000,1000,15,23076508,300091,Midwest Energy & Communications,50,1,X,MI,88274b41a5fffff
260210115002031,1000,1000,13,23076508,300091,Midwest Energy & Communications,50,1,X,MI,88274b4a99fffff
260210115002032,1000,1000,15,23076508,300091,Midwest Energy & Communications,50,1,X,MI,88274b4a8bfffff
260210115002033,1000,1000,6,23076508,300091,Midwest Energy & Communications,50,1,X,MI,88274b4a8bfffff
260210115002034,1000,1000,5,23076508,300091,Midwest Energy & Communications,50,1,X,MI,88274b4a87fffff
260210115002035,1000,1000,6,23076508,300091,Midwest Energy & Communications,50,1,X,MI,88274b4a83fffff
260210115002036,1000,1000,13,23076508,300091,Midwest Energy & Communications,50,1,X,MI,88274b4a9dfffff
260210115002037,1000,1000,15,23076508,300091,Midwest Energy & Communications,50,1,X,MI,88274b4a83fffff
260210115002038,1000,1000,2,23076508,300091,Midwest Energy & Communications,50,1,X,MI,88274b4ab9fffff
260210115002039,1000,1000,4,23076508,300091,Midwest Energy & Communications,50,1,X,MI,88274b4ab9fffff
260210115002040,1000,1000,3,23076508,300091,Midwest Energy & Communications,50,1,X,MI,88274b4ab9fffff
260210115002042,1000,1000,1,23076508,300091,Midwest Energy & Communications,50,1,X,MI,88274b4abbfffff
260210115002043,1000,1000,11,23076508,300091,Midwest Energy & Communications,50,1,X,MI,88274b4a9dfffff
260210116001000,1000,1000,12,23076508,300091,Midwest Energy & Communications,50,1,X,MI,88274b5ab7fffff
260210116001001,1000,1000,26,23076508,300091,Midwest Energy & Communications,50,1,X,MI,88274b58c3fffff
260210116001002,1000,1000,16,23076508,300091,Midwest Energy & Communications,50,1,X,MI,88274b58c1fffff
260210116001005,1000,1000,7,23076508,300091,Midwest Energy & Communications,50,1,X,MI,88274b58a9fffff
260210116001006,1000,1000,23,23076508,300091,Midwest Energy & Communications,50,1,X,MI,88274b588dfffff
260210116001007,1000,1000,6,23076508,300091,Midwest Energy & Communications,50,1,X,MI,88274b588dfffff
260210116001008,1000,1000,59,23076508,300091,Midwest Energy & Communications,50,1,X,MI,88274b58d5fffff
260210116001009,1000,1000,4,23076508,300091,Midwest Energy & Communications,50,1,X,MI,88274b5881fffff
260210116001010,1000,1000,8,23076508,300091,Midwest Energy & Communications,50,1,X,MI,88274b58a9fffff
260210116001011,1000,1000,21,23076508,300091,Midwest Energy & Communications,50,1,X,MI,88274b5881fffff
260210116001012,1000,1000,8,23076508,300091,Midwest Energy & Communications,50,1,X,MI,88274b5881fffff
260210116001013,1000,1000,5,23076508,300091,Midwest Energy & Communications,50,1,X,MI,88274b5881fffff
260210116001014,1000,1000,20,23076508,300091,Midwest Energy & Communications,50,1,X,MI,88274b5881fffff
260210116001015,1000,1000,8,23076508,300091,Midwest Energy & Communications,50,1,X,MI,88274b5881fffff
260210116001016,1000,1000,8,23076508,300091,Midwest Energy & Communications,50,1,X,MI,88274b588bfffff
260210116001018,1000,1000,6,23076508,300091,Midwest Energy & Communications,50,1,X,MI,88274b58abfffff
260210116001019,1000,1000,5,23076508,300091,Midwest Energy & Communications,50,1,X,MI,88274b58abfffff
260210116001020,1000,1000,7,23076508,300091,Midwest Energy & Communications,50,1,X,MI,88274b58bdfffff
260210116001021,1000,1000,15,23076508,300091,Midwest Energy & Communications,50,1,X,MI,88274b58bdfffff
260210116001022,1000,1000,11,23076508,300091,Midwest Energy & Communications,50,1,X,MI,88274b5881fffff
260210116001023,1000,1000,4,23076508,300091,Midwest Energy & Communications,50,1,X,MI,88274b5881fffff
260210116001024,1000,1000,8,23076508,300091,Midwest Energy & Communications,50,1,X,MI,88274b5881fffff
260210116001025,1000,1000,5,23076508,300091,Midwest Energy & Communications,50,1,X,MI,88274b5881fffff
260210116001026,1000,1000,12,23076508,300091,Midwest Energy & Communications,50,1,X,MI,88274b589dfffff
260210116001027,1000,1000,30,23076508,300091,Midwest Energy & Communications,50,1,X,MI,88274b4325fffff
260210116001028,1000,1000,7,23076508,300091,Midwest Energy & Communications,50,1,X,MI,88274b588bfffff
260210116001029,1000,1000,16,23076508,300091,Midwest Energy & Communications,50,1,X,MI,88274b589dfffff
260210116001030,1000,1000,12,23076508,300091,Midwest Energy & Communications,50,1,X,MI,88274b5895fffff
260210116001031,1000,1000,10,23076508,300091,Midwest Energy & Communications,50,1,X,MI,88274b58b7fffff
260210116001032,1000,1000,7,23076508,300091,Midwest Energy & Communications,50,1,X,MI,88274b58b1fffff
260210116001033,1000,1000,9,23076508,300091,Midwest Energy & Communications,50,1,X,MI,88274b58bbfffff
260210116001034,1000,1000,8,23076508,300091,Midwest Energy & Communications,50,1,X,MI,88274b5881fffff
260210116001035,1000,1000,12,23076508,300091,Midwest Energy & Communications,50,1,X,MI,88274b4105fffff
260210116001036,1000,1000,11,23076508,300091,Midwest Energy & Communications,50,1,X,MI,88274b58bbfffff
260210116001037,1000,1000,7,23076508,300091,Midwest Energy & Communications,50,1,X,MI,88274b5897fffff
260210116001038,1000,1000,14,23076508,300091,Midwest Energy & Communications,50,1,X,MI,88274b5891fffff
260210116001039,1000,1000,5,23076508,300091,Midwest Energy & Communications,50,1,X,MI,88274b416bfffff
260210116001040,1000,1000,14,23076508,300091,Midwest Energy & Communications,50,1,X,MI,88274b4105fffff
260210116001041,1000,1000,4,23076508,300091,Midwest Energy & Communications,50,1,X,MI,88274b4101fffff
260210116001042,1000,1000,9,23076508,300091,Midwest Energy & Communications,50,1,X,MI,88274b412dfffff
260210116001043,1000,1000,9,23076508,300091,Midwest Energy & Communications,50,1,X,MI,88274b412dfffff
260210116001044,1000,1000,4,23076508,300091,Midwest Energy & Communications,50,1,X,MI,88274b4a59fffff
260210116001045,1000,1000,5,23076508,300091,Midwest Energy & Communications,50,1,X,MI,88274b4a59fffff
260210116001046,1000,1000,7,23076508,300091,Midwest Energy & Communications,50,1,X,MI,88274b4a5dfffff
260210116001048,1000,1000,5,23076508,300091,Midwest Energy & Communications,50,1,X,MI,88274b4105fffff
260210116001049,1000,1000,3,23076508,300091,Midwest Energy & Communications,50,1,X,MI,88274b4a1bfffff
260210116001050,1000,1000,2,23076508,300091,Midwest Energy & Communications,50,1,X,MI,88274b412dfffff
260210116001052,1000,1000,1,23076508,300091,Midwest Energy & Communications,50,1,X,MI,88274b4125fffff
260210116001053,1000,1000,1,23076508,300091,Midwest Energy & Communications,50,1,X,MI,88274b4a53fffff
260210116002000,1000,1000,20,23076508,300091,Midwest Energy & Communications,50,1,X,MI,88274b4343fffff
260210116002001,1000,1000,19,23076508,300091,Midwest Energy & Communications,50,1,X,MI,88274b436bfffff
260210116002002,1000,1000,5,23076508,300091,Midwest Energy & Communications,50,1,X,MI,88274b4361fffff
260210116002003,1000,1000,13,23076508,300091,Midwest Energy & Communications,50,1,X,MI,88274b436dfffff
260210116002004,1000,1000,5,23076508,300091,Midwest Energy & Communications,50,1,X,MI,88274b4347fffff
260210116002005,1000,1000,17,23076508,300091,Midwest Energy & Communications,50,1,X,MI,88274b436bfffff
260210116002006,1000,1000,20,23076508,300091,Midwest Energy & Communications,50,1,X,MI,88274b4361fffff
260210116002007,1000,1000,33,23076508,300091,Midwest Energy & Communications,50,1,X,MI,88274b4329fffff
260210116002008,1000,1000,28,23076508,300091,Midwest Energy & Communications,50,1,X,MI,88274b58d9fffff
260210116002009,1000,1000,4,23076508,300091,Midwest Energy & Communications,50,1,X,MI,88274b58dbfffff
260210116002010,1000,1000,15,23076508,300091,Midwest Energy & Communications,50,1,X,MI,88274b4325fffff
260210116002011,1000,1000,6,23076508,300091,Midwest Energy & Communications,50,1,X,MI,88274b4307fffff
260210116002013,1000,1000,9,23076508,300091,Midwest Energy & Communications,50,1,X,MI,88274b4303fffff
260210116002014,1000,1000,1,23076508,300091,Midwest Energy & Communications,50,1,X,MI,88274b4355fffff
260210116002015,1000,1000,11,23076508,300091,Midwest Energy & Communications,50,1,X,MI,88274b4339fffff
260210116002016,1000,1000,10,23076508,300091,Midwest Energy & Communications,50,1,X,MI,88274b4307fffff
260210116002017,1000,1000,10,23076508,300091,Midwest Energy & Communications,50,1,X,MI,88274b4335fffff
260210116002018,1000,1000,5,23076508,300091,Midwest Energy & Communications,50,1,X,MI,88274b432bfffff
260210116002020,1000,1000,2,23076508,300091,Midwest Energy & Communications,50,1,X,MI,88274b432bfffff
260210116002021,1000,1000,17,23076508,300091,Midwest Energy & Communications,50,1,X,MI,88274b4325fffff
260210116002022,1000,1000,13,23076508,300091,Midwest Energy & Communications,50,1,X,MI,88274b4323fffff
260210116002023,1000,1000,4,23076508,300091,Midwest Energy & Communications,50,1,X,MI,88274b4143fffff
260210116002024,1000,1000,1,23076508,300091,Midwest Energy & Communications,50,1,X,MI,88274b414bfffff
260210116002025,1000,1000,11,23076508,300091,Midwest Energy & Communications,50,1,X,MI,88274b4151fffff
260210116002026,1000,1000,15,23076508,300091,Midwest Energy & Communications,50,1,X,MI,88274b4065fffff
260210116002027,1000,1000,16,23076508,300091,Midwest Energy & Communications,50,1,X,MI,88274b4317fffff
260210116002028,1000,1000,32,23076508,300091,Midwest Energy & Communications,50,1,X,MI,88274b4061fffff
260210116002029,1000,1000,11,23076508,300091,Midwest Energy & Communications,50,1,X,MI,88274b402dfffff
260210116002030,1000,1000,28,23076508,300091,Midwest Energy & Communications,50,1,X,MI,88274b402dfffff
260210116002031,1000,1000,14,23076508,300091,Midwest Energy & Communications,50,1,X,MI,88274b4157fffff
260210116002032,1000,1000,1,23076508,300091,Midwest Energy & Communications,50,1,X,MI,88274b410bfffff
260210116002033,1000,1000,2,23076508,300091,Midwest Energy & Communications,50,1,X,MI,88274b4155fffff
260210116002034,1000,1000,2,23076508,300091,Midwest Energy & Communications,50,1,X,MI,88274b4115fffff
260210116002035,1000,1000,1,23076508,300091,Midwest Energy & Communications,50,1,X,MI,88274b430dfffff
260210201001000,1000,1000,8,23076508,300091,Midwest Energy & Communications,50,1,X,MI,88274b50a3fffff
260210201001001,1000,1000,24,23076508,300091,Midwest Energy & Communications,50,1,X,MI,88274b50a7fffff
260210201001002,1000,1000,30,23076508,300091,Midwest Energy & Communications,50,1,X,MI,88274b4269fffff
260210201001003,1000,1000,4,23076508,300091,Midwest Energy & Communications,50,1,X,MI,88274b426dfffff
260210201001004,1000,1000,1,23076508,300091,Midwest Energy & Communications,50,1,X,MI,88274b51bbfffff
260210201001005,1000,1000,2,23076508,300091,Midwest Energy & Communications,50,1,X,MI,88274b51bbfffff
260210201001006,1000,1000,23,23076508,300091,Midwest Energy & Communications,50,1,X,MI,88274b51b7fffff
260210201001007,1000,1000,8,23076508,300091,Midwest Energy & Communications,50,1,X,MI,88274b4349fffff
260210201001008,1000,1000,63,23076508,300091,Midwest Energy & Communications,50,1,X,MI,88274b4269fffff
260210201001012,1000,1000,1,23076508,300091,Midwest Energy & Communications,50,1,X,MI,88274b4261fffff
260210201001013,1000,1000,43,23076508,300091,Midwest Energy & Communications,50,1,X,MI,88274b424dfffff
260210201001015,1000,1000,18,23076508,300091,Midwest Energy & Communications,50,1,X,MI,88274b4351fffff
260210201001016,1000,1000,8,23076508,300091,Midwest Energy & Communications,50,1,X,MI,88274b4351fffff
260210201001017,1000,1000,1,23076508,300091,Midwest Energy & Communications,50,1,X,MI,88274b4355fffff
260210201001019,1000,1000,3,23076508,300091,Midwest Energy & Communications,50,1,X,MI,88274b431dfffff
260210201001020,1000,1000,9,23076508,300091,Midwest Energy & Communications,50,1,X,MI,88274b435bfffff
260210201001021,1000,1000,5,23076508,300091,Midwest Energy & Communications,50,1,X,MI,88274b4225fffff
260210201001022,1000,1000,19,23076508,300091,Midwest Energy & Communications,50,1,X,MI,88274b4319fffff
260210201001023,1000,1000,24,23076508,300091,Midwest Energy & Communications,50,1,X,MI,88274b431bfffff
260210201001024,1000,1000,5,23076508,300091,Midwest Energy & Communications,50,1,X,MI,88274b404dfffff
260210201001025,1000,1000,16,23076508,300091,Midwest Energy & Communications,50,1,X,MI,88274b406bfffff
260210201001026,1000,1000,4,23076508,300091,Midwest Energy & Communications,50,1,X,MI,88274b4009fffff
260210201001027,1000,1000,21,23076508,300091,Midwest Energy & Communications,50,1,X,MI,88274b4267fffff
260210201002000,1000,1000,16,23076508,300091,Midwest Energy & Communications,50,1,X,MI,88274b4203fffff
260210201002001,1000,1000,12,23076508,300091,Midwest Energy & Communications,50,1,X,MI,88274b4205fffff
260210201002002,1000,1000,25,23076508,300091,Midwest Energy & Communications,50,1,X,MI,88274b4223fffff
260210201002003,1000,1000,1,23076508,300091,Midwest Energy & Communications,50,1,X,MI,88274b4267fffff
260210201002005,1000,1000,7,23076508,300091,Midwest Energy & Communications,50,1,X,MI,88274b4227fffff
260210201002016,1000,1000,1,23076508,300091,Midwest Energy & Communications,50,1,X,MI,88274b4009fffff
260210201003000,1000,1000,12,23076508,300091,Midwest Energy & Communications,50,1,X,MI,88274b50bbfffff
260210201003001,1000,1000,9,23076508,300091,Midwest Energy & Communications,50,1,X,MI,88274b50b1fffff
260210201003004,1000,1000,12,23076508,300091,Midwest Energy & Communications,50,1,X,MI,88274b50a1fffff
260210201003014,1000,1000,10,23076508,300091,Midwest Energy & Communications,50,1,X,MI,88274b5565fffff
260210201003015,1000,1000,36,23076508,300091,Midwest Energy & Communications,50,1,X,MI,88274b4253fffff
260210201003017,1000,1000,31,23076508,300091,Midwest Energy & Communications,50,1,X,MI,88274b4253fffff
260210201003026,1000,1000,4,23076508,300091,Midwest Energy & Communications,50,1,X,MI,88274b4257fffff
260210201003027,1000,1000,8,23076508,300091,Midwest Energy & Communications,50,1,X,MI,88274b420bfffff
260210201003033,1000,1000,6,23076508,300091,Midwest Energy & Communications,50,1,X,MI,88274b4203fffff
260210201003036,1000,1000,6,23076508,300091,Midwest Energy & Communications,50,1,X,MI,88274b42c9fffff
260210201003037,1000,1000,1,23076508,300091,Midwest Energy & Communications,50,1,X,MI,88274b42c9fffff
260210201003038,1000,1000,50,23076508,300091,Midwest Energy & Communications,50,1,X,MI,88274b5521fffff
260210201003039,1000,1000,2,23076508,300091,Midwest Energy & Communications,50,1,X,MI,88274b552dfffff
260210202004037,1000,1000,6,23076508,300091,Midwest Energy & Communications,50,1,X,MI,88274b42a9fffff
260210203001000,1000,1000,10,23076508,300091,Midwest Energy & Communications,50,1,X,MI,88274b4281fffff
260210203001001,1000,1000,13,23076508,300091,Midwest Energy & Communications,50,1,X,MI,88274b42a5fffff
260210203001002,1000,1000,11,23076508,300091,Midwest Energy & Communications,50,1,X,MI,88274b401bfffff
260210203001010,1000,1000,2,23076508,300091,Midwest Energy & Communications,50,1,X,MI,88274b403dfffff
260210203001012,1000,1000,3,23076508,300091,Midwest Energy & Communications,50,1,X,MI,88274b4031fffff
260210203001013,1000,1000,20,23076508,300091,Midwest Energy & Communications,50,1,X,MI,88274b4031fffff
260210203001014,1000,1000,14,23076508,300091,Midwest Energy & Communications,50,1,X,MI,88274b4017fffff
260210203001015,1000,1000,17,23076508,300091,Midwest Energy & Communications,50,1,X,MI,88274b4013fffff
260210203001016,1000,1000,6,23076508,300091,Midwest Energy & Communications,50,1,X,MI,88274b401bfffff
260210203001017,1000,1000,21,23076508,300091,Midwest Energy & Communications,50,1,X,MI,88274b42a7fffff
260210203001018,1000,1000,23,23076508,300091,Midwest Energy & Communications,50,1,X,MI,88274b42a1fffff
260210203001020,1000,1000,13,23076508,300091,Midwest Energy & Communications,50,1,X,MI,88274b4281fffff
260210203001021,1000,1000,60,23076508,300091,Midwest Energy & Communications,50,1,X,MI,88274b42b3fffff
260210203001022,1000,1000,3,23076508,300091,Midwest Energy & Communications,50,1,X,MI,88274b40c5fffff
260210203001023,1000,1000,23,23076508,300091,Midwest Energy & Communications,50,1,X,MI,88274b40cdfffff
260210203001025,1000,1000,9,23076508,300091,Midwest Energy & Communications,50,1,X,MI,88274b40e9fffff
260210203001026,1000,1000,27,23076508,300091,Midwest Energy & Communications,50,1,X,MI,88274b40e9fffff
260210203001028,1000,1000,11,23076508,300091,Midwest Energy & Communications,50,1,X,MI,88274b41d9fffff
260210203001029,1000,1000,4,23076508,300091,Midwest Energy & Communications,50,1,X,MI,88274b4031fffff
260210203001031,1000,1000,6,23076508,300091,Midwest Energy & Communications,50,1,X,MI,88274b41d9fffff
260210203001032,1000,1000,3,23076508,300091,Midwest Energy & Communications,50,1,X,MI,88274b4085fffff
260210203001033,1000,1000,7,23076508,300091,Midwest Energy & Communications,50,1,X,MI,88274b4085fffff
260210203001034,1000,1000,16,23076508,300091,Midwest Energy & Communications,50,1,X,MI,88274b40c3fffff
260210203001035,1000,1000,8,23076508,300091,Midwest Energy & Communications,50,1,X,MI,88274b40d5fffff
260210203001036,1000,1000,12,23076508,300091,Midwest Energy & Communications,50,1,X,MI,88274b40d5fffff
260210203001037,1000,1000,10,23076508,300091,Midwest Energy & Communications,50,1,X,MI,88274b4765fffff
260210203001038,1000,1000,27,23076508,300091,Midwest Energy & Communications,50,1,X,MI,88274b40dbfffff
260210203001039,1000,1000,4,23076508,300091,Midwest Energy & Communications,50,1,X,MI,88274b40d5fffff
260210203001040,1000,1000,1,23076508,300091,Midwest Energy & Communications,50,1,X,MI,88274b40adfffff
260210203001044,1000,1000,8,23076508,300091,Midwest Energy & Communications,50,1,X,MI,88274b40e7fffff
260210203002002,1000,1000,18,23076508,300091,Midwest Energy & Communications,50,1,X,MI,88274b558dfffff
260210203002003,1000,1000,9,23076508,300091,Midwest Energy & Communications,50,1,X,MI,88274b55e3fffff
260210203002005,1000,1000,5,23076508,300091,Midwest Energy & Communications,50,1,X,MI,88274b55ebfffff
260210203002011,1000,1000,9,23076508,300091,Midwest Energy & Communications,50,1,X,MI,88274b55e7fffff
260210203002018,1000,1000,11,23076508,300091,Midwest Energy & Communications,50,1,X,MI,88274b428bfffff
260210203002021,1000,1000,16,23076508,300091,Midwest Energy & Communications,50,1,X,MI,88274b55a3fffff
260210203002023,1000,1000,14,23076508,300091,Midwest Energy & Communications,50,1,X,MI,88274b429bfffff
260210203002024,1000,1000,2,23076508,300091,Midwest Energy & Communications,50,1,X,MI,88274b42d3fffff
260210203002028,1000,1000,18,23076508,300091,Midwest Energy & Communications,50,1,X,MI,88274b42d3fffff
260210203002029,1000,1000,27,23076508,300091,Midwest Energy & Communications,50,1,X,MI,88274b4293fffff
260210203002030,1000,1000,29,23076508,300091,Midwest Energy & Communications,50,1,X,MI,88274b474bfffff
260210203002031,1000,1000,10,23076508,300091,Midwest Energy & Communications,50,1,X,MI,88274b55b9fffff
260210203002032,1000,1000,23,23076508,300091,Midwest Energy & Communications,50,1,X,MI,88274b5587fffff
260210203002036,1000,1000,38,23076508,300091,Midwest Energy & Communications,50,1,X,MI,88274b4745fffff
260210203002037,1000,1000,25,23076508,300091,Midwest Energy & Communications,50,1,X,MI,88274b476dfffff
260210203002038,1000,1000,37,23076508,300091,Midwest Energy & Communications,50,1,X,MI,88274b4767fffff
260210203002039,1000,1000,2,23076508,300091,Midwest Energy & Communications,50,1,X,MI,88274b4763fffff
260210203002042,1000,1000,3,23076508,300091,Midwest Energy & Communications,50,1,X,MI,88274b4747fffff
260210203002043,1000,1000,11,23076508,300091,Midwest Energy & Communications,50,1,X,MI,88274b474bfffff
260210203002044,1000,1000,16,23076508,300091,Midwest Energy & Communications,50,1,X,MI,88274b474bfffff
260210203002045,1000,1000,44,23076508,300091,Midwest Energy & Communications,50,1,X,MI,88274b475dfffff
260210203002046,1000,1000,15,23076508,300091,Midwest Energy & Communications,50,1,X,MI,88274b55bbfffff
260210203002048,1000,1000,1,23076508,300091,Midwest Energy & Communications,50,1,X,MI,88274b5595fffff
260210203002049,1000,1000,4,23076508,300091,Midwest Energy & Communications,50,1,X,MI,88274b5583fffff
260210203002051,1000,1000,1,23076508,300091,Midwest Energy & Communications,50,1,X,MI,88274b5581fffff
260210203002052,1000,1000,2,23076508,300091,Midwest Energy & Communications,50,1,X,MI,88274b5581fffff
260210203002055,1000,1000,36,23076508,300091,Midwest Energy & Communications,50,1,X,MI,88274b4665fffff
260210203002056,1000,1000,2,23076508,300091,Midwest Energy & Communications,50,1,X,MI,88274b4759fffff
260210203002057,1000,1000,3,23076508,300091,Midwest Energy & Communications,50,1,X,MI,88274b4665fffff
260210203002058,1000,1000,7,23076508,300091,Midwest Energy & Communications,50,1,X,MI,88274b4755fffff
260210203002059,1000,1000,9,23076508,300091,Midwest Energy & Communications,50,1,X,MI,88274b4747fffff
260210203002060,1000,1000,3,23076508,300091,Midwest Energy & Communications,50,1,X,MI,88274b4747fffff
260210203002061,1000,1000,10,23076508,300091,Midwest Energy & Communications,50,1,X,MI,88274b5595fffff
260210203002062,1000,1000,12,23076508,300091,Midwest Energy & Communications,50,1,X,MI,88274b5587fffff
260210203002065,1000,1000,2,23076508,300091,Midwest Energy & Communications,50,1,X,MI,88274b466dfffff
260210203002066,1000,1000,10,23076508,300091,Midwest Energy & Communications,50,1,X,MI,88274b466dfffff
260210203002069,1000,1000,2,23076508,300091,Midwest Energy & Communications,50,1,X,MI,88274b4665fffff
260210204001000,1000,1000,8,23076508,300091,Midwest Energy & Communications,50,1,X,MI,88274b570bfffff
260210204001001,1000,1000,8,23076508,300091,Midwest Energy & Communications,50,1,X,MI,88274b570bfffff
260210204001002,1000,1000,4,23076508,300091,Midwest Energy & Communications,50,1,X,MI,88274b5705fffff
260210204001003,1000,1000,5,23076508,300091,Midwest Energy & Communications,50,1,X,MI,88274b5721fffff
260210204001005,1000,1000,1,23076508,300091,Midwest Energy & Communications,50,1,X,MI,88274b50d3fffff
260210204001008,1000,1000,7,23076508,300091,Midwest Energy & Communications,50,1,X,MI,88274b5091fffff
260210204001009,1000,1000,27,23076508,300091,Midwest Energy & Communications,50,1,X,MI,88274b5569fffff
260210204001017,1000,1000,2,23076508,300091,Midwest Energy & Communications,50,1,X,MI,88274b572bfffff
260210204001019,1000,1000,7,23076508,300091,Midwest Energy & Communications,50,1,X,MI,88274b5707fffff
260210204001020,1000,1000,9,23076508,300091,Midwest Energy & Communications,50,1,X,MI,88274b5739fffff
260210204001021,1000,1000,3,23076508,300091,Midwest Energy & Communications,50,1,X,MI,88274b571dfffff
260210204001029,1000,1000,2,23076508,300091,Midwest Energy & Communications,50,1,X,MI,88274b5731fffff
260210204002042,1000,1000,35,23076508,300091,Midwest Energy & Communications,50,1,X,MI,88274b5531fffff
260210204002043,1000,1000,6,23076508,300091,Midwest Energy & Communications,50,1,X,MI,88274b5535fffff
260210204002044,1000,1000,17,23076508,300091,Midwest Energy & Communications,50,1,X,MI,88274b553dfffff
260210204002063,1000,1000,18,23076508,300091,Midwest Energy & Communications,50,1,X,MI,88274b5521fffff
260210204003021,1000,1000,1,23076508,300091,Midwest Energy & Communications,50,1,X,MI,88274b55ebfffff
260210204003022,1000,1000,1,23076508,300091,Midwest Energy & Communications,50,1,X,MI,88274b55ebfffff
260210204003023,1000,1000,4,23076508,300091,Midwest Energy & Communications,50,1,X,MI,88274b55c7fffff
260210204003024,1000,1000,12,23076508,300091,Midwest Energy & Communications,50,1,X,MI,88274b55c7fffff
260210204003025,1000,1000,6,23076508,300091,Midwest Energy & Communications,50,1,X,MI,88274b55c7fffff
260210204003026,1000,1000,1,23076508,300091,Midwest Energy & Communications,50,1,X,MI,88274b55ebfffff
260210205002006,1000,1000,1,23076508,300091,Midwest Energy & Communications,50,1,X,MI,88274b5421fffff
260210205002014,1000,1000,3,23076508,300091,Midwest Energy & Communications,50,1,X,MI,88274b5421fffff
260210205002018,1000,1000,2,23076508,300091,Midwest Energy & Communications,50,1,X,MI,88274b5425fffff
260210205002019,1000,1000,4,23076508,300091,Midwest Energy & Communications,50,1,X,MI,88274b5421fffff
260210205002022,1000,1000,8,23076508,300091,Midwest Energy & Communications,50,1,X,MI,88274b5421fffff
260210205002023,1000,1000,2,23076508,300091,Midwest Energy & Communications,50,1,X,MI,88274b5421fffff
260210205002024,1000,1000,2,23076508,300091,Midwest Energy & Communications,50,1,X,MI,88274b5421fffff
260210205002025,1000,1000,1,23076508,300091,Midwest Energy & Communications,50,1,X,MI,88274b5421fffff
260210205003000,1000,1000,5,23076508,300091,Midwest Energy & Communications,50,1,X,MI,88274b542bfffff
260210205003001,1000,1000,1,23076508,300091,Midwest Energy & Communications,50,1,X,MI,88274b542bfffff
260210205003003,1000,1000,7,23076508,300091,Midwest Energy & Communications,50,1,X,MI,88274b5423fffff
260210205003005,1000,1000,3,23076508,300091,Midwest Energy & Communications,50,1,X,MI,88274b5423fffff
260210205003006,1000,1000,1,23076508,300091,Midwest Energy & Communications,50,1,X,MI,88274b542bfffff
260210205003013,1000,1000,5,23076508,300091,Midwest Energy & Communications,50,1,X,MI,88274b5423fffff
260210205003014,1000,1000,2,23076508,300091,Midwest Energy & Communications,50,1,X,MI,88274b5423fffff
260210205003015,1000,1000,7,23076508,300091,Midwest Energy & Communications,50,1,X,MI,88274b5423fffff
260210205003021,1000,1000,2,23076508,300091,Midwest Energy & Communications,50,1,X,MI,88274b5423fffff
260210205003022,1000,1000,4,23076508,300091,Midwest Energy & Communications,50,1,X,MI,88274b5423fffff
260210205003023,1000,1000,1,23076508,300091,Midwest Energy & Communications,50,1,X,MI,88274b5423fffff
260210205003024,1000,1000,1,23076508,300091,Midwest Energy & Communications,50,1,X,MI,88274b5423fffff
260210205003025,1000,1000,1,23076508,300091,Midwest Energy & Communications,50,1,X,MI,88274b5423fffff
260210205003026,1000,1000,1,23076508,300091,Midwest Energy & Communications,50,1,X,MI,88274b5423fffff
260210205003027,1000,1000,2,23076508,300091,Midwest Energy & Communications,50,1,X,MI,88274b5423fffff
260210205003039,1000,1000,1,23076508,300091,Midwest Energy & Communications,50,1,X,MI,88274b5423fffff
260210205003040,1000,1000,5,23076508,300091,Midwest Energy & Communications,50,1,X,MI,88274b5423fffff
260210205003041,1000,1000,6,23076508,300091,Midwest Energy & Communications,50,1,X,MI,88274b5423fffff
260210205003050,1000,1000,1,23076508,300091,Midwest Energy & Communications,50,1,X,MI,88274b5423fffff
260210205003051,1000,1000,2,23076508,300091,Midwest Energy & Communications,50,1,X,MI,88274b5435fffff
260210205003052,1000,1000,7,23076508,300091,Midwest Energy & Communications,50,1,X,MI,88274b5423fffff
260210205003053,1000,1000,8,23076508,300091,Midwest Energy & Communications,50,1,X,MI,88274b5423fffff
260210205003054,1000,1000,4,23076508,300091,Midwest Energy & Communications,50,1,X,MI,88274b5423fffff
260210205003055,1000,1000,3,23076508,300091,Midwest Energy & Communications,50,1,X,MI,88274b5423fffff
260210205003056,1000,1000,2,23076508,300091,Midwest Energy & Communications,50,1,X,MI,88274b5435fffff
260210205003057,1000,1000,3,23076508,300091,Midwest Energy & Communications,50,1,X,MI,88274b5435fffff
260210206002016,1000,1000,4,23076508,300091,Midwest Energy & Communications,50,1,X,MI,88274b55c9fffff
260210206002017,1000,1000,7,23076508,300091,Midwest Energy & Communications,50,1,X,MI,88274b55c1fffff
260210206002018,1000,1000,9,23076508,300091,Midwest Energy & Communications,50,1,X,MI,88274b55c1fffff
260210206002022,1000,1000,9,23076508,300091,Midwest Energy & Communications,50,1,X,MI,88274b55c7fffff
260210206002024,1000,1000,1,23076508,300091,Midwest Energy & Communications,50,1,X,MI,88274b55ebfffff
260210206003008,1000,1000,1,23076508,300091,Midwest Energy & Communications,50,1,X,MI,88274b55c9fffff
260210206003011,1000,1000,3,23076508,300091,Midwest Energy & Communications,50,1,X,MI,88274b55c9fffff
260210206003013,1000,1000,3,23076508,300091,Midwest Energy & Communications,50,1,X,MI,88274b55c9fffff
260210206003014,1000,1000,4,23076508,300091,Midwest Energy & Communications,50,1,X,MI,88274b55c9fffff
260210206003015,1000,1000,5,23076508,300091,Midwest Energy & Communications,50,1,X,MI,88274b55c9fffff
260210206003016,1000,1000,1,23076508,300091,Midwest Energy & Communications,50,1,X,MI,88274b55c9fffff
260210206003020,1000,1000,5,23076508,300091,Midwest Energy & Communications,50,1,X,MI,88274b55c9fffff
260210206003022,1000,1000,7,23076508,300091,Midwest Energy & Communications,50,1,X,MI,88274b55c9fffff
260210206003023,1000,1000,1,23076508,300091,Midwest Energy & Communications,50,1,X,MI,88274b55c9fffff
260210206004001,1000,1000,4,23076508,300091,Midwest Energy & Communications,50,1,X,MI,88274b55c9fffff
260210206004002,1000,1000,4,23076508,300091,Midwest Energy & Communications,50,1,X,MI,88274b55c9fffff
260210206004003,1000,1000,2,23076508,300091,Midwest Energy & Communications,50,1,X,MI,88274b55c9fffff
260210206004004,1000,1000,5,23076508,300091,Midwest Energy & Communications,50,1,X,MI,88274b55c9fffff
260210206004005,1000,1000,3,23076508,300091,Midwest Energy & Communications,50,1,X,MI,88274b55c9fffff
260210206004006,1000,1000,1,23076508,300091,Midwest Energy & Communications,50,1,X,MI,88274b55c9fffff
260210206004007,1000,1000,3,23076508,300091,Midwest Energy & Communications,50,1,X,MI,88274b55c9fffff
260210206004008,1000,1000,5,23076508,300091,Midwest Energy & Communications,50,1,X,MI,88274b55c9fffff
260210206004009,1000,1000,2,23076508,300091,Midwest Energy & Communications,50,1,X,MI,88274b55c1fffff
260210206004011,1000,1000,5,23076508,300091,Midwest Energy & Communications,50,1,X,MI,88274b55c1fffff
260210206004014,1000,1000,13,23076508,300091,Midwest Energy & Communications,50,1,X,MI,88274b55c7fffff
260210206004015,1000,1000,7,23076508,300091,Midwest Energy & Communications,50,1,X,MI,88274b55c7fffff
260210206004016,1000,1000,12,23076508,300091,Midwest Energy & Communications,50,1,X,MI,88274b55c7fffff
260210206004017,1000,1000,2,23076508,300091,Midwest Energy & Communications,50,1,X,MI,88274b55c3fffff
260210206004018,1000,1000,4,23076508,300091,Midwest Energy & Communications,50,1,X,MI,88274b55c1fffff
260210207001005,1000,1000,11,23076508,300091,Midwest Energy & Communications,50,1,X,MI,88274b5435fffff
260210207001014,1000,1000,3,23076508,300091,Midwest Energy & Communications,50,1,X,MI,88274b5435fffff
260210207001015,1000,1000,4,23076508,300091,Midwest Energy & Communications,50,1,X,MI,88274b5435fffff
260210207001016,1000,1000,9,23076508,300091,Midwest Energy & Communications,50,1,X,MI,88274b55c9fffff
260210207001023,1000,1000,8,23076508,300091,Midwest Energy & Communications,50,1,X,MI,88274b5435fffff
260210207001024,1000,1000,7,23076508,300091,Midwest Energy & Communications,50,1,X,MI,88274b5435fffff
260210207002001,1000,1000,4,23076508,300091,Midwest Energy & Communications,50,1,X,MI,88274b5435fffff
260210207002002,1000,1000,2,23076508,300091,Midwest Energy & Communications,50,1,X,MI,88274b5435fffff
260210207002003,1000,1000,9,23076508,300091,Midwest Energy & Communications,50,1,X,MI,88274b5437fffff
260210207002004,1000,1000,6,23076508,300091,Midwest Energy & Communications,50,1,X,MI,88274b5435fffff
260210207002005,1000,1000,21,23076508,300091,Midwest Energy & Communications,50,1,X,MI,88274b55ddfffff
260210207002006,1000,1000,2,23076508,300091,Midwest Energy & Communications,50,1,X,MI,88274b55ddfffff
260210207002009,1000,1000,5,23076508,300091,Midwest Energy & Communications,50,1,X,MI,88274b55ddfffff
260210207002010,1000,1000,3,23076508,300091,Midwest Energy & Communications,50,1,X,MI,88274b5437fffff
260210207002011,1000,1000,1,23076508,300091,Midwest Energy & Communications,50,1,X,MI,88274b55ddfffff
260210207002013,1000,1000,8,23076508,300091,Midwest Energy & Communications,50,1,X,MI,88274b55ddfffff
260210207002014,1000,1000,10,23076508,300091,Midwest Energy & Communications,50,1,X,MI,88274b55c3fffff
260210207003008,1000,1000,4,23076508,300091,Midwest Energy & Communications,50,1,X,MI,88274b5435fffff
260210207003011,1000,1000,3,23076508,300091,Midwest Energy & Communications,50,1,X,MI,88274b5431fffff
260210207003014,1000,1000,2,23076508,300091,Midwest Energy & Communications,50,1,X,MI,88274b5431fffff
260210207003015,1000,1000,1,23076508,300091,Midwest Energy & Communications,50,1,X,MI,88274b5431fffff
260210207003017,1000,1000,6,23076508,300091,Midwest Energy & Communications,50,1,X,MI,88274b5431fffff
260210207003018,1000,1000,2,23076508,300091,Midwest Energy & Communications,50,1,X,MI,88274b5431fffff
260210207003020,1000,1000,5,23076508,300091,Midwest Energy & Communications,50,1,X,MI,88274b5437fffff
260210207003021,1000,1000,15,23076508,300091,Midwest Energy & Communications,50,1,X,MI,88274b5431fffff
260210207003022,1000,1000,18,23076508,300091,Midwest Energy & Communications,50,1,X,MI,88274b5431fffff
260210207003023,1000,1000,2,23076508,300091,Midwest Energy & Communications,50,1,X,MI,88274b5431fffff
260210207003027,1000,1000,1,23076508,300091,Midwest Energy & Communications,50,1,X,MI,88274b5431fffff
260210207003028,1000,1000,6,23076508,300091,Midwest Energy & Communications,50,1,X,MI,88274b5431fffff
260210207003029,1000,1000,1,23076508,300091,Midwest Energy & Communications,50,1,X,MI,88274b5431fffff
260210207003034,1000,1000,9,23076508,300091,Midwest Energy & Communications,50,1,X,MI,88274b5437fffff
260210207003035,1000,1000,3,23076508,300091,Midwest Energy & Communications,50,1,X,MI,88274b5437fffff
260210207003037,1000,1000,3,23076508,300091,Midwest Energy & Communications,50,1,X,MI,88274b55d9fffff
260210207003038,1000,1000,5,23076508,300091,Midwest Energy & Communications,50,1,X,MI,88274b55d9fffff
260210207003039,1000,1000,7,23076508,300091,Midwest Energy & Communications,50,1,X,MI,88274b55d9fffff
260210207003040,1000,1000,8,23076508,300091,Midwest Energy & Communications,50,1,X,MI,88274b5433fffff
260210209001001,1000,1000,23,23076508,300091,Midwest Energy & Communications,50,1,X,MI,88274b540dfffff
260210209001004,1000,1000,7,23076508,300091,Midwest Energy & Communications,50,1,X,MI,88274b5447fffff
260210209001008,1000,1000,8,23076508,300091,Midwest Energy & Communications,50,1,X,MI,88274b5409fffff
260210209001009,1000,1000,1,23076508,300091,Midwest Energy & Communications,50,1,X,MI,88274b5401fffff
260210209001010,1000,1000,5,23076508,300091,Midwest Energy & Communications,50,1,X,MI,88274b5409fffff
260210209001011,1000,1000,25,23076508,300091,Midwest Energy & Communications,50,1,X,MI,88274b5401fffff
260210209001012,1000,1000,2,23076508,300091,Midwest Energy & Communications,50,1,X,MI,88274b5407fffff
260210209001015,1000,1000,1,23076508,300091,Midwest Energy & Communications,50,1,X,MI,88274b542bfffff
260210209001016,1000,1000,1,23076508,300091,Midwest Energy & Communications,50,1,X,MI,88274b542bfffff
260210209001017,1000,1000,3,23076508,300091,Midwest Energy & Communications,50,1,X,MI,88274b542bfffff
260210209001020,1000,1000,2,23076508,300091,Midwest Energy & Communications,50,1,X,MI,88274b5407fffff
260210209001021,1000,1000,2,23076508,300091,Midwest Energy & Communications,50,1,X,MI,88274b5407fffff
260210209001024,1000,1000,5,23076508,300091,Midwest Energy & Communications,50,1,X,MI,88274b542bfffff
260210209001026,1000,1000,5,23076508,300091,Midwest Energy & Communications,50,1,X,MI,88274b5407fffff
260210209001027,1000,1000,10,23076508,300091,Midwest Energy & Communications,50,1,X,MI,88274b5407fffff
260210209001028,1000,1000,8,23076508,300091,Midwest Energy & Communications,50,1,X,MI,88274b5407fffff
260210209001029,1000,1000,1,23076508,300091,Midwest Energy & Communications,50,1,X,MI,88274b5407fffff
260210209001031,1000,1000,2,23076508,300091,Midwest Energy & Communications,50,1,X,MI,88274b5407fffff
260210209001039,1000,1000,2,23076508,300091,Midwest Energy & Communications,50,1,X,MI,88274b5439fffff
260210209002001,1000,1000,4,23076508,300091,Midwest Energy & Communications,50,1,X,MI,88274b542bfffff
260210209002002,1000,1000,1,23076508,300091,Midwest Energy & Communications,50,1,X,MI,88274b542bfffff
260210209002003,1000,1000,1,23076508,300091,Midwest Energy & Communications,50,1,X,MI,88274b542bfffff
260210209002004,1000,1000,1,23076508,300091,Midwest Energy & Communications,50,1,X,MI,88274b542bfffff
260210209002005,1000,1000,2,23076508,300091,Midwest Energy & Communications,50,1,X,MI,88274b543dfffff
260210209004000,1000,1000,5,23076508,300091,Midwest Energy & Communications,50,1,X,MI,88274b5403fffff
260210209004001,1000,1000,1,23076508,300091,Midwest Energy & Communications,50,1,X,MI,88274b5439fffff
260210209004005,1000,1000,1,23076508,300091,Midwest Energy & Communications,50,1,X,MI,88274b5439fffff
260210209004006,1000,1000,1,23076508,300091,Midwest Energy & Communications,50,1,X,MI,88274b5439fffff
260210209004007,1000,1000,3,23076508,300091,Midwest Energy & Communications,50,1,X,MI,88274b5439fffff
260210209004008,1000,1000,1,23076508,300091,Midwest Energy & Communications,50,1,X,MI,88274b5439fffff
260210209004009,1000,1000,2,23076508,300091,Midwest Energy & Communications,50,1,X,MI,88274b5439fffff
260210209004010,1000,1000,1,23076508,300091,Midwest Energy & Communications,50,1,X,MI,88274b5439fffff
260210209004011,1000,1000,2,23076508,300091,Midwest Energy & Communications,50,1,X,MI,88274b5439fffff
260210209004012,1000,1000,2,23076508,300091,Midwest Energy & Communications,50,1,X,MI,88274b5439fffff
260210209004013,1000,1000,2,23076508,300091,Midwest Energy & Communications,50,1,X,MI,88274b5439fffff
260210209004014,1000,1000,2,23076508,300091,Midwest Energy & Communications,50,1,X,MI,88274b5439fffff
260210209004019,1000,1000,3,23076508,300091,Midwest Energy & Communications,50,1,X,MI,88274b5439fffff
260210209004020,1000,1000,2,23076508,300091,Midwest Energy & Communications,50,1,X,MI,88274b5439fffff
260210209004021,1000,1000,13,23076508,300091,Midwest Energy & Communications,50,1,X,MI,88274b5439fffff
260210209004024,1000,1000,2,23076508,300091,Midwest Energy & Communications,50,1,X,MI,88274b5439fffff
260210209004025,1000,1000,2,23076508,300091,Midwest Energy & Communications,50,1,X,MI,88274b5439fffff
260210209004026,1000,1000,2,23076508,300091,Midwest Energy & Communications,50,1,X,MI,88274b5439fffff
260210209004027,1000,1000,3,23076508,300091,Midwest Energy & Communications,50,1,X,MI,88274b5439fffff
260210210001002,1000,1000,14,23076508,300091,Midwest Energy & Communications,50,1,X,MI,88274b5431fffff
260210210002006,1000,1000,7,23076508,300091,Midwest Energy & Communications,50,1,X,MI,88274b5433fffff
260210210002023,1000,1000,5,23076508,300091,Midwest Energy & Communications,50,1,X,MI,88274b55d9fffff
260210210002024,1000,1000,5,23076508,300091,Midwest Energy & Communications,50,1,X,MI,88274b55d9fffff
260210210002025,1000,1000,8,23076508,300091,Midwest Energy & Communications,50,1,X,MI,88274b55ddfffff
260210210002026,1000,1000,2,23076508,300091,Midwest Energy & Communications,50,1,X,MI,88274b55ddfffff
260210210002027,1000,1000,18,23076508,300091,Midwest Energy & Communications,50,1,X,MI,88274b55ddfffff
260210210002028,1000,1000,13,23076508,300091,Midwest Energy & Communications,50,1,X,MI,88274b55c3fffff
260210210002046,1000,1000,1,23076508,300091,Midwest Energy & Communications,50,1,X,MI,88274b55d5fffff
260210210002047,1000,1000,5,23076508,300091,Midwest Energy & Communications,50,1,X,MI,88274b558bfffff
260210210002048,1000,1000,2,23076508,300091,Midwest Energy & Communications,50,1,X,MI,88274b55d5fffff
260210210002052,1000,1000,3,23076508,300091,Midwest Energy & Communications,50,1,X,MI,88274b55d5fffff
260210210003001,1000,1000,3,23076508,300091,Midwest Energy & Communications,50,1,X,MI,88274b55d3fffff
260210210003002,1000,1000,3,23076508,300091,Midwest Energy & Communications,50,1,X,MI,88274b55d3fffff
260210210003003,1000,1000,2,23076508,300091,Midwest Energy & Communications,50,1,X,MI,88274b55d3fffff
260210210004001,1000,1000,26,23076508,300091,Midwest Energy & Communications,50,1,X,MI,88274b54a9fffff
260210210004003,1000,1000,7,23076508,300091,Midwest Energy & Communications,50,1,X,MI,88274b55d3fffff
260210210004006,1000,1000,4,23076508,300091,Midwest Energy & Communications,50,1,X,MI,88274b55d3fffff
260210210004007,1000,1000,64,23076508,300091,Midwest Energy & Communications,50,1,X,MI,88274b54adfffff
260210210004012,1000,1000,14,23076508,300091,Midwest Energy & Communications,50,1,X,MI,88274b54adfffff
260210211001000,1000,1000,6,23076508,300091,Midwest Energy & Communications,50,1,X,MI,88274b55d7fffff
260210211001001,1000,1000,11,23076508,300091,Midwest Energy & Communications,50,1,X,MI,88274b55d7fffff
260210211001002,1000,1000,2,23076508,300091,Midwest Energy & Communications,50,1,X,MI,88274b558bfffff
260210211001003,1000,1000,10,23076508,300091,Midwest Energy & Communications,50,1,X,MI,88274b558bfffff
260210211001006,1000,1000,4,23076508,300091,Midwest Energy & Communications,50,1,X,MI,88274b55d7fffff
260210211001009,1000,1000,9,23076508,300091,Midwest Energy & Communications,50,1,X,MI,88274b55d7fffff
260210211002000,1000,1000,17,23076508,300091,Midwest Energy & Communications,50,1,X,MI,88274b464dfffff
260210211002001,1000,1000,18,23076508,300091,Midwest Energy & Communications,50,1,X,MI,88274b5593fffff
260210211002002,1000,1000,13,23076508,300091,Midwest Energy & Communications,50,1,X,MI,88274b5593fffff
260210211002004,1000,1000,3,23076508,300091,Midwest Energy & Communications,50,1,X,MI,88274b5597fffff
260210211002005,1000,1000,16,23076508,300091,Midwest Energy & Communications,50,1,X,MI,88274b466bfffff
260210211002006,1000,1000,1,23076508,300091,Midwest Energy & Communications,50,1,X,MI,88274b4645fffff
260210211002008,1000,1000,7,23076508,300091,Midwest Energy & Communications,50,1,X,MI,88274b4669fffff
260210211002009,1000,1000,16,23076508,300091,Midwest Energy & Communications,50,1,X,MI,88274b4669fffff
260210211002010,1000,1000,11,23076508,300091,Midwest Energy & Communications,50,1,X,MI,88274b4669fffff
260210211002012,1000,1000,10,23076508,300091,Midwest Energy & Communications,50,1,X,MI,88274b4669fffff
260210211002014,1000,1000,21,23076508,300091,Midwest Energy & Communications,50,1,X,MI,88274b4669fffff
260210211002015,1000,1000,36,23076508,300091,Midwest Energy & Communications,50,1,X,MI,88274b4669fffff
260210211002019,1000,1000,9,23076508,300091,Midwest Energy & Communications,50,1,X,MI,88274b4645fffff
260210212001000,1000,1000,14,23076508,300091,Midwest Energy & Communications,50,1,X,MI,88274b4649fffff
260210212001012,1000,1000,8,23076508,300091,Midwest Energy & Communications,50,1,X,MI,88274b464dfffff
260210212001013,1000,1000,5,23076508,300091,Midwest Energy & Communications,50,1,X,MI,88274b464dfffff
260210212002000,1000,1000,38,23076508,300091,Midwest Energy & Communications,50,1,X,MI,88274b464dfffff
260210213001015,1000,1000,1,23076508,300091,Midwest Energy & Communications,50,1,X,MI,88274b52a5fffff
260210213002017,1000,1000,8,23076508,300091,Midwest Energy & Communications,50,1,X,MI,88274b52a5fffff
260210213002018,1000,1000,4,23076508,300091,Midwest Energy & Communications,50,1,X,MI,88274b52a5fffff
260210213002019,1000,1000,2,23076508,300091,Midwest Energy & Communications,50,1,X,MI,88274b52a5fffff
260210213002022,1000,1000,2,23076508,300091,Midwest Energy & Communications,50,1,X,MI,88274b52a5fffff
260210213002024,1000,1000,5,23076508,300091,Midwest Energy & Communications,50,1,X,MI,88274b52a5fffff
260210214001005,1000,1000,6,23076508,300091,Midwest Energy & Communications,50,1,X,MI,88274b5069fffff
260210214001009,1000,1000,6,23076508,300091,Midwest Energy & Communications,50,1,X,MI,88274b5317fffff
260210214001010,1000,1000,29,23076508,300091,Midwest Energy & Communications,50,1,X,MI,88274b5151fffff
260210214001011,1000,1000,2,23076508,300091,Midwest Energy & Communications,50,1,X,MI,88274b5151fffff
260210214001012,1000,1000,32,23076508,300091,Midwest Energy & Communications,50,1,X,MI,88274b5025fffff
260210214001013,1000,1000,3,23076508,300091,Midwest Energy & Communications,50,1,X,MI,88274b5067fffff
260210214001014,1000,1000,40,23076508,300091,Midwest Energy & Communications,50,1,X,MI,88274b5025fffff
260210214001015,1000,1000,32,23076508,300091,Midwest Energy & Communications,50,1,X,MI,88274b5119fffff
260210214001016,1000,1000,46,23076508,300091,Midwest Energy & Communications,50,1,X,MI,88274b5103fffff
260210214001017,1000,1000,1,23076508,300091,Midwest Energy & Communications,50,1,X,MI,88274b5107fffff
260210214001018,1000,1000,21,23076508,300091,Midwest Energy & Communications,50,1,X,MI,88274b510dfffff
260210214001019,1000,1000,15,23076508,300091,Midwest Energy & Communications,50,1,X,MI,88274b5117fffff
260210214001020,1000,1000,10,23076508,300091,Midwest Energy & Communications,50,1,X,MI,88274b5115fffff
260210214001022,1000,1000,1,23076508,300091,Midwest Energy & Communications,50,1,X,MI,88274b5103fffff
260210214001024,1000,1000,14,23076508,300091,Midwest Energy & Communications,50,1,X,MI,88274b5023fffff
260210214001025,1000,1000,4,23076508,300091,Midwest Energy & Communications,50,1,X,MI,88274b5039fffff
260210214002001,1000,1000,2,23076508,300091,Midwest Energy & Communications,50,1,X,MI,88274b5039fffff
260210214002004,1000,1000,10,23076508,300091,Midwest Energy & Communications,50,1,X,MI,88274b5015fffff
260210214002008,1000,1000,17,23076508,300091,Midwest Energy & Communications,50,1,X,MI,88274b5019fffff
260210214002014,1000,1000,3,23076508,300091,Midwest Energy & Communications,50,1,X,MI,88274b52a5fffff
260210214002015,1000,1000,2,23076508,300091,Midwest Energy & Communications,50,1,X,MI,88274b52a5fffff
260210214002016,1000,1000,7,23076508,300091,Midwest Energy & Communications,50,1,X,MI,88274b5019fffff
260210214002017,1000,1000,2,23076508,300091,Midwest Energy & Communications,50,1,X,MI,88274b5019fffff
260210214002018,1000,1000,3,23076508,300091,Midwest Energy & Communications,50,1,X,MI,88274b52a5fffff
260210214002019,1000,1000,4,23076508,300091,Midwest Energy & Communications,50,1,X,MI,88274b52a5fffff
260210214002020,1000,1000,1,23076508,300091,Midwest Energy & Communications,50,1,X,MI,88274b52a5fffff
260210214003000,1000,1000,15,23076508,300091,Midwest Energy & Communications,50,1,X,MI,88274b5035fffff
260210214003002,1000,1000,2,23076508,300091,Midwest Energy & Communications,50,1,X,MI,88274b51ddfffff
260210214003003,1000,1000,39,23076508,300091,Midwest Energy & Communications,50,1,X,MI,88274b51c9fffff
260210214003004,1000,1000,29,23076508,300091,Midwest Energy & Communications,50,1,X,MI,88274b51cdfffff
260210214003005,1000,1000,14,23076508,300091,Midwest Energy & Communications,50,1,X,MI,88274b51e9fffff
260210214003006,1000,1000,43,23076508,300091,Midwest Energy & Communications,50,1,X,MI,88274b51e9fffff
260210214003007,1000,1000,3,23076508,300091,Midwest Energy & Communications,50,1,X,MI,88274b5133fffff
260210214003008,1000,1000,3,23076508,300091,Midwest Energy & Communications,50,1,X,MI,88274b51e5fffff
260210214003009,1000,1000,15,23076508,300091,Midwest Energy & Communications,50,1,X,MI,88274b51a9fffff
260210214003010,1000,1000,7,23076508,300091,Midwest Energy & Communications,50,1,X,MI,88274b51adfffff
260210214003011,1000,1000,19,23076508,300091,Midwest Energy & Communications,50,1,X,MI,88274b51bdfffff
260210214003012,1000,1000,5,23076508,300091,Midwest Energy & Communications,50,1,X,MI,88274b5181fffff
260210214003013,1000,1000,5,23076508,300091,Midwest Energy & Communications,50,1,X,MI,88274b518dfffff
260210214003014,1000,1000,4,23076508,300091,Midwest Energy & Communications,50,1,X,MI,88274b5189fffff
260210214003015,1000,1000,34,23076508,300091,Midwest Energy & Communications,50,1,X,MI,88274b5199fffff
260210214003016,1000,1000,36,23076508,300091,Midwest Energy & Communications,50,1,X,MI,88274b51d3fffff
260210214003017,1000,1000,26,23076508,300091,Midwest Energy & Communications,50,1,X,MI,88274b50a1fffff
260210214003021,1000,1000,9,23076508,300091,Midwest Energy & Communications,50,1,X,MI,88274b50a1fffff
260210214003022,1000,1000,11,23076508,300091,Midwest Energy & Communications,50,1,X,MI,88274b50a1fffff
260210214003023,1000,1000,4,23076508,300091,Midwest Energy & Communications,50,1,X,MI,88274b5199fffff
260210214003024,1000,1000,19,23076508,300091,Midwest Energy & Communications,50,1,X,MI,88274b5183fffff
260210214003025,1000,1000,7,23076508,300091,Midwest Energy & Communications,50,1,X,MI,88274b5183fffff
260210214003026,1000,1000,1,23076508,300091,Midwest Energy & Communications,50,1,X,MI,88274b5195fffff
260210214004024,1000,1000,4,23076508,300091,Midwest Energy & Communications,50,1,X,MI,88274b501bfffff
260210214004025,1000,1000,13,23076508,300091,Midwest Energy & Communications,50,1,X,MI,88274b5011fffff
260210214004026,1000,1000,7,23076508,300091,Midwest Energy & Communications,50,1,X,MI,88274b501bfffff
260210214004027,1000,1000,22,23076508,300091,Midwest Energy & Communications,50,1,X,MI,88274b5015fffff
260210214004035,1000,1000,1,23076508,300091,Midwest Energy & Communications,50,1,X,MI,88274b501bfffff
260210214004052,1000,1000,7,23076508,300091,Midwest Energy & Communications,50,1,X,MI,88274b50e5fffff
260210214004053,1000,1000,1,23076508,300091,Midwest Energy & Communications,50,1,X,MI,88274b50e5fffff
260210214004054,1000,1000,22,23076508,300091,Midwest Energy & Communications,50,1,X,MI,88274b50e5fffff
260239502004004,1000,1000,4,23076508,300091,Midwest Energy & Communications,50,1,X,MI,88274b9697fffff
260239502004005,1000,1000,8,23076508,300091,Midwest Energy & Communications,50,1,X,MI,88274b96bbfffff
260239502004006,1000,1000,2,23076508,300091,Midwest Energy & Communications,50,1,X,MI,88274b96b7fffff
260239502004007,1000,1000,1,23076508,300091,Midwest Energy & Communications,50,1,X,MI,88274b96b7fffff
260239502004008,1000,1000,1,23076508,300091,Midwest Energy & Communications,50,1,X,MI,88274b96b5fffff
260239502004009,1000,1000,1,23076508,300091,Midwest Energy & Communications,50,1,X,MI,88274b94c9fffff
260239502004010,1000,1000,1,23076508,300091,Midwest Energy & Communications,50,1,X,MI,88274b94c9fffff
260239502004012,1000,1000,2,23076508,300091,Midwest Energy & Communications,50,1,X,MI,88274b94cdfffff
260239502004013,1000,1000,9,23076508,300091,Midwest Energy & Communications,50,1,X,MI,88274b96b7fffff
260239502004017,1000,1000,12,23076508,300091,Midwest Energy & Communications,50,1,X,MI,88274b94b9fffff
260239502004018,1000,1000,3,23076508,300091,Midwest Energy & Communications,50,1,X,MI,88274b94cbfffff
260239502004019,1000,1000,2,23076508,300091,Midwest Energy & Communications,50,1,X,MI,88274b94c1fffff
260239502004026,1000,1000,3,23076508,300091,Midwest Energy & Communications,50,1,X,MI,8827494b6dfffff
260250019001000,1000,1000,1,23076508,300091,Midwest Energy & Communications,50,1,X,MI,8827482097fffff
260250019001005,1000,1000,2,23076508,300091,Midwest Energy & Communications,50,1,X,MI,88274820bbfffff
260250019001015,1000,1000,15,23076508,300091,Midwest Energy & Communications,50,1,X,MI,882748256bfffff
260250019001017,1000,1000,11,23076508,300091,Midwest Energy & Communications,50,1,X,MI,8827482569fffff
260250019001018,1000,1000,7,23076508,300091,Midwest Energy & Communications,50,1,X,MI,8827482569fffff
260250019001019,1000,1000,9,23076508,300091,Midwest Energy & Communications,50,1,X,MI,8827482547fffff
260250019004001,1000,1000,2,23076508,300091,Midwest Energy & Communications,50,1,X,MI,8827482547fffff
260250019004002,1000,1000,6,23076508,300091,Midwest Energy & Communications,50,1,X,MI,8827482509fffff
260250019004020,1000,1000,1,23076508,300091,Midwest Energy & Communications,50,1,X,MI,882748250bfffff
260250020003000,1000,1000,7,23076508,300091,Midwest Energy & Communications,50,1,X,MI,8827482715fffff
260250020003002,1000,1000,1,23076508,300091,Midwest Energy & Communications,50,1,X,MI,882748271dfffff
260250020003003,1000,1000,13,23076508,300091,Midwest Energy & Communications,50,1,X,MI,8827482715fffff
260250020003007,1000,1000,1,23076508,300091,Midwest Energy & Communications,50,1,X,MI,8827482739fffff
260250020003012,1000,1000,1,23076508,300091,Midwest Energy & Communications,50,1,X,MI,8827482739fffff
260250020003017,1000,1000,1,23076508,300091,Midwest Energy & Communications,50,1,X,MI,8827482731fffff
260250020003018,1000,1000,1,23076508,300091,Midwest Energy & Communications,50,1,X,MI,882748273bfffff
260250020005011,1000,1000,1,23076508,300091,Midwest Energy & Communications,50,1,X,MI,882748255bfffff
260250020005014,1000,1000,1,23076508,300091,Midwest Energy & Communications,50,1,X,MI,882748246dfffff
260250020005025,1000,1000,7,23076508,300091,Midwest Energy & Communications,50,1,X,MI,8827482551fffff
260250020005026,1000,1000,28,23076508,300091,Midwest Energy & Communications,50,1,X,MI,882748250bfffff
260250020005028,1000,1000,4,23076508,300091,Midwest Energy & Communications,50,1,X,MI,8827482547fffff
260250020005031,1000,1000,4,23076508,300091,Midwest Energy & Communications,50,1,X,MI,882748242dfffff
260250020005032,1000,1000,2,23076508,300091,Midwest Energy & Communications,50,1,X,MI,882748255bfffff
260250020005033,1000,1000,12,23076508,300091,Midwest Energy & Communications,50,1,X,MI,8827482555fffff
260250020005034,1000,1000,4,23076508,300091,Midwest Energy & Communications,50,1,X,MI,8827482421fffff
260250020005035,1000,1000,5,23076508,300091,Midwest Energy & Communications,50,1,X,MI,8827482421fffff
260250020005036,1000,1000,13,23076508,300091,Midwest Energy & Communications,50,1,X,MI,882748242dfffff
260250020005038,1000,1000,8,23076508,300091,Midwest Energy & Communications,50,1,X,MI,88274825c9fffff
260250020005039,1000,1000,1,23076508,300091,Midwest Energy & Communications,50,1,X,MI,8827482421fffff
260250020005042,1000,1000,3,23076508,300091,Midwest Energy & Communications,50,1,X,MI,88274825c9fffff
260250027001009,1000,1000,5,23076508,300091,Midwest Energy & Communications,50,1,X,MI,8827482c19fffff
260250027001010,1000,1000,11,23076508,300091,Midwest Energy & Communications,50,1,X,MI,8827482c19fffff
260250027001011,1000,1000,1,23076508,300091,Midwest Energy & Communications,50,1,X,MI,8827482c53fffff
260250027001012,1000,1000,9,23076508,300091,Midwest Energy & Communications,50,1,X,MI,8827482c19fffff
260250027001015,1000,1000,10,23076508,300091,Midwest Energy & Communications,50,1,X,MI,8827482c31fffff
260250027001016,1000,1000,1,23076508,300091,Midwest Energy & Communications,50,1,X,MI,8827482c31fffff
260250027001017,1000,1000,9,23076508,300091,Midwest Energy & Communications,50,1,X,MI,8827482c17fffff
260250027001018,1000,1000,1,23076508,300091,Midwest Energy & Communications,50,1,X,MI,8827482c11fffff
260250027001019,1000,1000,1,23076508,300091,Midwest Energy & Communications,50,1,X,MI,8827482c3bfffff
260250027001020,1000,1000,23,23076508,300091,Midwest Energy & Communications,50,1,X,MI,8827482c17fffff
260250027001021,1000,1000,2,23076508,300091,Midwest Energy & Communications,50,1,X,MI,8827482cc1fffff
260250027001022,1000,1000,4,23076508,300091,Midwest Energy & Communications,50,1,X,MI,8827482ccdfffff
260250027001024,1000,1000,12,23076508,300091,Midwest Energy & Communications,50,1,X,MI,8827482cc9fffff
260250027001025,1000,1000,30,23076508,300091,Midwest Energy & Communications,50,1,X,MI,8827482ca9fffff
260250027001026,1000,1000,36,23076508,300091,Midwest Energy & Communications,50,1,X,MI,8827482c33fffff
260250027001027,1000,1000,25,23076508,300091,Midwest Energy & Communications,50,1,X,MI,8827482c33fffff
260250027001028,1000,1000,5,23076508,300091,Midwest Energy & Communications,50,1,X,MI,8827482c3bfffff
260250027001029,1000,1000,2,23076508,300091,Midwest Energy & Communications,50,1,X,MI,8827482c37fffff
260250027001030,1000,1000,15,23076508,300091,Midwest Energy & Communications,50,1,X,MI,8827482dd9fffff
260250027001031,1000,1000,2,23076508,300091,Midwest Energy & Communications,50,1,X,MI,8827482dd3fffff
260250027001034,1000,1000,27,23076508,300091,Midwest Energy & Communications,50,1,X,MI,8827482cd5fffff
260250027001035,1000,1000,28,23076508,300091,Midwest Energy & Communications,50,1,X,MI,88274b964dfffff
260250027001041,1000,1000,6,23076508,300091,Midwest Energy & Communications,50,1,X,MI,8827482d93fffff
260250027001042,1000,1000,3,23076508,300091,Midwest Energy & Communications,50,1,X,MI,88274b9645fffff
260250027001043,1000,1000,29,23076508,300091,Midwest Energy & Communications,50,1,X,MI,88274b9641fffff
260250027001044,1000,1000,27,23076508,300091,Midwest Energy & Communications,50,1,X,MI,8827482ca9fffff
260250027001045,1000,1000,19,23076508,300091,Midwest Energy & Communications,50,1,X,MI,8827482ca9fffff
260250027001046,1000,1000,53,23076508,300091,Midwest Energy & Communications,50,1,X,MI,8827482cb1fffff
260250027001047,1000,1000,7,23076508,300091,Midwest Energy & Communications,50,1,X,MI,8827482c85fffff
260250027001048,1000,1000,36,23076508,300091,Midwest Energy & Communications,50,1,X,MI,8827482c83fffff
260250027001049,1000,1000,25,23076508,300091,Midwest Energy & Communications,50,1,X,MI,8827482c91fffff
260250027001050,1000,1000,18,23076508,300091,Midwest Energy & Communications,50,1,X,MI,8827482c97fffff
260250027001051,1000,1000,15,23076508,300091,Midwest Energy & Communications,50,1,X,MI,8827482cb5fffff
260250027001052,1000,1000,38,23076508,300091,Midwest Energy & Communications,50,1,X,MI,8827482cb1fffff
260250027001053,1000,1000,5,23076508,300091,Midwest Energy & Communications,50,1,X,MI,8827482cb5fffff
260250027001054,1000,1000,5,23076508,300091,Midwest Energy & Communications,50,1,X,MI,88274b966bfffff
260250027001055,1000,1000,3,23076508,300091,Midwest Energy & Communications,50,1,X,MI,8827482c97fffff
260250027002019,1000,1000,40,23076508,300091,Midwest Energy & Communications,50,1,X,MI,8827482c19fffff
260250027002021,1000,1000,1,23076508,300091,Midwest Energy & Communications,50,1,X,MI,8827482c53fffff
260250027002027,1000,1000,11,23076508,300091,Midwest Energy & Communications,50,1,X,MI,8827482c11fffff
260250027002028,1000,1000,1,23076508,300091,Midwest Energy & Communications,50,1,X,MI,8827482c11fffff
260250027003003,1000,1000,1,23076508,300091,Midwest Energy & Communications,50,1,X,MI,8827482ebbfffff
260250027003018,1000,1000,1,23076508,300091,Midwest Energy & Communications,50,1,X,MI,8827482ebbfffff
260250027003025,1000,1000,1,23076508,300091,Midwest Energy & Communications,50,1,X,MI,8827482ebbfffff
260250027003026,1000,1000,6,23076508,300091,Midwest Energy & Communications,50,1,X,MI,8827482cd9fffff
260250027003027,1000,1000,1,23076508,300091,Midwest Energy & Communications,50,1,X,MI,8827482ccbfffff
260250027003028,1000,1000,23,23076508,300091,Midwest Energy & Communications,50,1,X,MI,8827482cddfffff
260250027003031,1000,1000,1,23076508,300091,Midwest Energy & Communications,50,1,X,MI,8827482ebbfffff
260250027003032,1000,1000,4,23076508,300091,Midwest Energy & Communications,50,1,X,MI,8827482cd1fffff
260250027003034,1000,1000,13,23076508,300091,Midwest Energy & Communications,50,1,X,MI,8827482ebbfffff
260250027003035,1000,1000,3,23076508,300091,Midwest Energy & Communications,50,1,X,MI,8827482ebbfffff
260250027003036,1000,1000,11,23076508,300091,Midwest Energy & Communications,50,1,X,MI,8827495b6dfffff
260250027003042,1000,1000,7,23076508,300091,Midwest Energy & Communications,50,1,X,MI,8827495b2dfffff
260250027003043,1000,1000,21,23076508,300091,Midwest Energy & Communications,50,1,X,MI,8827495b2dfffff
260250027003044,1000,1000,3,23076508,300091,Midwest Energy & Communications,50,1,X,MI,8827482cd3fffff
260250027003045,1000,1000,40,23076508,300091,Midwest Energy & Communications,50,1,X,MI,8827482cd7fffff
260250027003046,1000,1000,18,23076508,300091,Midwest Energy & Communications,50,1,X,MI,8827495b05fffff
260250027003047,1000,1000,1,23076508,300091,Midwest Energy & Communications,50,1,X,MI,8827495b01fffff
260250027003048,1000,1000,2,23076508,300091,Midwest Energy & Communications,50,1,X,MI,8827495b07fffff
260250027003049,1000,1000,9,23076508,300091,Midwest Energy & Communications,50,1,X,MI,8827495b07fffff
260250027003051,1000,1000,4,23076508,300091,Midwest Energy & Communications,50,1,X,MI,8827495b23fffff
260250027003052,1000,1000,12,23076508,300091,Midwest Energy & Communications,50,1,X,MI,8827495b21fffff
260250027003053,1000,1000,2,23076508,300091,Midwest Energy & Communications,50,1,X,MI,8827495b2dfffff
260250027003054,1000,1000,5,23076508,300091,Midwest Energy & Communications,50,1,X,MI,8827495b3dfffff
260250027003055,1000,1000,5,23076508,300091,Midwest Energy & Communications,50,1,X,MI,8827495b23fffff
260250027003056,1000,1000,2,23076508,300091,Midwest Energy & Communications,50,1,X,MI,8827495b23fffff
260250027003057,1000,1000,9,23076508,300091,Midwest Energy & Communications,50,1,X,MI,8827495b27fffff
260250027003058,1000,1000,2,23076508,300091,Midwest Energy & Communications,50,1,X,MI,8827495b27fffff
260250027003059,1000,1000,21,23076508,300091,Midwest Energy & Communications,50,1,X,MI,8827482c99fffff
260250027003061,1000,1000,8,23076508,300091,Midwest Energy & Communications,50,1,X,MI,882749594dfffff
260250027003062,1000,1000,17,23076508,300091,Midwest Energy & Communications,50,1,X,MI,8827482c93fffff
260250027004000,1000,1000,14,23076508,300091,Midwest Energy & Communications,50,1,X,MI,88274825c9fffff
260250027004001,1000,1000,11,23076508,300091,Midwest Energy & Communications,50,1,X,MI,88274825c9fffff
260250027004012,1000,1000,1,23076508,300091,Midwest Energy & Communications,50,1,X,MI,88274825c3fffff
260250027004013,1000,1000,5,23076508,300091,Midwest Energy & Communications,50,1,X,MI,882748258bfffff
260250027004017,1000,1000,6,23076508,300091,Midwest Energy & Communications,50,1,X,MI,88274825b5fffff
260250027004018,1000,1000,1,23076508,300091,Midwest Energy & Communications,50,1,X,MI,88274825bdfffff
260250027004019,1000,1000,2,23076508,300091,Midwest Energy & Communications,50,1,X,MI,88274825bdfffff
260250027004021,1000,1000,8,23076508,300091,Midwest Energy & Communications,50,1,X,MI,882748259dfffff
260250027004022,1000,1000,5,23076508,300091,Midwest Energy & Communications,50,1,X,MI,882748259dfffff
260250027004023,1000,1000,11,23076508,300091,Midwest Energy & Communications,50,1,X,MI,882748259dfffff
260250027004028,1000,1000,2,23076508,300091,Midwest Energy & Communications,50,1,X,MI,88274825b1fffff
260250027004029,1000,1000,7,23076508,300091,Midwest Energy & Communications,50,1,X,MI,88274825b9fffff
260250027004030,1000,1000,1,23076508,300091,Midwest Energy & Communications,50,1,X,MI,8827482595fffff
260250027004031,1000,1000,9,23076508,300091,Midwest Energy & Communications,50,1,X,MI,8827482591fffff
260250027004032,1000,1000,14,23076508,300091,Midwest Energy & Communications,50,1,X,MI,882748259bfffff
260250027004033,1000,1000,1,23076508,300091,Midwest Energy & Communications,50,1,X,MI,8827495a4dfffff
260250027004034,1000,1000,12,23076508,300091,Midwest Energy & Communications,50,1,X,MI,8827482595fffff
260250027004035,1000,1000,1,23076508,300091,Midwest Energy & Communications,50,1,X,MI,8827495b59fffff
260250027004037,1000,1000,9,23076508,300091,Midwest Energy & Communications,50,1,X,MI,8827495a65fffff
260250027004038,1000,1000,6,23076508,300091,Midwest Energy & Communications,50,1,X,MI,8827495a61fffff
260250027004039,1000,1000,5,23076508,300091,Midwest Energy & Communications,50,1,X,MI,8827495a45fffff
260250027004040,1000,1000,2,23076508,300091,Midwest Energy & Communications,50,1,X,MI,8827495a41fffff
260250027004041,1000,1000,4,23076508,300091,Midwest Energy & Communications,50,1,X,MI,8827495a6bfffff
260250027004042,1000,1000,3,23076508,300091,Midwest Energy & Communications,50,1,X,MI,8827495a6bfffff
260250027004043,1000,1000,4,23076508,300091,Midwest Energy & Communications,50,1,X,MI,8827495a65fffff
260250027004044,1000,1000,5,23076508,300091,Midwest Energy & Communications,50,1,X,MI,8827495a65fffff
260250027004047,1000,1000,1,23076508,300091,Midwest Energy & Communications,50,1,X,MI,8827495b5bfffff
260250027004049,1000,1000,4,23076508,300091,Midwest Energy & Communications,50,1,X,MI,8827495a07fffff
260250027004050,1000,1000,2,23076508,300091,Midwest Energy & Communications,50,1,X,MI,8827495a67fffff
260250027004051,1000,1000,1,23076508,300091,Midwest Energy & Communications,50,1,X,MI,8827495a2dfffff
260250027004053,1000,1000,8,23076508,300091,Midwest Energy & Communications,50,1,X,MI,8827495a05fffff
260250027004054,1000,1000,4,23076508,300091,Midwest Energy & Communications,50,1,X,MI,8827495a05fffff
260250027004057,1000,1000,4,23076508,300091,Midwest Energy & Communications,50,1,X,MI,8827495a21fffff
260250027004058,1000,1000,9,23076508,300091,Midwest Energy & Communications,50,1,X,MI,8827495a25fffff
260250027004059,1000,1000,1,23076508,300091,Midwest Energy & Communications,50,1,X,MI,8827495b5bfffff
260250027004061,1000,1000,4,23076508,300091,Midwest Energy & Communications,50,1,X,MI,8827495b01fffff
260250027004062,1000,1000,1,23076508,300091,Midwest Energy & Communications,50,1,X,MI,8827495b01fffff
260250027004063,1000,1000,2,23076508,300091,Midwest Energy & Communications,50,1,X,MI,8827495b39fffff
260250027004064,1000,1000,7,23076508,300091,Midwest Energy & Communications,50,1,X,MI,8827495b1dfffff
260250027004065,1000,1000,1,23076508,300091,Midwest Energy & Communications,50,1,X,MI,88274825b5fffff
260250027004066,1000,1000,1,23076508,300091,Midwest Energy & Communications,50,1,X,MI,8827495a25fffff
260250028001000,1000,1000,15,23076508,300091,Midwest Energy & Communications,50,1,X,MI,8827495943fffff
260250028001001,1000,1000,25,23076508,300091,Midwest Energy & Communications,50,1,X,MI,8827495969fffff
260250028001003,1000,1000,5,23076508,300091,Midwest Energy & Communications,50,1,X,MI,8827495947fffff
260250028001004,1000,1000,18,23076508,300091,Midwest Energy & Communications,50,1,X,MI,8827495969fffff
260250028001005,1000,1000,1,23076508,300091,Midwest Energy & Communications,50,1,X,MI,882749596dfffff
260250028001006,1000,1000,5,23076508,300091,Midwest Energy & Communications,50,1,X,MI,88274b9659fffff
260250028001007,1000,1000,10,23076508,300091,Midwest Energy & Communications,50,1,X,MI,8827495965fffff
260250028001008,1000,1000,2,23076508,300091,Midwest Energy & Communications,50,1,X,MI,882749596dfffff
260250028001009,1000,1000,10,23076508,300091,Midwest Energy & Communications,50,1,X,MI,8827495969fffff
260250028001010,1000,1000,17,23076508,300091,Midwest Energy & Communications,50,1,X,MI,8827495965fffff
260250028001011,1000,1000,2,23076508,300091,Midwest Energy & Communications,50,1,X,MI,88274b9659fffff
260250028001012,1000,1000,8,23076508,300091,Midwest Energy & Communications,50,1,X,MI,88274b9655fffff
260250028001013,1000,1000,8,23076508,300091,Midwest Energy & Communications,50,1,X,MI,88274b965dfffff
260250028001014,1000,1000,5,23076508,300091,Midwest Energy & Communications,50,1,X,MI,88274b964bfffff
260250028001015,1000,1000,10,23076508,300091,Midwest Energy & Communications,50,1,X,MI,88274b9647fffff
260250028001016,1000,1000,1,23076508,300091,Midwest Energy & Communications,50,1,X,MI,88274b966bfffff
260250028001017,1000,1000,7,23076508,300091,Midwest Energy & Communications,50,1,X,MI,88274b962bfffff
260250028001018,1000,1000,3,23076508,300091,Midwest Energy & Communications,50,1,X,MI,88274b9647fffff
260250028001019,1000,1000,2,23076508,300091,Midwest Energy & Communications,50,1,X,MI,8827495963fffff
260250028001020,1000,1000,18,23076508,300091,Midwest Energy & Communications,50,1,X,MI,8827495901fffff
260250028001021,1000,1000,4,23076508,300091,Midwest Energy & Communications,50,1,X,MI,8827495943fffff
260250028001022,1000,1000,5,23076508,300091,Midwest Energy & Communications,50,1,X,MI,8827495955fffff
260250028001023,1000,1000,1,23076508,300091,Midwest Energy & Communications,50,1,X,MI,8827495909fffff
260250028001024,1000,1000,1,23076508,300091,Midwest Energy & Communications,50,1,X,MI,88274b9601fffff
260250028001025,1000,1000,2,23076508,300091,Midwest Energy & Communications,50,1,X,MI,88274b960bfffff
260250028001026,1000,1000,1,23076508,300091,Midwest Energy & Communications,50,1,X,MI,88274b9609fffff
260250028001027,1000,1000,9,23076508,300091,Midwest Energy & Communications,50,1,X,MI,88274b9655fffff
260250028001028,1000,1000,9,23076508,300091,Midwest Energy & Communications,50,1,X,MI,88274b960bfffff
260250028001029,1000,1000,8,23076508,300091,Midwest Energy & Communications,50,1,X,MI,88274b9657fffff
260250028001030,1000,1000,2,23076508,300091,Midwest Energy & Communications,50,1,X,MI,88274b962bfffff
260250028001031,1000,1000,16,23076508,300091,Midwest Energy & Communications,50,1,X,MI,88274b963bfffff
260250028001032,1000,1000,3,23076508,300091,Midwest Energy & Communications,50,1,X,MI,88274b9611fffff
260250028001033,1000,1000,3,23076508,300091,Midwest Energy & Communications,50,1,X,MI,88274b9657fffff
260250028001034,1000,1000,2,23076508,300091,Midwest Energy & Communications,50,1,X,MI,88274b9657fffff
260250028001035,1000,1000,9,23076508,300091,Midwest Energy & Communications,50,1,X,MI,88274b9653fffff
260250028001036,1000,1000,2,23076508,300091,Midwest Energy & Communications,50,1,X,MI,88274b9653fffff
260250028001040,1000,1000,10,23076508,300091,Midwest Energy & Communications,50,1,X,MI,88274b961bfffff
260250028001045,1000,1000,2,23076508,300091,Midwest Energy & Communications,50,1,X,MI,88274b96e9fffff
260250028001046,1000,1000,13,23076508,300091,Midwest Energy & Communications,50,1,X,MI,88274b96e9fffff
260250028001047,1000,1000,10,23076508,300091,Midwest Energy & Communications,50,1,X,MI,88274b963bfffff
260250028001048,1000,1000,13,23076508,300091,Midwest Energy & Communications,50,1,X,MI,88274b96e1fffff
260250028001049,1000,1000,2,23076508,300091,Midwest Energy & Communications,50,1,X,MI,88274b96e1fffff
260250028001050,1000,1000,17,23076508,300091,Midwest Energy & Communications,50,1,X,MI,88274b96e5fffff
260250028001051,1000,1000,10,23076508,300091,Midwest Energy & Communications,50,1,X,MI,88274b96e1fffff
260250028001052,1000,1000,2,23076508,300091,Midwest Energy & Communications,50,1,X,MI,88274b96e1fffff
260250028001053,1000,1000,8,23076508,300091,Midwest Energy & Communications,50,1,X,MI,88274b96e9fffff
260250028001055,1000,1000,7,23076508,300091,Midwest Energy & Communications,50,1,X,MI,88274b96e1fffff
260250028001061,1000,1000,2,23076508,300091,Midwest Energy & Communications,50,1,X,MI,88274b96c5fffff
260250028001066,1000,1000,5,23076508,300091,Midwest Energy & Communications,50,1,X,MI,8827495963fffff
260250028001087,1000,1000,6,23076508,300091,Midwest Energy & Communications,50,1,X,MI,88274b96e1fffff
260250028001089,1000,1000,10,23076508,300091,Midwest Energy & Communications,50,1,X,MI,88274b96a5fffff
260250028001090,1000,1000,1,23076508,300091,Midwest Energy & Communications,50,1,X,MI,88274b9451fffff
260250028002035,1000,1000,5,23076508,300091,Midwest Energy & Communications,50,1,X,MI,88274b96a1fffff
260250028002037,1000,1000,5,23076508,300091,Midwest Energy & Communications,50,1,X,MI,88274b96a7fffff
260250028003000,1000,1000,10,23076508,300091,Midwest Energy & Communications,50,1,X,MI,8827495b13fffff
260250028003001,1000,1000,1,23076508,300091,Midwest Energy & Communications,50,1,X,MI,8827495b11fffff
260250028003002,1000,1000,2,23076508,300091,Midwest Energy & Communications,50,1,X,MI,8827495b11fffff
260250028003003,1000,1000,3,23076508,300091,Midwest Energy & Communications,50,1,X,MI,8827495b17fffff
260250028003004,1000,1000,2,23076508,300091,Midwest Energy & Communications,50,1,X,MI,8827495b31fffff
260250028003005,1000,1000,11,23076508,300091,Midwest Energy & Communications,50,1,X,MI,8827495b37fffff
260250028003006,1000,1000,17,23076508,300091,Midwest Energy & Communications,50,1,X,MI,8827495b31fffff
260250028003007,1000,1000,7,23076508,300091,Midwest Energy & Communications,50,1,X,MI,8827495869fffff
260250028003009,1000,1000,8,23076508,300091,Midwest Energy & Communications,50,1,X,MI,8827495b13fffff
260250028003010,1000,1000,8,23076508,300091,Midwest Energy & Communications,50,1,X,MI,8827495845fffff
260250028003011,1000,1000,2,23076508,300091,Midwest Energy & Communications,50,1,X,MI,8827495959fffff
260250028003012,1000,1000,3,23076508,300091,Midwest Energy & Communications,50,1,X,MI,8827495959fffff
260250028003013,1000,1000,6,23076508,300091,Midwest Energy & Communications,50,1,X,MI,8827495865fffff
260250028003014,1000,1000,5,23076508,300091,Midwest Energy & Communications,50,1,X,MI,8827495869fffff
260250028003015,1000,1000,7,23076508,300091,Midwest Energy & Communications,50,1,X,MI,8827495845fffff
260250028003016,1000,1000,2,23076508,300091,Midwest Energy & Communications,50,1,X,MI,8827495845fffff
260250028003019,1000,1000,9,23076508,300091,Midwest Energy & Communications,50,1,X,MI,882749590bfffff
260250028003020,1000,1000,1,23076508,300091,Midwest Energy & Communications,50,1,X,MI,8827495955fffff
260250028003026,1000,1000,9,23076508,300091,Midwest Energy & Communications,50,1,X,MI,8827495845fffff
260250028004001,1000,1000,2,23076508,300091,Midwest Energy & Communications,50,1,X,MI,8827495a3dfffff
260250028004002,1000,1000,1,23076508,300091,Midwest Energy & Communications,50,1,X,MI,8827495a3dfffff
260250028004003,1000,1000,12,23076508,300091,Midwest Energy & Communications,50,1,X,MI,8827495a35fffff
260250028004004,1000,1000,14,23076508,300091,Midwest Energy & Communications,50,1,X,MI,882749584bfffff
260250028004005,1000,1000,15,23076508,300091,Midwest Energy & Communications,50,1,X,MI,882749584bfffff
260250028004007,1000,1000,2,23076508,300091,Midwest Energy & Communications,50,1,X,MI,8827495a31fffff
260250029001007,1000,1000,3,23076508,300091,Midwest Energy & Communications,50,1,X,MI,88274826a3fffff
260250029001009,1000,1000,4,23076508,300091,Midwest Energy & Communications,50,1,X,MI,88274826a7fffff
260250029001010,1000,1000,23,23076508,300091,Midwest Energy & Communications,50,1,X,MI,8827482413fffff
260250029001011,1000,1000,1,23076508,300091,Midwest Energy & Communications,50,1,X,MI,8827482411fffff
260250029001012,1000,1000,2,23076508,300091,Midwest Energy & Communications,50,1,X,MI,8827482417fffff
260250029001013,1000,1000,7,23076508,300091,Midwest Energy & Communications,50,1,X,MI,8827482417fffff
260250029001014,1000,1000,1,23076508,300091,Midwest Energy & Communications,50,1,X,MI,8827482431fffff
260250029001015,1000,1000,15,23076508,300091,Midwest Energy & Communications,50,1,X,MI,88274824e5fffff
260250029001016,1000,1000,23,23076508,300091,Midwest Energy & Communications,50,1,X,MI,8827482417fffff
260250029001017,1000,1000,36,23076508,300091,Midwest Energy & Communications,50,1,X,MI,8827482413fffff
260250029001019,1000,1000,1,23076508,300091,Midwest Energy & Communications,50,1,X,MI,88274824e3fffff
260250029001020,1000,1000,1,23076508,300091,Midwest Energy & Communications,50,1,X,MI,88274826b7fffff
260250029001022,1000,1000,3,23076508,300091,Midwest Energy & Communications,50,1,X,MI,88274824ddfffff
260250029001025,1000,1000,11,23076508,300091,Midwest Energy & Communications,50,1,X,MI,88274824e3fffff
260250029001026,1000,1000,18,23076508,300091,Midwest Energy & Communications,50,1,X,MI,88274824abfffff
260250029001028,1000,1000,2,23076508,300091,Midwest Energy & Communications,50,1,X,MI,88274826b7fffff
260250029001029,1000,1000,1,23076508,300091,Midwest Energy & Communications,50,1,X,MI,88274824b1fffff
260250029001030,1000,1000,12,23076508,300091,Midwest Energy & Communications,50,1,X,MI,88274824b5fffff
260250029001031,1000,1000,1,23076508,300091,Midwest Energy & Communications,50,1,X,MI,88274824b5fffff
260250029001032,1000,1000,6,23076508,300091,Midwest Energy & Communications,50,1,X,MI,88274824b5fffff
260250029001033,1000,1000,3,23076508,300091,Midwest Energy & Communications,50,1,X,MI,88274824adfffff
260250029001034,1000,1000,3,23076508,300091,Midwest Energy & Communications,50,1,X,MI,88274824adfffff
260250029001035,1000,1000,13,23076508,300091,Midwest Energy & Communications,50,1,X,MI,88274825dbfffff
260250029001036,1000,1000,8,23076508,300091,Midwest Energy & Communications,50,1,X,MI,88274824a5fffff
260250029001037,1000,1000,3,23076508,300091,Midwest Energy & Communications,50,1,X,MI,8827495a4dfffff
260250029001038,1000,1000,2,23076508,300091,Midwest Energy & Communications,50,1,X,MI,88274824bbfffff
260250029001040,1000,1000,1,23076508,300091,Midwest Energy & Communications,50,1,X,MI,88274824bbfffff
260250029001043,1000,1000,1,23076508,300091,Midwest Energy & Communications,50,1,X,MI,88274824bbfffff
260250029001045,1000,1000,3,23076508,300091,Midwest Energy & Communications,50,1,X,MI,8827495a4bfffff
260250029001046,1000,1000,1,23076508,300091,Midwest Energy & Communications,50,1,X,MI,8827495a41fffff
260250029001047,1000,1000,2,23076508,300091,Midwest Energy & Communications,50,1,X,MI,8827495a41fffff
260250029001048,1000,1000,2,23076508,300091,Midwest Energy & Communications,50,1,X,MI,8827495a4bfffff
260250029001049,1000,1000,5,23076508,300091,Midwest Energy & Communications,50,1,X,MI,88274824b1fffff
260250029001050,1000,1000,6,23076508,300091,Midwest Energy & Communications,50,1,X,MI,88274824b3fffff
260250029001052,1000,1000,1,23076508,300091,Midwest Energy & Communications,50,1,X,MI,8827495a59fffff
260250029001055,1000,1000,12,23076508,300091,Midwest Energy & Communications,50,1,X,MI,88274824e3fffff
260250032002001,1000,1000,3,23076508,300091,Midwest Energy & Communications,50,1,X,MI,882749c167fffff
260250032002007,1000,1000,1,23076508,300091,Midwest Energy & Communications,50,1,X,MI,882749ca5bfffff
260250032002009,1000,1000,3,23076508,300091,Midwest Energy & Communications,50,1,X,MI,882749ca05fffff
260250032002010,1000,1000,4,23076508,300091,Midwest Energy & Communications,50,1,X,MI,882749ca2bfffff
260250037001000,1000,1000,3,23076508,300091,Midwest Energy & Communications,50,1,X,MI,8827483405fffff
260250037001025,1000,1000,1,23076508,300091,Midwest Energy & Communications,50,1,X,MI,8827483405fffff
260250037001029,1000,1000,10,23076508,300091,Midwest Energy & Communications,50,1,X,MI,8827483439fffff
260250037001030,1000,1000,9,23076508,300091,Midwest Energy & Communications,50,1,X,MI,8827483433fffff
260250037001063,1000,1000,22,23076508,300091,Midwest Energy & Communications,50,1,X,MI,88274834a5fffff
260250037001067,1000,1000,1,23076508,300091,Midwest Energy & Communications,50,1,X,MI,882748266dfffff
260250037001071,1000,1000,6,23076508,300091,Midwest Energy & Communications,50,1,X,MI,882748264dfffff
260250037001072,1000,1000,12,23076508,300091,Midwest Energy & Communications,50,1,X,MI,8827482645fffff
260250037002000,1000,1000,9,23076508,300091,Midwest Energy & Communications,50,1,X,MI,88274836c1fffff
260250037002001,1000,1000,12,23076508,300091,Midwest Energy & Communications,50,1,X,MI,88274836e9fffff
260250037002010,1000,1000,5,23076508,300091,Midwest Energy & Communications,50,1,X,MI,8827483405fffff
260250037002012,1000,1000,9,23076508,300091,Midwest Energy & Communications,50,1,X,MI,8827483409fffff
260250037002013,1000,1000,11,23076508,300091,Midwest Energy & Communications,50,1,X,MI,8827483409fffff
260250037002015,1000,1000,7,23076508,300091,Midwest Energy & Communications,50,1,X,MI,8827483407fffff
260250037002016,1000,1000,21,23076508,300091,Midwest Energy & Communications,50,1,X,MI,8827483459fffff
260250037002017,1000,1000,1,23076508,300091,Midwest Energy & Communications,50,1,X,MI,8827483459fffff
260250037002019,1000,1000,3,23076508,300091,Midwest Energy & Communications,50,1,X,MI,8827483689fffff
260250037002020,1000,1000,12,23076508,300091,Midwest Energy & Communications,50,1,X,MI,8827483687fffff
260250037002021,1000,1000,21,23076508,300091,Midwest Energy & Communications,50,1,X,MI,88274836a5fffff
260250037002022,1000,1000,3,23076508,300091,Midwest Energy & Communications,50,1,X,MI,8827483451fffff
260250037002023,1000,1000,1,23076508,300091,Midwest Energy & Communications,50,1,X,MI,8827483451fffff
260250037002026,1000,1000,19,23076508,300091,Midwest Energy & Communications,50,1,X,MI,8827483457fffff
260250037002030,1000,1000,1,23076508,300091,Midwest Energy & Communications,50,1,X,MI,8827483457fffff
260250037002033,1000,1000,6,23076508,300091,Midwest Energy & Communications,50,1,X,MI,8827483417fffff
260250037002034,1000,1000,15,23076508,300091,Midwest Energy & Communications,50,1,X,MI,88274834edfffff
260250037002036,1000,1000,8,23076508,300091,Midwest Energy & Communications,50,1,X,MI,88274834e9fffff
260250037002037,1000,1000,1,23076508,300091,Midwest Energy & Communications,50,1,X,MI,8827483417fffff
260250037002038,1000,1000,3,23076508,300091,Midwest Energy & Communications,50,1,X,MI,8827483419fffff
260250037002039,1000,1000,3,23076508,300091,Midwest Energy & Communications,50,1,X,MI,88274836a5fffff
260250037002040,1000,1000,1,23076508,300091,Midwest Energy & Communications,50,1,X,MI,8827483453fffff
260250037002041,1000,1000,5,23076508,300091,Midwest Energy & Communications,50,1,X,MI,88274834e1fffff
260250037002042,1000,1000,6,23076508,300091,Midwest Energy & Communications,50,1,X,MI,8827483413fffff
260250037002043,1000,1000,2,23076508,300091,Midwest Energy & Communications,50,1,X,MI,882748341bfffff
260250037002045,1000,1000,3,23076508,300091,Midwest Energy & Communications,50,1,X,MI,882748341bfffff
260250037002046,1000,1000,10,23076508,300091,Midwest Energy & Communications,50,1,X,MI,88274836a7fffff
260250037002047,1000,1000,17,23076508,300091,Midwest Energy & Communications,50,1,X,MI,88274836a3fffff
260250037002048,1000,1000,10,23076508,300091,Midwest Energy & Communications,50,1,X,MI,88274836b9fffff
260250037002049,1000,1000,1,23076508,300091,Midwest Energy & Communications,50,1,X,MI,88274836b1fffff
260250037002050,1000,1000,1,23076508,300091,Midwest Energy & Communications,50,1,X,MI,88274836b7fffff
260250037002051,1000,1000,1,23076508,300091,Midwest Energy & Communications,50,1,X,MI,88274836b5fffff
260250037002053,1000,1000,10,23076508,300091,Midwest Energy & Communications,50,1,X,MI,88274834c1fffff
260250037002055,1000,1000,11,23076508,300091,Midwest Energy & Communications,50,1,X,MI,88274836b7fffff
260250037002056,1000,1000,5,23076508,300091,Midwest Energy & Communications,50,1,X,MI,88274834c1fffff
260250037002057,1000,1000,3,23076508,300091,Midwest Energy & Communications,50,1,X,MI,88274834c1fffff
260250037002058,1000,1000,1,23076508,300091,Midwest Energy & Communications,50,1,X,MI,88274834c7fffff
260250037002059,1000,1000,1,23076508,300091,Midwest Energy & Communications,50,1,X,MI,88274834e9fffff
260250037002060,1000,1000,1,23076508,300091,Midwest Energy & Communications,50,1,X,MI,882749cb6dfffff
260250037002061,1000,1000,3,23076508,300091,Midwest Energy & Communications,50,1,X,MI,88274834c7fffff
260250037002062,1000,1000,2,23076508,300091,Midwest Energy & Communications,50,1,X,MI,88274834ebfffff
260250037002063,1000,1000,1,23076508,300091,Midwest Energy & Communications,50,1,X,MI,88274834ebfffff
260250037002064,1000,1000,6,23076508,300091,Midwest Energy & Communications,50,1,X,MI,88274834a9fffff
260250037002065,1000,1000,1,23076508,300091,Midwest Energy & Communications,50,1,X,MI,88274834d5fffff
260250037002066,1000,1000,2,23076508,300091,Midwest Energy & Communications,50,1,X,MI,88274834ddfffff
260250037002067,1000,1000,4,23076508,300091,Midwest Energy & Communications,50,1,X,MI,88274836b7fffff
260250037002068,1000,1000,2,23076508,300091,Midwest Energy & Communications,50,1,X,MI,882749cb65fffff
260250037002069,1000,1000,4,23076508,300091,Midwest Energy & Communications,50,1,X,MI,882749cb67fffff
260250037002070,1000,1000,1,23076508,300091,Midwest Energy & Communications,50,1,X,MI,88274834d9fffff
260250037002072,1000,1000,5,23076508,300091,Midwest Energy & Communications,50,1,X,MI,88274834a9fffff
260250037002074,1000,1000,4,23076508,300091,Midwest Energy & Communications,50,1,X,MI,88274834a5fffff
260250037002075,1000,1000,2,23076508,300091,Midwest Energy & Communications,50,1,X,MI,88274834a5fffff
260250037002078,1000,1000,18,23076508,300091,Midwest Energy & Communications,50,1,X,MI,88274834bdfffff
260250037002079,1000,1000,3,23076508,300091,Midwest Energy & Communications,50,1,X,MI,88274834b1fffff
260250037002080,1000,1000,16,23076508,300091,Midwest Energy & Communications,50,1,X,MI,88274834abfffff
260250037002081,1000,1000,7,23076508,300091,Midwest Energy & Communications,50,1,X,MI,8827483489fffff
260250037002082,1000,1000,2,23076508,300091,Midwest Energy & Communications,50,1,X,MI,88274834c7fffff
260250037002084,1000,1000,9,23076508,300091,Midwest Energy & Communications,50,1,X,MI,882748349dfffff
260250037002085,1000,1000,2,23076508,300091,Midwest Energy & Communications,50,1,X,MI,88274834d7fffff
260250037002086,1000,1000,10,23076508,300091,Midwest Energy & Communications,50,1,X,MI,88274834d3fffff
260250037002088,1000,1000,6,23076508,300091,Midwest Energy & Communications,50,1,X,MI,882749cb27fffff
260250037002089,1000,1000,19,23076508,300091,Midwest Energy & Communications,50,1,X,MI,8827483491fffff
260250037002091,1000,1000,16,23076508,300091,Midwest Energy & Communications,50,1,X,MI,882748349dfffff
260250037002092,1000,1000,16,23076508,300091,Midwest Energy & Communications,50,1,X,MI,88274834bbfffff
260250037002093,1000,1000,9,23076508,300091,Midwest Energy & Communications,50,1,X,MI,88274834b9fffff
260250037002094,1000,1000,3,23076508,300091,Midwest Energy & Communications,50,1,X,MI,8827483491fffff
260250037002097,1000,1000,3,23076508,300091,Midwest Energy & Communications,50,1,X,MI,88274834a7fffff
260250037003000,1000,1000,1,23076508,300091,Midwest Energy & Communications,50,1,X,MI,882749d827fffff
260250037003001,1000,1000,4,23076508,300091,Midwest Energy & Communications,50,1,X,MI,882749d91bfffff
260250037003002,1000,1000,2,23076508,300091,Midwest Energy & Communications,50,1,X,MI,882749d913fffff
260250037003003,1000,1000,3,23076508,300091,Midwest Energy & Communications,50,1,X,MI,882749d917fffff
260250037003004,1000,1000,2,23076508,300091,Midwest Energy & Communications,50,1,X,MI,882749d9edfffff
260250037003005,1000,1000,3,23076508,300091,Midwest Energy & Communications,50,1,X,MI,882749d933fffff
260250037003006,1000,1000,6,23076508,300091,Midwest Energy & Communications,50,1,X,MI,882749d937fffff
260250037003007,1000,1000,2,23076508,300091,Midwest Energy & Communications,50,1,X,MI,88274836d9fffff
260250037003008,1000,1000,6,23076508,300091,Midwest Energy & Communications,50,1,X,MI,88274836c1fffff
260250037003009,1000,1000,10,23076508,300091,Midwest Energy & Communications,50,1,X,MI,88274836c3fffff
260250037003010,1000,1000,2,23076508,300091,Midwest Energy & Communications,50,1,X,MI,88274836d9fffff
260250037003011,1000,1000,5,23076508,300091,Midwest Energy & Communications,50,1,X,MI,88274836d9fffff
260250037003012,1000,1000,2,23076508,300091,Midwest Energy & Communications,50,1,X,MI,88274836d9fffff
260250037003013,1000,1000,3,23076508,300091,Midwest Energy & Communications,50,1,X,MI,882749d9ebfffff
260250037003014,1000,1000,1,23076508,300091,Midwest Energy & Communications,50,1,X,MI,882749d9c5fffff
260250037003017,1000,1000,3,23076508,300091,Midwest Energy & Communications,50,1,X,MI,882749d9ebfffff
260250037003018,1000,1000,6,23076508,300091,Midwest Energy & Communications,50,1,X,MI,882749d9e1fffff
260250037003019,1000,1000,11,23076508,300091,Midwest Energy & Communications,50,1,X,MI,88274836d9fffff
260250037003020,1000,1000,1,23076508,300091,Midwest Energy & Communications,50,1,X,MI,882749d9ebfffff
260250037003021,1000,1000,1,23076508,300091,Midwest Energy & Communications,50,1,X,MI,882749d9c7fffff
260250037003022,1000,1000,2,23076508,300091,Midwest Energy & Communications,50,1,X,MI,882749d9c7fffff
260250037003025,1000,1000,13,23076508,300091,Midwest Energy & Communications,50,1,X,MI,882749d9b9fffff
260250037003027,1000,1000,17,23076508,300091,Midwest Energy & Communications,50,1,X,MI,882749d9e5fffff
260250037003028,1000,1000,12,23076508,300091,Midwest Energy & Communications,50,1,X,MI,88274836dbfffff
260250037003029,1000,1000,22,23076508,300091,Midwest Energy & Communications,50,1,X,MI,88274836d9fffff
260250037003030,1000,1000,16,23076508,300091,Midwest Energy & Communications,50,1,X,MI,882749d9adfffff
260250037003031,1000,1000,6,23076508,300091,Midwest Energy & Communications,50,1,X,MI,882749d9a7fffff
260250037003032,1000,1000,7,23076508,300091,Midwest Energy & Communications,50,1,X,MI,882749d9a7fffff
260250037003033,1000,1000,4,23076508,300091,Midwest Energy & Communications,50,1,X,MI,882749d9b9fffff
260250037003034,1000,1000,14,23076508,300091,Midwest Energy & Communications,50,1,X,MI,882749d9b9fffff
260250037003035,1000,1000,12,23076508,300091,Midwest Energy & Communications,50,1,X,MI,882749d991fffff
260250037003037,1000,1000,10,23076508,300091,Midwest Energy & Communications,50,1,X,MI,882749d997fffff
260250037003038,1000,1000,2,23076508,300091,Midwest Energy & Communications,50,1,X,MI,882749d997fffff
260250037003039,1000,1000,1,23076508,300091,Midwest Energy & Communications,50,1,X,MI,882749d991fffff
260250037003041,1000,1000,2,23076508,300091,Midwest Energy & Communications,50,1,X,MI,882749cb4bfffff
260250037003042,1000,1000,1,23076508,300091,Midwest Energy & Communications,50,1,X,MI,882749cb49fffff
260250037003043,1000,1000,16,23076508,300091,Midwest Energy & Communications,50,1,X,MI,882749d9a7fffff
260250037003044,1000,1000,1,23076508,300091,Midwest Energy & Communications,50,1,X,MI,882749cb69fffff
260250037003045,1000,1000,3,23076508,300091,Midwest Energy & Communications,50,1,X,MI,882749cb59fffff
260250037003047,1000,1000,4,23076508,300091,Midwest Energy & Communications,50,1,X,MI,882749d9b7fffff
260250037003049,1000,1000,1,23076508,300091,Midwest Energy & Communications,50,1,X,MI,882749cb69fffff
260250037003051,1000,1000,9,23076508,300091,Midwest Energy & Communications,50,1,X,MI,882749cb63fffff
260250037003052,1000,1000,1,23076508,300091,Midwest Energy & Communications,50,1,X,MI,882749cb47fffff
260250037003053,1000,1000,4,23076508,300091,Midwest Energy & Communications,50,1,X,MI,882749cb4bfffff
260250037003054,1000,1000,3,23076508,300091,Midwest Energy & Communications,50,1,X,MI,882749cb43fffff
260250037003055,1000,1000,11,23076508,300091,Midwest Energy & Communications,50,1,X,MI,882749cb63fffff
260250037003056,1000,1000,4,23076508,300091,Midwest Energy & Communications,50,1,X,MI,882749cb63fffff
260250037003057,1000,1000,3,23076508,300091,Midwest Energy & Communications,50,1,X,MI,882749cb21fffff
260250037003058,1000,1000,1,23076508,300091,Midwest Energy & Communications,50,1,X,MI,882749cb21fffff
260250037003060,1000,1000,1,23076508,300091,Midwest Energy & Communications,50,1,X,MI,882749cb0bfffff
260250037003061,1000,1000,4,23076508,300091,Midwest Energy & Communications,50,1,X,MI,882749cb0bfffff
260250037003062,1000,1000,8,23076508,300091,Midwest Energy & Communications,50,1,X,MI,882749cb57fffff
260250037003063,1000,1000,2,23076508,300091,Midwest Energy & Communications,50,1,X,MI,882749cb59fffff
260250037003064,1000,1000,2,23076508,300091,Midwest Energy & Communications,50,1,X,MI,882749ca63fffff
260250037003068,1000,1000,2,23076508,300091,Midwest Energy & Communications,50,1,X,MI,882749cb57fffff
260250037004005,1000,1000,6,23076508,300091,Midwest Energy & Communications,50,1,X,MI,882749d823fffff
260250037004006,1000,1000,3,23076508,300091,Midwest Energy & Communications,50,1,X,MI,882749d823fffff
260250037004007,1000,1000,5,23076508,300091,Midwest Energy & Communications,50,1,X,MI,882749d823fffff
260250037004032,1000,1000,4,23076508,300091,Midwest Energy & Communications,50,1,X,MI,882749d991fffff
260250037004034,1000,1000,11,23076508,300091,Midwest Energy & Communications,50,1,X,MI,882749d991fffff
260250037004035,1000,1000,1,23076508,300091,Midwest Energy & Communications,50,1,X,MI,882749d991fffff
260250037004036,1000,1000,51,23076508,300091,Midwest Energy & Communications,50,1,X,MI,882749ca4dfffff
260250037004037,1000,1000,7,23076508,300091,Midwest Energy & Communications,50,1,X,MI,882749d8a3fffff
260250037004045,1000,1000,1,23076508,300091,Midwest Energy & Communications,50,1,X,MI,882749c16dfffff
260250037004046,1000,1000,11,23076508,300091,Midwest Energy & Communications,50,1,X,MI,882749d8b3fffff
260250037004048,1000,1000,6,23076508,300091,Midwest Energy & Communications,50,1,X,MI,882749ca41fffff
260250037004049,1000,1000,34,23076508,300091,Midwest Energy & Communications,50,1,X,MI,882749ca41fffff
260250037004050,1000,1000,1,23076508,300091,Midwest Energy & Communications,50,1,X,MI,882749ca4dfffff
260250037004052,1000,1000,10,23076508,300091,Midwest Energy & Communications,50,1,X,MI,882749ca01fffff
260250037004053,1000,1000,30,23076508,300091,Midwest Energy & Communications,50,1,X,MI,882749ca05fffff
260250037004054,1000,1000,2,23076508,300091,Midwest Energy & Communications,50,1,X,MI,882749ca0dfffff
260250037004056,1000,1000,13,23076508,300091,Midwest Energy & Communications,50,1,X,MI,882749ca6bfffff
260250037004057,1000,1000,2,23076508,300091,Midwest Energy & Communications,50,1,X,MI,882749ca63fffff
260250037004060,1000,1000,15,23076508,300091,Midwest Energy & Communications,50,1,X,MI,882749ca59fffff
260250037004061,1000,1000,4,23076508,300091,Midwest Energy & Communications,50,1,X,MI,882749c165fffff
260250037004063,1000,1000,12,23076508,300091,Midwest Energy & Communications,50,1,X,MI,882749ca51fffff
260250037004065,1000,1000,15,23076508,300091,Midwest Energy & Communications,50,1,X,MI,882749ca51fffff
260250038001000,1000,1000,6,23076508,300091,Midwest Energy & Communications,50,1,X,MI,882748349bfffff
260250038001001,1000,1000,6,23076508,300091,Midwest Energy & Communications,50,1,X,MI,8827483493fffff
260250038001002,1000,1000,2,23076508,300091,Midwest Energy & Communications,50,1,X,MI,8827483491fffff
260250038001003,1000,1000,2,23076508,300091,Midwest Energy & Communications,50,1,X,MI,8827483497fffff
260250038001004,1000,1000,6,23076508,300091,Midwest Energy & Communications,50,1,X,MI,88274834bbfffff
260250038001005,1000,1000,21,23076508,300091,Midwest Energy & Communications,50,1,X,MI,88274834bbfffff
260250038001006,1000,1000,10,23076508,300091,Midwest Energy & Communications,50,1,X,MI,88274834b7fffff
260250038001007,1000,1000,11,23076508,300091,Midwest Energy & Communications,50,1,X,MI,882748265dfffff
260250038001011,1000,1000,10,23076508,300091,Midwest Energy & Communications,50,1,X,MI,8827482645fffff
260250038001012,1000,1000,20,23076508,300091,Midwest Energy & Communications,50,1,X,MI,8827482645fffff
260250038001013,1000,1000,9,23076508,300091,Midwest Energy & Communications,50,1,X,MI,8827482667fffff
260250038001014,1000,1000,24,23076508,300091,Midwest Energy & Communications,50,1,X,MI,882748275bfffff
260250038001016,1000,1000,10,23076508,300091,Midwest Energy & Communications,50,1,X,MI,8827482607fffff
260250038001017,1000,1000,16,23076508,300091,Midwest Energy & Communications,50,1,X,MI,8827482621fffff
260250038001018,1000,1000,22,23076508,300091,Midwest Energy & Communications,50,1,X,MI,8827482667fffff
260250038001019,1000,1000,19,23076508,300091,Midwest Energy & Communications,50,1,X,MI,8827482719fffff
260250038001021,1000,1000,15,23076508,300091,Midwest Energy & Communications,50,1,X,MI,8827482601fffff
260250038001024,1000,1000,15,23076508,300091,Midwest Energy & Communications,50,1,X,MI,8827482641fffff
260250038001025,1000,1000,6,23076508,300091,Midwest Energy & Communications,50,1,X,MI,8827482643fffff
260250038001026,1000,1000,2,23076508,300091,Midwest Energy & Communications,50,1,X,MI,882748265dfffff
260250038001027,1000,1000,1,23076508,300091,Midwest Energy & Communications,50,1,X,MI,8827482659fffff
260250038001036,1000,1000,3,23076508,300091,Midwest Energy & Communications,50,1,X,MI,8827482609fffff
260250038001037,1000,1000,5,23076508,300091,Midwest Energy & Communications,50,1,X,MI,8827482621fffff
260250038001038,1000,1000,10,23076508,300091,Midwest Energy & Communications,50,1,X,MI,8827482625fffff
260250038001039,1000,1000,1,23076508,300091,Midwest Energy & Communications,50,1,X,MI,882748271bfffff
260250038001040,1000,1000,16,23076508,300091,Midwest Energy & Communications,50,1,X,MI,8827482711fffff
260250038001041,1000,1000,8,23076508,300091,Midwest Energy & Communications,50,1,X,MI,882748271dfffff
260250038001051,1000,1000,3,23076508,300091,Midwest Energy & Communications,50,1,X,MI,882749c94dfffff
260250038002006,1000,1000,3,23076508,300091,Midwest Energy & Communications,50,1,X,MI,882748244dfffff
260250038002007,1000,1000,28,23076508,300091,Midwest Energy & Communications,50,1,X,MI,8827482635fffff
260250038002008,1000,1000,11,23076508,300091,Midwest Energy & Communications,50,1,X,MI,8827482633fffff
260250038002012,1000,1000,5,23076508,300091,Midwest Energy & Communications,50,1,X,MI,8827482445fffff
260250038002013,1000,1000,3,23076508,300091,Midwest Energy & Communications,50,1,X,MI,8827482447fffff
260250038002016,1000,1000,1,23076508,300091,Midwest Energy & Communications,50,1,X,MI,8827482447fffff
260250038002019,1000,1000,1,23076508,300091,Midwest Energy & Communications,50,1,X,MI,8827482447fffff
260250038002020,1000,1000,16,23076508,300091,Midwest Energy & Communications,50,1,X,MI,8827482635fffff
260250038002021,1000,1000,2,23076508,300091,Midwest Energy & Communications,50,1,X,MI,8827482441fffff
260250038002061,1000,1000,5,23076508,300091,Midwest Energy & Communications,50,1,X,MI,88274826a1fffff
260250038002062,1000,1000,4,23076508,300091,Midwest Energy & Communications,50,1,X,MI,88274826a1fffff
260250038002071,1000,1000,3,23076508,300091,Midwest Energy & Communications,50,1,X,MI,88274826a7fffff
260250038003004,1000,1000,6,23076508,300091,Midwest Energy & Communications,50,1,X,MI,882749cb23fffff
260270010001000,1000,1000,21,23076508,300091,Midwest Energy & Communications,50,1,X,MI,88274b101bfffff
260270010001001,1000,1000,1,23076508,300091,Midwest Energy & Communications,50,1,X,MI,88274b12a3fffff
260270010001002,1000,1000,2,23076508,300091,Midwest Energy & Communications,50,1,X,MI,88274b1053fffff
260270010001003,1000,1000,3,23076508,300091,Midwest Energy & Communications,50,1,X,MI,88274b101dfffff
260270010001004,1000,1000,13,23076508,300091,Midwest Energy & Communications,50,1,X,MI,88274b101dfffff
260270010001005,1000,1000,7,23076508,300091,Midwest Energy & Communications,50,1,X,MI,88274b1003fffff
260270010001009,1000,1000,6,23076508,300091,Midwest Energy & Communications,50,1,X,MI,88274b1007fffff
260270010001010,1000,1000,39,23076508,300091,Midwest Energy & Communications,50,1,X,MI,88274b1027fffff
260270010001011,1000,1000,10,23076508,300091,Midwest Energy & Communications,50,1,X,MI,88274b1111fffff
260270010001012,1000,1000,163,23076508,300091,Midwest Energy & Communications,50,1,X,MI,88274b11c7fffff
260270010001013,1000,1000,7,23076508,300091,Midwest Energy & Communications,50,1,X,MI,88274b11c7fffff
260270010001014,1000,1000,5,23076508,300091,Midwest Energy & Communications,50,1,X,MI,88274b11cdfffff
260270010001015,1000,1000,37,23076508,300091,Midwest Energy & Communications,50,1,X,MI,88274b11cdfffff
260270010001016,1000,1000,18,23076508,300091,Midwest Energy & Communications,50,1,X,MI,88274b11cdfffff
260270010001017,1000,1000,1,23076508,300091,Midwest Energy & Communications,50,1,X,MI,88274b11c5fffff
260270010001018,1000,1000,7,23076508,300091,Midwest Energy & Communications,50,1,X,MI,88274b11c7fffff
260270010001019,1000,1000,4,23076508,300091,Midwest Energy & Communications,50,1,X,MI,88274b1003fffff
260270010001021,1000,1000,6,23076508,300091,Midwest Energy & Communications,50,1,X,MI,88274b1015fffff
260270010001022,1000,1000,13,23076508,300091,Midwest Energy & Communications,50,1,X,MI,88274b103dfffff
260270010001023,1000,1000,53,23076508,300091,Midwest Energy & Communications,50,1,X,MI,88274b11c9fffff
260270010001024,1000,1000,12,23076508,300091,Midwest Energy & Communications,50,1,X,MI,88274b1031fffff
260270010001026,1000,1000,6,23076508,300091,Midwest Energy & Communications,50,1,X,MI,88274b10e1fffff
260270010001027,1000,1000,1,23076508,300091,Midwest Energy & Communications,50,1,X,MI,88274b1015fffff
260270010001028,1000,1000,9,23076508,300091,Midwest Energy & Communications,50,1,X,MI,88274b101bfffff
260270010001030,1000,1000,3,23076508,300091,Midwest Energy & Communications,50,1,X,MI,88274b1011fffff
260270010001032,1000,1000,10,23076508,300091,Midwest Energy & Communications,50,1,X,MI,88274b101dfffff
260270010001033,1000,1000,7,23076508,300091,Midwest Energy & Communications,50,1,X,MI,88274b11ddfffff
260270010001034,1000,1000,8,23076508,300091,Midwest Energy & Communications,50,1,X,MI,88274b1189fffff
260270010001035,1000,1000,7,23076508,300091,Midwest Energy & Communications,50,1,X,MI,88274b10cdfffff
260270010001036,1000,1000,5,23076508,300091,Midwest Energy & Communications,50,1,X,MI,88274b10c9fffff
260270010001037,1000,1000,4,23076508,300091,Midwest Energy & Communications,50,1,X,MI,88274b12a3fffff
260270010001038,1000,1000,7,23076508,300091,Midwest Energy & Communications,50,1,X,MI,88274b10e9fffff
260270010001039,1000,1000,12,23076508,300091,Midwest Energy & Communications,50,1,X,MI,88274b10e1fffff
260270010001040,1000,1000,17,23076508,300091,Midwest Energy & Communications,50,1,X,MI,88274b10c3fffff
260270010001042,1000,1000,5,23076508,300091,Midwest Energy & Communications,50,1,X,MI,88274b10b9fffff
260270010001043,1000,1000,15,23076508,300091,Midwest Energy & Communications,50,1,X,MI,88274b10abfffff
260270010001044,1000,1000,13,23076508,300091,Midwest Energy & Communications,50,1,X,MI,88274b10e7fffff
260270010001045,1000,1000,2,23076508,300091,Midwest Energy & Communications,50,1,X,MI,88274b11dbfffff
260270010001046,1000,1000,4,23076508,300091,Midwest Energy & Communications,50,1,X,MI,88274b10a5fffff
260270010001048,1000,1000,2,23076508,300091,Midwest Energy & Communications,50,1,X,MI,88274b118bfffff
260270010001049,1000,1000,10,23076508,300091,Midwest Energy & Communications,50,1,X,MI,88274b1193fffff
260270010001050,1000,1000,10,23076508,300091,Midwest Energy & Communications,50,1,X,MI,88274b119bfffff
260270010001051,1000,1000,8,23076508,300091,Midwest Energy & Communications,50,1,X,MI,88274b10a5fffff
260270010001053,1000,1000,6,23076508,300091,Midwest Energy & Communications,50,1,X,MI,88274b1095fffff
260270010002000,1000,1000,10,23076508,300091,Midwest Energy & Communications,50,1,X,MI,88274b156dfffff
260270010002001,1000,1000,29,23076508,300091,Midwest Energy & Communications,50,1,X,MI,88274b156dfffff
260270010002002,1000,1000,20,23076508,300091,Midwest Energy & Communications,50,1,X,MI,88274b10b7fffff
260270010002003,1000,1000,19,23076508,300091,Midwest Energy & Communications,50,1,X,MI,88274b0241fffff
260270010002004,1000,1000,2,23076508,300091,Midwest Energy & Communications,50,1,X,MI,88274b0245fffff
260270010002005,1000,1000,16,23076508,300091,Midwest Energy & Communications,50,1,X,MI,88274b1193fffff
260270010002006,1000,1000,2,23076508,300091,Midwest Energy & Communications,50,1,X,MI,88274b026bfffff
260270010002007,1000,1000,2,23076508,300091,Midwest Energy & Communications,50,1,X,MI,88274b026bfffff
260270010002008,1000,1000,13,23076508,300091,Midwest Energy & Communications,50,1,X,MI,88274b026bfffff
260270010002009,1000,1000,17,23076508,300091,Midwest Energy & Communications,50,1,X,MI,88274b0243fffff
260270010002010,1000,1000,1,23076508,300091,Midwest Energy & Communications,50,1,X,MI,88274b025dfffff
260270010002011,1000,1000,6,23076508,300091,Midwest Energy & Communications,50,1,X,MI,88274b0251fffff
260270010002012,1000,1000,2,23076508,300091,Midwest Energy & Communications,50,1,X,MI,88274b0251fffff
260270010002013,1000,1000,22,23076508,300091,Midwest Energy & Communications,50,1,X,MI,88274b025bfffff
260270010002015,1000,1000,2,23076508,300091,Midwest Energy & Communications,50,1,X,MI,88274b152dfffff
260270010002016,1000,1000,4,23076508,300091,Midwest Energy & Communications,50,1,X,MI,88274b152dfffff
260270010002017,1000,1000,4,23076508,300091,Midwest Energy & Communications,50,1,X,MI,88274b1563fffff
260270010002018,1000,1000,1,23076508,300091,Midwest Energy & Communications,50,1,X,MI,88274b156bfffff
260270010002019,1000,1000,1,23076508,300091,Midwest Energy & Communications,50,1,X,MI,88274b1569fffff
260270010002020,1000,1000,1,23076508,300091,Midwest Energy & Communications,50,1,X,MI,88274b1569fffff
260270010002021,1000,1000,55,23076508,300091,Midwest Energy & Communications,50,1,X,MI,88274b1505fffff
260270010002022,1000,1000,10,23076508,300091,Midwest Energy & Communications,50,1,X,MI,88274b1523fffff
260270010002023,1000,1000,1,23076508,300091,Midwest Energy & Communications,50,1,X,MI,88274b1563fffff
260270010002025,1000,1000,3,23076508,300091,Midwest Energy & Communications,50,1,X,MI,88274b02c1fffff
260270010002026,1000,1000,1,23076508,300091,Midwest Energy & Communications,50,1,X,MI,88274b02e9fffff
260270010002027,1000,1000,15,23076508,300091,Midwest Energy & Communications,50,1,X,MI,88274b1523fffff
260270010002028,1000,1000,68,23076508,300091,Midwest Energy & Communications,50,1,X,MI,88274b0211fffff
260270010002029,1000,1000,3,23076508,300091,Midwest Energy & Communications,50,1,X,MI,88274b0203fffff
260270010002031,1000,1000,10,23076508,300091,Midwest Energy & Communications,50,1,X,MI,88274b020dfffff
260270010002032,1000,1000,4,23076508,300091,Midwest Energy & Communications,50,1,X,MI,88274b0205fffff
260270010002034,1000,1000,2,23076508,300091,Midwest Energy & Communications,50,1,X,MI,88274b0205fffff
260270010002035,1000,1000,31,23076508,300091,Midwest Energy & Communications,50,1,X,MI,88274b022bfffff
260270010002037,1000,1000,61,23076508,300091,Midwest Energy & Communications,50,1,X,MI,88274b0215fffff
260270010002038,1000,1000,241,23076508,300091,Midwest Energy & Communications,50,1,X,MI,88274b023bfffff
260270010002040,1000,1000,7,23076508,300091,Midwest Energy & Communications,50,1,X,MI,88274b02e5fffff
260270010002041,1000,1000,6,23076508,300091,Midwest Energy & Communications,50,1,X,MI,88274b02e5fffff
260270010002042,1000,1000,8,23076508,300091,Midwest Energy & Communications,50,1,X,MI,88274b0201fffff
260270010002043,1000,1000,54,23076508,300091,Midwest Energy & Communications,50,1,X,MI,88274b0217fffff
260270010002045,1000,1000,73,23076508,300091,Midwest Energy & Communications,50,1,X,MI,88274b02e1fffff
260270010002046,1000,1000,1,23076508,300091,Midwest Energy & Communications,50,1,X,MI,88274b02e9fffff
260270010002047,1000,1000,3,23076508,300091,Midwest Energy & Communications,50,1,X,MI,88274b02e9fffff
260270010002048,1000,1000,8,23076508,300091,Midwest Energy & Communications,50,1,X,MI,88274b02e5fffff
260270010002050,1000,1000,157,23076508,300091,Midwest Energy & Communications,50,1,X,MI,88274b02edfffff
260270010002051,1000,1000,4,23076508,300091,Midwest Energy & Communications,50,1,X,MI,88274b02e7fffff
260270010002052,1000,1000,7,23076508,300091,Midwest Energy & Communications,50,1,X,MI,88274b02e5fffff
260270010002053,1000,1000,41,23076508,300091,Midwest Energy & Communications,50,1,X,MI,88274b02e7fffff
260270010002054,1000,1000,38,23076508,300091,Midwest Energy & Communications,50,1,X,MI,88274b0231fffff
260270010002055,1000,1000,2,23076508,300091,Midwest Energy & Communications,50,1,X,MI,88274b021dfffff
260270010002057,1000,1000,10,23076508,300091,Midwest Energy & Communications,50,1,X,MI,88274b02e9fffff
260270010002058,1000,1000,2,23076508,300091,Midwest Energy & Communications,50,1,X,MI,88274b02e3fffff
260270010002059,1000,1000,3,23076508,300091,Midwest Energy & Communications,50,1,X,MI,88274b02e7fffff
260270010003000,1000,1000,173,23076508,300091,Midwest Energy & Communications,50,1,X,MI,88274b11bbfffff
260270010003003,1000,1000,6,23076508,300091,Midwest Energy & Communications,50,1,X,MI,88274b11b9fffff
260270010003005,1000,1000,3,23076508,300091,Midwest Energy & Communications,50,1,X,MI,88274b11c7fffff
260270010003006,1000,1000,176,23076508,300091,Midwest Energy & Communications,50,1,X,MI,88274b11bdfffff
260270010003007,1000,1000,15,23076508,300091,Midwest Energy & Communications,50,1,X,MI,88274b11b9fffff
260270010003008,1000,1000,15,23076508,300091,Midwest Energy & Communications,50,1,X,MI,88274b11b9fffff
260270010003009,1000,1000,13,23076508,300091,Midwest Energy & Communications,50,1,X,MI,88274b1187fffff
260270010003010,1000,1000,4,23076508,300091,Midwest Energy & Communications,50,1,X,MI,88274b1185fffff
260270010003011,1000,1000,21,23076508,300091,Midwest Energy & Communications,50,1,X,MI,88274b11b3fffff
260270010003012,1000,1000,21,23076508,300091,Midwest Energy & Communications,50,1,X,MI,88274b035bfffff
260270010003013,1000,1000,12,23076508,300091,Midwest Energy & Communications,50,1,X,MI,88274b035bfffff
260270010003015,1000,1000,20,23076508,300091,Midwest Energy & Communications,50,1,X,MI,88274b026dfffff
260270010003016,1000,1000,11,23076508,300091,Midwest Energy & Communications,50,1,X,MI,88274b026dfffff
260270010003017,1000,1000,1,23076508,300091,Midwest Energy & Communications,50,1,X,MI,88274b0261fffff
260270010003018,1000,1000,6,23076508,300091,Midwest Energy & Communications,50,1,X,MI,88274b0261fffff
260270010003019,1000,1000,3,23076508,300091,Midwest Energy & Communications,50,1,X,MI,88274b020dfffff
260270010003020,1000,1000,1,23076508,300091,Midwest Energy & Communications,50,1,X,MI,88274b026bfffff
260270010003021,1000,1000,6,23076508,300091,Midwest Energy & Communications,50,1,X,MI,88274b022dfffff
260270010003022,1000,1000,4,23076508,300091,Midwest Energy & Communications,50,1,X,MI,88274b022dfffff
260270010003023,1000,1000,24,23076508,300091,Midwest Energy & Communications,50,1,X,MI,88274b023dfffff
260270010003024,1000,1000,8,23076508,300091,Midwest Energy & Communications,50,1,X,MI,88274b0227fffff
260270010003025,1000,1000,20,23076508,300091,Midwest Energy & Communications,50,1,X,MI,88274b004dfffff
260270010003026,1000,1000,1,23076508,300091,Midwest Energy & Communications,50,1,X,MI,88274b0225fffff
260270010003027,1000,1000,2,23076508,300091,Midwest Energy & Communications,50,1,X,MI,88274b0225fffff
260270010003028,1000,1000,18,23076508,300091,Midwest Energy & Communications,50,1,X,MI,88274b0235fffff
260270010003029,1000,1000,16,23076508,300091,Midwest Energy & Communications,50,1,X,MI,88274b0235fffff
260270010003030,1000,1000,8,23076508,300091,Midwest Energy & Communications,50,1,X,MI,88274b0043fffff
260270010003031,1000,1000,3,23076508,300091,Midwest Energy & Communications,50,1,X,MI,88274b0049fffff
260270010003032,1000,1000,17,23076508,300091,Midwest Energy & Communications,50,1,X,MI,88274b004dfffff
260270010003033,1000,1000,14,23076508,300091,Midwest Energy & Communications,50,1,X,MI,88274b0041fffff
260270010003035,1000,1000,10,23076508,300091,Midwest Energy & Communications,50,1,X,MI,88274b005dfffff
260270010003036,1000,1000,3,23076508,300091,Midwest Energy & Communications,50,1,X,MI,88274b0055fffff
260270010003037,1000,1000,1,23076508,300091,Midwest Energy & Communications,50,1,X,MI,88274b0009fffff
260270010003038,1000,1000,36,23076508,300091,Midwest Energy & Communications,50,1,X,MI,88274b0009fffff
260270011001000,1000,1000,32,23076508,300091,Midwest Energy & Communications,50,1,X,MI,88274b0065fffff
260270011001001,1000,1000,3,23076508,300091,Midwest Energy & Communications,50,1,X,MI,88274b0061fffff
260270011001002,1000,1000,18,23076508,300091,Midwest Energy & Communications,50,1,X,MI,88274b015bfffff
260270011001003,1000,1000,7,23076508,300091,Midwest Energy & Communications,50,1,X,MI,88274b015dfffff
260270011001004,1000,1000,25,23076508,300091,Midwest Energy & Communications,50,1,X,MI,88274b0155fffff
260270011001005,1000,1000,30,23076508,300091,Midwest Energy & Communications,50,1,X,MI,88274b0147fffff
260270011001007,1000,1000,40,23076508,300091,Midwest Energy & Communications,50,1,X,MI,88274b0101fffff
260270011001008,1000,1000,103,23076508,300091,Midwest Energy & Communications,50,1,X,MI,88274b0103fffff
260270011001009,1000,1000,22,23076508,300091,Midwest Energy & Communications,50,1,X,MI,88274b010bfffff
260270011001010,1000,1000,16,23076508,300091,Midwest Energy & Communications,50,1,X,MI,88274b0101fffff
260270011001011,1000,1000,177,23076508,300091,Midwest Energy & Communications,50,1,X,MI,88274b0157fffff
260270011001012,1000,1000,2,23076508,300091,Midwest Energy & Communications,50,1,X,MI,88274b010bfffff
260270011001013,1000,1000,13,23076508,300091,Midwest Energy & Communications,50,1,X,MI,88274b0157fffff
260270011001014,1000,1000,17,23076508,300091,Midwest Energy & Communications,50,1,X,MI,88274b010bfffff
260270011001015,1000,1000,7,23076508,300091,Midwest Energy & Communications,50,1,X,MI,88274b010bfffff
260270011001016,1000,1000,10,23076508,300091,Midwest Energy & Communications,50,1,X,MI,88274b0157fffff
260270011001017,1000,1000,16,23076508,300091,Midwest Energy & Communications,50,1,X,MI,88274b0157fffff
260270011001018,1000,1000,10,23076508,300091,Midwest Energy & Communications,50,1,X,MI,88274b0153fffff
260270011001019,1000,1000,6,23076508,300091,Midwest Energy & Communications,50,1,X,MI,88274b015bfffff
260270011001020,1000,1000,6,23076508,300091,Midwest Energy & Communications,50,1,X,MI,88274b015bfffff
260270011001021,1000,1000,10,23076508,300091,Midwest Energy & Communications,50,1,X,MI,88274b012bfffff
260270011001023,1000,1000,6,23076508,300091,Midwest Energy & Communications,50,1,X,MI,88274b0103fffff
260270011001024,1000,1000,7,23076508,300091,Midwest Energy & Communications,50,1,X,MI,88274b002dfffff
260270011001025,1000,1000,20,23076508,300091,Midwest Energy & Communications,50,1,X,MI,88274b015bfffff
260270011001026,1000,1000,22,23076508,300091,Midwest Energy & Communications,50,1,X,MI,88274b0063fffff
260270011002000,1000,1000,11,23076508,300091,Midwest Energy & Communications,50,1,X,MI,88274b0319fffff
260270011002001,1000,1000,11,23076508,300091,Midwest Energy & Communications,50,1,X,MI,88274b0315fffff
260270011002002,1000,1000,1,23076508,300091,Midwest Energy & Communications,50,1,X,MI,88274b0307fffff
260270011002003,1000,1000,8,23076508,300091,Midwest Energy & Communications,50,1,X,MI,88274b0305fffff
260270011002004,1000,1000,4,23076508,300091,Midwest Energy & Communications,50,1,X,MI,88274b032bfffff
260270011002005,1000,1000,3,23076508,300091,Midwest Energy & Communications,50,1,X,MI,88274b032bfffff
260270011002006,1000,1000,6,23076508,300091,Midwest Energy & Communications,50,1,X,MI,88274b0329fffff
260270011002007,1000,1000,7,23076508,300091,Midwest Energy & Communications,50,1,X,MI,88274b0321fffff
260270011002008,1000,1000,21,23076508,300091,Midwest Energy & Communications,50,1,X,MI,88274b1891fffff
260270011002009,1000,1000,6,23076508,300091,Midwest Energy & Communications,50,1,X,MI,88274b189dfffff
260270011002010,1000,1000,26,23076508,300091,Midwest Energy & Communications,50,1,X,MI,88274b1891fffff
260270011002015,1000,1000,5,23076508,300091,Midwest Energy & Communications,50,1,X,MI,88274b0169fffff
260270011002016,1000,1000,10,23076508,300091,Midwest Energy & Communications,50,1,X,MI,88274b0145fffff
260270011002017,1000,1000,14,23076508,300091,Midwest Energy & Communications,50,1,X,MI,88274b0145fffff
260270011002018,1000,1000,32,23076508,300091,Midwest Energy & Communications,50,1,X,MI,88274b014dfffff
260270011002019,1000,1000,9,23076508,300091,Midwest Energy & Communications,50,1,X,MI,88274b032bfffff
260270011002020,1000,1000,2,23076508,300091,Midwest Energy & Communications,50,1,X,MI,88274b0307fffff
260270011002021,1000,1000,2,23076508,300091,Midwest Energy & Communications,50,1,X,MI,88274b0339fffff
260270011002022,1000,1000,12,23076508,300091,Midwest Energy & Communications,50,1,X,MI,88274b0339fffff
260270011002023,1000,1000,13,23076508,300091,Midwest Energy & Communications,50,1,X,MI,88274b0323fffff
260270011002024,1000,1000,2,23076508,300091,Midwest Energy & Communications,50,1,X,MI,88274b0331fffff
260270011002025,1000,1000,9,23076508,300091,Midwest Energy & Communications,50,1,X,MI,88274b0331fffff
260270011002026,1000,1000,6,23076508,300091,Midwest Energy & Communications,50,1,X,MI,88274b0319fffff
260270011002027,1000,1000,17,23076508,300091,Midwest Energy & Communications,50,1,X,MI,88274b0317fffff
260270011002028,1000,1000,4,23076508,300091,Midwest Energy & Communications,50,1,X,MI,88274b0045fffff
260270011002029,1000,1000,2,23076508,300091,Midwest Energy & Communications,50,1,X,MI,88274b004dfffff
260270011002030,1000,1000,24,23076508,300091,Midwest Energy & Communications,50,1,X,MI,88274b000dfffff
260270011002031,1000,1000,4,23076508,300091,Midwest Energy & Communications,50,1,X,MI,88274b0069fffff
260270011002032,1000,1000,1,23076508,300091,Midwest Energy & Communications,50,1,X,MI,88274b0063fffff
260270011002033,1000,1000,29,23076508,300091,Midwest Energy & Communications,50,1,X,MI,88274b0005fffff
260270011002034,1000,1000,2,23076508,300091,Midwest Energy & Communications,50,1,X,MI,88274b0337fffff
260270011002035,1000,1000,5,23076508,300091,Midwest Energy & Communications,50,1,X,MI,88274b0335fffff
260270011002036,1000,1000,19,23076508,300091,Midwest Energy & Communications,50,1,X,MI,88274b0141fffff
260270011002037,1000,1000,30,23076508,300091,Midwest Energy & Communications,50,1,X,MI,88274b0147fffff
260270011002038,1000,1000,8,23076508,300091,Midwest Energy & Communications,50,1,X,MI,88274b0161fffff
260270011002039,1000,1000,9,23076508,300091,Midwest Energy & Communications,50,1,X,MI,88274b012dfffff
260270011002040,1000,1000,2,23076508,300091,Midwest Energy & Communications,50,1,X,MI,88274b0163fffff
260270011002041,1000,1000,7,23076508,300091,Midwest Energy & Communications,50,1,X,MI,88274b0161fffff
260270011002042,1000,1000,11,23076508,300091,Midwest Energy & Communications,50,1,X,MI,88274b012dfffff
260270011002043,1000,1000,9,23076508,300091,Midwest Energy & Communications,50,1,X,MI,88274b0121fffff
260270012001002,1000,1000,1,23076508,300091,Midwest Energy & Communications,50,1,X,MI,88274b18bdfffff
260270012002000,1000,1000,7,23076508,300091,Midwest Energy & Communications,50,1,X,MI,88274b012dfffff
260270012002005,1000,1000,3,23076508,300091,Midwest Energy & Communications,50,1,X,MI,88274b0a51fffff
260270012002006,1000,1000,16,23076508,300091,Midwest Energy & Communications,50,1,X,MI,88274b0a55fffff
260270012002011,1000,1000,35,23076508,300091,Midwest Energy & Communications,50,1,X,MI,88274b0a1dfffff
260270012002012,1000,1000,99,23076508,300091,Midwest Energy & Communications,50,1,X,MI,88274b0a09fffff
260270012002031,1000,1000,4,23076508,300091,Midwest Energy & Communications,50,1,X,MI,88274b0125fffff
260270012002032,1000,1000,8,23076508,300091,Midwest Energy & Communications,50,1,X,MI,88274b0125fffff
260270012002033,1000,1000,12,23076508,300091,Midwest Energy & Communications,50,1,X,MI,88274b0a03fffff
260270015003000,1000,1000,14,23076508,300091,Midwest Energy & Communications,50,1,X,MI,88274b5685fffff
260270015003001,1000,1000,1,23076508,300091,Midwest Energy & Communications,50,1,X,MI,88274b56abfffff
260270015003026,1000,1000,1,23076508,300091,Midwest Energy & Communications,50,1,X,MI,88274b56bdfffff
260270015003028,1000,1000,11,23076508,300091,Midwest Energy & Communications,50,1,X,MI,88274b56bdfffff
260270015003030,1000,1000,1,23076508,300091,Midwest Energy & Communications,50,1,X,MI,88274b56b5fffff
260270015003033,1000,1000,14,23076508,300091,Midwest Energy & Communications,50,1,X,MI,88274b56b1fffff
260270015003034,1000,1000,6,23076508,300091,Midwest Energy & Communications,50,1,X,MI,88274b56b1fffff
260270015004000,1000,1000,20,23076508,300091,Midwest Energy & Communications,50,1,X,MI,88274b56e9fffff
260270015004001,1000,1000,15,23076508,300091,Midwest Energy & Communications,50,1,X,MI,88274b5459fffff
260270015004005,1000,1000,25,23076508,300091,Midwest Energy & Communications,50,1,X,MI,88274b5451fffff
260270015004006,1000,1000,16,23076508,300091,Midwest Energy & Communications,50,1,X,MI,88274b5443fffff
260270015004008,1000,1000,12,23076508,300091,Midwest Energy & Communications,50,1,X,MI,88274b5685fffff
260270015004009,1000,1000,18,23076508,300091,Midwest Energy & Communications,50,1,X,MI,88274b56e3fffff
260270016001000,1000,1000,3,23076508,300091,Midwest Energy & Communications,50,1,X,MI,88274bc6b3fffff
260270016001002,1000,1000,1,23076508,300091,Midwest Energy & Communications,50,1,X,MI,88274bc4d9fffff
260270016001003,1000,1000,3,23076508,300091,Midwest Energy & Communications,50,1,X,MI,88274bc6b7fffff
260270016001004,1000,1000,8,23076508,300091,Midwest Energy & Communications,50,1,X,MI,88274bc6b7fffff
260270016001005,1000,1000,2,23076508,300091,Midwest Energy & Communications,50,1,X,MI,88274bc6b5fffff
260270016001006,1000,1000,19,23076508,300091,Midwest Energy & Communications,50,1,X,MI,88274bc4c1fffff
260270016001008,1000,1000,4,23076508,300091,Midwest Energy & Communications,50,1,X,MI,88274bc4c5fffff
260270016001009,1000,1000,5,23076508,300091,Midwest Energy & Communications,50,1,X,MI,88274bc48dfffff
260270016001011,1000,1000,2,23076508,300091,Midwest Energy & Communications,50,1,X,MI,88274bc4ddfffff
260270016001012,1000,1000,4,23076508,300091,Midwest Energy & Communications,50,1,X,MI,88274bc4d1fffff
260270016001014,1000,1000,1,23076508,300091,Midwest Energy & Communications,50,1,X,MI,88274bc4d5fffff
260270016001015,1000,1000,2,23076508,300091,Midwest Energy & Communications,50,1,X,MI,88274bc4ddfffff
260270016001017,1000,1000,10,23076508,300091,Midwest Energy & Communications,50,1,X,MI,88274bc4dbfffff
260270016001018,1000,1000,1,23076508,300091,Midwest Energy & Communications,50,1,X,MI,88274bc4d1fffff
260270016001019,1000,1000,1,23076508,300091,Midwest Energy & Communications,50,1,X,MI,88274bc4d7fffff
260270016001020,1000,1000,9,23076508,300091,Midwest Energy & Communications,50,1,X,MI,88274bc493fffff
260270016001021,1000,1000,3,23076508,300091,Midwest Energy & Communications,50,1,X,MI,88274bc495fffff
260270016001022,1000,1000,6,23076508,300091,Midwest Energy & Communications,50,1,X,MI,88274bc4d7fffff
260270016001024,1000,1000,3,23076508,300091,Midwest Energy & Communications,50,1,X,MI,88274bc483fffff
260270016001025,1000,1000,1,23076508,300091,Midwest Energy & Communications,50,1,X,MI,88274bc481fffff
260270016001026,1000,1000,6,23076508,300091,Midwest Energy & Communications,50,1,X,MI,88274bc485fffff
260270016001028,1000,1000,12,23076508,300091,Midwest Energy & Communications,50,1,X,MI,88274b1a5bfffff
260270016001029,1000,1000,5,23076508,300091,Midwest Energy & Communications,50,1,X,MI,88274bc4b9fffff
260270016001030,1000,1000,2,23076508,300091,Midwest Energy & Communications,50,1,X,MI,88274bc497fffff
260270016001031,1000,1000,2,23076508,300091,Midwest Energy & Communications,50,1,X,MI,88274bc49dfffff
260270016001032,1000,1000,3,23076508,300091,Midwest Energy & Communications,50,1,X,MI,88274b1367fffff
260270016001033,1000,1000,13,23076508,300091,Midwest Energy & Communications,50,1,X,MI,88274b114dfffff
260270016001034,1000,1000,14,23076508,300091,Midwest Energy & Communications,50,1,X,MI,88274b110dfffff
260270016001035,1000,1000,1,23076508,300091,Midwest Energy & Communications,50,1,X,MI,88274b116bfffff
260270016001036,1000,1000,7,23076508,300091,Midwest Energy & Communications,50,1,X,MI,88274b1109fffff
260270016001038,1000,1000,3,23076508,300091,Midwest Energy & Communications,50,1,X,MI,88274b116bfffff
260270016001039,1000,1000,5,23076508,300091,Midwest Energy & Communications,50,1,X,MI,88274b1163fffff
260270016001042,1000,1000,3,23076508,300091,Midwest Energy & Communications,50,1,X,MI,88274b1a5bfffff
260270016001043,1000,1000,2,23076508,300091,Midwest Energy & Communications,50,1,X,MI,88274b1129fffff
260270016001044,1000,1000,3,23076508,300091,Midwest Energy & Communications,50,1,X,MI,88274b112bfffff
260270016001045,1000,1000,3,23076508,300091,Midwest Energy & Communications,50,1,X,MI,88274b1129fffff
260270016001046,1000,1000,3,23076508,300091,Midwest Energy & Communications,50,1,X,MI,88274b1163fffff
260270016001048,1000,1000,1,23076508,300091,Midwest Energy & Communications,50,1,X,MI,88274b1129fffff
260270016001049,1000,1000,2,23076508,300091,Midwest Energy & Communications,50,1,X,MI,88274b1163fffff
260270016001050,1000,1000,4,23076508,300091,Midwest Energy & Communications,50,1,X,MI,88274b1129fffff
260270016001051,1000,1000,1,23076508,300091,Midwest Energy & Communications,50,1,X,MI,88274b1163fffff
260270016001052,1000,1000,3,23076508,300091,Midwest Energy & Communications,50,1,X,MI,88274b1163fffff
260270016001053,1000,1000,4,23076508,300091,Midwest Energy & Communications,50,1,X,MI,88274b1163fffff
260270016001054,1000,1000,2,23076508,300091,Midwest Energy & Communications,50,1,X,MI,88274b1163fffff
260270016001063,1000,1000,4,23076508,300091,Midwest Energy & Communications,50,1,X,MI,88274b1129fffff
260270016001068,1000,1000,191,23076508,300091,Midwest Energy & Communications,50,1,X,MI,88274b1129fffff
260270016001069,1000,1000,21,23076508,300091,Midwest Energy & Communications,50,1,X,MI,88274b1109fffff
260270016001070,1000,1000,49,23076508,300091,Midwest Energy & Communications,50,1,X,MI,88274b112bfffff
260270016001071,1000,1000,12,23076508,300091,Midwest Energy & Communications,50,1,X,MI,88274b110bfffff
260270016001072,1000,1000,5,23076508,300091,Midwest Energy & Communications,50,1,X,MI,88274b110bfffff
260270016001076,1000,1000,58,23076508,300091,Midwest Energy & Communications,50,1,X,MI,88274b1101fffff
260270016001078,1000,1000,13,23076508,300091,Midwest Energy & Communications,50,1,X,MI,88274b1101fffff
260270016001080,1000,1000,21,23076508,300091,Midwest Energy & Communications,50,1,X,MI,88274b111dfffff
260270016001081,1000,1000,5,23076508,300091,Midwest Energy & Communications,50,1,X,MI,88274b1103fffff
260270016001082,1000,1000,16,23076508,300091,Midwest Energy & Communications,50,1,X,MI,88274b1101fffff
260270016001083,1000,1000,4,23076508,300091,Midwest Energy & Communications,50,1,X,MI,88274b112bfffff
260270016001085,1000,1000,2,23076508,300091,Midwest Energy & Communications,50,1,X,MI,88274b113dfffff
260270016001087,1000,1000,19,23076508,300091,Midwest Energy & Communications,50,1,X,MI,88274b1115fffff
260270016001088,1000,1000,1,23076508,300091,Midwest Energy & Communications,50,1,X,MI,88274b1163fffff
260270016002000,1000,1000,11,23076508,300091,Midwest Energy & Communications,50,1,X,MI,88274bc4edfffff
260270016002001,1000,1000,15,23076508,300091,Midwest Energy & Communications,50,1,X,MI,88274bc5d9fffff
260270016002002,1000,1000,21,23076508,300091,Midwest Energy & Communications,50,1,X,MI,88274bc5d7fffff
260270016002003,1000,1000,3,23076508,300091,Midwest Energy & Communications,50,1,X,MI,88274bc5d7fffff
260270016002004,1000,1000,4,23076508,300091,Midwest Energy & Communications,50,1,X,MI,88274bc5d7fffff
260270016002005,1000,1000,15,23076508,300091,Midwest Energy & Communications,50,1,X,MI,88274bc4a7fffff
260270016002006,1000,1000,17,23076508,300091,Midwest Energy & Communications,50,1,X,MI,88274bc4a9fffff
260270016002007,1000,1000,9,23076508,300091,Midwest Energy & Communications,50,1,X,MI,88274bc4abfffff
260270016002008,1000,1000,7,23076508,300091,Midwest Energy & Communications,50,1,X,MI,88274bc4bdfffff
260270016002009,1000,1000,8,23076508,300091,Midwest Energy & Communications,50,1,X,MI,88274bc4a7fffff
260270016002010,1000,1000,22,23076508,300091,Midwest Energy & Communications,50,1,X,MI,88274bc597fffff
260270016002011,1000,1000,6,23076508,300091,Midwest Energy & Communications,50,1,X,MI,88274bc4b5fffff
260270016002012,1000,1000,3,23076508,300091,Midwest Energy & Communications,50,1,X,MI,88274bc4bdfffff
260270016002013,1000,1000,6,23076508,300091,Midwest Energy & Communications,50,1,X,MI,88274bc4bdfffff
260270016002014,1000,1000,2,23076508,300091,Midwest Energy & Communications,50,1,X,MI,88274bc4bdfffff
260270016002015,1000,1000,6,23076508,300091,Midwest Energy & Communications,50,1,X,MI,88274bc4bdfffff
260270016002016,1000,1000,13,23076508,300091,Midwest Energy & Communications,50,1,X,MI,88274bc4b1fffff
260270016002017,1000,1000,2,23076508,300091,Midwest Energy & Communications,50,1,X,MI,88274bc4bdfffff
260270016002018,1000,1000,2,23076508,300091,Midwest Energy & Communications,50,1,X,MI,88274b1a55fffff
260270016002019,1000,1000,6,23076508,300091,Midwest Energy & Communications,50,1,X,MI,88274b1a0bfffff
260270016002020,1000,1000,4,23076508,300091,Midwest Energy & Communications,50,1,X,MI,88274b1a43fffff
260270016002021,1000,1000,19,23076508,300091,Midwest Energy & Communications,50,1,X,MI,88274b1a4dfffff
260270016002022,1000,1000,6,23076508,300091,Midwest Energy & Communications,50,1,X,MI,88274b1a47fffff
260270016002024,1000,1000,5,23076508,300091,Midwest Energy & Communications,50,1,X,MI,88274b1a47fffff
260270016002025,1000,1000,2,23076508,300091,Midwest Energy & Communications,50,1,X,MI,88274b1a47fffff
260270016002026,1000,1000,7,23076508,300091,Midwest Energy & Communications,50,1,X,MI,88274b1a0dfffff
260270016002027,1000,1000,2,23076508,300091,Midwest Energy & Communications,50,1,X,MI,88274b1a0dfffff
260270016002029,1000,1000,2,23076508,300091,Midwest Energy & Communications,50,1,X,MI,88274b1a01fffff
260270016002030,1000,1000,5,23076508,300091,Midwest Energy & Communications,50,1,X,MI,88274b1a0bfffff
260270016002031,1000,1000,2,23076508,300091,Midwest Energy & Communications,50,1,X,MI,88274b1a11fffff
260270016002033,1000,1000,13,23076508,300091,Midwest Energy & Communications,50,1,X,MI,88274b1a07fffff
260270016002034,1000,1000,1,23076508,300091,Midwest Energy & Communications,50,1,X,MI,88274b1a07fffff
260270016002038,1000,1000,5,23076508,300091,Midwest Energy & Communications,50,1,X,MI,88274b1a07fffff
260270016002040,1000,1000,3,23076508,300091,Midwest Energy & Communications,50,1,X,MI,88274b1a07fffff
260270016002044,1000,1000,35,23076508,300091,Midwest Energy & Communications,50,1,X,MI,88274b1a07fffff
260270016002046,1000,1000,4,23076508,300091,Midwest Energy & Communications,50,1,X,MI,88274b1a2bfffff
260270016002047,1000,1000,6,23076508,300091,Midwest Energy & Communications,50,1,X,MI,88274b1a2bfffff
260270016002048,1000,1000,20,23076508,300091,Midwest Energy & Communications,50,1,X,MI,88274b1a3bfffff
260270016002051,1000,1000,74,23076508,300091,Midwest Energy & Communications,50,1,X,MI,88274b1a39fffff
260270016002053,1000,1000,2,23076508,300091,Midwest Energy & Communications,50,1,X,MI,88274b1a3bfffff
260270016002054,1000,1000,2,23076508,300091,Midwest Energy & Communications,50,1,X,MI,88274b1a3bfffff
260270016002056,1000,1000,6,23076508,300091,Midwest Energy & Communications,50,1,X,MI,88274b1859fffff
260270016002057,1000,1000,2,23076508,300091,Midwest Energy & Communications,50,1,X,MI,88274b1859fffff
260270016002058,1000,1000,9,23076508,300091,Midwest Energy & Communications,50,1,X,MI,88274b1a13fffff
260270016002059,1000,1000,4,23076508,300091,Midwest Energy & Communications,50,1,X,MI,88274b1aedfffff
260270016002064,1000,1000,15,23076508,300091,Midwest Energy & Communications,50,1,X,MI,88274b1a39fffff
260270016003000,1000,1000,2,23076508,300091,Midwest Energy & Communications,50,1,X,MI,88274b1ac5fffff
260270016003001,1000,1000,10,23076508,300091,Midwest Energy & Communications,50,1,X,MI,88274b1ae3fffff
260270016003002,1000,1000,6,23076508,300091,Midwest Energy & Communications,50,1,X,MI,88274b1ae9fffff
260270016003003,1000,1000,7,23076508,300091,Midwest Energy & Communications,50,1,X,MI,88274b1aebfffff
260270016003004,1000,1000,3,23076508,300091,Midwest Energy & Communications,50,1,X,MI,88274b1859fffff
260270016003005,1000,1000,20,23076508,300091,Midwest Energy & Communications,50,1,X,MI,88274b1aa5fffff
260270016003006,1000,1000,9,23076508,300091,Midwest Energy & Communications,50,1,X,MI,88274b1819fffff
260270016003008,1000,1000,19,23076508,300091,Midwest Energy & Communications,50,1,X,MI,88274b1aadfffff
260270016003009,1000,1000,11,23076508,300091,Midwest Energy & Communications,50,1,X,MI,88274b1aa1fffff
260270016003010,1000,1000,7,23076508,300091,Midwest Energy & Communications,50,1,X,MI,88274b1a85fffff
260270016003011,1000,1000,24,23076508,300091,Midwest Energy & Communications,50,1,X,MI,88274b1a8bfffff
260270016003012,1000,1000,16,23076508,300091,Midwest Energy & Communications,50,1,X,MI,88274b1a89fffff
260270016003013,1000,1000,4,23076508,300091,Midwest Energy & Communications,50,1,X,MI,88274b18c9fffff
260270016003014,1000,1000,3,23076508,300091,Midwest Energy & Communications,50,1,X,MI,88274b18c9fffff
260270016003015,1000,1000,5,23076508,300091,Midwest Energy & Communications,50,1,X,MI,88274b1ab1fffff
260270016003016,1000,1000,2,23076508,300091,Midwest Energy & Communications,50,1,X,MI,88274b18c9fffff
260270016003017,1000,1000,7,23076508,300091,Midwest Energy & Communications,50,1,X,MI,88274b1a83fffff
260270016003018,1000,1000,21,23076508,300091,Midwest Energy & Communications,50,1,X,MI,88274b1ab9fffff
260270016003019,1000,1000,3,23076508,300091,Midwest Energy & Communications,50,1,X,MI,88274b1a95fffff
260270016003020,1000,1000,18,23076508,300091,Midwest Energy & Communications,50,1,X,MI,88274b1ab9fffff
260270016003021,1000,1000,19,23076508,300091,Midwest Energy & Communications,50,1,X,MI,88274b1ab7fffff
260270016003022,1000,1000,14,23076508,300091,Midwest Energy & Communications,50,1,X,MI,88274b18c3fffff
260270016003023,1000,1000,1,23076508,300091,Midwest Energy & Communications,50,1,X,MI,88274b18c1fffff
260270016003024,1000,1000,1,23076508,300091,Midwest Energy & Communications,50,1,X,MI,88274b18c7fffff
260270016003026,1000,1000,1,23076508,300091,Midwest Energy & Communications,50,1,X,MI,88274b18d3fffff
260270016003027,1000,1000,16,23076508,300091,Midwest Energy & Communications,50,1,X,MI,88274b032dfffff
260270016003028,1000,1000,18,23076508,300091,Midwest Energy & Communications,50,1,X,MI,88274b18ddfffff
260270016003029,1000,1000,33,23076508,300091,Midwest Energy & Communications,50,1,X,MI,88274b18c3fffff
260270016003030,1000,1000,28,23076508,300091,Midwest Energy & Communications,50,1,X,MI,88274b1883fffff
260270016003031,1000,1000,5,23076508,300091,Midwest Energy & Communications,50,1,X,MI,88274b188bfffff
260270016003032,1000,1000,3,23076508,300091,Midwest Energy & Communications,50,1,X,MI,88274b18d7fffff
260270016003033,1000,1000,6,23076508,300091,Midwest Energy & Communications,50,1,X,MI,88274b18d7fffff
260270016003034,1000,1000,11,23076508,300091,Midwest Energy & Communications,50,1,X,MI,88274b18d3fffff
260270016003036,1000,1000,1,23076508,300091,Midwest Energy & Communications,50,1,X,MI,88274b189dfffff
260270016003039,1000,1000,57,23076508,300091,Midwest Energy & Communications,50,1,X,MI,88274b1883fffff
260270016004000,1000,1000,6,23076508,300091,Midwest Energy & Communications,50,1,X,MI,88274b1117fffff
260270016004001,1000,1000,11,23076508,300091,Midwest Energy & Communications,50,1,X,MI,88274b1133fffff
260270016004002,1000,1000,79,23076508,300091,Midwest Energy & Communications,50,1,X,MI,88274b1135fffff
260270016004003,1000,1000,7,23076508,300091,Midwest Energy & Communications,50,1,X,MI,88274b1131fffff
260270016004005,1000,1000,3,23076508,300091,Midwest Energy & Communications,50,1,X,MI,88274b1131fffff
260270016004006,1000,1000,17,23076508,300091,Midwest Energy & Communications,50,1,X,MI,88274b113dfffff
260270016004007,1000,1000,1,23076508,300091,Midwest Energy & Communications,50,1,X,MI,88274b1123fffff
260270016004008,1000,1000,4,23076508,300091,Midwest Energy & Communications,50,1,X,MI,88274b1acdfffff
260270016004010,1000,1000,3,23076508,300091,Midwest Energy & Communications,50,1,X,MI,88274b11edfffff
260270016004011,1000,1000,8,23076508,300091,Midwest Energy & Communications,50,1,X,MI,88274b11e5fffff
260270016004012,1000,1000,16,23076508,300091,Midwest Energy & Communications,50,1,X,MI,88274b1135fffff
260270016004013,1000,1000,29,23076508,300091,Midwest Energy & Communications,50,1,X,MI,88274b1acbfffff
260270016004014,1000,1000,12,23076508,300091,Midwest Energy & Communications,50,1,X,MI,88274b1ac1fffff
260270016004015,1000,1000,5,23076508,300091,Midwest Energy & Communications,50,1,X,MI,88274b1ac9fffff
260270016004016,1000,1000,14,23076508,300091,Midwest Energy & Communications,50,1,X,MI,88274b1acbfffff
260270016004017,1000,1000,19,23076508,300091,Midwest Energy & Communications,50,1,X,MI,88274b1ad3fffff
260270016004018,1000,1000,18,23076508,300091,Midwest Energy & Communications,50,1,X,MI,88274b1ad7fffff
260270016004019,1000,1000,30,23076508,300091,Midwest Energy & Communications,50,1,X,MI,88274b1ad7fffff
260270016004020,1000,1000,64,23076508,300091,Midwest Energy & Communications,50,1,X,MI,88274b11a9fffff
260270016004021,1000,1000,23,23076508,300091,Midwest Energy & Communications,50,1,X,MI,88274b1adbfffff
260270016004022,1000,1000,7,23076508,300091,Midwest Energy & Communications,50,1,X,MI,88274b11e3fffff
260270016004023,1000,1000,2,23076508,300091,Midwest Energy & Communications,50,1,X,MI,88274b11e1fffff
260270016004024,1000,1000,10,23076508,300091,Midwest Energy & Communications,50,1,X,MI,88274b1a95fffff
260270016004025,1000,1000,7,23076508,300091,Midwest Energy & Communications,50,1,X,MI,88274b1a9bfffff
260270016004026,1000,1000,17,23076508,300091,Midwest Energy & Communications,50,1,X,MI,88274b11b5fffff
260270016004027,1000,1000,8,23076508,300091,Midwest Energy & Communications,50,1,X,MI,88274b11bdfffff
260270016004028,1000,1000,7,23076508,300091,Midwest Energy & Communications,50,1,X,MI,88274b11b5fffff
260270016004029,1000,1000,12,23076508,300091,Midwest Energy & Communications,50,1,X,MI,88274b0343fffff
260270016004031,1000,1000,23,23076508,300091,Midwest Energy & Communications,50,1,X,MI,88274b1a93fffff
260270016004032,1000,1000,30,23076508,300091,Midwest Energy & Communications,50,1,X,MI,88274b1a93fffff
260270016004033,1000,1000,20,23076508,300091,Midwest Energy & Communications,50,1,X,MI,88274b036bfffff
260270016004034,1000,1000,14,23076508,300091,Midwest Energy & Communications,50,1,X,MI,88274b0345fffff
260270016004035,1000,1000,22,23076508,300091,Midwest Energy & Communications,50,1,X,MI,88274b0347fffff
260270016004036,1000,1000,5,23076508,300091,Midwest Energy & Communications,50,1,X,MI,88274b0357fffff
260270017011000,1000,1000,9,23076508,300091,Midwest Energy & Communications,50,1,X,MI,88274bc659fffff
260270017011002,1000,1000,2,23076508,300091,Midwest Energy & Communications,50,1,X,MI,88274bc65dfffff
260270017011005,1000,1000,1,23076508,300091,Midwest Energy & Communications,50,1,X,MI,88274bc60dfffff
260270017011007,1000,1000,2,23076508,300091,Midwest Energy & Communications,50,1,X,MI,88274bc629fffff
260270017011009,1000,1000,9,23076508,300091,Midwest Energy & Communications,50,1,X,MI,88274bc753fffff
260270017011010,1000,1000,1,23076508,300091,Midwest Energy & Communications,50,1,X,MI,88274bc719fffff
260270017011011,1000,1000,2,23076508,300091,Midwest Energy & Communications,50,1,X,MI,88274bc753fffff
260270017011012,1000,1000,4,23076508,300091,Midwest Energy & Communications,50,1,X,MI,88274bc70bfffff
260270017011013,1000,1000,3,23076508,300091,Midwest Energy & Communications,50,1,X,MI,88274bc625fffff
260270017011014,1000,1000,4,23076508,300091,Midwest Energy & Communications,50,1,X,MI,88274bc719fffff
260270017011015,1000,1000,4,23076508,300091,Midwest Energy & Communications,50,1,X,MI,88274bc757fffff
260270017011016,1000,1000,6,23076508,300091,Midwest Energy & Communications,50,1,X,MI,88274bc70bfffff
260270017011017,1000,1000,11,23076508,300091,Midwest Energy & Communications,50,1,X,MI,88274bc469fffff
260270017011018,1000,1000,1,23076508,300091,Midwest Energy & Communications,50,1,X,MI,88274bc71bfffff
260270017011019,1000,1000,1,23076508,300091,Midwest Energy & Communications,50,1,X,MI,88274bc71dfffff
260270017011022,1000,1000,6,23076508,300091,Midwest Energy & Communications,50,1,X,MI,88274bc715fffff
260270017011023,1000,1000,2,23076508,300091,Midwest Energy & Communications,50,1,X,MI,88274bc73bfffff
260270017011024,1000,1000,6,23076508,300091,Midwest Energy & Communications,50,1,X,MI,88274bc73bfffff
260270017011025,1000,1000,1,23076508,300091,Midwest Energy & Communications,50,1,X,MI,88274bc465fffff
260270017011026,1000,1000,5,23076508,300091,Midwest Energy & Communications,50,1,X,MI,88274bc461fffff
260270017011027,1000,1000,2,23076508,300091,Midwest Energy & Communications,50,1,X,MI,88274bc461fffff
260270017011028,1000,1000,1,23076508,300091,Midwest Energy & Communications,50,1,X,MI,88274bc73bfffff
260270017011029,1000,1000,7,23076508,300091,Midwest Energy & Communications,50,1,X,MI,88274bc409fffff
260270017011030,1000,1000,3,23076508,300091,Midwest Energy & Communications,50,1,X,MI,88274bc625fffff
260270017011031,1000,1000,1,23076508,300091,Midwest Energy & Communications,50,1,X,MI,88274bc627fffff
260270017011033,1000,1000,1,23076508,300091,Midwest Energy & Communications,50,1,X,MI,88274bc635fffff
260270017011034,1000,1000,11,23076508,300091,Midwest Energy & Communications,50,1,X,MI,88274bc449fffff
260270017011036,1000,1000,5,23076508,300091,Midwest Energy & Communications,50,1,X,MI,88274bc63dfffff
260270017011038,1000,1000,3,23076508,300091,Midwest Energy & Communications,50,1,X,MI,88274bc603fffff
260270017011042,1000,1000,3,23076508,300091,Midwest Energy & Communications,50,1,X,MI,88274bc619fffff
260270017011043,1000,1000,1,23076508,300091,Midwest Energy & Communications,50,1,X,MI,88274bc61bfffff
260270017011044,1000,1000,7,23076508,300091,Midwest Energy & Communications,50,1,X,MI,88274bc45dfffff
260270017011046,1000,1000,5,23076508,300091,Midwest Energy & Communications,50,1,X,MI,88274bc613fffff
260270017011047,1000,1000,11,23076508,300091,Midwest Energy & Communications,50,1,X,MI,88274bc6cdfffff
260270017011048,1000,1000,4,23076508,300091,Midwest Energy & Communications,50,1,X,MI,88274bc6cdfffff
260270017011049,1000,1000,2,23076508,300091,Midwest Energy & Communications,50,1,X,MI,88274bc6e9fffff
260270017011050,1000,1000,5,23076508,300091,Midwest Energy & Communications,50,1,X,MI,88274bc6e5fffff
260270017011051,1000,1000,23,23076508,300091,Midwest Energy & Communications,50,1,X,MI,88274bc6e5fffff
260270017011052,1000,1000,21,23076508,300091,Midwest Energy & Communications,50,1,X,MI,88274bc453fffff
260270017011054,1000,1000,7,23076508,300091,Midwest Energy & Communications,50,1,X,MI,88274bc455fffff
260270017011055,1000,1000,9,23076508,300091,Midwest Energy & Communications,50,1,X,MI,88274bc6abfffff
260270017011056,1000,1000,11,23076508,300091,Midwest Energy & Communications,50,1,X,MI,88274bc6abfffff
260270017011057,1000,1000,49,23076508,300091,Midwest Energy & Communications,50,1,X,MI,88274bc6e3fffff
260270017011058,1000,1000,4,23076508,300091,Midwest Energy & Communications,50,1,X,MI,88274bc6c1fffff
260270017011061,1000,1000,18,23076508,300091,Midwest Energy & Communications,50,1,X,MI,88274bc411fffff
260270017011062,1000,1000,21,23076508,300091,Midwest Energy & Communications,50,1,X,MI,88274bc403fffff
260270017011063,1000,1000,6,23076508,300091,Midwest Energy & Communications,50,1,X,MI,88274bc41dfffff
260270017011065,1000,1000,14,23076508,300091,Midwest Energy & Communications,50,1,X,MI,88274bc413fffff
260270017011066,1000,1000,12,23076508,300091,Midwest Energy & Communications,50,1,X,MI,88274bc43bfffff
260270017011067,1000,1000,11,23076508,300091,Midwest Energy & Communications,50,1,X,MI,88274bc435fffff
260270017011068,1000,1000,6,23076508,300091,Midwest Energy & Communications,50,1,X,MI,88274bc401fffff
260270017011069,1000,1000,4,23076508,300091,Midwest Energy & Communications,50,1,X,MI,88274bc463fffff
260270017011070,1000,1000,7,23076508,300091,Midwest Energy & Communications,50,1,X,MI,88274bc463fffff
260270017011071,1000,1000,2,23076508,300091,Midwest Energy & Communications,50,1,X,MI,88274bc5ddfffff
260270017011072,1000,1000,3,23076508,300091,Midwest Energy & Communications,50,1,X,MI,88274bc43dfffff
260270017011073,1000,1000,1,23076508,300091,Midwest Energy & Communications,50,1,X,MI,88274bc43dfffff
260270017011074,1000,1000,2,23076508,300091,Midwest Energy & Communications,50,1,X,MI,88274bc405fffff
260270017011075,1000,1000,2,23076508,300091,Midwest Energy & Communications,50,1,X,MI,88274bc423fffff
260270017011076,1000,1000,18,23076508,300091,Midwest Energy & Communications,50,1,X,MI,88274bc429fffff
260270017011077,1000,1000,1,23076508,300091,Midwest Energy & Communications,50,1,X,MI,88274bc421fffff
260270017011078,1000,1000,2,23076508,300091,Midwest Energy & Communications,50,1,X,MI,88274bc427fffff
260270017011079,1000,1000,3,23076508,300091,Midwest Energy & Communications,50,1,X,MI,88274bc5c1fffff
260270017011080,1000,1000,1,23076508,300091,Midwest Energy & Communications,50,1,X,MI,88274bc5c9fffff
260270017011084,1000,1000,1,23076508,300091,Midwest Energy & Communications,50,1,X,MI,88274bc5cbfffff
260270017011088,1000,1000,4,23076508,300091,Midwest Energy & Communications,50,1,X,MI,88274bc4cdfffff
260270017011089,1000,1000,103,23076508,300091,Midwest Energy & Communications,50,1,X,MI,88274bc6abfffff
260270017011091,1000,1000,7,23076508,300091,Midwest Energy & Communications,50,1,X,MI,88274bc6b5fffff
260270017011092,1000,1000,8,23076508,300091,Midwest Energy & Communications,50,1,X,MI,88274bc6bbfffff
260270017012000,1000,1000,17,23076508,300091,Midwest Energy & Communications,50,1,X,MI,88274b8947fffff
260270017012001,1000,1000,149,23076508,300091,Midwest Energy & Communications,50,1,X,MI,88274b8905fffff
260270017012003,1000,1000,37,23076508,300091,Midwest Energy & Communications,50,1,X,MI,88274b8907fffff
260270017012004,1000,1000,65,23076508,300091,Midwest Energy & Communications,50,1,X,MI,88274b8923fffff
260270017012005,1000,1000,2,23076508,300091,Midwest Energy & Communications,50,1,X,MI,88274b8923fffff
260270017012007,1000,1000,21,23076508,300091,Midwest Energy & Communications,50,1,X,MI,88274b893bfffff
260270017012008,1000,1000,38,23076508,300091,Midwest Energy & Communications,50,1,X,MI,88274bc6cdfffff
260270017012009,1000,1000,21,23076508,300091,Midwest Energy & Communications,50,1,X,MI,88274b8927fffff
260270017012011,1000,1000,50,23076508,300091,Midwest Energy & Communications,50,1,X,MI,88274bc6d7fffff
260270017012012,1000,1000,2,23076508,300091,Midwest Energy & Communications,50,1,X,MI,88274bc6d9fffff
260270017012013,1000,1000,2,23076508,300091,Midwest Energy & Communications,50,1,X,MI,88274bc6d1fffff
260270017012014,1000,1000,14,23076508,300091,Midwest Energy & Communications,50,1,X,MI,88274b89e1fffff
260270017012016,1000,1000,3,23076508,300091,Midwest Energy & Communications,50,1,X,MI,88274bc68bfffff
260270017012017,1000,1000,1,23076508,300091,Midwest Energy & Communications,50,1,X,MI,88274bc699fffff
260270017012018,1000,1000,1,23076508,300091,Midwest Energy & Communications,50,1,X,MI,88274bc6d7fffff
260270017012019,1000,1000,1,23076508,300091,Midwest Energy & Communications,50,1,X,MI,88274bc6d7fffff
260270017012021,1000,1000,5,23076508,300091,Midwest Energy & Communications,50,1,X,MI,88274bc6b9fffff
260270017012022,1000,1000,11,23076508,300091,Midwest Energy & Communications,50,1,X,MI,88274bc6bbfffff
260270017012023,1000,1000,9,23076508,300091,Midwest Energy & Communications,50,1,X,MI,88274bc691fffff
260270017012024,1000,1000,5,23076508,300091,Midwest Energy & Communications,50,1,X,MI,88274bc69bfffff
260270017012025,1000,1000,14,23076508,300091,Midwest Energy & Communications,50,1,X,MI,88274b89a3fffff
260270017012026,1000,1000,1,23076508,300091,Midwest Energy & Communications,50,1,X,MI,88274b89bdfffff
260270017013000,1000,1000,3,23076508,300091,Midwest Energy & Communications,50,1,X,MI,88274b8911fffff
260270017013001,1000,1000,7,23076508,300091,Midwest Energy & Communications,50,1,X,MI,88274b8911fffff
260270017013002,1000,1000,6,23076508,300091,Midwest Energy & Communications,50,1,X,MI,88274b8917fffff
260270017013003,1000,1000,7,23076508,300091,Midwest Energy & Communications,50,1,X,MI,88274b8917fffff
260270017013004,1000,1000,7,23076508,300091,Midwest Energy & Communications,50,1,X,MI,88274b8917fffff
260270017013005,1000,1000,3,23076508,300091,Midwest Energy & Communications,50,1,X,MI,88274b8917fffff
260270017013006,1000,1000,8,23076508,300091,Midwest Energy & Communications,50,1,X,MI,88274b8917fffff
260270017013007,1000,1000,8,23076508,300091,Midwest Energy & Communications,50,1,X,MI,88274b8917fffff
260270017013008,1000,1000,9,23076508,300091,Midwest Energy & Communications,50,1,X,MI,88274b8917fffff
260270017013009,1000,1000,8,23076508,300091,Midwest Energy & Communications,50,1,X,MI,88274b8917fffff
260270017013010,1000,1000,1,23076508,300091,Midwest Energy & Communications,50,1,X,MI,88274b8911fffff
260270017013011,1000,1000,6,23076508,300091,Midwest Energy & Communications,50,1,X,MI,88274b8917fffff
260270017013012,1000,1000,7,23076508,300091,Midwest Energy & Communications,50,1,X,MI,88274b8917fffff
260270017013013,1000,1000,9,23076508,300091,Midwest Energy & Communications,50,1,X,MI,88274b8917fffff
260270017013014,1000,1000,6,23076508,300091,Midwest Energy & Communications,50,1,X,MI,88274b8917fffff
260270017013015,1000,1000,6,23076508,300091,Midwest Energy & Communications,50,1,X,MI,88274b8917fffff
260270017013016,1000,1000,9,23076508,300091,Midwest Energy & Communications,50,1,X,MI,88274b8917fffff
260270017013017,1000,1000,2,23076508,300091,Midwest Energy & Communications,50,1,X,MI,88274b8917fffff
260270017013018,1000,1000,13,23076508,300091,Midwest Energy & Communications,50,1,X,MI,88274b8917fffff
260270017013019,1000,1000,8,23076508,300091,Midwest Energy & Communications,50,1,X,MI,88274b8917fffff
260270017013020,1000,1000,15,23076508,300091,Midwest Energy & Communications,50,1,X,MI,88274b8911fffff
260270017013021,1000,1000,1,23076508,300091,Midwest Energy & Communications,50,1,X,MI,88274b8913fffff
260270017013022,1000,1000,6,23076508,300091,Midwest Energy & Communications,50,1,X,MI,88274b8913fffff
260270017013023,1000,1000,6,23076508,300091,Midwest Energy & Communications,50,1,X,MI,88274b8917fffff
260270017013024,1000,1000,3,23076508,300091,Midwest Energy & Communications,50,1,X,MI,88274b8917fffff
260270017013025,1000,1000,15,23076508,300091,Midwest Energy & Communications,50,1,X,MI,88274b8917fffff
260270017013026,1000,1000,9,23076508,300091,Midwest Energy & Communications,50,1,X,MI,88274b8917fffff
260270017013027,1000,1000,6,23076508,300091,Midwest Energy & Communications,50,1,X,MI,88274b8917fffff
260270017013028,1000,1000,8,23076508,300091,Midwest Energy & Communications,50,1,X,MI,88274b8917fffff
260270017013029,1000,1000,10,23076508,300091,Midwest Energy & Communications,50,1,X,MI,88274b8917fffff
260270017013030,1000,1000,7,23076508,300091,Midwest Energy & Communications,50,1,X,MI,88274b8917fffff
260270017013031,1000,1000,9,23076508,300091,Midwest Energy & Communications,50,1,X,MI,88274b8917fffff
260270017013032,1000,1000,7,23076508,300091,Midwest Energy & Communications,50,1,X,MI,88274b8917fffff
260270017013033,1000,1000,7,23076508,300091,Midwest Energy & Communications,50,1,X,MI,88274b8917fffff
260270017013034,1000,1000,7,23076508,300091,Midwest Energy & Communications,50,1,X,MI,88274b8917fffff
260270017013035,1000,1000,9,23076508,300091,Midwest Energy & Communications,50,1,X,MI,88274b8913fffff
260270017013036,1000,1000,64,23076508,300091,Midwest Energy & Communications,50,1,X,MI,88274b89e9fffff
260270017013037,1000,1000,4,23076508,300091,Midwest Energy & Communications,50,1,X,MI,88274b8913fffff
260270017013038,1000,1000,8,23076508,300091,Midwest Energy & Communications,50,1,X,MI,88274b89e9fffff
260270017013039,1000,1000,10,23076508,300091,Midwest Energy & Communications,50,1,X,MI,88274b89e9fffff
260270017013040,1000,1000,5,23076508,300091,Midwest Energy & Communications,50,1,X,MI,88274b89e9fffff
260270017013041,1000,1000,11,23076508,300091,Midwest Energy & Communications,50,1,X,MI,88274b89e9fffff
260270017013042,1000,1000,1,23076508,300091,Midwest Energy & Communications,50,1,X,MI,88274b89e9fffff
260270017013043,1000,1000,5,23076508,300091,Midwest Energy & Communications,50,1,X,MI,88274b89e9fffff
260270017013044,1000,1000,8,23076508,300091,Midwest Energy & Communications,50,1,X,MI,88274b89e9fffff
260270017013045,1000,1000,15,23076508,300091,Midwest Energy & Communications,50,1,X,MI,88274b89cdfffff
260270017013046,1000,1000,5,23076508,300091,Midwest Energy & Communications,50,1,X,MI,88274b89ebfffff
260270017013047,1000,1000,8,23076508,300091,Midwest Energy & Communications,50,1,X,MI,88274b89e5fffff
260270017013048,1000,1000,1,23076508,300091,Midwest Energy & Communications,50,1,X,MI,88274b89edfffff
260270017013050,1000,1000,3,23076508,300091,Midwest Energy & Communications,50,1,X,MI,88274b89edfffff
260270017013051,1000,1000,6,23076508,300091,Midwest Energy & Communications,50,1,X,MI,88274b8917fffff
260270017013052,1000,1000,8,23076508,300091,Midwest Energy & Communications,50,1,X,MI,88274b8917fffff
260270017013053,1000,1000,10,23076508,300091,Midwest Energy & Communications,50,1,X,MI,88274b8917fffff
260270017013054,1000,1000,6,23076508,300091,Midwest Energy & Communications,50,1,X,MI,88274b8917fffff
260270017013055,1000,1000,8,23076508,300091,Midwest Energy & Communications,50,1,X,MI,88274b8917fffff
260270017013056,1000,1000,4,23076508,300091,Midwest Energy & Communications,50,1,X,MI,88274b8917fffff
260270017013057,1000,1000,8,23076508,300091,Midwest Energy & Communications,50,1,X,MI,88274b8917fffff
260270017013058,1000,1000,2,23076508,300091,Midwest Energy & Communications,50,1,X,MI,88274b893bfffff
260270017013059,1000,1000,9,23076508,300091,Midwest Energy & Communications,50,1,X,MI,88274b89edfffff
260270017013060,1000,1000,3,23076508,300091,Midwest Energy & Communications,50,1,X,MI,88274b8917fffff
260270017013061,1000,1000,9,23076508,300091,Midwest Energy & Communications,50,1,X,MI,88274b89edfffff
260270017013062,1000,1000,7,23076508,300091,Midwest Energy & Communications,50,1,X,MI,88274b89edfffff
260270017013065,1000,1000,6,23076508,300091,Midwest Energy & Communications,50,1,X,MI,88274b89edfffff
260270017013066,1000,1000,7,23076508,300091,Midwest Energy & Communications,50,1,X,MI,88274b89edfffff
260270017013067,1000,1000,6,23076508,300091,Midwest Energy & Communications,50,1,X,MI,88274b89e9fffff
260270017013068,1000,1000,6,23076508,300091,Midwest Energy & Communications,50,1,X,MI,88274b89e9fffff
260270017013069,1000,1000,7,23076508,300091,Midwest Energy & Communications,50,1,X,MI,88274b8917fffff
260270017013070,1000,1000,3,23076508,300091,Midwest Energy & Communications,50,1,X,MI,88274b8917fffff
260270017013071,1000,1000,16,23076508,300091,Midwest Energy & Communications,50,1,X,MI,88274b89e9fffff
260270017013072,1000,1000,11,23076508,300091,Midwest Energy & Communications,50,1,X,MI,88274b89e9fffff
260270017013073,1000,1000,7,23076508,300091,Midwest Energy & Communications,50,1,X,MI,88274b8917fffff
260270017013074,1000,1000,8,23076508,300091,Midwest Energy & Communications,50,1,X,MI,88274b8917fffff
260270017013075,1000,1000,6,23076508,300091,Midwest Energy & Communications,50,1,X,MI,88274b89e9fffff
260270017021000,1000,1000,2,23076508,300091,Midwest Energy & Communications,50,1,X,MI,88274b8867fffff
260270017021001,1000,1000,6,23076508,300091,Midwest Energy & Communications,50,1,X,MI,88274b8b33fffff
260270017021002,1000,1000,3,23076508,300091,Midwest Energy & Communications,50,1,X,MI,88274b8953fffff
260270017021003,1000,1000,9,23076508,300091,Midwest Energy & Communications,50,1,X,MI,88274b894bfffff
260270017021004,1000,1000,54,23076508,300091,Midwest Energy & Communications,50,1,X,MI,88274b8943fffff
260270017021005,1000,1000,6,23076508,300091,Midwest Energy & Communications,50,1,X,MI,88274b8943fffff
260270017021006,1000,1000,53,23076508,300091,Midwest Energy & Communications,50,1,X,MI,88274b8903fffff
260270017021007,1000,1000,4,23076508,300091,Midwest Energy & Communications,50,1,X,MI,88274b882dfffff
260270017021008,1000,1000,1,23076508,300091,Midwest Energy & Communications,50,1,X,MI,88274b882dfffff
260270017021009,1000,1000,1,23076508,300091,Midwest Energy & Communications,50,1,X,MI,88274b8861fffff
260270017021010,1000,1000,2,23076508,300091,Midwest Energy & Communications,50,1,X,MI,88274b8829fffff
260270017021011,1000,1000,4,23076508,300091,Midwest Energy & Communications,50,1,X,MI,88274b8825fffff
260270017021012,1000,1000,2,23076508,300091,Midwest Energy & Communications,50,1,X,MI,88274b8919fffff
260270017021013,1000,1000,5,23076508,300091,Midwest Energy & Communications,50,1,X,MI,88274b8823fffff
260270017021014,1000,1000,4,23076508,300091,Midwest Energy & Communications,50,1,X,MI,88274b8821fffff
260270017021015,1000,1000,5,23076508,300091,Midwest Energy & Communications,50,1,X,MI,88274b89cdfffff
260270017021018,1000,1000,15,23076508,300091,Midwest Energy & Communications,50,1,X,MI,88274b8823fffff
260270017021019,1000,1000,5,23076508,300091,Midwest Energy & Communications,50,1,X,MI,88274b8835fffff
260270017021021,1000,1000,4,23076508,300091,Midwest Energy & Communications,50,1,X,MI,88274b8835fffff
260270017021024,1000,1000,14,23076508,300091,Midwest Energy & Communications,50,1,X,MI,88274b89d9fffff
260270017021028,1000,1000,11,23076508,300091,Midwest Energy & Communications,50,1,X,MI,88274b89e3fffff
260270017021031,1000,1000,1,23076508,300091,Midwest Energy & Communications,50,1,X,MI,88274b89c5fffff
260270017021032,1000,1000,10,23076508,300091,Midwest Energy & Communications,50,1,X,MI,88274b8981fffff
260270017021034,1000,1000,11,23076508,300091,Midwest Energy & Communications,50,1,X,MI,88274b89bdfffff
260270017021035,1000,1000,23,23076508,300091,Midwest Energy & Communications,50,1,X,MI,88274b898bfffff
260270017021036,1000,1000,13,23076508,300091,Midwest Energy & Communications,50,1,X,MI,88274b89ddfffff
260270017021037,1000,1000,41,23076508,300091,Midwest Energy & Communications,50,1,X,MI,88274b898bfffff
260270017021038,1000,1000,5,23076508,300091,Midwest Energy & Communications,50,1,X,MI,88274b8983fffff
260270017021039,1000,1000,4,23076508,300091,Midwest Energy & Communications,50,1,X,MI,88274b8995fffff
260270017021040,1000,1000,11,23076508,300091,Midwest Energy & Communications,50,1,X,MI,88274b899bfffff
260270017021041,1000,1000,16,23076508,300091,Midwest Energy & Communications,50,1,X,MI,88274b124dfffff
260270017021042,1000,1000,25,23076508,300091,Midwest Energy & Communications,50,1,X,MI,88274b89b5fffff
260270017021044,1000,1000,14,23076508,300091,Midwest Energy & Communications,50,1,X,MI,88274b1345fffff
260270017021045,1000,1000,6,23076508,300091,Midwest Energy & Communications,50,1,X,MI,88274b1369fffff
260270017021046,1000,1000,4,23076508,300091,Midwest Energy & Communications,50,1,X,MI,88274b1361fffff
260270017021047,1000,1000,9,23076508,300091,Midwest Energy & Communications,50,1,X,MI,88274bc6bbfffff
260270017021048,1000,1000,14,23076508,300091,Midwest Energy & Communications,50,1,X,MI,88274b132bfffff
260270017021049,1000,1000,10,23076508,300091,Midwest Energy & Communications,50,1,X,MI,88274b135dfffff
260270017021050,1000,1000,11,23076508,300091,Midwest Energy & Communications,50,1,X,MI,88274b89b7fffff
260270017021051,1000,1000,6,23076508,300091,Midwest Energy & Communications,50,1,X,MI,88274b135bfffff
260270017021052,1000,1000,9,23076508,300091,Midwest Energy & Communications,50,1,X,MI,88274b89bbfffff
260270017021053,1000,1000,19,23076508,300091,Midwest Energy & Communications,50,1,X,MI,88274b1225fffff
260270017021054,1000,1000,19,23076508,300091,Midwest Energy & Communications,50,1,X,MI,88274b1305fffff
260270017021055,1000,1000,9,23076508,300091,Midwest Energy & Communications,50,1,X,MI,88274b133dfffff
260270017021058,1000,1000,8,23076508,300091,Midwest Energy & Communications,50,1,X,MI,88274b126bfffff
260270017021059,1000,1000,3,23076508,300091,Midwest Energy & Communications,50,1,X,MI,88274b1269fffff
260270017021060,1000,1000,5,23076508,300091,Midwest Energy & Communications,50,1,X,MI,88274b1247fffff
260270017021062,1000,1000,14,23076508,300091,Midwest Energy & Communications,50,1,X,MI,88274b122dfffff
260270017021063,1000,1000,9,23076508,300091,Midwest Energy & Communications,50,1,X,MI,88274b120dfffff
260270017021065,1000,1000,11,23076508,300091,Midwest Energy & Communications,50,1,X,MI,88274b1209fffff
260270017021066,1000,1000,25,23076508,300091,Midwest Energy & Communications,50,1,X,MI,88274b1209fffff
260270017021067,1000,1000,12,23076508,300091,Midwest Energy & Communications,50,1,X,MI,88274b1321fffff
260270017021068,1000,1000,2,23076508,300091,Midwest Energy & Communications,50,1,X,MI,88274b1335fffff
260270017022000,1000,1000,22,23076508,300091,Midwest Energy & Communications,50,1,X,MI,88274b1207fffff
260270017022001,1000,1000,1,23076508,300091,Midwest Energy & Communications,50,1,X,MI,88274b1223fffff
260270017022003,1000,1000,10,23076508,300091,Midwest Energy & Communications,50,1,X,MI,88274b1221fffff
260270017022004,1000,1000,12,23076508,300091,Midwest Energy & Communications,50,1,X,MI,88274b1227fffff
260270017022005,1000,1000,10,23076508,300091,Midwest Energy & Communications,50,1,X,MI,88274b1311fffff
260270017022007,1000,1000,1,23076508,300091,Midwest Energy & Communications,50,1,X,MI,88274b1333fffff
260270017022009,1000,1000,8,23076508,300091,Midwest Energy & Communications,50,1,X,MI,88274b115dfffff
260270017022010,1000,1000,8,23076508,300091,Midwest Energy & Communications,50,1,X,MI,88274b115dfffff
260270017022012,1000,1000,2,23076508,300091,Midwest Energy & Communications,50,1,X,MI,88274b1049fffff
260270017022013,1000,1000,5,23076508,300091,Midwest Energy & Communications,50,1,X,MI,88274b1235fffff
260270017022014,1000,1000,1,23076508,300091,Midwest Energy & Communications,50,1,X,MI,88274b123dfffff
260270017022016,1000,1000,68,23076508,300091,Midwest Energy & Communications,50,1,X,MI,88274b123bfffff
260270017022018,1000,1000,59,23076508,300091,Midwest Energy & Communications,50,1,X,MI,88274b115bfffff
260270017022020,1000,1000,14,23076508,300091,Midwest Energy & Communications,50,1,X,MI,88274b1151fffff
260270017022021,1000,1000,7,23076508,300091,Midwest Energy & Communications,50,1,X,MI,88274b1155fffff
260270017022022,1000,1000,1,23076508,300091,Midwest Energy & Communications,50,1,X,MI,88274b1235fffff
260270017022023,1000,1000,13,23076508,300091,Midwest Energy & Communications,50,1,X,MI,88274b123bfffff
260270017022024,1000,1000,9,23076508,300091,Midwest Energy & Communications,50,1,X,MI,88274b1237fffff
260270017022025,1000,1000,5,23076508,300091,Midwest Energy & Communications,50,1,X,MI,88274b1235fffff
260270017022026,1000,1000,2,23076508,300091,Midwest Energy & Communications,50,1,X,MI,88274b1235fffff
260270017022027,1000,1000,5,23076508,300091,Midwest Energy & Communications,50,1,X,MI,88274b1059fffff
260270017022028,1000,1000,30,23076508,300091,Midwest Energy & Communications,50,1,X,MI,88274b12e7fffff
260270017022029,1000,1000,1,23076508,300091,Midwest Energy & Communications,50,1,X,MI,88274b12e5fffff
260270017022030,1000,1000,1,23076508,300091,Midwest Energy & Communications,50,1,X,MI,88274b105bfffff
260270017022031,1000,1000,20,23076508,300091,Midwest Energy & Communications,50,1,X,MI,88274b1053fffff
260270017022032,1000,1000,3,23076508,300091,Midwest Energy & Communications,50,1,X,MI,88274b1051fffff
260270017022033,1000,1000,9,23076508,300091,Midwest Energy & Communications,50,1,X,MI,88274b1051fffff
260270017022035,1000,1000,4,23076508,300091,Midwest Energy & Communications,50,1,X,MI,88274b1043fffff
260270017022036,1000,1000,13,23076508,300091,Midwest Energy & Communications,50,1,X,MI,88274b106bfffff
260270017022037,1000,1000,25,23076508,300091,Midwest Energy & Communications,50,1,X,MI,88274b1063fffff
260270017022038,1000,1000,4,23076508,300091,Midwest Energy & Communications,50,1,X,MI,88274b1061fffff
260270017022039,1000,1000,2,23076508,300091,Midwest Energy & Communications,50,1,X,MI,88274b1005fffff
260270017022040,1000,1000,3,23076508,300091,Midwest Energy & Communications,50,1,X,MI,88274b1005fffff
260270017022041,1000,1000,1,23076508,300091,Midwest Energy & Communications,50,1,X,MI,88274b1005fffff
260270017022042,1000,1000,4,23076508,300091,Midwest Energy & Communications,50,1,X,MI,88274b1063fffff
260270017022044,1000,1000,29,23076508,300091,Midwest Energy & Communications,50,1,X,MI,88274b1067fffff
260270017022046,1000,1000,3,23076508,300091,Midwest Energy & Communications,50,1,X,MI,88274b1063fffff
260270017022047,1000,1000,4,23076508,300091,Midwest Energy & Communications,50,1,X,MI,88274b1051fffff
260270017022049,1000,1000,1,23076508,300091,Midwest Energy & Communications,50,1,X,MI,88274b1043fffff
260270017022050,1000,1000,7,23076508,300091,Midwest Energy & Communications,50,1,X,MI,88274b100dfffff
260270017022051,1000,1000,5,23076508,300091,Midwest Energy & Communications,50,1,X,MI,88274b111dfffff
260270017022053,1000,1000,20,23076508,300091,Midwest Energy & Communications,50,1,X,MI,88274b1029fffff
260270017022054,1000,1000,16,23076508,300091,Midwest Energy & Communications,50,1,X,MI,88274b1157fffff
260270017022060,1000,1000,1,23076508,300091,Midwest Energy & Communications,50,1,X,MI,88274b1001fffff
260270017022067,1000,1000,1,23076508,300091,Midwest Energy & Communications,50,1,X,MI,88274b102bfffff
260270017022068,1000,1000,21,23076508,300091,Midwest Energy & Communications,50,1,X,MI,88274b12adfffff
260270017022069,1000,1000,4,23076508,300091,Midwest Energy & Communications,50,1,X,MI,88274b12e7fffff
260270017022070,1000,1000,4,23076508,300091,Midwest Energy & Communications,50,1,X,MI,88274b12e7fffff
260270018011000,1000,1000,7,23076508,300091,Midwest Energy & Communications,50,1,X,MI,88274b0b45fffff
260270018011001,1000,1000,11,23076508,300091,Midwest Energy & Communications,50,1,X,MI,88274b5693fffff
260270018011002,1000,1000,44,23076508,300091,Midwest Energy & Communications,50,1,X,MI,88274b0b6dfffff
260270018011003,1000,1000,69,23076508,300091,Midwest Energy & Communications,50,1,X,MI,88274b0b2dfffff
260270018011004,1000,1000,34,23076508,300091,Midwest Energy & Communications,50,1,X,MI,88274b54c3fffff
260270018011005,1000,1000,3,23076508,300091,Midwest Energy & Communications,50,1,X,MI,88274b54d5fffff
260270018011011,1000,1000,57,23076508,300091,Midwest Energy & Communications,50,1,X,MI,88274b0b61fffff
260270018011012,1000,1000,22,23076508,300091,Midwest Energy & Communications,50,1,X,MI,88274b0b43fffff
260270018011013,1000,1000,14,23076508,300091,Midwest Energy & Communications,50,1,X,MI,88274b0b29fffff
260270018011017,1000,1000,3,23076508,300091,Midwest Energy & Communications,50,1,X,MI,88274b548bfffff
260270018011018,1000,1000,123,23076508,300091,Midwest Energy & Communications,50,1,X,MI,88274b0b21fffff
260270018011019,1000,1000,43,23076508,300091,Midwest Energy & Communications,50,1,X,MI,88274b0b39fffff
260270018011020,1000,1000,17,23076508,300091,Midwest Energy & Communications,50,1,X,MI,88274b0b31fffff
260270018011022,1000,1000,17,23076508,300091,Midwest Energy & Communications,50,1,X,MI,88274b0b35fffff
260270018011023,1000,1000,22,23076508,300091,Midwest Energy & Communications,50,1,X,MI,88274b0949fffff
260270018011024,1000,1000,24,23076508,300091,Midwest Energy & Communications,50,1,X,MI,88274b094dfffff
260270018011025,1000,1000,26,23076508,300091,Midwest Energy & Communications,50,1,X,MI,88274b094dfffff
260270018011026,1000,1000,35,23076508,300091,Midwest Energy & Communications,50,1,X,MI,88274b548bfffff
260270018011027,1000,1000,2,23076508,300091,Midwest Energy & Communications,50,1,X,MI,88274b548bfffff
260270018011028,1000,1000,3,23076508,300091,Midwest Energy & Communications,50,1,X,MI,88274b548bfffff
260270018011030,1000,1000,10,23076508,300091,Midwest Energy & Communications,50,1,X,MI,88274b0969fffff
260270018011031,1000,1000,9,23076508,300091,Midwest Energy & Communications,50,1,X,MI,88274b5491fffff
260270018012005,1000,1000,20,23076508,300091,Midwest Energy & Communications,50,1,X,MI,88274b54b9fffff
260270018012006,1000,1000,11,23076508,300091,Midwest Energy & Communications,50,1,X,MI,88274b54a3fffff
260270018012007,1000,1000,17,23076508,300091,Midwest Energy & Communications,50,1,X,MI,88274b54b5fffff
260270018012008,1000,1000,2,23076508,300091,Midwest Energy & Communications,50,1,X,MI,88274b54b5fffff
260270018012009,1000,1000,12,23076508,300091,Midwest Energy & Communications,50,1,X,MI,88274b54b5fffff
260270018012010,1000,1000,47,23076508,300091,Midwest Energy & Communications,50,1,X,MI,88274b54b1fffff
260270018012011,1000,1000,12,23076508,300091,Midwest Energy & Communications,50,1,X,MI,88274b54b5fffff
260270018012012,1000,1000,15,23076508,300091,Midwest Energy & Communications,50,1,X,MI,88274b54b1fffff
260270018012013,1000,1000,11,23076508,300091,Midwest Energy & Communications,50,1,X,MI,88274b54b5fffff
260270018012014,1000,1000,5,23076508,300091,Midwest Energy & Communications,50,1,X,MI,88274b54bdfffff
260270018012015,1000,1000,30,23076508,300091,Midwest Energy & Communications,50,1,X,MI,88274b54b9fffff
260270018012016,1000,1000,29,23076508,300091,Midwest Energy & Communications,50,1,X,MI,88274b5495fffff
260270018012017,1000,1000,1,23076508,300091,Midwest Energy & Communications,50,1,X,MI,88274b5495fffff
260270018012018,1000,1000,90,23076508,300091,Midwest Energy & Communications,50,1,X,MI,88274b0969fffff
260270018012019,1000,1000,9,23076508,300091,Midwest Energy & Communications,50,1,X,MI,88274b54b3fffff
260270018012020,1000,1000,12,23076508,300091,Midwest Energy & Communications,50,1,X,MI,88274b096dfffff
260270018012021,1000,1000,9,23076508,300091,Midwest Energy & Communications,50,1,X,MI,88274b096dfffff
260270018012022,1000,1000,103,23076508,300091,Midwest Energy & Communications,50,1,X,MI,88274b4659fffff
260270018012023,1000,1000,23,23076508,300091,Midwest Energy & Communications,50,1,X,MI,88274b464bfffff
260270018021000,1000,1000,8,23076508,300091,Midwest Energy & Communications,50,1,X,MI,88274b199dfffff
260270018021002,1000,1000,1,23076508,300091,Midwest Energy & Communications,50,1,X,MI,88274b1995fffff
260270018021003,1000,1000,3,23076508,300091,Midwest Energy & Communications,50,1,X,MI,88274b19bbfffff
260270018021006,1000,1000,9,23076508,300091,Midwest Energy & Communications,50,1,X,MI,88274b19bbfffff
260270018021007,1000,1000,2,23076508,300091,Midwest Energy & Communications,50,1,X,MI,88274b19b3fffff
260270018021011,1000,1000,3,23076508,300091,Midwest Energy & Communications,50,1,X,MI,88274b0a67fffff
260270018021012,1000,1000,14,23076508,300091,Midwest Energy & Communications,50,1,X,MI,88274b0a67fffff
260270018021014,1000,1000,17,23076508,300091,Midwest Energy & Communications,50,1,X,MI,88274b0a67fffff
260270018021024,1000,1000,11,23076508,300091,Midwest Energy & Communications,50,1,X,MI,88274b0b53fffff
260270018021025,1000,1000,1,23076508,300091,Midwest Energy & Communications,50,1,X,MI,88274b0b53fffff
260270018022000,1000,1000,11,23076508,300091,Midwest Energy & Communications,50,1,X,MI,88274b19cdfffff
260270018022002,1000,1000,2,23076508,300091,Midwest Energy & Communications,50,1,X,MI,88274b19c5fffff
260270018022003,1000,1000,6,23076508,300091,Midwest Energy & Communications,50,1,X,MI,88274b19c7fffff
260270018022004,1000,1000,21,23076508,300091,Midwest Energy & Communications,50,1,X,MI,88274b19c5fffff
260270018022007,1000,1000,3,23076508,300091,Midwest Energy & Communications,50,1,X,MI,88274b19c3fffff
260270018022008,1000,1000,14,23076508,300091,Midwest Energy & Communications,50,1,X,MI,88274b19ddfffff
260270018022009,1000,1000,6,23076508,300091,Midwest Energy & Communications,50,1,X,MI,88274b19ddfffff
260270018022010,1000,1000,79,23076508,300091,Midwest Energy & Communications,50,1,X,MI,88274b1987fffff
260270018022011,1000,1000,15,23076508,300091,Midwest Energy & Communications,50,1,X,MI,88274b19e3fffff
260270018022012,1000,1000,7,23076508,300091,Midwest Energy & Communications,50,1,X,MI,88274b19e3fffff
260270018022013,1000,1000,60,23076508,300091,Midwest Energy & Communications,50,1,X,MI,88274b19e7fffff
260270018022016,1000,1000,28,23076508,300091,Midwest Energy & Communications,50,1,X,MI,88274b19e7fffff
260270018022017,1000,1000,2,23076508,300091,Midwest Energy & Communications,50,1,X,MI,88274b1983fffff
260270018022018,1000,1000,19,23076508,300091,Midwest Energy & Communications,50,1,X,MI,88274b1981fffff
260270018022019,1000,1000,27,23076508,300091,Midwest Energy & Communications,50,1,X,MI,88274b19d5fffff
260270018022020,1000,1000,17,23076508,300091,Midwest Energy & Communications,50,1,X,MI,88274b199dfffff
260270018022021,1000,1000,47,23076508,300091,Midwest Energy & Communications,50,1,X,MI,88274b199dfffff
260270018022022,1000,1000,2,23076508,300091,Midwest Energy & Communications,50,1,X,MI,88274b1983fffff
260270018023000,1000,1000,2,23076508,300091,Midwest Energy & Communications,50,1,X,MI,88274b1995fffff
260270018023001,1000,1000,15,23076508,300091,Midwest Energy & Communications,50,1,X,MI,88274b1995fffff
260270018023002,1000,1000,3,23076508,300091,Midwest Energy & Communications,50,1,X,MI,88274b1983fffff
260270018023003,1000,1000,8,23076508,300091,Midwest Energy & Communications,50,1,X,MI,88274b1987fffff
260270018023004,1000,1000,13,23076508,300091,Midwest Energy & Communications,50,1,X,MI,88274b19a3fffff
260270018023005,1000,1000,1,23076508,300091,Midwest Energy & Communications,50,1,X,MI,88274b0b41fffff
260270018023010,1000,1000,12,23076508,300091,Midwest Energy & Communications,50,1,X,MI,88274b19b9fffff
260270018023011,1000,1000,4,23076508,300091,Midwest Energy & Communications,50,1,X,MI,88274b19bbfffff
260270018023032,1000,1000,8,23076508,300091,Midwest Energy & Communications,50,1,X,MI,88274b0b57fffff
260270018023040,1000,1000,3,23076508,300091,Midwest Energy & Communications,50,1,X,MI,88274b0b51fffff
260270018023041,1000,1000,7,23076508,300091,Midwest Energy & Communications,50,1,X,MI,88274b0b57fffff
260270018023042,1000,1000,11,23076508,300091,Midwest Energy & Communications,50,1,X,MI,88274b0b57fffff
260270018024000,1000,1000,25,23076508,300091,Midwest Energy & Communications,50,1,X,MI,88274b0a2bfffff
260270018024001,1000,1000,87,23076508,300091,Midwest Energy & Communications,50,1,X,MI,88274b0a2dfffff
260270018024002,1000,1000,13,23076508,300091,Midwest Energy & Communications,50,1,X,MI,88274b0a21fffff
260270018024003,1000,1000,19,23076508,300091,Midwest Energy & Communications,50,1,X,MI,88274b0a21fffff
260270018024004,1000,1000,15,23076508,300091,Midwest Energy & Communications,50,1,X,MI,88274b0a27fffff
260270018024005,1000,1000,16,23076508,300091,Midwest Energy & Communications,50,1,X,MI,88274b0a2dfffff
260270018024006,1000,1000,11,23076508,300091,Midwest Energy & Communications,50,1,X,MI,88274b0a25fffff
260270018024007,1000,1000,12,23076508,300091,Midwest Energy & Communications,50,1,X,MI,88274b0a27fffff
260270018024008,1000,1000,23,23076508,300091,Midwest Energy & Communications,50,1,X,MI,88274b0b57fffff
260270018024009,1000,1000,14,23076508,300091,Midwest Energy & Communications,50,1,X,MI,88274b0b15fffff
260270018024011,1000,1000,31,23076508,300091,Midwest Energy & Communications,50,1,X,MI,88274b0b1bfffff
260270018024012,1000,1000,42,23076508,300091,Midwest Energy & Communications,50,1,X,MI,88274b0a27fffff
260270018024013,1000,1000,16,23076508,300091,Midwest Energy & Communications,50,1,X,MI,88274b0a27fffff
260270018024014,1000,1000,16,23076508,300091,Midwest Energy & Communications,50,1,X,MI,88274b0a27fffff
260270018024015,1000,1000,27,23076508,300091,Midwest Energy & Communications,50,1,X,MI,88274b0a21fffff
260270018024016,1000,1000,33,23076508,300091,Midwest Energy & Communications,50,1,X,MI,88274b0a23fffff
260270018024017,1000,1000,12,23076508,300091,Midwest Energy & Communications,50,1,X,MI,88274b0a23fffff
260270018024018,1000,1000,12,23076508,300091,Midwest Energy & Communications,50,1,X,MI,88274b0a23fffff
260270018024019,1000,1000,15,23076508,300091,Midwest Energy & Communications,50,1,X,MI,88274b0a07fffff
260270018024020,1000,1000,11,23076508,300091,Midwest Energy & Communications,50,1,X,MI,88274b0a2bfffff
260270018024021,1000,1000,2,23076508,300091,Midwest Energy & Communications,50,1,X,MI,88274b0a2bfffff
260270019011000,1000,1000,4,23076508,300091,Midwest Energy & Communications,50,1,X,MI,88274bce03fffff
260270019011001,1000,1000,2,23076508,300091,Midwest Energy & Communications,50,1,X,MI,88274bce15fffff
260270019011002,1000,1000,71,23076508,300091,Midwest Energy & Communications,50,1,X,MI,88274bce31fffff
260270019011003,1000,1000,2,23076508,300091,Midwest Energy & Communications,50,1,X,MI,88274bce3bfffff
260270019011004,1000,1000,24,23076508,300091,Midwest Energy & Communications,50,1,X,MI,88274bce33fffff
260270019011006,1000,1000,4,23076508,300091,Midwest Energy & Communications,50,1,X,MI,88274bce33fffff
260270019012000,1000,1000,43,23076508,300091,Midwest Energy & Communications,50,1,X,MI,88274bcc5dfffff
260270019012001,1000,1000,14,23076508,300091,Midwest Energy & Communications,50,1,X,MI,88274bcc43fffff
260270019012002,1000,1000,16,23076508,300091,Midwest Energy & Communications,50,1,X,MI,88274bcc63fffff
260270019012003,1000,1000,9,23076508,300091,Midwest Energy & Communications,50,1,X,MI,88274bcf1bfffff
260270019012004,1000,1000,36,23076508,300091,Midwest Energy & Communications,50,1,X,MI,88274bcc6dfffff
260270019012005,1000,1000,14,23076508,300091,Midwest Energy & Communications,50,1,X,MI,88274bcf31fffff
260270019012006,1000,1000,22,23076508,300091,Midwest Energy & Communications,50,1,X,MI,88274bcf31fffff
260270019012007,1000,1000,2,23076508,300091,Midwest Energy & Communications,50,1,X,MI,88274bcd5dfffff
260270019012008,1000,1000,9,23076508,300091,Midwest Energy & Communications,50,1,X,MI,88274bcd55fffff
260270019012009,1000,1000,3,23076508,300091,Midwest Energy & Communications,50,1,X,MI,88274bcd5dfffff
260270019012013,1000,1000,3,23076508,300091,Midwest Energy & Communications,50,1,X,MI,88274bcd5dfffff
260270019012015,1000,1000,2,23076508,300091,Midwest Energy & Communications,50,1,X,MI,88274bcd51fffff
260270019012016,1000,1000,8,23076508,300091,Midwest Energy & Communications,50,1,X,MI,88274bcd51fffff
260270019012025,1000,1000,4,23076508,300091,Midwest Energy & Communications,50,1,X,MI,88274bcc65fffff
260270019012026,1000,1000,7,23076508,300091,Midwest Energy & Communications,50,1,X,MI,88274bcc61fffff
260270019012027,1000,1000,6,23076508,300091,Midwest Energy & Communications,50,1,X,MI,88274bcc21fffff
260270019012028,1000,1000,13,23076508,300091,Midwest Energy & Communications,50,1,X,MI,88274bcc2dfffff
260270019012033,1000,1000,4,23076508,300091,Midwest Energy & Communications,50,1,X,MI,88274bcc25fffff
260270019012035,1000,1000,2,23076508,300091,Midwest Energy & Communications,50,1,X,MI,88274bcd57fffff
260270019012036,1000,1000,3,23076508,300091,Midwest Energy & Communications,50,1,X,MI,88274bcd19fffff
260270019012041,1000,1000,10,23076508,300091,Midwest Energy & Communications,50,1,X,MI,88274bcc55fffff
260270019012042,1000,1000,6,23076508,300091,Midwest Energy & Communications,50,1,X,MI,88274bcc5dfffff
260270019012043,1000,1000,1,23076508,300091,Midwest Energy & Communications,50,1,X,MI,88274bcc5dfffff
260270019012047,1000,1000,1,23076508,300091,Midwest Energy & Communications,50,1,X,MI,88274bcc5dfffff
260270019012048,1000,1000,7,23076508,300091,Midwest Energy & Communications,50,1,X,MI,88274bcc59fffff
260270019012049,1000,1000,1,23076508,300091,Midwest Energy & Communications,50,1,X,MI,88274bcc59fffff
260270019012065,1000,1000,1,23076508,300091,Midwest Energy & Communications,50,1,X,MI,88274bcc29fffff
260270019012066,1000,1000,1,23076508,300091,Midwest Energy & Communications,50,1,X,MI,88274bcc0bfffff
260270019012067,1000,1000,3,23076508,300091,Midwest Energy & Communications,50,1,X,MI,88274bcc0bfffff
260270019012076,1000,1000,1,23076508,300091,Midwest Energy & Communications,50,1,X,MI,88274bcd59fffff
260270019021000,1000,1000,61,23076508,300091,Midwest Energy & Communications,50,1,X,MI,88274bc1b9fffff
260270019021003,1000,1000,24,23076508,300091,Midwest Energy & Communications,50,1,X,MI,88274bc1b1fffff
260270019021004,1000,1000,21,23076508,300091,Midwest Energy & Communications,50,1,X,MI,88274bc1a3fffff
260270019021005,1000,1000,1,23076508,300091,Midwest Energy & Communications,50,1,X,MI,88274bc1a7fffff
260270019021009,1000,1000,3,23076508,300091,Midwest Energy & Communications,50,1,X,MI,88274bc1a3fffff
260270019021010,1000,1000,18,23076508,300091,Midwest Energy & Communications,50,1,X,MI,88274bc1bdfffff
260270019021011,1000,1000,19,23076508,300091,Midwest Energy & Communications,50,1,X,MI,88274bc1a7fffff
260270019021012,1000,1000,3,23076508,300091,Midwest Energy & Communications,50,1,X,MI,88274bc1a7fffff
260270019021013,1000,1000,57,23076508,300091,Midwest Energy & Communications,50,1,X,MI,88274bca9bfffff
260270019021015,1000,1000,13,23076508,300091,Midwest Energy & Communications,50,1,X,MI,88274bca93fffff
260270019021017,1000,1000,8,23076508,300091,Midwest Energy & Communications,50,1,X,MI,88274bcf4dfffff
260270019021020,1000,1000,11,23076508,300091,Midwest Energy & Communications,50,1,X,MI,88274bcf6bfffff
260270019021021,1000,1000,74,23076508,300091,Midwest Energy & Communications,50,1,X,MI,88274bcf47fffff
260270019021024,1000,1000,6,23076508,300091,Midwest Energy & Communications,50,1,X,MI,88274bcf41fffff
260270019021025,1000,1000,1,23076508,300091,Midwest Energy & Communications,50,1,X,MI,88274bcf41fffff
260270019021026,1000,1000,5,23076508,300091,Midwest Energy & Communications,50,1,X,MI,88274bcf4bfffff
260270019021027,1000,1000,90,23076508,300091,Midwest Energy & Communications,50,1,X,MI,88274bcf47fffff
260270019021029,1000,1000,14,23076508,300091,Midwest Energy & Communications,50,1,X,MI,88274bcf43fffff
260270019021030,1000,1000,5,23076508,300091,Midwest Energy & Communications,50,1,X,MI,88274bcf41fffff
260270019021031,1000,1000,7,23076508,300091,Midwest Energy & Communications,50,1,X,MI,88274bcf4bfffff
260270019021032,1000,1000,8,23076508,300091,Midwest Energy & Communications,50,1,X,MI,88274bcf41fffff
260270019021034,1000,1000,7,23076508,300091,Midwest Energy & Communications,50,1,X,MI,88274bc1b5fffff
260270019021035,1000,1000,4,23076508,300091,Midwest Energy & Communications,50,1,X,MI,88274bcf4bfffff
260270019021036,1000,1000,15,23076508,300091,Midwest Energy & Communications,50,1,X,MI,88274bcf47fffff
260270019021037,1000,1000,23,23076508,300091,Midwest Energy & Communications,50,1,X,MI,88274bc1b9fffff
260270019022000,1000,1000,10,23076508,300091,Midwest Energy & Communications,50,1,X,MI,88274bce4dfffff
260270019022001,1000,1000,11,23076508,300091,Midwest Energy & Communications,50,1,X,MI,88274bc191fffff
260270019022002,1000,1000,5,23076508,300091,Midwest Energy & Communications,50,1,X,MI,88274bc195fffff
260270019022005,1000,1000,41,23076508,300091,Midwest Energy & Communications,50,1,X,MI,88274bce6dfffff
260270019022006,1000,1000,16,23076508,300091,Midwest Energy & Communications,50,1,X,MI,88274bce6dfffff
260270019022007,1000,1000,3,23076508,300091,Midwest Energy & Communications,50,1,X,MI,88274bce6dfffff
260270019022008,1000,1000,29,23076508,300091,Midwest Energy & Communications,50,1,X,MI,88274bce6dfffff
260270019022009,1000,1000,27,23076508,300091,Midwest Energy & Communications,50,1,X,MI,88274bce6bfffff
260270019022010,1000,1000,4,23076508,300091,Midwest Energy & Communications,50,1,X,MI,88274bce0dfffff
260270019022011,1000,1000,3,23076508,300091,Midwest Energy & Communications,50,1,X,MI,88274bce05fffff
260270019022012,1000,1000,42,23076508,300091,Midwest Energy & Communications,50,1,X,MI,88274bce63fffff
260270019022014,1000,1000,15,23076508,300091,Midwest Energy & Communications,50,1,X,MI,88274bce61fffff
260270019022015,1000,1000,12,23076508,300091,Midwest Energy & Communications,50,1,X,MI,88274bce6dfffff
260270019022016,1000,1000,31,23076508,300091,Midwest Energy & Communications,50,1,X,MI,88274bcf5dfffff
260270019022017,1000,1000,15,23076508,300091,Midwest Energy & Communications,50,1,X,MI,88274bcf09fffff
260270019022019,1000,1000,15,23076508,300091,Midwest Energy & Communications,50,1,X,MI,88274bcf05fffff
260270019022020,1000,1000,13,23076508,300091,Midwest Energy & Communications,50,1,X,MI,88274bcf31fffff
260270019022021,1000,1000,28,23076508,300091,Midwest Energy & Communications,50,1,X,MI,88274bcf31fffff
260270019022022,1000,1000,8,23076508,300091,Midwest Energy & Communications,50,1,X,MI,88274bcf51fffff
260270019022023,1000,1000,33,23076508,300091,Midwest Energy & Communications,50,1,X,MI,88274bce21fffff
260270019022025,1000,1000,1,23076508,300091,Midwest Energy & Communications,50,1,X,MI,88274bcf1bfffff
260270019022027,1000,1000,5,23076508,300091,Midwest Energy & Communications,50,1,X,MI,88274bce21fffff
260270019022028,1000,1000,15,23076508,300091,Midwest Energy & Communications,50,1,X,MI,88274bce01fffff
260270019022029,1000,1000,17,23076508,300091,Midwest Energy & Communications,50,1,X,MI,88274bce01fffff
260270019022030,1000,1000,2,23076508,300091,Midwest Energy & Communications,50,1,X,MI,88274bce27fffff
260270019022031,1000,1000,12,23076508,300091,Midwest Energy & Communications,50,1,X,MI,88274bcf11fffff
260270020001000,1000,1000,6,23076508,300091,Midwest Energy & Communications,50,1,X,MI,88274bc55bfffff
260270020001001,1000,1000,12,23076508,300091,Midwest Energy & Communications,50,1,X,MI,88274bc555fffff
260270020001002,1000,1000,12,23076508,300091,Midwest Energy & Communications,50,1,X,MI,88274bc553fffff
260270020001003,1000,1000,18,23076508,300091,Midwest Energy & Communications,50,1,X,MI,88274bc51dfffff
260270020001004,1000,1000,1,23076508,300091,Midwest Energy & Communications,50,1,X,MI,88274bc501fffff
260270020001005,1000,1000,13,23076508,300091,Midwest Energy & Communications,50,1,X,MI,88274bc503fffff
260270020001006,1000,1000,22,23076508,300091,Midwest Energy & Communications,50,1,X,MI,88274bc503fffff
260270020001007,1000,1000,16,23076508,300091,Midwest Energy & Communications,50,1,X,MI,88274bc521fffff
260270020001008,1000,1000,30,23076508,300091,Midwest Energy & Communications,50,1,X,MI,88274bcec1fffff
260270020001009,1000,1000,16,23076508,300091,Midwest Energy & Communications,50,1,X,MI,88274bcec9fffff
260270020001010,1000,1000,17,23076508,300091,Midwest Energy & Communications,50,1,X,MI,88274bcecbfffff
260270020001011,1000,1000,24,23076508,300091,Midwest Energy & Communications,50,1,X,MI,88274bc53dfffff
260270020001012,1000,1000,27,23076508,300091,Midwest Energy & Communications,50,1,X,MI,88274bc539fffff
260270020001013,1000,1000,17,23076508,300091,Midwest Energy & Communications,50,1,X,MI,88274bc507fffff
260270020001014,1000,1000,11,23076508,300091,Midwest Energy & Communications,50,1,X,MI,88274bc515fffff
260270020001016,1000,1000,15,23076508,300091,Midwest Energy & Communications,50,1,X,MI,88274bc513fffff
260270020001017,1000,1000,1,23076508,300091,Midwest Energy & Communications,50,1,X,MI,88274bc425fffff
260270020001018,1000,1000,30,23076508,300091,Midwest Energy & Communications,50,1,X,MI,88274bc531fffff
260270020001019,1000,1000,19,23076508,300091,Midwest Energy & Communications,50,1,X,MI,88274bced9fffff
260270020001020,1000,1000,6,23076508,300091,Midwest Energy & Communications,50,1,X,MI,88274bc513fffff
260270020001021,1000,1000,7,23076508,300091,Midwest Energy & Communications,50,1,X,MI,88274bc5cdfffff
260270020001027,1000,1000,5,23076508,300091,Midwest Energy & Communications,50,1,X,MI,88274bcec7fffff
260270020001028,1000,1000,46,23076508,300091,Midwest Energy & Communications,50,1,X,MI,88274bced1fffff
260270020001029,1000,1000,1,23076508,300091,Midwest Energy & Communications,50,1,X,MI,88274bced5fffff
260270020001030,1000,1000,7,23076508,300091,Midwest Energy & Communications,50,1,X,MI,88274bc5c7fffff
260270020002000,1000,1000,85,23076508,300091,Midwest Energy & Communications,50,1,X,MI,88274bc507fffff
260270020002001,1000,1000,3,23076508,300091,Midwest Energy & Communications,50,1,X,MI,88274bc505fffff
260270020002002,1000,1000,4,23076508,300091,Midwest Energy & Communications,50,1,X,MI,88274bc50dfffff
260270020002003,1000,1000,6,23076508,300091,Midwest Energy & Communications,50,1,X,MI,88274bc505fffff
260270020002004,1000,1000,11,23076508,300091,Midwest Energy & Communications,50,1,X,MI,88274bc56bfffff
260270020002005,1000,1000,9,23076508,300091,Midwest Energy & Communications,50,1,X,MI,88274bc56bfffff
260270020002006,1000,1000,3,23076508,300091,Midwest Energy & Communications,50,1,X,MI,88274bc505fffff
260270020002007,1000,1000,2,23076508,300091,Midwest Energy & Communications,50,1,X,MI,88274bc505fffff
260270020002008,1000,1000,8,23076508,300091,Midwest Energy & Communications,50,1,X,MI,88274bc56bfffff
260270020002009,1000,1000,12,23076508,300091,Midwest Energy & Communications,50,1,X,MI,88274bc56bfffff
260270020002010,1000,1000,8,23076508,300091,Midwest Energy & Communications,50,1,X,MI,88274bc56bfffff
260270020002011,1000,1000,3,23076508,300091,Midwest Energy & Communications,50,1,X,MI,88274bc505fffff
260270020002012,1000,1000,5,23076508,300091,Midwest Energy & Communications,50,1,X,MI,88274bc56bfffff
260270020002013,1000,1000,1,23076508,300091,Midwest Energy & Communications,50,1,X,MI,88274bc505fffff
260270020002014,1000,1000,91,23076508,300091,Midwest Energy & Communications,50,1,X,MI,88274bc56bfffff
260270020002015,1000,1000,5,23076508,300091,Midwest Energy & Communications,50,1,X,MI,88274bc563fffff
260270020002016,1000,1000,1,23076508,300091,Midwest Energy & Communications,50,1,X,MI,88274bc563fffff
260270020002017,1000,1000,17,23076508,300091,Midwest Energy & Communications,50,1,X,MI,88274bc563fffff
260270020002018,1000,1000,2,23076508,300091,Midwest Energy & Communications,50,1,X,MI,88274bc563fffff
260270020002019,1000,1000,23,23076508,300091,Midwest Energy & Communications,50,1,X,MI,88274bc529fffff
260270020002021,1000,1000,3,23076508,300091,Midwest Energy & Communications,50,1,X,MI,88274bc505fffff
260270020002022,1000,1000,4,23076508,300091,Midwest Energy & Communications,50,1,X,MI,88274bc529fffff
260270020002023,1000,1000,8,23076508,300091,Midwest Energy & Communications,50,1,X,MI,88274bc563fffff
260270020002024,1000,1000,4,23076508,300091,Midwest Energy & Communications,50,1,X,MI,88274bc505fffff
260270020002025,1000,1000,8,23076508,300091,Midwest Energy & Communications,50,1,X,MI,88274bc563fffff
260270020002026,1000,1000,2,23076508,300091,Midwest Energy & Communications,50,1,X,MI,88274bc563fffff
260270020002027,1000,1000,6,23076508,300091,Midwest Energy & Communications,50,1,X,MI,88274bc563fffff
260270020002028,1000,1000,6,23076508,300091,Midwest Energy & Communications,50,1,X,MI,88274bc563fffff
260270020002029,1000,1000,2,23076508,300091,Midwest Energy & Communications,50,1,X,MI,88274bc505fffff
260270020002030,1000,1000,5,23076508,300091,Midwest Energy & Communications,50,1,X,MI,88274bc529fffff
260270020002031,1000,1000,6,23076508,300091,Midwest Energy & Communications,50,1,X,MI,88274bc529fffff
260270020002032,1000,1000,5,23076508,300091,Midwest Energy & Communications,50,1,X,MI,88274bc563fffff
260270020002033,1000,1000,4,23076508,300091,Midwest Energy & Communications,50,1,X,MI,88274bc505fffff
260270020002034,1000,1000,79,23076508,300091,Midwest Energy & Communications,50,1,X,MI,88274bc563fffff
260270020002035,1000,1000,4,23076508,300091,Midwest Energy & Communications,50,1,X,MI,88274bc505fffff
260270020002036,1000,1000,5,23076508,300091,Midwest Energy & Communications,50,1,X,MI,88274bc563fffff
260270020002037,1000,1000,3,23076508,300091,Midwest Energy & Communications,50,1,X,MI,88274bc505fffff
260270020002038,1000,1000,4,23076508,300091,Midwest Energy & Communications,50,1,X,MI,88274bc563fffff
260270020002039,1000,1000,3,23076508,300091,Midwest Energy & Communications,50,1,X,MI,88274bc563fffff
260270020003000,1000,1000,7,23076508,300091,Midwest Energy & Communications,50,1,X,MI,88274bc705fffff
260270020003001,1000,1000,5,23076508,300091,Midwest Energy & Communications,50,1,X,MI,88274bc705fffff
260270020003002,1000,1000,1,23076508,300091,Midwest Energy & Communications,50,1,X,MI,88274bc729fffff
260270020003003,1000,1000,7,23076508,300091,Midwest Energy & Communications,50,1,X,MI,88274bc729fffff
260270020003006,1000,1000,3,23076508,300091,Midwest Energy & Communications,50,1,X,MI,88274bc093fffff
260270020003007,1000,1000,1,23076508,300091,Midwest Energy & Communications,50,1,X,MI,88274bc09bfffff
260270020003008,1000,1000,3,23076508,300091,Midwest Energy & Communications,50,1,X,MI,88274bc09dfffff
260270020003009,1000,1000,4,23076508,300091,Midwest Energy & Communications,50,1,X,MI,88274bc09dfffff
260270020003012,1000,1000,5,23076508,300091,Midwest Energy & Communications,50,1,X,MI,88274bc087fffff
260270020003013,1000,1000,17,23076508,300091,Midwest Energy & Communications,50,1,X,MI,88274bc0bdfffff
260270020003014,1000,1000,23,23076508,300091,Midwest Energy & Communications,50,1,X,MI,88274bc0a7fffff
260270020003016,1000,1000,2,23076508,300091,Midwest Energy & Communications,50,1,X,MI,88274bc0bbfffff
260270020003019,1000,1000,2,23076508,300091,Midwest Energy & Communications,50,1,X,MI,88274bc0b9fffff
260270020003020,1000,1000,7,23076508,300091,Midwest Energy & Communications,50,1,X,MI,88274bc0a3fffff
260270020003021,1000,1000,4,23076508,300091,Midwest Energy & Communications,50,1,X,MI,88274bce4dfffff
260270020003022,1000,1000,41,23076508,300091,Midwest Energy & Communications,50,1,X,MI,88274bce09fffff
260270020003024,1000,1000,4,23076508,300091,Midwest Energy & Communications,50,1,X,MI,88274bc525fffff
260270020003026,1000,1000,27,23076508,300091,Midwest Energy & Communications,50,1,X,MI,88274bc565fffff
260270020003027,1000,1000,2,23076508,300091,Midwest Energy & Communications,50,1,X,MI,88274bc097fffff
260270020003028,1000,1000,3,23076508,300091,Midwest Energy & Communications,50,1,X,MI,88274bce5bfffff
260270020003030,1000,1000,14,23076508,300091,Midwest Energy & Communications,50,1,X,MI,88274bce19fffff
260270020003031,1000,1000,15,23076508,300091,Midwest Energy & Communications,50,1,X,MI,88274bce0bfffff
260270020003032,1000,1000,25,23076508,300091,Midwest Energy & Communications,50,1,X,MI,88274bce11fffff
260270020003033,1000,1000,17,23076508,300091,Midwest Energy & Communications,50,1,X,MI,88274bce1bfffff
260270020003035,1000,1000,11,23076508,300091,Midwest Energy & Communications,50,1,X,MI,88274bc56bfffff
260270020003036,1000,1000,1,23076508,300091,Midwest Energy & Communications,50,1,X,MI,88274bc09bfffff
260270020003038,1000,1000,3,23076508,300091,Midwest Energy & Communications,50,1,X,MI,88274bc54dfffff
260270020003039,1000,1000,10,23076508,300091,Midwest Energy & Communications,50,1,X,MI,88274bc54dfffff
260270020003040,1000,1000,10,23076508,300091,Midwest Energy & Communications,50,1,X,MI,88274bc729fffff
260270020003041,1000,1000,3,23076508,300091,Midwest Energy & Communications,50,1,X,MI,88274bc727fffff
260270020003042,1000,1000,2,23076508,300091,Midwest Energy & Communications,50,1,X,MI,88274bc727fffff
260270020003043,1000,1000,2,23076508,300091,Midwest Energy & Communications,50,1,X,MI,88274bc727fffff
260270020003044,1000,1000,2,23076508,300091,Midwest Energy & Communications,50,1,X,MI,88274bc0bbfffff
260270020003045,1000,1000,4,23076508,300091,Midwest Energy & Communications,50,1,X,MI,88274bc567fffff
260270020003046,1000,1000,13,23076508,300091,Midwest Energy & Communications,50,1,X,MI,88274bc54bfffff
260270020003047,1000,1000,7,23076508,300091,Midwest Energy & Communications,50,1,X,MI,88274bc731fffff
260270020003048,1000,1000,2,23076508,300091,Midwest Energy & Communications,50,1,X,MI,88274bc731fffff
260270020003049,1000,1000,9,23076508,300091,Midwest Energy & Communications,50,1,X,MI,88274bc737fffff
260270020003050,1000,1000,7,23076508,300091,Midwest Energy & Communications,50,1,X,MI,88274bc737fffff
260270020003051,1000,1000,15,23076508,300091,Midwest Energy & Communications,50,1,X,MI,88274bc54bfffff
260270020003052,1000,1000,12,23076508,300091,Midwest Energy & Communications,50,1,X,MI,88274bc547fffff
260270020003053,1000,1000,4,23076508,300091,Midwest Energy & Communications,50,1,X,MI,88274bc093fffff
260270020003054,1000,1000,8,23076508,300091,Midwest Energy & Communications,50,1,X,MI,88274bc093fffff
260270020003055,1000,1000,3,23076508,300091,Midwest Energy & Communications,50,1,X,MI,88274bc735fffff
260270020004000,1000,1000,3,23076508,300091,Midwest Energy & Communications,50,1,X,MI,88274bcec5fffff
260270020004005,1000,1000,1,23076508,300091,Midwest Energy & Communications,50,1,X,MI,88274bceebfffff
260270020005000,1000,1000,18,23076508,300091,Midwest Energy & Communications,50,1,X,MI,88274bcec3fffff
260270021001000,1000,1000,13,23076508,300091,Midwest Energy & Communications,50,1,X,MI,88274b1a2dfffff
260270021001001,1000,1000,14,23076508,300091,Midwest Energy & Communications,50,1,X,MI,88274b1a25fffff
260270021001002,1000,1000,2,23076508,300091,Midwest Energy & Communications,50,1,X,MI,88274b1b53fffff
260270021001003,1000,1000,2,23076508,300091,Midwest Energy & Communications,50,1,X,MI,88274b1a25fffff
260270021001004,1000,1000,17,23076508,300091,Midwest Energy & Communications,50,1,X,MI,88274b1b57fffff
260270021001005,1000,1000,40,23076508,300091,Midwest Energy & Communications,50,1,X,MI,88274b1b15fffff
260270021001008,1000,1000,7,23076508,300091,Midwest Energy & Communications,50,1,X,MI,88274b184dfffff
260270021001009,1000,1000,3,23076508,300091,Midwest Energy & Communications,50,1,X,MI,88274b184dfffff
260270021001015,1000,1000,9,23076508,300091,Midwest Energy & Communications,50,1,X,MI,88274b1a25fffff
260270021001016,1000,1000,2,23076508,300091,Midwest Energy & Communications,50,1,X,MI,88274b1a25fffff
260270021001017,1000,1000,1,23076508,300091,Midwest Energy & Communications,50,1,X,MI,88274b1a25fffff
260270021001018,1000,1000,15,23076508,300091,Midwest Energy & Communications,50,1,X,MI,88274b1a2dfffff
260270021001019,1000,1000,5,23076508,300091,Midwest Energy & Communications,50,1,X,MI,88274b1a25fffff
260270021001020,1000,1000,2,23076508,300091,Midwest Energy & Communications,50,1,X,MI,88274b1a25fffff
260270021001030,1000,1000,2,23076508,300091,Midwest Energy & Communications,50,1,X,MI,88274b184dfffff
260270021002000,1000,1000,15,23076508,300091,Midwest Energy & Communications,50,1,X,MI,88274b1a2dfffff
260270021002002,1000,1000,26,23076508,300091,Midwest Energy & Communications,50,1,X,MI,88274b1a2dfffff
260270021002003,1000,1000,8,23076508,300091,Midwest Energy & Communications,50,1,X,MI,88274b1a2dfffff
260270021002013,1000,1000,13,23076508,300091,Midwest Energy & Communications,50,1,X,MI,88274b1a2dfffff
260270021002019,1000,1000,1,23076508,300091,Midwest Energy & Communications,50,1,X,MI,88274b1a25fffff
260270021002032,1000,1000,10,23076508,300091,Midwest Energy & Communications,50,1,X,MI,88274b1a2bfffff
260270021002033,1000,1000,8,23076508,300091,Midwest Energy & Communications,50,1,X,MI,88274b1a2bfffff
260270021002034,1000,1000,15,23076508,300091,Midwest Energy & Communications,50,1,X,MI,88274b1a2bfffff
260270021002036,1000,1000,1,23076508,300091,Midwest Energy & Communications,50,1,X,MI,88274b1a21fffff
260270021002039,1000,1000,6,23076508,300091,Midwest Energy & Communications,50,1,X,MI,88274b1a23fffff
260270021002040,1000,1000,10,23076508,300091,Midwest Energy & Communications,50,1,X,MI,88274b1a23fffff
260270021002041,1000,1000,2,23076508,300091,Midwest Energy & Communications,50,1,X,MI,88274b1a23fffff
260270021002042,1000,1000,3,23076508,300091,Midwest Energy & Communications,50,1,X,MI,88274b1a23fffff
260270021003008,1000,1000,13,23076508,300091,Midwest Energy & Communications,50,1,X,MI,88274b1841fffff
260270021003009,1000,1000,28,23076508,300091,Midwest Energy & Communications,50,1,X,MI,88274b1951fffff
260270021003011,1000,1000,13,23076508,300091,Midwest Energy & Communications,50,1,X,MI,88274b1b33fffff
260270021003013,1000,1000,3,23076508,300091,Midwest Energy & Communications,50,1,X,MI,88274b1b33fffff
260270021003014,1000,1000,6,23076508,300091,Midwest Energy & Communications,50,1,X,MI,88274b1b31fffff
260270021003015,1000,1000,6,23076508,300091,Midwest Energy & Communications,50,1,X,MI,88274b185dfffff
260270021003016,1000,1000,8,23076508,300091,Midwest Energy & Communications,50,1,X,MI,88274b1851fffff
260270021003017,1000,1000,2,23076508,300091,Midwest Energy & Communications,50,1,X,MI,88274b1809fffff
260270021003018,1000,1000,1,23076508,300091,Midwest Energy & Communications,50,1,X,MI,88274b1801fffff
260270021003019,1000,1000,38,23076508,300091,Midwest Energy & Communications,50,1,X,MI,88274b1829fffff
260270021003020,1000,1000,56,23076508,300091,Midwest Energy & Communications,50,1,X,MI,88274b195bfffff
260270021003021,1000,1000,16,23076508,300091,Midwest Energy & Communications,50,1,X,MI,88274b1951fffff
260270021003022,1000,1000,15,23076508,300091,Midwest Energy & Communications,50,1,X,MI,88274b1909fffff
260270021003023,1000,1000,2,23076508,300091,Midwest Energy & Communications,50,1,X,MI,88274b1943fffff
260270021003025,1000,1000,20,23076508,300091,Midwest Energy & Communications,50,1,X,MI,88274b180bfffff
260270021003026,1000,1000,13,23076508,300091,Midwest Energy & Communications,50,1,X,MI,88274b180bfffff
260270021003027,1000,1000,7,23076508,300091,Midwest Energy & Communications,50,1,X,MI,88274b1857fffff
260270021003029,1000,1000,17,23076508,300091,Midwest Energy & Communications,50,1,X,MI,88274b1903fffff
260270021003030,1000,1000,3,23076508,300091,Midwest Energy & Communications,50,1,X,MI,88274b190dfffff
260270021003031,1000,1000,6,23076508,300091,Midwest Energy & Communications,50,1,X,MI,88274b180bfffff
260270021003032,1000,1000,21,23076508,300091,Midwest Energy & Communications,50,1,X,MI,88274b180bfffff
260270021003033,1000,1000,14,23076508,300091,Midwest Energy & Communications,50,1,X,MI,88274b1839fffff
260270021003034,1000,1000,3,23076508,300091,Midwest Energy & Communications,50,1,X,MI,88274b1815fffff
260270021003035,1000,1000,20,23076508,300091,Midwest Energy & Communications,50,1,X,MI,88274b1857fffff
260270021003036,1000,1000,6,23076508,300091,Midwest Energy & Communications,50,1,X,MI,88274b1819fffff
260270021003037,1000,1000,15,23076508,300091,Midwest Energy & Communications,50,1,X,MI,88274b1903fffff
260270021003038,1000,1000,42,23076508,300091,Midwest Energy & Communications,50,1,X,MI,88274b1957fffff
260270021003039,1000,1000,5,23076508,300091,Midwest Energy & Communications,50,1,X,MI,88274b190bfffff
260270021003040,1000,1000,7,23076508,300091,Midwest Energy & Communications,50,1,X,MI,88274b19d9fffff
260270021003041,1000,1000,5,23076508,300091,Midwest Energy & Communications,50,1,X,MI,88274b18e1fffff
260270021003042,1000,1000,4,23076508,300091,Midwest Energy & Communications,50,1,X,MI,88274b1817fffff
260270021003043,1000,1000,9,23076508,300091,Midwest Energy & Communications,50,1,X,MI,88274b18c5fffff
260270021003045,1000,1000,1,23076508,300091,Midwest Energy & Communications,50,1,X,MI,88274b18c7fffff
260270021003047,1000,1000,32,23076508,300091,Midwest Energy & Communications,50,1,X,MI,88274b18a1fffff
260270021003048,1000,1000,17,23076508,300091,Midwest Energy & Communications,50,1,X,MI,88274b19d5fffff
260270021003049,1000,1000,2,23076508,300091,Midwest Energy & Communications,50,1,X,MI,88274b19ddfffff
260270021003050,1000,1000,5,23076508,300091,Midwest Energy & Communications,50,1,X,MI,88274b1831fffff
260270021003051,1000,1000,17,23076508,300091,Midwest Energy & Communications,50,1,X,MI,88274b1835fffff
260270021003052,1000,1000,12,23076508,300091,Midwest Energy & Communications,50,1,X,MI,88274b1835fffff
260270021003053,1000,1000,6,23076508,300091,Midwest Energy & Communications,50,1,X,MI,88274b1823fffff
260270021003054,1000,1000,11,23076508,300091,Midwest Energy & Communications,50,1,X,MI,88274b1835fffff
260270021003055,1000,1000,13,23076508,300091,Midwest Energy & Communications,50,1,X,MI,88274b19cbfffff
260270021003056,1000,1000,1,23076508,300091,Midwest Energy & Communications,50,1,X,MI,88274b1999fffff
260270021003057,1000,1000,14,23076508,300091,Midwest Energy & Communications,50,1,X,MI,88274b18adfffff
260270021003061,1000,1000,4,23076508,300091,Midwest Energy & Communications,50,1,X,MI,88274b188dfffff
260270021003063,1000,1000,2,23076508,300091,Midwest Energy & Communications,50,1,X,MI,88274b188dfffff
260270021003067,1000,1000,27,23076508,300091,Midwest Energy & Communications,50,1,X,MI,88274b1881fffff
260270021003069,1000,1000,7,23076508,300091,Midwest Energy & Communications,50,1,X,MI,88274b1885fffff
260270021003070,1000,1000,3,23076508,300091,Midwest Energy & Communications,50,1,X,MI,88274b1885fffff
260270021003071,1000,1000,6,23076508,300091,Midwest Energy & Communications,50,1,X,MI,88274b1885fffff
260270021003072,1000,1000,8,23076508,300091,Midwest Energy & Communications,50,1,X,MI,88274b19edfffff
260270021004000,1000,1000,7,23076508,300091,Midwest Energy & Communications,50,1,X,MI,88274bc58bfffff
260270021004002,1000,1000,9,23076508,300091,Midwest Energy & Communications,50,1,X,MI,88274bc585fffff
260270021004003,1000,1000,91,23076508,300091,Midwest Energy & Communications,50,1,X,MI,88274bc585fffff
260270021004004,1000,1000,2,23076508,300091,Midwest Energy & Communications,50,1,X,MI,88274bc585fffff
260270021004006,1000,1000,12,23076508,300091,Midwest Energy & Communications,50,1,X,MI,88274bc585fffff
260270021004007,1000,1000,1,23076508,300091,Midwest Energy & Communications,50,1,X,MI,88274bc58dfffff
260270021004008,1000,1000,2,23076508,300091,Midwest Energy & Communications,50,1,X,MI,88274bc585fffff
260270021004009,1000,1000,5,23076508,300091,Midwest Energy & Communications,50,1,X,MI,88274bc5bdfffff
260270021004012,1000,1000,3,23076508,300091,Midwest Energy & Communications,50,1,X,MI,88274bc587fffff
260270021004013,1000,1000,4,23076508,300091,Midwest Energy & Communications,50,1,X,MI,88274bc587fffff
260270021004014,1000,1000,2,23076508,300091,Midwest Energy & Communications,50,1,X,MI,88274bc585fffff
260270021004016,1000,1000,30,23076508,300091,Midwest Energy & Communications,50,1,X,MI,88274bcedbfffff
260270021004017,1000,1000,20,23076508,300091,Midwest Energy & Communications,50,1,X,MI,88274bced1fffff
260270021004019,1000,1000,20,23076508,300091,Midwest Energy & Communications,50,1,X,MI,88274bce9dfffff
260270021004021,1000,1000,3,23076508,300091,Midwest Energy & Communications,50,1,X,MI,88274bce81fffff
260270021004022,1000,1000,1,23076508,300091,Midwest Energy & Communications,50,1,X,MI,88274bce87fffff
260270021004023,1000,1000,3,23076508,300091,Midwest Energy & Communications,50,1,X,MI,88274bce81fffff
260270021004025,1000,1000,3,23076508,300091,Midwest Energy & Communications,50,1,X,MI,88274bcea3fffff
260270021004029,1000,1000,3,23076508,300091,Midwest Energy & Communications,50,1,X,MI,88274bce87fffff
260270021004030,1000,1000,1,23076508,300091,Midwest Energy & Communications,50,1,X,MI,88274bcea3fffff
260270021004047,1000,1000,12,23076508,300091,Midwest Energy & Communications,50,1,X,MI,88274bc5a7fffff
260270021004049,1000,1000,8,23076508,300091,Midwest Energy & Communications,50,1,X,MI,88274bc585fffff
260270021004050,1000,1000,14,23076508,300091,Midwest Energy & Communications,50,1,X,MI,88274bceb5fffff
260270021004051,1000,1000,2,23076508,300091,Midwest Energy & Communications,50,1,X,MI,88274bcea3fffff
260270021004056,1000,1000,12,23076508,300091,Midwest Energy & Communications,50,1,X,MI,88274bce9bfffff
260270021004059,1000,1000,13,23076508,300091,Midwest Energy & Communications,50,1,X,MI,88274bce9dfffff
260270021004060,1000,1000,2,23076508,300091,Midwest Energy & Communications,50,1,X,MI,88274bceb9fffff
260270021004061,1000,1000,2,23076508,300091,Midwest Energy & Communications,50,1,X,MI,88274bce95fffff
260270021004063,1000,1000,6,23076508,300091,Midwest Energy & Communications,50,1,X,MI,88274bcebbfffff
260270021004064,1000,1000,3,23076508,300091,Midwest Energy & Communications,50,1,X,MI,88274bcebbfffff
260270021004065,1000,1000,16,23076508,300091,Midwest Energy & Communications,50,1,X,MI,88274bccddfffff
260270021004066,1000,1000,47,23076508,300091,Midwest Energy & Communications,50,1,X,MI,88274bceb9fffff
260270021004070,1000,1000,1,23076508,300091,Midwest Energy & Communications,50,1,X,MI,88274bc5b1fffff
260270021004071,1000,1000,1,23076508,300091,Midwest Energy & Communications,50,1,X,MI,88274bc5b3fffff
260270021004072,1000,1000,5,23076508,300091,Midwest Energy & Communications,50,1,X,MI,88274bc5b1fffff
260270021004073,1000,1000,13,23076508,300091,Midwest Energy & Communications,50,1,X,MI,88274bc595fffff
260270021004074,1000,1000,8,23076508,300091,Midwest Energy & Communications,50,1,X,MI,88274b1a65fffff
260270021004075,1000,1000,18,23076508,300091,Midwest Energy & Communications,50,1,X,MI,88274b1b57fffff
260270021004076,1000,1000,4,23076508,300091,Midwest Energy & Communications,50,1,X,MI,88274b1b59fffff
260270021004077,1000,1000,4,23076508,300091,Midwest Energy & Communications,50,1,X,MI,88274bc5b7fffff
260270021004080,1000,1000,26,23076508,300091,Midwest Energy & Communications,50,1,X,MI,88274bc5b5fffff
260270021004081,1000,1000,5,23076508,300091,Midwest Energy & Communications,50,1,X,MI,88274b1b4dfffff
260270021004082,1000,1000,2,23076508,300091,Midwest Energy & Communications,50,1,X,MI,88274b1b4dfffff
260270021004083,1000,1000,22,23076508,300091,Midwest Energy & Communications,50,1,X,MI,88274b1b45fffff
260270021004085,1000,1000,7,23076508,300091,Midwest Energy & Communications,50,1,X,MI,88274b1b61fffff
260270021004086,1000,1000,16,23076508,300091,Midwest Energy & Communications,50,1,X,MI,88274b1b6dfffff
260270021004088,1000,1000,1,23076508,300091,Midwest Energy & Communications,50,1,X,MI,88274bccdbfffff
260270021004089,1000,1000,7,23076508,300091,Midwest Energy & Communications,50,1,X,MI,88274bccdbfffff
260270021004091,1000,1000,9,23076508,300091,Midwest Energy & Communications,50,1,X,MI,88274b1b57fffff
260270021004093,1000,1000,8,23076508,300091,Midwest Energy & Communications,50,1,X,MI,88274b1b67fffff
260270021004094,1000,1000,9,23076508,300091,Midwest Energy & Communications,50,1,X,MI,88274bcc99fffff
260270021004095,1000,1000,3,23076508,300091,Midwest Energy & Communications,50,1,X,MI,88274b194dfffff
260270021004096,1000,1000,21,23076508,300091,Midwest Energy & Communications,50,1,X,MI,88274b1b0dfffff
260270021004097,1000,1000,1,23076508,300091,Midwest Energy & Communications,50,1,X,MI,88274b1b2dfffff
260270021004099,1000,1000,7,23076508,300091,Midwest Energy & Communications,50,1,X,MI,88274b1949fffff
260270021004100,1000,1000,5,23076508,300091,Midwest Energy & Communications,50,1,X,MI,88274b1b37fffff
260270021004101,1000,1000,5,23076508,300091,Midwest Energy & Communications,50,1,X,MI,88274b1b39fffff
260270021004102,1000,1000,5,23076508,300091,Midwest Energy & Communications,50,1,X,MI,88274b1b39fffff
260270021004103,1000,1000,2,23076508,300091,Midwest Energy & Communications,50,1,X,MI,88274b1a2dfffff
260270021004104,1000,1000,1,23076508,300091,Midwest Energy & Communications,50,1,X,MI,88274b194bfffff
260270021004105,1000,1000,6,23076508,300091,Midwest Energy & Communications,50,1,X,MI,88274b1949fffff
260270021004106,1000,1000,3,23076508,300091,Midwest Energy & Communications,50,1,X,MI,88274b194dfffff
260270021004107,1000,1000,1,23076508,300091,Midwest Energy & Communications,50,1,X,MI,88274b194dfffff
260270021004108,1000,1000,4,23076508,300091,Midwest Energy & Communications,50,1,X,MI,88274b1947fffff
260270021004110,1000,1000,1,23076508,300091,Midwest Energy & Communications,50,1,X,MI,88274b196bfffff
260270021004116,1000,1000,1,23076508,300091,Midwest Energy & Communications,50,1,X,MI,88274bce81fffff
260270022012004,1000,1000,37,23076508,300091,Midwest Energy & Communications,50,1,X,MI,88274bccedfffff
260270022012005,1000,1000,7,23076508,300091,Midwest Energy & Communications,50,1,X,MI,88274bcc03fffff
260270022012007,1000,1000,5,23076508,300091,Midwest Energy & Communications,50,1,X,MI,88274bcc21fffff
260270022012009,1000,1000,11,23076508,300091,Midwest Energy & Communications,50,1,X,MI,88274bcc21fffff
260270022012010,1000,1000,3,23076508,300091,Midwest Energy & Communications,50,1,X,MI,88274bcc25fffff
260270022012011,1000,1000,5,23076508,300091,Midwest Energy & Communications,50,1,X,MI,88274bcc25fffff
260270022012013,1000,1000,4,23076508,300091,Midwest Energy & Communications,50,1,X,MI,88274bcd19fffff
260270022012014,1000,1000,3,23076508,300091,Midwest Energy & Communications,50,1,X,MI,88274bcd19fffff
260270022012015,1000,1000,13,23076508,300091,Midwest Energy & Communications,50,1,X,MI,88274bcc25fffff
260270022012016,1000,1000,27,23076508,300091,Midwest Energy & Communications,50,1,X,MI,88274bcdc7fffff
260270022012017,1000,1000,8,23076508,300091,Midwest Energy & Communications,50,1,X,MI,88274bcdc3fffff
260270022012018,1000,1000,10,23076508,300091,Midwest Energy & Communications,50,1,X,MI,88274bcdc3fffff
260270022012019,1000,1000,14,23076508,300091,Midwest Energy & Communications,50,1,X,MI,88274bcc37fffff
260270022012020,1000,1000,1,23076508,300091,Midwest Energy & Communications,50,1,X,MI,88274bcd81fffff
260270022012022,1000,1000,3,23076508,300091,Midwest Energy & Communications,50,1,X,MI,88274bcdc3fffff
260270022012024,1000,1000,3,23076508,300091,Midwest Energy & Communications,50,1,X,MI,88274bcdd5fffff
260270022012025,1000,1000,5,23076508,300091,Midwest Energy & Communications,50,1,X,MI,88274bcdddfffff
260270022012026,1000,1000,3,23076508,300091,Midwest Energy & Communications,50,1,X,MI,88274bcdd9fffff
260270022012027,1000,1000,15,23076508,300091,Midwest Energy & Communications,50,1,X,MI,88274bccedfffff
260270022012028,1000,1000,23,23076508,300091,Midwest Energy & Communications,50,1,X,MI,88274bcce1fffff
260270022012029,1000,1000,29,23076508,300091,Midwest Energy & Communications,50,1,X,MI,88274bcce1fffff
260270022012031,1000,1000,48,23076508,300091,Midwest Energy & Communications,50,1,X,MI,88274bcc1bfffff
260270022012042,1000,1000,13,23076508,300091,Midwest Energy & Communications,50,1,X,MI,88274bcce9fffff
260270022012043,1000,1000,6,23076508,300091,Midwest Energy & Communications,50,1,X,MI,88274bccc5fffff
260270022012044,1000,1000,1,23076508,300091,Midwest Energy & Communications,50,1,X,MI,88274bcce3fffff
260270022012045,1000,1000,3,23076508,300091,Midwest Energy & Communications,50,1,X,MI,88274bcce3fffff
260270022012046,1000,1000,19,23076508,300091,Midwest Energy & Communications,50,1,X,MI,88274bcce7fffff
260270022012047,1000,1000,1,23076508,300091,Midwest Energy & Communications,50,1,X,MI,88274bcce7fffff
260270022012048,1000,1000,4,23076508,300091,Midwest Energy & Communications,50,1,X,MI,88274bcce7fffff
260270022012049,1000,1000,2,23076508,300091,Midwest Energy & Communications,50,1,X,MI,88274bcce7fffff
260270022012050,1000,1000,6,23076508,300091,Midwest Energy & Communications,50,1,X,MI,88274bcddbfffff
260270022012052,1000,1000,1,23076508,300091,Midwest Energy & Communications,50,1,X,MI,88274bcdd1fffff
260270022012055,1000,1000,4,23076508,300091,Midwest Energy & Communications,50,1,X,MI,88274bccadfffff
260270022012056,1000,1000,1,23076508,300091,Midwest Energy & Communications,50,1,X,MI,88274bcce7fffff
260270022012059,1000,1000,1,23076508,300091,Midwest Energy & Communications,50,1,X,MI,88274bcdd3fffff
260270022012060,1000,1000,1,23076508,300091,Midwest Energy & Communications,50,1,X,MI,88274bcdd1fffff
260270022012061,1000,1000,2,23076508,300091,Midwest Energy & Communications,50,1,X,MI,88274bcdd3fffff
260270022012062,1000,1000,1,23076508,300091,Midwest Energy & Communications,50,1,X,MI,88274bcddbfffff
260270022012064,1000,1000,6,23076508,300091,Midwest Energy & Communications,50,1,X,MI,88274bcdd7fffff
260270022012065,1000,1000,1,23076508,300091,Midwest Energy & Communications,50,1,X,MI,88274bcd9dfffff
260270022012066,1000,1000,5,23076508,300091,Midwest Energy & Communications,50,1,X,MI,88274bcdd5fffff
260270022012067,1000,1000,1,23076508,300091,Midwest Energy & Communications,50,1,X,MI,88274bcd8bfffff
260270022012068,1000,1000,2,23076508,300091,Midwest Energy & Communications,50,1,X,MI,88274bcd83fffff
260270022012070,1000,1000,15,23076508,300091,Midwest Energy & Communications,50,1,X,MI,88274bcd95fffff
260270022012071,1000,1000,5,23076508,300091,Midwest Energy & Communications,50,1,X,MI,88274bcdb9fffff
260270022012074,1000,1000,2,23076508,300091,Midwest Energy & Communications,50,1,X,MI,88274bcdc3fffff
260270022012077,1000,1000,3,23076508,300091,Midwest Energy & Communications,50,1,X,MI,88274bccadfffff
260270022012078,1000,1000,2,23076508,300091,Midwest Energy & Communications,50,1,X,MI,88274bcca9fffff
260270022012079,1000,1000,1,23076508,300091,Midwest Energy & Communications,50,1,X,MI,88274bcca5fffff
260270022021000,1000,1000,15,23076508,300091,Midwest Energy & Communications,50,1,X,MI,88274bceb5fffff
260270022021001,1000,1000,9,23076508,300091,Midwest Energy & Communications,50,1,X,MI,88274bccc1fffff
260270022021002,1000,1000,5,23076508,300091,Midwest Energy & Communications,50,1,X,MI,88274bcc8dfffff
260270022021003,1000,1000,1,23076508,300091,Midwest Energy & Communications,50,1,X,MI,88274bcc8dfffff
260270022021004,1000,1000,3,23076508,300091,Midwest Energy & Communications,50,1,X,MI,88274bcc89fffff
260270022021005,1000,1000,9,23076508,300091,Midwest Energy & Communications,50,1,X,MI,88274bccc3fffff
260270022021006,1000,1000,14,23076508,300091,Midwest Energy & Communications,50,1,X,MI,88274bcca3fffff
260270022021007,1000,1000,1,23076508,300091,Midwest Energy & Communications,50,1,X,MI,88274bcca9fffff
260270022021010,1000,1000,8,23076508,300091,Midwest Energy & Communications,50,1,X,MI,88274bcca3fffff
260270022021012,1000,1000,1,23076508,300091,Midwest Energy & Communications,50,1,X,MI,88274bcca1fffff
260270022021013,1000,1000,7,23076508,300091,Midwest Energy & Communications,50,1,X,MI,88274bccadfffff
260270022021016,1000,1000,6,23076508,300091,Midwest Energy & Communications,50,1,X,MI,88274bcd95fffff
260270022021017,1000,1000,5,23076508,300091,Midwest Energy & Communications,50,1,X,MI,88274bcdbbfffff
260270022021018,1000,1000,5,23076508,300091,Midwest Energy & Communications,50,1,X,MI,88274bcdbbfffff
260270022021019,1000,1000,3,23076508,300091,Midwest Energy & Communications,50,1,X,MI,88274bcdb3fffff
260270022021027,1000,1000,3,23076508,300091,Midwest Energy & Communications,50,1,X,MI,88274b575bfffff
260270022021029,1000,1000,4,23076508,300091,Midwest Energy & Communications,50,1,X,MI,88274bcdb3fffff
260270022021034,1000,1000,3,23076508,300091,Midwest Energy & Communications,50,1,X,MI,88274b566dfffff
260270022021035,1000,1000,7,23076508,300091,Midwest Energy & Communications,50,1,X,MI,88274bcd97fffff
260270022021036,1000,1000,3,23076508,300091,Midwest Energy & Communications,50,1,X,MI,88274b5669fffff
260270022021039,1000,1000,27,23076508,300091,Midwest Energy & Communications,50,1,X,MI,88274b5649fffff
260270022021040,1000,1000,36,23076508,300091,Midwest Energy & Communications,50,1,X,MI,88274bcc97fffff
260270022021041,1000,1000,8,23076508,300091,Midwest Energy & Communications,50,1,X,MI,88274bcc9dfffff
260270022021043,1000,1000,6,23076508,300091,Midwest Energy & Communications,50,1,X,MI,88274b564bfffff
260270022021044,1000,1000,12,23076508,300091,Midwest Energy & Communications,50,1,X,MI,88274bccb7fffff
260270022021045,1000,1000,11,23076508,300091,Midwest Energy & Communications,50,1,X,MI,88274b1961fffff
260270022021046,1000,1000,4,23076508,300091,Midwest Energy & Communications,50,1,X,MI,88274b196bfffff
260270022021047,1000,1000,3,23076508,300091,Midwest Energy & Communications,50,1,X,MI,88274b1961fffff
260270022021048,1000,1000,3,23076508,300091,Midwest Energy & Communications,50,1,X,MI,88274b5655fffff
260270022021055,1000,1000,1,23076508,300091,Midwest Energy & Communications,50,1,X,MI,88274b566dfffff
260270022021057,1000,1000,4,23076508,300091,Midwest Energy & Communications,50,1,X,MI,88274b566dfffff
260270022021058,1000,1000,2,23076508,300091,Midwest Energy & Communications,50,1,X,MI,88274b566bfffff
260270022021063,1000,1000,2,23076508,300091,Midwest Energy & Communications,50,1,X,MI,88274b5663fffff
260270022022000,1000,1000,6,23076508,300091,Midwest Energy & Communications,50,1,X,MI,88274b196bfffff
260270022022001,1000,1000,8,23076508,300091,Midwest Energy & Communications,50,1,X,MI,88274b1963fffff
260270022022002,1000,1000,1,23076508,300091,Midwest Energy & Communications,50,1,X,MI,88274b1967fffff
260270022022003,1000,1000,3,23076508,300091,Midwest Energy & Communications,50,1,X,MI,88274b1929fffff
260270022022004,1000,1000,9,23076508,300091,Midwest Energy & Communications,50,1,X,MI,88274b565bfffff
260270022022005,1000,1000,6,23076508,300091,Midwest Energy & Communications,50,1,X,MI,88274b5651fffff
260270022022006,1000,1000,5,23076508,300091,Midwest Energy & Communications,50,1,X,MI,88274b5651fffff
260270022022007,1000,1000,4,23076508,300091,Midwest Energy & Communications,50,1,X,MI,88274b1921fffff
260270022022008,1000,1000,17,23076508,300091,Midwest Energy & Communications,50,1,X,MI,88274b190dfffff
260270022022009,1000,1000,8,23076508,300091,Midwest Energy & Communications,50,1,X,MI,88274b193dfffff
260270022022010,1000,1000,24,23076508,300091,Midwest Energy & Communications,50,1,X,MI,88274b1923fffff
260270022022011,1000,1000,9,23076508,300091,Midwest Energy & Communications,50,1,X,MI,88274b5655fffff
260270022022012,1000,1000,11,23076508,300091,Midwest Energy & Communications,50,1,X,MI,88274b5655fffff
260270022022017,1000,1000,19,23076508,300091,Midwest Energy & Communications,50,1,X,MI,88274b5607fffff
260270022022018,1000,1000,9,23076508,300091,Midwest Energy & Communications,50,1,X,MI,88274b562bfffff
260270022022019,1000,1000,9,23076508,300091,Midwest Energy & Communications,50,1,X,MI,88274b5653fffff
260270022022020,1000,1000,1,23076508,300091,Midwest Energy & Communications,50,1,X,MI,88274b5653fffff
260270022022021,1000,1000,35,23076508,300091,Midwest Energy & Communications,50,1,X,MI,88274b561dfffff
260270022022022,1000,1000,20,23076508,300091,Midwest Energy & Communications,50,1,X,MI,88274b1935fffff
260270022022023,1000,1000,12,23076508,300091,Midwest Energy & Communications,50,1,X,MI,88274b1935fffff
260270022022024,1000,1000,5,23076508,300091,Midwest Energy & Communications,50,1,X,MI,88274b1939fffff
260270022022025,1000,1000,11,23076508,300091,Midwest Energy & Communications,50,1,X,MI,88274b1933fffff
260270022022026,1000,1000,14,23076508,300091,Midwest Energy & Communications,50,1,X,MI,88274b56d1fffff
260270022022027,1000,1000,15,23076508,300091,Midwest Energy & Communications,50,1,X,MI,88274b56d1fffff
260270022022028,1000,1000,20,23076508,300091,Midwest Energy & Communications,50,1,X,MI,88274b19adfffff
260270022022029,1000,1000,1,23076508,300091,Midwest Energy & Communications,50,1,X,MI,88274b56dbfffff
260270022022032,1000,1000,20,23076508,300091,Midwest Energy & Communications,50,1,X,MI,88274b56d1fffff
260270022022033,1000,1000,4,23076508,300091,Midwest Energy & Communications,50,1,X,MI,88274b56d1fffff
260270022022034,1000,1000,19,23076508,300091,Midwest Energy & Communications,50,1,X,MI,88274b19a5fffff
260270022022035,1000,1000,29,23076508,300091,Midwest Energy & Communications,50,1,X,MI,88274b5699fffff
260270022023000,1000,1000,17,23076508,300091,Midwest Energy & Communications,50,1,X,MI,88274b5615fffff
260270022023002,1000,1000,22,23076508,300091,Midwest Energy & Communications,50,1,X,MI,88274b5607fffff
260270022023003,1000,1000,4,23076508,300091,Midwest Energy & Communications,50,1,X,MI,88274b562bfffff
260270022023015,1000,1000,13,23076508,300091,Midwest Energy & Communications,50,1,X,MI,88274b5631fffff
260270022023016,1000,1000,4,23076508,300091,Midwest Energy & Communications,50,1,X,MI,88274b563bfffff
260270022023017,1000,1000,31,23076508,300091,Midwest Energy & Communications,50,1,X,MI,88274b5459fffff
260270022023018,1000,1000,8,23076508,300091,Midwest Energy & Communications,50,1,X,MI,88274b5449fffff
260270022023021,1000,1000,1,23076508,300091,Midwest Energy & Communications,50,1,X,MI,88274b545dfffff
260270022023026,1000,1000,1,23076508,300091,Midwest Energy & Communications,50,1,X,MI,88274b5443fffff
260270022023028,1000,1000,7,23076508,300091,Midwest Energy & Communications,50,1,X,MI,88274b5623fffff
260270022023029,1000,1000,27,23076508,300091,Midwest Energy & Communications,50,1,X,MI,88274b56c3fffff
260270022023030,1000,1000,15,23076508,300091,Midwest Energy & Communications,50,1,X,MI,88274b56cbfffff
260270022023031,1000,1000,8,23076508,300091,Midwest Energy & Communications,50,1,X,MI,88274b56ddfffff
260270022023032,1000,1000,23,23076508,300091,Midwest Energy & Communications,50,1,X,MI,88274b5689fffff
260270022023033,1000,1000,25,23076508,300091,Midwest Energy & Communications,50,1,X,MI,88274b5689fffff
260270022023034,1000,1000,20,23076508,300091,Midwest Energy & Communications,50,1,X,MI,88274b5689fffff
260270022023035,1000,1000,11,23076508,300091,Midwest Energy & Communications,50,1,X,MI,88274b5689fffff
260270022023036,1000,1000,48,23076508,300091,Midwest Energy & Communications,50,1,X,MI,88274b5685fffff
260270022023037,1000,1000,17,23076508,300091,Midwest Energy & Communications,50,1,X,MI,88274b568dfffff
260270022023038,1000,1000,37,23076508,300091,Midwest Energy & Communications,50,1,X,MI,88274b5687fffff
260270022023039,1000,1000,66,23076508,300091,Midwest Energy & Communications,50,1,X,MI,88274b5687fffff
260270022023041,1000,1000,13,23076508,300091,Midwest Energy & Communications,50,1,X,MI,88274b56b1fffff
260270022023042,1000,1000,7,23076508,300091,Midwest Energy & Communications,50,1,X,MI,88274b56b1fffff
260450210012009,1000,1000,16,23076508,300091,Midwest Energy & Communications,50,1,X,MI,882748ae91fffff
260450210021000,1000,1000,23,23076508,300091,Midwest Energy & Communications,50,1,X,MI,882748ae93fffff
260450210021001,1000,1000,7,23076508,300091,Midwest Energy & Communications,50,1,X,MI,882749db6dfffff
260450210024020,1000,1000,9,23076508,300091,Midwest Energy & Communications,50,1,X,MI,882748a5a1fffff
260450210024033,1000,1000,9,23076508,300091,Midwest Energy & Communications,50,1,X,MI,882748a5b1fffff
260450210024034,1000,1000,14,23076508,300091,Midwest Energy & Communications,50,1,X,MI,882748a5b7fffff
260450210024035,1000,1000,12,23076508,300091,Midwest Energy & Communications,50,1,X,MI,882749db41fffff
260450210024036,1000,1000,11,23076508,300091,Midwest Energy & Communications,50,1,X,MI,882748ae99fffff
260450210024037,1000,1000,5,23076508,300091,Midwest Energy & Communications,50,1,X,MI,882748ae99fffff
260450210024038,1000,1000,4,23076508,300091,Midwest Energy & Communications,50,1,X,MI,882748a5bbfffff
260450210024039,1000,1000,2,23076508,300091,Midwest Energy & Communications,50,1,X,MI,882748a5bbfffff
260450210024043,1000,1000,8,23076508,300091,Midwest Energy & Communications,50,1,X,MI,882749db4dfffff
260450211001000,1000,1000,2,23076508,300091,Midwest Energy & Communications,50,1,X,MI,8827483615fffff
260450211001018,1000,1000,1,23076508,300091,Midwest Energy & Communications,50,1,X,MI,8827483615fffff
260450211001021,1000,1000,1,23076508,300091,Midwest Energy & Communications,50,1,X,MI,8827483615fffff
260450211001022,1000,1000,3,23076508,300091,Midwest Energy & Communications,50,1,X,MI,8827483613fffff
260450211001023,1000,1000,7,23076508,300091,Midwest Energy & Communications,50,1,X,MI,88274836edfffff
260450211001024,1000,1000,7,23076508,300091,Midwest Energy & Communications,50,1,X,MI,8827483615fffff
260450211002000,1000,1000,2,23076508,300091,Midwest Energy & Communications,50,1,X,MI,882748acdbfffff
260450211002014,1000,1000,1,23076508,300091,Midwest Energy & Communications,50,1,X,MI,882748acb9fffff
260450211002015,1000,1000,7,23076508,300091,Midwest Energy & Communications,50,1,X,MI,882748ac91fffff
260450211002016,1000,1000,4,23076508,300091,Midwest Energy & Communications,50,1,X,MI,882748ac9bfffff
260450211002047,1000,1000,23,23076508,300091,Midwest Energy & Communications,50,1,X,MI,882749d961fffff
260450211002048,1000,1000,10,23076508,300091,Midwest Energy & Communications,50,1,X,MI,882749d961fffff
260450211002050,1000,1000,15,23076508,300091,Midwest Energy & Communications,50,1,X,MI,882749d961fffff
260450211002051,1000,1000,11,23076508,300091,Midwest Energy & Communications,50,1,X,MI,882749d94dfffff
260450211002052,1000,1000,4,23076508,300091,Midwest Energy & Communications,50,1,X,MI,882748ac93fffff
260450211002053,1000,1000,8,23076508,300091,Midwest Energy & Communications,50,1,X,MI,882749d947fffff
260450211002054,1000,1000,6,23076508,300091,Midwest Energy & Communications,50,1,X,MI,882749d947fffff
260450211002055,1000,1000,5,23076508,300091,Midwest Energy & Communications,50,1,X,MI,882749d909fffff
260450211002056,1000,1000,8,23076508,300091,Midwest Energy & Communications,50,1,X,MI,882749d907fffff
260450211002057,1000,1000,13,23076508,300091,Midwest Energy & Communications,50,1,X,MI,882749d92bfffff
260450211002058,1000,1000,6,23076508,300091,Midwest Energy & Communications,50,1,X,MI,882749d963fffff
260450211002059,1000,1000,8,23076508,300091,Midwest Energy & Communications,50,1,X,MI,882749d96bfffff
260450211002060,1000,1000,6,23076508,300091,Midwest Energy & Communications,50,1,X,MI,882749d93dfffff
260450211002061,1000,1000,5,23076508,300091,Midwest Energy & Communications,50,1,X,MI,882749d92bfffff
260450211002062,1000,1000,4,23076508,300091,Midwest Energy & Communications,50,1,X,MI,882749d927fffff
260450211002069,1000,1000,11,23076508,300091,Midwest Energy & Communications,50,1,X,MI,88274836c1fffff
260450211002070,1000,1000,8,23076508,300091,Midwest Energy & Communications,50,1,X,MI,8827483613fffff
260450211002071,1000,1000,11,23076508,300091,Midwest Energy & Communications,50,1,X,MI,882749d917fffff
260450211002072,1000,1000,12,23076508,300091,Midwest Energy & Communications,50,1,X,MI,882749d90bfffff
260450211002074,1000,1000,2,23076508,300091,Midwest Energy & Communications,50,1,X,MI,882749d92dfffff
260450211003000,1000,1000,26,23076508,300091,Midwest Energy & Communications,50,1,X,MI,882748a597fffff
260450211003001,1000,1000,16,23076508,300091,Midwest Energy & Communications,50,1,X,MI,882749db4bfffff
260450211003002,1000,1000,3,23076508,300091,Midwest Energy & Communications,50,1,X,MI,882749db4bfffff
260450211003003,1000,1000,7,23076508,300091,Midwest Energy & Communications,50,1,X,MI,882749db47fffff
260450211003004,1000,1000,1,23076508,300091,Midwest Energy & Communications,50,1,X,MI,882749db41fffff
260450211003005,1000,1000,11,23076508,300091,Midwest Energy & Communications,50,1,X,MI,882749db0dfffff
260450211003006,1000,1000,16,23076508,300091,Midwest Energy & Communications,50,1,X,MI,882749db63fffff
260450211003007,1000,1000,17,23076508,300091,Midwest Energy & Communications,50,1,X,MI,882748acdbfffff
260450211003009,1000,1000,3,23076508,300091,Midwest Energy & Communications,50,1,X,MI,882749db67fffff
260450211003010,1000,1000,1,23076508,300091,Midwest Energy & Communications,50,1,X,MI,882749db29fffff
260450211003011,1000,1000,3,23076508,300091,Midwest Energy & Communications,50,1,X,MI,882749db01fffff
260450211003012,1000,1000,6,23076508,300091,Midwest Energy & Communications,50,1,X,MI,882749db01fffff
260450211003013,1000,1000,8,23076508,300091,Midwest Energy & Communications,50,1,X,MI,882749db57fffff
260450211003014,1000,1000,21,23076508,300091,Midwest Energy & Communications,50,1,X,MI,882749da65fffff
260450211003015,1000,1000,2,23076508,300091,Midwest Energy & Communications,50,1,X,MI,882749db51fffff
260450211003016,1000,1000,8,23076508,300091,Midwest Energy & Communications,50,1,X,MI,882749db2bfffff
260450211003018,1000,1000,13,23076508,300091,Midwest Energy & Communications,50,1,X,MI,882749db35fffff
260450211003019,1000,1000,16,23076508,300091,Midwest Energy & Communications,50,1,X,MI,882749db35fffff
260450211003020,1000,1000,16,23076508,300091,Midwest Energy & Communications,50,1,X,MI,882749db3bfffff
260450211003022,1000,1000,3,23076508,300091,Midwest Energy & Communications,50,1,X,MI,882749db03fffff
260450211003023,1000,1000,3,23076508,300091,Midwest Energy & Communications,50,1,X,MI,882749db57fffff
260450211003024,1000,1000,6,23076508,300091,Midwest Energy & Communications,50,1,X,MI,882749db31fffff
260450211003025,1000,1000,9,23076508,300091,Midwest Energy & Communications,50,1,X,MI,882749db37fffff
260450211003026,1000,1000,13,23076508,300091,Midwest Energy & Communications,50,1,X,MI,882749d95dfffff
260450211003027,1000,1000,2,23076508,300091,Midwest Energy & Communications,50,1,X,MI,882749d959fffff
260450211003028,1000,1000,5,23076508,300091,Midwest Energy & Communications,50,1,X,MI,882749db3bfffff
260450211003029,1000,1000,1,23076508,300091,Midwest Energy & Communications,50,1,X,MI,882749db13fffff
260450211003030,1000,1000,7,23076508,300091,Midwest Energy & Communications,50,1,X,MI,882749db13fffff
260450211003031,1000,1000,2,23076508,300091,Midwest Energy & Communications,50,1,X,MI,882749db1dfffff
260450211003032,1000,1000,10,23076508,300091,Midwest Energy & Communications,50,1,X,MI,882749db15fffff
260450211003033,1000,1000,4,23076508,300091,Midwest Energy & Communications,50,1,X,MI,882749db3bfffff
260450211003034,1000,1000,7,23076508,300091,Midwest Energy & Communications,50,1,X,MI,882749d865fffff
260450211003035,1000,1000,2,23076508,300091,Midwest Energy & Communications,50,1,X,MI,882749d95dfffff
260450211003036,1000,1000,4,23076508,300091,Midwest Energy & Communications,50,1,X,MI,882749d951fffff
260450211003037,1000,1000,23,23076508,300091,Midwest Energy & Communications,50,1,X,MI,882749d957fffff
260450211003038,1000,1000,12,23076508,300091,Midwest Energy & Communications,50,1,X,MI,882749d943fffff
260450211003039,1000,1000,6,23076508,300091,Midwest Energy & Communications,50,1,X,MI,882749d955fffff
260450211003040,1000,1000,18,23076508,300091,Midwest Energy & Communications,50,1,X,MI,882749d91dfffff
260450211003041,1000,1000,11,23076508,300091,Midwest Energy & Communications,50,1,X,MI,882749d919fffff
260450211003042,1000,1000,7,23076508,300091,Midwest Energy & Communications,50,1,X,MI,882749d953fffff
260450211003043,1000,1000,11,23076508,300091,Midwest Energy & Communications,50,1,X,MI,882749d959fffff
260450211003044,1000,1000,26,23076508,300091,Midwest Energy & Communications,50,1,X,MI,882749d863fffff
260450211003045,1000,1000,3,23076508,300091,Midwest Energy & Communications,50,1,X,MI,882749d863fffff
260450211003046,1000,1000,11,23076508,300091,Midwest Energy & Communications,50,1,X,MI,882749d863fffff
260450211003047,1000,1000,1,23076508,300091,Midwest Energy & Communications,50,1,X,MI,882749d863fffff
260450211003048,1000,1000,1,23076508,300091,Midwest Energy & Communications,50,1,X,MI,882749d86bfffff
260450211003049,1000,1000,2,23076508,300091,Midwest Energy & Communications,50,1,X,MI,882749d86bfffff
260450211003050,1000,1000,1,23076508,300091,Midwest Energy & Communications,50,1,X,MI,882749d84dfffff
260450211003051,1000,1000,4,23076508,300091,Midwest Energy & Communications,50,1,X,MI,882749da27fffff
260450211003052,1000,1000,15,23076508,300091,Midwest Energy & Communications,50,1,X,MI,882749db1bfffff
260450211003053,1000,1000,15,23076508,300091,Midwest Energy & Communications,50,1,X,MI,882749da05fffff
260450211003054,1000,1000,36,23076508,300091,Midwest Energy & Communications,50,1,X,MI,882749da05fffff
260450211003055,1000,1000,3,23076508,300091,Midwest Energy & Communications,50,1,X,MI,882749da05fffff
260450211003056,1000,1000,8,23076508,300091,Midwest Energy & Communications,50,1,X,MI,882749da01fffff
260450211003057,1000,1000,6,23076508,300091,Midwest Energy & Communications,50,1,X,MI,882749da2bfffff
260450211003058,1000,1000,6,23076508,300091,Midwest Energy & Communications,50,1,X,MI,882749da35fffff
260450211003059,1000,1000,17,23076508,300091,Midwest Energy & Communications,50,1,X,MI,882749d84dfffff
260450211003060,1000,1000,1,23076508,300091,Midwest Energy & Communications,50,1,X,MI,882749d86bfffff
260450211003061,1000,1000,53,23076508,300091,Midwest Energy & Communications,50,1,X,MI,882749d847fffff
260450211003062,1000,1000,2,23076508,300091,Midwest Energy & Communications,50,1,X,MI,882749d841fffff
260450211003063,1000,1000,1,23076508,300091,Midwest Energy & Communications,50,1,X,MI,882749d845fffff
260450211003065,1000,1000,4,23076508,300091,Midwest Energy & Communications,50,1,X,MI,882749d84bfffff
260450211003066,1000,1000,24,23076508,300091,Midwest Energy & Communications,50,1,X,MI,882749da31fffff
260450211003067,1000,1000,10,23076508,300091,Midwest Energy & Communications,50,1,X,MI,882749da37fffff
260450211003068,1000,1000,1,23076508,300091,Midwest Energy & Communications,50,1,X,MI,882749d84bfffff
260450211003069,1000,1000,2,23076508,300091,Midwest Energy & Communications,50,1,X,MI,882749d801fffff
260450211003077,1000,1000,12,23076508,300091,Midwest Energy & Communications,50,1,X,MI,882749d863fffff
260450211003078,1000,1000,13,23076508,300091,Midwest Energy & Communications,50,1,X,MI,882749d863fffff
260450211003079,1000,1000,9,23076508,300091,Midwest Energy & Communications,50,1,X,MI,882749d861fffff
260450211003081,1000,1000,33,23076508,300091,Midwest Energy & Communications,50,1,X,MI,882749d863fffff
260450211003086,1000,1000,5,23076508,300091,Midwest Energy & Communications,50,1,X,MI,882749d829fffff
260450212011024,1000,1000,16,23076508,300091,Midwest Energy & Communications,50,1,X,MI,882749da49fffff
260450212012028,1000,1000,6,23076508,300091,Midwest Energy & Communications,50,1,X,MI,882749d36dfffff
260450212021000,1000,1000,30,23076508,300091,Midwest Energy & Communications,50,1,X,MI,882748a4b5fffff
260450212021001,1000,1000,6,23076508,300091,Midwest Energy & Communications,50,1,X,MI,882748a4b7fffff
260450212021002,1000,1000,34,23076508,300091,Midwest Energy & Communications,50,1,X,MI,882748a4b5fffff
260450212021003,1000,1000,6,23076508,300091,Midwest Energy & Communications,50,1,X,MI,882748a593fffff
260450212021004,1000,1000,19,23076508,300091,Midwest Energy & Communications,50,1,X,MI,882749da43fffff
260450212021005,1000,1000,30,23076508,300091,Midwest Energy & Communications,50,1,X,MI,882749da43fffff
260450212021006,1000,1000,38,23076508,300091,Midwest Energy & Communications,50,1,X,MI,882749da0dfffff
260450212021007,1000,1000,4,23076508,300091,Midwest Energy & Communications,50,1,X,MI,882749da5dfffff
260450212021008,1000,1000,25,23076508,300091,Midwest Energy & Communications,50,1,X,MI,882749da57fffff
260450212021009,1000,1000,21,23076508,300091,Midwest Energy & Communications,50,1,X,MI,882749da5bfffff
260450212021010,1000,1000,10,23076508,300091,Midwest Energy & Communications,50,1,X,MI,882749da5bfffff
260450212021011,1000,1000,4,23076508,300091,Midwest Energy & Communications,50,1,X,MI,882749da5dfffff
260450212021012,1000,1000,18,23076508,300091,Midwest Energy & Communications,50,1,X,MI,882749da1dfffff
260450212021013,1000,1000,31,23076508,300091,Midwest Energy & Communications,50,1,X,MI,882749da01fffff
260450212021014,1000,1000,20,23076508,300091,Midwest Energy & Communications,50,1,X,MI,882749da17fffff
260450212021015,1000,1000,5,23076508,300091,Midwest Energy & Communications,50,1,X,MI,882749da33fffff
260450212021016,1000,1000,14,23076508,300091,Midwest Energy & Communications,50,1,X,MI,882749da17fffff
260450212021017,1000,1000,9,23076508,300091,Midwest Energy & Communications,50,1,X,MI,882749d127fffff
260450212021018,1000,1000,1,23076508,300091,Midwest Energy & Communications,50,1,X,MI,882749da19fffff
260450212021019,1000,1000,9,23076508,300091,Midwest Energy & Communications,50,1,X,MI,882749d12dfffff
260450212021020,1000,1000,30,23076508,300091,Midwest Energy & Communications,50,1,X,MI,882749d129fffff
260450212021021,1000,1000,35,23076508,300091,Midwest Energy & Communications,50,1,X,MI,882748a4b7fffff
260450212021022,1000,1000,7,23076508,300091,Midwest Energy & Communications,50,1,X,MI,882749d16dfffff
260450212021023,1000,1000,1,23076508,300091,Midwest Energy & Communications,50,1,X,MI,882749d16dfffff
260450212021024,1000,1000,11,23076508,300091,Midwest Energy & Communications,50,1,X,MI,882749d127fffff
260450212021025,1000,1000,1,23076508,300091,Midwest Energy & Communications,50,1,X,MI,882749d121fffff
260450212021026,1000,1000,3,23076508,300091,Midwest Energy & Communications,50,1,X,MI,882749da13fffff
260450212021027,1000,1000,12,23076508,300091,Midwest Energy & Communications,50,1,X,MI,882749dae9fffff
260450212022000,1000,1000,1,23076508,300091,Midwest Energy & Communications,50,1,X,MI,882749d36dfffff
260450212022003,1000,1000,1,23076508,300091,Midwest Energy & Communications,50,1,X,MI,882748a49bfffff
260450212022006,1000,1000,25,23076508,300091,Midwest Energy & Communications,50,1,X,MI,882749d335fffff
260450212022007,1000,1000,14,23076508,300091,Midwest Energy & Communications,50,1,X,MI,882749d147fffff
260450212022008,1000,1000,4,23076508,300091,Midwest Energy & Communications,50,1,X,MI,882749d147fffff
260450212022009,1000,1000,35,23076508,300091,Midwest Energy & Communications,50,1,X,MI,882749d10dfffff
260450212022010,1000,1000,25,23076508,300091,Midwest Energy & Communications,50,1,X,MI,882749d105fffff
260450212022013,1000,1000,1,23076508,300091,Midwest Energy & Communications,50,1,X,MI,882749d167fffff
260450212022014,1000,1000,4,23076508,300091,Midwest Energy & Communications,50,1,X,MI,882749d12bfffff
260450212022015,1000,1000,4,23076508,300091,Midwest Energy & Communications,50,1,X,MI,882749d103fffff
260450212022016,1000,1000,28,23076508,300091,Midwest Energy & Communications,50,1,X,MI,882749d115fffff
260450212022017,1000,1000,58,23076508,300091,Midwest Energy & Communications,50,1,X,MI,882749d14bfffff
260450212022018,1000,1000,1,23076508,300091,Midwest Energy & Communications,50,1,X,MI,882749d141fffff
260450212022019,1000,1000,4,23076508,300091,Midwest Energy & Communications,50,1,X,MI,882749d1edfffff
260450212022020,1000,1000,3,23076508,300091,Midwest Energy & Communications,50,1,X,MI,882749d115fffff
260450212022021,1000,1000,12,23076508,300091,Midwest Energy & Communications,50,1,X,MI,882749d115fffff
260450212022022,1000,1000,21,23076508,300091,Midwest Energy & Communications,50,1,X,MI,882749d153fffff
260450212022023,1000,1000,10,23076508,300091,Midwest Energy & Communications,50,1,X,MI,882749d1a9fffff
260450212022024,1000,1000,1,23076508,300091,Midwest Energy & Communications,50,1,X,MI,882749dadbfffff
260450212022027,1000,1000,9,23076508,300091,Midwest Energy & Communications,50,1,X,MI,882749d1edfffff
260450212022028,1000,1000,13,23076508,300091,Midwest Energy & Communications,50,1,X,MI,882749d11bfffff
260450212022029,1000,1000,4,23076508,300091,Midwest Energy & Communications,50,1,X,MI,882749d1c7fffff
260450212022030,1000,1000,1,23076508,300091,Midwest Energy & Communications,50,1,X,MI,882749d1e3fffff
260450212022032,1000,1000,2,23076508,300091,Midwest Energy & Communications,50,1,X,MI,882749dadbfffff
260450213021009,1000,1000,1,23076508,300091,Midwest Energy & Communications,50,1,X,MI,882748a493fffff
260450213021010,1000,1000,1,23076508,300091,Midwest Energy & Communications,50,1,X,MI,882748a493fffff
260450213021013,1000,1000,6,23076508,300091,Midwest Energy & Communications,50,1,X,MI,882748a493fffff
260450213021015,1000,1000,1,23076508,300091,Midwest Energy & Communications,50,1,X,MI,882748a493fffff
260450213021016,1000,1000,1,23076508,300091,Midwest Energy & Communications,50,1,X,MI,882748a493fffff
260450213021018,1000,1000,3,23076508,300091,Midwest Energy & Communications,50,1,X,MI,882748a493fffff
260450213021035,1000,1000,1,23076508,300091,Midwest Energy & Communications,50,1,X,MI,882748a493fffff
260450213021036,1000,1000,1,23076508,300091,Midwest Energy & Communications,50,1,X,MI,882748a493fffff
260450213021037,1000,1000,3,23076508,300091,Midwest Energy & Communications,50,1,X,MI,882748a493fffff
260450213023006,1000,1000,12,23076508,300091,Midwest Energy & Communications,50,1,X,MI,882748a4b1fffff
260450213023007,1000,1000,9,23076508,300091,Midwest Energy & Communications,50,1,X,MI,882748a4b1fffff
260450213023008,1000,1000,10,23076508,300091,Midwest Energy & Communications,50,1,X,MI,882748a4b3fffff
260450213023028,1000,1000,2,23076508,300091,Midwest Energy & Communications,50,1,X,MI,882749d169fffff
260450213023029,1000,1000,3,23076508,300091,Midwest Energy & Communications,50,1,X,MI,882749d16dfffff
260450213023032,1000,1000,3,23076508,300091,Midwest Energy & Communications,50,1,X,MI,882749d16bfffff
260450213023037,1000,1000,1,23076508,300091,Midwest Energy & Communications,50,1,X,MI,882749d16dfffff
260450213023038,1000,1000,1,23076508,300091,Midwest Energy & Communications,50,1,X,MI,882749d16dfffff
260590501011001,1000,1000,2,23076508,300091,Midwest Energy & Communications,50,1,X,MI,8827491023fffff
260590501012001,1000,1000,1,23076508,300091,Midwest Energy & Communications,50,1,X,MI,8827491035fffff
260650061002030,1000,1000,1,23076508,300091,Midwest Energy & Communications,50,1,X,MI,882749d285fffff
260650061002031,1000,1000,2,23076508,300091,Midwest Energy & Communications,50,1,X,MI,882749d2b9fffff
260650061002032,1000,1000,5,23076508,300091,Midwest Energy & Communications,50,1,X,MI,882749d2b9fffff
260650061002033,1000,1000,5,23076508,300091,Midwest Energy & Communications,50,1,X,MI,882749d2b1fffff
260650061002034,1000,1000,1,23076508,300091,Midwest Energy & Communications,50,1,X,MI,882749d2b9fffff
260650061002035,1000,1000,2,23076508,300091,Midwest Energy & Communications,50,1,X,MI,882749d769fffff
260650061002044,1000,1000,2,23076508,300091,Midwest Energy & Communications,50,1,X,MI,882749d76dfffff
260650061002045,1000,1000,1,23076508,300091,Midwest Energy & Communications,50,1,X,MI,882749d2b3fffff
260650061002046,1000,1000,2,23076508,300091,Midwest Energy & Communications,50,1,X,MI,882749d2b3fffff
260650064011014,1000,1000,4,23076508,300091,Midwest Energy & Communications,50,1,X,MI,882748a6d1fffff
260650064011018,1000,1000,1,23076508,300091,Midwest Energy & Communications,50,1,X,MI,882748a6d3fffff
260650064011020,1000,1000,5,23076508,300091,Midwest Energy & Communications,50,1,X,MI,882748a6d1fffff
260650064011021,1000,1000,6,23076508,300091,Midwest Energy & Communications,50,1,X,MI,882748a6d1fffff
260650064011022,1000,1000,8,23076508,300091,Midwest Energy & Communications,50,1,X,MI,882748a699fffff
260650064011023,1000,1000,2,23076508,300091,Midwest Energy & Communications,50,1,X,MI,882748a6d3fffff
260650064011024,1000,1000,1,23076508,300091,Midwest Energy & Communications,50,1,X,MI,882748a6d5fffff
260650064011026,1000,1000,2,23076508,300091,Midwest Energy & Communications,50,1,X,MI,882748a6d1fffff
260650064011027,1000,1000,6,23076508,300091,Midwest Energy & Communications,50,1,X,MI,882748a6d5fffff
260650064011028,1000,1000,9,23076508,300091,Midwest Energy & Communications,50,1,X,MI,882748a693fffff
260650064011029,1000,1000,12,23076508,300091,Midwest Energy & Communications,50,1,X,MI,882749d349fffff
260650064011031,1000,1000,6,23076508,300091,Midwest Energy & Communications,50,1,X,MI,88274d69a5fffff
260650064011032,1000,1000,19,23076508,300091,Midwest Energy & Communications,50,1,X,MI,882749d345fffff
260650064011033,1000,1000,13,23076508,300091,Midwest Energy & Communications,50,1,X,MI,882749d369fffff
260650064011034,1000,1000,32,23076508,300091,Midwest Energy & Communications,50,1,X,MI,882749d345fffff
260650064011035,1000,1000,1,23076508,300091,Midwest Energy & Communications,50,1,X,MI,882749d34bfffff
260650064011036,1000,1000,23,23076508,300091,Midwest Energy & Communications,50,1,X,MI,882749d35dfffff
260650064011044,1000,1000,11,23076508,300091,Midwest Energy & Communications,50,1,X,MI,882749d353fffff
260650064011045,1000,1000,3,23076508,300091,Midwest Energy & Communications,50,1,X,MI,882749d35dfffff
260650064011046,1000,1000,33,23076508,300091,Midwest Energy & Communications,50,1,X,MI,882749d347fffff
260650064011047,1000,1000,5,23076508,300091,Midwest Energy & Communications,50,1,X,MI,882749d301fffff
260650064011048,1000,1000,5,23076508,300091,Midwest Energy & Communications,50,1,X,MI,882749d301fffff
260650064011049,1000,1000,12,23076508,300091,Midwest Energy & Communications,50,1,X,MI,882749d359fffff
260650064011050,1000,1000,3,23076508,300091,Midwest Energy & Communications,50,1,X,MI,882749d35bfffff
260650064021002,1000,1000,8,23076508,300091,Midwest Energy & Communications,50,1,X,MI,882749d23dfffff
260650064021004,1000,1000,20,23076508,300091,Midwest Energy & Communications,50,1,X,MI,882749d221fffff
260650064021005,1000,1000,14,23076508,300091,Midwest Energy & Communications,50,1,X,MI,882749d353fffff
260650064021006,1000,1000,9,23076508,300091,Midwest Energy & Communications,50,1,X,MI,882749d357fffff
260650064021007,1000,1000,5,23076508,300091,Midwest Energy & Communications,50,1,X,MI,882749d307fffff
260650064021011,1000,1000,2,23076508,300091,Midwest Energy & Communications,50,1,X,MI,882749d31bfffff
260650064021012,1000,1000,1,23076508,300091,Midwest Energy & Communications,50,1,X,MI,882749d31bfffff
260650064021013,1000,1000,4,23076508,300091,Midwest Energy & Communications,50,1,X,MI,882749d22bfffff
260650064021014,1000,1000,15,23076508,300091,Midwest Energy & Communications,50,1,X,MI,882749d225fffff
260650064021015,1000,1000,5,23076508,300091,Midwest Energy & Communications,50,1,X,MI,882749d31bfffff
260650064021016,1000,1000,15,23076508,300091,Midwest Energy & Communications,50,1,X,MI,882749d313fffff
260650064021024,1000,1000,9,23076508,300091,Midwest Energy & Communications,50,1,X,MI,882749d04bfffff
260650064021025,1000,1000,27,23076508,300091,Midwest Energy & Communications,50,1,X,MI,882749d041fffff
260650064021026,1000,1000,13,23076508,300091,Midwest Energy & Communications,50,1,X,MI,882749d069fffff
260650064021027,1000,1000,19,23076508,300091,Midwest Energy & Communications,50,1,X,MI,882749d06bfffff
260650064021032,1000,1000,2,23076508,300091,Midwest Energy & Communications,50,1,X,MI,882749d059fffff
260650064021033,1000,1000,37,23076508,300091,Midwest Energy & Communications,50,1,X,MI,882749d051fffff
260650064021034,1000,1000,6,23076508,300091,Midwest Energy & Communications,50,1,X,MI,882749d051fffff
260650064021036,1000,1000,1,23076508,300091,Midwest Energy & Communications,50,1,X,MI,882749d337fffff
260650064021037,1000,1000,59,23076508,300091,Midwest Energy & Communications,50,1,X,MI,882749d067fffff
260650064021039,1000,1000,3,23076508,300091,Midwest Energy & Communications,50,1,X,MI,882749d159fffff
260650064021040,1000,1000,3,23076508,300091,Midwest Energy & Communications,50,1,X,MI,882749d159fffff
260650064021041,1000,1000,1,23076508,300091,Midwest Energy & Communications,50,1,X,MI,882749d159fffff
260650064021042,1000,1000,3,23076508,300091,Midwest Energy & Communications,50,1,X,MI,882749d151fffff
260650064021044,1000,1000,12,23076508,300091,Midwest Energy & Communications,50,1,X,MI,882749d067fffff
260650064021049,1000,1000,3,23076508,300091,Midwest Energy & Communications,50,1,X,MI,882749d151fffff
260650064021050,1000,1000,2,23076508,300091,Midwest Energy & Communications,50,1,X,MI,882749d159fffff
260650064021051,1000,1000,4,23076508,300091,Midwest Energy & Communications,50,1,X,MI,882749d159fffff
260650064021053,1000,1000,3,23076508,300091,Midwest Energy & Communications,50,1,X,MI,882749d151fffff
260650064022001,1000,1000,10,23076508,300091,Midwest Energy & Communications,50,1,X,MI,882749d2adfffff
260650064022002,1000,1000,47,23076508,300091,Midwest Energy & Communications,50,1,X,MI,882749d2adfffff
260650064022003,1000,1000,6,23076508,300091,Midwest Energy & Communications,50,1,X,MI,882749d2adfffff
260650064022004,1000,1000,14,23076508,300091,Midwest Energy & Communications,50,1,X,MI,882749d053fffff
260650064022005,1000,1000,29,23076508,300091,Midwest Energy & Communications,50,1,X,MI,882749d051fffff
260650064022006,1000,1000,5,23076508,300091,Midwest Energy & Communications,50,1,X,MI,882749d055fffff
260650064022007,1000,1000,18,23076508,300091,Midwest Energy & Communications,50,1,X,MI,882749d009fffff
260650064022008,1000,1000,37,23076508,300091,Midwest Energy & Communications,50,1,X,MI,882749d00dfffff
260650064022009,1000,1000,6,23076508,300091,Midwest Energy & Communications,50,1,X,MI,882749d005fffff
260650064022011,1000,1000,9,23076508,300091,Midwest Energy & Communications,50,1,X,MI,882749d02bfffff
260650064022012,1000,1000,9,23076508,300091,Midwest Energy & Communications,50,1,X,MI,882749d02dfffff
260650064022013,1000,1000,38,23076508,300091,Midwest Energy & Communications,50,1,X,MI,882749d02dfffff
260650064022014,1000,1000,1,23076508,300091,Midwest Energy & Communications,50,1,X,MI,882749d027fffff
260650064022015,1000,1000,8,23076508,300091,Midwest Energy & Communications,50,1,X,MI,882749d023fffff
260650064022016,1000,1000,7,23076508,300091,Midwest Energy & Communications,50,1,X,MI,882749d027fffff
260650064022017,1000,1000,14,23076508,300091,Midwest Energy & Communications,50,1,X,MI,882749d1c5fffff
260650064022018,1000,1000,9,23076508,300091,Midwest Energy & Communications,50,1,X,MI,882749d1cbfffff
260650064022019,1000,1000,58,23076508,300091,Midwest Energy & Communications,50,1,X,MI,882749d1d9fffff
260650064022020,1000,1000,8,23076508,300091,Midwest Energy & Communications,50,1,X,MI,882749d031fffff
260650064022021,1000,1000,2,23076508,300091,Midwest Energy & Communications,50,1,X,MI,882749d03dfffff
260650064022022,1000,1000,7,23076508,300091,Midwest Energy & Communications,50,1,X,MI,882749d03dfffff
260650064022023,1000,1000,3,23076508,300091,Midwest Energy & Communications,50,1,X,MI,882749d03dfffff
260650064022024,1000,1000,14,23076508,300091,Midwest Energy & Communications,50,1,X,MI,882749d03dfffff
260650064022026,1000,1000,7,23076508,300091,Midwest Energy & Communications,50,1,X,MI,882749d039fffff
260650064022028,1000,1000,25,23076508,300091,Midwest Energy & Communications,50,1,X,MI,882749d007fffff
260650064022029,1000,1000,4,23076508,300091,Midwest Energy & Communications,50,1,X,MI,882749d007fffff
260650064022030,1000,1000,1,23076508,300091,Midwest Energy & Communications,50,1,X,MI,882749d1d5fffff
260650064022031,1000,1000,4,23076508,300091,Midwest Energy & Communications,50,1,X,MI,882749d031fffff
260650064022033,1000,1000,2,23076508,300091,Midwest Energy & Communications,50,1,X,MI,882749d03bfffff
260650064022034,1000,1000,11,23076508,300091,Midwest Energy & Communications,50,1,X,MI,882749d017fffff
260650064022035,1000,1000,12,23076508,300091,Midwest Energy & Communications,50,1,X,MI,882749d017fffff
260650064022037,1000,1000,25,23076508,300091,Midwest Energy & Communications,50,1,X,MI,882749d01bfffff
260650064022038,1000,1000,3,23076508,300091,Midwest Energy & Communications,50,1,X,MI,882749d01dfffff
260650064022040,1000,1000,1,23076508,300091,Midwest Energy & Communications,50,1,X,MI,882749d015fffff
260650064022041,1000,1000,8,23076508,300091,Midwest Energy & Communications,50,1,X,MI,882749d017fffff
260650064022042,1000,1000,19,23076508,300091,Midwest Energy & Communications,50,1,X,MI,882749d0ebfffff
260650064022043,1000,1000,4,23076508,300091,Midwest Energy & Communications,50,1,X,MI,882749d0cbfffff
260650064022044,1000,1000,4,23076508,300091,Midwest Energy & Communications,50,1,X,MI,882749d2b5fffff
260650064022049,1000,1000,3,23076508,300091,Midwest Energy & Communications,50,1,X,MI,882749d0ebfffff
260650064022050,1000,1000,15,23076508,300091,Midwest Energy & Communications,50,1,X,MI,882749d0ebfffff
260650064022051,1000,1000,29,23076508,300091,Midwest Energy & Communications,50,1,X,MI,882749d2adfffff
260650064022052,1000,1000,14,23076508,300091,Midwest Energy & Communications,50,1,X,MI,882749d2b5fffff
260650064022053,1000,1000,21,23076508,300091,Midwest Energy & Communications,50,1,X,MI,882749d03dfffff
260750051002041,1000,1000,2,23076508,300091,Midwest Energy & Communications,50,1,X,MI,882749c6d3fffff
260750051002042,1000,1000,2,23076508,300091,Midwest Energy & Communications,50,1,X,MI,88274989a5fffff
260750051002044,1000,1000,8,23076508,300091,Midwest Energy & Communications,50,1,X,MI,882749134dfffff
260750051002046,1000,1000,1,23076508,300091,Midwest Energy & Communications,50,1,X,MI,882749c693fffff
260750056021000,1000,1000,7,23076508,300091,Midwest Energy & Communications,50,1,X,MI,882749d6a5fffff
260750056021001,1000,1000,14,23076508,300091,Midwest Energy & Communications,50,1,X,MI,882749d6a5fffff
260750056021002,1000,1000,1,23076508,300091,Midwest Energy & Communications,50,1,X,MI,882749d411fffff
260750056021003,1000,1000,3,23076508,300091,Midwest Energy & Communications,50,1,X,MI,882749d419fffff
260750056021011,1000,1000,8,23076508,300091,Midwest Energy & Communications,50,1,X,MI,882749d43dfffff
260750056021012,1000,1000,3,23076508,300091,Midwest Energy & Communications,50,1,X,MI,882749d423fffff
260750056021014,1000,1000,2,23076508,300091,Midwest Energy & Communications,50,1,X,MI,882749d427fffff
260750056021036,1000,1000,1,23076508,300091,Midwest Energy & Communications,50,1,X,MI,882749d41bfffff
260750056021037,1000,1000,2,23076508,300091,Midwest Energy & Communications,50,1,X,MI,882749d411fffff
260750056021040,1000,1000,2,23076508,300091,Midwest Energy & Communications,50,1,X,MI,882749d4c5fffff
260750060021003,1000,1000,4,23076508,300091,Midwest Energy & Communications,50,1,X,MI,8827498b0bfffff
260750060021004,1000,1000,3,23076508,300091,Midwest Energy & Communications,50,1,X,MI,8827498b1dfffff
260750060021005,1000,1000,11,23076508,300091,Midwest Energy & Communications,50,1,X,MI,8827498b1dfffff
260750060021006,1000,1000,31,23076508,300091,Midwest Energy & Communications,50,1,X,MI,8827498b1dfffff
260750060021007,1000,1000,6,23076508,300091,Midwest Energy & Communications,50,1,X,MI,8827498b19fffff
260750060021008,1000,1000,1,23076508,300091,Midwest Energy & Communications,50,1,X,MI,8827498b1dfffff
260750060021009,1000,1000,10,23076508,300091,Midwest Energy & Communications,50,1,X,MI,8827498b1bfffff
260750060021011,1000,1000,1,23076508,300091,Midwest Energy & Communications,50,1,X,MI,8827498b15fffff
260750060021012,1000,1000,1,23076508,300091,Midwest Energy & Communications,50,1,X,MI,8827498b15fffff
260750060022000,1000,1000,13,23076508,300091,Midwest Energy & Communications,50,1,X,MI,8827499983fffff
260750060022001,1000,1000,7,23076508,300091,Midwest Energy & Communications,50,1,X,MI,88274999abfffff
260750060022002,1000,1000,9,23076508,300091,Midwest Energy & Communications,50,1,X,MI,88274999bdfffff
260750060022005,1000,1000,17,23076508,300091,Midwest Energy & Communications,50,1,X,MI,88274999b9fffff
260750060022007,1000,1000,2,23076508,300091,Midwest Energy & Communications,50,1,X,MI,88274999b3fffff
260750060022009,1000,1000,16,23076508,300091,Midwest Energy & Communications,50,1,X,MI,88274999bbfffff
260750060022015,1000,1000,7,23076508,300091,Midwest Energy & Communications,50,1,X,MI,8827498b5dfffff
260750060022017,1000,1000,19,23076508,300091,Midwest Energy & Communications,50,1,X,MI,8827498b57fffff
260750060022018,1000,1000,5,23076508,300091,Midwest Energy & Communications,50,1,X,MI,8827498b51fffff
260750060022019,1000,1000,1,23076508,300091,Midwest Energy & Communications,50,1,X,MI,8827498b5dfffff
260750060022020,1000,1000,20,23076508,300091,Midwest Energy & Communications,50,1,X,MI,8827498b59fffff
260750060022021,1000,1000,1,23076508,300091,Midwest Energy & Communications,50,1,X,MI,88274999b3fffff
260750060022023,1000,1000,7,23076508,300091,Midwest Energy & Communications,50,1,X,MI,8827498a65fffff
260750060022024,1000,1000,5,23076508,300091,Midwest Energy & Communications,50,1,X,MI,8827498b59fffff
260750060022025,1000,1000,5,23076508,300091,Midwest Energy & Communications,50,1,X,MI,8827498b59fffff
260750060022028,1000,1000,6,23076508,300091,Midwest Energy & Communications,50,1,X,MI,8827498b1bfffff
260750060022042,1000,1000,8,23076508,300091,Midwest Energy & Communications,50,1,X,MI,8827498b53fffff
260750062011004,1000,1000,18,23076508,300091,Midwest Energy & Communications,50,1,X,MI,88274989a3fffff
260750062011012,1000,1000,1,23076508,300091,Midwest Energy & Communications,50,1,X,MI,882749c6d3fffff
260750062011015,1000,1000,16,23076508,300091,Midwest Energy & Communications,50,1,X,MI,88274989a5fffff
260750062011023,1000,1000,28,23076508,300091,Midwest Energy & Communications,50,1,X,MI,882749134dfffff
260750062011024,1000,1000,31,23076508,300091,Midwest Energy & Communications,50,1,X,MI,88274989b5fffff
260750062011025,1000,1000,8,23076508,300091,Midwest Energy & Communications,50,1,X,MI,8827491343fffff
260750062011026,1000,1000,10,23076508,300091,Midwest Energy & Communications,50,1,X,MI,8827491349fffff
260750062012016,1000,1000,3,23076508,300091,Midwest Energy & Communications,50,1,X,MI,88274988b9fffff
260750062012018,1000,1000,1,23076508,300091,Midwest Energy & Communications,50,1,X,MI,88274988b5fffff
260750062012019,1000,1000,3,23076508,300091,Midwest Energy & Communications,50,1,X,MI,8827491249fffff
260750062012020,1000,1000,1,23076508,300091,Midwest Energy & Communications,50,1,X,MI,8827491241fffff
260750062012021,1000,1000,3,23076508,300091,Midwest Energy & Communications,50,1,X,MI,8827491249fffff
260750062012024,1000,1000,2,23076508,300091,Midwest Energy & Communications,50,1,X,MI,8827491269fffff
260750062012025,1000,1000,7,23076508,300091,Midwest Energy & Communications,50,1,X,MI,882749126dfffff
260750062012026,1000,1000,4,23076508,300091,Midwest Energy & Communications,50,1,X,MI,88274989bbfffff
260750062012028,1000,1000,2,23076508,300091,Midwest Energy & Communications,50,1,X,MI,88274988b3fffff
260750062012029,1000,1000,7,23076508,300091,Midwest Energy & Communications,50,1,X,MI,88274988b1fffff
260750062012030,1000,1000,18,23076508,300091,Midwest Energy & Communications,50,1,X,MI,8827498895fffff
260750062012032,1000,1000,16,23076508,300091,Midwest Energy & Communications,50,1,X,MI,8827498895fffff
260750062012035,1000,1000,2,23076508,300091,Midwest Energy & Communications,50,1,X,MI,8827498893fffff
260750062012037,1000,1000,5,23076508,300091,Midwest Energy & Communications,50,1,X,MI,882749889bfffff
260750062012038,1000,1000,3,23076508,300091,Midwest Energy & Communications,50,1,X,MI,88274988b9fffff
260750062012039,1000,1000,15,23076508,300091,Midwest Energy & Communications,50,1,X,MI,88274989b5fffff
260750062012040,1000,1000,17,23076508,300091,Midwest Energy & Communications,50,1,X,MI,882749135dfffff
260750062012041,1000,1000,11,23076508,300091,Midwest Energy & Communications,50,1,X,MI,8827491265fffff
260750062012044,1000,1000,1,23076508,300091,Midwest Energy & Communications,50,1,X,MI,8827491269fffff
260750062012045,1000,1000,10,23076508,300091,Midwest Energy & Communications,50,1,X,MI,8827491343fffff
260750062022000,1000,1000,1,23076508,300091,Midwest Energy & Communications,50,1,X,MI,88274988c9fffff
260750062023000,1000,1000,8,23076508,300091,Midwest Energy & Communications,50,1,X,MI,88274988c9fffff
260750062023017,1000,1000,1,23076508,300091,Midwest Energy & Communications,50,1,X,MI,8827498899fffff
260750062023018,1000,1000,10,23076508,300091,Midwest Energy & Communications,50,1,X,MI,8827498899fffff
260750062023019,1000,1000,1,23076508,300091,Midwest Energy & Communications,50,1,X,MI,8827498891fffff
260750063011046,1000,1000,1,23076508,300091,Midwest Energy & Communications,50,1,X,MI,8827491145fffff
260750063012001,1000,1000,1,23076508,300091,Midwest Energy & Communications,50,1,X,MI,882749136bfffff
260750063012018,1000,1000,1,23076508,300091,Midwest Energy & Communications,50,1,X,MI,8827491309fffff
260750063012020,1000,1000,9,23076508,300091,Midwest Energy & Communications,50,1,X,MI,8827491347fffff
260750063012031,1000,1000,16,23076508,300091,Midwest Energy & Communications,50,1,X,MI,8827491147fffff
260750063012033,1000,1000,13,23076508,300091,Midwest Energy & Communications,50,1,X,MI,8827491335fffff
260750063012040,1000,1000,1,23076508,300091,Midwest Energy & Communications,50,1,X,MI,8827491305fffff
260750063012042,1000,1000,4,23076508,300091,Midwest Energy & Communications,50,1,X,MI,8827491301fffff
260750063012043,1000,1000,20,23076508,300091,Midwest Energy & Communications,50,1,X,MI,8827491339fffff
260750063012044,1000,1000,7,23076508,300091,Midwest Energy & Communications,50,1,X,MI,8827491331fffff
260750063012045,1000,1000,5,23076508,300091,Midwest Energy & Communications,50,1,X,MI,8827491331fffff
260750063012046,1000,1000,18,23076508,300091,Midwest Energy & Communications,50,1,X,MI,882749133bfffff
260750063012047,1000,1000,3,23076508,300091,Midwest Energy & Communications,50,1,X,MI,882749133bfffff
260750063012048,1000,1000,50,23076508,300091,Midwest Energy & Communications,50,1,X,MI,8827491303fffff
260750063012050,1000,1000,15,23076508,300091,Midwest Energy & Communications,50,1,X,MI,882749106dfffff
260750063012051,1000,1000,10,23076508,300091,Midwest Energy & Communications,50,1,X,MI,882749133bfffff
260750063012052,1000,1000,7,23076508,300091,Midwest Energy & Communications,50,1,X,MI,8827491331fffff
260750063012053,1000,1000,1,23076508,300091,Midwest Energy & Communications,50,1,X,MI,882749115dfffff
260750063012054,1000,1000,9,23076508,300091,Midwest Energy & Communications,50,1,X,MI,882749115dfffff
260750063012055,1000,1000,18,23076508,300091,Midwest Energy & Communications,50,1,X,MI,882749102dfffff
260750063012057,1000,1000,15,23076508,300091,Midwest Energy & Communications,50,1,X,MI,8827491155fffff
260750063012059,1000,1000,5,23076508,300091,Midwest Energy & Communications,50,1,X,MI,8827491101fffff
260750063012060,1000,1000,9,23076508,300091,Midwest Energy & Communications,50,1,X,MI,882749102dfffff
260750063012061,1000,1000,9,23076508,300091,Midwest Energy & Communications,50,1,X,MI,882749102dfffff
260750063012062,1000,1000,2,23076508,300091,Midwest Energy & Communications,50,1,X,MI,8827491061fffff
260750063012063,1000,1000,1,23076508,300091,Midwest Energy & Communications,50,1,X,MI,8827491101fffff
260750063012064,1000,1000,4,23076508,300091,Midwest Energy & Communications,50,1,X,MI,8827491101fffff
260750063012065,1000,1000,1,23076508,300091,Midwest Energy & Communications,50,1,X,MI,8827491101fffff
260750063012079,1000,1000,2,23076508,300091,Midwest Energy & Communications,50,1,X,MI,8827491151fffff
260750063012080,1000,1000,6,23076508,300091,Midwest Energy & Communications,50,1,X,MI,8827491065fffff
260750063012082,1000,1000,6,23076508,300091,Midwest Energy & Communications,50,1,X,MI,8827491029fffff
260750063041000,1000,1000,6,23076508,300091,Midwest Energy & Communications,50,1,X,MI,8827491261fffff
260750063041002,1000,1000,1,23076508,300091,Midwest Energy & Communications,50,1,X,MI,8827491261fffff
260750063041003,1000,1000,1,23076508,300091,Midwest Energy & Communications,50,1,X,MI,8827491261fffff
260750063041004,1000,1000,5,23076508,300091,Midwest Energy & Communications,50,1,X,MI,8827491355fffff
260750063041005,1000,1000,2,23076508,300091,Midwest Energy & Communications,50,1,X,MI,882749135dfffff
260750063041014,1000,1000,21,23076508,300091,Midwest Energy & Communications,50,1,X,MI,882749130bfffff
260750063041015,1000,1000,3,23076508,300091,Midwest Energy & Communications,50,1,X,MI,8827491355fffff
260750063041018,1000,1000,1,23076508,300091,Midwest Energy & Communications,50,1,X,MI,8827491309fffff
260750063041020,1000,1000,4,23076508,300091,Midwest Energy & Communications,50,1,X,MI,882749130bfffff
260750063041021,1000,1000,2,23076508,300091,Midwest Energy & Communications,50,1,X,MI,8827491313fffff
260750063041028,1000,1000,9,23076508,300091,Midwest Energy & Communications,50,1,X,MI,882749100dfffff
260750063041029,1000,1000,15,23076508,300091,Midwest Energy & Communications,50,1,X,MI,8827491063fffff
260750063041031,1000,1000,1,23076508,300091,Midwest Energy & Communications,50,1,X,MI,8827491313fffff
260750063041032,1000,1000,7,23076508,300091,Midwest Energy & Communications,50,1,X,MI,8827491311fffff
260750063041033,1000,1000,14,23076508,300091,Midwest Energy & Communications,50,1,X,MI,8827491317fffff
260750063041038,1000,1000,1,23076508,300091,Midwest Energy & Communications,50,1,X,MI,8827491057fffff
260750063041039,1000,1000,16,23076508,300091,Midwest Energy & Communications,50,1,X,MI,8827491009fffff
260750063041040,1000,1000,2,23076508,300091,Midwest Energy & Communications,50,1,X,MI,8827491313fffff
260750063041041,1000,1000,7,23076508,300091,Midwest Energy & Communications,50,1,X,MI,8827491009fffff
260750063041042,1000,1000,9,23076508,300091,Midwest Energy & Communications,50,1,X,MI,882749100bfffff
260750063041045,1000,1000,2,23076508,300091,Midwest Energy & Communications,50,1,X,MI,8827491355fffff
260750063042014,1000,1000,1,23076508,300091,Midwest Energy & Communications,50,1,X,MI,8827491051fffff
260750063042020,1000,1000,5,23076508,300091,Midwest Energy & Communications,50,1,X,MI,8827491051fffff
260750063042023,1000,1000,5,23076508,300091,Midwest Energy & Communications,50,1,X,MI,8827491051fffff
260750063043003,1000,1000,1,23076508,300091,Midwest Energy & Communications,50,1,X,MI,8827491313fffff
260750063051000,1000,1000,7,23076508,300091,Midwest Energy & Communications,50,1,X,MI,88274912e7fffff
260750063051012,1000,1000,8,23076508,300091,Midwest Energy & Communications,50,1,X,MI,88274912ebfffff
260750063051014,1000,1000,20,23076508,300091,Midwest Energy & Communications,50,1,X,MI,88274912ebfffff
260750063051015,1000,1000,3,23076508,300091,Midwest Energy & Communications,50,1,X,MI,88274912e7fffff
260750063051019,1000,1000,6,23076508,300091,Midwest Energy & Communications,50,1,X,MI,88274912adfffff
260750063051020,1000,1000,9,23076508,300091,Midwest Energy & Communications,50,1,X,MI,88274912e7fffff
260750063051022,1000,1000,2,23076508,300091,Midwest Energy & Communications,50,1,X,MI,88274912e7fffff
260750063051023,1000,1000,50,23076508,300091,Midwest Energy & Communications,50,1,X,MI,88274912e3fffff
260750063051025,1000,1000,1,23076508,300091,Midwest Energy & Communications,50,1,X,MI,88274912adfffff
260750063052011,1000,1000,9,23076508,300091,Midwest Energy & Communications,50,1,X,MI,88274912c3fffff
260750063052012,1000,1000,4,23076508,300091,Midwest Energy & Communications,50,1,X,MI,88274912c9fffff
260750063052013,1000,1000,5,23076508,300091,Midwest Energy & Communications,50,1,X,MI,88274912c9fffff
260750063052014,1000,1000,2,23076508,300091,Midwest Energy & Communications,50,1,X,MI,88274912c9fffff
260750063052015,1000,1000,1,23076508,300091,Midwest Energy & Communications,50,1,X,MI,88274912c9fffff
260750063052022,1000,1000,7,23076508,300091,Midwest Energy & Communications,50,1,X,MI,88274912d5fffff
260750063052023,1000,1000,43,23076508,300091,Midwest Energy & Communications,50,1,X,MI,882749128bfffff
260750063052024,1000,1000,8,23076508,300091,Midwest Energy & Communications,50,1,X,MI,88274912cbfffff
260750063052025,1000,1000,6,23076508,300091,Midwest Energy & Communications,50,1,X,MI,88274912d9fffff
260750063052026,1000,1000,51,23076508,300091,Midwest Energy & Communications,50,1,X,MI,8827498de5fffff
260750063052028,1000,1000,4,23076508,300091,Midwest Energy & Communications,50,1,X,MI,8827498de5fffff
260750063052029,1000,1000,10,23076508,300091,Midwest Energy & Communications,50,1,X,MI,8827498de5fffff
260750063052030,1000,1000,3,23076508,300091,Midwest Energy & Communications,50,1,X,MI,88274912d1fffff
260750063052031,1000,1000,9,23076508,300091,Midwest Energy & Communications,50,1,X,MI,88274912d1fffff
260750063052032,1000,1000,10,23076508,300091,Midwest Energy & Communications,50,1,X,MI,88274912ddfffff
260750063052037,1000,1000,6,23076508,300091,Midwest Energy & Communications,50,1,X,MI,88274912dbfffff
260750063052038,1000,1000,9,23076508,300091,Midwest Energy & Communications,50,1,X,MI,88274912d1fffff
260750063061000,1000,1000,2,23076508,300091,Midwest Energy & Communications,50,1,X,MI,8827498d69fffff
260750063061001,1000,1000,11,23076508,300091,Midwest Energy & Communications,50,1,X,MI,8827498d69fffff
260750063061002,1000,1000,2,23076508,300091,Midwest Energy & Communications,50,1,X,MI,8827498d69fffff
260750063061003,1000,1000,10,23076508,300091,Midwest Energy & Communications,50,1,X,MI,88274988b3fffff
260750063061004,1000,1000,17,23076508,300091,Midwest Energy & Communications,50,1,X,MI,8827491251fffff
260750063061005,1000,1000,11,23076508,300091,Midwest Energy & Communications,50,1,X,MI,882749125dfffff
260750063061006,1000,1000,11,23076508,300091,Midwest Energy & Communications,50,1,X,MI,8827491255fffff
260750063061007,1000,1000,12,23076508,300091,Midwest Energy & Communications,50,1,X,MI,8827491247fffff
260750063061008,1000,1000,19,23076508,300091,Midwest Energy & Communications,50,1,X,MI,8827491269fffff
260750063061009,1000,1000,4,23076508,300091,Midwest Energy & Communications,50,1,X,MI,8827491261fffff
260750063061010,1000,1000,1,23076508,300091,Midwest Energy & Communications,50,1,X,MI,8827491263fffff
260750063061012,1000,1000,38,23076508,300091,Midwest Energy & Communications,50,1,X,MI,882749121dfffff
260750063061013,1000,1000,6,23076508,300091,Midwest Energy & Communications,50,1,X,MI,8827491251fffff
260750063061014,1000,1000,1,23076508,300091,Midwest Energy & Communications,50,1,X,MI,882749125bfffff
260750063061015,1000,1000,12,23076508,300091,Midwest Energy & Communications,50,1,X,MI,8827498d65fffff
260750063061018,1000,1000,3,23076508,300091,Midwest Energy & Communications,50,1,X,MI,8827498d45fffff
260750063061019,1000,1000,4,23076508,300091,Midwest Energy & Communications,50,1,X,MI,8827491201fffff
260750063061023,1000,1000,1,23076508,300091,Midwest Energy & Communications,50,1,X,MI,8827498d45fffff
260750063061045,1000,1000,5,23076508,300091,Midwest Energy & Communications,50,1,X,MI,88274912c9fffff
260750063061046,1000,1000,7,23076508,300091,Midwest Energy & Communications,50,1,X,MI,88274912c9fffff
260750063062000,1000,1000,4,23076508,300091,Midwest Energy & Communications,50,1,X,MI,8827491219fffff
260750063062001,1000,1000,14,23076508,300091,Midwest Energy & Communications,50,1,X,MI,882749121dfffff
260750063062002,1000,1000,5,23076508,300091,Midwest Energy & Communications,50,1,X,MI,8827491203fffff
260750063062003,1000,1000,1,23076508,300091,Midwest Energy & Communications,50,1,X,MI,8827491203fffff
260750063062004,1000,1000,9,23076508,300091,Midwest Energy & Communications,50,1,X,MI,8827491203fffff
260750064011005,1000,1000,9,23076508,300091,Midwest Energy & Communications,50,1,X,MI,882749ce4dfffff
260750064011006,1000,1000,3,23076508,300091,Midwest Energy & Communications,50,1,X,MI,882749c193fffff
260750064011007,1000,1000,2,23076508,300091,Midwest Energy & Communications,50,1,X,MI,882749c193fffff
260750064011045,1000,1000,2,23076508,300091,Midwest Energy & Communications,50,1,X,MI,882749ce6bfffff
260750064011046,1000,1000,1,23076508,300091,Midwest Energy & Communications,50,1,X,MI,882749ce47fffff
260750064011090,1000,1000,2,23076508,300091,Midwest Energy & Communications,50,1,X,MI,882749ce47fffff
260750065001004,1000,1000,1,23076508,300091,Midwest Energy & Communications,50,1,X,MI,882749d535fffff
260750065001005,1000,1000,15,23076508,300091,Midwest Energy & Communications,50,1,X,MI,882749c2cbfffff
260750065001007,1000,1000,12,23076508,300091,Midwest Energy & Communications,50,1,X,MI,882749c2d1fffff
260750065001008,1000,1000,4,23076508,300091,Midwest Energy & Communications,50,1,X,MI,882749c2cbfffff
260750065001013,1000,1000,2,23076508,300091,Midwest Energy & Communications,50,1,X,MI,882749c2d7fffff
260750065002000,1000,1000,1,23076508,300091,Midwest Energy & Communications,50,1,X,MI,882749c2c9fffff
260750065002001,1000,1000,9,23076508,300091,Midwest Energy & Communications,50,1,X,MI,882749c2c5fffff
260750065002003,1000,1000,12,23076508,300091,Midwest Energy & Communications,50,1,X,MI,882749c2c5fffff
260750065002004,1000,1000,29,23076508,300091,Midwest Energy & Communications,50,1,X,MI,882749c2c5fffff
260750065002005,1000,1000,9,23076508,300091,Midwest Energy & Communications,50,1,X,MI,882749c2cbfffff
260750065002006,1000,1000,5,23076508,300091,Midwest Energy & Communications,50,1,X,MI,882749c2ddfffff
260750065002007,1000,1000,6,23076508,300091,Midwest Energy & Communications,50,1,X,MI,882749c2c3fffff
260750065002008,1000,1000,3,23076508,300091,Midwest Energy & Communications,50,1,X,MI,882749c2c3fffff
260750065002010,1000,1000,10,23076508,300091,Midwest Energy & Communications,50,1,X,MI,882749c2bdfffff
260750065002011,1000,1000,43,23076508,300091,Midwest Energy & Communications,50,1,X,MI,882749c2a1fffff
260750065002013,1000,1000,28,23076508,300091,Midwest Energy & Communications,50,1,X,MI,882749c059fffff
260750065002014,1000,1000,2,23076508,300091,Midwest Energy & Communications,50,1,X,MI,882749c05dfffff
260750065002015,1000,1000,35,23076508,300091,Midwest Energy & Communications,50,1,X,MI,882749c009fffff
260750065002020,1000,1000,16,23076508,300091,Midwest Energy & Communications,50,1,X,MI,882749c055fffff
260750065002022,1000,1000,12,23076508,300091,Midwest Energy & Communications,50,1,X,MI,882749c011fffff
260750065002023,1000,1000,9,23076508,300091,Midwest Energy & Communications,50,1,X,MI,882749c003fffff
260750065002024,1000,1000,25,23076508,300091,Midwest Energy & Communications,50,1,X,MI,882749c2a5fffff
260750065002025,1000,1000,23,23076508,300091,Midwest Energy & Communications,50,1,X,MI,882749c053fffff
260750065002026,1000,1000,15,23076508,300091,Midwest Energy & Communications,50,1,X,MI,882749c059fffff
260750065002027,1000,1000,23,23076508,300091,Midwest Energy & Communications,50,1,X,MI,882749c2adfffff
260750065002028,1000,1000,15,23076508,300091,Midwest Energy & Communications,50,1,X,MI,882749c2a5fffff
260750065002029,1000,1000,14,23076508,300091,Midwest Energy & Communications,50,1,X,MI,882749c2c5fffff
260750065002033,1000,1000,4,23076508,300091,Midwest Energy & Communications,50,1,X,MI,882749c2d1fffff
260750065002037,1000,1000,13,23076508,300091,Midwest Energy & Communications,50,1,X,MI,882749c2b9fffff
260750065002038,1000,1000,7,23076508,300091,Midwest Energy & Communications,50,1,X,MI,882749c287fffff
260750065002039,1000,1000,45,23076508,300091,Midwest Energy & Communications,50,1,X,MI,882749c2b7fffff
260750065002040,1000,1000,18,23076508,300091,Midwest Energy & Communications,50,1,X,MI,882749c2b5fffff
260750065002041,1000,1000,6,23076508,300091,Midwest Energy & Communications,50,1,X,MI,882749c2a3fffff
260750065002042,1000,1000,3,23076508,300091,Midwest Energy & Communications,50,1,X,MI,882749c0c7fffff
260750065002043,1000,1000,27,23076508,300091,Midwest Energy & Communications,50,1,X,MI,882749c0edfffff
260750065002048,1000,1000,51,23076508,300091,Midwest Energy & Communications,50,1,X,MI,882749c0ddfffff
260750065002049,1000,1000,14,23076508,300091,Midwest Energy & Communications,50,1,X,MI,882749c0cbfffff
260750065002050,1000,1000,5,23076508,300091,Midwest Energy & Communications,50,1,X,MI,882749c08dfffff
260750065004000,1000,1000,14,23076508,300091,Midwest Energy & Communications,50,1,X,MI,882749c047fffff
260750065004001,1000,1000,10,23076508,300091,Midwest Energy & Communications,50,1,X,MI,882749c02bfffff
260750065004002,1000,1000,2,23076508,300091,Midwest Energy & Communications,50,1,X,MI,882749c02dfffff
260750065004003,1000,1000,11,23076508,300091,Midwest Energy & Communications,50,1,X,MI,882749c153fffff
260750065004004,1000,1000,19,23076508,300091,Midwest Energy & Communications,50,1,X,MI,882749c025fffff
260750065004005,1000,1000,20,23076508,300091,Midwest Energy & Communications,50,1,X,MI,882749c007fffff
260750065004006,1000,1000,14,23076508,300091,Midwest Energy & Communications,50,1,X,MI,882749c039fffff
260750065004007,1000,1000,19,23076508,300091,Midwest Energy & Communications,50,1,X,MI,882749c039fffff
260750065004008,1000,1000,29,23076508,300091,Midwest Energy & Communications,50,1,X,MI,882749c0e1fffff
260750065004009,1000,1000,1,23076508,300091,Midwest Energy & Communications,50,1,X,MI,882749c08dfffff
260750065004011,1000,1000,4,23076508,300091,Midwest Energy & Communications,50,1,X,MI,882749c1cbfffff
260750065004012,1000,1000,16,23076508,300091,Midwest Energy & Communications,50,1,X,MI,882749c1c9fffff
260750065004013,1000,1000,11,23076508,300091,Midwest Energy & Communications,50,1,X,MI,882749c1c9fffff
260750065004018,1000,1000,8,23076508,300091,Midwest Energy & Communications,50,1,X,MI,882749c1d7fffff
260750065004020,1000,1000,14,23076508,300091,Midwest Energy & Communications,50,1,X,MI,882749c1d5fffff
260750065004021,1000,1000,2,23076508,300091,Midwest Energy & Communications,50,1,X,MI,882749c1c3fffff
260750065004022,1000,1000,10,23076508,300091,Midwest Energy & Communications,50,1,X,MI,882749c1c3fffff
260750065004023,1000,1000,5,23076508,300091,Midwest Energy & Communications,50,1,X,MI,882749c1d7fffff
260750065004024,1000,1000,1,23076508,300091,Midwest Energy & Communications,50,1,X,MI,882749c1d7fffff
260750065004029,1000,1000,23,23076508,300091,Midwest Energy & Communications,50,1,X,MI,882749c193fffff
260750065005004,1000,1000,7,23076508,300091,Midwest Energy & Communications,50,1,X,MI,882749c111fffff
260750065005005,1000,1000,3,23076508,300091,Midwest Energy & Communications,50,1,X,MI,882749c1e5fffff
260750065005006,1000,1000,15,23076508,300091,Midwest Energy & Communications,50,1,X,MI,882749c117fffff
260750065005007,1000,1000,3,23076508,300091,Midwest Energy & Communications,50,1,X,MI,882749c1e9fffff
260750065005008,1000,1000,11,23076508,300091,Midwest Energy & Communications,50,1,X,MI,882749c1c5fffff
260750065005009,1000,1000,7,23076508,300091,Midwest Energy & Communications,50,1,X,MI,882749c11bfffff
260750065005010,1000,1000,5,23076508,300091,Midwest Energy & Communications,50,1,X,MI,882749c1c7fffff
260750065005011,1000,1000,5,23076508,300091,Midwest Energy & Communications,50,1,X,MI,882749c18dfffff
260750065005012,1000,1000,4,23076508,300091,Midwest Energy & Communications,50,1,X,MI,882749c1e3fffff
260750065005013,1000,1000,17,23076508,300091,Midwest Energy & Communications,50,1,X,MI,882749c1ebfffff
260750065005014,1000,1000,6,23076508,300091,Midwest Energy & Communications,50,1,X,MI,882749c1e5fffff
260750065005017,1000,1000,3,23076508,300091,Midwest Energy & Communications,50,1,X,MI,882749c1abfffff
260750065005018,1000,1000,5,23076508,300091,Midwest Energy & Communications,50,1,X,MI,882749c1e3fffff
260750065005019,1000,1000,3,23076508,300091,Midwest Energy & Communications,50,1,X,MI,882749c187fffff
260750065005020,1000,1000,2,23076508,300091,Midwest Energy & Communications,50,1,X,MI,882749c187fffff
260750065005022,1000,1000,5,23076508,300091,Midwest Energy & Communications,50,1,X,MI,882749c1d7fffff
260750065005026,1000,1000,3,23076508,300091,Midwest Energy & Communications,50,1,X,MI,882749c1bdfffff
260750065005027,1000,1000,8,23076508,300091,Midwest Energy & Communications,50,1,X,MI,882749c1abfffff
260750065005028,1000,1000,5,23076508,300091,Midwest Energy & Communications,50,1,X,MI,882749c1bdfffff
260750065005029,1000,1000,4,23076508,300091,Midwest Energy & Communications,50,1,X,MI,882749c1a1fffff
260750065005030,1000,1000,2,23076508,300091,Midwest Energy & Communications,50,1,X,MI,882749c1a1fffff
260750065005031,1000,1000,1,23076508,300091,Midwest Energy & Communications,50,1,X,MI,882749c1a1fffff
260750065005056,1000,1000,10,23076508,300091,Midwest Energy & Communications,50,1,X,MI,882749c191fffff
260750066002000,1000,1000,3,23076508,300091,Midwest Energy & Communications,50,1,X,MI,882749d1a9fffff
260750066002006,1000,1000,3,23076508,300091,Midwest Energy & Communications,50,1,X,MI,882749d1b9fffff
260750066002015,1000,1000,1,23076508,300091,Midwest Energy & Communications,50,1,X,MI,882749d197fffff
260750066002016,1000,1000,6,23076508,300091,Midwest Energy & Communications,50,1,X,MI,882749c241fffff
260750066002017,1000,1000,1,23076508,300091,Midwest Energy & Communications,50,1,X,MI,882749c24bfffff
260750066002027,1000,1000,2,23076508,300091,Midwest Energy & Communications,50,1,X,MI,882749c047fffff
260750066002035,1000,1000,6,23076508,300091,Midwest Energy & Communications,50,1,X,MI,882749c24bfffff
260750066002036,1000,1000,8,23076508,300091,Midwest Energy & Communications,50,1,X,MI,882749c25dfffff
260750066002038,1000,1000,9,23076508,300091,Midwest Energy & Communications,50,1,X,MI,882749c25dfffff
260750066002039,1000,1000,1,23076508,300091,Midwest Energy & Communications,50,1,X,MI,882749c25dfffff
260750066002040,1000,1000,21,23076508,300091,Midwest Energy & Communications,50,1,X,MI,882749c219fffff
260750066002044,1000,1000,4,23076508,300091,Midwest Energy & Communications,50,1,X,MI,882749c219fffff
260750066002045,1000,1000,1,23076508,300091,Midwest Energy & Communications,50,1,X,MI,882749c219fffff
260750066002046,1000,1000,6,23076508,300091,Midwest Energy & Communications,50,1,X,MI,882749c257fffff
260750066002054,1000,1000,5,23076508,300091,Midwest Energy & Communications,50,1,X,MI,882749c21bfffff
260750066002062,1000,1000,3,23076508,300091,Midwest Energy & Communications,50,1,X,MI,882749c213fffff
260750066002063,1000,1000,2,23076508,300091,Midwest Energy & Communications,50,1,X,MI,882749c213fffff
260750066003000,1000,1000,12,23076508,300091,Midwest Energy & Communications,50,1,X,MI,882749d2b7fffff
260750066003001,1000,1000,6,23076508,300091,Midwest Energy & Communications,50,1,X,MI,882749d0ddfffff
260750066003002,1000,1000,5,23076508,300091,Midwest Energy & Communications,50,1,X,MI,882749d0d5fffff
260750066003003,1000,1000,5,23076508,300091,Midwest Energy & Communications,50,1,X,MI,882749d0c7fffff
260750066003004,1000,1000,2,23076508,300091,Midwest Energy & Communications,50,1,X,MI,882749d0c7fffff
260750066003005,1000,1000,2,23076508,300091,Midwest Energy & Communications,50,1,X,MI,882749d0ebfffff
260750066003006,1000,1000,5,23076508,300091,Midwest Energy & Communications,50,1,X,MI,882749d0ebfffff
260750066003007,1000,1000,1,23076508,300091,Midwest Energy & Communications,50,1,X,MI,882749d0e1fffff
260750066003010,1000,1000,2,23076508,300091,Midwest Energy & Communications,50,1,X,MI,882749d0e1fffff
260750066003011,1000,1000,1,23076508,300091,Midwest Energy & Communications,50,1,X,MI,882749d0e1fffff
260750066003013,1000,1000,35,23076508,300091,Midwest Energy & Communications,50,1,X,MI,882749d0abfffff
260750066003014,1000,1000,4,23076508,300091,Midwest Energy & Communications,50,1,X,MI,882749d081fffff
260750066003015,1000,1000,2,23076508,300091,Midwest Energy & Communications,50,1,X,MI,882749d08dfffff
260750066003016,1000,1000,1,23076508,300091,Midwest Energy & Communications,50,1,X,MI,882749d081fffff
260750066003017,1000,1000,14,23076508,300091,Midwest Energy & Communications,50,1,X,MI,882749d081fffff
260750066003018,1000,1000,5,23076508,300091,Midwest Energy & Communications,50,1,X,MI,882749d0d1fffff
260750066003019,1000,1000,16,23076508,300091,Midwest Energy & Communications,50,1,X,MI,882749d0d1fffff
260750066003021,1000,1000,7,23076508,300091,Midwest Energy & Communications,50,1,X,MI,882749d0dbfffff
260750066003022,1000,1000,20,23076508,300091,Midwest Energy & Communications,50,1,X,MI,882749d0a3fffff
260750066003026,1000,1000,28,23076508,300091,Midwest Energy & Communications,50,1,X,MI,882749d0adfffff
260750066003027,1000,1000,25,23076508,300091,Midwest Energy & Communications,50,1,X,MI,882749d1d5fffff
260750066003028,1000,1000,20,23076508,300091,Midwest Energy & Communications,50,1,X,MI,882749d1d7fffff
260750066003029,1000,1000,1,23076508,300091,Midwest Energy & Communications,50,1,X,MI,882749d189fffff
260750066003031,1000,1000,1,23076508,300091,Midwest Energy & Communications,50,1,X,MI,882749d1b9fffff
260750066003032,1000,1000,13,23076508,300091,Midwest Energy & Communications,50,1,X,MI,882749d193fffff
260750066003033,1000,1000,44,23076508,300091,Midwest Energy & Communications,50,1,X,MI,882749d0a7fffff
260750066003034,1000,1000,2,23076508,300091,Midwest Energy & Communications,50,1,X,MI,882749d0adfffff
260750066003035,1000,1000,10,23076508,300091,Midwest Energy & Communications,50,1,X,MI,882749d0a1fffff
260750066003037,1000,1000,15,23076508,300091,Midwest Energy & Communications,50,1,X,MI,882749c249fffff
260750066003038,1000,1000,4,23076508,300091,Midwest Energy & Communications,50,1,X,MI,882749d0a3fffff
260750066003039,1000,1000,4,23076508,300091,Midwest Energy & Communications,50,1,X,MI,882749c249fffff
260750066003040,1000,1000,3,23076508,300091,Midwest Energy & Communications,50,1,X,MI,882749c249fffff
260750066003041,1000,1000,9,23076508,300091,Midwest Energy & Communications,50,1,X,MI,882749d0b7fffff
260750066003048,1000,1000,1,23076508,300091,Midwest Energy & Communications,50,1,X,MI,882749d0d3fffff
260750066003049,1000,1000,7,23076508,300091,Midwest Energy & Communications,50,1,X,MI,882749d0d3fffff
260750066003050,1000,1000,6,23076508,300091,Midwest Energy & Communications,50,1,X,MI,882749d0d3fffff
260750066003057,1000,1000,1,23076508,300091,Midwest Energy & Communications,50,1,X,MI,882749d727fffff
260750066003063,1000,1000,8,23076508,300091,Midwest Energy & Communications,50,1,X,MI,882749d0b9fffff
260750066003064,1000,1000,1,23076508,300091,Midwest Energy & Communications,50,1,X,MI,882749d0b9fffff
260750066003065,1000,1000,14,23076508,300091,Midwest Energy & Communications,50,1,X,MI,882749d0b9fffff
260750066003066,1000,1000,4,23076508,300091,Midwest Energy & Communications,50,1,X,MI,882749d0b9fffff
260750066003067,1000,1000,1,23076508,300091,Midwest Energy & Communications,50,1,X,MI,882749d0b9fffff
260750066003068,1000,1000,3,23076508,300091,Midwest Energy & Communications,50,1,X,MI,882749d095fffff
260750066003070,1000,1000,2,23076508,300091,Midwest Energy & Communications,50,1,X,MI,882749d09dfffff
260750066003071,1000,1000,7,23076508,300091,Midwest Energy & Communications,50,1,X,MI,882749d099fffff
260750066003074,1000,1000,1,23076508,300091,Midwest Energy & Communications,50,1,X,MI,882749c25dfffff
260750066003075,1000,1000,1,23076508,300091,Midwest Energy & Communications,50,1,X,MI,882749c25dfffff
260750066003077,1000,1000,20,23076508,300091,Midwest Energy & Communications,50,1,X,MI,882749c25dfffff
260750066003078,1000,1000,15,23076508,300091,Midwest Energy & Communications,50,1,X,MI,882749c24bfffff
260750066003079,1000,1000,2,23076508,300091,Midwest Energy & Communications,50,1,X,MI,882749d0b7fffff
260750066003082,1000,1000,1,23076508,300091,Midwest Energy & Communications,50,1,X,MI,882749d095fffff
260750066003084,1000,1000,1,23076508,300091,Midwest Energy & Communications,50,1,X,MI,882749d1a9fffff
260750066003088,1000,1000,10,23076508,300091,Midwest Energy & Communications,50,1,X,MI,882749d0bdfffff
260750066003089,1000,1000,1,23076508,300091,Midwest Energy & Communications,50,1,X,MI,882749c241fffff
260750067011000,1000,1000,4,23076508,300091,Midwest Energy & Communications,50,1,X,MI,882749d747fffff
260750067011002,1000,1000,3,23076508,300091,Midwest Energy & Communications,50,1,X,MI,882749d747fffff
260750067011003,1000,1000,4,23076508,300091,Midwest Energy & Communications,50,1,X,MI,882749d745fffff
260750067011004,1000,1000,9,23076508,300091,Midwest Energy & Communications,50,1,X,MI,882749d769fffff
260750067011005,1000,1000,5,23076508,300091,Midwest Energy & Communications,50,1,X,MI,882749d76dfffff
260750067011006,1000,1000,6,23076508,300091,Midwest Energy & Communications,50,1,X,MI,882749d76dfffff
260750067011007,1000,1000,7,23076508,300091,Midwest Energy & Communications,50,1,X,MI,882749d765fffff
260750067011008,1000,1000,15,23076508,300091,Midwest Energy & Communications,50,1,X,MI,882749d765fffff
260750067011009,1000,1000,4,23076508,300091,Midwest Energy & Communications,50,1,X,MI,882749d0dbfffff
260750067011010,1000,1000,18,23076508,300091,Midwest Energy & Communications,50,1,X,MI,882749d765fffff
260750067011011,1000,1000,14,23076508,300091,Midwest Energy & Communications,50,1,X,MI,882749d761fffff
260750067011012,1000,1000,1,23076508,300091,Midwest Energy & Communications,50,1,X,MI,882749d70dfffff
260750067011013,1000,1000,6,23076508,300091,Midwest Energy & Communications,50,1,X,MI,882749d747fffff
260750067011014,1000,1000,1,23076508,300091,Midwest Energy & Communications,50,1,X,MI,882749d747fffff
260750067011018,1000,1000,11,23076508,300091,Midwest Energy & Communications,50,1,X,MI,882749d767fffff
260750067011019,1000,1000,15,23076508,300091,Midwest Energy & Communications,50,1,X,MI,882749d70dfffff
260750067011020,1000,1000,8,23076508,300091,Midwest Energy & Communications,50,1,X,MI,882749d701fffff
260750067011022,1000,1000,26,23076508,300091,Midwest Energy & Communications,50,1,X,MI,882749d709fffff
260750067011023,1000,1000,16,23076508,300091,Midwest Energy & Communications,50,1,X,MI,882749d747fffff
260750067011028,1000,1000,5,23076508,300091,Midwest Energy & Communications,50,1,X,MI,882749d721fffff
260750067011029,1000,1000,8,23076508,300091,Midwest Energy & Communications,50,1,X,MI,882749d0d3fffff
260750067011030,1000,1000,8,23076508,300091,Midwest Energy & Communications,50,1,X,MI,882749d727fffff
260750067011031,1000,1000,3,23076508,300091,Midwest Energy & Communications,50,1,X,MI,882749d721fffff
260750067011032,1000,1000,40,23076508,300091,Midwest Energy & Communications,50,1,X,MI,882749d715fffff
260750067011033,1000,1000,3,23076508,300091,Midwest Energy & Communications,50,1,X,MI,882749d701fffff
260750067011035,1000,1000,12,23076508,300091,Midwest Energy & Communications,50,1,X,MI,882749d465fffff
260750067011038,1000,1000,12,23076508,300091,Midwest Energy & Communications,50,1,X,MI,882749d717fffff
260750067011039,1000,1000,7,23076508,300091,Midwest Energy & Communications,50,1,X,MI,882749d73bfffff
260750067011040,1000,1000,30,23076508,300091,Midwest Energy & Communications,50,1,X,MI,882749d739fffff
260750067011041,1000,1000,17,23076508,300091,Midwest Energy & Communications,50,1,X,MI,882749d73dfffff
260750067011042,1000,1000,31,23076508,300091,Midwest Energy & Communications,50,1,X,MI,882749d731fffff
260750067011044,1000,1000,2,23076508,300091,Midwest Energy & Communications,50,1,X,MI,882749d73dfffff
260750067011045,1000,1000,10,23076508,300091,Midwest Energy & Communications,50,1,X,MI,882749d73bfffff
260750067011046,1000,1000,2,23076508,300091,Midwest Energy & Communications,50,1,X,MI,882749d739fffff
260750067011047,1000,1000,7,23076508,300091,Midwest Energy & Communications,50,1,X,MI,882749d723fffff
260750067011050,1000,1000,7,23076508,300091,Midwest Energy & Communications,50,1,X,MI,882749d721fffff
260750067011051,1000,1000,19,23076508,300091,Midwest Energy & Communications,50,1,X,MI,882749d735fffff
260750067011052,1000,1000,47,23076508,300091,Midwest Energy & Communications,50,1,X,MI,882749d55dfffff
260750067011053,1000,1000,5,23076508,300091,Midwest Energy & Communications,50,1,X,MI,882749d737fffff
260750067011054,1000,1000,7,23076508,300091,Midwest Energy & Communications,50,1,X,MI,882749d735fffff
260750067011055,1000,1000,18,23076508,300091,Midwest Energy & Communications,50,1,X,MI,882749d551fffff
260750067011056,1000,1000,38,23076508,300091,Midwest Energy & Communications,50,1,X,MI,882749d733fffff
260750067011057,1000,1000,4,23076508,300091,Midwest Energy & Communications,50,1,X,MI,882749d465fffff
260750067011058,1000,1000,7,23076508,300091,Midwest Energy & Communications,50,1,X,MI,882749d553fffff
260750067011059,1000,1000,12,23076508,300091,Midwest Energy & Communications,50,1,X,MI,882749d543fffff
260750067011061,1000,1000,3,23076508,300091,Midwest Energy & Communications,50,1,X,MI,882749d73dfffff
260750067012014,1000,1000,1,23076508,300091,Midwest Energy & Communications,50,1,X,MI,882749d743fffff
260750067012015,1000,1000,5,23076508,300091,Midwest Energy & Communications,50,1,X,MI,882749d743fffff
260750067012021,1000,1000,1,23076508,300091,Midwest Energy & Communications,50,1,X,MI,882749d751fffff
260750067012023,1000,1000,2,23076508,300091,Midwest Energy & Communications,50,1,X,MI,882749d743fffff
260750067012027,1000,1000,5,23076508,300091,Midwest Energy & Communications,50,1,X,MI,882749d751fffff
260750067012028,1000,1000,10,23076508,300091,Midwest Energy & Communications,50,1,X,MI,882749d757fffff
260750067012033,1000,1000,30,23076508,300091,Midwest Energy & Communications,50,1,X,MI,882749d711fffff
260750067012034,1000,1000,1,23076508,300091,Midwest Energy & Communications,50,1,X,MI,882749d70bfffff
260750067012035,1000,1000,19,23076508,300091,Midwest Energy & Communications,50,1,X,MI,882749d71bfffff
260750067012036,1000,1000,17,23076508,300091,Midwest Energy & Communications,50,1,X,MI,882749d71bfffff
260750067012040,1000,1000,2,23076508,300091,Midwest Energy & Communications,50,1,X,MI,882749d751fffff
260750067012041,1000,1000,1,23076508,300091,Midwest Energy & Communications,50,1,X,MI,882749d751fffff
260750067012045,1000,1000,3,23076508,300091,Midwest Energy & Communications,50,1,X,MI,882749d751fffff
260750067012050,1000,1000,3,23076508,300091,Midwest Energy & Communications,50,1,X,MI,882749d627fffff
260750067012056,1000,1000,14,23076508,300091,Midwest Energy & Communications,50,1,X,MI,882749d603fffff
260750067012059,1000,1000,4,23076508,300091,Midwest Energy & Communications,50,1,X,MI,882749d607fffff
260750067012060,1000,1000,1,23076508,300091,Midwest Energy & Communications,50,1,X,MI,882749d62bfffff
260750067012061,1000,1000,7,23076508,300091,Midwest Energy & Communications,50,1,X,MI,882749d62bfffff
260750067012065,1000,1000,7,23076508,300091,Midwest Energy & Communications,50,1,X,MI,882749d751fffff
260750067012066,1000,1000,1,23076508,300091,Midwest Energy & Communications,50,1,X,MI,882749d627fffff
260750067012069,1000,1000,8,23076508,300091,Midwest Energy & Communications,50,1,X,MI,882749d71bfffff
260750067012070,1000,1000,4,23076508,300091,Midwest Energy & Communications,50,1,X,MI,882749d711fffff
260750067012071,1000,1000,16,23076508,300091,Midwest Energy & Communications,50,1,X,MI,882749d711fffff
260750067013000,1000,1000,19,23076508,300091,Midwest Energy & Communications,50,1,X,MI,882749d457fffff
260750067013001,1000,1000,5,23076508,300091,Midwest Energy & Communications,50,1,X,MI,882749d457fffff
260750067013011,1000,1000,14,23076508,300091,Midwest Energy & Communications,50,1,X,MI,882749d42bfffff
260750067013012,1000,1000,22,23076508,300091,Midwest Energy & Communications,50,1,X,MI,882749d42bfffff
260750067013014,1000,1000,5,23076508,300091,Midwest Energy & Communications,50,1,X,MI,882749d553fffff
260750067014000,1000,1000,17,23076508,300091,Midwest Energy & Communications,50,1,X,MI,882749d603fffff
260750067014001,1000,1000,6,23076508,300091,Midwest Energy & Communications,50,1,X,MI,882749d607fffff
260750067014002,1000,1000,32,23076508,300091,Midwest Energy & Communications,50,1,X,MI,882749d449fffff
260750067014003,1000,1000,27,23076508,300091,Midwest Energy & Communications,50,1,X,MI,882749d449fffff
260750067014004,1000,1000,3,23076508,300091,Midwest Energy & Communications,50,1,X,MI,882749d627fffff
260750067014005,1000,1000,13,23076508,300091,Midwest Energy & Communications,50,1,X,MI,882749d44dfffff
260750067014007,1000,1000,10,23076508,300091,Midwest Energy & Communications,50,1,X,MI,882749d451fffff
260750067014008,1000,1000,15,23076508,300091,Midwest Energy & Communications,50,1,X,MI,882749d45dfffff
260750067014009,1000,1000,4,23076508,300091,Midwest Energy & Communications,50,1,X,MI,882749d45dfffff
260750067014010,1000,1000,1,23076508,300091,Midwest Energy & Communications,50,1,X,MI,882749d637fffff
260750067014012,1000,1000,5,23076508,300091,Midwest Energy & Communications,50,1,X,MI,882749d45dfffff
260750067014013,1000,1000,9,23076508,300091,Midwest Energy & Communications,50,1,X,MI,882749d459fffff
260750067014014,1000,1000,15,23076508,300091,Midwest Energy & Communications,50,1,X,MI,882749d45bfffff
260750067014015,1000,1000,2,23076508,300091,Midwest Energy & Communications,50,1,X,MI,882749d633fffff
260750067014018,1000,1000,7,23076508,300091,Midwest Energy & Communications,50,1,X,MI,882749d6a1fffff
260750067014020,1000,1000,8,23076508,300091,Midwest Energy & Communications,50,1,X,MI,882749d453fffff
260750067014021,1000,1000,4,23076508,300091,Midwest Energy & Communications,50,1,X,MI,882749d637fffff
260750067024019,1000,1000,5,23076508,300091,Midwest Energy & Communications,50,1,X,MI,882749d6d5fffff
260750067024025,1000,1000,2,23076508,300091,Midwest Energy & Communications,50,1,X,MI,882749d6d5fffff
260750067024030,1000,1000,15,23076508,300091,Midwest Energy & Communications,50,1,X,MI,88274999abfffff
260750067024038,1000,1000,2,23076508,300091,Midwest Energy & Communications,50,1,X,MI,882749d6d7fffff
260750067024044,1000,1000,3,23076508,300091,Midwest Energy & Communications,50,1,X,MI,882749d699fffff
260750067024045,1000,1000,11,23076508,300091,Midwest Energy & Communications,50,1,X,MI,882749d699fffff
260750067024046,1000,1000,7,23076508,300091,Midwest Energy & Communications,50,1,X,MI,88274999a5fffff
260750067024047,1000,1000,13,23076508,300091,Midwest Energy & Communications,50,1,X,MI,88274999a1fffff
260750067024050,1000,1000,8,23076508,300091,Midwest Energy & Communications,50,1,X,MI,882749d687fffff
260750067024051,1000,1000,24,23076508,300091,Midwest Energy & Communications,50,1,X,MI,882749d689fffff
260750067024052,1000,1000,5,23076508,300091,Midwest Energy & Communications,50,1,X,MI,882749d681fffff
260750067024053,1000,1000,6,23076508,300091,Midwest Energy & Communications,50,1,X,MI,882749d68bfffff
260750067024054,1000,1000,3,23076508,300091,Midwest Energy & Communications,50,1,X,MI,882749d689fffff
260750067024057,1000,1000,4,23076508,300091,Midwest Energy & Communications,50,1,X,MI,882749d689fffff
260750067024058,1000,1000,26,23076508,300091,Midwest Energy & Communications,50,1,X,MI,882749d6abfffff
260750067024059,1000,1000,12,23076508,300091,Midwest Energy & Communications,50,1,X,MI,882749d6abfffff
260750067024071,1000,1000,64,23076508,300091,Midwest Energy & Communications,50,1,X,MI,882749d6abfffff
260750067024074,1000,1000,1,23076508,300091,Midwest Energy & Communications,50,1,X,MI,882749d687fffff
260750067024075,1000,1000,2,23076508,300091,Midwest Energy & Communications,50,1,X,MI,882749d687fffff
260750067024088,1000,1000,2,23076508,300091,Midwest Energy & Communications,50,1,X,MI,882749d6d7fffff
260750068011023,1000,1000,46,23076508,300091,Midwest Energy & Communications,50,1,X,MI,88274999c1fffff
260750068011024,1000,1000,2,23076508,300091,Midwest Energy & Communications,50,1,X,MI,88274999cbfffff
260750068011027,1000,1000,3,23076508,300091,Midwest Energy & Communications,50,1,X,MI,88274999c7fffff
260750068011034,1000,1000,10,23076508,300091,Midwest Energy & Communications,50,1,X,MI,88274999d1fffff
260750068011037,1000,1000,14,23076508,300091,Midwest Energy & Communications,50,1,X,MI,8827499983fffff
260750068011038,1000,1000,1,23076508,300091,Midwest Energy & Communications,50,1,X,MI,88274999b9fffff
260750068011039,1000,1000,4,23076508,300091,Midwest Energy & Communications,50,1,X,MI,88274999b9fffff
260750068011040,1000,1000,2,23076508,300091,Midwest Energy & Communications,50,1,X,MI,8827499983fffff
260750068011042,1000,1000,8,23076508,300091,Midwest Energy & Communications,50,1,X,MI,8827499995fffff
260750068011043,1000,1000,1,23076508,300091,Midwest Energy & Communications,50,1,X,MI,8827499995fffff
260750068011044,1000,1000,3,23076508,300091,Midwest Energy & Communications,50,1,X,MI,8827499991fffff
260750068011045,1000,1000,1,23076508,300091,Midwest Energy & Communications,50,1,X,MI,8827499999fffff
260750068011047,1000,1000,10,23076508,300091,Midwest Energy & Communications,50,1,X,MI,88274999bbfffff
260750068011048,1000,1000,7,23076508,300091,Midwest Energy & Communications,50,1,X,MI,88274999bbfffff
260750068011049,1000,1000,4,23076508,300091,Midwest Energy & Communications,50,1,X,MI,8827499995fffff
260750068011050,1000,1000,21,23076508,300091,Midwest Energy & Communications,50,1,X,MI,8827499995fffff
260750068011052,1000,1000,13,23076508,300091,Midwest Energy & Communications,50,1,X,MI,8827499993fffff
260750068011053,1000,1000,4,23076508,300091,Midwest Energy & Communications,50,1,X,MI,8827499991fffff
260750068012017,1000,1000,1,23076508,300091,Midwest Energy & Communications,50,1,X,MI,8827499851fffff
260750068012022,1000,1000,9,23076508,300091,Midwest Energy & Communications,50,1,X,MI,882749985bfffff
260750068012023,1000,1000,3,23076508,300091,Midwest Energy & Communications,50,1,X,MI,882749985bfffff
260750068012025,1000,1000,5,23076508,300091,Midwest Energy & Communications,50,1,X,MI,8827499aa9fffff
260750068012026,1000,1000,42,23076508,300091,Midwest Energy & Communications,50,1,X,MI,8827499aa1fffff
260750068012027,1000,1000,22,23076508,300091,Midwest Energy & Communications,50,1,X,MI,882749981dfffff
260750068012028,1000,1000,4,23076508,300091,Midwest Energy & Communications,50,1,X,MI,8827499839fffff
260750068012030,1000,1000,4,23076508,300091,Midwest Energy & Communications,50,1,X,MI,8827499807fffff
260750068012031,1000,1000,21,23076508,300091,Midwest Energy & Communications,50,1,X,MI,8827499833fffff
260750068012048,1000,1000,31,23076508,300091,Midwest Energy & Communications,50,1,X,MI,8827499831fffff
260750068012049,1000,1000,12,23076508,300091,Midwest Energy & Communications,50,1,X,MI,8827499833fffff
260750068012051,1000,1000,32,23076508,300091,Midwest Energy & Communications,50,1,X,MI,88274998c9fffff
260750068012052,1000,1000,26,23076508,300091,Midwest Energy & Communications,50,1,X,MI,88274998c5fffff
260750068012053,1000,1000,5,23076508,300091,Midwest Energy & Communications,50,1,X,MI,88274998c3fffff
260750068012054,1000,1000,14,23076508,300091,Midwest Energy & Communications,50,1,X,MI,88274998c5fffff
260750068012056,1000,1000,1,23076508,300091,Midwest Energy & Communications,50,1,X,MI,88274999d1fffff
260750068012059,1000,1000,6,23076508,300091,Midwest Energy & Communications,50,1,X,MI,88274999d9fffff
260750068012060,1000,1000,8,23076508,300091,Midwest Energy & Communications,50,1,X,MI,88274998edfffff
260750068012061,1000,1000,6,23076508,300091,Midwest Energy & Communications,50,1,X,MI,88274998edfffff
260750068012062,1000,1000,4,23076508,300091,Midwest Energy & Communications,50,1,X,MI,88274998e9fffff
260750068012063,1000,1000,1,23076508,300091,Midwest Energy & Communications,50,1,X,MI,88274998c5fffff
260750068012064,1000,1000,6,23076508,300091,Midwest Energy & Communications,50,1,X,MI,88274998c5fffff
260750068012067,1000,1000,6,23076508,300091,Midwest Energy & Communications,50,1,X,MI,88274998ebfffff
260750068012068,1000,1000,19,23076508,300091,Midwest Energy & Communications,50,1,X,MI,88274998e7fffff
260750068012069,1000,1000,1,23076508,300091,Midwest Energy & Communications,50,1,X,MI,8827499889fffff
260750068012070,1000,1000,4,23076508,300091,Midwest Energy & Communications,50,1,X,MI,88274998e5fffff
260750068012071,1000,1000,1,23076508,300091,Midwest Energy & Communications,50,1,X,MI,8827499885fffff
260750068012072,1000,1000,4,23076508,300091,Midwest Energy & Communications,50,1,X,MI,8827499889fffff
260750068012073,1000,1000,12,23076508,300091,Midwest Energy & Communications,50,1,X,MI,8827499889fffff
260750068012074,1000,1000,1,23076508,300091,Midwest Energy & Communications,50,1,X,MI,88274999dbfffff
260750068012075,1000,1000,2,23076508,300091,Midwest Energy & Communications,50,1,X,MI,88274998e7fffff
260750068012076,1000,1000,16,23076508,300091,Midwest Energy & Communications,50,1,X,MI,88274998adfffff
260750068012077,1000,1000,12,23076508,300091,Midwest Energy & Communications,50,1,X,MI,88274999d7fffff
260750068012082,1000,1000,4,23076508,300091,Midwest Energy & Communications,50,1,X,MI,8827499891fffff
260750068012088,1000,1000,1,23076508,300091,Midwest Energy & Communications,50,1,X,MI,88274998a7fffff
260750068012089,1000,1000,1,23076508,300091,Midwest Energy & Communications,50,1,X,MI,88274998a1fffff
260750068012090,1000,1000,1,23076508,300091,Midwest Energy & Communications,50,1,X,MI,88274998a5fffff
260750068012094,1000,1000,2,23076508,300091,Midwest Energy & Communications,50,1,X,MI,8827499aabfffff
260750068012095,1000,1000,2,23076508,300091,Midwest Energy & Communications,50,1,X,MI,88274999dbfffff
260750068012097,1000,1000,5,23076508,300091,Midwest Energy & Communications,50,1,X,MI,8827499999fffff
260750068013011,1000,1000,1,23076508,300091,Midwest Energy & Communications,50,1,X,MI,8827499851fffff
260750068013013,1000,1000,3,23076508,300091,Midwest Energy & Communications,50,1,X,MI,8827499aedfffff
260750068013015,1000,1000,12,23076508,300091,Midwest Energy & Communications,50,1,X,MI,882749985bfffff
260750068013016,1000,1000,48,23076508,300091,Midwest Energy & Communications,50,1,X,MI,8827499ae3fffff
260750068013017,1000,1000,13,23076508,300091,Midwest Energy & Communications,50,1,X,MI,8827499aabfffff
260750068013018,1000,1000,6,23076508,300091,Midwest Energy & Communications,50,1,X,MI,8827499aabfffff
260750068013019,1000,1000,1,23076508,300091,Midwest Energy & Communications,50,1,X,MI,8827499aabfffff
260750068013020,1000,1000,1,23076508,300091,Midwest Energy & Communications,50,1,X,MI,8827499aabfffff
260750068013021,1000,1000,1,23076508,300091,Midwest Energy & Communications,50,1,X,MI,8827499abdfffff
260750068013022,1000,1000,147,23076508,300091,Midwest Energy & Communications,50,1,X,MI,8827499ab7fffff
260750068013023,1000,1000,20,23076508,300091,Midwest Energy & Communications,50,1,X,MI,88274998c3fffff
260750068013024,1000,1000,17,23076508,300091,Midwest Energy & Communications,50,1,X,MI,88274998d3fffff
260750068013027,1000,1000,7,23076508,300091,Midwest Energy & Communications,50,1,X,MI,88274998d3fffff
260750068013028,1000,1000,5,23076508,300091,Midwest Energy & Communications,50,1,X,MI,8827499891fffff
260750068013029,1000,1000,1,23076508,300091,Midwest Energy & Communications,50,1,X,MI,8827498325fffff
260750068013030,1000,1000,4,23076508,300091,Midwest Energy & Communications,50,1,X,MI,8827499aabfffff
260750068013031,1000,1000,6,23076508,300091,Midwest Energy & Communications,50,1,X,MI,8827499aabfffff
260750068031000,1000,1000,4,23076508,300091,Midwest Energy & Communications,50,1,X,MI,8827498f57fffff
260750068031001,1000,1000,1,23076508,300091,Midwest Energy & Communications,50,1,X,MI,8827498f0bfffff
260750068031002,1000,1000,9,23076508,300091,Midwest Energy & Communications,50,1,X,MI,8827498f0dfffff
260750068031009,1000,1000,11,23076508,300091,Midwest Energy & Communications,50,1,X,MI,8827498f21fffff
260750068031010,1000,1000,15,23076508,300091,Midwest Energy & Communications,50,1,X,MI,8827498f21fffff
260750068031011,1000,1000,23,23076508,300091,Midwest Energy & Communications,50,1,X,MI,88274988dbfffff
260750068031012,1000,1000,25,23076508,300091,Midwest Energy & Communications,50,1,X,MI,88274988dbfffff
260750068031015,1000,1000,5,23076508,300091,Midwest Energy & Communications,50,1,X,MI,8827498d4dfffff
260750068031017,1000,1000,9,23076508,300091,Midwest Energy & Communications,50,1,X,MI,8827498d4dfffff
260750068031019,1000,1000,3,23076508,300091,Midwest Energy & Communications,50,1,X,MI,8827498d4dfffff
260750068031021,1000,1000,4,23076508,300091,Midwest Energy & Communications,50,1,X,MI,8827498f31fffff
260750068031022,1000,1000,1,23076508,300091,Midwest Energy & Communications,50,1,X,MI,8827498f3dfffff
260750068031026,1000,1000,3,23076508,300091,Midwest Energy & Communications,50,1,X,MI,8827498f21fffff
260750068031033,1000,1000,5,23076508,300091,Midwest Energy & Communications,50,1,X,MI,8827498d51fffff
260750068031034,1000,1000,9,23076508,300091,Midwest Energy & Communications,50,1,X,MI,8827498c6dfffff
260750068031035,1000,1000,17,23076508,300091,Midwest Energy & Communications,50,1,X,MI,8827498f31fffff
260750068031036,1000,1000,16,23076508,300091,Midwest Energy & Communications,50,1,X,MI,8827498f39fffff
260750068031037,1000,1000,3,23076508,300091,Midwest Energy & Communications,50,1,X,MI,8827498f1dfffff
260750068031038,1000,1000,2,23076508,300091,Midwest Energy & Communications,50,1,X,MI,8827498f1dfffff
260750068031039,1000,1000,3,23076508,300091,Midwest Energy & Communications,50,1,X,MI,8827498f15fffff
260750068031040,1000,1000,10,23076508,300091,Midwest Energy & Communications,50,1,X,MI,8827498f19fffff
260750068031041,1000,1000,6,23076508,300091,Midwest Energy & Communications,50,1,X,MI,8827498f19fffff
260750068031042,1000,1000,8,23076508,300091,Midwest Energy & Communications,50,1,X,MI,8827498c67fffff
260750068031046,1000,1000,3,23076508,300091,Midwest Energy & Communications,50,1,X,MI,8827498f15fffff
260750068031048,1000,1000,1,23076508,300091,Midwest Energy & Communications,50,1,X,MI,8827498c0dfffff
260750068031052,1000,1000,20,23076508,300091,Midwest Energy & Communications,50,1,X,MI,8827498c2dfffff
260750068031053,1000,1000,24,23076508,300091,Midwest Energy & Communications,50,1,X,MI,8827498c25fffff
260750068031054,1000,1000,5,23076508,300091,Midwest Energy & Communications,50,1,X,MI,8827498d11fffff
260750068031055,1000,1000,4,23076508,300091,Midwest Energy & Communications,50,1,X,MI,8827498f3dfffff
260750068032000,1000,1000,3,23076508,300091,Midwest Energy & Communications,50,1,X,MI,8827498c2bfffff
260750068032002,1000,1000,30,23076508,300091,Midwest Energy & Communications,50,1,X,MI,8827498c2dfffff
260750068032003,1000,1000,17,23076508,300091,Midwest Energy & Communications,50,1,X,MI,8827498c3dfffff
260750068032004,1000,1000,6,23076508,300091,Midwest Energy & Communications,50,1,X,MI,8827498dc9fffff
260750068032005,1000,1000,24,23076508,300091,Midwest Energy & Communications,50,1,X,MI,8827498c27fffff
260750068032007,1000,1000,1,23076508,300091,Midwest Energy & Communications,50,1,X,MI,8827498dcbfffff
260750068032008,1000,1000,11,23076508,300091,Midwest Energy & Communications,50,1,X,MI,8827498dcbfffff
260750068032010,1000,1000,3,23076508,300091,Midwest Energy & Communications,50,1,X,MI,8827498dcbfffff
260750068032011,1000,1000,49,23076508,300091,Midwest Energy & Communications,50,1,X,MI,8827498c3dfffff
260750068032013,1000,1000,9,23076508,300091,Midwest Energy & Communications,50,1,X,MI,8827498c31fffff
260750068032014,1000,1000,23,23076508,300091,Midwest Energy & Communications,50,1,X,MI,8827498c3dfffff
260750068032020,1000,1000,2,23076508,300091,Midwest Energy & Communications,50,1,X,MI,8827498c33fffff
260750068041000,1000,1000,18,23076508,300091,Midwest Energy & Communications,50,1,X,MI,8827498115fffff
260750068041002,1000,1000,3,23076508,300091,Midwest Energy & Communications,50,1,X,MI,8827498ad3fffff
260750068041003,1000,1000,6,23076508,300091,Midwest Energy & Communications,50,1,X,MI,8827498ad7fffff
260750068041004,1000,1000,2,23076508,300091,Midwest Energy & Communications,50,1,X,MI,8827498ad5fffff
260750068041005,1000,1000,24,23076508,300091,Midwest Energy & Communications,50,1,X,MI,8827498a8bfffff
260750068041006,1000,1000,2,23076508,300091,Midwest Energy & Communications,50,1,X,MI,8827498a8dfffff
260750068041007,1000,1000,8,23076508,300091,Midwest Energy & Communications,50,1,X,MI,8827498a81fffff
260750068041008,1000,1000,1,23076508,300091,Midwest Energy & Communications,50,1,X,MI,8827498a81fffff
260750068041011,1000,1000,7,23076508,300091,Midwest Energy & Communications,50,1,X,MI,8827498a83fffff
260750068041012,1000,1000,29,23076508,300091,Midwest Energy & Communications,50,1,X,MI,8827498ad7fffff
260750068041013,1000,1000,8,23076508,300091,Midwest Energy & Communications,50,1,X,MI,8827498a83fffff
260750068041015,1000,1000,5,23076508,300091,Midwest Energy & Communications,50,1,X,MI,88274981a5fffff
260750068041016,1000,1000,5,23076508,300091,Midwest Energy & Communications,50,1,X,MI,88274981adfffff
260750068041017,1000,1000,6,23076508,300091,Midwest Energy & Communications,50,1,X,MI,8827498ad3fffff
260750068041018,1000,1000,4,23076508,300091,Midwest Energy & Communications,50,1,X,MI,88274981a9fffff
260750068041019,1000,1000,1,23076508,300091,Midwest Energy & Communications,50,1,X,MI,8827498a9bfffff
260750068041020,1000,1000,3,23076508,300091,Midwest Energy & Communications,50,1,X,MI,8827498a87fffff
260750068041021,1000,1000,1,23076508,300091,Midwest Energy & Communications,50,1,X,MI,8827498ab9fffff
260750068041022,1000,1000,4,23076508,300091,Midwest Energy & Communications,50,1,X,MI,8827498abdfffff
260750068041023,1000,1000,1,23076508,300091,Midwest Energy & Communications,50,1,X,MI,8827498aabfffff
260750068041024,1000,1000,1,23076508,300091,Midwest Energy & Communications,50,1,X,MI,8827498aa3fffff
260750068041025,1000,1000,2,23076508,300091,Midwest Energy & Communications,50,1,X,MI,8827498aa3fffff
260750068041033,1000,1000,2,23076508,300091,Midwest Energy & Communications,50,1,X,MI,8827498aa3fffff
260750068041035,1000,1000,5,23076508,300091,Midwest Energy & Communications,50,1,X,MI,88274988c9fffff
260750068041037,1000,1000,14,23076508,300091,Midwest Energy & Communications,50,1,X,MI,8827498aa3fffff
260750068041038,1000,1000,12,23076508,300091,Midwest Energy & Communications,50,1,X,MI,8827498ab5fffff
260750068041039,1000,1000,6,23076508,300091,Midwest Energy & Communications,50,1,X,MI,8827498ab9fffff
260750068041040,1000,1000,14,23076508,300091,Midwest Energy & Communications,50,1,X,MI,8827498ab9fffff
260750068041041,1000,1000,10,23076508,300091,Midwest Energy & Communications,50,1,X,MI,8827498a83fffff
260750068041042,1000,1000,7,23076508,300091,Midwest Energy & Communications,50,1,X,MI,8827498f6dfffff
260750068041044,1000,1000,5,23076508,300091,Midwest Energy & Communications,50,1,X,MI,8827498f4dfffff
260750068041046,1000,1000,9,23076508,300091,Midwest Energy & Communications,50,1,X,MI,88274981a3fffff
260750068041047,1000,1000,5,23076508,300091,Midwest Energy & Communications,50,1,X,MI,8827498f49fffff
260750068041048,1000,1000,3,23076508,300091,Midwest Energy & Communications,50,1,X,MI,8827498f49fffff
260750068041049,1000,1000,17,23076508,300091,Midwest Energy & Communications,50,1,X,MI,8827498f47fffff
260750068041052,1000,1000,9,23076508,300091,Midwest Energy & Communications,50,1,X,MI,8827498f6bfffff
260750068041053,1000,1000,6,23076508,300091,Midwest Energy & Communications,50,1,X,MI,8827498f6dfffff
260750068041054,1000,1000,6,23076508,300091,Midwest Energy & Communications,50,1,X,MI,8827498f2dfffff
260750068041055,1000,1000,2,23076508,300091,Midwest Energy & Communications,50,1,X,MI,8827498ab3fffff
260750068041056,1000,1000,22,23076508,300091,Midwest Energy & Communications,50,1,X,MI,8827498ab7fffff
260750068041057,1000,1000,3,23076508,300091,Midwest Energy & Communications,50,1,X,MI,8827498ab5fffff
260750068041058,1000,1000,15,23076508,300091,Midwest Energy & Communications,50,1,X,MI,8827498abbfffff
260750068041059,1000,1000,2,23076508,300091,Midwest Energy & Communications,50,1,X,MI,8827498f43fffff
260750068042002,1000,1000,2,23076508,300091,Midwest Energy & Communications,50,1,X,MI,8827498a6dfffff
260750068043000,1000,1000,4,23076508,300091,Midwest Energy & Communications,50,1,X,MI,8827498109fffff
260750068043001,1000,1000,32,23076508,300091,Midwest Energy & Communications,50,1,X,MI,882749810dfffff
260750068043003,1000,1000,22,23076508,300091,Midwest Energy & Communications,50,1,X,MI,8827498105fffff
260750068043004,1000,1000,12,23076508,300091,Midwest Energy & Communications,50,1,X,MI,8827498a1bfffff
260750068043005,1000,1000,1,23076508,300091,Midwest Energy & Communications,50,1,X,MI,8827498a1bfffff
260750068043019,1000,1000,13,23076508,300091,Midwest Energy & Communications,50,1,X,MI,8827498ad5fffff
260750068043021,1000,1000,2,23076508,300091,Midwest Energy & Communications,50,1,X,MI,8827498a8dfffff
260750068043022,1000,1000,8,23076508,300091,Midwest Energy & Communications,50,1,X,MI,8827498a85fffff
260750068044001,1000,1000,16,23076508,300091,Midwest Energy & Communications,50,1,X,MI,882749989bfffff
260750068044002,1000,1000,24,23076508,300091,Midwest Energy & Communications,50,1,X,MI,88274998bbfffff
260750068044005,1000,1000,1,23076508,300091,Midwest Energy & Communications,50,1,X,MI,882749814dfffff
260750068044006,1000,1000,2,23076508,300091,Midwest Energy & Communications,50,1,X,MI,8827499893fffff
260750068044007,1000,1000,4,23076508,300091,Midwest Energy & Communications,50,1,X,MI,8827498145fffff
260750068044008,1000,1000,13,23076508,300091,Midwest Energy & Communications,50,1,X,MI,8827498145fffff
260750068044009,1000,1000,31,23076508,300091,Midwest Energy & Communications,50,1,X,MI,8827498165fffff
260750068044010,1000,1000,16,23076508,300091,Midwest Energy & Communications,50,1,X,MI,8827498165fffff
260750068044011,1000,1000,1,23076508,300091,Midwest Energy & Communications,50,1,X,MI,88274998b1fffff
260750068044012,1000,1000,5,23076508,300091,Midwest Energy & Communications,50,1,X,MI,88274998bbfffff
260750068044014,1000,1000,14,23076508,300091,Midwest Energy & Communications,50,1,X,MI,8827498165fffff
260750068044015,1000,1000,11,23076508,300091,Midwest Energy & Communications,50,1,X,MI,882749816bfffff
260750068044016,1000,1000,21,23076508,300091,Midwest Energy & Communications,50,1,X,MI,8827498105fffff
260750068044017,1000,1000,3,23076508,300091,Midwest Energy & Communications,50,1,X,MI,8827498147fffff
260750068044018,1000,1000,1,23076508,300091,Midwest Energy & Communications,50,1,X,MI,8827498147fffff
260750068044029,1000,1000,8,23076508,300091,Midwest Energy & Communications,50,1,X,MI,88274998b3fffff
260750068044030,1000,1000,4,23076508,300091,Midwest Energy & Communications,50,1,X,MI,8827498121fffff
260750068044031,1000,1000,1,23076508,300091,Midwest Energy & Communications,50,1,X,MI,882749812dfffff
260750068044033,1000,1000,3,23076508,300091,Midwest Energy & Communications,50,1,X,MI,882749812dfffff
260750068044036,1000,1000,9,23076508,300091,Midwest Energy & Communications,50,1,X,MI,8827498125fffff
260770020022002,1000,1000,2,23076508,300091,Midwest Energy & Communications,50,1,X,MI,88274b9a37fffff
260770020022003,1000,1000,12,23076508,300091,Midwest Energy & Communications,50,1,X,MI,88274b9851fffff
260770020022004,1000,1000,31,23076508,300091,Midwest Energy & Communications,50,1,X,MI,88274b98cdfffff
260770020022006,1000,1000,1,23076508,300091,Midwest Energy & Communications,50,1,X,MI,88274b9ae7fffff
260770020022008,1000,1000,2,23076508,300091,Midwest Energy & Communications,50,1,X,MI,88274b9ae7fffff
260770020023008,1000,1000,76,23076508,300091,Midwest Energy & Communications,50,1,X,MI,88274b9ae7fffff
260770020023010,1000,1000,2,23076508,300091,Midwest Energy & Communications,50,1,X,MI,88274b9859fffff
260770020023013,1000,1000,7,23076508,300091,Midwest Energy & Communications,50,1,X,MI,88274b9ae7fffff
260770020041004,1000,1000,6,23076508,300091,Midwest Energy & Communications,50,1,X,MI,88274b9a07fffff
260770020041005,1000,1000,15,23076508,300091,Midwest Energy & Communications,50,1,X,MI,88274b9a39fffff
260770020041007,1000,1000,14,23076508,300091,Midwest Energy & Communications,50,1,X,MI,88274b9a07fffff
260770020041011,1000,1000,6,23076508,300091,Midwest Energy & Communications,50,1,X,MI,88274b9a03fffff
260770020042001,1000,1000,74,23076508,300091,Midwest Energy & Communications,50,1,X,MI,88274b9a31fffff
260770020042008,1000,1000,9,23076508,300091,Midwest Energy & Communications,50,1,X,MI,88274b9a31fffff
260770029011014,1000,1000,17,23076508,300091,Midwest Energy & Communications,50,1,X,MI,88274860b7fffff
260770029011015,1000,1000,8,23076508,300091,Midwest Energy & Communications,50,1,X,MI,8827486e5dfffff
260770029011016,1000,1000,12,23076508,300091,Midwest Energy & Communications,50,1,X,MI,8827486e5dfffff
260770029011017,1000,1000,11,23076508,300091,Midwest Energy & Communications,50,1,X,MI,882748656dfffff
260770029011018,1000,1000,1,23076508,300091,Midwest Energy & Communications,50,1,X,MI,8827486097fffff
260770029011019,1000,1000,3,23076508,300091,Midwest Energy & Communications,50,1,X,MI,8827486e19fffff
260770029011020,1000,1000,16,23076508,300091,Midwest Energy & Communications,50,1,X,MI,8827486e51fffff
260770029011021,1000,1000,4,23076508,300091,Midwest Energy & Communications,50,1,X,MI,8827486e51fffff
260770029081001,1000,1000,1,23076508,300091,Midwest Energy & Communications,50,1,X,MI,8827486e1bfffff
260770029081002,1000,1000,9,23076508,300091,Midwest Energy & Communications,50,1,X,MI,8827486eedfffff
260770029081003,1000,1000,8,23076508,300091,Midwest Energy & Communications,50,1,X,MI,8827486e11fffff
260770029081009,1000,1000,5,23076508,300091,Midwest Energy & Communications,50,1,X,MI,8827486ee1fffff
260770029093024,1000,1000,4,23076508,300091,Midwest Energy & Communications,50,1,X,MI,8827486eb5fffff
260770029093026,1000,1000,17,23076508,300091,Midwest Energy & Communications,50,1,X,MI,8827486eb7fffff
260770029093029,1000,1000,43,23076508,300091,Midwest Energy & Communications,50,1,X,MI,8827486cd1fffff
260770030021000,1000,1000,12,23076508,300091,Midwest Energy & Communications,50,1,X,MI,88274b98c5fffff
260770030021001,1000,1000,19,23076508,300091,Midwest Energy & Communications,50,1,X,MI,88274b99dbfffff
260770030021002,1000,1000,5,23076508,300091,Midwest Energy & Communications,50,1,X,MI,88274b99d9fffff
260770030021004,1000,1000,3,23076508,300091,Midwest Energy & Communications,50,1,X,MI,88274b99c3fffff
260770030021005,1000,1000,6,23076508,300091,Midwest Energy & Communications,50,1,X,MI,88274b98e7fffff
260770030021006,1000,1000,4,23076508,300091,Midwest Energy & Communications,50,1,X,MI,88274b988dfffff
260770030021008,1000,1000,6,23076508,300091,Midwest Energy & Communications,50,1,X,MI,88274b99c7fffff
260770030021009,1000,1000,24,23076508,300091,Midwest Energy & Communications,50,1,X,MI,88274b99c7fffff
260770030021010,1000,1000,2,23076508,300091,Midwest Energy & Communications,50,1,X,MI,88274b99e1fffff
260770030021012,1000,1000,21,23076508,300091,Midwest Energy & Communications,50,1,X,MI,88274b99e1fffff
260770030021014,1000,1000,26,23076508,300091,Midwest Energy & Communications,50,1,X,MI,88274b99d7fffff
260770030021015,1000,1000,8,23076508,300091,Midwest Energy & Communications,50,1,X,MI,88274b99d9fffff
260770030021016,1000,1000,22,23076508,300091,Midwest Energy & Communications,50,1,X,MI,88274b99e7fffff
260770030021017,1000,1000,15,23076508,300091,Midwest Energy & Communications,50,1,X,MI,88274b99a9fffff
260770030021018,1000,1000,7,23076508,300091,Midwest Energy & Communications,50,1,X,MI,88274b9983fffff
260770030021019,1000,1000,25,23076508,300091,Midwest Energy & Communications,50,1,X,MI,88274b9985fffff
260770030021020,1000,1000,7,23076508,300091,Midwest Energy & Communications,50,1,X,MI,88274b99a1fffff
260770030021021,1000,1000,12,23076508,300091,Midwest Energy & Communications,50,1,X,MI,88274b99b5fffff
260770030021022,1000,1000,23,23076508,300091,Midwest Energy & Communications,50,1,X,MI,88274b8a6dfffff
260770030021023,1000,1000,23,23076508,300091,Midwest Energy & Communications,50,1,X,MI,88274b9991fffff
260770030021024,1000,1000,14,23076508,300091,Midwest Energy & Communications,50,1,X,MI,88274b98a7fffff
260770030021025,1000,1000,14,23076508,300091,Midwest Energy & Communications,50,1,X,MI,88274b98a7fffff
260770030021027,1000,1000,1,23076508,300091,Midwest Energy & Communications,50,1,X,MI,88274b98b7fffff
260770030021029,1000,1000,4,23076508,300091,Midwest Energy & Communications,50,1,X,MI,88274b8a49fffff
260770030021030,1000,1000,5,23076508,300091,Midwest Energy & Communications,50,1,X,MI,88274b8a4dfffff
260770030021031,1000,1000,24,23076508,300091,Midwest Energy & Communications,50,1,X,MI,88274b9991fffff
260770030021032,1000,1000,14,23076508,300091,Midwest Energy & Communications,50,1,X,MI,88274b8a45fffff
260770030021033,1000,1000,42,23076508,300091,Midwest Energy & Communications,50,1,X,MI,88274b8a6dfffff
260770030021034,1000,1000,6,23076508,300091,Midwest Energy & Communications,50,1,X,MI,88274b8a65fffff
260770030021036,1000,1000,30,23076508,300091,Midwest Energy & Communications,50,1,X,MI,88274b8a67fffff
260770030021037,1000,1000,2,23076508,300091,Midwest Energy & Communications,50,1,X,MI,88274b99b7fffff
260770030021038,1000,1000,2,23076508,300091,Midwest Energy & Communications,50,1,X,MI,88274b99b7fffff
260770030021039,1000,1000,12,23076508,300091,Midwest Energy & Communications,50,1,X,MI,88274b99b5fffff
260770030021040,1000,1000,6,23076508,300091,Midwest Energy & Communications,50,1,X,MI,88274b99a3fffff
260770030021041,1000,1000,1,23076508,300091,Midwest Energy & Communications,50,1,X,MI,88274b99a7fffff
260770030021042,1000,1000,10,23076508,300091,Midwest Energy & Communications,50,1,X,MI,88274b8b43fffff
260770030021043,1000,1000,10,23076508,300091,Midwest Energy & Communications,50,1,X,MI,88274b8b5dfffff
260770030021044,1000,1000,4,23076508,300091,Midwest Energy & Communications,50,1,X,MI,88274b99b7fffff
260770030021045,1000,1000,8,23076508,300091,Midwest Energy & Communications,50,1,X,MI,88274b8b0bfffff
260770030021046,1000,1000,15,23076508,300091,Midwest Energy & Communications,50,1,X,MI,88274b8b57fffff
260770030021047,1000,1000,14,23076508,300091,Midwest Energy & Communications,50,1,X,MI,88274b8b51fffff
260770030021048,1000,1000,2,23076508,300091,Midwest Energy & Communications,50,1,X,MI,88274b8b51fffff
260770030021049,1000,1000,19,23076508,300091,Midwest Energy & Communications,50,1,X,MI,88274b8a0dfffff
260770030021050,1000,1000,1,23076508,300091,Midwest Energy & Communications,50,1,X,MI,88274b8a41fffff
260770030021051,1000,1000,11,23076508,300091,Midwest Energy & Communications,50,1,X,MI,88274b8a43fffff
260770030021052,1000,1000,2,23076508,300091,Midwest Energy & Communications,50,1,X,MI,88274b8a55fffff
260770030021054,1000,1000,8,23076508,300091,Midwest Energy & Communications,50,1,X,MI,88274b8a51fffff
260770030021055,1000,1000,5,23076508,300091,Midwest Energy & Communications,50,1,X,MI,88274b8165fffff
260770030021056,1000,1000,2,23076508,300091,Midwest Energy & Communications,50,1,X,MI,88274b812dfffff
260770030021057,1000,1000,19,23076508,300091,Midwest Energy & Communications,50,1,X,MI,88274b8a5bfffff
260770030021058,1000,1000,13,23076508,300091,Midwest Energy & Communications,50,1,X,MI,88274b8a5bfffff
260770030021059,1000,1000,5,23076508,300091,Midwest Energy & Communications,50,1,X,MI,88274b8a55fffff
260770030021060,1000,1000,3,23076508,300091,Midwest Energy & Communications,50,1,X,MI,88274b8a09fffff
260770030021061,1000,1000,7,23076508,300091,Midwest Energy & Communications,50,1,X,MI,88274b8a0dfffff
260770030021062,1000,1000,17,23076508,300091,Midwest Energy & Communications,50,1,X,MI,88274b8a05fffff
260770030021063,1000,1000,10,23076508,300091,Midwest Energy & Communications,50,1,X,MI,88274b8a0dfffff
260770030021064,1000,1000,14,23076508,300091,Midwest Energy & Communications,50,1,X,MI,88274b8a05fffff
260770030021065,1000,1000,24,23076508,300091,Midwest Energy & Communications,50,1,X,MI,88274b8a2dfffff
260770030021066,1000,1000,8,23076508,300091,Midwest Energy & Communications,50,1,X,MI,88274b884dfffff
260770030021067,1000,1000,13,23076508,300091,Midwest Energy & Communications,50,1,X,MI,88274b8b17fffff
260770030021068,1000,1000,10,23076508,300091,Midwest Energy & Communications,50,1,X,MI,88274b884dfffff
260770030021069,1000,1000,3,23076508,300091,Midwest Energy & Communications,50,1,X,MI,88274b8a3dfffff
260770030021070,1000,1000,70,23076508,300091,Midwest Energy & Communications,50,1,X,MI,88274b8a53fffff
260770030021071,1000,1000,10,23076508,300091,Midwest Energy & Communications,50,1,X,MI,88274b8a53fffff
260770030021073,1000,1000,8,23076508,300091,Midwest Energy & Communications,50,1,X,MI,88274b8a53fffff
260770030021074,1000,1000,14,23076508,300091,Midwest Energy & Communications,50,1,X,MI,88274b8a53fffff
260770030021075,1000,1000,14,23076508,300091,Midwest Energy & Communications,50,1,X,MI,88274b8a3dfffff
260770030021076,1000,1000,13,23076508,300091,Midwest Energy & Communications,50,1,X,MI,88274b8125fffff
260770030021077,1000,1000,1,23076508,300091,Midwest Energy & Communications,50,1,X,MI,88274b8125fffff
260770030021078,1000,1000,39,23076508,300091,Midwest Energy & Communications,50,1,X,MI,88274b8125fffff
260770030021079,1000,1000,4,23076508,300091,Midwest Energy & Communications,50,1,X,MI,88274b8a53fffff
260770030021080,1000,1000,22,23076508,300091,Midwest Energy & Communications,50,1,X,MI,88274b8a53fffff
260770030021081,1000,1000,1,23076508,300091,Midwest Energy & Communications,50,1,X,MI,88274b8a01fffff
260770030021082,1000,1000,3,23076508,300091,Midwest Energy & Communications,50,1,X,MI,88274b8a55fffff
260770030021083,1000,1000,4,23076508,300091,Midwest Energy & Communications,50,1,X,MI,88274b8121fffff
260770030051006,1000,1000,6,23076508,300091,Midwest Energy & Communications,50,1,X,MI,88274b9b03fffff
260770030051012,1000,1000,24,23076508,300091,Midwest Energy & Communications,50,1,X,MI,88274b9b17fffff
260770030051014,1000,1000,1,23076508,300091,Midwest Energy & Communications,50,1,X,MI,88274b9b17fffff
260770030052001,1000,1000,6,23076508,300091,Midwest Energy & Communications,50,1,X,MI,88274b9b03fffff
260770030052002,1000,1000,19,23076508,300091,Midwest Energy & Communications,50,1,X,MI,88274b9b03fffff
260770030052003,1000,1000,37,23076508,300091,Midwest Energy & Communications,50,1,X,MI,88274b9b03fffff
260770030052004,1000,1000,67,23076508,300091,Midwest Energy & Communications,50,1,X,MI,88274b9949fffff
260770030052006,1000,1000,19,23076508,300091,Midwest Energy & Communications,50,1,X,MI,88274b994dfffff
260770030052007,1000,1000,22,23076508,300091,Midwest Energy & Communications,50,1,X,MI,88274b994dfffff
260770030052008,1000,1000,10,23076508,300091,Midwest Energy & Communications,50,1,X,MI,88274b9949fffff
260770030052009,1000,1000,72,23076508,300091,Midwest Energy & Communications,50,1,X,MI,88274b9b35fffff
260770030052010,1000,1000,15,23076508,300091,Midwest Energy & Communications,50,1,X,MI,88274b9b37fffff
260770030052011,1000,1000,6,23076508,300091,Midwest Energy & Communications,50,1,X,MI,88274b9b3dfffff
260770030052012,1000,1000,4,23076508,300091,Midwest Energy & Communications,50,1,X,MI,88274b9b39fffff
260770030052013,1000,1000,17,23076508,300091,Midwest Energy & Communications,50,1,X,MI,88274b9b15fffff
260770030052014,1000,1000,2,23076508,300091,Midwest Energy & Communications,50,1,X,MI,88274b9b3bfffff
260770030053008,1000,1000,2,23076508,300091,Midwest Energy & Communications,50,1,X,MI,8827486c9bfffff
260770030053011,1000,1000,27,23076508,300091,Midwest Energy & Communications,50,1,X,MI,88274b9b25fffff
260770030053013,1000,1000,37,23076508,300091,Midwest Energy & Communications,50,1,X,MI,8827486cd3fffff
260770030053014,1000,1000,17,23076508,300091,Midwest Energy & Communications,50,1,X,MI,8827486cd3fffff
260770030053015,1000,1000,39,23076508,300091,Midwest Energy & Communications,50,1,X,MI,8827486c99fffff
260770030053016,1000,1000,13,23076508,300091,Midwest Energy & Communications,50,1,X,MI,8827486c99fffff
260770030053017,1000,1000,14,23076508,300091,Midwest Energy & Communications,50,1,X,MI,8827486c99fffff
260770030053018,1000,1000,19,23076508,300091,Midwest Energy & Communications,50,1,X,MI,8827486c99fffff
260770030053025,1000,1000,5,23076508,300091,Midwest Energy & Communications,50,1,X,MI,8827486c9bfffff
260770030053026,1000,1000,5,23076508,300091,Midwest Energy & Communications,50,1,X,MI,88274b994dfffff
260770030061000,1000,1000,18,23076508,300091,Midwest Energy & Communications,50,1,X,MI,88274b9941fffff
260770030061001,1000,1000,26,23076508,300091,Midwest Energy & Communications,50,1,X,MI,88274b9941fffff
260770030061002,1000,1000,18,23076508,300091,Midwest Energy & Communications,50,1,X,MI,88274b9947fffff
260770030061003,1000,1000,14,23076508,300091,Midwest Energy & Communications,50,1,X,MI,88274b9901fffff
260770030061004,1000,1000,25,23076508,300091,Midwest Energy & Communications,50,1,X,MI,88274b9903fffff
260770030061005,1000,1000,39,23076508,300091,Midwest Energy & Communications,50,1,X,MI,88274b9917fffff
260770030061006,1000,1000,13,23076508,300091,Midwest Energy & Communications,50,1,X,MI,88274b9939fffff
260770030061007,1000,1000,36,23076508,300091,Midwest Energy & Communications,50,1,X,MI,88274b9933fffff
260770030061008,1000,1000,21,23076508,300091,Midwest Energy & Communications,50,1,X,MI,88274b9917fffff
260770030061009,1000,1000,9,23076508,300091,Midwest Energy & Communications,50,1,X,MI,88274b9917fffff
260770030061010,1000,1000,12,23076508,300091,Midwest Energy & Communications,50,1,X,MI,88274b99c7fffff
260770030061012,1000,1000,3,23076508,300091,Midwest Energy & Communications,50,1,X,MI,88274b99e5fffff
260770030062002,1000,1000,14,23076508,300091,Midwest Energy & Communications,50,1,X,MI,88274b9867fffff
260770030062013,1000,1000,8,23076508,300091,Midwest Energy & Communications,50,1,X,MI,88274b9821fffff
260770030062014,1000,1000,11,23076508,300091,Midwest Energy & Communications,50,1,X,MI,88274b9821fffff
260770030062015,1000,1000,1,23076508,300091,Midwest Energy & Communications,50,1,X,MI,88274b9911fffff
260770030062018,1000,1000,24,23076508,300091,Midwest Energy & Communications,50,1,X,MI,88274b991bfffff
260770030062019,1000,1000,7,23076508,300091,Midwest Energy & Communications,50,1,X,MI,88274b982bfffff
260770030062020,1000,1000,28,23076508,300091,Midwest Energy & Communications,50,1,X,MI,88274b9823fffff
260770030062021,1000,1000,50,23076508,300091,Midwest Energy & Communications,50,1,X,MI,88274b991bfffff
260770030062022,1000,1000,47,23076508,300091,Midwest Energy & Communications,50,1,X,MI,88274b983dfffff
260770030063001,1000,1000,10,23076508,300091,Midwest Energy & Communications,50,1,X,MI,88274b994bfffff
260770030063005,1000,1000,2,23076508,300091,Midwest Energy & Communications,50,1,X,MI,88274b982dfffff
260770030081000,1000,1000,4,23076508,300091,Midwest Energy & Communications,50,1,X,MI,88274b9a37fffff
260770030081011,1000,1000,7,23076508,300091,Midwest Energy & Communications,50,1,X,MI,88274b985dfffff
260770030081016,1000,1000,6,23076508,300091,Midwest Energy & Communications,50,1,X,MI,88274b9851fffff
260770030081017,1000,1000,6,23076508,300091,Midwest Energy & Communications,50,1,X,MI,88274b9855fffff
260770030081021,1000,1000,2,23076508,300091,Midwest Energy & Communications,50,1,X,MI,88274b9807fffff
260770030081022,1000,1000,11,23076508,300091,Midwest Energy & Communications,50,1,X,MI,88274b9815fffff
260770030081023,1000,1000,106,23076508,300091,Midwest Energy & Communications,50,1,X,MI,88274b981dfffff
260770030081024,1000,1000,12,23076508,300091,Midwest Energy & Communications,50,1,X,MI,88274b9857fffff
260770030081025,1000,1000,10,23076508,300091,Midwest Energy & Communications,50,1,X,MI,88274b9817fffff
260770030081026,1000,1000,4,23076508,300091,Midwest Energy & Communications,50,1,X,MI,88274b9831fffff
260770030081028,1000,1000,6,23076508,300091,Midwest Energy & Communications,50,1,X,MI,88274b98cdfffff
260770034002052,1000,1000,2,23076508,300091,Midwest Energy & Communications,50,1,X,MI,88274b9767fffff
260770034002054,1000,1000,2,23076508,300091,Midwest Energy & Communications,50,1,X,MI,88274b90d3fffff
260770034002056,1000,1000,14,23076508,300091,Midwest Energy & Communications,50,1,X,MI,88274b9767fffff
260770034002057,1000,1000,1,23076508,300091,Midwest Energy & Communications,50,1,X,MI,88274b9767fffff
260770034002064,1000,1000,1,23076508,300091,Midwest Energy & Communications,50,1,X,MI,88274b9625fffff
260770034002072,1000,1000,3,23076508,300091,Midwest Energy & Communications,50,1,X,MI,88274b9621fffff
260770034002074,1000,1000,3,23076508,300091,Midwest Energy & Communications,50,1,X,MI,88274b9621fffff
260770034002076,1000,1000,11,23076508,300091,Midwest Energy & Communications,50,1,X,MI,88274b972bfffff
260770034002077,1000,1000,7,23076508,300091,Midwest Energy & Communications,50,1,X,MI,88274b9725fffff
260770034002079,1000,1000,15,23076508,300091,Midwest Energy & Communications,50,1,X,MI,88274b90d3fffff
260770034002080,1000,1000,3,23076508,300091,Midwest Energy & Communications,50,1,X,MI,88274b9099fffff
260770034002081,1000,1000,1,23076508,300091,Midwest Energy & Communications,50,1,X,MI,88274b9707fffff
260770034002088,1000,1000,4,23076508,300091,Midwest Energy & Communications,50,1,X,MI,88274b9721fffff
260770034003000,1000,1000,9,23076508,300091,Midwest Energy & Communications,50,1,X,MI,88274b9621fffff
260770034003001,1000,1000,8,23076508,300091,Midwest Energy & Communications,50,1,X,MI,88274b9623fffff
260770034003002,1000,1000,1,23076508,300091,Midwest Energy & Communications,50,1,X,MI,88274b9627fffff
260770034003003,1000,1000,2,23076508,300091,Midwest Energy & Communications,50,1,X,MI,88274b971bfffff
260770034003005,1000,1000,5,23076508,300091,Midwest Energy & Communications,50,1,X,MI,88274b9711fffff
260770034003006,1000,1000,5,23076508,300091,Midwest Energy & Communications,50,1,X,MI,88274b9703fffff
260770034003007,1000,1000,8,23076508,300091,Midwest Energy & Communications,50,1,X,MI,88274b9703fffff
260770034003008,1000,1000,3,23076508,300091,Midwest Energy & Communications,50,1,X,MI,88274b9707fffff
260770034003009,1000,1000,17,23076508,300091,Midwest Energy & Communications,50,1,X,MI,88274b9721fffff
260770034003010,1000,1000,18,23076508,300091,Midwest Energy & Communications,50,1,X,MI,88274b9721fffff
260770034003011,1000,1000,21,23076508,300091,Midwest Energy & Communications,50,1,X,MI,88274b9735fffff
260770034003012,1000,1000,7,23076508,300091,Midwest Energy & Communications,50,1,X,MI,88274b9541fffff
260770034003013,1000,1000,31,23076508,300091,Midwest Energy & Communications,50,1,X,MI,88274b9543fffff
260770034003014,1000,1000,13,23076508,300091,Midwest Energy & Communications,50,1,X,MI,88274b9735fffff
260770034003015,1000,1000,3,23076508,300091,Midwest Energy & Communications,50,1,X,MI,88274b9559fffff
260770034003017,1000,1000,2,23076508,300091,Midwest Energy & Communications,50,1,X,MI,88274b973bfffff
260770034003018,1000,1000,25,23076508,300091,Midwest Energy & Communications,50,1,X,MI,88274b973bfffff
260770034003019,1000,1000,16,23076508,300091,Midwest Energy & Communications,50,1,X,MI,88274b973bfffff
260770034003020,1000,1000,9,23076508,300091,Midwest Energy & Communications,50,1,X,MI,88274b9713fffff
260770034003021,1000,1000,8,23076508,300091,Midwest Energy & Communications,50,1,X,MI,88274b9465fffff
260770034003022,1000,1000,16,23076508,300091,Midwest Energy & Communications,50,1,X,MI,88274b9465fffff
260770034003023,1000,1000,7,23076508,300091,Midwest Energy & Communications,50,1,X,MI,88274b946bfffff
260770034003024,1000,1000,2,23076508,300091,Midwest Energy & Communications,50,1,X,MI,88274b940dfffff
260770034003026,1000,1000,5,23076508,300091,Midwest Energy & Communications,50,1,X,MI,88274b945dfffff
260770034003027,1000,1000,3,23076508,300091,Midwest Energy & Communications,50,1,X,MI,88274b945dfffff
260770034003028,1000,1000,2,23076508,300091,Midwest Energy & Communications,50,1,X,MI,88274b9451fffff
260770034003029,1000,1000,2,23076508,300091,Midwest Energy & Communications,50,1,X,MI,88274b9451fffff
260770034003030,1000,1000,10,23076508,300091,Midwest Energy & Communications,50,1,X,MI,88274b9455fffff
260770034003031,1000,1000,6,23076508,300091,Midwest Energy & Communications,50,1,X,MI,88274b940bfffff
260770034003032,1000,1000,1,23076508,300091,Midwest Energy & Communications,50,1,X,MI,88274b940dfffff
260770034003033,1000,1000,8,23076508,300091,Midwest Energy & Communications,50,1,X,MI,88274b9405fffff
260770034003034,1000,1000,23,23076508,300091,Midwest Energy & Communications,50,1,X,MI,88274b9461fffff
260770034003035,1000,1000,18,23076508,300091,Midwest Energy & Communications,50,1,X,MI,88274b9465fffff
260770034003036,1000,1000,24,23076508,300091,Midwest Energy & Communications,50,1,X,MI,88274b942dfffff
260770034003037,1000,1000,4,23076508,300091,Midwest Energy & Communications,50,1,X,MI,88274b9551fffff
260770034003038,1000,1000,7,23076508,300091,Midwest Energy & Communications,50,1,X,MI,88274b9555fffff
260770034003039,1000,1000,7,23076508,300091,Midwest Energy & Communications,50,1,X,MI,88274b9555fffff
260770034003040,1000,1000,10,23076508,300091,Midwest Energy & Communications,50,1,X,MI,88274b943dfffff
260770034003041,1000,1000,3,23076508,300091,Midwest Energy & Communications,50,1,X,MI,88274b9439fffff
260770034003043,1000,1000,11,23076508,300091,Midwest Energy & Communications,50,1,X,MI,88274b95c9fffff
260770034003044,1000,1000,4,23076508,300091,Midwest Energy & Communications,50,1,X,MI,88274b95c9fffff
260770034003045,1000,1000,8,23076508,300091,Midwest Energy & Communications,50,1,X,MI,88274b9425fffff
260770034003047,1000,1000,1,23076508,300091,Midwest Energy & Communications,50,1,X,MI,88274b9553fffff
260770034003048,1000,1000,1,23076508,300091,Midwest Energy & Communications,50,1,X,MI,88274b9517fffff
260770034003050,1000,1000,4,23076508,300091,Midwest Energy & Communications,50,1,X,MI,88274b9557fffff
260770034003051,1000,1000,7,23076508,300091,Midwest Energy & Communications,50,1,X,MI,88274b9531fffff
260770034003052,1000,1000,2,23076508,300091,Midwest Energy & Communications,50,1,X,MI,88274b950bfffff
260770034003053,1000,1000,1,23076508,300091,Midwest Energy & Communications,50,1,X,MI,88274b9503fffff
260770034003055,1000,1000,2,23076508,300091,Midwest Energy & Communications,50,1,X,MI,88274b9539fffff
260770034003057,1000,1000,1,23076508,300091,Midwest Energy & Communications,50,1,X,MI,88274b9517fffff
260770034003058,1000,1000,2,23076508,300091,Midwest Energy & Communications,50,1,X,MI,88274b95e9fffff
260770034003060,1000,1000,5,23076508,300091,Midwest Energy & Communications,50,1,X,MI,88274b95c5fffff
260770034003062,1000,1000,13,23076508,300091,Midwest Energy & Communications,50,1,X,MI,88274b9427fffff
260770034003063,1000,1000,1,23076508,300091,Midwest Energy & Communications,50,1,X,MI,88274b9431fffff
260770034003064,1000,1000,4,23076508,300091,Midwest Energy & Communications,50,1,X,MI,88274b9417fffff
260770034003065,1000,1000,1,23076508,300091,Midwest Energy & Communications,50,1,X,MI,88274b9411fffff
260770034003066,1000,1000,2,23076508,300091,Midwest Energy & Communications,50,1,X,MI,88274b941dfffff
260770034003067,1000,1000,8,23076508,300091,Midwest Energy & Communications,50,1,X,MI,88274b941bfffff
260770034003068,1000,1000,5,23076508,300091,Midwest Energy & Communications,50,1,X,MI,88274b9411fffff
260770034003069,1000,1000,2,23076508,300091,Midwest Energy & Communications,50,1,X,MI,88274b9415fffff
260770061022039,1000,1000,5,23076508,300091,Midwest Energy & Communications,50,1,X,MI,88274b98c5fffff
260770061022065,1000,1000,1,23076508,300091,Midwest Energy & Communications,50,1,X,MI,88274b8169fffff
260770061022066,1000,1000,1,23076508,300091,Midwest Energy & Communications,50,1,X,MI,88274b8147fffff
260770061022070,1000,1000,11,23076508,300091,Midwest Energy & Communications,50,1,X,MI,88274b8105fffff
260770061022071,1000,1000,1,23076508,300091,Midwest Energy & Communications,50,1,X,MI,88274b8143fffff
260770061022072,1000,1000,2,23076508,300091,Midwest Energy & Communications,50,1,X,MI,88274b815dfffff
260770061022073,1000,1000,12,23076508,300091,Midwest Energy & Communications,50,1,X,MI,88274b8335fffff
260770061022078,1000,1000,28,23076508,300091,Midwest Energy & Communications,50,1,X,MI,88274b8339fffff
260770061022079,1000,1000,17,23076508,300091,Midwest Energy & Communications,50,1,X,MI,88274b8161fffff
260770061022081,1000,1000,3,23076508,300091,Midwest Energy & Communications,50,1,X,MI,88274b8161fffff
260770061022084,1000,1000,6,23076508,300091,Midwest Energy & Communications,50,1,X,MI,88274b8161fffff
260770061022085,1000,1000,12,23076508,300091,Midwest Energy & Communications,50,1,X,MI,88274b816bfffff
260770061022086,1000,1000,8,23076508,300091,Midwest Energy & Communications,50,1,X,MI,88274b816bfffff
260770061022092,1000,1000,6,23076508,300091,Midwest Energy & Communications,50,1,X,MI,88274b8105fffff
260770061022094,1000,1000,3,23076508,300091,Midwest Energy & Communications,50,1,X,MI,88274b8101fffff
260770061031000,1000,1000,3,23076508,300091,Midwest Energy & Communications,50,1,X,MI,88274b8225fffff
260770061031002,1000,1000,5,23076508,300091,Midwest Energy & Communications,50,1,X,MI,88274b8225fffff
260770061031003,1000,1000,3,23076508,300091,Midwest Energy & Communications,50,1,X,MI,88274b8225fffff
260770061031007,1000,1000,1,23076508,300091,Midwest Energy & Communications,50,1,X,MI,88274b8225fffff
260770061031009,1000,1000,3,23076508,300091,Midwest Energy & Communications,50,1,X,MI,88274b804dfffff
260770061031010,1000,1000,11,23076508,300091,Midwest Energy & Communications,50,1,X,MI,88274b804dfffff
260770061031012,1000,1000,10,23076508,300091,Midwest Energy & Communications,50,1,X,MI,88274b8069fffff
260770061031014,1000,1000,3,23076508,300091,Midwest Energy & Communications,50,1,X,MI,88274b8339fffff
260770061031017,1000,1000,70,23076508,300091,Midwest Energy & Communications,50,1,X,MI,88274b833bfffff
260770061031018,1000,1000,18,23076508,300091,Midwest Energy & Communications,50,1,X,MI,88274b8333fffff
260770061031020,1000,1000,35,23076508,300091,Midwest Energy & Communications,50,1,X,MI,88274b806dfffff
260770061031021,1000,1000,116,23076508,300091,Midwest Energy & Communications,50,1,X,MI,88274b8159fffff
260770061031023,1000,1000,3,23076508,300091,Midwest Energy & Communications,50,1,X,MI,88274b8109fffff
260770061031026,1000,1000,9,23076508,300091,Midwest Energy & Communications,50,1,X,MI,88274b8159fffff
260770061031027,1000,1000,49,23076508,300091,Midwest Energy & Communications,50,1,X,MI,88274b8067fffff
260770061031028,1000,1000,41,23076508,300091,Midwest Energy & Communications,50,1,X,MI,88274b8045fffff
260770061031030,1000,1000,7,23076508,300091,Midwest Energy & Communications,50,1,X,MI,88274b8045fffff
260770061031033,1000,1000,23,23076508,300091,Midwest Energy & Communications,50,1,X,MI,88274b8333fffff
260770066011000,1000,1000,9,23076508,300091,Midwest Energy & Communications,50,1,X,MI,88274b9099fffff
260770066011004,1000,1000,17,23076508,300091,Midwest Energy & Communications,50,1,X,MI,88274b90b9fffff
260770066011005,1000,1000,19,23076508,300091,Midwest Energy & Communications,50,1,X,MI,88274b9083fffff
260770066011006,1000,1000,28,23076508,300091,Midwest Energy & Communications,50,1,X,MI,88274b9097fffff
260770066011007,1000,1000,14,23076508,300091,Midwest Energy & Communications,50,1,X,MI,88274b90b1fffff
260770066011008,1000,1000,6,23076508,300091,Midwest Energy & Communications,50,1,X,MI,88274b90b1fffff
260770066011009,1000,1000,3,23076508,300091,Midwest Energy & Communications,50,1,X,MI,88274b90bdfffff
260770066011011,1000,1000,27,23076508,300091,Midwest Energy & Communications,50,1,X,MI,88274b9569fffff
260770066011012,1000,1000,24,23076508,300091,Midwest Energy & Communications,50,1,X,MI,88274b825bfffff
260770066011013,1000,1000,6,23076508,300091,Midwest Energy & Communications,50,1,X,MI,88274b956dfffff
260770066011014,1000,1000,5,23076508,300091,Midwest Energy & Communications,50,1,X,MI,88274b90bbfffff
260770066011015,1000,1000,10,23076508,300091,Midwest Energy & Communications,50,1,X,MI,88274b90b1fffff
260770066011016,1000,1000,1,23076508,300091,Midwest Energy & Communications,50,1,X,MI,88274b90b3fffff
260770066011017,1000,1000,3,23076508,300091,Midwest Energy & Communications,50,1,X,MI,88274b824bfffff
260770066011018,1000,1000,1,23076508,300091,Midwest Energy & Communications,50,1,X,MI,88274b824bfffff
260770066011020,1000,1000,7,23076508,300091,Midwest Energy & Communications,50,1,X,MI,88274b824bfffff
260770066011022,1000,1000,3,23076508,300091,Midwest Energy & Communications,50,1,X,MI,88274b8247fffff
260770066011023,1000,1000,30,23076508,300091,Midwest Energy & Communications,50,1,X,MI,88274b9561fffff
260770066011024,1000,1000,20,23076508,300091,Midwest Energy & Communications,50,1,X,MI,88274b9529fffff
260770066011025,1000,1000,21,23076508,300091,Midwest Energy & Communications,50,1,X,MI,88274b825bfffff
260770066011026,1000,1000,16,23076508,300091,Midwest Energy & Communications,50,1,X,MI,88274b8259fffff
260770066011027,1000,1000,7,23076508,300091,Midwest Energy & Communications,50,1,X,MI,88274b8247fffff
260770066011028,1000,1000,2,23076508,300091,Midwest Energy & Communications,50,1,X,MI,88274b8247fffff
260770066011029,1000,1000,7,23076508,300091,Midwest Energy & Communications,50,1,X,MI,88274b8245fffff
260770066011030,1000,1000,10,23076508,300091,Midwest Energy & Communications,50,1,X,MI,88274b8247fffff
260770066011031,1000,1000,2,23076508,300091,Midwest Energy & Communications,50,1,X,MI,88274b8201fffff
260770066011033,1000,1000,3,23076508,300091,Midwest Energy & Communications,50,1,X,MI,88274b823bfffff
260770066011034,1000,1000,10,23076508,300091,Midwest Energy & Communications,50,1,X,MI,88274b820bfffff
260770066011035,1000,1000,16,23076508,300091,Midwest Energy & Communications,50,1,X,MI,88274b8257fffff
260770066011036,1000,1000,16,23076508,300091,Midwest Energy & Communications,50,1,X,MI,88274b8257fffff
260770066011037,1000,1000,3,23076508,300091,Midwest Energy & Communications,50,1,X,MI,88274b8059fffff
260770066011038,1000,1000,9,23076508,300091,Midwest Energy & Communications,50,1,X,MI,88274b8051fffff
260770066011040,1000,1000,17,23076508,300091,Midwest Energy & Communications,50,1,X,MI,88274b8043fffff
260770066011041,1000,1000,1,23076508,300091,Midwest Energy & Communications,50,1,X,MI,88274b8055fffff
260770066011042,1000,1000,15,23076508,300091,Midwest Energy & Communications,50,1,X,MI,88274b8043fffff
260770066011045,1000,1000,7,23076508,300091,Midwest Energy & Communications,50,1,X,MI,88274b8051fffff
260770066011047,1000,1000,23,23076508,300091,Midwest Energy & Communications,50,1,X,MI,88274b82e1fffff
260770066011048,1000,1000,21,23076508,300091,Midwest Energy & Communications,50,1,X,MI,88274b8217fffff
260770066011049,1000,1000,2,23076508,300091,Midwest Energy & Communications,50,1,X,MI,88274b8211fffff
260770066011050,1000,1000,5,23076508,300091,Midwest Energy & Communications,50,1,X,MI,88274b821bfffff
260770066011051,1000,1000,7,23076508,300091,Midwest Energy & Communications,50,1,X,MI,88274b821bfffff
260770066011052,1000,1000,15,23076508,300091,Midwest Energy & Communications,50,1,X,MI,88274b821bfffff
260770066011053,1000,1000,5,23076508,300091,Midwest Energy & Communications,50,1,X,MI,88274b9523fffff
260770066011055,1000,1000,3,23076508,300091,Midwest Energy & Communications,50,1,X,MI,88274b8213fffff
260770066011056,1000,1000,4,23076508,300091,Midwest Energy & Communications,50,1,X,MI,88274b82cdfffff
260770066011057,1000,1000,16,23076508,300091,Midwest Energy & Communications,50,1,X,MI,88274b82c1fffff
260770066011058,1000,1000,6,23076508,300091,Midwest Energy & Communications,50,1,X,MI,88274b82c9fffff
260770066011059,1000,1000,6,23076508,300091,Midwest Energy & Communications,50,1,X,MI,88274b9535fffff
260770066011060,1000,1000,4,23076508,300091,Midwest Energy & Communications,50,1,X,MI,88274b82c5fffff
260770066011061,1000,1000,10,23076508,300091,Midwest Energy & Communications,50,1,X,MI,88274b82ebfffff
260770066011062,1000,1000,2,23076508,300091,Midwest Energy & Communications,50,1,X,MI,88274b82ebfffff
260770066011063,1000,1000,11,23076508,300091,Midwest Energy & Communications,50,1,X,MI,88274b82e5fffff
260770066011065,1000,1000,5,23076508,300091,Midwest Energy & Communications,50,1,X,MI,88274b9531fffff
260770066011066,1000,1000,3,23076508,300091,Midwest Energy & Communications,50,1,X,MI,88274b82c7fffff
260770066011067,1000,1000,2,23076508,300091,Midwest Energy & Communications,50,1,X,MI,88274b82c1fffff
260770066011069,1000,1000,7,23076508,300091,Midwest Energy & Communications,50,1,X,MI,88274b82cbfffff
260770066011070,1000,1000,4,23076508,300091,Midwest Energy & Communications,50,1,X,MI,88274b82cbfffff
260770066011071,1000,1000,2,23076508,300091,Midwest Energy & Communications,50,1,X,MI,88274b8215fffff
260770066011072,1000,1000,4,23076508,300091,Midwest Energy & Communications,50,1,X,MI,88274b8233fffff
260770066013025,1000,1000,9,23076508,300091,Midwest Energy & Communications,50,1,X,MI,88274b820dfffff
260770066013026,1000,1000,17,23076508,300091,Midwest Energy & Communications,50,1,X,MI,88274b804dfffff
260770066013031,1000,1000,1,23076508,300091,Midwest Energy & Communications,50,1,X,MI,88274b8225fffff
260770066013032,1000,1000,1,23076508,300091,Midwest Energy & Communications,50,1,X,MI,88274b8225fffff
260770066013046,1000,1000,1,23076508,300091,Midwest Energy & Communications,50,1,X,MI,88274b8225fffff
260910601001001,1000,1000,2,23076508,300091,Midwest Energy & Communications,50,1,X,MI,882749b35dfffff
260910601001002,1000,1000,4,23076508,300091,Midwest Energy & Communications,50,1,X,MI,882749b35dfffff
260910601001003,1000,1000,6,23076508,300091,Midwest Energy & Communications,50,1,X,MI,882749b343fffff
260910601001004,1000,1000,3,23076508,300091,Midwest Energy & Communications,50,1,X,MI,882749b36bfffff
260910601001005,1000,1000,7,23076508,300091,Midwest Energy & Communications,50,1,X,MI,882749b361fffff
260910601001007,1000,1000,1,23076508,300091,Midwest Energy & Communications,50,1,X,MI,882749b359fffff
260910601001009,1000,1000,5,23076508,300091,Midwest Energy & Communications,50,1,X,MI,882749b353fffff
260910601001016,1000,1000,2,23076508,300091,Midwest Energy & Communications,50,1,X,MI,88274984dbfffff
260910601001017,1000,1000,1,23076508,300091,Midwest Energy & Communications,50,1,X,MI,88274984dbfffff
260910601001018,1000,1000,1,23076508,300091,Midwest Energy & Communications,50,1,X,MI,88274984d1fffff
260910601001019,1000,1000,2,23076508,300091,Midwest Energy & Communications,50,1,X,MI,88274984d1fffff
260910601001020,1000,1000,6,23076508,300091,Midwest Energy & Communications,50,1,X,MI,88274984d5fffff
260910601001021,1000,1000,1,23076508,300091,Midwest Energy & Communications,50,1,X,MI,882749848bfffff
260910601001022,1000,1000,4,23076508,300091,Midwest Energy & Communications,50,1,X,MI,8827498481fffff
260910601001023,1000,1000,1,23076508,300091,Midwest Energy & Communications,50,1,X,MI,8827498481fffff
260910601001024,1000,1000,6,23076508,300091,Midwest Energy & Communications,50,1,X,MI,8827498485fffff
260910601001025,1000,1000,1,23076508,300091,Midwest Energy & Communications,50,1,X,MI,8827498485fffff
260910601001026,1000,1000,5,23076508,300091,Midwest Energy & Communications,50,1,X,MI,88274984bdfffff
260910601001034,1000,1000,6,23076508,300091,Midwest Energy & Communications,50,1,X,MI,88274984bdfffff
260910601001036,1000,1000,2,23076508,300091,Midwest Energy & Communications,50,1,X,MI,88274984b7fffff
260910601001070,1000,1000,1,23076508,300091,Midwest Energy & Communications,50,1,X,MI,882749b157fffff
260910601001075,1000,1000,1,23076508,300091,Midwest Energy & Communications,50,1,X,MI,882749b10bfffff
260910601001080,1000,1000,5,23076508,300091,Midwest Energy & Communications,50,1,X,MI,882749b105fffff
260910601001085,1000,1000,4,23076508,300091,Midwest Energy & Communications,50,1,X,MI,882749ba59fffff
260910601001086,1000,1000,3,23076508,300091,Midwest Energy & Communications,50,1,X,MI,882749ba5bfffff
260910601001091,1000,1000,2,23076508,300091,Midwest Energy & Communications,50,1,X,MI,882749b125fffff
260910601001092,1000,1000,3,23076508,300091,Midwest Energy & Communications,50,1,X,MI,882749b15bfffff
260910601001095,1000,1000,1,23076508,300091,Midwest Energy & Communications,50,1,X,MI,882749b063fffff
260910601001097,1000,1000,1,23076508,300091,Midwest Energy & Communications,50,1,X,MI,882749b101fffff
260910601001098,1000,1000,5,23076508,300091,Midwest Energy & Communications,50,1,X,MI,882749b157fffff
260910601001099,1000,1000,4,23076508,300091,Midwest Energy & Communications,50,1,X,MI,882749b10bfffff
260910601001101,1000,1000,1,23076508,300091,Midwest Energy & Communications,50,1,X,MI,882749b151fffff
260910601002004,1000,1000,5,23076508,300091,Midwest Energy & Communications,50,1,X,MI,882749b063fffff
260910601002005,1000,1000,1,23076508,300091,Midwest Energy & Communications,50,1,X,MI,882749b02bfffff
260910601002006,1000,1000,6,23076508,300091,Midwest Energy & Communications,50,1,X,MI,882749b153fffff
260910601002007,1000,1000,3,23076508,300091,Midwest Energy & Communications,50,1,X,MI,882749b157fffff
260910601002008,1000,1000,5,23076508,300091,Midwest Energy & Communications,50,1,X,MI,882749b157fffff
260910601002009,1000,1000,2,23076508,300091,Midwest Energy & Communications,50,1,X,MI,882749b025fffff
260910601002010,1000,1000,2,23076508,300091,Midwest Energy & Communications,50,1,X,MI,882749b025fffff
260910601002011,1000,1000,4,23076508,300091,Midwest Energy & Communications,50,1,X,MI,882749b023fffff
260910601002012,1000,1000,7,23076508,300091,Midwest Energy & Communications,50,1,X,MI,882749b021fffff
260910601002013,1000,1000,1,23076508,300091,Midwest Energy & Communications,50,1,X,MI,882749b007fffff
260910601002016,1000,1000,1,23076508,300091,Midwest Energy & Communications,50,1,X,MI,882749b00dfffff
260910601002020,1000,1000,1,23076508,300091,Midwest Energy & Communications,50,1,X,MI,882749b023fffff
260910601002021,1000,1000,1,23076508,300091,Midwest Energy & Communications,50,1,X,MI,882749b023fffff
260910601002024,1000,1000,2,23076508,300091,Midwest Energy & Communications,50,1,X,MI,882749b13bfffff
260910601002025,1000,1000,3,23076508,300091,Midwest Energy & Communications,50,1,X,MI,882749b115fffff
260910601002027,1000,1000,3,23076508,300091,Midwest Energy & Communications,50,1,X,MI,882749b115fffff
260910601002028,1000,1000,3,23076508,300091,Midwest Energy & Communications,50,1,X,MI,882749b11bfffff
260910601002029,1000,1000,3,23076508,300091,Midwest Energy & Communications,50,1,X,MI,882749b027fffff
260910601002030,1000,1000,1,23076508,300091,Midwest Energy & Communications,50,1,X,MI,882749b023fffff
260910601002036,1000,1000,2,23076508,300091,Midwest Energy & Communications,50,1,X,MI,882749b039fffff
260910601002037,1000,1000,1,23076508,300091,Midwest Energy & Communications,50,1,X,MI,882749b039fffff
260910601002038,1000,1000,1,23076508,300091,Midwest Energy & Communications,50,1,X,MI,882749b031fffff
260910601002040,1000,1000,1,23076508,300091,Midwest Energy & Communications,50,1,X,MI,882749b035fffff
260910601002041,1000,1000,3,23076508,300091,Midwest Energy & Communications,50,1,X,MI,882749b1c9fffff
260910601002042,1000,1000,2,23076508,300091,Midwest Energy & Communications,50,1,X,MI,882749b031fffff
260910601002044,1000,1000,9,23076508,300091,Midwest Energy & Communications,50,1,X,MI,882749b1cdfffff
260910601002045,1000,1000,3,23076508,300091,Midwest Energy & Communications,50,1,X,MI,882749b113fffff
260910601002047,1000,1000,1,23076508,300091,Midwest Energy & Communications,50,1,X,MI,882749b13bfffff
260910601002050,1000,1000,3,23076508,300091,Midwest Energy & Communications,50,1,X,MI,882749b1c3fffff
260910601002051,1000,1000,1,23076508,300091,Midwest Energy & Communications,50,1,X,MI,882749b1c1fffff
260910601002060,1000,1000,2,23076508,300091,Midwest Energy & Communications,50,1,X,MI,882749b1e3fffff
260910601002061,1000,1000,5,23076508,300091,Midwest Energy & Communications,50,1,X,MI,882749b1e7fffff
260910601002062,1000,1000,3,23076508,300091,Midwest Energy & Communications,50,1,X,MI,882749b1e5fffff
260910601002066,1000,1000,2,23076508,300091,Midwest Energy & Communications,50,1,X,MI,882749b1c3fffff
260910601002072,1000,1000,6,23076508,300091,Midwest Energy & Communications,50,1,X,MI,882749b1ddfffff
260910601002073,1000,1000,5,23076508,300091,Midwest Energy & Communications,50,1,X,MI,882749b031fffff
260910601002074,1000,1000,4,23076508,300091,Midwest Energy & Communications,50,1,X,MI,882749b02bfffff
260910601003000,1000,1000,7,23076508,300091,Midwest Energy & Communications,50,1,X,MI,882749b157fffff
260910601003001,1000,1000,4,23076508,300091,Midwest Energy & Communications,50,1,X,MI,882749b157fffff
260910601003002,1000,1000,3,23076508,300091,Midwest Energy & Communications,50,1,X,MI,882749b10bfffff
260910601003003,1000,1000,9,23076508,300091,Midwest Energy & Communications,50,1,X,MI,882749b10bfffff
260910601003004,1000,1000,2,23076508,300091,Midwest Energy & Communications,50,1,X,MI,882749b115fffff
260910601003006,1000,1000,4,23076508,300091,Midwest Energy & Communications,50,1,X,MI,882749b139fffff
260910601003007,1000,1000,8,23076508,300091,Midwest Energy & Communications,50,1,X,MI,882749b13dfffff
260910601003008,1000,1000,2,23076508,300091,Midwest Energy & Communications,50,1,X,MI,882749b121fffff
260910601003009,1000,1000,4,23076508,300091,Midwest Energy & Communications,50,1,X,MI,882749b121fffff
260910601003010,1000,1000,8,23076508,300091,Midwest Energy & Communications,50,1,X,MI,882749b125fffff
260910601003011,1000,1000,2,23076508,300091,Midwest Energy & Communications,50,1,X,MI,882749bacbfffff
260910601003012,1000,1000,2,23076508,300091,Midwest Energy & Communications,50,1,X,MI,882749b135fffff
260910601003013,1000,1000,4,23076508,300091,Midwest Energy & Communications,50,1,X,MI,882749b131fffff
260910601003014,1000,1000,1,23076508,300091,Midwest Energy & Communications,50,1,X,MI,882749b13bfffff
260910601003016,1000,1000,4,23076508,300091,Midwest Energy & Communications,50,1,X,MI,882749b13bfffff
260910601003017,1000,1000,4,23076508,300091,Midwest Energy & Communications,50,1,X,MI,882749b137fffff
260910601003018,1000,1000,9,23076508,300091,Midwest Energy & Communications,50,1,X,MI,882749bacbfffff
260910601003019,1000,1000,1,23076508,300091,Midwest Energy & Communications,50,1,X,MI,882749b13bfffff
260910601003021,1000,1000,2,23076508,300091,Midwest Energy & Communications,50,1,X,MI,882749b1e5fffff
260910601003022,1000,1000,14,23076508,300091,Midwest Energy & Communications,50,1,X,MI,882749bad1fffff
260910601003023,1000,1000,3,23076508,300091,Midwest Energy & Communications,50,1,X,MI,882749baddfffff
260910601003024,1000,1000,2,23076508,300091,Midwest Energy & Communications,50,1,X,MI,882749baddfffff
260910601003026,1000,1000,4,23076508,300091,Midwest Energy & Communications,50,1,X,MI,882749badbfffff
260910601003027,1000,1000,15,23076508,300091,Midwest Energy & Communications,50,1,X,MI,882749bad1fffff
260910601003028,1000,1000,4,23076508,300091,Midwest Energy & Communications,50,1,X,MI,882749bac3fffff
260910601003030,1000,1000,6,23076508,300091,Midwest Energy & Communications,50,1,X,MI,882749b1a5fffff
260910601003031,1000,1000,1,23076508,300091,Midwest Energy & Communications,50,1,X,MI,882749bad3fffff
260910601003032,1000,1000,3,23076508,300091,Midwest Energy & Communications,50,1,X,MI,882749b1a9fffff
260910601003033,1000,1000,3,23076508,300091,Midwest Energy & Communications,50,1,X,MI,882749b1e3fffff
260910601003034,1000,1000,1,23076508,300091,Midwest Energy & Communications,50,1,X,MI,882749b185fffff
260910601003035,1000,1000,6,23076508,300091,Midwest Energy & Communications,50,1,X,MI,882749b185fffff
260910601003036,1000,1000,7,23076508,300091,Midwest Energy & Communications,50,1,X,MI,882749b183fffff
260910601003037,1000,1000,2,23076508,300091,Midwest Energy & Communications,50,1,X,MI,882749b1d5fffff
260910601003038,1000,1000,6,23076508,300091,Midwest Energy & Communications,50,1,X,MI,882749b1ddfffff
260910601003039,1000,1000,6,23076508,300091,Midwest Energy & Communications,50,1,X,MI,882749b1d9fffff
260910601003040,1000,1000,2,23076508,300091,Midwest Energy & Communications,50,1,X,MI,882749b183fffff
260910601003041,1000,1000,2,23076508,300091,Midwest Energy & Communications,50,1,X,MI,882749b187fffff
260910601003042,1000,1000,4,23076508,300091,Midwest Energy & Communications,50,1,X,MI,882749b1bdfffff
260910601003043,1000,1000,3,23076508,300091,Midwest Energy & Communications,50,1,X,MI,882749b1abfffff
260910601003045,1000,1000,4,23076508,300091,Midwest Energy & Communications,50,1,X,MI,882749b1a9fffff
260910601003046,1000,1000,4,23076508,300091,Midwest Energy & Communications,50,1,X,MI,882749b1adfffff
260910601003047,1000,1000,2,23076508,300091,Midwest Energy & Communications,50,1,X,MI,882749b1a5fffff
260910601003048,1000,1000,2,23076508,300091,Midwest Energy & Communications,50,1,X,MI,882749b1a5fffff
260910601003050,1000,1000,1,23076508,300091,Midwest Energy & Communications,50,1,X,MI,882749b1d3fffff
260910601003053,1000,1000,1,23076508,300091,Midwest Energy & Communications,50,1,X,MI,882749b1a7fffff
260910601003054,1000,1000,1,23076508,300091,Midwest Energy & Communications,50,1,X,MI,882749b1a7fffff
260910601003055,1000,1000,5,23076508,300091,Midwest Energy & Communications,50,1,X,MI,882749ba9bfffff
260910601003056,1000,1000,4,23076508,300091,Midwest Energy & Communications,50,1,X,MI,882749ba9bfffff
260910601003057,1000,1000,115,23076508,300091,Midwest Energy & Communications,50,1,X,MI,882749ba91fffff
260910601003058,1000,1000,10,23076508,300091,Midwest Energy & Communications,50,1,X,MI,882749ba8bfffff
260910601003059,1000,1000,15,23076508,300091,Midwest Energy & Communications,50,1,X,MI,882749ba91fffff
260910601003061,1000,1000,3,23076508,300091,Midwest Energy & Communications,50,1,X,MI,882749a341fffff
260910601003062,1000,1000,6,23076508,300091,Midwest Energy & Communications,50,1,X,MI,882749b1a7fffff
260910601003063,1000,1000,11,23076508,300091,Midwest Energy & Communications,50,1,X,MI,882749b1b5fffff
260910601003064,1000,1000,10,23076508,300091,Midwest Energy & Communications,50,1,X,MI,882749a309fffff
260910601003070,1000,1000,1,23076508,300091,Midwest Energy & Communications,50,1,X,MI,882749b199fffff
260910601003071,1000,1000,1,23076508,300091,Midwest Energy & Communications,50,1,X,MI,882749b1d7fffff
260910601003072,1000,1000,2,23076508,300091,Midwest Energy & Communications,50,1,X,MI,882749b18bfffff
260910601003073,1000,1000,1,23076508,300091,Midwest Energy & Communications,50,1,X,MI,882749b1bbfffff
260910601003075,1000,1000,9,23076508,300091,Midwest Energy & Communications,50,1,X,MI,882749a351fffff
260910601003076,1000,1000,1,23076508,300091,Midwest Energy & Communications,50,1,X,MI,882749a355fffff
260910601003077,1000,1000,2,23076508,300091,Midwest Energy & Communications,50,1,X,MI,882749a30dfffff
260910601003078,1000,1000,1,23076508,300091,Midwest Energy & Communications,50,1,X,MI,882749a363fffff
260910601003079,1000,1000,1,23076508,300091,Midwest Energy & Communications,50,1,X,MI,882749a369fffff
260910601003080,1000,1000,3,23076508,300091,Midwest Energy & Communications,50,1,X,MI,882749a36dfffff
260910601003081,1000,1000,5,23076508,300091,Midwest Energy & Communications,50,1,X,MI,882749a361fffff
260910601003082,1000,1000,1,23076508,300091,Midwest Energy & Communications,50,1,X,MI,882749a36bfffff
260910601003090,1000,1000,3,23076508,300091,Midwest Energy & Communications,50,1,X,MI,882749a31dfffff
260910601003091,1000,1000,7,23076508,300091,Midwest Energy & Communications,50,1,X,MI,882749a307fffff
260910601003092,1000,1000,5,23076508,300091,Midwest Energy & Communications,50,1,X,MI,882749a363fffff
260910601003093,1000,1000,2,23076508,300091,Midwest Energy & Communications,50,1,X,MI,882749b1b7fffff
260910603011000,1000,1000,1,23076508,300091,Midwest Energy & Communications,50,1,X,MI,882749b965fffff
260910603011014,1000,1000,40,23076508,300091,Midwest Energy & Communications,50,1,X,MI,8827491607fffff
260910603011015,1000,1000,86,23076508,300091,Midwest Energy & Communications,50,1,X,MI,882749160bfffff
260910603011016,1000,1000,1,23076508,300091,Midwest Energy & Communications,50,1,X,MI,882749161dfffff
260910603011017,1000,1000,27,23076508,300091,Midwest Energy & Communications,50,1,X,MI,8827491657fffff
260910603011019,1000,1000,13,23076508,300091,Midwest Energy & Communications,50,1,X,MI,8827491651fffff
260910603011020,1000,1000,12,23076508,300091,Midwest Energy & Communications,50,1,X,MI,8827491657fffff
260910603011021,1000,1000,6,23076508,300091,Midwest Energy & Communications,50,1,X,MI,8827491657fffff
260910603011022,1000,1000,14,23076508,300091,Midwest Energy & Communications,50,1,X,MI,8827491657fffff
260910603011023,1000,1000,1,23076508,300091,Midwest Energy & Communications,50,1,X,MI,8827491619fffff
260910603011025,1000,1000,11,23076508,300091,Midwest Energy & Communications,50,1,X,MI,8827491603fffff
260910603011026,1000,1000,20,23076508,300091,Midwest Energy & Communications,50,1,X,MI,8827491603fffff
260910603011027,1000,1000,44,23076508,300091,Midwest Energy & Communications,50,1,X,MI,882749161dfffff
260910603011028,1000,1000,2,23076508,300091,Midwest Energy & Communications,50,1,X,MI,8827491639fffff
260910603011029,1000,1000,11,23076508,300091,Midwest Energy & Communications,50,1,X,MI,882749163dfffff
260910603011030,1000,1000,26,23076508,300091,Midwest Energy & Communications,50,1,X,MI,882749161bfffff
260910603011031,1000,1000,3,23076508,300091,Midwest Energy & Communications,50,1,X,MI,8827491613fffff
260910603011032,1000,1000,14,23076508,300091,Midwest Energy & Communications,50,1,X,MI,882749161dfffff
260910603011033,1000,1000,7,23076508,300091,Midwest Energy & Communications,50,1,X,MI,882749163bfffff
260910603011034,1000,1000,3,23076508,300091,Midwest Energy & Communications,50,1,X,MI,8827491631fffff
260910603011035,1000,1000,2,23076508,300091,Midwest Energy & Communications,50,1,X,MI,8827491637fffff
260910603012001,1000,1000,1,23076508,300091,Midwest Energy & Communications,50,1,X,MI,882749bb4dfffff
260910603012002,1000,1000,1,23076508,300091,Midwest Energy & Communications,50,1,X,MI,882749bb4dfffff
260910603012003,1000,1000,2,23076508,300091,Midwest Energy & Communications,50,1,X,MI,882749bb4dfffff
260910603012004,1000,1000,1,23076508,300091,Midwest Energy & Communications,50,1,X,MI,8827498e93fffff
260910603012005,1000,1000,12,23076508,300091,Midwest Energy & Communications,50,1,X,MI,8827498e93fffff
260910603012006,1000,1000,28,23076508,300091,Midwest Energy & Communications,50,1,X,MI,882749bb67fffff
260910603012007,1000,1000,16,23076508,300091,Midwest Energy & Communications,50,1,X,MI,8827498ccbfffff
260910603012008,1000,1000,24,23076508,300091,Midwest Energy & Communications,50,1,X,MI,8827498c89fffff
260910603012009,1000,1000,11,23076508,300091,Midwest Energy & Communications,50,1,X,MI,8827498cc7fffff
260910603012010,1000,1000,5,23076508,300091,Midwest Energy & Communications,50,1,X,MI,8827498c81fffff
260910603012012,1000,1000,1,23076508,300091,Midwest Energy & Communications,50,1,X,MI,8827498cebfffff
260910603012013,1000,1000,1,23076508,300091,Midwest Energy & Communications,50,1,X,MI,8827498ce1fffff
260910603012016,1000,1000,4,23076508,300091,Midwest Energy & Communications,50,1,X,MI,8827498c81fffff
260910603012028,1000,1000,3,23076508,300091,Midwest Energy & Communications,50,1,X,MI,8827498cb9fffff
260910603012029,1000,1000,33,23076508,300091,Midwest Energy & Communications,50,1,X,MI,8827498c8bfffff
260910603012030,1000,1000,13,23076508,300091,Midwest Energy & Communications,50,1,X,MI,8827498c8bfffff
260910603012032,1000,1000,7,23076508,300091,Midwest Energy & Communications,50,1,X,MI,8827498cd1fffff
260910603012033,1000,1000,10,23076508,300091,Midwest Energy & Communications,50,1,X,MI,8827498cd1fffff
260910603012034,1000,1000,12,23076508,300091,Midwest Energy & Communications,50,1,X,MI,8827498c9dfffff
260910603012035,1000,1000,8,23076508,300091,Midwest Energy & Communications,50,1,X,MI,8827498c91fffff
260910603012036,1000,1000,5,23076508,300091,Midwest Energy & Communications,50,1,X,MI,8827498cd3fffff
260910603012037,1000,1000,27,23076508,300091,Midwest Energy & Communications,50,1,X,MI,8827498cd1fffff
260910603012038,1000,1000,5,23076508,300091,Midwest Energy & Communications,50,1,X,MI,8827498cdbfffff
260910603012039,1000,1000,9,23076508,300091,Midwest Energy & Communications,50,1,X,MI,882749bb67fffff
260910603012040,1000,1000,16,23076508,300091,Midwest Energy & Communications,50,1,X,MI,882749bb2bfffff
260910603012041,1000,1000,8,23076508,300091,Midwest Energy & Communications,50,1,X,MI,882749bb6bfffff
260910603012042,1000,1000,7,23076508,300091,Midwest Energy & Communications,50,1,X,MI,882749bb47fffff
260910603012043,1000,1000,8,23076508,300091,Midwest Energy & Communications,50,1,X,MI,882749bb47fffff
260910603012044,1000,1000,2,23076508,300091,Midwest Energy & Communications,50,1,X,MI,882749bb41fffff
260910603012045,1000,1000,3,23076508,300091,Midwest Energy & Communications,50,1,X,MI,882749bb4dfffff
260910603012046,1000,1000,1,23076508,300091,Midwest Energy & Communications,50,1,X,MI,882749bb27fffff
260910603012047,1000,1000,1,23076508,300091,Midwest Energy & Communications,50,1,X,MI,882749b94dfffff
260910603012048,1000,1000,4,23076508,300091,Midwest Energy & Communications,50,1,X,MI,882749bb25fffff
260910603012049,1000,1000,3,23076508,300091,Midwest Energy & Communications,50,1,X,MI,882749bb23fffff
260910603012050,1000,1000,2,23076508,300091,Midwest Energy & Communications,50,1,X,MI,882749bb23fffff
260910603012051,1000,1000,7,23076508,300091,Midwest Energy & Communications,50,1,X,MI,882749bb2bfffff
260910603012053,1000,1000,20,23076508,300091,Midwest Energy & Communications,50,1,X,MI,8827498c93fffff
260910603012054,1000,1000,24,23076508,300091,Midwest Energy & Communications,50,1,X,MI,8827498cb9fffff
260910603012055,1000,1000,12,23076508,300091,Midwest Energy & Communications,50,1,X,MI,8827498cb9fffff
260910603012056,1000,1000,2,23076508,300091,Midwest Energy & Communications,50,1,X,MI,8827498cb9fffff
260910603012058,1000,1000,9,23076508,300091,Midwest Energy & Communications,50,1,X,MI,882749b96dfffff
260910603012059,1000,1000,2,23076508,300091,Midwest Energy & Communications,50,1,X,MI,882749b965fffff
260910603012060,1000,1000,4,23076508,300091,Midwest Energy & Communications,50,1,X,MI,8827498c8bfffff
260910603012061,1000,1000,20,23076508,300091,Midwest Energy & Communications,50,1,X,MI,882749bb43fffff
260910603012062,1000,1000,11,23076508,300091,Midwest Energy & Communications,50,1,X,MI,882749bb43fffff
260910603012063,1000,1000,7,23076508,300091,Midwest Energy & Communications,50,1,X,MI,882749bb01fffff
260910603012064,1000,1000,6,23076508,300091,Midwest Energy & Communications,50,1,X,MI,882749bb0bfffff
260910603012065,1000,1000,5,23076508,300091,Midwest Energy & Communications,50,1,X,MI,8827498cd5fffff
260910603013000,1000,1000,4,23076508,300091,Midwest Energy & Communications,50,1,X,MI,882749bb0bfffff
260910603013001,1000,1000,9,23076508,300091,Midwest Energy & Communications,50,1,X,MI,882749bb01fffff
260910603013002,1000,1000,1,23076508,300091,Midwest Energy & Communications,50,1,X,MI,882749bb07fffff
260910603013003,1000,1000,2,23076508,300091,Midwest Energy & Communications,50,1,X,MI,882749bb05fffff
260910603013004,1000,1000,1,23076508,300091,Midwest Energy & Communications,50,1,X,MI,882749bb2bfffff
260910603013005,1000,1000,11,23076508,300091,Midwest Energy & Communications,50,1,X,MI,882749bb07fffff
260910603013006,1000,1000,2,23076508,300091,Midwest Energy & Communications,50,1,X,MI,882749bb07fffff
260910603013007,1000,1000,2,23076508,300091,Midwest Energy & Communications,50,1,X,MI,882749bb07fffff
260910603013008,1000,1000,10,23076508,300091,Midwest Energy & Communications,50,1,X,MI,882749bb33fffff
260910603013009,1000,1000,5,23076508,300091,Midwest Energy & Communications,50,1,X,MI,882749bb35fffff
260910603013011,1000,1000,6,23076508,300091,Midwest Energy & Communications,50,1,X,MI,882749b94dfffff
260910603013012,1000,1000,3,23076508,300091,Midwest Energy & Communications,50,1,X,MI,882749b94dfffff
260910603013015,1000,1000,5,23076508,300091,Midwest Energy & Communications,50,1,X,MI,882749b907fffff
260910603013016,1000,1000,9,23076508,300091,Midwest Energy & Communications,50,1,X,MI,882749b96dfffff
260910603013017,1000,1000,4,23076508,300091,Midwest Energy & Communications,50,1,X,MI,882749b907fffff
260910603013018,1000,1000,5,23076508,300091,Midwest Energy & Communications,50,1,X,MI,882749b907fffff
260910603013019,1000,1000,5,23076508,300091,Midwest Energy & Communications,50,1,X,MI,882749b921fffff
260910603013024,1000,1000,5,23076508,300091,Midwest Energy & Communications,50,1,X,MI,882749b867fffff
260910603013025,1000,1000,2,23076508,300091,Midwest Energy & Communications,50,1,X,MI,882749bb33fffff
260910603013029,1000,1000,2,23076508,300091,Midwest Energy & Communications,50,1,X,MI,882749bb17fffff
260910603013030,1000,1000,6,23076508,300091,Midwest Energy & Communications,50,1,X,MI,882749bb17fffff
260910603013035,1000,1000,11,23076508,300091,Midwest Energy & Communications,50,1,X,MI,882749b865fffff
260910603013036,1000,1000,17,23076508,300091,Midwest Energy & Communications,50,1,X,MI,882749b82dfffff
260910603013037,1000,1000,18,23076508,300091,Midwest Energy & Communications,50,1,X,MI,882749b95bfffff
260910603013038,1000,1000,6,23076508,300091,Midwest Energy & Communications,50,1,X,MI,882749b957fffff
260910603013040,1000,1000,1,23076508,300091,Midwest Energy & Communications,50,1,X,MI,882749b821fffff
260910603021034,1000,1000,1,23076508,300091,Midwest Energy & Communications,50,1,X,MI,8827498dabfffff
260910603021035,1000,1000,1,23076508,300091,Midwest Energy & Communications,50,1,X,MI,8827498dabfffff
260910603021066,1000,1000,16,23076508,300091,Midwest Energy & Communications,50,1,X,MI,8827491635fffff
260910603022002,1000,1000,25,23076508,300091,Midwest Energy & Communications,50,1,X,MI,8827491703fffff
260910603022003,1000,1000,2,23076508,300091,Midwest Energy & Communications,50,1,X,MI,8827491715fffff
260910603022004,1000,1000,9,23076508,300091,Midwest Energy & Communications,50,1,X,MI,8827491707fffff
260910603022005,1000,1000,17,23076508,300091,Midwest Energy & Communications,50,1,X,MI,882749173dfffff
260910603022006,1000,1000,1,23076508,300091,Midwest Energy & Communications,50,1,X,MI,8827491731fffff
260910603022007,1000,1000,25,23076508,300091,Midwest Energy & Communications,50,1,X,MI,882749173bfffff
260910603022008,1000,1000,13,23076508,300091,Midwest Energy & Communications,50,1,X,MI,8827491469fffff
260910603022009,1000,1000,7,23076508,300091,Midwest Energy & Communications,50,1,X,MI,8827491715fffff
260910603022010,1000,1000,22,23076508,300091,Midwest Energy & Communications,50,1,X,MI,8827491441fffff
260910603022011,1000,1000,2,23076508,300091,Midwest Energy & Communications,50,1,X,MI,8827491449fffff
260910603022017,1000,1000,5,23076508,300091,Midwest Energy & Communications,50,1,X,MI,8827491445fffff
260910603022018,1000,1000,6,23076508,300091,Midwest Energy & Communications,50,1,X,MI,8827491445fffff
260910603023000,1000,1000,1,23076508,300091,Midwest Energy & Communications,50,1,X,MI,8827498de3fffff
260910603023001,1000,1000,6,23076508,300091,Midwest Energy & Communications,50,1,X,MI,8827498de3fffff
260910603023002,1000,1000,2,23076508,300091,Midwest Energy & Communications,50,1,X,MI,88274912d3fffff
260910603023003,1000,1000,5,23076508,300091,Midwest Energy & Communications,50,1,X,MI,882749129bfffff
260910603023005,1000,1000,1,23076508,300091,Midwest Energy & Communications,50,1,X,MI,8827498da1fffff
260910603023007,1000,1000,1,23076508,300091,Midwest Energy & Communications,50,1,X,MI,8827498da1fffff
260910603023008,1000,1000,1,23076508,300091,Midwest Energy & Communications,50,1,X,MI,8827498da1fffff
260910603023013,1000,1000,17,23076508,300091,Midwest Energy & Communications,50,1,X,MI,8827498da1fffff
260910603023014,1000,1000,9,23076508,300091,Midwest Energy & Communications,50,1,X,MI,8827498dabfffff
260910603023015,1000,1000,3,23076508,300091,Midwest Energy & Communications,50,1,X,MI,8827498da5fffff
260910603023016,1000,1000,1,23076508,300091,Midwest Energy & Communications,50,1,X,MI,8827498da1fffff
260910603023017,1000,1000,2,23076508,300091,Midwest Energy & Communications,50,1,X,MI,8827498da5fffff
260910603023018,1000,1000,1,23076508,300091,Midwest Energy & Communications,50,1,X,MI,8827498da5fffff
260910603023019,1000,1000,7,23076508,300091,Midwest Energy & Communications,50,1,X,MI,8827498da5fffff
260910603023020,1000,1000,9,23076508,300091,Midwest Energy & Communications,50,1,X,MI,8827498da5fffff
260910603023022,1000,1000,1,23076508,300091,Midwest Energy & Communications,50,1,X,MI,8827498da1fffff
260910603023025,1000,1000,1,23076508,300091,Midwest Energy & Communications,50,1,X,MI,8827491703fffff
260910603023031,1000,1000,9,23076508,300091,Midwest Energy & Communications,50,1,X,MI,882749174dfffff
260910603023033,1000,1000,16,23076508,300091,Midwest Energy & Communications,50,1,X,MI,8827491701fffff
260910604011000,1000,1000,2,23076508,300091,Midwest Energy & Communications,50,1,X,MI,8827491291fffff
260910604011001,1000,1000,1,23076508,300091,Midwest Energy & Communications,50,1,X,MI,8827491291fffff
260910604011002,1000,1000,1,23076508,300091,Midwest Energy & Communications,50,1,X,MI,8827491295fffff
260910604011003,1000,1000,6,23076508,300091,Midwest Energy & Communications,50,1,X,MI,8827491293fffff
260910604011005,1000,1000,3,23076508,300091,Midwest Energy & Communications,50,1,X,MI,88274912bbfffff
260910604011007,1000,1000,4,23076508,300091,Midwest Energy & Communications,50,1,X,MI,8827491761fffff
260910604011009,1000,1000,1,23076508,300091,Midwest Energy & Communications,50,1,X,MI,88274912b3fffff
260910604011010,1000,1000,19,23076508,300091,Midwest Energy & Communications,50,1,X,MI,88274912b3fffff
260910604011011,1000,1000,5,23076508,300091,Midwest Energy & Communications,50,1,X,MI,88274912b7fffff
260910604011012,1000,1000,7,23076508,300091,Midwest Energy & Communications,50,1,X,MI,88274910cbfffff
260910604011014,1000,1000,1,23076508,300091,Midwest Energy & Communications,50,1,X,MI,88274910cbfffff
260910604011015,1000,1000,8,23076508,300091,Midwest Energy & Communications,50,1,X,MI,88274910c1fffff
260910604011016,1000,1000,16,23076508,300091,Midwest Energy & Communications,50,1,X,MI,88274910dbfffff
260910604011018,1000,1000,29,23076508,300091,Midwest Energy & Communications,50,1,X,MI,88274910d9fffff
260910604011020,1000,1000,14,23076508,300091,Midwest Energy & Communications,50,1,X,MI,88274910ddfffff
260910604011022,1000,1000,13,23076508,300091,Midwest Energy & Communications,50,1,X,MI,88274910ddfffff
260910604011023,1000,1000,32,23076508,300091,Midwest Energy & Communications,50,1,X,MI,88274910c3fffff
260910604011024,1000,1000,18,23076508,300091,Midwest Energy & Communications,50,1,X,MI,88274910c3fffff
260910604011025,1000,1000,41,23076508,300091,Midwest Energy & Communications,50,1,X,MI,88274910c3fffff
260910604011027,1000,1000,160,23076508,300091,Midwest Energy & Communications,50,1,X,MI,88274910c7fffff
260910604011028,1000,1000,14,23076508,300091,Midwest Energy & Communications,50,1,X,MI,88274910ebfffff
260910604011029,1000,1000,7,23076508,300091,Midwest Energy & Communications,50,1,X,MI,88274910ebfffff
260910604011030,1000,1000,15,23076508,300091,Midwest Energy & Communications,50,1,X,MI,88274910e3fffff
260910604011031,1000,1000,6,23076508,300091,Midwest Energy & Communications,50,1,X,MI,88274910e3fffff
260910604011032,1000,1000,3,23076508,300091,Midwest Energy & Communications,50,1,X,MI,88274910e1fffff
260910604011033,1000,1000,7,23076508,300091,Midwest Energy & Communications,50,1,X,MI,88274910e1fffff
260910604011034,1000,1000,13,23076508,300091,Midwest Energy & Communications,50,1,X,MI,88274911dbfffff
260910604011035,1000,1000,9,23076508,300091,Midwest Energy & Communications,50,1,X,MI,88274910c3fffff
260910604011036,1000,1000,7,23076508,300091,Midwest Energy & Communications,50,1,X,MI,88274910ddfffff
260910604011037,1000,1000,16,23076508,300091,Midwest Energy & Communications,50,1,X,MI,88274910d1fffff
260910604011038,1000,1000,5,23076508,300091,Midwest Energy & Communications,50,1,X,MI,88274910d1fffff
260910604011039,1000,1000,4,23076508,300091,Midwest Energy & Communications,50,1,X,MI,88274910d1fffff
260910604011040,1000,1000,6,23076508,300091,Midwest Energy & Communications,50,1,X,MI,88274910d5fffff
260910604011041,1000,1000,3,23076508,300091,Midwest Energy & Communications,50,1,X,MI,88274910c3fffff
260910604011042,1000,1000,18,23076508,300091,Midwest Energy & Communications,50,1,X,MI,8827491767fffff
260910604011043,1000,1000,6,23076508,300091,Midwest Energy & Communications,50,1,X,MI,88274910a9fffff
260910604011044,1000,1000,14,23076508,300091,Midwest Energy & Communications,50,1,X,MI,8827491729fffff
260910604011045,1000,1000,21,23076508,300091,Midwest Energy & Communications,50,1,X,MI,882749172dfffff
260910604011046,1000,1000,1,23076508,300091,Midwest Energy & Communications,50,1,X,MI,88274910dbfffff
260910604011047,1000,1000,3,23076508,300091,Midwest Energy & Communications,50,1,X,MI,882749108bfffff
260910604011048,1000,1000,6,23076508,300091,Midwest Energy & Communications,50,1,X,MI,882749108bfffff
260910604011050,1000,1000,12,23076508,300091,Midwest Energy & Communications,50,1,X,MI,8827491081fffff
260910604011051,1000,1000,2,23076508,300091,Midwest Energy & Communications,50,1,X,MI,88274910abfffff
260910604011052,1000,1000,31,23076508,300091,Midwest Energy & Communications,50,1,X,MI,882749109dfffff
260910604011053,1000,1000,1,23076508,300091,Midwest Energy & Communications,50,1,X,MI,882749109dfffff
260910604011054,1000,1000,4,23076508,300091,Midwest Energy & Communications,50,1,X,MI,882749108bfffff
260910604011055,1000,1000,13,23076508,300091,Midwest Energy & Communications,50,1,X,MI,882749109dfffff
260910604011056,1000,1000,1,23076508,300091,Midwest Energy & Communications,50,1,X,MI,88274910d7fffff
260910604011057,1000,1000,13,23076508,300091,Midwest Energy & Communications,50,1,X,MI,8827491099fffff
260910604011058,1000,1000,10,23076508,300091,Midwest Energy & Communications,50,1,X,MI,8827491725fffff
260910604011059,1000,1000,10,23076508,300091,Midwest Energy & Communications,50,1,X,MI,88274910d3fffff
260910604011060,1000,1000,18,23076508,300091,Midwest Energy & Communications,50,1,X,MI,88274910d3fffff
260910604011061,1000,1000,8,23076508,300091,Midwest Energy & Communications,50,1,X,MI,882749172bfffff
260910604011062,1000,1000,5,23076508,300091,Midwest Energy & Communications,50,1,X,MI,8827491735fffff
260910604011063,1000,1000,8,23076508,300091,Midwest Energy & Communications,50,1,X,MI,8827491723fffff
260910604011064,1000,1000,2,23076508,300091,Midwest Energy & Communications,50,1,X,MI,882749109bfffff
260910604011067,1000,1000,14,23076508,300091,Midwest Energy & Communications,50,1,X,MI,882749154bfffff
260910604011068,1000,1000,13,23076508,300091,Midwest Energy & Communications,50,1,X,MI,8827491735fffff
260910604011069,1000,1000,10,23076508,300091,Midwest Energy & Communications,50,1,X,MI,8827491735fffff
260910604011071,1000,1000,2,23076508,300091,Midwest Energy & Communications,50,1,X,MI,8827491763fffff
260910604011072,1000,1000,7,23076508,300091,Midwest Energy & Communications,50,1,X,MI,8827491083fffff
260910604012000,1000,1000,30,23076508,300091,Midwest Energy & Communications,50,1,X,MI,88274912b1fffff
260910604012002,1000,1000,20,23076508,300091,Midwest Energy & Communications,50,1,X,MI,8827491287fffff
260910604012003,1000,1000,8,23076508,300091,Midwest Energy & Communications,50,1,X,MI,88274912a5fffff
260910604012004,1000,1000,4,23076508,300091,Midwest Energy & Communications,50,1,X,MI,88274910c5fffff
260910604012016,1000,1000,4,23076508,300091,Midwest Energy & Communications,50,1,X,MI,8827491015fffff
260910604012017,1000,1000,1,23076508,300091,Midwest Energy & Communications,50,1,X,MI,882749103dfffff
260910604012025,1000,1000,19,23076508,300091,Midwest Energy & Communications,50,1,X,MI,8827491015fffff
260910604012026,1000,1000,2,23076508,300091,Midwest Energy & Communications,50,1,X,MI,8827491031fffff
260910604012027,1000,1000,2,23076508,300091,Midwest Energy & Communications,50,1,X,MI,8827491035fffff
260910604012028,1000,1000,7,23076508,300091,Midwest Energy & Communications,50,1,X,MI,8827491033fffff
260910604012029,1000,1000,1,23076508,300091,Midwest Energy & Communications,50,1,X,MI,88274910edfffff
260910604012032,1000,1000,7,23076508,300091,Midwest Energy & Communications,50,1,X,MI,88274910e1fffff
260910604012033,1000,1000,1,23076508,300091,Midwest Energy & Communications,50,1,X,MI,88274910e1fffff
260910604012034,1000,1000,2,23076508,300091,Midwest Energy & Communications,50,1,X,MI,88274911d9fffff
260910604012036,1000,1000,7,23076508,300091,Midwest Energy & Communications,50,1,X,MI,88274912b1fffff
260910604012037,1000,1000,13,23076508,300091,Midwest Energy & Communications,50,1,X,MI,88274912b5fffff
260910604012038,1000,1000,44,23076508,300091,Midwest Energy & Communications,50,1,X,MI,88274910c9fffff
260910604012039,1000,1000,24,23076508,300091,Midwest Energy & Communications,50,1,X,MI,88274910c9fffff
260910604012040,1000,1000,6,23076508,300091,Midwest Energy & Communications,50,1,X,MI,88274910c5fffff
260910604012041,1000,1000,20,23076508,300091,Midwest Energy & Communications,50,1,X,MI,88274910cdfffff
260910604013000,1000,1000,15,23076508,300091,Midwest Energy & Communications,50,1,X,MI,88274911d9fffff
260910604013001,1000,1000,4,23076508,300091,Midwest Energy & Communications,50,1,X,MI,88274910a7fffff
260910604013002,1000,1000,15,23076508,300091,Midwest Energy & Communications,50,1,X,MI,88274910adfffff
260910604013003,1000,1000,9,23076508,300091,Midwest Energy & Communications,50,1,X,MI,88274910a1fffff
260910604013004,1000,1000,1,23076508,300091,Midwest Energy & Communications,50,1,X,MI,88274910abfffff
260910604013005,1000,1000,22,23076508,300091,Midwest Energy & Communications,50,1,X,MI,88274910abfffff
260910604013006,1000,1000,3,23076508,300091,Midwest Energy & Communications,50,1,X,MI,8827490249fffff
260910604013020,1000,1000,15,23076508,300091,Midwest Energy & Communications,50,1,X,MI,88274910bbfffff
260910604013021,1000,1000,6,23076508,300091,Midwest Energy & Communications,50,1,X,MI,88274910bbfffff
260910604013040,1000,1000,1,23076508,300091,Midwest Energy & Communications,50,1,X,MI,8827491549fffff
260910604013041,1000,1000,15,23076508,300091,Midwest Energy & Communications,50,1,X,MI,8827491737fffff
260910604021000,1000,1000,17,23076508,300091,Midwest Energy & Communications,50,1,X,MI,88274915c5fffff
260910604021011,1000,1000,20,23076508,300091,Midwest Energy & Communications,50,1,X,MI,88274915e3fffff
260910604021012,1000,1000,8,23076508,300091,Midwest Energy & Communications,50,1,X,MI,88274915edfffff
260910604021015,1000,1000,9,23076508,300091,Midwest Energy & Communications,50,1,X,MI,88274915e3fffff
260910604021017,1000,1000,25,23076508,300091,Midwest Energy & Communications,50,1,X,MI,88274915e3fffff
260910604021018,1000,1000,5,23076508,300091,Midwest Energy & Communications,50,1,X,MI,882749158dfffff
260910604021019,1000,1000,9,23076508,300091,Midwest Energy & Communications,50,1,X,MI,88274915e5fffff
260910604021023,1000,1000,3,23076508,300091,Midwest Energy & Communications,50,1,X,MI,88274915adfffff
260910604021024,1000,1000,2,23076508,300091,Midwest Energy & Communications,50,1,X,MI,882749158bfffff
260910604021026,1000,1000,6,23076508,300091,Midwest Energy & Communications,50,1,X,MI,8827491583fffff
260910604021027,1000,1000,3,23076508,300091,Midwest Energy & Communications,50,1,X,MI,88274915abfffff
260910604021028,1000,1000,15,23076508,300091,Midwest Energy & Communications,50,1,X,MI,88274915b1fffff
260910604021030,1000,1000,14,23076508,300091,Midwest Energy & Communications,50,1,X,MI,88274915b9fffff
260910604021031,1000,1000,1,23076508,300091,Midwest Energy & Communications,50,1,X,MI,88274915a7fffff
260910604021035,1000,1000,2,23076508,300091,Midwest Energy & Communications,50,1,X,MI,8827490769fffff
260910604021036,1000,1000,1,23076508,300091,Midwest Energy & Communications,50,1,X,MI,882749074dfffff
260910604021037,1000,1000,2,23076508,300091,Midwest Energy & Communications,50,1,X,MI,882749074dfffff
260910604021038,1000,1000,1,23076508,300091,Midwest Energy & Communications,50,1,X,MI,882749074dfffff
260910604021039,1000,1000,14,23076508,300091,Midwest Energy & Communications,50,1,X,MI,8827490741fffff
260910604023002,1000,1000,9,23076508,300091,Midwest Energy & Communications,50,1,X,MI,8827491551fffff
260910604023031,1000,1000,5,23076508,300091,Midwest Energy & Communications,50,1,X,MI,8827491551fffff
260910604023032,1000,1000,1,23076508,300091,Midwest Energy & Communications,50,1,X,MI,8827491553fffff
260910604023033,1000,1000,7,23076508,300091,Midwest Energy & Communications,50,1,X,MI,8827491551fffff
260910604023034,1000,1000,1,23076508,300091,Midwest Energy & Communications,50,1,X,MI,8827491559fffff
260910605001000,1000,1000,5,23076508,300091,Midwest Energy & Communications,50,1,X,MI,8827491617fffff
260910605001001,1000,1000,20,23076508,300091,Midwest Energy & Communications,50,1,X,MI,88274916ebfffff
260910605001002,1000,1000,20,23076508,300091,Midwest Energy & Communications,50,1,X,MI,8827491637fffff
260910605001003,1000,1000,12,23076508,300091,Midwest Energy & Communications,50,1,X,MI,882749145dfffff
260910605001005,1000,1000,8,23076508,300091,Midwest Energy & Communications,50,1,X,MI,8827491441fffff
260910605001006,1000,1000,16,23076508,300091,Midwest Energy & Communications,50,1,X,MI,882749146bfffff
260910605001007,1000,1000,22,23076508,300091,Midwest Energy & Communications,50,1,X,MI,882749146bfffff
260910605001008,1000,1000,20,23076508,300091,Midwest Energy & Communications,50,1,X,MI,8827491467fffff
260910605001009,1000,1000,6,23076508,300091,Midwest Energy & Communications,50,1,X,MI,882749155bfffff
260910605001010,1000,1000,24,23076508,300091,Midwest Energy & Communications,50,1,X,MI,88274916e7fffff
260910605001012,1000,1000,2,23076508,300091,Midwest Energy & Communications,50,1,X,MI,88274916ebfffff
260910605001013,1000,1000,2,23076508,300091,Midwest Energy & Communications,50,1,X,MI,88274916ebfffff
260910605001014,1000,1000,13,23076508,300091,Midwest Energy & Communications,50,1,X,MI,8827491443fffff
260910605001015,1000,1000,33,23076508,300091,Midwest Energy & Communications,50,1,X,MI,8827491453fffff
260910605001016,1000,1000,5,23076508,300091,Midwest Energy & Communications,50,1,X,MI,8827491451fffff
260910605001017,1000,1000,16,23076508,300091,Midwest Energy & Communications,50,1,X,MI,8827491459fffff
260910605001018,1000,1000,22,23076508,300091,Midwest Energy & Communications,50,1,X,MI,8827491409fffff
260910605001019,1000,1000,18,23076508,300091,Midwest Energy & Communications,50,1,X,MI,882749140dfffff
260910605001020,1000,1000,9,23076508,300091,Midwest Energy & Communications,50,1,X,MI,8827491429fffff
260910605001021,1000,1000,7,23076508,300091,Midwest Energy & Communications,50,1,X,MI,882749142dfffff
260910605001022,1000,1000,22,23076508,300091,Midwest Energy & Communications,50,1,X,MI,8827491427fffff
260910605001024,1000,1000,15,23076508,300091,Midwest Energy & Communications,50,1,X,MI,8827491413fffff
260910605001025,1000,1000,45,23076508,300091,Midwest Energy & Communications,50,1,X,MI,8827491415fffff
260910605001026,1000,1000,2,23076508,300091,Midwest Energy & Communications,50,1,X,MI,8827491407fffff
260910605001027,1000,1000,10,23076508,300091,Midwest Energy & Communications,50,1,X,MI,882749143bfffff
260910605001028,1000,1000,12,23076508,300091,Midwest Energy & Communications,50,1,X,MI,8827491435fffff
260910605001029,1000,1000,10,23076508,300091,Midwest Energy & Communications,50,1,X,MI,8827491423fffff
260910605001030,1000,1000,33,23076508,300091,Midwest Energy & Communications,50,1,X,MI,8827491427fffff
260910605001031,1000,1000,8,23076508,300091,Midwest Energy & Communications,50,1,X,MI,8827491435fffff
260910605001032,1000,1000,7,23076508,300091,Midwest Energy & Communications,50,1,X,MI,88274915d9fffff
260910605001033,1000,1000,31,23076508,300091,Midwest Energy & Communications,50,1,X,MI,88274915d5fffff
260910605001034,1000,1000,7,23076508,300091,Midwest Energy & Communications,50,1,X,MI,882749141bfffff
260910605001035,1000,1000,9,23076508,300091,Midwest Energy & Communications,50,1,X,MI,88274916a3fffff
260910605001036,1000,1000,3,23076508,300091,Midwest Energy & Communications,50,1,X,MI,8827491453fffff
260910605001037,1000,1000,12,23076508,300091,Midwest Energy & Communications,50,1,X,MI,8827491413fffff
260910605001038,1000,1000,3,23076508,300091,Midwest Energy & Communications,50,1,X,MI,8827491413fffff
260910605001039,1000,1000,16,23076508,300091,Midwest Energy & Communications,50,1,X,MI,88274914ebfffff
260910605001040,1000,1000,14,23076508,300091,Midwest Energy & Communications,50,1,X,MI,8827491417fffff
260910605001041,1000,1000,16,23076508,300091,Midwest Energy & Communications,50,1,X,MI,88274914cbfffff
260910605001042,1000,1000,17,23076508,300091,Midwest Energy & Communications,50,1,X,MI,88274916bdfffff
260910605001043,1000,1000,1,23076508,300091,Midwest Energy & Communications,50,1,X,MI,88274916bdfffff
260910605001044,1000,1000,6,23076508,300091,Midwest Energy & Communications,50,1,X,MI,8827491687fffff
260910605001046,1000,1000,1,23076508,300091,Midwest Energy & Communications,50,1,X,MI,88274916bdfffff
260910605001047,1000,1000,8,23076508,300091,Midwest Energy & Communications,50,1,X,MI,88274916bdfffff
260910605001048,1000,1000,5,23076508,300091,Midwest Energy & Communications,50,1,X,MI,88274916b3fffff
260910605001049,1000,1000,2,23076508,300091,Midwest Energy & Communications,50,1,X,MI,88274916b3fffff
260910605001050,1000,1000,13,23076508,300091,Midwest Energy & Communications,50,1,X,MI,88274914ddfffff
260910605001051,1000,1000,1,23076508,300091,Midwest Energy & Communications,50,1,X,MI,88274914cbfffff
260910605001052,1000,1000,12,23076508,300091,Midwest Energy & Communications,50,1,X,MI,88274914ddfffff
260910605001053,1000,1000,6,23076508,300091,Midwest Energy & Communications,50,1,X,MI,88274914c1fffff
260910605001054,1000,1000,19,23076508,300091,Midwest Energy & Communications,50,1,X,MI,88274914ddfffff
260910605001055,1000,1000,27,23076508,300091,Midwest Energy & Communications,50,1,X,MI,882749143bfffff
260910605002000,1000,1000,9,23076508,300091,Midwest Energy & Communications,50,1,X,MI,88274914dbfffff
260910605002001,1000,1000,11,23076508,300091,Midwest Energy & Communications,50,1,X,MI,882749148bfffff
260910605002002,1000,1000,16,23076508,300091,Midwest Energy & Communications,50,1,X,MI,882749149dfffff
260910605002003,1000,1000,10,23076508,300091,Midwest Energy & Communications,50,1,X,MI,882749148dfffff
260910605002004,1000,1000,4,23076508,300091,Midwest Energy & Communications,50,1,X,MI,88274914c7fffff
260910605002005,1000,1000,1,23076508,300091,Midwest Energy & Communications,50,1,X,MI,88274914c7fffff
260910605002006,1000,1000,7,23076508,300091,Midwest Energy & Communications,50,1,X,MI,88274914ebfffff
260910605002007,1000,1000,12,23076508,300091,Midwest Energy & Communications,50,1,X,MI,88274915d9fffff
260910605002009,1000,1000,4,23076508,300091,Midwest Energy & Communications,50,1,X,MI,88274915d1fffff
260910605002010,1000,1000,11,23076508,300091,Midwest Energy & Communications,50,1,X,MI,88274915d5fffff
260910605002011,1000,1000,13,23076508,300091,Midwest Energy & Communications,50,1,X,MI,8827491599fffff
260910605002012,1000,1000,7,23076508,300091,Midwest Energy & Communications,50,1,X,MI,88274915d3fffff
260910605002013,1000,1000,7,23076508,300091,Midwest Energy & Communications,50,1,X,MI,88274914adfffff
260910605002014,1000,1000,13,23076508,300091,Midwest Energy & Communications,50,1,X,MI,8827491485fffff
260910605002015,1000,1000,7,23076508,300091,Midwest Energy & Communications,50,1,X,MI,8827491485fffff
260910605002016,1000,1000,2,23076508,300091,Midwest Energy & Communications,50,1,X,MI,88274914adfffff
260910605002017,1000,1000,7,23076508,300091,Midwest Energy & Communications,50,1,X,MI,8827491599fffff
260910605002018,1000,1000,9,23076508,300091,Midwest Energy & Communications,50,1,X,MI,8827491599fffff
260910605002019,1000,1000,16,23076508,300091,Midwest Energy & Communications,50,1,X,MI,8827491593fffff
260910605002020,1000,1000,6,23076508,300091,Midwest Energy & Communications,50,1,X,MI,8827490641fffff
260910605002021,1000,1000,1,23076508,300091,Midwest Energy & Communications,50,1,X,MI,88274914bdfffff
260910605002022,1000,1000,4,23076508,300091,Midwest Energy & Communications,50,1,X,MI,8827491495fffff
260910605002023,1000,1000,9,23076508,300091,Midwest Energy & Communications,50,1,X,MI,88274914b9fffff
260910605002024,1000,1000,4,23076508,300091,Midwest Energy & Communications,50,1,X,MI,8827491495fffff
260910605002025,1000,1000,10,23076508,300091,Midwest Energy & Communications,50,1,X,MI,8827491495fffff
260910605002026,1000,1000,11,23076508,300091,Midwest Energy & Communications,50,1,X,MI,8827491499fffff
260910605002027,1000,1000,5,23076508,300091,Midwest Energy & Communications,50,1,X,MI,882749149bfffff
260910605002030,1000,1000,2,23076508,300091,Midwest Energy & Communications,50,1,X,MI,882749ab2dfffff
260910605002031,1000,1000,1,23076508,300091,Midwest Energy & Communications,50,1,X,MI,882749ab2dfffff
260910605002032,1000,1000,1,23076508,300091,Midwest Energy & Communications,50,1,X,MI,882749149bfffff
260910605002033,1000,1000,3,23076508,300091,Midwest Energy & Communications,50,1,X,MI,8827491497fffff
260910605002034,1000,1000,3,23076508,300091,Midwest Energy & Communications,50,1,X,MI,8827491497fffff
260910605002036,1000,1000,5,23076508,300091,Midwest Energy & Communications,50,1,X,MI,88274914b1fffff
260910605002037,1000,1000,16,23076508,300091,Midwest Energy & Communications,50,1,X,MI,88274914b7fffff
260910605002038,1000,1000,2,23076508,300091,Midwest Energy & Communications,50,1,X,MI,88274914b7fffff
260910605002039,1000,1000,6,23076508,300091,Midwest Energy & Communications,50,1,X,MI,882749065bfffff
260910605002040,1000,1000,9,23076508,300091,Midwest Energy & Communications,50,1,X,MI,88274914b3fffff
260910605002041,1000,1000,2,23076508,300091,Midwest Energy & Communications,50,1,X,MI,8827491497fffff
260910605002042,1000,1000,3,23076508,300091,Midwest Energy & Communications,50,1,X,MI,882749a947fffff
260910605002045,1000,1000,4,23076508,300091,Midwest Energy & Communications,50,1,X,MI,882749a949fffff
260910605002046,1000,1000,1,23076508,300091,Midwest Energy & Communications,50,1,X,MI,882749a96bfffff
260910605002049,1000,1000,1,23076508,300091,Midwest Energy & Communications,50,1,X,MI,882749065bfffff
260910605002051,1000,1000,1,23076508,300091,Midwest Energy & Communications,50,1,X,MI,882749a96bfffff
260910605002052,1000,1000,3,23076508,300091,Midwest Energy & Communications,50,1,X,MI,882749a947fffff
260910605002053,1000,1000,5,23076508,300091,Midwest Energy & Communications,50,1,X,MI,882749a947fffff
260910605002054,1000,1000,1,23076508,300091,Midwest Energy & Communications,50,1,X,MI,882749a947fffff
260910605002056,1000,1000,1,23076508,300091,Midwest Energy & Communications,50,1,X,MI,8827490651fffff
260910605002057,1000,1000,14,23076508,300091,Midwest Energy & Communications,50,1,X,MI,8827490641fffff
260910605002060,1000,1000,2,23076508,300091,Midwest Energy & Communications,50,1,X,MI,882749a909fffff
260910605002062,1000,1000,3,23076508,300091,Midwest Energy & Communications,50,1,X,MI,882749a943fffff
260910605002063,1000,1000,4,23076508,300091,Midwest Energy & Communications,50,1,X,MI,882749a943fffff
260910605002064,1000,1000,4,23076508,300091,Midwest Energy & Communications,50,1,X,MI,882749a943fffff
260910605002065,1000,1000,1,23076508,300091,Midwest Energy & Communications,50,1,X,MI,882749a955fffff
260910605002067,1000,1000,4,23076508,300091,Midwest Energy & Communications,50,1,X,MI,882749a92dfffff
260910605002069,1000,1000,17,23076508,300091,Midwest Energy & Communications,50,1,X,MI,882749066bfffff
260910605002070,1000,1000,4,23076508,300091,Midwest Energy & Communications,50,1,X,MI,882749065dfffff
260910605002071,1000,1000,4,23076508,300091,Midwest Energy & Communications,50,1,X,MI,882749a901fffff
260910605003000,1000,1000,17,23076508,300091,Midwest Energy & Communications,50,1,X,MI,882749a919fffff
260910605003001,1000,1000,12,23076508,300091,Midwest Energy & Communications,50,1,X,MI,882749a91dfffff
260910605003002,1000,1000,17,23076508,300091,Midwest Energy & Communications,50,1,X,MI,882749a903fffff
260910605003003,1000,1000,5,23076508,300091,Midwest Energy & Communications,50,1,X,MI,882749a907fffff
260910605003004,1000,1000,7,23076508,300091,Midwest Energy & Communications,50,1,X,MI,882749a927fffff
260910605003005,1000,1000,2,23076508,300091,Midwest Energy & Communications,50,1,X,MI,882749a921fffff
260910605003006,1000,1000,2,23076508,300091,Midwest Energy & Communications,50,1,X,MI,882749a925fffff
260910605003007,1000,1000,9,23076508,300091,Midwest Energy & Communications,50,1,X,MI,882749a92dfffff
260910605003008,1000,1000,3,23076508,300091,Midwest Energy & Communications,50,1,X,MI,882749065bfffff
260910605003009,1000,1000,6,23076508,300091,Midwest Energy & Communications,50,1,X,MI,882749060bfffff
260910605003010,1000,1000,1,23076508,300091,Midwest Energy & Communications,50,1,X,MI,8827490601fffff
260910605003018,1000,1000,11,23076508,300091,Midwest Energy & Communications,50,1,X,MI,882749a927fffff
260910605003026,1000,1000,21,23076508,300091,Midwest Energy & Communications,50,1,X,MI,88274906c3fffff
260910605003027,1000,1000,6,23076508,300091,Midwest Energy & Communications,50,1,X,MI,882749a93dfffff
260910605003028,1000,1000,16,23076508,300091,Midwest Energy & Communications,50,1,X,MI,882749a931fffff
260910605003029,1000,1000,2,23076508,300091,Midwest Energy & Communications,50,1,X,MI,882749a911fffff
260910605003032,1000,1000,1,23076508,300091,Midwest Energy & Communications,50,1,X,MI,882749a917fffff
260910605003033,1000,1000,3,23076508,300091,Midwest Energy & Communications,50,1,X,MI,882749a917fffff
260910605003034,1000,1000,3,23076508,300091,Midwest Energy & Communications,50,1,X,MI,88274906d9fffff
260910605003037,1000,1000,2,23076508,300091,Midwest Energy & Communications,50,1,X,MI,88274906cbfffff
260910605003038,1000,1000,8,23076508,300091,Midwest Energy & Communications,50,1,X,MI,88274906c9fffff
260910605003039,1000,1000,1,23076508,300091,Midwest Energy & Communications,50,1,X,MI,88274906ebfffff
260910605003042,1000,1000,7,23076508,300091,Midwest Energy & Communications,50,1,X,MI,882749068bfffff
260910605003043,1000,1000,2,23076508,300091,Midwest Energy & Communications,50,1,X,MI,88274906ebfffff
260910605003044,1000,1000,10,23076508,300091,Midwest Energy & Communications,50,1,X,MI,88274906c7fffff
260910605003045,1000,1000,4,23076508,300091,Midwest Energy & Communications,50,1,X,MI,88274906ebfffff
260910605003047,1000,1000,2,23076508,300091,Midwest Energy & Communications,50,1,X,MI,8827490687fffff
260910605003048,1000,1000,6,23076508,300091,Midwest Energy & Communications,50,1,X,MI,88274906a1fffff
260910605003049,1000,1000,5,23076508,300091,Midwest Energy & Communications,50,1,X,MI,88274906a5fffff
260910606001000,1000,1000,1,23076508,300091,Midwest Energy & Communications,50,1,X,MI,882749b807fffff
260910606001001,1000,1000,5,23076508,300091,Midwest Energy & Communications,50,1,X,MI,882749b9c9fffff
260910606001002,1000,1000,3,23076508,300091,Midwest Energy & Communications,50,1,X,MI,882749b827fffff
260910606001003,1000,1000,8,23076508,300091,Midwest Energy & Communications,50,1,X,MI,882749b9cdfffff
260910606001004,1000,1000,7,23076508,300091,Midwest Energy & Communications,50,1,X,MI,882749b91bfffff
260910606001005,1000,1000,6,23076508,300091,Midwest Energy & Communications,50,1,X,MI,882749b91dfffff
260910606001006,1000,1000,8,23076508,300091,Midwest Energy & Communications,50,1,X,MI,882749b903fffff
260910606001008,1000,1000,15,23076508,300091,Midwest Energy & Communications,50,1,X,MI,88274916cbfffff
260910606001009,1000,1000,21,23076508,300091,Midwest Energy & Communications,50,1,X,MI,88274916cbfffff
260910606001010,1000,1000,20,23076508,300091,Midwest Energy & Communications,50,1,X,MI,88274916c5fffff
260910606001011,1000,1000,3,23076508,300091,Midwest Energy & Communications,50,1,X,MI,88274916ebfffff
260910606001012,1000,1000,7,23076508,300091,Midwest Energy & Communications,50,1,X,MI,882749b913fffff
260910606001013,1000,1000,6,23076508,300091,Midwest Energy & Communications,50,1,X,MI,882749b911fffff
260910606001014,1000,1000,3,23076508,300091,Midwest Energy & Communications,50,1,X,MI,882749b9edfffff
260910606001017,1000,1000,4,23076508,300091,Midwest Energy & Communications,50,1,X,MI,882749b9e1fffff
260910606001018,1000,1000,13,23076508,300091,Midwest Energy & Communications,50,1,X,MI,882749b9e3fffff
260910606001019,1000,1000,17,23076508,300091,Midwest Energy & Communications,50,1,X,MI,882749b9c7fffff
260910606001021,1000,1000,4,23076508,300091,Midwest Energy & Communications,50,1,X,MI,882749b989fffff
260910606001022,1000,1000,10,23076508,300091,Midwest Energy & Communications,50,1,X,MI,882749b9d7fffff
260910606001025,1000,1000,7,23076508,300091,Midwest Energy & Communications,50,1,X,MI,882749b9c3fffff
260910606001026,1000,1000,10,23076508,300091,Midwest Energy & Communications,50,1,X,MI,882749b989fffff
260910606001027,1000,1000,9,23076508,300091,Midwest Energy & Communications,50,1,X,MI,882749b9c7fffff
260910606001028,1000,1000,12,23076508,300091,Midwest Energy & Communications,50,1,X,MI,882749b9e3fffff
260910606001029,1000,1000,19,23076508,300091,Midwest Energy & Communications,50,1,X,MI,882749b9e3fffff
260910606001030,1000,1000,7,23076508,300091,Midwest Energy & Communications,50,1,X,MI,882749b9a9fffff
260910606001031,1000,1000,7,23076508,300091,Midwest Energy & Communications,50,1,X,MI,88274916d3fffff
260910606001032,1000,1000,3,23076508,300091,Midwest Energy & Communications,50,1,X,MI,88274916d3fffff
260910606001033,1000,1000,3,23076508,300091,Midwest Energy & Communications,50,1,X,MI,882749b933fffff
260910606001034,1000,1000,4,23076508,300091,Midwest Energy & Communications,50,1,X,MI,8827491699fffff
260910606001035,1000,1000,1,23076508,300091,Midwest Energy & Communications,50,1,X,MI,88274916d3fffff
260910606001036,1000,1000,23,23076508,300091,Midwest Energy & Communications,50,1,X,MI,8827491699fffff
260910606001037,1000,1000,2,23076508,300091,Midwest Energy & Communications,50,1,X,MI,88274916d7fffff
260910606001038,1000,1000,5,23076508,300091,Midwest Energy & Communications,50,1,X,MI,88274916c7fffff
260910606001039,1000,1000,8,23076508,300091,Midwest Energy & Communications,50,1,X,MI,8827491689fffff
260910606001040,1000,1000,4,23076508,300091,Midwest Energy & Communications,50,1,X,MI,8827491687fffff
260910606001042,1000,1000,5,23076508,300091,Midwest Energy & Communications,50,1,X,MI,8827491691fffff
260910606001043,1000,1000,2,23076508,300091,Midwest Energy & Communications,50,1,X,MI,8827491699fffff
260910606001044,1000,1000,2,23076508,300091,Midwest Energy & Communications,50,1,X,MI,8827491699fffff
260910606001045,1000,1000,5,23076508,300091,Midwest Energy & Communications,50,1,X,MI,8827491695fffff
260910606001046,1000,1000,1,23076508,300091,Midwest Energy & Communications,50,1,X,MI,882749168bfffff
260910606001047,1000,1000,1,23076508,300091,Midwest Energy & Communications,50,1,X,MI,8827491687fffff
260910606001048,1000,1000,7,23076508,300091,Midwest Energy & Communications,50,1,X,MI,8827491687fffff
260910606001049,1000,1000,1,23076508,300091,Midwest Energy & Communications,50,1,X,MI,88274916b9fffff
260910606001051,1000,1000,5,23076508,300091,Midwest Energy & Communications,50,1,X,MI,88274916b9fffff
260910606001052,1000,1000,4,23076508,300091,Midwest Energy & Communications,50,1,X,MI,8827491695fffff
260910606001053,1000,1000,2,23076508,300091,Midwest Energy & Communications,50,1,X,MI,8827491695fffff
260910606001054,1000,1000,8,23076508,300091,Midwest Energy & Communications,50,1,X,MI,8827491691fffff
260910606001055,1000,1000,1,23076508,300091,Midwest Energy & Communications,50,1,X,MI,8827491695fffff
260910606001056,1000,1000,4,23076508,300091,Midwest Energy & Communications,50,1,X,MI,882749169dfffff
260910606001057,1000,1000,1,23076508,300091,Midwest Energy & Communications,50,1,X,MI,88274916dbfffff
260910606001058,1000,1000,9,23076508,300091,Midwest Energy & Communications,50,1,X,MI,882749ab69fffff
260910606001059,1000,1000,1,23076508,300091,Midwest Energy & Communications,50,1,X,MI,8827491691fffff
260910606001060,1000,1000,2,23076508,300091,Midwest Energy & Communications,50,1,X,MI,8827491691fffff
260910606001061,1000,1000,3,23076508,300091,Midwest Energy & Communications,50,1,X,MI,8827491693fffff
260910606001062,1000,1000,5,23076508,300091,Midwest Energy & Communications,50,1,X,MI,882749b9a1fffff
260910606001065,1000,1000,5,23076508,300091,Midwest Energy & Communications,50,1,X,MI,8827491693fffff
260910606001067,1000,1000,2,23076508,300091,Midwest Energy & Communications,50,1,X,MI,88274916b3fffff
260910606001068,1000,1000,7,23076508,300091,Midwest Energy & Communications,50,1,X,MI,882749ab65fffff
260910606001069,1000,1000,1,23076508,300091,Midwest Energy & Communications,50,1,X,MI,882749ab6dfffff
260910606001070,1000,1000,16,23076508,300091,Midwest Energy & Communications,50,1,X,MI,882749ab6dfffff
260910606001071,1000,1000,5,23076508,300091,Midwest Energy & Communications,50,1,X,MI,882749ab67fffff
260910606001072,1000,1000,20,23076508,300091,Midwest Energy & Communications,50,1,X,MI,882749ab6bfffff
260910606001078,1000,1000,6,23076508,300091,Midwest Energy & Communications,50,1,X,MI,882749b983fffff
260910606001079,1000,1000,2,23076508,300091,Midwest Energy & Communications,50,1,X,MI,882749b98bfffff
260910606001080,1000,1000,16,23076508,300091,Midwest Energy & Communications,50,1,X,MI,882749ab29fffff
260910606001081,1000,1000,9,23076508,300091,Midwest Energy & Communications,50,1,X,MI,882749ab2dfffff
260910606001082,1000,1000,9,23076508,300091,Midwest Energy & Communications,50,1,X,MI,88274914dbfffff
260910606001087,1000,1000,3,23076508,300091,Midwest Energy & Communications,50,1,X,MI,882749ab05fffff
260910606001088,1000,1000,6,23076508,300091,Midwest Energy & Communications,50,1,X,MI,882749ab63fffff
260910606002000,1000,1000,5,23076508,300091,Midwest Energy & Communications,50,1,X,MI,882749b99dfffff
260910606002002,1000,1000,7,23076508,300091,Midwest Energy & Communications,50,1,X,MI,882749b99dfffff
260910606002004,1000,1000,1,23076508,300091,Midwest Energy & Communications,50,1,X,MI,882749b99dfffff
260910606002005,1000,1000,9,23076508,300091,Midwest Energy & Communications,50,1,X,MI,882749b983fffff
260910606002006,1000,1000,7,23076508,300091,Midwest Energy & Communications,50,1,X,MI,882749b9abfffff
260910606003000,1000,1000,3,23076508,300091,Midwest Energy & Communications,50,1,X,MI,882749b991fffff
260910606003007,1000,1000,1,23076508,300091,Midwest Energy & Communications,50,1,X,MI,882749b995fffff
260910607011000,1000,1000,86,23076508,300091,Midwest Energy & Communications,50,1,X,MI,882749b8ebfffff
260910607011004,1000,1000,99,23076508,300091,Midwest Energy & Communications,50,1,X,MI,882749b8e9fffff
260910607011005,1000,1000,12,23076508,300091,Midwest Energy & Communications,50,1,X,MI,882749b8e9fffff
260910607011007,1000,1000,23,23076508,300091,Midwest Energy & Communications,50,1,X,MI,882749b8e9fffff
260910607011008,1000,1000,20,23076508,300091,Midwest Energy & Communications,50,1,X,MI,882749b8c5fffff
260910607011009,1000,1000,10,23076508,300091,Midwest Energy & Communications,50,1,X,MI,882749b8e3fffff
260910607011010,1000,1000,19,23076508,300091,Midwest Energy & Communications,50,1,X,MI,882749b813fffff
260910607011012,1000,1000,20,23076508,300091,Midwest Energy & Communications,50,1,X,MI,882749b813fffff
260910607011013,1000,1000,6,23076508,300091,Midwest Energy & Communications,50,1,X,MI,882749b8e1fffff
260910607011014,1000,1000,54,23076508,300091,Midwest Energy & Communications,50,1,X,MI,882749b8e9fffff
260910607011015,1000,1000,34,23076508,300091,Midwest Energy & Communications,50,1,X,MI,882749b8edfffff
260910607011020,1000,1000,9,23076508,300091,Midwest Energy & Communications,50,1,X,MI,882749b8c7fffff
260910607012001,1000,1000,30,23076508,300091,Midwest Energy & Communications,50,1,X,MI,882749b88dfffff
260910607012002,1000,1000,4,23076508,300091,Midwest Energy & Communications,50,1,X,MI,882749b88dfffff
260910607012003,1000,1000,88,23076508,300091,Midwest Energy & Communications,50,1,X,MI,882749b88dfffff
260910607012004,1000,1000,15,23076508,300091,Midwest Energy & Communications,50,1,X,MI,882749b88dfffff
260910607012005,1000,1000,6,23076508,300091,Midwest Energy & Communications,50,1,X,MI,882749b8e3fffff
260910607012006,1000,1000,23,23076508,300091,Midwest Energy & Communications,50,1,X,MI,882749b8e3fffff
260910607012007,1000,1000,1,23076508,300091,Midwest Energy & Communications,50,1,X,MI,882749b8a9fffff
260910607012008,1000,1000,7,23076508,300091,Midwest Energy & Communications,50,1,X,MI,882749b8a9fffff
260910607012010,1000,1000,13,23076508,300091,Midwest Energy & Communications,50,1,X,MI,882749b8abfffff
260910607012012,1000,1000,13,23076508,300091,Midwest Energy & Communications,50,1,X,MI,882749b8abfffff
260910607012013,1000,1000,49,23076508,300091,Midwest Energy & Communications,50,1,X,MI,882749b885fffff
260910607012014,1000,1000,11,23076508,300091,Midwest Energy & Communications,50,1,X,MI,882749b88dfffff
260910607012024,1000,1000,5,23076508,300091,Midwest Energy & Communications,50,1,X,MI,882749b88bfffff
260910607012030,1000,1000,8,23076508,300091,Midwest Energy & Communications,50,1,X,MI,882749b8bbfffff
260910607012031,1000,1000,13,23076508,300091,Midwest Energy & Communications,50,1,X,MI,882749b887fffff
260910607012038,1000,1000,28,23076508,300091,Midwest Energy & Communications,50,1,X,MI,882749b8b9fffff
260910607012039,1000,1000,13,23076508,300091,Midwest Energy & Communications,50,1,X,MI,882749b883fffff
260910607012040,1000,1000,10,23076508,300091,Midwest Energy & Communications,50,1,X,MI,882749b883fffff
260910607012041,1000,1000,8,23076508,300091,Midwest Energy & Communications,50,1,X,MI,882749b883fffff
260910607012042,1000,1000,3,23076508,300091,Midwest Energy & Communications,50,1,X,MI,882749b897fffff
260910607012043,1000,1000,5,23076508,300091,Midwest Energy & Communications,50,1,X,MI,882749b8bbfffff
260910607012044,1000,1000,12,23076508,300091,Midwest Energy & Communications,50,1,X,MI,882749b897fffff
260910607012045,1000,1000,1,23076508,300091,Midwest Energy & Communications,50,1,X,MI,882749b8b3fffff
260910607012047,1000,1000,9,23076508,300091,Midwest Energy & Communications,50,1,X,MI,882749b8b7fffff
260910607012048,1000,1000,3,23076508,300091,Midwest Energy & Communications,50,1,X,MI,882749aa5dfffff
260910607021012,1000,1000,12,23076508,300091,Midwest Energy & Communications,50,1,X,MI,882749bae3fffff
260910607021014,1000,1000,11,23076508,300091,Midwest Energy & Communications,50,1,X,MI,882749ba85fffff
260910607021016,1000,1000,5,23076508,300091,Midwest Energy & Communications,50,1,X,MI,882749b8c9fffff
260910607021025,1000,1000,14,23076508,300091,Midwest Energy & Communications,50,1,X,MI,882749bab7fffff
260910607021026,1000,1000,13,23076508,300091,Midwest Energy & Communications,50,1,X,MI,882749babdfffff
260910607021027,1000,1000,24,23076508,300091,Midwest Energy & Communications,50,1,X,MI,882749ba87fffff
260910607021032,1000,1000,53,23076508,300091,Midwest Energy & Communications,50,1,X,MI,882749bab1fffff
260910607021033,1000,1000,12,23076508,300091,Midwest Energy & Communications,50,1,X,MI,882749bab3fffff
260910607021034,1000,1000,15,23076508,300091,Midwest Energy & Communications,50,1,X,MI,882749bab3fffff
260910607021035,1000,1000,35,23076508,300091,Midwest Energy & Communications,50,1,X,MI,882749babbfffff
260910607021036,1000,1000,36,23076508,300091,Midwest Energy & Communications,50,1,X,MI,882749bab3fffff
260910607021037,1000,1000,8,23076508,300091,Midwest Energy & Communications,50,1,X,MI,882749a367fffff
260910607021038,1000,1000,24,23076508,300091,Midwest Energy & Communications,50,1,X,MI,882749b8d1fffff
260910607021039,1000,1000,26,23076508,300091,Midwest Energy & Communications,50,1,X,MI,882749b8d1fffff
260910607021041,1000,1000,26,23076508,300091,Midwest Energy & Communications,50,1,X,MI,882749b8c3fffff
260910607021042,1000,1000,13,23076508,300091,Midwest Energy & Communications,50,1,X,MI,882749b8c3fffff
260910607021044,1000,1000,4,23076508,300091,Midwest Energy & Communications,50,1,X,MI,882749b8d3fffff
260910607021045,1000,1000,11,23076508,300091,Midwest Energy & Communications,50,1,X,MI,882749a32dfffff
260910607021046,1000,1000,3,23076508,300091,Midwest Energy & Communications,50,1,X,MI,882749a367fffff
260910607021047,1000,1000,2,23076508,300091,Midwest Energy & Communications,50,1,X,MI,882749a32dfffff
260910607021048,1000,1000,1,23076508,300091,Midwest Energy & Communications,50,1,X,MI,882749a325fffff
260910607021049,1000,1000,28,23076508,300091,Midwest Energy & Communications,50,1,X,MI,882749b8d3fffff
260910607021050,1000,1000,10,23076508,300091,Midwest Energy & Communications,50,1,X,MI,882749b8d7fffff
260910607021052,1000,1000,2,23076508,300091,Midwest Energy & Communications,50,1,X,MI,882749b89bfffff
260910607021053,1000,1000,7,23076508,300091,Midwest Energy & Communications,50,1,X,MI,882749b891fffff
260910607022002,1000,1000,37,23076508,300091,Midwest Energy & Communications,50,1,X,MI,882749b851fffff
260910607022003,1000,1000,6,23076508,300091,Midwest Energy & Communications,50,1,X,MI,882749b853fffff
260910607022004,1000,1000,7,23076508,300091,Midwest Energy & Communications,50,1,X,MI,882749b853fffff
260910607022005,1000,1000,21,23076508,300091,Midwest Energy & Communications,50,1,X,MI,882749b853fffff
260910607022006,1000,1000,15,23076508,300091,Midwest Energy & Communications,50,1,X,MI,882749b853fffff
260910607022007,1000,1000,43,23076508,300091,Midwest Energy & Communications,50,1,X,MI,882749b857fffff
260910607022012,1000,1000,22,23076508,300091,Midwest Energy & Communications,50,1,X,MI,882749b81dfffff
260910607022013,1000,1000,51,23076508,300091,Midwest Energy & Communications,50,1,X,MI,882749b819fffff
260910607022014,1000,1000,34,23076508,300091,Midwest Energy & Communications,50,1,X,MI,882749b813fffff
260910607022016,1000,1000,17,23076508,300091,Midwest Energy & Communications,50,1,X,MI,882749b811fffff
260910607022018,1000,1000,7,23076508,300091,Midwest Energy & Communications,50,1,X,MI,882749b8e9fffff
260910607022019,1000,1000,36,23076508,300091,Midwest Energy & Communications,50,1,X,MI,882749b81bfffff
260910607022020,1000,1000,3,23076508,300091,Midwest Energy & Communications,50,1,X,MI,882749b8cdfffff
260910607022021,1000,1000,11,23076508,300091,Midwest Energy & Communications,50,1,X,MI,882749b8edfffff
260910607022023,1000,1000,2,23076508,300091,Midwest Energy & Communications,50,1,X,MI,882749b853fffff
260910608001001,1000,1000,1,23076508,300091,Midwest Energy & Communications,50,1,X,MI,882749ba37fffff
260910608001002,1000,1000,15,23076508,300091,Midwest Energy & Communications,50,1,X,MI,882749b85dfffff
260910608001005,1000,1000,10,23076508,300091,Midwest Energy & Communications,50,1,X,MI,882749ba37fffff
260910608001006,1000,1000,12,23076508,300091,Midwest Energy & Communications,50,1,X,MI,882749b85dfffff
260910608001007,1000,1000,12,23076508,300091,Midwest Energy & Communications,50,1,X,MI,882749b85dfffff
260910608001008,1000,1000,17,23076508,300091,Midwest Energy & Communications,50,1,X,MI,882749b85dfffff
260910608001012,1000,1000,2,23076508,300091,Midwest Energy & Communications,50,1,X,MI,882749b859fffff
260910608001014,1000,1000,4,23076508,300091,Midwest Energy & Communications,50,1,X,MI,882749b85dfffff
260910608001015,1000,1000,39,23076508,300091,Midwest Energy & Communications,50,1,X,MI,882749b851fffff
260910608001016,1000,1000,6,23076508,300091,Midwest Energy & Communications,50,1,X,MI,882749b851fffff
260910612001000,1000,1000,6,23076508,300091,Midwest Energy & Communications,50,1,X,MI,882749a15bfffff
260910612001001,1000,1000,11,23076508,300091,Midwest Energy & Communications,50,1,X,MI,882749a10bfffff
260910612001003,1000,1000,4,23076508,300091,Midwest Energy & Communications,50,1,X,MI,882749a11dfffff
260910612001004,1000,1000,10,23076508,300091,Midwest Energy & Communications,50,1,X,MI,882749a117fffff
260910612001005,1000,1000,7,23076508,300091,Midwest Energy & Communications,50,1,X,MI,882749a119fffff
260910612001006,1000,1000,10,23076508,300091,Midwest Energy & Communications,50,1,X,MI,882749a023fffff
260910612001007,1000,1000,8,23076508,300091,Midwest Energy & Communications,50,1,X,MI,882749a1e9fffff
260910612001013,1000,1000,23,23076508,300091,Midwest Energy & Communications,50,1,X,MI,882749a1c3fffff
260910612001017,1000,1000,2,23076508,300091,Midwest Energy & Communications,50,1,X,MI,882749a1e1fffff
260910612001020,1000,1000,21,23076508,300091,Midwest Energy & Communications,50,1,X,MI,882749a1adfffff
260910612001021,1000,1000,26,23076508,300091,Midwest Energy & Communications,50,1,X,MI,882749aacbfffff
260910612001022,1000,1000,1,23076508,300091,Midwest Energy & Communications,50,1,X,MI,882749aacbfffff
260910612001023,1000,1000,27,23076508,300091,Midwest Energy & Communications,50,1,X,MI,882749aac7fffff
260910612001025,1000,1000,9,23076508,300091,Midwest Energy & Communications,50,1,X,MI,882749aad5fffff
260910612001026,1000,1000,1,23076508,300091,Midwest Energy & Communications,50,1,X,MI,882749aaddfffff
260910612001027,1000,1000,1,23076508,300091,Midwest Energy & Communications,50,1,X,MI,882749aadbfffff
260910612001028,1000,1000,3,23076508,300091,Midwest Energy & Communications,50,1,X,MI,882749a1adfffff
260910612001029,1000,1000,1,23076508,300091,Midwest Energy & Communications,50,1,X,MI,882749aad3fffff
260910612001030,1000,1000,1,23076508,300091,Midwest Energy & Communications,50,1,X,MI,882749aad1fffff
260910612001031,1000,1000,6,23076508,300091,Midwest Energy & Communications,50,1,X,MI,882749aad7fffff
260910612001032,1000,1000,14,23076508,300091,Midwest Energy & Communications,50,1,X,MI,882749aa81fffff
260910612001033,1000,1000,20,23076508,300091,Midwest Energy & Communications,50,1,X,MI,882749aa85fffff
260910612001034,1000,1000,1,23076508,300091,Midwest Energy & Communications,50,1,X,MI,882749aad3fffff
260910612001036,1000,1000,3,23076508,300091,Midwest Energy & Communications,50,1,X,MI,882749aa99fffff
260910612001037,1000,1000,5,23076508,300091,Midwest Energy & Communications,50,1,X,MI,882749a1abfffff
260910612001039,1000,1000,3,23076508,300091,Midwest Energy & Communications,50,1,X,MI,882749a1a9fffff
260910612001040,1000,1000,18,23076508,300091,Midwest Energy & Communications,50,1,X,MI,882749a18dfffff
260910612001041,1000,1000,8,23076508,300091,Midwest Energy & Communications,50,1,X,MI,882749a1ebfffff
260910612001042,1000,1000,3,23076508,300091,Midwest Energy & Communications,50,1,X,MI,882749a1c5fffff
260910612001043,1000,1000,1,23076508,300091,Midwest Energy & Communications,50,1,X,MI,882749a1c5fffff
260910612001044,1000,1000,6,23076508,300091,Midwest Energy & Communications,50,1,X,MI,882749a1ebfffff
260910612001045,1000,1000,3,23076508,300091,Midwest Energy & Communications,50,1,X,MI,882749a1c7fffff
260910612001046,1000,1000,2,23076508,300091,Midwest Energy & Communications,50,1,X,MI,882749a18bfffff
260910612001047,1000,1000,3,23076508,300091,Midwest Energy & Communications,50,1,X,MI,882749a1d5fffff
260910612001048,1000,1000,1,23076508,300091,Midwest Energy & Communications,50,1,X,MI,882749aa87fffff
260910612001049,1000,1000,6,23076508,300091,Midwest Energy & Communications,50,1,X,MI,882749aa83fffff
260910612001050,1000,1000,7,23076508,300091,Midwest Energy & Communications,50,1,X,MI,882749a18dfffff
260910612002000,1000,1000,11,23076508,300091,Midwest Energy & Communications,50,1,X,MI,882749a307fffff
260910612002001,1000,1000,8,23076508,300091,Midwest Energy & Communications,50,1,X,MI,882749a323fffff
260910612002003,1000,1000,1,23076508,300091,Midwest Energy & Communications,50,1,X,MI,882749a327fffff
260910612002004,1000,1000,1,23076508,300091,Midwest Energy & Communications,50,1,X,MI,882749b89bfffff
260910612002005,1000,1000,5,23076508,300091,Midwest Energy & Communications,50,1,X,MI,882749b891fffff
260910612002006,1000,1000,1,23076508,300091,Midwest Energy & Communications,50,1,X,MI,882749a169fffff
260910612002007,1000,1000,2,23076508,300091,Midwest Energy & Communications,50,1,X,MI,882749a161fffff
260910612002008,1000,1000,3,23076508,300091,Midwest Energy & Communications,50,1,X,MI,882749a141fffff
260910612002009,1000,1000,2,23076508,300091,Midwest Energy & Communications,50,1,X,MI,882749a14dfffff
260910612002010,1000,1000,3,23076508,300091,Midwest Energy & Communications,50,1,X,MI,882749a14dfffff
260910612002011,1000,1000,7,23076508,300091,Midwest Energy & Communications,50,1,X,MI,882749a331fffff
260910612002012,1000,1000,14,23076508,300091,Midwest Energy & Communications,50,1,X,MI,882749a333fffff
260910612002013,1000,1000,1,23076508,300091,Midwest Energy & Communications,50,1,X,MI,882749a33bfffff
260910612002014,1000,1000,14,23076508,300091,Midwest Energy & Communications,50,1,X,MI,882749a129fffff
260910612002015,1000,1000,6,23076508,300091,Midwest Energy & Communications,50,1,X,MI,882749a16dfffff
260910612002016,1000,1000,14,23076508,300091,Midwest Energy & Communications,50,1,X,MI,882749a167fffff
260910612002019,1000,1000,8,23076508,300091,Midwest Energy & Communications,50,1,X,MI,882749aa5dfffff
260910612002024,1000,1000,1,23076508,300091,Midwest Energy & Communications,50,1,X,MI,882749a105fffff
260910612002027,1000,1000,1,23076508,300091,Midwest Energy & Communications,50,1,X,MI,882749a12dfffff
260910612002029,1000,1000,1,23076508,300091,Midwest Energy & Communications,50,1,X,MI,882749aa53fffff
260910612002030,1000,1000,1,23076508,300091,Midwest Energy & Communications,50,1,X,MI,882749aa53fffff
260910612002032,1000,1000,5,23076508,300091,Midwest Energy & Communications,50,1,X,MI,882749a12dfffff
260910612002035,1000,1000,4,23076508,300091,Midwest Energy & Communications,50,1,X,MI,882749aa53fffff
260910612002036,1000,1000,2,23076508,300091,Midwest Energy & Communications,50,1,X,MI,882749aa53fffff
260910612002040,1000,1000,2,23076508,300091,Midwest Energy & Communications,50,1,X,MI,882749a125fffff
260910612002043,1000,1000,2,23076508,300091,Midwest Energy & Communications,50,1,X,MI,882749a12bfffff
260910612002044,1000,1000,10,23076508,300091,Midwest Energy & Communications,50,1,X,MI,882749a12bfffff
260910612002045,1000,1000,2,23076508,300091,Midwest Energy & Communications,50,1,X,MI,882749a107fffff
260910612002046,1000,1000,4,23076508,300091,Midwest Energy & Communications,50,1,X,MI,882749a105fffff
260910612002047,1000,1000,1,23076508,300091,Midwest Energy & Communications,50,1,X,MI,882749a105fffff
260910612002048,1000,1000,14,23076508,300091,Midwest Energy & Communications,50,1,X,MI,882749a147fffff
260910612002049,1000,1000,6,23076508,300091,Midwest Energy & Communications,50,1,X,MI,882749a143fffff
260910612002050,1000,1000,4,23076508,300091,Midwest Energy & Communications,50,1,X,MI,882749a15dfffff
260910612002051,1000,1000,8,23076508,300091,Midwest Energy & Communications,50,1,X,MI,882749a109fffff
260910612002052,1000,1000,1,23076508,300091,Midwest Energy & Communications,50,1,X,MI,882749a143fffff
260910612002053,1000,1000,16,23076508,300091,Midwest Energy & Communications,50,1,X,MI,882749a15dfffff
260910612002056,1000,1000,2,23076508,300091,Midwest Energy & Communications,50,1,X,MI,882749a101fffff
260910612002057,1000,1000,6,23076508,300091,Midwest Energy & Communications,50,1,X,MI,882749a101fffff
260910612002058,1000,1000,6,23076508,300091,Midwest Energy & Communications,50,1,X,MI,882749a107fffff
260910612002059,1000,1000,6,23076508,300091,Midwest Energy & Communications,50,1,X,MI,882749a107fffff
260910612002060,1000,1000,1,23076508,300091,Midwest Energy & Communications,50,1,X,MI,882749a107fffff
260910612002062,1000,1000,1,23076508,300091,Midwest Energy & Communications,50,1,X,MI,882749a107fffff
260910612002064,1000,1000,1,23076508,300091,Midwest Energy & Communications,50,1,X,MI,882749a115fffff
260910612002065,1000,1000,1,23076508,300091,Midwest Energy & Communications,50,1,X,MI,882749a103fffff
260910612002067,1000,1000,1,23076508,300091,Midwest Energy & Communications,50,1,X,MI,882749a12bfffff
260910612002068,1000,1000,3,23076508,300091,Midwest Energy & Communications,50,1,X,MI,882749a12bfffff
260910612002070,1000,1000,15,23076508,300091,Midwest Energy & Communications,50,1,X,MI,882749a135fffff
260910612002071,1000,1000,1,23076508,300091,Midwest Energy & Communications,50,1,X,MI,882749a135fffff
260910612002072,1000,1000,4,23076508,300091,Midwest Energy & Communications,50,1,X,MI,882749aacdfffff
260910612002073,1000,1000,20,23076508,300091,Midwest Energy & Communications,50,1,X,MI,882749aacdfffff
260910612002074,1000,1000,2,23076508,300091,Midwest Energy & Communications,50,1,X,MI,882749aacdfffff
260910612002075,1000,1000,2,23076508,300091,Midwest Energy & Communications,50,1,X,MI,882749aac1fffff
260910612002076,1000,1000,1,23076508,300091,Midwest Energy & Communications,50,1,X,MI,882749a143fffff
260910612002078,1000,1000,2,23076508,300091,Midwest Energy & Communications,50,1,X,MI,882749a123fffff
260910617011029,1000,1000,11,23076508,300091,Midwest Energy & Communications,50,1,X,MI,882749aae7fffff
260910617011030,1000,1000,12,23076508,300091,Midwest Energy & Communications,50,1,X,MI,882749aae3fffff
260910617011031,1000,1000,26,23076508,300091,Midwest Energy & Communications,50,1,X,MI,882749aae3fffff
260910617011032,1000,1000,16,23076508,300091,Midwest Energy & Communications,50,1,X,MI,882749aae7fffff
260910617011033,1000,1000,17,23076508,300091,Midwest Energy & Communications,50,1,X,MI,882749a853fffff
260910617011035,1000,1000,28,23076508,300091,Midwest Energy & Communications,50,1,X,MI,882749a857fffff
260910617011038,1000,1000,2,23076508,300091,Midwest Energy & Communications,50,1,X,MI,882749aa87fffff
260910617022003,1000,1000,2,23076508,300091,Midwest Energy & Communications,50,1,X,MI,882749a847fffff
260910617022008,1000,1000,13,23076508,300091,Midwest Energy & Communications,50,1,X,MI,882749a845fffff
260910617022009,1000,1000,1,23076508,300091,Midwest Energy & Communications,50,1,X,MI,882749a86bfffff
260910617022010,1000,1000,5,23076508,300091,Midwest Energy & Communications,50,1,X,MI,882749a80dfffff
260910617022011,1000,1000,17,23076508,300091,Midwest Energy & Communications,50,1,X,MI,882749a805fffff
260910617022012,1000,1000,1,23076508,300091,Midwest Energy & Communications,50,1,X,MI,882749a801fffff
260910617022013,1000,1000,12,23076508,300091,Midwest Energy & Communications,50,1,X,MI,882749a82bfffff
260910617022015,1000,1000,2,23076508,300091,Midwest Energy & Communications,50,1,X,MI,882749a80bfffff
260910617022018,1000,1000,3,23076508,300091,Midwest Energy & Communications,50,1,X,MI,882749a83dfffff
260910617022020,1000,1000,1,23076508,300091,Midwest Energy & Communications,50,1,X,MI,882749a801fffff
260910617022021,1000,1000,8,23076508,300091,Midwest Energy & Communications,50,1,X,MI,882749a857fffff
260910617022022,1000,1000,15,23076508,300091,Midwest Energy & Communications,50,1,X,MI,882749a80bfffff
260910617022023,1000,1000,1,23076508,300091,Midwest Energy & Communications,50,1,X,MI,882749a83dfffff
260910617022024,1000,1000,10,23076508,300091,Midwest Energy & Communications,50,1,X,MI,882749a827fffff
260910617022025,1000,1000,21,23076508,300091,Midwest Energy & Communications,50,1,X,MI,882749a91bfffff
260910617022026,1000,1000,10,23076508,300091,Midwest Energy & Communications,50,1,X,MI,882749a825fffff
260910617022027,1000,1000,6,23076508,300091,Midwest Energy & Communications,50,1,X,MI,882749a919fffff
260910617022028,1000,1000,1,23076508,300091,Midwest Energy & Communications,50,1,X,MI,882749a91bfffff
260910617022029,1000,1000,11,23076508,300091,Midwest Energy & Communications,50,1,X,MI,882749a827fffff
260910617022032,1000,1000,1,23076508,300091,Midwest Energy & Communications,50,1,X,MI,882749a911fffff
260910617022034,1000,1000,3,23076508,300091,Midwest Energy & Communications,50,1,X,MI,882749a9edfffff
260910617022038,1000,1000,10,23076508,300091,Midwest Energy & Communications,50,1,X,MI,882749a835fffff
260910617022039,1000,1000,8,23076508,300091,Midwest Energy & Communications,50,1,X,MI,882749a837fffff
260910617022042,1000,1000,6,23076508,300091,Midwest Energy & Communications,50,1,X,MI,882749a837fffff
260910617022043,1000,1000,3,23076508,300091,Midwest Energy & Communications,50,1,X,MI,882749a9cbfffff
260910617024008,1000,1000,4,23076508,300091,Midwest Energy & Communications,50,1,X,MI,882749ab05fffff
260910617024009,1000,1000,2,23076508,300091,Midwest Energy & Communications,50,1,X,MI,882749ab29fffff
260910617024010,1000,1000,2,23076508,300091,Midwest Energy & Communications,50,1,X,MI,882749ab05fffff
260910617024013,1000,1000,1,23076508,300091,Midwest Energy & Communications,50,1,X,MI,882749a94bfffff
260910617024014,1000,1000,3,23076508,300091,Midwest Energy & Communications,50,1,X,MI,882749a95dfffff
260910617024015,1000,1000,4,23076508,300091,Midwest Energy & Communications,50,1,X,MI,882749ab37fffff
260910617024022,1000,1000,2,23076508,300091,Midwest Energy & Communications,50,1,X,MI,882749ab37fffff
260910617024023,1000,1000,1,23076508,300091,Midwest Energy & Communications,50,1,X,MI,882749a95dfffff
260910617024024,1000,1000,1,23076508,300091,Midwest Energy & Communications,50,1,X,MI,882749a951fffff
260910618001000,1000,1000,7,23076508,300091,Midwest Energy & Communications,50,1,X,MI,882749076dfffff
260910618001004,1000,1000,5,23076508,300091,Midwest Energy & Communications,50,1,X,MI,8827490767fffff
260910618001007,1000,1000,1,23076508,300091,Midwest Energy & Communications,50,1,X,MI,882749054bfffff
260910618002000,1000,1000,16,23076508,300091,Midwest Energy & Communications,50,1,X,MI,8827491597fffff
260910618002001,1000,1000,6,23076508,300091,Midwest Energy & Communications,50,1,X,MI,8827490759fffff
260910618002002,1000,1000,11,23076508,300091,Midwest Energy & Communications,50,1,X,MI,8827490755fffff
260910618002003,1000,1000,9,23076508,300091,Midwest Energy & Communications,50,1,X,MI,8827490709fffff
260910618002005,1000,1000,8,23076508,300091,Midwest Energy & Communications,50,1,X,MI,8827490761fffff
260910618002009,1000,1000,9,23076508,300091,Midwest Energy & Communications,50,1,X,MI,8827490707fffff
260910618002010,1000,1000,17,23076508,300091,Midwest Energy & Communications,50,1,X,MI,8827490709fffff
260910618002011,1000,1000,7,23076508,300091,Midwest Energy & Communications,50,1,X,MI,8827490755fffff
260910618002012,1000,1000,16,23076508,300091,Midwest Energy & Communications,50,1,X,MI,8827490751fffff
260910618002014,1000,1000,1,23076508,300091,Midwest Energy & Communications,50,1,X,MI,882749071dfffff
260910618002015,1000,1000,22,23076508,300091,Midwest Energy & Communications,50,1,X,MI,882749071dfffff
260910618002016,1000,1000,17,23076508,300091,Midwest Energy & Communications,50,1,X,MI,8827490731fffff
260910618002017,1000,1000,6,23076508,300091,Midwest Energy & Communications,50,1,X,MI,882749054bfffff
260910618002018,1000,1000,7,23076508,300091,Midwest Energy & Communications,50,1,X,MI,882749054bfffff
260910618002025,1000,1000,2,23076508,300091,Midwest Energy & Communications,50,1,X,MI,8827490627fffff
260910618002026,1000,1000,2,23076508,300091,Midwest Energy & Communications,50,1,X,MI,882749071bfffff
260910618002027,1000,1000,1,23076508,300091,Midwest Energy & Communications,50,1,X,MI,8827490627fffff
260910618002028,1000,1000,9,23076508,300091,Midwest Energy & Communications,50,1,X,MI,8827490627fffff
260910618002029,1000,1000,2,23076508,300091,Midwest Energy & Communications,50,1,X,MI,882749044bfffff
260910618002030,1000,1000,1,23076508,300091,Midwest Energy & Communications,50,1,X,MI,8827490451fffff
260910618002032,1000,1000,12,23076508,300091,Midwest Energy & Communications,50,1,X,MI,882749046bfffff
260910618002033,1000,1000,9,23076508,300091,Midwest Energy & Communications,50,1,X,MI,8827490717fffff
260910618003000,1000,1000,24,23076508,300091,Midwest Energy & Communications,50,1,X,MI,8827490733fffff
260910618003001,1000,1000,20,23076508,300091,Midwest Energy & Communications,50,1,X,MI,8827490733fffff
260910618003002,1000,1000,30,23076508,300091,Midwest Energy & Communications,50,1,X,MI,8827490551fffff
260910618003003,1000,1000,3,23076508,300091,Midwest Energy & Communications,50,1,X,MI,882749054bfffff
260910618003004,1000,1000,1,23076508,300091,Midwest Energy & Communications,50,1,X,MI,882749054bfffff
260910618003010,1000,1000,6,23076508,300091,Midwest Energy & Communications,50,1,X,MI,8827490557fffff
260910618003011,1000,1000,1,23076508,300091,Midwest Energy & Communications,50,1,X,MI,882749054bfffff
260910618003014,1000,1000,5,23076508,300091,Midwest Energy & Communications,50,1,X,MI,8827490519fffff
260910618003017,1000,1000,7,23076508,300091,Midwest Energy & Communications,50,1,X,MI,8827490511fffff
260910618003018,1000,1000,8,23076508,300091,Midwest Energy & Communications,50,1,X,MI,8827490551fffff
260910618003019,1000,1000,2,23076508,300091,Midwest Energy & Communications,50,1,X,MI,882749055bfffff
260910618003021,1000,1000,2,23076508,300091,Midwest Energy & Communications,50,1,X,MI,8827490553fffff
260910618003023,1000,1000,5,23076508,300091,Midwest Energy & Communications,50,1,X,MI,8827490517fffff
260910618003025,1000,1000,9,23076508,300091,Midwest Energy & Communications,50,1,X,MI,8827490553fffff
260910618003026,1000,1000,21,23076508,300091,Midwest Energy & Communications,50,1,X,MI,8827490427fffff
260910618003027,1000,1000,11,23076508,300091,Midwest Energy & Communications,50,1,X,MI,8827490407fffff
260910618003029,1000,1000,14,23076508,300091,Midwest Energy & Communications,50,1,X,MI,8827490429fffff
260910618003030,1000,1000,2,23076508,300091,Midwest Energy & Communications,50,1,X,MI,8827490517fffff
260910619001003,1000,1000,3,23076508,300091,Midwest Energy & Communications,50,1,X,MI,882749043dfffff
260910619001006,1000,1000,6,23076508,300091,Midwest Energy & Communications,50,1,X,MI,8827490433fffff
260910619001007,1000,1000,10,23076508,300091,Midwest Energy & Communications,50,1,X,MI,882749043dfffff
260910619001008,1000,1000,11,23076508,300091,Midwest Energy & Communications,50,1,X,MI,88274905cdfffff
260910619001010,1000,1000,6,23076508,300091,Midwest Energy & Communications,50,1,X,MI,8827490517fffff
260910619001011,1000,1000,6,23076508,300091,Midwest Energy & Communications,50,1,X,MI,88274905e3fffff
260910619001012,1000,1000,3,23076508,300091,Midwest Energy & Communications,50,1,X,MI,88274905e1fffff
260910619001013,1000,1000,5,23076508,300091,Midwest Energy & Communications,50,1,X,MI,88274905a1fffff
260910619001014,1000,1000,3,23076508,300091,Midwest Energy & Communications,50,1,X,MI,88274905a1fffff
260910619001015,1000,1000,12,23076508,300091,Midwest Energy & Communications,50,1,X,MI,88274905a9fffff
260910619001018,1000,1000,3,23076508,300091,Midwest Energy & Communications,50,1,X,MI,8827490581fffff
260910619001019,1000,1000,6,23076508,300091,Midwest Energy & Communications,50,1,X,MI,8827490581fffff
260910619001025,1000,1000,2,23076508,300091,Midwest Energy & Communications,50,1,X,MI,8827493b4bfffff
260910619001027,1000,1000,1,23076508,300091,Midwest Energy & Communications,50,1,X,MI,88274905b9fffff
260910619001028,1000,1000,1,23076508,300091,Midwest Energy & Communications,50,1,X,MI,88274905b9fffff
260910619001029,1000,1000,1,23076508,300091,Midwest Energy & Communications,50,1,X,MI,88274905b9fffff
260910619001030,1000,1000,6,23076508,300091,Midwest Energy & Communications,50,1,X,MI,88274905b9fffff
260910619001031,1000,1000,1,23076508,300091,Midwest Energy & Communications,50,1,X,MI,8827490599fffff
260910619001033,1000,1000,13,23076508,300091,Midwest Energy & Communications,50,1,X,MI,88274904a1fffff
260910619001034,1000,1000,6,23076508,300091,Midwest Energy & Communications,50,1,X,MI,88274904e7fffff
260910619001035,1000,1000,7,23076508,300091,Midwest Energy & Communications,50,1,X,MI,88274904edfffff
260910619001036,1000,1000,3,23076508,300091,Midwest Energy & Communications,50,1,X,MI,8827490595fffff
260910619001037,1000,1000,9,23076508,300091,Midwest Energy & Communications,50,1,X,MI,88274905b1fffff
260910619001038,1000,1000,6,23076508,300091,Midwest Energy & Communications,50,1,X,MI,882749059bfffff
260910619001039,1000,1000,2,23076508,300091,Midwest Energy & Communications,50,1,X,MI,8827490599fffff
260910619001040,1000,1000,3,23076508,300091,Midwest Energy & Communications,50,1,X,MI,88274904a1fffff
260910619001041,1000,1000,5,23076508,300091,Midwest Energy & Communications,50,1,X,MI,88274904a3fffff
260910619001042,1000,1000,1,23076508,300091,Midwest Energy & Communications,50,1,X,MI,882749059bfffff
260910619001043,1000,1000,3,23076508,300091,Midwest Energy & Communications,50,1,X,MI,88274904a3fffff
260910619001044,1000,1000,1,23076508,300091,Midwest Energy & Communications,50,1,X,MI,88274904a3fffff
260910619001045,1000,1000,6,23076508,300091,Midwest Energy & Communications,50,1,X,MI,88274904a1fffff
260910619001046,1000,1000,3,23076508,300091,Midwest Energy & Communications,50,1,X,MI,8827490487fffff
260910619001047,1000,1000,2,23076508,300091,Midwest Energy & Communications,50,1,X,MI,882749058bfffff
260910619001048,1000,1000,2,23076508,300091,Midwest Energy & Communications,50,1,X,MI,8827490581fffff
260910619001049,1000,1000,2,23076508,300091,Midwest Energy & Communications,50,1,X,MI,8827493a4dfffff
260910619001050,1000,1000,5,23076508,300091,Midwest Energy & Communications,50,1,X,MI,8827493a47fffff
260910619001051,1000,1000,10,23076508,300091,Midwest Energy & Communications,50,1,X,MI,8827493a45fffff
260910619001052,1000,1000,5,23076508,300091,Midwest Energy & Communications,50,1,X,MI,88274905b3fffff
260910619001053,1000,1000,2,23076508,300091,Midwest Energy & Communications,50,1,X,MI,88274905b3fffff
260910619001054,1000,1000,1,23076508,300091,Midwest Energy & Communications,50,1,X,MI,88274905b1fffff
260910619001061,1000,1000,11,23076508,300091,Midwest Energy & Communications,50,1,X,MI,8827493a2bfffff
260910619001062,1000,1000,3,23076508,300091,Midwest Energy & Communications,50,1,X,MI,8827493a09fffff
260910619001063,1000,1000,9,23076508,300091,Midwest Energy & Communications,50,1,X,MI,8827493a49fffff
260910619001064,1000,1000,9,23076508,300091,Midwest Energy & Communications,50,1,X,MI,88274904b5fffff
260910619001065,1000,1000,5,23076508,300091,Midwest Energy & Communications,50,1,X,MI,8827493a5dfffff
260910619001066,1000,1000,1,23076508,300091,Midwest Energy & Communications,50,1,X,MI,8827493a35fffff
260910619001067,1000,1000,6,23076508,300091,Midwest Energy & Communications,50,1,X,MI,8827493a09fffff
260910619001068,1000,1000,13,23076508,300091,Midwest Energy & Communications,50,1,X,MI,8827493a57fffff
260910619001069,1000,1000,1,23076508,300091,Midwest Energy & Communications,50,1,X,MI,8827493a5dfffff
260910619001070,1000,1000,1,23076508,300091,Midwest Energy & Communications,50,1,X,MI,8827493a3dfffff
260910619001071,1000,1000,7,23076508,300091,Midwest Energy & Communications,50,1,X,MI,8827493a03fffff
260910619001072,1000,1000,5,23076508,300091,Midwest Energy & Communications,50,1,X,MI,8827493a19fffff
260910619001073,1000,1000,7,23076508,300091,Midwest Energy & Communications,50,1,X,MI,8827493165fffff
260910619001081,1000,1000,3,23076508,300091,Midwest Energy & Communications,50,1,X,MI,8827493a31fffff
260910619001082,1000,1000,1,23076508,300091,Midwest Energy & Communications,50,1,X,MI,8827493a31fffff
260910619001083,1000,1000,3,23076508,300091,Midwest Energy & Communications,50,1,X,MI,8827493a15fffff
260910619001084,1000,1000,7,23076508,300091,Midwest Energy & Communications,50,1,X,MI,8827493a15fffff
260910619001088,1000,1000,1,23076508,300091,Midwest Energy & Communications,50,1,X,MI,8827493a1bfffff
260910619001089,1000,1000,3,23076508,300091,Midwest Energy & Communications,50,1,X,MI,8827493125fffff
260910619001090,1000,1000,1,23076508,300091,Midwest Energy & Communications,50,1,X,MI,8827493125fffff
260910619001091,1000,1000,2,23076508,300091,Midwest Energy & Communications,50,1,X,MI,8827493a11fffff
260910619001094,1000,1000,1,23076508,300091,Midwest Energy & Communications,50,1,X,MI,8827493b5bfffff
260910619001098,1000,1000,1,23076508,300091,Midwest Energy & Communications,50,1,X,MI,8827493a63fffff
260910619002001,1000,1000,4,23076508,300091,Midwest Energy & Communications,50,1,X,MI,88274906d9fffff
260910619002009,1000,1000,5,23076508,300091,Midwest Energy & Communications,50,1,X,MI,882749a9b1fffff
260910619002010,1000,1000,1,23076508,300091,Midwest Energy & Communications,50,1,X,MI,882749a9bdfffff
260910619002011,1000,1000,1,23076508,300091,Midwest Energy & Communications,50,1,X,MI,882749a9abfffff
260910619002014,1000,1000,6,23076508,300091,Midwest Energy & Communications,50,1,X,MI,88274906d7fffff
260910619002015,1000,1000,5,23076508,300091,Midwest Energy & Communications,50,1,X,MI,8827490687fffff
260910619002016,1000,1000,2,23076508,300091,Midwest Energy & Communications,50,1,X,MI,882749068bfffff
260910619002019,1000,1000,1,23076508,300091,Midwest Energy & Communications,50,1,X,MI,882749069dfffff
260910619002020,1000,1000,9,23076508,300091,Midwest Energy & Communications,50,1,X,MI,8827490693fffff
260910619002021,1000,1000,2,23076508,300091,Midwest Energy & Communications,50,1,X,MI,8827490693fffff
260910619002023,1000,1000,1,23076508,300091,Midwest Energy & Communications,50,1,X,MI,882749a9a7fffff
260910619002024,1000,1000,9,23076508,300091,Midwest Energy & Communications,50,1,X,MI,88274906bbfffff
260910619002025,1000,1000,13,23076508,300091,Midwest Energy & Communications,50,1,X,MI,88274904cbfffff
260910619002026,1000,1000,14,23076508,300091,Midwest Energy & Communications,50,1,X,MI,88274906a7fffff
260910619002027,1000,1000,14,23076508,300091,Midwest Energy & Communications,50,1,X,MI,88274904cdfffff
260910619002032,1000,1000,2,23076508,300091,Midwest Energy & Communications,50,1,X,MI,88274904cdfffff
260910619002033,1000,1000,12,23076508,300091,Midwest Energy & Communications,50,1,X,MI,88274904cdfffff
260910619002034,1000,1000,3,23076508,300091,Midwest Energy & Communications,50,1,X,MI,88274904cdfffff
260910619002035,1000,1000,5,23076508,300091,Midwest Energy & Communications,50,1,X,MI,88274904cdfffff
260910619002036,1000,1000,1,23076508,300091,Midwest Energy & Communications,50,1,X,MI,88274904cdfffff
260910619002037,1000,1000,6,23076508,300091,Midwest Energy & Communications,50,1,X,MI,8827490413fffff
260910619002038,1000,1000,1,23076508,300091,Midwest Energy & Communications,50,1,X,MI,8827490413fffff
260910619002039,1000,1000,2,23076508,300091,Midwest Energy & Communications,50,1,X,MI,8827490413fffff
260910619002040,1000,1000,2,23076508,300091,Midwest Energy & Communications,50,1,X,MI,8827490411fffff
260910619002041,1000,1000,21,23076508,300091,Midwest Energy & Communications,50,1,X,MI,88274904ddfffff
260910619002042,1000,1000,13,23076508,300091,Midwest Energy & Communications,50,1,X,MI,882749336dfffff
260910619002043,1000,1000,21,23076508,300091,Midwest Energy & Communications,50,1,X,MI,8827493369fffff
260910619002044,1000,1000,16,23076508,300091,Midwest Energy & Communications,50,1,X,MI,8827493345fffff
260910619002045,1000,1000,1,23076508,300091,Midwest Energy & Communications,50,1,X,MI,882749069bfffff
260910619002047,1000,1000,1,23076508,300091,Midwest Energy & Communications,50,1,X,MI,882749a9a7fffff
260910619002049,1000,1000,1,23076508,300091,Midwest Energy & Communications,50,1,X,MI,882749334dfffff
260910619002050,1000,1000,1,23076508,300091,Midwest Energy & Communications,50,1,X,MI,882749a9a7fffff
260910619002051,1000,1000,3,23076508,300091,Midwest Energy & Communications,50,1,X,MI,8827493345fffff
260910619002052,1000,1000,4,23076508,300091,Midwest Energy & Communications,50,1,X,MI,8827493343fffff
260910619002053,1000,1000,1,23076508,300091,Midwest Energy & Communications,50,1,X,MI,8827493349fffff
260910619002054,1000,1000,1,23076508,300091,Midwest Energy & Communications,50,1,X,MI,8827493349fffff
260910619002055,1000,1000,1,23076508,300091,Midwest Energy & Communications,50,1,X,MI,882749a9b5fffff
260910619002057,1000,1000,2,23076508,300091,Midwest Energy & Communications,50,1,X,MI,882749a9b1fffff
260910619002059,1000,1000,1,23076508,300091,Midwest Energy & Communications,50,1,X,MI,8827493265fffff
260910619002061,1000,1000,2,23076508,300091,Midwest Energy & Communications,50,1,X,MI,88274904c7fffff
260910619002062,1000,1000,6,23076508,300091,Midwest Energy & Communications,50,1,X,MI,88274904c5fffff
260910619002063,1000,1000,8,23076508,300091,Midwest Energy & Communications,50,1,X,MI,8827490413fffff
260910619002064,1000,1000,7,23076508,300091,Midwest Energy & Communications,50,1,X,MI,8827493363fffff
260910619002065,1000,1000,2,23076508,300091,Midwest Energy & Communications,50,1,X,MI,882749336dfffff
260910619002066,1000,1000,5,23076508,300091,Midwest Energy & Communications,50,1,X,MI,88274904d9fffff
260910619002067,1000,1000,15,23076508,300091,Midwest Energy & Communications,50,1,X,MI,88274904d1fffff
260910619002069,1000,1000,4,23076508,300091,Midwest Energy & Communications,50,1,X,MI,8827490489fffff
260910619002070,1000,1000,1,23076508,300091,Midwest Energy & Communications,50,1,X,MI,882749048dfffff
260910619002071,1000,1000,5,23076508,300091,Midwest Energy & Communications,50,1,X,MI,882749048dfffff
260910619002072,1000,1000,1,23076508,300091,Midwest Energy & Communications,50,1,X,MI,88274904e3fffff
260910619002073,1000,1000,5,23076508,300091,Midwest Energy & Communications,50,1,X,MI,8827490499fffff
260910619002074,1000,1000,1,23076508,300091,Midwest Energy & Communications,50,1,X,MI,882749332dfffff
260910619002075,1000,1000,18,23076508,300091,Midwest Energy & Communications,50,1,X,MI,882749049bfffff
260910619002076,1000,1000,4,23076508,300091,Midwest Energy & Communications,50,1,X,MI,8827490499fffff
260910619002077,1000,1000,6,23076508,300091,Midwest Energy & Communications,50,1,X,MI,8827490491fffff
260910619002078,1000,1000,1,23076508,300091,Midwest Energy & Communications,50,1,X,MI,8827490495fffff
260910619002079,1000,1000,5,23076508,300091,Midwest Energy & Communications,50,1,X,MI,882749049dfffff
260910619002080,1000,1000,2,23076508,300091,Midwest Energy & Communications,50,1,X,MI,88274904d7fffff
260910619002081,1000,1000,3,23076508,300091,Midwest Energy & Communications,50,1,X,MI,882749048bfffff
260910619002082,1000,1000,7,23076508,300091,Midwest Energy & Communications,50,1,X,MI,8827490481fffff
260910619002083,1000,1000,5,23076508,300091,Midwest Energy & Communications,50,1,X,MI,8827490485fffff
260910619002084,1000,1000,6,23076508,300091,Midwest Energy & Communications,50,1,X,MI,8827490491fffff
260910619002086,1000,1000,3,23076508,300091,Midwest Energy & Communications,50,1,X,MI,8827490495fffff
260910619002087,1000,1000,2,23076508,300091,Midwest Energy & Communications,50,1,X,MI,8827490495fffff
260910619002088,1000,1000,1,23076508,300091,Midwest Energy & Communications,50,1,X,MI,8827490495fffff
260910619002089,1000,1000,8,23076508,300091,Midwest Energy & Communications,50,1,X,MI,8827490491fffff
260910619002090,1000,1000,7,23076508,300091,Midwest Energy & Communications,50,1,X,MI,8827493327fffff
260910619002091,1000,1000,9,23076508,300091,Midwest Energy & Communications,50,1,X,MI,8827493327fffff
260910619002092,1000,1000,8,23076508,300091,Midwest Energy & Communications,50,1,X,MI,8827493323fffff
260910619002093,1000,1000,1,23076508,300091,Midwest Energy & Communications,50,1,X,MI,88274904b9fffff
260910619002094,1000,1000,1,23076508,300091,Midwest Energy & Communications,50,1,X,MI,88274904b9fffff
260910619002095,1000,1000,1,23076508,300091,Midwest Energy & Communications,50,1,X,MI,88274904bbfffff
260910619002096,1000,1000,8,23076508,300091,Midwest Energy & Communications,50,1,X,MI,8827493165fffff
260910619002097,1000,1000,4,23076508,300091,Midwest Energy & Communications,50,1,X,MI,8827493363fffff
260910619002098,1000,1000,4,23076508,300091,Midwest Energy & Communications,50,1,X,MI,88274904d7fffff
260910619002099,1000,1000,8,23076508,300091,Midwest Energy & Communications,50,1,X,MI,88274906a3fffff
260910619002100,1000,1000,4,23076508,300091,Midwest Energy & Communications,50,1,X,MI,88274906b9fffff
260910619002101,1000,1000,4,23076508,300091,Midwest Energy & Communications,50,1,X,MI,88274904cdfffff
260910619003000,1000,1000,3,23076508,300091,Midwest Energy & Communications,50,1,X,MI,8827493169fffff
260910619003001,1000,1000,2,23076508,300091,Midwest Energy & Communications,50,1,X,MI,8827493169fffff
260910619003002,1000,1000,1,23076508,300091,Midwest Energy & Communications,50,1,X,MI,8827493161fffff
260910619003003,1000,1000,10,23076508,300091,Midwest Energy & Communications,50,1,X,MI,8827493165fffff
260910619003024,1000,1000,1,23076508,300091,Midwest Energy & Communications,50,1,X,MI,8827493121fffff
260910619003030,1000,1000,1,23076508,300091,Midwest Energy & Communications,50,1,X,MI,8827493121fffff
260910619003031,1000,1000,1,23076508,300091,Midwest Energy & Communications,50,1,X,MI,8827493121fffff
260910619004000,1000,1000,18,23076508,300091,Midwest Energy & Communications,50,1,X,MI,8827493331fffff
260910619004001,1000,1000,2,23076508,300091,Midwest Energy & Communications,50,1,X,MI,882749314bfffff
260910619004002,1000,1000,1,23076508,300091,Midwest Energy & Communications,50,1,X,MI,8827493141fffff
260910619004003,1000,1000,4,23076508,300091,Midwest Energy & Communications,50,1,X,MI,8827493145fffff
260910619004018,1000,1000,3,23076508,300091,Midwest Energy & Communications,50,1,X,MI,882749315dfffff
260910619005000,1000,1000,3,23076508,300091,Midwest Energy & Communications,50,1,X,MI,882749322dfffff
260910619005001,1000,1000,4,23076508,300091,Midwest Energy & Communications,50,1,X,MI,8827493353fffff
260910619005005,1000,1000,2,23076508,300091,Midwest Energy & Communications,50,1,X,MI,8827493309fffff
260910619005006,1000,1000,6,23076508,300091,Midwest Energy & Communications,50,1,X,MI,8827493307fffff
260910619005007,1000,1000,6,23076508,300091,Midwest Energy & Communications,50,1,X,MI,8827493303fffff
260910619005008,1000,1000,1,23076508,300091,Midwest Energy & Communications,50,1,X,MI,882749331dfffff
260910619005009,1000,1000,2,23076508,300091,Midwest Energy & Communications,50,1,X,MI,8827493303fffff
260910619005010,1000,1000,1,23076508,300091,Midwest Energy & Communications,50,1,X,MI,882749330bfffff
260910619005011,1000,1000,6,23076508,300091,Midwest Energy & Communications,50,1,X,MI,8827493357fffff
260910619005012,1000,1000,4,23076508,300091,Midwest Energy & Communications,50,1,X,MI,8827493331fffff
260910619005013,1000,1000,4,23076508,300091,Midwest Energy & Communications,50,1,X,MI,8827493303fffff
260910619005016,1000,1000,7,23076508,300091,Midwest Energy & Communications,50,1,X,MI,8827493313fffff
260910619005017,1000,1000,5,23076508,300091,Midwest Energy & Communications,50,1,X,MI,8827493311fffff
260910619005018,1000,1000,5,23076508,300091,Midwest Energy & Communications,50,1,X,MI,8827493319fffff
260910619005019,1000,1000,1,23076508,300091,Midwest Energy & Communications,50,1,X,MI,882749322dfffff
260910619005020,1000,1000,5,23076508,300091,Midwest Energy & Communications,50,1,X,MI,8827493337fffff
260910619005021,1000,1000,10,23076508,300091,Midwest Energy & Communications,50,1,X,MI,8827493333fffff
260910619005023,1000,1000,3,23076508,300091,Midwest Energy & Communications,50,1,X,MI,8827493065fffff
260910619005024,1000,1000,2,23076508,300091,Midwest Energy & Communications,50,1,X,MI,8827493065fffff
260910619005025,1000,1000,9,23076508,300091,Midwest Energy & Communications,50,1,X,MI,8827493061fffff
260910619005027,1000,1000,5,23076508,300091,Midwest Energy & Communications,50,1,X,MI,882749300dfffff
260910619005028,1000,1000,12,23076508,300091,Midwest Energy & Communications,50,1,X,MI,8827493069fffff
260910619005029,1000,1000,33,23076508,300091,Midwest Energy & Communications,50,1,X,MI,8827493157fffff
260910619005030,1000,1000,13,23076508,300091,Midwest Energy & Communications,50,1,X,MI,8827493155fffff
260910619005039,1000,1000,10,23076508,300091,Midwest Energy & Communications,50,1,X,MI,882749310bfffff
260910619005040,1000,1000,15,23076508,300091,Midwest Energy & Communications,50,1,X,MI,882749310bfffff
260910619005044,1000,1000,3,23076508,300091,Midwest Energy & Communications,50,1,X,MI,882749310bfffff
260910619005045,1000,1000,1,23076508,300091,Midwest Energy & Communications,50,1,X,MI,882749310bfffff
260910619005046,1000,1000,3,23076508,300091,Midwest Energy & Communications,50,1,X,MI,8827493153fffff
260910619005047,1000,1000,1,23076508,300091,Midwest Energy & Communications,50,1,X,MI,8827493067fffff
260910620001000,1000,1000,1,23076508,300091,Midwest Energy & Communications,50,1,X,MI,882749af37fffff
260910620001001,1000,1000,10,23076508,300091,Midwest Energy & Communications,50,1,X,MI,882749af37fffff
260910620001002,1000,1000,3,23076508,300091,Midwest Energy & Communications,50,1,X,MI,882749af35fffff
260910620001003,1000,1000,8,23076508,300091,Midwest Energy & Communications,50,1,X,MI,882749ad4dfffff
260910620001004,1000,1000,3,23076508,300091,Midwest Energy & Communications,50,1,X,MI,882749ad4dfffff
260910620001007,1000,1000,3,23076508,300091,Midwest Energy & Communications,50,1,X,MI,8827493251fffff
260910620001008,1000,1000,2,23076508,300091,Midwest Energy & Communications,50,1,X,MI,882749325dfffff
260910620001009,1000,1000,5,23076508,300091,Midwest Energy & Communications,50,1,X,MI,882749a8b5fffff
260910620001010,1000,1000,7,23076508,300091,Midwest Energy & Communications,50,1,X,MI,882749a8a7fffff
260910620001012,1000,1000,3,23076508,300091,Midwest Energy & Communications,50,1,X,MI,882749ad2dfffff
260910620001013,1000,1000,5,23076508,300091,Midwest Energy & Communications,50,1,X,MI,882749a99bfffff
260910620001014,1000,1000,1,23076508,300091,Midwest Energy & Communications,50,1,X,MI,882749a997fffff
260910620001016,1000,1000,1,23076508,300091,Midwest Energy & Communications,50,1,X,MI,882749a9bbfffff
260910620001023,1000,1000,1,23076508,300091,Midwest Energy & Communications,50,1,X,MI,882749324dfffff
260910620001026,1000,1000,1,23076508,300091,Midwest Energy & Communications,50,1,X,MI,882749ad05fffff
260910620001027,1000,1000,1,23076508,300091,Midwest Energy & Communications,50,1,X,MI,882749ad05fffff
260910620001029,1000,1000,3,23076508,300091,Midwest Energy & Communications,50,1,X,MI,882749ad61fffff
260910620001030,1000,1000,10,23076508,300091,Midwest Energy & Communications,50,1,X,MI,882749ad61fffff
260910620001031,1000,1000,1,23076508,300091,Midwest Energy & Communications,50,1,X,MI,882749ad47fffff
260910620001032,1000,1000,1,23076508,300091,Midwest Energy & Communications,50,1,X,MI,882749ad4bfffff
260910620001034,1000,1000,1,23076508,300091,Midwest Energy & Communications,50,1,X,MI,882749af33fffff
260910620001039,1000,1000,1,23076508,300091,Midwest Energy & Communications,50,1,X,MI,882749adedfffff
260910620001051,1000,1000,2,23076508,300091,Midwest Energy & Communications,50,1,X,MI,882749ad21fffff
260910620001052,1000,1000,4,23076508,300091,Midwest Energy & Communications,50,1,X,MI,882749ad25fffff
260910620001053,1000,1000,2,23076508,300091,Midwest Energy & Communications,50,1,X,MI,8827493219fffff
260910620001054,1000,1000,4,23076508,300091,Midwest Energy & Communications,50,1,X,MI,8827493205fffff
260910620001055,1000,1000,10,23076508,300091,Midwest Energy & Communications,50,1,X,MI,8827493205fffff
260910620001056,1000,1000,3,23076508,300091,Midwest Energy & Communications,50,1,X,MI,8827493265fffff
260910620001059,1000,1000,3,23076508,300091,Midwest Energy & Communications,50,1,X,MI,8827493247fffff
260910620001060,1000,1000,3,23076508,300091,Midwest Energy & Communications,50,1,X,MI,882749320dfffff
260910620001061,1000,1000,3,23076508,300091,Midwest Energy & Communications,50,1,X,MI,882749322bfffff
260910620001062,1000,1000,1,23076508,300091,Midwest Energy & Communications,50,1,X,MI,8827493223fffff
260910620001063,1000,1000,3,23076508,300091,Midwest Energy & Communications,50,1,X,MI,8827493223fffff
260910620001066,1000,1000,1,23076508,300091,Midwest Energy & Communications,50,1,X,MI,882749321bfffff
260910620001067,1000,1000,3,23076508,300091,Midwest Energy & Communications,50,1,X,MI,8827493217fffff
260910620001068,1000,1000,1,23076508,300091,Midwest Energy & Communications,50,1,X,MI,882749323bfffff
260910620001071,1000,1000,3,23076508,300091,Midwest Energy & Communications,50,1,X,MI,8827493233fffff
260910620001072,1000,1000,3,23076508,300091,Midwest Energy & Communications,50,1,X,MI,882749323bfffff
260910620001073,1000,1000,1,23076508,300091,Midwest Energy & Communications,50,1,X,MI,8827493233fffff
260910620001074,1000,1000,2,23076508,300091,Midwest Energy & Communications,50,1,X,MI,882749305dfffff
260910620001077,1000,1000,5,23076508,300091,Midwest Energy & Communications,50,1,X,MI,8827493217fffff
260910620001078,1000,1000,3,23076508,300091,Midwest Energy & Communications,50,1,X,MI,8827493213fffff
260910620001083,1000,1000,1,23076508,300091,Midwest Energy & Communications,50,1,X,MI,8827493051fffff
260910620001084,1000,1000,4,23076508,300091,Midwest Energy & Communications,50,1,X,MI,8827493043fffff
260910620002000,1000,1000,12,23076508,300091,Midwest Energy & Communications,50,1,X,MI,882749a1abfffff
260910620002004,1000,1000,1,23076508,300091,Midwest Energy & Communications,50,1,X,MI,882749a1bdfffff
260910620002008,1000,1000,12,23076508,300091,Midwest Energy & Communications,50,1,X,MI,882749a1b1fffff
260910620002009,1000,1000,1,23076508,300091,Midwest Energy & Communications,50,1,X,MI,882749a1bdfffff
260910620002011,1000,1000,2,23076508,300091,Midwest Energy & Communications,50,1,X,MI,882749a1a3fffff
260910620002012,1000,1000,4,23076508,300091,Midwest Energy & Communications,50,1,X,MI,882749a1a7fffff
260910620002013,1000,1000,3,23076508,300091,Midwest Energy & Communications,50,1,X,MI,882749a1a5fffff
260910620002014,1000,1000,3,23076508,300091,Midwest Energy & Communications,50,1,X,MI,882749aabbfffff
260910620002016,1000,1000,4,23076508,300091,Midwest Energy & Communications,50,1,X,MI,882749af4dfffff
260910620002017,1000,1000,16,23076508,300091,Midwest Energy & Communications,50,1,X,MI,882749a191fffff
260910620002018,1000,1000,13,23076508,300091,Midwest Energy & Communications,50,1,X,MI,882749a1b5fffff
260910620002019,1000,1000,10,23076508,300091,Midwest Energy & Communications,50,1,X,MI,882749a1b5fffff
260910620002020,1000,1000,4,23076508,300091,Midwest Energy & Communications,50,1,X,MI,882749af6bfffff
260910620002021,1000,1000,4,23076508,300091,Midwest Energy & Communications,50,1,X,MI,882749a1b5fffff
260910620002022,1000,1000,12,23076508,300091,Midwest Energy & Communications,50,1,X,MI,882749ae6dfffff
260910620002023,1000,1000,19,23076508,300091,Midwest Energy & Communications,50,1,X,MI,882749af59fffff
260910620002024,1000,1000,10,23076508,300091,Midwest Energy & Communications,50,1,X,MI,882749af51fffff
260910620002025,1000,1000,11,23076508,300091,Midwest Energy & Communications,50,1,X,MI,882749af47fffff
260910620002026,1000,1000,6,23076508,300091,Midwest Energy & Communications,50,1,X,MI,882749af0dfffff
260910620002027,1000,1000,6,23076508,300091,Midwest Energy & Communications,50,1,X,MI,882749af6bfffff
260910620002028,1000,1000,16,23076508,300091,Midwest Energy & Communications,50,1,X,MI,882749aa9bfffff
260910620002029,1000,1000,6,23076508,300091,Midwest Energy & Communications,50,1,X,MI,882749aabbfffff
260910620002030,1000,1000,6,23076508,300091,Midwest Energy & Communications,50,1,X,MI,882749a8d9fffff
260910620002031,1000,1000,2,23076508,300091,Midwest Energy & Communications,50,1,X,MI,882749a8dbfffff
260910620002032,1000,1000,3,23076508,300091,Midwest Energy & Communications,50,1,X,MI,882749a8d3fffff
260910620002033,1000,1000,3,23076508,300091,Midwest Energy & Communications,50,1,X,MI,882749af61fffff
260910620002035,1000,1000,3,23076508,300091,Midwest Energy & Communications,50,1,X,MI,882749af6bfffff
260910620002036,1000,1000,3,23076508,300091,Midwest Energy & Communications,50,1,X,MI,882749af25fffff
260910620002037,1000,1000,2,23076508,300091,Midwest Energy & Communications,50,1,X,MI,882749ad49fffff
260910620002038,1000,1000,2,23076508,300091,Midwest Energy & Communications,50,1,X,MI,882749af23fffff
260910620002040,1000,1000,3,23076508,300091,Midwest Energy & Communications,50,1,X,MI,882749af01fffff
260910620002043,1000,1000,2,23076508,300091,Midwest Energy & Communications,50,1,X,MI,882749ac69fffff
260910620002044,1000,1000,3,23076508,300091,Midwest Energy & Communications,50,1,X,MI,882749af51fffff
260910620002045,1000,1000,2,23076508,300091,Midwest Energy & Communications,50,1,X,MI,882749ae29fffff
260910620002046,1000,1000,14,23076508,300091,Midwest Energy & Communications,50,1,X,MI,882749ae67fffff
260910620002047,1000,1000,9,23076508,300091,Midwest Energy & Communications,50,1,X,MI,882749ae39fffff
260910620002048,1000,1000,5,23076508,300091,Midwest Energy & Communications,50,1,X,MI,882749ac45fffff
260910620002054,1000,1000,5,23076508,300091,Midwest Energy & Communications,50,1,X,MI,882749ac4bfffff
260910620002055,1000,1000,3,23076508,300091,Midwest Energy & Communications,50,1,X,MI,882749ae23fffff
260910620002060,1000,1000,1,23076508,300091,Midwest Energy & Communications,50,1,X,MI,882749ac57fffff
260910620002061,1000,1000,19,23076508,300091,Midwest Energy & Communications,50,1,X,MI,882749ac5dfffff
260910620002062,1000,1000,5,23076508,300091,Midwest Energy & Communications,50,1,X,MI,882749ac5dfffff
260910620002063,1000,1000,5,23076508,300091,Midwest Energy & Communications,50,1,X,MI,882749ae31fffff
260910620002067,1000,1000,2,23076508,300091,Midwest Energy & Communications,50,1,X,MI,882749ac57fffff
260910620002069,1000,1000,1,23076508,300091,Midwest Energy & Communications,50,1,X,MI,882749af6dfffff
260910620003000,1000,1000,2,23076508,300091,Midwest Energy & Communications,50,1,X,MI,882749a8c9fffff
260910620003001,1000,1000,1,23076508,300091,Midwest Energy & Communications,50,1,X,MI,882749a8c9fffff
260910620003003,1000,1000,3,23076508,300091,Midwest Energy & Communications,50,1,X,MI,882749a837fffff
260910620003004,1000,1000,2,23076508,300091,Midwest Energy & Communications,50,1,X,MI,882749a9cbfffff
260910620003007,1000,1000,3,23076508,300091,Midwest Energy & Communications,50,1,X,MI,882749a8e5fffff
260910620003012,1000,1000,7,23076508,300091,Midwest Energy & Communications,50,1,X,MI,882749a8c7fffff
260910620003013,1000,1000,3,23076508,300091,Midwest Energy & Communications,50,1,X,MI,882749a8c3fffff
260910620003014,1000,1000,6,23076508,300091,Midwest Energy & Communications,50,1,X,MI,882749a8c3fffff
260910620003015,1000,1000,13,23076508,300091,Midwest Energy & Communications,50,1,X,MI,882749a889fffff
260910620003023,1000,1000,4,23076508,300091,Midwest Energy & Communications,50,1,X,MI,882749a8d5fffff
260910620003024,1000,1000,3,23076508,300091,Midwest Energy & Communications,50,1,X,MI,882749a8d3fffff
260910620003025,1000,1000,4,23076508,300091,Midwest Energy & Communications,50,1,X,MI,882749a893fffff
260910620003026,1000,1000,1,23076508,300091,Midwest Energy & Communications,50,1,X,MI,882749a89dfffff
260910620003027,1000,1000,4,23076508,300091,Midwest Energy & Communications,50,1,X,MI,882749a891fffff
260910620003029,1000,1000,1,23076508,300091,Midwest Energy & Communications,50,1,X,MI,882749a889fffff
260910620003039,1000,1000,3,23076508,300091,Midwest Energy & Communications,50,1,X,MI,882749a8a3fffff
260910620003042,1000,1000,1,23076508,300091,Midwest Energy & Communications,50,1,X,MI,882749a8a5fffff
260910620003043,1000,1000,5,23076508,300091,Midwest Energy & Communications,50,1,X,MI,882749a8a5fffff
260910620003044,1000,1000,10,23076508,300091,Midwest Energy & Communications,50,1,X,MI,882749a99bfffff
260910620003045,1000,1000,6,23076508,300091,Midwest Energy & Communications,50,1,X,MI,882749a9d9fffff
260910620003047,1000,1000,5,23076508,300091,Midwest Energy & Communications,50,1,X,MI,882749a997fffff
260910620003048,1000,1000,7,23076508,300091,Midwest Energy & Communications,50,1,X,MI,882749a8bdfffff
260910621001002,1000,1000,1,23076508,300091,Midwest Energy & Communications,50,1,X,MI,882749a209fffff
260910621001003,1000,1000,2,23076508,300091,Midwest Energy & Communications,50,1,X,MI,882749a209fffff
260910621001006,1000,1000,5,23076508,300091,Midwest Energy & Communications,50,1,X,MI,882749a35bfffff
260910621001008,1000,1000,3,23076508,300091,Midwest Energy & Communications,50,1,X,MI,882749a31dfffff
260910621001009,1000,1000,7,23076508,300091,Midwest Energy & Communications,50,1,X,MI,882749a339fffff
260910621001010,1000,1000,16,23076508,300091,Midwest Energy & Communications,50,1,X,MI,882749a333fffff
260910621001021,1000,1000,2,23076508,300091,Midwest Energy & Communications,50,1,X,MI,882749a20bfffff
260910621001022,1000,1000,2,23076508,300091,Midwest Energy & Communications,50,1,X,MI,882749a20bfffff
260910621001025,1000,1000,3,23076508,300091,Midwest Energy & Communications,50,1,X,MI,882749a04bfffff
260910621001028,1000,1000,2,23076508,300091,Midwest Energy & Communications,50,1,X,MI,882749a23bfffff
260910621001029,1000,1000,3,23076508,300091,Midwest Energy & Communications,50,1,X,MI,882749a235fffff
260910621001030,1000,1000,1,23076508,300091,Midwest Energy & Communications,50,1,X,MI,882749a04bfffff
260910621001031,1000,1000,1,23076508,300091,Midwest Energy & Communications,50,1,X,MI,882749a04bfffff
260910621001032,1000,1000,2,23076508,300091,Midwest Energy & Communications,50,1,X,MI,882749a041fffff
260910621001033,1000,1000,5,23076508,300091,Midwest Energy & Communications,50,1,X,MI,882749a069fffff
260910621001036,1000,1000,1,23076508,300091,Midwest Energy & Communications,50,1,X,MI,882749a047fffff
260910621001038,1000,1000,2,23076508,300091,Midwest Energy & Communications,50,1,X,MI,882749a041fffff
260910621001039,1000,1000,1,23076508,300091,Midwest Energy & Communications,50,1,X,MI,882749a041fffff
260910621001040,1000,1000,5,23076508,300091,Midwest Energy & Communications,50,1,X,MI,882749a009fffff
260910621001041,1000,1000,1,23076508,300091,Midwest Energy & Communications,50,1,X,MI,882749a047fffff
260910621001042,1000,1000,12,23076508,300091,Midwest Energy & Communications,50,1,X,MI,882749a047fffff
260910621001043,1000,1000,12,23076508,300091,Midwest Energy & Communications,50,1,X,MI,882749a065fffff
260910621001044,1000,1000,5,23076508,300091,Midwest Energy & Communications,50,1,X,MI,882749a069fffff
260910621001045,1000,1000,2,23076508,300091,Midwest Energy & Communications,50,1,X,MI,882749a003fffff
260910621001046,1000,1000,6,23076508,300091,Midwest Energy & Communications,50,1,X,MI,882749a003fffff
260910621001047,1000,1000,5,23076508,300091,Midwest Energy & Communications,50,1,X,MI,882749a01dfffff
260910621001049,1000,1000,9,23076508,300091,Midwest Energy & Communications,50,1,X,MI,882749a007fffff
260910621001050,1000,1000,5,23076508,300091,Midwest Energy & Communications,50,1,X,MI,882749a001fffff
260910621001051,1000,1000,13,23076508,300091,Midwest Energy & Communications,50,1,X,MI,882749a005fffff
260910621001053,1000,1000,3,23076508,300091,Midwest Energy & Communications,50,1,X,MI,882749a01dfffff
260910621001054,1000,1000,4,23076508,300091,Midwest Energy & Communications,50,1,X,MI,882749a01dfffff
260910621001056,1000,1000,1,23076508,300091,Midwest Energy & Communications,50,1,X,MI,882749a203fffff
260910621001057,1000,1000,1,23076508,300091,Midwest Energy & Communications,50,1,X,MI,882749a21dfffff
260910621001060,1000,1000,7,23076508,300091,Midwest Energy & Communications,50,1,X,MI,882749a027fffff
260910621001061,1000,1000,9,23076508,300091,Midwest Energy & Communications,50,1,X,MI,882749a023fffff
260910621001062,1000,1000,3,23076508,300091,Midwest Energy & Communications,50,1,X,MI,882749a023fffff
260910621001063,1000,1000,4,23076508,300091,Midwest Energy & Communications,50,1,X,MI,882749a03dfffff
260910621002002,1000,1000,15,23076508,300091,Midwest Energy & Communications,50,1,X,MI,882749a2adfffff
260910621002005,1000,1000,2,23076508,300091,Midwest Energy & Communications,50,1,X,MI,882749a2a1fffff
260910621002006,1000,1000,1,23076508,300091,Midwest Energy & Communications,50,1,X,MI,882749a2a9fffff
260910621002007,1000,1000,2,23076508,300091,Midwest Energy & Communications,50,1,X,MI,882749a2abfffff
260910621002010,1000,1000,1,23076508,300091,Midwest Energy & Communications,50,1,X,MI,882749a2a3fffff
260910621002012,1000,1000,1,23076508,300091,Midwest Energy & Communications,50,1,X,MI,882749a2a5fffff
260910621002013,1000,1000,2,23076508,300091,Midwest Energy & Communications,50,1,X,MI,882749a2a5fffff
260910621002017,1000,1000,5,23076508,300091,Midwest Energy & Communications,50,1,X,MI,882749a0c9fffff
260910621002018,1000,1000,5,23076508,300091,Midwest Energy & Communications,50,1,X,MI,882749a2a5fffff
260910621002019,1000,1000,3,23076508,300091,Midwest Energy & Communications,50,1,X,MI,882749a0cdfffff
260910621002020,1000,1000,13,23076508,300091,Midwest Energy & Communications,50,1,X,MI,882749a08bfffff
260910621002021,1000,1000,5,23076508,300091,Midwest Energy & Communications,50,1,X,MI,882749a2b7fffff
260910621002022,1000,1000,2,23076508,300091,Midwest Energy & Communications,50,1,X,MI,882749a2a3fffff
260910621002023,1000,1000,1,23076508,300091,Midwest Energy & Communications,50,1,X,MI,882749a2bdfffff
260910621002024,1000,1000,5,23076508,300091,Midwest Energy & Communications,50,1,X,MI,882749a2b9fffff
260910621002025,1000,1000,3,23076508,300091,Midwest Energy & Communications,50,1,X,MI,882749a08bfffff
260910621002026,1000,1000,5,23076508,300091,Midwest Energy & Communications,50,1,X,MI,882749a08bfffff
260910621002027,1000,1000,1,23076508,300091,Midwest Energy & Communications,50,1,X,MI,882749a081fffff
260910621002029,1000,1000,4,23076508,300091,Midwest Energy & Communications,50,1,X,MI,882749a085fffff
260910621002030,1000,1000,8,23076508,300091,Midwest Energy & Communications,50,1,X,MI,882749a0e3fffff
260910621002031,1000,1000,2,23076508,300091,Midwest Energy & Communications,50,1,X,MI,882749a0e3fffff
260910621002033,1000,1000,4,23076508,300091,Midwest Energy & Communications,50,1,X,MI,882749a0e3fffff
260910621002034,1000,1000,4,23076508,300091,Midwest Energy & Communications,50,1,X,MI,882749a085fffff
260910621002035,1000,1000,3,23076508,300091,Midwest Energy & Communications,50,1,X,MI,882749a0e3fffff
260910621002036,1000,1000,1,23076508,300091,Midwest Energy & Communications,50,1,X,MI,882749a017fffff
260910621002039,1000,1000,2,23076508,300091,Midwest Energy & Communications,50,1,X,MI,882749a087fffff
260910621002040,1000,1000,1,23076508,300091,Midwest Energy & Communications,50,1,X,MI,882749a0a9fffff
260910621002045,1000,1000,3,23076508,300091,Midwest Energy & Communications,50,1,X,MI,882749a095fffff
260910621002046,1000,1000,2,23076508,300091,Midwest Energy & Communications,50,1,X,MI,882749a08bfffff
260910621002047,1000,1000,8,23076508,300091,Midwest Energy & Communications,50,1,X,MI,882749a08bfffff
260910621002048,1000,1000,5,23076508,300091,Midwest Energy & Communications,50,1,X,MI,882749a0d1fffff
260910621002049,1000,1000,3,23076508,300091,Midwest Energy & Communications,50,1,X,MI,882749a76dfffff
260910621002050,1000,1000,3,23076508,300091,Midwest Energy & Communications,50,1,X,MI,882749a2bbfffff
260910621002052,1000,1000,12,23076508,300091,Midwest Energy & Communications,50,1,X,MI,882749a2b9fffff
260910621002053,1000,1000,2,23076508,300091,Midwest Energy & Communications,50,1,X,MI,882749a09dfffff
260910621002054,1000,1000,5,23076508,300091,Midwest Energy & Communications,50,1,X,MI,882749a0d1fffff
260910621002055,1000,1000,3,23076508,300091,Midwest Energy & Communications,50,1,X,MI,882749a099fffff
260910621002057,1000,1000,1,23076508,300091,Midwest Energy & Communications,50,1,X,MI,882749a0dbfffff
260910621002058,1000,1000,2,23076508,300091,Midwest Energy & Communications,50,1,X,MI,882749a767fffff
260910621002060,1000,1000,9,23076508,300091,Midwest Energy & Communications,50,1,X,MI,882749a099fffff
260910621002061,1000,1000,1,23076508,300091,Midwest Energy & Communications,50,1,X,MI,882749a095fffff
260910621002062,1000,1000,4,23076508,300091,Midwest Energy & Communications,50,1,X,MI,882749a095fffff
260910621002064,1000,1000,10,23076508,300091,Midwest Energy & Communications,50,1,X,MI,882749a767fffff
260910621002068,1000,1000,6,23076508,300091,Midwest Energy & Communications,50,1,X,MI,882749a0bbfffff
260910621002069,1000,1000,7,23076508,300091,Midwest Energy & Communications,50,1,X,MI,882749ae49fffff
260910621002070,1000,1000,11,23076508,300091,Midwest Energy & Communications,50,1,X,MI,882749ae4dfffff
260910621002071,1000,1000,7,23076508,300091,Midwest Energy & Communications,50,1,X,MI,882749ae43fffff
260910621002072,1000,1000,3,23076508,300091,Midwest Energy & Communications,50,1,X,MI,882749ae59fffff
260910621002073,1000,1000,5,23076508,300091,Midwest Energy & Communications,50,1,X,MI,882749a0b3fffff
260910621002076,1000,1000,2,23076508,300091,Midwest Energy & Communications,50,1,X,MI,882749a0cbfffff
260910621002078,1000,1000,1,23076508,300091,Midwest Energy & Communications,50,1,X,MI,882749a0e3fffff
260910621003000,1000,1000,4,23076508,300091,Midwest Energy & Communications,50,1,X,MI,882749a723fffff
260910621003001,1000,1000,17,23076508,300091,Midwest Energy & Communications,50,1,X,MI,882749a723fffff
260910621003002,1000,1000,5,23076508,300091,Midwest Energy & Communications,50,1,X,MI,882749a54dfffff
260910621003003,1000,1000,9,23076508,300091,Midwest Energy & Communications,50,1,X,MI,882749a091fffff
260910621003004,1000,1000,6,23076508,300091,Midwest Energy & Communications,50,1,X,MI,882749a095fffff
260910621003005,1000,1000,3,23076508,300091,Midwest Energy & Communications,50,1,X,MI,882749a095fffff
260910621003006,1000,1000,4,23076508,300091,Midwest Energy & Communications,50,1,X,MI,882749a56dfffff
260910621003007,1000,1000,4,23076508,300091,Midwest Energy & Communications,50,1,X,MI,882749a561fffff
260910621003008,1000,1000,5,23076508,300091,Midwest Energy & Communications,50,1,X,MI,882749a541fffff
260910621003009,1000,1000,2,23076508,300091,Midwest Energy & Communications,50,1,X,MI,882749a093fffff
260910621003011,1000,1000,11,23076508,300091,Midwest Energy & Communications,50,1,X,MI,882749a541fffff
260910621003012,1000,1000,3,23076508,300091,Midwest Energy & Communications,50,1,X,MI,882749a543fffff
260910621003013,1000,1000,4,23076508,300091,Midwest Energy & Communications,50,1,X,MI,882749a543fffff
260910621003014,1000,1000,6,23076508,300091,Midwest Energy & Communications,50,1,X,MI,882749a509fffff
260910621003015,1000,1000,7,23076508,300091,Midwest Energy & Communications,50,1,X,MI,882749a529fffff
260910621003016,1000,1000,4,23076508,300091,Midwest Energy & Communications,50,1,X,MI,882749a561fffff
260910621003017,1000,1000,8,23076508,300091,Midwest Energy & Communications,50,1,X,MI,882749a567fffff
260910621003018,1000,1000,5,23076508,300091,Midwest Energy & Communications,50,1,X,MI,882749a565fffff
260910621003019,1000,1000,1,23076508,300091,Midwest Energy & Communications,50,1,X,MI,882749ae59fffff
260910621003020,1000,1000,5,23076508,300091,Midwest Energy & Communications,50,1,X,MI,882749ae0bfffff
260910621003021,1000,1000,11,23076508,300091,Midwest Energy & Communications,50,1,X,MI,882749ae47fffff
260910621003022,1000,1000,5,23076508,300091,Midwest Energy & Communications,50,1,X,MI,882749ae39fffff
260910621003023,1000,1000,1,23076508,300091,Midwest Energy & Communications,50,1,X,MI,882749ae0bfffff
260910621003024,1000,1000,9,23076508,300091,Midwest Energy & Communications,50,1,X,MI,882749ae1dfffff
260910621003025,1000,1000,3,23076508,300091,Midwest Energy & Communications,50,1,X,MI,882749ae51fffff
260910621003026,1000,1000,6,23076508,300091,Midwest Energy & Communications,50,1,X,MI,882749a521fffff
260910621003027,1000,1000,8,23076508,300091,Midwest Energy & Communications,50,1,X,MI,882749a52dfffff
260910621003028,1000,1000,3,23076508,300091,Midwest Energy & Communications,50,1,X,MI,882749a501fffff
260910621003029,1000,1000,7,23076508,300091,Midwest Energy & Communications,50,1,X,MI,882749ae15fffff
260910621003030,1000,1000,13,23076508,300091,Midwest Energy & Communications,50,1,X,MI,882749aeedfffff
260910621003031,1000,1000,1,23076508,300091,Midwest Energy & Communications,50,1,X,MI,882749ae39fffff
260910621003032,1000,1000,4,23076508,300091,Midwest Energy & Communications,50,1,X,MI,882749a50bfffff
260910621003033,1000,1000,13,23076508,300091,Midwest Energy & Communications,50,1,X,MI,882749a529fffff
260910621003034,1000,1000,17,23076508,300091,Midwest Energy & Communications,50,1,X,MI,882749a523fffff
260910621003035,1000,1000,12,23076508,300091,Midwest Energy & Communications,50,1,X,MI,882749a53bfffff
260910621003036,1000,1000,4,23076508,300091,Midwest Energy & Communications,50,1,X,MI,882749a51dfffff
260910621003037,1000,1000,3,23076508,300091,Midwest Energy & Communications,50,1,X,MI,882749a51dfffff
260910621003038,1000,1000,6,23076508,300091,Midwest Energy & Communications,50,1,X,MI,882749a511fffff
260910621003039,1000,1000,4,23076508,300091,Midwest Energy & Communications,50,1,X,MI,882749a53bfffff
260910621003040,1000,1000,22,23076508,300091,Midwest Energy & Communications,50,1,X,MI,882749a53bfffff
260910621003041,1000,1000,1,23076508,300091,Midwest Energy & Communications,50,1,X,MI,882749a53bfffff
260910621003042,1000,1000,5,23076508,300091,Midwest Energy & Communications,50,1,X,MI,882749aeddfffff
260910621003043,1000,1000,15,23076508,300091,Midwest Energy & Communications,50,1,X,MI,882749aec1fffff
260910621003044,1000,1000,7,23076508,300091,Midwest Energy & Communications,50,1,X,MI,882749aecdfffff
260910621003045,1000,1000,11,23076508,300091,Midwest Energy & Communications,50,1,X,MI,882749aec5fffff
260910621003046,1000,1000,15,23076508,300091,Midwest Energy & Communications,50,1,X,MI,882749aeebfffff
260910621003047,1000,1000,20,23076508,300091,Midwest Energy & Communications,50,1,X,MI,882749ac5bfffff
260910621003048,1000,1000,6,23076508,300091,Midwest Energy & Communications,50,1,X,MI,882749a5e5fffff
260910621003049,1000,1000,16,23076508,300091,Midwest Energy & Communications,50,1,X,MI,882749a5cdfffff
260910621003051,1000,1000,4,23076508,300091,Midwest Energy & Communications,50,1,X,MI,882749a5e1fffff
260910621003052,1000,1000,15,23076508,300091,Midwest Energy & Communications,50,1,X,MI,882749a5c7fffff
260910621003053,1000,1000,5,23076508,300091,Midwest Energy & Communications,50,1,X,MI,882749aed1fffff
260910621003054,1000,1000,5,23076508,300091,Midwest Energy & Communications,50,1,X,MI,882749aed9fffff
260910621003055,1000,1000,3,23076508,300091,Midwest Energy & Communications,50,1,X,MI,882749ae81fffff
260910621003056,1000,1000,3,23076508,300091,Midwest Energy & Communications,50,1,X,MI,882749aee3fffff
260910621003057,1000,1000,3,23076508,300091,Midwest Energy & Communications,50,1,X,MI,882749aee7fffff
260910621003058,1000,1000,6,23076508,300091,Midwest Energy & Communications,50,1,X,MI,882749aedbfffff
260910621003059,1000,1000,4,23076508,300091,Midwest Energy & Communications,50,1,X,MI,882749aed9fffff
260910621003060,1000,1000,6,23076508,300091,Midwest Energy & Communications,50,1,X,MI,882749aed1fffff
260910621004001,1000,1000,2,23076508,300091,Midwest Energy & Communications,50,1,X,MI,882749a215fffff
260910621004002,1000,1000,4,23076508,300091,Midwest Energy & Communications,50,1,X,MI,882749a217fffff
260910621004030,1000,1000,4,23076508,300091,Midwest Energy & Communications,50,1,X,MI,882749a057fffff
260910621004035,1000,1000,1,23076508,300091,Midwest Energy & Communications,50,1,X,MI,882749a019fffff
260910621004040,1000,1000,1,23076508,300091,Midwest Energy & Communications,50,1,X,MI,882749a2a5fffff
260910621005000,1000,1000,2,23076508,300091,Midwest Energy & Communications,50,1,X,MI,882749a015fffff
260910621005002,1000,1000,2,23076508,300091,Midwest Energy & Communications,50,1,X,MI,882749a017fffff
260910622001000,1000,1000,10,23076508,300091,Midwest Energy & Communications,50,1,X,MI,882749a0a9fffff
260910622001028,1000,1000,5,23076508,300091,Midwest Energy & Communications,50,1,X,MI,882749a1d3fffff
260910622001029,1000,1000,5,23076508,300091,Midwest Energy & Communications,50,1,X,MI,882749a199fffff
260910622001031,1000,1000,1,23076508,300091,Midwest Energy & Communications,50,1,X,MI,882749a199fffff
260910622001036,1000,1000,16,23076508,300091,Midwest Energy & Communications,50,1,X,MI,882749a0a5fffff
260910622001037,1000,1000,5,23076508,300091,Midwest Energy & Communications,50,1,X,MI,882749a0a5fffff
260910622002005,1000,1000,4,23076508,300091,Midwest Energy & Communications,50,1,X,MI,882749a1ddfffff
260910623001005,1000,1000,8,23076508,300091,Midwest Energy & Communications,50,1,X,MI,882749ba29fffff
260910623001006,1000,1000,2,23076508,300091,Midwest Energy & Communications,50,1,X,MI,882749ba29fffff
260910623001008,1000,1000,1,23076508,300091,Midwest Energy & Communications,50,1,X,MI,882749ba2bfffff
260910623002000,1000,1000,7,23076508,300091,Midwest Energy & Communications,50,1,X,MI,882749ba23fffff
260910623002001,1000,1000,6,23076508,300091,Midwest Energy & Communications,50,1,X,MI,882749ba3dfffff
260910623002007,1000,1000,3,23076508,300091,Midwest Energy & Communications,50,1,X,MI,882749ba35fffff
260910623002008,1000,1000,2,23076508,300091,Midwest Energy & Communications,50,1,X,MI,882749ba31fffff
260910623002010,1000,1000,1,23076508,300091,Midwest Energy & Communications,50,1,X,MI,882749ba37fffff
260910623002013,1000,1000,49,23076508,300091,Midwest Energy & Communications,50,1,X,MI,882749ba37fffff
260910623002014,1000,1000,4,23076508,300091,Midwest Energy & Communications,50,1,X,MI,882749ba37fffff
260910623002015,1000,1000,9,23076508,300091,Midwest Energy & Communications,50,1,X,MI,882749ba37fffff
260910623002016,1000,1000,6,23076508,300091,Midwest Energy & Communications,50,1,X,MI,882749ba37fffff
260910623002017,1000,1000,14,23076508,300091,Midwest Energy & Communications,50,1,X,MI,882749ba35fffff
260910623002018,1000,1000,6,23076508,300091,Midwest Energy & Communications,50,1,X,MI,882749ba35fffff
260910623005000,1000,1000,17,23076508,300091,Midwest Energy & Communications,50,1,X,MI,882749ba1dfffff
260910623005002,1000,1000,7,23076508,300091,Midwest Energy & Communications,50,1,X,MI,882749ba0bfffff
260910623005003,1000,1000,2,23076508,300091,Midwest Energy & Communications,50,1,X,MI,882749ba01fffff
260910623005004,1000,1000,9,23076508,300091,Midwest Energy & Communications,50,1,X,MI,882749ba01fffff
260910623005005,1000,1000,3,23076508,300091,Midwest Energy & Communications,50,1,X,MI,882749ba1dfffff
260910623005006,1000,1000,1,23076508,300091,Midwest Energy & Communications,50,1,X,MI,882749ba03fffff
260910623005011,1000,1000,1,23076508,300091,Midwest Energy & Communications,50,1,X,MI,882749ba1dfffff
260910623005012,1000,1000,4,23076508,300091,Midwest Energy & Communications,50,1,X,MI,882749ba1bfffff
260910623005013,1000,1000,2,23076508,300091,Midwest Energy & Communications,50,1,X,MI,882749ba1dfffff
260910623005015,1000,1000,10,23076508,300091,Midwest Energy & Communications,50,1,X,MI,882749ba15fffff
260910624001001,1000,1000,8,23076508,300091,Midwest Energy & Communications,50,1,X,MI,88274984a1fffff
260910624001002,1000,1000,8,23076508,300091,Midwest Energy & Communications,50,1,X,MI,88274984a1fffff
260910624001021,1000,1000,2,23076508,300091,Midwest Energy & Communications,50,1,X,MI,88274984a7fffff
260910624001022,1000,1000,6,23076508,300091,Midwest Energy & Communications,50,1,X,MI,88274984a3fffff
260910624003000,1000,1000,30,23076508,300091,Midwest Energy & Communications,50,1,X,MI,88274984bdfffff
260910624003001,1000,1000,20,23076508,300091,Midwest Energy & Communications,50,1,X,MI,882749ba69fffff
260910624003009,1000,1000,4,23076508,300091,Midwest Energy & Communications,50,1,X,MI,882749ba61fffff
260910624003010,1000,1000,31,23076508,300091,Midwest Energy & Communications,50,1,X,MI,882749ba61fffff
260910624003014,1000,1000,3,23076508,300091,Midwest Energy & Communications,50,1,X,MI,88274985bdfffff
260910624003015,1000,1000,3,23076508,300091,Midwest Energy & Communications,50,1,X,MI,88274985bdfffff
260910624003016,1000,1000,21,23076508,300091,Midwest Energy & Communications,50,1,X,MI,88274985a3fffff
260910624003017,1000,1000,14,23076508,300091,Midwest Energy & Communications,50,1,X,MI,882749bb49fffff
260910624003018,1000,1000,8,23076508,300091,Midwest Energy & Communications,50,1,X,MI,88274985b5fffff
260910624003019,1000,1000,41,23076508,300091,Midwest Energy & Communications,50,1,X,MI,88274985bdfffff
260910624003020,1000,1000,12,23076508,300091,Midwest Energy & Communications,50,1,X,MI,88274985bdfffff
260910624003022,1000,1000,31,23076508,300091,Midwest Energy & Communications,50,1,X,MI,882749ba65fffff
260910624003023,1000,1000,12,23076508,300091,Midwest Energy & Communications,50,1,X,MI,882749bb5bfffff
260910624003024,1000,1000,5,23076508,300091,Midwest Energy & Communications,50,1,X,MI,882749ba67fffff
260910624003025,1000,1000,1,23076508,300091,Midwest Energy & Communications,50,1,X,MI,882749bb59fffff
260910624003026,1000,1000,12,23076508,300091,Midwest Energy & Communications,50,1,X,MI,88274985b7fffff
260910624003027,1000,1000,36,23076508,300091,Midwest Energy & Communications,50,1,X,MI,882749bb5dfffff
260910624003028,1000,1000,2,23076508,300091,Midwest Energy & Communications,50,1,X,MI,882749bb49fffff
260910624003029,1000,1000,2,23076508,300091,Midwest Energy & Communications,50,1,X,MI,882749bb1dfffff
260910624003030,1000,1000,17,23076508,300091,Midwest Energy & Communications,50,1,X,MI,882749bb53fffff
260910624003031,1000,1000,3,23076508,300091,Midwest Energy & Communications,50,1,X,MI,882749bb51fffff
260910624003032,1000,1000,22,23076508,300091,Midwest Energy & Communications,50,1,X,MI,882749bb59fffff
260910624003033,1000,1000,30,23076508,300091,Midwest Energy & Communications,50,1,X,MI,882749ba25fffff
260910624003034,1000,1000,4,23076508,300091,Midwest Energy & Communications,50,1,X,MI,882749ba63fffff
260910624003035,1000,1000,9,23076508,300091,Midwest Energy & Communications,50,1,X,MI,882749ba05fffff
260910624003036,1000,1000,4,23076508,300091,Midwest Energy & Communications,50,1,X,MI,882749ba43fffff
260910624003037,1000,1000,4,23076508,300091,Midwest Energy & Communications,50,1,X,MI,882749ba41fffff
260910624003038,1000,1000,14,23076508,300091,Midwest Energy & Communications,50,1,X,MI,882749ba59fffff
260910624003039,1000,1000,2,23076508,300091,Midwest Energy & Communications,50,1,X,MI,882749ba4bfffff
260910624003040,1000,1000,6,23076508,300091,Midwest Energy & Communications,50,1,X,MI,882749ba67fffff
260910624003041,1000,1000,1,23076508,300091,Midwest Energy & Communications,50,1,X,MI,882749bb5bfffff
260910624003042,1000,1000,11,23076508,300091,Midwest Energy & Communications,50,1,X,MI,882749ba09fffff
260910624004000,1000,1000,2,23076508,300091,Midwest Energy & Communications,50,1,X,MI,882749ba63fffff
260910624004001,1000,1000,1,23076508,300091,Midwest Energy & Communications,50,1,X,MI,882749ba05fffff
260910624004002,1000,1000,5,23076508,300091,Midwest Energy & Communications,50,1,X,MI,882749ba67fffff
260910624004003,1000,1000,42,23076508,300091,Midwest Energy & Communications,50,1,X,MI,882749ba2dfffff
260910624004004,1000,1000,1,23076508,300091,Midwest Energy & Communications,50,1,X,MI,882749bb53fffff
260910624004005,1000,1000,20,23076508,300091,Midwest Energy & Communications,50,1,X,MI,882749ba25fffff
260910624004006,1000,1000,3,23076508,300091,Midwest Energy & Communications,50,1,X,MI,882749ba21fffff
260910624004007,1000,1000,42,23076508,300091,Midwest Energy & Communications,50,1,X,MI,882749b849fffff
260910624004008,1000,1000,14,23076508,300091,Midwest Energy & Communications,50,1,X,MI,882749b84bfffff
260910624004009,1000,1000,27,23076508,300091,Midwest Energy & Communications,50,1,X,MI,882749b84dfffff
260910624004010,1000,1000,19,23076508,300091,Midwest Energy & Communications,50,1,X,MI,882749b841fffff
260910624004011,1000,1000,8,23076508,300091,Midwest Energy & Communications,50,1,X,MI,882749b841fffff
260910624004013,1000,1000,49,23076508,300091,Midwest Energy & Communications,50,1,X,MI,882749b84bfffff
260910624004014,1000,1000,41,23076508,300091,Midwest Energy & Communications,50,1,X,MI,882749b84bfffff
260910624004015,1000,1000,3,23076508,300091,Midwest Energy & Communications,50,1,X,MI,882749b84bfffff
260910624004016,1000,1000,14,23076508,300091,Midwest Energy & Communications,50,1,X,MI,882749ba35fffff
260910624004017,1000,1000,51,23076508,300091,Midwest Energy & Communications,50,1,X,MI,882749b849fffff
260910624004018,1000,1000,102,23076508,300091,Midwest Energy & Communications,50,1,X,MI,882749b851fffff
260910624004019,1000,1000,1,23076508,300091,Midwest Energy & Communications,50,1,X,MI,882749b85dfffff
260910624004020,1000,1000,22,23076508,300091,Midwest Energy & Communications,50,1,X,MI,882749b85dfffff
260910624004021,1000,1000,16,23076508,300091,Midwest Energy & Communications,50,1,X,MI,882749b85dfffff
260910624004022,1000,1000,13,23076508,300091,Midwest Energy & Communications,50,1,X,MI,882749b855fffff
260910624004023,1000,1000,9,23076508,300091,Midwest Energy & Communications,50,1,X,MI,882749b851fffff
260910624004025,1000,1000,21,23076508,300091,Midwest Energy & Communications,50,1,X,MI,882749b85dfffff
260910624004026,1000,1000,9,23076508,300091,Midwest Energy & Communications,50,1,X,MI,882749b851fffff
260910624004027,1000,1000,1,23076508,300091,Midwest Energy & Communications,50,1,X,MI,882749b841fffff
261158307002006,1000,1000,1,23076508,300091,Midwest Energy & Communications,50,1,X,MI,882749b359fffff
261158307002021,1000,1000,6,23076508,300091,Midwest Energy & Communications,50,1,X,MI,882749b225fffff
261158329001058,1000,1000,2,23076508,300091,Midwest Energy & Communications,50,1,X,MI,882749a761fffff
261158330001030,1000,1000,3,23076508,300091,Midwest Energy & Communications,50,1,X,MI,882749a72bfffff
261158330001031,1000,1000,3,23076508,300091,Midwest Energy & Communications,50,1,X,MI,882749a767fffff
261158330002010,1000,1000,4,23076508,300091,Midwest Energy & Communications,50,1,X,MI,882749a735fffff
261158330002014,1000,1000,6,23076508,300091,Midwest Energy & Communications,50,1,X,MI,882749a737fffff
261158330002015,1000,1000,8,23076508,300091,Midwest Energy & Communications,50,1,X,MI,882749a559fffff
261158330002044,1000,1000,1,23076508,300091,Midwest Energy & Communications,50,1,X,MI,882749a51bfffff
261158330002058,1000,1000,2,23076508,300091,Midwest Energy & Communications,50,1,X,MI,882749a5cdfffff
261158330002059,1000,1000,2,23076508,300091,Midwest Energy & Communications,50,1,X,MI,882749a5c1fffff
261490401001000,1000,1000,1,23076508,300091,Midwest Energy & Communications,50,1,X,MI,88274b8f39fffff
261490401001003,1000,1000,9,23076508,300091,Midwest Energy & Communications,50,1,X,MI,88274b8f05fffff
261490401001006,1000,1000,1,23076508,300091,Midwest Energy & Communications,50,1,X,MI,88274b8f3dfffff
261490401001007,1000,1000,1,23076508,300091,Midwest Energy & Communications,50,1,X,MI,88274b8f3dfffff
261490401002000,1000,1000,36,23076508,300091,Midwest Energy & Communications,50,1,X,MI,88274b8f43fffff
261490401002007,1000,1000,15,23076508,300091,Midwest Energy & Communications,50,1,X,MI,88274b8f57fffff
261490401002017,1000,1000,16,23076508,300091,Midwest Energy & Communications,50,1,X,MI,88274b8f57fffff
261490403002040,1000,1000,4,23076508,300091,Midwest Energy & Communications,50,1,X,MI,88274b8debfffff
261490403002041,1000,1000,10,23076508,300091,Midwest Energy & Communications,50,1,X,MI,88274b8dcdfffff
261490403002042,1000,1000,17,23076508,300091,Midwest Energy & Communications,50,1,X,MI,88274b8dcdfffff
261490403002046,1000,1000,7,23076508,300091,Midwest Energy & Communications,50,1,X,MI,88274b8dc3fffff
261490403002047,1000,1000,11,23076508,300091,Midwest Energy & Communications,50,1,X,MI,88274b8dc3fffff
261490403002051,1000,1000,4,23076508,300091,Midwest Energy & Communications,50,1,X,MI,88274b8d8dfffff
261490405002012,1000,1000,15,23076508,300091,Midwest Energy & Communications,50,1,X,MI,88274bba87fffff
261490405002014,1000,1000,2,23076508,300091,Midwest Energy & Communications,50,1,X,MI,88274bbab1fffff
261490405002016,1000,1000,5,23076508,300091,Midwest Energy & Communications,50,1,X,MI,88274bbab1fffff
261490405002037,1000,1000,1,23076508,300091,Midwest Energy & Communications,50,1,X,MI,88274bbab5fffff
261490405002038,1000,1000,1,23076508,300091,Midwest Energy & Communications,50,1,X,MI,88274bbab5fffff
261490405002039,1000,1000,2,23076508,300091,Midwest Energy & Communications,50,1,X,MI,88274bbab5fffff
261490405003032,1000,1000,1,23076508,300091,Midwest Energy & Communications,50,1,X,MI,88274bb8cbfffff
261490406001033,1000,1000,4,23076508,300091,Midwest Energy & Communications,50,1,X,MI,88274bb889fffff
261490407001001,1000,1000,2,23076508,300091,Midwest Energy & Communications,50,1,X,MI,88274bb85dfffff
261490407001004,1000,1000,65,23076508,300091,Midwest Energy & Communications,50,1,X,MI,88274bb809fffff
261490407001005,1000,1000,7,23076508,300091,Midwest Energy & Communications,50,1,X,MI,88274bb80bfffff
261490407001006,1000,1000,9,23076508,300091,Midwest Energy & Communications,50,1,X,MI,88274bb809fffff
261490407001007,1000,1000,12,23076508,300091,Midwest Energy & Communications,50,1,X,MI,88274bb80bfffff
261490407001035,1000,1000,10,23076508,300091,Midwest Energy & Communications,50,1,X,MI,88274bb80bfffff
261490408001000,1000,1000,3,23076508,300091,Midwest Energy & Communications,50,1,X,MI,88274bbac5fffff
261490408002003,1000,1000,1,23076508,300091,Midwest Energy & Communications,50,1,X,MI,88274bba85fffff
261490409001000,1000,1000,7,23076508,300091,Midwest Energy & Communications,50,1,X,MI,88274b8127fffff
261490409001001,1000,1000,4,23076508,300091,Midwest Energy & Communications,50,1,X,MI,88274b8a17fffff
261490409001002,1000,1000,8,23076508,300091,Midwest Energy & Communications,50,1,X,MI,88274b885dfffff
261490409001003,1000,1000,9,23076508,300091,Midwest Energy & Communications,50,1,X,MI,88274b8843fffff
261490409001004,1000,1000,1,23076508,300091,Midwest Energy & Communications,50,1,X,MI,88274b884dfffff
261490409001005,1000,1000,1,23076508,300091,Midwest Energy & Communications,50,1,X,MI,88274b8847fffff
261490409001006,1000,1000,2,23076508,300091,Midwest Energy & Communications,50,1,X,MI,88274b8847fffff
261490409001007,1000,1000,3,23076508,300091,Midwest Energy & Communications,50,1,X,MI,88274b8841fffff
261490409001008,1000,1000,5,23076508,300091,Midwest Energy & Communications,50,1,X,MI,88274b884dfffff
261490409001009,1000,1000,2,23076508,300091,Midwest Energy & Communications,50,1,X,MI,88274b8869fffff
261490409001010,1000,1000,1,23076508,300091,Midwest Energy & Communications,50,1,X,MI,88274b8861fffff
261490409001011,1000,1000,5,23076508,300091,Midwest Energy & Communications,50,1,X,MI,88274b8843fffff
261490409001012,1000,1000,29,23076508,300091,Midwest Energy & Communications,50,1,X,MI,88274b8ae7fffff
261490409001013,1000,1000,22,23076508,300091,Midwest Energy & Communications,50,1,X,MI,88274b8ae5fffff
261490409001014,1000,1000,5,23076508,300091,Midwest Energy & Communications,50,1,X,MI,88274b8ac5fffff
261490409001015,1000,1000,6,23076508,300091,Midwest Energy & Communications,50,1,X,MI,88274b8ac1fffff
261490409001016,1000,1000,5,23076508,300091,Midwest Energy & Communications,50,1,X,MI,88274b8acdfffff
261490409001017,1000,1000,14,23076508,300091,Midwest Energy & Communications,50,1,X,MI,88274b881bfffff
261490409001018,1000,1000,6,23076508,300091,Midwest Energy & Communications,50,1,X,MI,88274b8857fffff
261490409001019,1000,1000,29,23076508,300091,Midwest Energy & Communications,50,1,X,MI,88274b8ae7fffff
261490409001020,1000,1000,5,23076508,300091,Midwest Energy & Communications,50,1,X,MI,88274b8a83fffff
261490409001021,1000,1000,12,23076508,300091,Midwest Energy & Communications,50,1,X,MI,88274b8ab9fffff
261490409001022,1000,1000,16,23076508,300091,Midwest Energy & Communications,50,1,X,MI,88274b8abdfffff
261490409001023,1000,1000,7,23076508,300091,Midwest Energy & Communications,50,1,X,MI,88274b8aa7fffff
261490409001024,1000,1000,4,23076508,300091,Midwest Energy & Communications,50,1,X,MI,88274b881bfffff
261490409001025,1000,1000,5,23076508,300091,Midwest Energy & Communications,50,1,X,MI,88274b8819fffff
261490409001026,1000,1000,18,23076508,300091,Midwest Energy & Communications,50,1,X,MI,88274b8857fffff
261490409001027,1000,1000,4,23076508,300091,Midwest Energy & Communications,50,1,X,MI,88274b8809fffff
261490409001029,1000,1000,1,23076508,300091,Midwest Energy & Communications,50,1,X,MI,88274b886bfffff
261490409001030,1000,1000,4,23076508,300091,Midwest Energy & Communications,50,1,X,MI,88274b883dfffff
261490409001031,1000,1000,1,23076508,300091,Midwest Energy & Communications,50,1,X,MI,88274b8839fffff
261490409001032,1000,1000,1,23076508,300091,Midwest Energy & Communications,50,1,X,MI,88274b880dfffff
261490409001034,1000,1000,1,23076508,300091,Midwest Energy & Communications,50,1,X,MI,88274b8805fffff
261490409001035,1000,1000,1,23076508,300091,Midwest Energy & Communications,50,1,X,MI,88274b8807fffff
261490409001036,1000,1000,4,23076508,300091,Midwest Energy & Communications,50,1,X,MI,88274b883dfffff
261490409001037,1000,1000,9,23076508,300091,Midwest Energy & Communications,50,1,X,MI,88274b883dfffff
261490409001038,1000,1000,7,23076508,300091,Midwest Energy & Communications,50,1,X,MI,88274b8831fffff
261490409001039,1000,1000,3,23076508,300091,Midwest Energy & Communications,50,1,X,MI,88274b8839fffff
261490409001040,1000,1000,2,23076508,300091,Midwest Energy & Communications,50,1,X,MI,88274b8815fffff
261490409001041,1000,1000,2,23076508,300091,Midwest Energy & Communications,50,1,X,MI,88274b8803fffff
261490409001042,1000,1000,3,23076508,300091,Midwest Energy & Communications,50,1,X,MI,88274b8847fffff
261490409001043,1000,1000,4,23076508,300091,Midwest Energy & Communications,50,1,X,MI,88274b880bfffff
261490409001044,1000,1000,12,23076508,300091,Midwest Energy & Communications,50,1,X,MI,88274b8815fffff
261490409001046,1000,1000,2,23076508,300091,Midwest Energy & Communications,50,1,X,MI,88274b8831fffff
261490409001048,1000,1000,6,23076508,300091,Midwest Energy & Communications,50,1,X,MI,88274b88edfffff
261490409001049,1000,1000,2,23076508,300091,Midwest Energy & Communications,50,1,X,MI,88274b8817fffff
261490409001050,1000,1000,6,23076508,300091,Midwest Energy & Communications,50,1,X,MI,88274b881bfffff
261490409001053,1000,1000,3,23076508,300091,Midwest Energy & Communications,50,1,X,MI,88274b881bfffff
261490409001054,1000,1000,2,23076508,300091,Midwest Energy & Communications,50,1,X,MI,88274b8813fffff
261490409001057,1000,1000,8,23076508,300091,Midwest Energy & Communications,50,1,X,MI,88274b8817fffff
261490409001058,1000,1000,3,23076508,300091,Midwest Energy & Communications,50,1,X,MI,88274b89d9fffff
261490409001060,1000,1000,19,23076508,300091,Midwest Energy & Communications,50,1,X,MI,88274b88e5fffff
261490409001061,1000,1000,8,23076508,300091,Midwest Energy & Communications,50,1,X,MI,88274b88e3fffff
261490409001062,1000,1000,5,23076508,300091,Midwest Energy & Communications,50,1,X,MI,88274b88edfffff
261490409001063,1000,1000,1,23076508,300091,Midwest Energy & Communications,50,1,X,MI,88274b88e9fffff
261490409001064,1000,1000,7,23076508,300091,Midwest Energy & Communications,50,1,X,MI,88274b88e9fffff
261490409001065,1000,1000,4,23076508,300091,Midwest Energy & Communications,50,1,X,MI,88274b88c5fffff
261490409001066,1000,1000,10,23076508,300091,Midwest Energy & Communications,50,1,X,MI,88274b88c5fffff
261490409001067,1000,1000,6,23076508,300091,Midwest Energy & Communications,50,1,X,MI,88274b88c9fffff
261490409001068,1000,1000,12,23076508,300091,Midwest Energy & Communications,50,1,X,MI,88274b8abdfffff
261490409001071,1000,1000,14,23076508,300091,Midwest Energy & Communications,50,1,X,MI,88274b8ab1fffff
261490409001072,1000,1000,7,23076508,300091,Midwest Energy & Communications,50,1,X,MI,88274b8ab5fffff
261490409001073,1000,1000,19,23076508,300091,Midwest Energy & Communications,50,1,X,MI,88274b88d1fffff
261490409001074,1000,1000,8,23076508,300091,Midwest Energy & Communications,50,1,X,MI,88274b8f67fffff
261490409001075,1000,1000,13,23076508,300091,Midwest Energy & Communications,50,1,X,MI,88274b88e3fffff
261490409001076,1000,1000,18,23076508,300091,Midwest Energy & Communications,50,1,X,MI,88274b88a5fffff
261490409001077,1000,1000,5,23076508,300091,Midwest Energy & Communications,50,1,X,MI,88274b88a9fffff
261490409001078,1000,1000,5,23076508,300091,Midwest Energy & Communications,50,1,X,MI,88274b88abfffff
261490409001079,1000,1000,6,23076508,300091,Midwest Energy & Communications,50,1,X,MI,88274b888dfffff
261490409001080,1000,1000,5,23076508,300091,Midwest Energy & Communications,50,1,X,MI,88274b888dfffff
261490409001081,1000,1000,1,23076508,300091,Midwest Energy & Communications,50,1,X,MI,88274b8887fffff
261490409001082,1000,1000,1,23076508,300091,Midwest Energy & Communications,50,1,X,MI,88274b88e9fffff
261490409002001,1000,1000,2,23076508,300091,Midwest Energy & Communications,50,1,X,MI,88274b8139fffff
261490409002008,1000,1000,7,23076508,300091,Midwest Energy & Communications,50,1,X,MI,88274b8127fffff
261490409002009,1000,1000,13,23076508,300091,Midwest Energy & Communications,50,1,X,MI,88274b8127fffff
261490409002010,1000,1000,7,23076508,300091,Midwest Energy & Communications,50,1,X,MI,88274b8127fffff
261490409002011,1000,1000,13,23076508,300091,Midwest Energy & Communications,50,1,X,MI,88274b8127fffff
261490409002012,1000,1000,3,23076508,300091,Midwest Energy & Communications,50,1,X,MI,88274b8127fffff
261490409002013,1000,1000,7,23076508,300091,Midwest Energy & Communications,50,1,X,MI,88274b8ac9fffff
261490409002014,1000,1000,1,23076508,300091,Midwest Energy & Communications,50,1,X,MI,88274b8135fffff
261490409002016,1000,1000,1,23076508,300091,Midwest Energy & Communications,50,1,X,MI,88274b8137fffff
261490409002017,1000,1000,5,23076508,300091,Midwest Energy & Communications,50,1,X,MI,88274b8115fffff
261490409002018,1000,1000,8,23076508,300091,Midwest Energy & Communications,50,1,X,MI,88274b81edfffff
261490409002019,1000,1000,4,23076508,300091,Midwest Energy & Communications,50,1,X,MI,88274b8137fffff
261490409002021,1000,1000,3,23076508,300091,Midwest Energy & Communications,50,1,X,MI,88274b8137fffff
261490409002027,1000,1000,11,23076508,300091,Midwest Energy & Communications,50,1,X,MI,88274b8ac3fffff
261490409002028,1000,1000,40,23076508,300091,Midwest Energy & Communications,50,1,X,MI,88274b8a83fffff
261490409002030,1000,1000,7,23076508,300091,Midwest Energy & Communications,50,1,X,MI,88274b8a99fffff
261490409002032,1000,1000,7,23076508,300091,Midwest Energy & Communications,50,1,X,MI,88274b8a99fffff
261490409002033,1000,1000,9,23076508,300091,Midwest Energy & Communications,50,1,X,MI,88274b81a3fffff
261490409002034,1000,1000,8,23076508,300091,Midwest Energy & Communications,50,1,X,MI,88274b81e7fffff
261490409002035,1000,1000,30,23076508,300091,Midwest Energy & Communications,50,1,X,MI,88274b8133fffff
261490409002036,1000,1000,3,23076508,300091,Midwest Energy & Communications,50,1,X,MI,88274b8137fffff
261490409002038,1000,1000,11,23076508,300091,Midwest Energy & Communications,50,1,X,MI,88274b8f41fffff
261490409002041,1000,1000,9,23076508,300091,Midwest Energy & Communications,50,1,X,MI,88274b8f45fffff
261490409002042,1000,1000,14,23076508,300091,Midwest Energy & Communications,50,1,X,MI,88274b8a9bfffff
261490409002043,1000,1000,20,23076508,300091,Midwest Energy & Communications,50,1,X,MI,88274b8f45fffff
261490409002045,1000,1000,21,23076508,300091,Midwest Energy & Communications,50,1,X,MI,88274b8f45fffff
261490409002046,1000,1000,2,23076508,300091,Midwest Energy & Communications,50,1,X,MI,88274b8a9bfffff
261490409002047,1000,1000,5,23076508,300091,Midwest Energy & Communications,50,1,X,MI,88274b8a93fffff
261490409002048,1000,1000,1,23076508,300091,Midwest Energy & Communications,50,1,X,MI,88274b8f05fffff
261490409002049,1000,1000,1,23076508,300091,Midwest Energy & Communications,50,1,X,MI,88274b8a93fffff
261490409002051,1000,1000,4,23076508,300091,Midwest Energy & Communications,50,1,X,MI,88274b8a97fffff
261490409002052,1000,1000,6,23076508,300091,Midwest Energy & Communications,50,1,X,MI,88274b8abbfffff
261490409002057,1000,1000,5,23076508,300091,Midwest Energy & Communications,50,1,X,MI,88274b8f61fffff
261490409002058,1000,1000,8,23076508,300091,Midwest Energy & Communications,50,1,X,MI,88274b8f65fffff
261490409002059,1000,1000,4,23076508,300091,Midwest Energy & Communications,50,1,X,MI,88274b8f29fffff
261490409002060,1000,1000,15,23076508,300091,Midwest Energy & Communications,50,1,X,MI,88274b8ab9fffff
261490409003001,1000,1000,4,23076508,300091,Midwest Energy & Communications,50,1,X,MI,88274b8005fffff
261490409003002,1000,1000,7,23076508,300091,Midwest Energy & Communications,50,1,X,MI,88274b8021fffff
261490409003003,1000,1000,12,23076508,300091,Midwest Energy & Communications,50,1,X,MI,88274b8115fffff
261490409003005,1000,1000,6,23076508,300091,Midwest Energy & Communications,50,1,X,MI,88274b81e9fffff
261490409003006,1000,1000,1,23076508,300091,Midwest Energy & Communications,50,1,X,MI,88274b81e9fffff
261490409003007,1000,1000,7,23076508,300091,Midwest Energy & Communications,50,1,X,MI,88274b81e1fffff
261490409003008,1000,1000,22,23076508,300091,Midwest Energy & Communications,50,1,X,MI,88274b81e1fffff
261490409003009,1000,1000,4,23076508,300091,Midwest Energy & Communications,50,1,X,MI,88274b81c7fffff
261490409003010,1000,1000,11,23076508,300091,Midwest Energy & Communications,50,1,X,MI,88274b8113fffff
261490409003011,1000,1000,1,23076508,300091,Midwest Energy & Communications,50,1,X,MI,88274b81c5fffff
261490409003012,1000,1000,1,23076508,300091,Midwest Energy & Communications,50,1,X,MI,88274b81c1fffff
261490409003013,1000,1000,1,23076508,300091,Midwest Energy & Communications,50,1,X,MI,88274b8021fffff
261490409003014,1000,1000,6,23076508,300091,Midwest Energy & Communications,50,1,X,MI,88274b8021fffff
261490409003019,1000,1000,14,23076508,300091,Midwest Energy & Communications,50,1,X,MI,88274b8037fffff
261490409003020,1000,1000,2,23076508,300091,Midwest Energy & Communications,50,1,X,MI,88274b81d9fffff
261490409003022,1000,1000,1,23076508,300091,Midwest Energy & Communications,50,1,X,MI,88274b81cbfffff
261490409003023,1000,1000,1,23076508,300091,Midwest Energy & Communications,50,1,X,MI,88274b81c3fffff
261490409003032,1000,1000,1,23076508,300091,Midwest Energy & Communications,50,1,X,MI,88274b81d9fffff
261490409003045,1000,1000,11,23076508,300091,Midwest Energy & Communications,50,1,X,MI,88274b81a3fffff
261490409003046,1000,1000,9,23076508,300091,Midwest Energy & Communications,50,1,X,MI,88274b8f49fffff
261490409003050,1000,1000,7,23076508,300091,Midwest Energy & Communications,50,1,X,MI,88274b8085fffff
261490409003054,1000,1000,1,23076508,300091,Midwest Energy & Communications,50,1,X,MI,88274b80bdfffff
261490409003061,1000,1000,1,23076508,300091,Midwest Energy & Communications,50,1,X,MI,88274b80b1fffff
261490409003066,1000,1000,2,23076508,300091,Midwest Energy & Communications,50,1,X,MI,88274b8e0dfffff
261490409003068,1000,1000,4,23076508,300091,Midwest Energy & Communications,50,1,X,MI,88274b8e09fffff
261490409003069,1000,1000,9,23076508,300091,Midwest Energy & Communications,50,1,X,MI,88274b8e55fffff
261490409003078,1000,1000,3,23076508,300091,Midwest Energy & Communications,50,1,X,MI,88274b8e59fffff
261490409003079,1000,1000,38,23076508,300091,Midwest Energy & Communications,50,1,X,MI,88274b8f43fffff
261490409003080,1000,1000,2,23076508,300091,Midwest Energy & Communications,50,1,X,MI,88274b81b7fffff
261490410001000,1000,1000,2,23076508,300091,Midwest Energy & Communications,50,1,X,MI,88274b94cdfffff
261490410001002,1000,1000,1,23076508,300091,Midwest Energy & Communications,50,1,X,MI,88274b94c5fffff
261490410001003,1000,1000,3,23076508,300091,Midwest Energy & Communications,50,1,X,MI,88274b94e9fffff
261490410001004,1000,1000,7,23076508,300091,Midwest Energy & Communications,50,1,X,MI,88274b94e9fffff
261490410001005,1000,1000,9,23076508,300091,Midwest Energy & Communications,50,1,X,MI,88274b94e5fffff
261490410001006,1000,1000,2,23076508,300091,Midwest Energy & Communications,50,1,X,MI,88274b9433fffff
261490410001007,1000,1000,4,23076508,300091,Midwest Energy & Communications,50,1,X,MI,88274b9437fffff
261490410001008,1000,1000,2,23076508,300091,Midwest Energy & Communications,50,1,X,MI,88274b95cbfffff
261490410001009,1000,1000,6,23076508,300091,Midwest Energy & Communications,50,1,X,MI,88274b95d5fffff
261490410001010,1000,1000,8,23076508,300091,Midwest Energy & Communications,50,1,X,MI,88274b95ebfffff
261490410001011,1000,1000,2,23076508,300091,Midwest Energy & Communications,50,1,X,MI,88274b95bdfffff
261490410001013,1000,1000,2,23076508,300091,Midwest Energy & Communications,50,1,X,MI,88274b9589fffff
261490410001014,1000,1000,3,23076508,300091,Midwest Energy & Communications,50,1,X,MI,88274b958bfffff
261490410001015,1000,1000,7,23076508,300091,Midwest Energy & Communications,50,1,X,MI,88274b95d5fffff
261490410001016,1000,1000,1,23076508,300091,Midwest Energy & Communications,50,1,X,MI,88274b95ddfffff
261490410001017,1000,1000,2,23076508,300091,Midwest Energy & Communications,50,1,X,MI,88274b95ddfffff
261490410001018,1000,1000,1,23076508,300091,Midwest Energy & Communications,50,1,X,MI,88274b95ddfffff
261490410001019,1000,1000,2,23076508,300091,Midwest Energy & Communications,50,1,X,MI,88274b95d1fffff
261490410001020,1000,1000,1,23076508,300091,Midwest Energy & Communications,50,1,X,MI,88274b95dbfffff
261490410001021,1000,1000,9,23076508,300091,Midwest Energy & Communications,50,1,X,MI,88274b94adfffff
261490410001022,1000,1000,3,23076508,300091,Midwest Energy & Communications,50,1,X,MI,88274b94ebfffff
261490410001028,1000,1000,10,23076508,300091,Midwest Energy & Communications,50,1,X,MI,88274b94ebfffff
261490410001029,1000,1000,11,23076508,300091,Midwest Energy & Communications,50,1,X,MI,88274b9599fffff
261490410001030,1000,1000,2,23076508,300091,Midwest Energy & Communications,50,1,X,MI,88274b959dfffff
261490410001031,1000,1000,2,23076508,300091,Midwest Energy & Communications,50,1,X,MI,88274b95bbfffff
261490410001032,1000,1000,6,23076508,300091,Midwest Energy & Communications,50,1,X,MI,88274b95bdfffff
261490410001033,1000,1000,7,23076508,300091,Midwest Energy & Communications,50,1,X,MI,88274b9597fffff
261490410001034,1000,1000,1,23076508,300091,Midwest Energy & Communications,50,1,X,MI,88274b9597fffff
261490410001039,1000,1000,10,23076508,300091,Midwest Energy & Communications,50,1,X,MI,88274b94e3fffff
261490410001040,1000,1000,11,23076508,300091,Midwest Energy & Communications,50,1,X,MI,88274b94abfffff
261490410001041,1000,1000,14,23076508,300091,Midwest Energy & Communications,50,1,X,MI,88274b948dfffff
261490410001042,1000,1000,3,23076508,300091,Midwest Energy & Communications,50,1,X,MI,88274b948dfffff
261490410001043,1000,1000,12,23076508,300091,Midwest Energy & Communications,50,1,X,MI,88274b94abfffff
261490410001044,1000,1000,48,23076508,300091,Midwest Energy & Communications,50,1,X,MI,88274b8641fffff
261490410001045,1000,1000,25,23076508,300091,Midwest Energy & Communications,50,1,X,MI,88274b94a5fffff
261490410001047,1000,1000,25,23076508,300091,Midwest Energy & Communications,50,1,X,MI,88274b9597fffff
261490410001049,1000,1000,6,23076508,300091,Midwest Energy & Communications,50,1,X,MI,88274b95bbfffff
261490410001050,1000,1000,4,23076508,300091,Midwest Energy & Communications,50,1,X,MI,88274b8665fffff
261490410001052,1000,1000,18,23076508,300091,Midwest Energy & Communications,50,1,X,MI,88274b8669fffff
261490410001053,1000,1000,7,23076508,300091,Midwest Energy & Communications,50,1,X,MI,88274b8669fffff
261490410001054,1000,1000,15,23076508,300091,Midwest Energy & Communications,50,1,X,MI,88274b860dfffff
261490410001055,1000,1000,8,23076508,300091,Midwest Energy & Communications,50,1,X,MI,88274b862dfffff
261490410001057,1000,1000,4,23076508,300091,Midwest Energy & Communications,50,1,X,MI,88274b862dfffff
261490410001058,1000,1000,11,23076508,300091,Midwest Energy & Communications,50,1,X,MI,88274b866bfffff
261490410001059,1000,1000,4,23076508,300091,Midwest Energy & Communications,50,1,X,MI,88274b8659fffff
261490410001060,1000,1000,5,23076508,300091,Midwest Energy & Communications,50,1,X,MI,88274b94b7fffff
261490410001065,1000,1000,2,23076508,300091,Midwest Energy & Communications,50,1,X,MI,88274b8655fffff
261490410001067,1000,1000,3,23076508,300091,Midwest Energy & Communications,50,1,X,MI,88274b860bfffff
261490410001071,1000,1000,10,23076508,300091,Midwest Energy & Communications,50,1,X,MI,88274b8621fffff
261490410001073,1000,1000,3,23076508,300091,Midwest Energy & Communications,50,1,X,MI,88274b8621fffff
261490410001075,1000,1000,10,23076508,300091,Midwest Energy & Communications,50,1,X,MI,88274b9599fffff
261490410001076,1000,1000,8,23076508,300091,Midwest Energy & Communications,50,1,X,MI,88274b94a5fffff
261490410001077,1000,1000,17,23076508,300091,Midwest Energy & Communications,50,1,X,MI,88274b8449fffff
261490410002000,1000,1000,4,23076508,300091,Midwest Energy & Communications,50,1,X,MI,88274b95e1fffff
261490410002001,1000,1000,4,23076508,300091,Midwest Energy & Communications,50,1,X,MI,88274b95e5fffff
261490410002002,1000,1000,6,23076508,300091,Midwest Energy & Communications,50,1,X,MI,88274b82dbfffff
261490410002003,1000,1000,1,23076508,300091,Midwest Energy & Communications,50,1,X,MI,88274b82d5fffff
261490410002004,1000,1000,2,23076508,300091,Midwest Energy & Communications,50,1,X,MI,88274b828dfffff
261490410002006,1000,1000,2,23076508,300091,Midwest Energy & Communications,50,1,X,MI,88274b82e3fffff
261490410002009,1000,1000,3,23076508,300091,Midwest Energy & Communications,50,1,X,MI,88274b82adfffff
261490410002019,1000,1000,5,23076508,300091,Midwest Energy & Communications,50,1,X,MI,88274b82a9fffff
261490410002020,1000,1000,28,23076508,300091,Midwest Energy & Communications,50,1,X,MI,88274b80cdfffff
261490410002022,1000,1000,11,23076508,300091,Midwest Energy & Communications,50,1,X,MI,88274b8285fffff
261490410002023,1000,1000,1,23076508,300091,Midwest Energy & Communications,50,1,X,MI,88274b82a9fffff
261490410002024,1000,1000,1,23076508,300091,Midwest Energy & Communications,50,1,X,MI,88274b80c3fffff
261490410002025,1000,1000,24,23076508,300091,Midwest Energy & Communications,50,1,X,MI,88274b801bfffff
261490410002030,1000,1000,2,23076508,300091,Midwest Energy & Communications,50,1,X,MI,88274b82b9fffff
261490410002031,1000,1000,13,23076508,300091,Midwest Energy & Communications,50,1,X,MI,88274b8285fffff
261490410002032,1000,1000,3,23076508,300091,Midwest Energy & Communications,50,1,X,MI,88274b8295fffff
261490410002033,1000,1000,15,23076508,300091,Midwest Energy & Communications,50,1,X,MI,88274b95adfffff
261490410002034,1000,1000,7,23076508,300091,Midwest Energy & Communications,50,1,X,MI,88274b82d7fffff
261490410002035,1000,1000,2,23076508,300091,Midwest Energy & Communications,50,1,X,MI,88274b82dbfffff
261490410002036,1000,1000,2,23076508,300091,Midwest Energy & Communications,50,1,X,MI,88274b95e7fffff
261490410002037,1000,1000,1,23076508,300091,Midwest Energy & Communications,50,1,X,MI,88274b82dbfffff
261490410002039,1000,1000,7,23076508,300091,Midwest Energy & Communications,50,1,X,MI,88274b95adfffff
261490410002040,1000,1000,9,23076508,300091,Midwest Energy & Communications,50,1,X,MI,88274b9585fffff
261490410003000,1000,1000,11,23076508,300091,Midwest Energy & Communications,50,1,X,MI,88274b82b3fffff
261490410003001,1000,1000,12,23076508,300091,Midwest Energy & Communications,50,1,X,MI,88274b82b5fffff
261490410003002,1000,1000,12,23076508,300091,Midwest Energy & Communications,50,1,X,MI,88274b808dfffff
261490410003004,1000,1000,7,23076508,300091,Midwest Energy & Communications,50,1,X,MI,88274b808dfffff
261490410003005,1000,1000,31,23076508,300091,Midwest Energy & Communications,50,1,X,MI,88274b8089fffff
261490410003007,1000,1000,7,23076508,300091,Midwest Energy & Communications,50,1,X,MI,88274b808bfffff
261490410003008,1000,1000,2,23076508,300091,Midwest Energy & Communications,50,1,X,MI,88274b872dfffff
261490410003009,1000,1000,6,23076508,300091,Midwest Energy & Communications,50,1,X,MI,88274b8765fffff
261490410003010,1000,1000,7,23076508,300091,Midwest Energy & Communications,50,1,X,MI,88274b8767fffff
261490410003011,1000,1000,13,23076508,300091,Midwest Energy & Communications,50,1,X,MI,88274b872dfffff
261490410003012,1000,1000,5,23076508,300091,Midwest Energy & Communications,50,1,X,MI,88274b872dfffff
261490410003013,1000,1000,9,23076508,300091,Midwest Energy & Communications,50,1,X,MI,88274b8729fffff
261490410003014,1000,1000,3,23076508,300091,Midwest Energy & Communications,50,1,X,MI,88274b872dfffff
261490410003015,1000,1000,22,23076508,300091,Midwest Energy & Communications,50,1,X,MI,88274b8725fffff
261490410003016,1000,1000,10,23076508,300091,Midwest Energy & Communications,50,1,X,MI,88274b872dfffff
261490410003017,1000,1000,3,23076508,300091,Midwest Energy & Communications,50,1,X,MI,88274b8725fffff
261490410003018,1000,1000,10,23076508,300091,Midwest Energy & Communications,50,1,X,MI,88274b8725fffff
261490410003019,1000,1000,6,23076508,300091,Midwest Energy & Communications,50,1,X,MI,88274b8099fffff
261490410003020,1000,1000,2,23076508,300091,Midwest Energy & Communications,50,1,X,MI,88274b809dfffff
261490410003021,1000,1000,12,23076508,300091,Midwest Energy & Communications,50,1,X,MI,88274b80b9fffff
261490410003022,1000,1000,3,23076508,300091,Midwest Energy & Communications,50,1,X,MI,88274b80b9fffff
261490410003023,1000,1000,8,23076508,300091,Midwest Energy & Communications,50,1,X,MI,88274b856dfffff
261490410003024,1000,1000,9,23076508,300091,Midwest Energy & Communications,50,1,X,MI,88274b8569fffff
261490410003025,1000,1000,6,23076508,300091,Midwest Energy & Communications,50,1,X,MI,88274b8569fffff
261490410003027,1000,1000,20,23076508,300091,Midwest Energy & Communications,50,1,X,MI,88274b8725fffff
261490410003028,1000,1000,7,23076508,300091,Midwest Energy & Communications,50,1,X,MI,88274b8725fffff
261490410003029,1000,1000,3,23076508,300091,Midwest Energy & Communications,50,1,X,MI,88274b8725fffff
261490410003030,1000,1000,2,23076508,300091,Midwest Energy & Communications,50,1,X,MI,88274b8721fffff
261490410003031,1000,1000,1,23076508,300091,Midwest Energy & Communications,50,1,X,MI,88274b8721fffff
261490410003032,1000,1000,10,23076508,300091,Midwest Energy & Communications,50,1,X,MI,88274b872dfffff
261490410003033,1000,1000,12,23076508,300091,Midwest Energy & Communications,50,1,X,MI,88274b872dfffff
261490410003034,1000,1000,8,23076508,300091,Midwest Energy & Communications,50,1,X,MI,88274b8729fffff
261490410003035,1000,1000,8,23076508,300091,Midwest Energy & Communications,50,1,X,MI,88274b8729fffff
261490410003036,1000,1000,11,23076508,300091,Midwest Energy & Communications,50,1,X,MI,88274b8729fffff
261490410003037,1000,1000,6,23076508,300091,Midwest Energy & Communications,50,1,X,MI,88274b8729fffff
261490410003038,1000,1000,4,23076508,300091,Midwest Energy & Communications,50,1,X,MI,88274b8729fffff
261490410003039,1000,1000,21,23076508,300091,Midwest Energy & Communications,50,1,X,MI,88274b8721fffff
261490410003040,1000,1000,4,23076508,300091,Midwest Energy & Communications,50,1,X,MI,88274b8721fffff
261490410003041,1000,1000,8,23076508,300091,Midwest Energy & Communications,50,1,X,MI,88274b872dfffff
261490410003042,1000,1000,10,23076508,300091,Midwest Energy & Communications,50,1,X,MI,88274b8729fffff
261490410003043,1000,1000,12,23076508,300091,Midwest Energy & Communications,50,1,X,MI,88274b8729fffff
261490410003044,1000,1000,17,23076508,300091,Midwest Energy & Communications,50,1,X,MI,88274b8729fffff
261490410003045,1000,1000,6,23076508,300091,Midwest Energy & Communications,50,1,X,MI,88274b8721fffff
261490410003046,1000,1000,3,23076508,300091,Midwest Energy & Communications,50,1,X,MI,88274b8721fffff
261490410003047,1000,1000,4,23076508,300091,Midwest Energy & Communications,50,1,X,MI,88274b8721fffff
261490410003048,1000,1000,1,23076508,300091,Midwest Energy & Communications,50,1,X,MI,88274b8721fffff
261490410003049,1000,1000,14,23076508,300091,Midwest Energy & Communications,50,1,X,MI,88274b8721fffff
261490410003052,1000,1000,15,23076508,300091,Midwest Energy & Communications,50,1,X,MI,88274b8721fffff
261490410003053,1000,1000,3,23076508,300091,Midwest Energy & Communications,50,1,X,MI,88274b8721fffff
261490410003054,1000,1000,6,23076508,300091,Midwest Energy & Communications,50,1,X,MI,88274b8727fffff
261490410003055,1000,1000,23,23076508,300091,Midwest Energy & Communications,50,1,X,MI,88274b872bfffff
261490410003056,1000,1000,24,23076508,300091,Midwest Energy & Communications,50,1,X,MI,88274b8727fffff
261490410004000,1000,1000,2,23076508,300091,Midwest Energy & Communications,50,1,X,MI,88274b95a3fffff
261490410004001,1000,1000,3,23076508,300091,Midwest Energy & Communications,50,1,X,MI,88274b8749fffff
261490410004002,1000,1000,2,23076508,300091,Midwest Energy & Communications,50,1,X,MI,88274b95a7fffff
261490410004003,1000,1000,30,23076508,300091,Midwest Energy & Communications,50,1,X,MI,88274b876bfffff
261490410004004,1000,1000,1,23076508,300091,Midwest Energy & Communications,50,1,X,MI,88274b8763fffff
261490410004005,1000,1000,1,23076508,300091,Midwest Energy & Communications,50,1,X,MI,88274b8763fffff
261490410004006,1000,1000,2,23076508,300091,Midwest Energy & Communications,50,1,X,MI,88274b8763fffff
261490410004007,1000,1000,6,23076508,300091,Midwest Energy & Communications,50,1,X,MI,88274b8761fffff
261490410004008,1000,1000,4,23076508,300091,Midwest Energy & Communications,50,1,X,MI,88274b876dfffff
261490410004009,1000,1000,5,23076508,300091,Midwest Energy & Communications,50,1,X,MI,88274b8729fffff
261490410004010,1000,1000,40,23076508,300091,Midwest Energy & Communications,50,1,X,MI,88274b8729fffff
261490410004011,1000,1000,6,23076508,300091,Midwest Energy & Communications,50,1,X,MI,88274b8729fffff
261490410004012,1000,1000,12,23076508,300091,Midwest Energy & Communications,50,1,X,MI,88274b8729fffff
261490410004013,1000,1000,9,23076508,300091,Midwest Energy & Communications,50,1,X,MI,88274b8729fffff
261490410004014,1000,1000,9,23076508,300091,Midwest Energy & Communications,50,1,X,MI,88274b8729fffff
261490410004015,1000,1000,15,23076508,300091,Midwest Energy & Communications,50,1,X,MI,88274b8705fffff
261490410004016,1000,1000,7,23076508,300091,Midwest Energy & Communications,50,1,X,MI,88274b8747fffff
261490410004017,1000,1000,1,23076508,300091,Midwest Energy & Communications,50,1,X,MI,88274b870bfffff
261490410004018,1000,1000,8,23076508,300091,Midwest Energy & Communications,50,1,X,MI,88274b8747fffff
261490410004019,1000,1000,3,23076508,300091,Midwest Energy & Communications,50,1,X,MI,88274b875dfffff
261490410004021,1000,1000,1,23076508,300091,Midwest Energy & Communications,50,1,X,MI,88274b874bfffff
261490410004023,1000,1000,1,23076508,300091,Midwest Energy & Communications,50,1,X,MI,88274b8743fffff
261490410004024,1000,1000,3,23076508,300091,Midwest Energy & Communications,50,1,X,MI,88274b875dfffff
261490410004025,1000,1000,1,23076508,300091,Midwest Energy & Communications,50,1,X,MI,88274b8665fffff
261490410004026,1000,1000,4,23076508,300091,Midwest Energy & Communications,50,1,X,MI,88274b8759fffff
261490410004030,1000,1000,24,23076508,300091,Midwest Energy & Communications,50,1,X,MI,88274b8705fffff
261490410004031,1000,1000,1,23076508,300091,Midwest Energy & Communications,50,1,X,MI,88274b8755fffff
261490410004035,1000,1000,1,23076508,300091,Midwest Energy & Communications,50,1,X,MI,88274b8757fffff
261490410004036,1000,1000,1,23076508,300091,Midwest Energy & Communications,50,1,X,MI,88274b862dfffff
261490410004037,1000,1000,7,23076508,300091,Midwest Energy & Communications,50,1,X,MI,88274b862dfffff
261490410004039,1000,1000,3,23076508,300091,Midwest Energy & Communications,50,1,X,MI,88274b875bfffff
261490410004041,1000,1000,14,23076508,300091,Midwest Energy & Communications,50,1,X,MI,88274b8729fffff
261490410004042,1000,1000,11,23076508,300091,Midwest Energy & Communications,50,1,X,MI,88274b8729fffff
261490410004043,1000,1000,8,23076508,300091,Midwest Energy & Communications,50,1,X,MI,88274b8729fffff
261490410004044,1000,1000,16,23076508,300091,Midwest Energy & Communications,50,1,X,MI,88274b8719fffff
261490410004048,1000,1000,1,23076508,300091,Midwest Energy & Communications,50,1,X,MI,88274b8621fffff
261490410004049,1000,1000,7,23076508,300091,Midwest Energy & Communications,50,1,X,MI,88274b871bfffff
261490410004050,1000,1000,4,23076508,300091,Midwest Energy & Communications,50,1,X,MI,88274b8713fffff
261490410004051,1000,1000,13,23076508,300091,Midwest Energy & Communications,50,1,X,MI,88274b8707fffff
261490410004052,1000,1000,14,23076508,300091,Midwest Energy & Communications,50,1,X,MI,88274b872bfffff
261490410004053,1000,1000,2,23076508,300091,Midwest Energy & Communications,50,1,X,MI,88274b872bfffff
261490410004055,1000,1000,8,23076508,300091,Midwest Energy & Communications,50,1,X,MI,88274b871dfffff
261490410004058,1000,1000,27,23076508,300091,Midwest Energy & Communications,50,1,X,MI,88274b872bfffff
261490410004059,1000,1000,10,23076508,300091,Midwest Energy & Communications,50,1,X,MI,88274b8751fffff
261490410004060,1000,1000,1,23076508,300091,Midwest Energy & Communications,50,1,X,MI,88274b8627fffff
261490411011000,1000,1000,2,23076508,300091,Midwest Energy & Communications,50,1,X,MI,88274b8dd5fffff
261490411011002,1000,1000,2,23076508,300091,Midwest Energy & Communications,50,1,X,MI,88274b8d8bfffff
261490411011006,1000,1000,23,23076508,300091,Midwest Energy & Communications,50,1,X,MI,88274b8d89fffff
261490411011010,1000,1000,20,23076508,300091,Midwest Energy & Communications,50,1,X,MI,88274b8da9fffff
261490411011011,1000,1000,1,23076508,300091,Midwest Energy & Communications,50,1,X,MI,88274b8de1fffff
261490411011012,1000,1000,1,23076508,300091,Midwest Energy & Communications,50,1,X,MI,88274b8de7fffff
261490411011013,1000,1000,7,23076508,300091,Midwest Energy & Communications,50,1,X,MI,88274b8de5fffff
261490411011014,1000,1000,4,23076508,300091,Midwest Energy & Communications,50,1,X,MI,88274b12d1fffff
261490411011015,1000,1000,1,23076508,300091,Midwest Energy & Communications,50,1,X,MI,88274b12d1fffff
261490411011016,1000,1000,20,23076508,300091,Midwest Energy & Communications,50,1,X,MI,88274b12dbfffff
261490411011017,1000,1000,6,23076508,300091,Midwest Energy & Communications,50,1,X,MI,88274b8de7fffff
261490411011018,1000,1000,3,23076508,300091,Midwest Energy & Communications,50,1,X,MI,88274b8de7fffff
261490411011019,1000,1000,5,23076508,300091,Midwest Energy & Communications,50,1,X,MI,88274b8da1fffff
261490411011020,1000,1000,2,23076508,300091,Midwest Energy & Communications,50,1,X,MI,88274b8da1fffff
261490411011026,1000,1000,2,23076508,300091,Midwest Energy & Communications,50,1,X,MI,88274b8de7fffff
261490411011027,1000,1000,1,23076508,300091,Midwest Energy & Communications,50,1,X,MI,88274b12dbfffff
261490411011028,1000,1000,6,23076508,300091,Midwest Energy & Communications,50,1,X,MI,88274b8d95fffff
261490411011037,1000,1000,3,23076508,300091,Midwest Energy & Communications,50,1,X,MI,88274b8d95fffff
261490411011038,1000,1000,4,23076508,300091,Midwest Energy & Communications,50,1,X,MI,88274b166dfffff
261490411012000,1000,1000,5,23076508,300091,Midwest Energy & Communications,50,1,X,MI,88274b12d1fffff
261490411012001,1000,1000,5,23076508,300091,Midwest Energy & Communications,50,1,X,MI,88274b12d1fffff
261490411012002,1000,1000,5,23076508,300091,Midwest Energy & Communications,50,1,X,MI,88274b128dfffff
261490411012007,1000,1000,12,23076508,300091,Midwest Energy & Communications,50,1,X,MI,88274b1299fffff
261490411012009,1000,1000,15,23076508,300091,Midwest Energy & Communications,50,1,X,MI,88274b1285fffff
261490411012010,1000,1000,7,23076508,300091,Midwest Energy & Communications,50,1,X,MI,88274b12a9fffff
261490411012011,1000,1000,1,23076508,300091,Midwest Energy & Communications,50,1,X,MI,88274b12a1fffff
261490411012014,1000,1000,9,23076508,300091,Midwest Energy & Communications,50,1,X,MI,88274b12bdfffff
261490411012015,1000,1000,1,23076508,300091,Midwest Energy & Communications,50,1,X,MI,88274b12b9fffff
261490411012017,1000,1000,5,23076508,300091,Midwest Energy & Communications,50,1,X,MI,88274b1295fffff
261490411012018,1000,1000,1,23076508,300091,Midwest Energy & Communications,50,1,X,MI,88274b1291fffff
261490411012020,1000,1000,1,23076508,300091,Midwest Energy & Communications,50,1,X,MI,88274b1297fffff
261490411012023,1000,1000,1,23076508,300091,Midwest Energy & Communications,50,1,X,MI,88274b1297fffff
261490411012038,1000,1000,18,23076508,300091,Midwest Energy & Communications,50,1,X,MI,88274b1707fffff
261490411012039,1000,1000,6,23076508,300091,Midwest Energy & Communications,50,1,X,MI,88274b172bfffff
261490411012040,1000,1000,3,23076508,300091,Midwest Energy & Communications,50,1,X,MI,88274b1763fffff
261490411012041,1000,1000,4,23076508,300091,Midwest Energy & Communications,50,1,X,MI,88274b1763fffff
261490411012044,1000,1000,1,23076508,300091,Midwest Energy & Communications,50,1,X,MI,88274b12b1fffff
261490411012047,1000,1000,1,23076508,300091,Midwest Energy & Communications,50,1,X,MI,88274b12bdfffff
261490411012049,1000,1000,2,23076508,300091,Midwest Energy & Communications,50,1,X,MI,88274b10d5fffff
261490411012050,1000,1000,4,23076508,300091,Midwest Energy & Communications,50,1,X,MI,88274b1729fffff
261490411012052,1000,1000,6,23076508,300091,Midwest Energy & Communications,50,1,X,MI,88274b172dfffff
261490411012053,1000,1000,5,23076508,300091,Midwest Energy & Communications,50,1,X,MI,88274b10dbfffff
261490411012054,1000,1000,2,23076508,300091,Midwest Energy & Communications,50,1,X,MI,88274b10d1fffff
261490411012055,1000,1000,7,23076508,300091,Midwest Energy & Communications,50,1,X,MI,88274b1727fffff
261490411012056,1000,1000,5,23076508,300091,Midwest Energy & Communications,50,1,X,MI,88274b172bfffff
261490411012057,1000,1000,1,23076508,300091,Midwest Energy & Communications,50,1,X,MI,88274b10d3fffff
261490411012058,1000,1000,8,23076508,300091,Midwest Energy & Communications,50,1,X,MI,88274b109bfffff
261490411012059,1000,1000,2,23076508,300091,Midwest Energy & Communications,50,1,X,MI,88274b10d7fffff
261490411012060,1000,1000,6,23076508,300091,Midwest Energy & Communications,50,1,X,MI,88274b10d7fffff
261490411012061,1000,1000,6,23076508,300091,Midwest Energy & Communications,50,1,X,MI,88274b1099fffff
261490411012062,1000,1000,3,23076508,300091,Midwest Energy & Communications,50,1,X,MI,88274b1093fffff
261490411012063,1000,1000,15,23076508,300091,Midwest Energy & Communications,50,1,X,MI,88274b1541fffff
261490411012065,1000,1000,3,23076508,300091,Midwest Energy & Communications,50,1,X,MI,88274b1541fffff
261490411012066,1000,1000,16,23076508,300091,Midwest Energy & Communications,50,1,X,MI,88274b1737fffff
261490411012067,1000,1000,16,23076508,300091,Midwest Energy & Communications,50,1,X,MI,88274b170bfffff
261490411012068,1000,1000,8,23076508,300091,Midwest Energy & Communications,50,1,X,MI,88274b172bfffff
261490411012069,1000,1000,6,23076508,300091,Midwest Energy & Communications,50,1,X,MI,88274b1707fffff
261490411012075,1000,1000,2,23076508,300091,Midwest Energy & Communications,50,1,X,MI,88274b1541fffff
261490411012076,1000,1000,1,23076508,300091,Midwest Energy & Communications,50,1,X,MI,88274b1547fffff
261490411012077,1000,1000,4,23076508,300091,Midwest Energy & Communications,50,1,X,MI,88274b1545fffff
261490411012079,1000,1000,2,23076508,300091,Midwest Energy & Communications,50,1,X,MI,88274b109bfffff
261490411012080,1000,1000,13,23076508,300091,Midwest Energy & Communications,50,1,X,MI,88274b1723fffff
261490411012082,1000,1000,4,23076508,300091,Midwest Energy & Communications,50,1,X,MI,88274b1723fffff
261490411012083,1000,1000,1,23076508,300091,Midwest Energy & Communications,50,1,X,MI,88274b156bfffff
261490411012084,1000,1000,1,23076508,300091,Midwest Energy & Communications,50,1,X,MI,88274b150dfffff
261490411012090,1000,1000,2,23076508,300091,Midwest Energy & Communications,50,1,X,MI,88274b156bfffff
261490411013030,1000,1000,30,23076508,300091,Midwest Energy & Communications,50,1,X,MI,88274b171dfffff
261490411013032,1000,1000,15,23076508,300091,Midwest Energy & Communications,50,1,X,MI,88274b173bfffff
261490411013033,1000,1000,27,23076508,300091,Midwest Energy & Communications,50,1,X,MI,88274b1737fffff
261490411013034,1000,1000,10,23076508,300091,Midwest Energy & Communications,50,1,X,MI,88274b1737fffff
261490411013036,1000,1000,1,23076508,300091,Midwest Energy & Communications,50,1,X,MI,88274b173bfffff
261490411013037,1000,1000,42,23076508,300091,Midwest Energy & Communications,50,1,X,MI,88274b171dfffff
261490411013038,1000,1000,17,23076508,300091,Midwest Energy & Communications,50,1,X,MI,88274b171dfffff
261490411013041,1000,1000,5,23076508,300091,Midwest Energy & Communications,50,1,X,MI,88274b173bfffff
261490411014000,1000,1000,2,23076508,300091,Midwest Energy & Communications,50,1,X,MI,88274b1661fffff
261490411014040,1000,1000,2,23076508,300091,Midwest Energy & Communications,50,1,X,MI,88274b1629fffff
261490411014055,1000,1000,1,23076508,300091,Midwest Energy & Communications,50,1,X,MI,88274b1441fffff
261490411014058,1000,1000,3,23076508,300091,Midwest Energy & Communications,50,1,X,MI,88274b1449fffff
261490411021000,1000,1000,12,23076508,300091,Midwest Energy & Communications,50,1,X,MI,88274b88d1fffff
261490411021001,1000,1000,3,23076508,300091,Midwest Energy & Communications,50,1,X,MI,88274b88d7fffff
261490411021002,1000,1000,15,23076508,300091,Midwest Energy & Communications,50,1,X,MI,88274b8895fffff
261490411021003,1000,1000,18,23076508,300091,Midwest Energy & Communications,50,1,X,MI,88274b8891fffff
261490411021004,1000,1000,11,23076508,300091,Midwest Energy & Communications,50,1,X,MI,88274b8f27fffff
261490411021005,1000,1000,16,23076508,300091,Midwest Energy & Communications,50,1,X,MI,88274b8f2bfffff
261490411021006,1000,1000,2,23076508,300091,Midwest Energy & Communications,50,1,X,MI,88274b8f05fffff
261490411021009,1000,1000,15,23076508,300091,Midwest Energy & Communications,50,1,X,MI,88274b8f23fffff
261490411021010,1000,1000,33,23076508,300091,Midwest Energy & Communications,50,1,X,MI,88274b8f27fffff
261490411021011,1000,1000,34,23076508,300091,Midwest Energy & Communications,50,1,X,MI,88274b889bfffff
261490411021012,1000,1000,137,23076508,300091,Midwest Energy & Communications,50,1,X,MI,88274b8897fffff
261490411021013,1000,1000,5,23076508,300091,Midwest Energy & Communications,50,1,X,MI,88274b8d61fffff
261490411021015,1000,1000,110,23076508,300091,Midwest Energy & Communications,50,1,X,MI,88274b88bbfffff
261490411021016,1000,1000,4,23076508,300091,Midwest Energy & Communications,50,1,X,MI,88274b8d65fffff
261490411021017,1000,1000,4,23076508,300091,Midwest Energy & Communications,50,1,X,MI,88274b8d65fffff
261490411021019,1000,1000,23,23076508,300091,Midwest Energy & Communications,50,1,X,MI,88274b8d6bfffff
261490411021020,1000,1000,35,23076508,300091,Midwest Energy & Communications,50,1,X,MI,88274b8d47fffff
261490411021021,1000,1000,38,23076508,300091,Midwest Energy & Communications,50,1,X,MI,88274b8d47fffff
261490411021023,1000,1000,2,23076508,300091,Midwest Energy & Communications,50,1,X,MI,88274b8d4bfffff
261490411021030,1000,1000,2,23076508,300091,Midwest Energy & Communications,50,1,X,MI,88274b8f2bfffff
261490411022000,1000,1000,41,23076508,300091,Midwest Energy & Communications,50,1,X,MI,88274b88bbfffff
261490411022001,1000,1000,5,23076508,300091,Midwest Energy & Communications,50,1,X,MI,88274b88b5fffff
261490411022002,1000,1000,13,23076508,300091,Midwest Energy & Communications,50,1,X,MI,88274b899bfffff
261490411022003,1000,1000,8,23076508,300091,Midwest Energy & Communications,50,1,X,MI,88274b1241fffff
261490411022004,1000,1000,1,23076508,300091,Midwest Energy & Communications,50,1,X,MI,88274b88b5fffff
261490411022005,1000,1000,1,23076508,300091,Midwest Energy & Communications,50,1,X,MI,88274b88b5fffff
261490411022006,1000,1000,9,23076508,300091,Midwest Energy & Communications,50,1,X,MI,88274b1249fffff
261490411022009,1000,1000,84,23076508,300091,Midwest Energy & Communications,50,1,X,MI,88274b1209fffff
261490411022010,1000,1000,24,23076508,300091,Midwest Energy & Communications,50,1,X,MI,88274b88bbfffff
261490411022011,1000,1000,34,23076508,300091,Midwest Energy & Communications,50,1,X,MI,88274b1255fffff
261490411022013,1000,1000,13,23076508,300091,Midwest Energy & Communications,50,1,X,MI,88274b1255fffff
261490411022014,1000,1000,52,23076508,300091,Midwest Energy & Communications,50,1,X,MI,88274b1209fffff
261490411022015,1000,1000,2,23076508,300091,Midwest Energy & Communications,50,1,X,MI,88274b1209fffff
261490411022017,1000,1000,8,23076508,300091,Midwest Energy & Communications,50,1,X,MI,88274b8d65fffff
261490411023001,1000,1000,17,23076508,300091,Midwest Energy & Communications,50,1,X,MI,88274b8d55fffff
261490411023007,1000,1000,12,23076508,300091,Midwest Energy & Communications,50,1,X,MI,88274b8d09fffff
261490411023008,1000,1000,7,23076508,300091,Midwest Energy & Communications,50,1,X,MI,88274b8d55fffff
261490411023017,1000,1000,3,23076508,300091,Midwest Energy & Communications,50,1,X,MI,88274b8d3bfffff
261490411023019,1000,1000,8,23076508,300091,Midwest Energy & Communications,50,1,X,MI,88274b8d31fffff
261490411023020,1000,1000,3,23076508,300091,Midwest Energy & Communications,50,1,X,MI,88274b8d2bfffff
261490411023021,1000,1000,2,23076508,300091,Midwest Energy & Communications,50,1,X,MI,88274b8d3dfffff
261490411023022,1000,1000,19,23076508,300091,Midwest Energy & Communications,50,1,X,MI,88274b8d31fffff
261490411023023,1000,1000,12,23076508,300091,Midwest Energy & Communications,50,1,X,MI,88274b8d3bfffff
261490411023024,1000,1000,4,23076508,300091,Midwest Energy & Communications,50,1,X,MI,88274b8d3bfffff
261490411023025,1000,1000,14,23076508,300091,Midwest Energy & Communications,50,1,X,MI,88274b8de5fffff
261490411023026,1000,1000,9,23076508,300091,Midwest Energy & Communications,50,1,X,MI,88274b8d37fffff
261490411023027,1000,1000,6,23076508,300091,Midwest Energy & Communications,50,1,X,MI,88274b12cbfffff
261490411023028,1000,1000,1,23076508,300091,Midwest Energy & Communications,50,1,X,MI,88274b8de9fffff
261490411023029,1000,1000,14,23076508,300091,Midwest Energy & Communications,50,1,X,MI,88274b8debfffff
261490411024000,1000,1000,5,23076508,300091,Midwest Energy & Communications,50,1,X,MI,88274b8d25fffff
261490411024001,1000,1000,2,23076508,300091,Midwest Energy & Communications,50,1,X,MI,88274b8d27fffff
261490411024002,1000,1000,26,23076508,300091,Midwest Energy & Communications,50,1,X,MI,88274b1203fffff
261490411024004,1000,1000,1,23076508,300091,Midwest Energy & Communications,50,1,X,MI,88274b121dfffff
261490411024008,1000,1000,16,23076508,300091,Midwest Energy & Communications,50,1,X,MI,88274b1215fffff
261490411024009,1000,1000,1,23076508,300091,Midwest Energy & Communications,50,1,X,MI,88274b1203fffff
261490411024014,1000,1000,8,23076508,300091,Midwest Energy & Communications,50,1,X,MI,88274b12e9fffff
261490411024015,1000,1000,2,23076508,300091,Midwest Energy & Communications,50,1,X,MI,88274b12edfffff
261490411024016,1000,1000,5,23076508,300091,Midwest Energy & Communications,50,1,X,MI,88274b12c5fffff
261490411024019,1000,1000,30,23076508,300091,Midwest Energy & Communications,50,1,X,MI,88274b12c5fffff
261490411024021,1000,1000,3,23076508,300091,Midwest Energy & Communications,50,1,X,MI,88274b12e9fffff
261490411024023,1000,1000,56,23076508,300091,Midwest Energy & Communications,50,1,X,MI,88274b12d5fffff
261490412001000,1000,1000,1,23076508,300091,Midwest Energy & Communications,50,1,X,MI,88274b8e57fffff
261490412001001,1000,1000,1,23076508,300091,Midwest Energy & Communications,50,1,X,MI,88274b8e55fffff
261490412001002,1000,1000,2,23076508,300091,Midwest Energy & Communications,50,1,X,MI,88274b8e0dfffff
261490412001003,1000,1000,1,23076508,300091,Midwest Energy & Communications,50,1,X,MI,88274b8e0dfffff
261490412001004,1000,1000,3,23076508,300091,Midwest Energy & Communications,50,1,X,MI,88274b8e07fffff
261490412001005,1000,1000,4,23076508,300091,Midwest Energy & Communications,50,1,X,MI,88274b8e01fffff
261490412001007,1000,1000,1,23076508,300091,Midwest Energy & Communications,50,1,X,MI,88274b8e0bfffff
261490412001012,1000,1000,11,23076508,300091,Midwest Energy & Communications,50,1,X,MI,88274b8e0bfffff
261490412001018,1000,1000,12,23076508,300091,Midwest Energy & Communications,50,1,X,MI,88274b8e35fffff
261490412001019,1000,1000,16,23076508,300091,Midwest Energy & Communications,50,1,X,MI,88274b8e39fffff
261490412001020,1000,1000,23,23076508,300091,Midwest Energy & Communications,50,1,X,MI,88274b8e17fffff
261490412001021,1000,1000,12,23076508,300091,Midwest Energy & Communications,50,1,X,MI,88274b8e31fffff
261490412001022,1000,1000,10,23076508,300091,Midwest Energy & Communications,50,1,X,MI,88274b8eebfffff
261490412001023,1000,1000,4,23076508,300091,Midwest Energy & Communications,50,1,X,MI,88274b8c5bfffff
261490412001025,1000,1000,1,23076508,300091,Midwest Energy & Communications,50,1,X,MI,88274b8eebfffff
261490412001035,1000,1000,16,23076508,300091,Midwest Energy & Communications,50,1,X,MI,88274b8eadfffff
261490412001038,1000,1000,6,23076508,300091,Midwest Energy & Communications,50,1,X,MI,88274b8e85fffff
261490412001047,1000,1000,9,23076508,300091,Midwest Energy & Communications,50,1,X,MI,88274b8ea9fffff
261490412001052,1000,1000,12,23076508,300091,Midwest Energy & Communications,50,1,X,MI,88274b8e85fffff
261490412001054,1000,1000,10,23076508,300091,Midwest Energy & Communications,50,1,X,MI,88274b8e85fffff
261490412001055,1000,1000,5,23076508,300091,Midwest Energy & Communications,50,1,X,MI,88274b8e85fffff
261490412001056,1000,1000,4,23076508,300091,Midwest Energy & Communications,50,1,X,MI,88274b8e85fffff
261490412001063,1000,1000,10,23076508,300091,Midwest Energy & Communications,50,1,X,MI,88274b8e85fffff
261490412001064,1000,1000,3,23076508,300091,Midwest Energy & Communications,50,1,X,MI,88274b8e85fffff
261490412001065,1000,1000,16,23076508,300091,Midwest Energy & Communications,50,1,X,MI,88274b8e85fffff
261490412001066,1000,1000,2,23076508,300091,Midwest Energy & Communications,50,1,X,MI,88274b8e85fffff
261490412001069,1000,1000,11,23076508,300091,Midwest Energy & Communications,50,1,X,MI,88274b8e87fffff
261490412001071,1000,1000,10,23076508,300091,Midwest Energy & Communications,50,1,X,MI,88274b8e87fffff
261490412001072,1000,1000,13,23076508,300091,Midwest Energy & Communications,50,1,X,MI,88274b8e87fffff
261490412001073,1000,1000,16,23076508,300091,Midwest Energy & Communications,50,1,X,MI,88274b8eabfffff
261490412002000,1000,1000,1,23076508,300091,Midwest Energy & Communications,50,1,X,MI,88274b8c59fffff
261490412002017,1000,1000,5,23076508,300091,Midwest Energy & Communications,50,1,X,MI,88274b8c15fffff
261490412002021,1000,1000,5,23076508,300091,Midwest Energy & Communications,50,1,X,MI,88274b8c11fffff
261490412002022,1000,1000,4,23076508,300091,Midwest Energy & Communications,50,1,X,MI,88274b8c11fffff
261490412002023,1000,1000,25,23076508,300091,Midwest Energy & Communications,50,1,X,MI,88274b8c3dfffff
261490412002031,1000,1000,9,23076508,300091,Midwest Energy & Communications,50,1,X,MI,88274b8ea5fffff
261490412002032,1000,1000,12,23076508,300091,Midwest Energy & Communications,50,1,X,MI,88274b8ce9fffff
261490412002033,1000,1000,8,23076508,300091,Midwest Energy & Communications,50,1,X,MI,88274b8ea7fffff
261490412002034,1000,1000,27,23076508,300091,Midwest Energy & Communications,50,1,X,MI,88274b8cc1fffff
261490412002035,1000,1000,4,23076508,300091,Midwest Energy & Communications,50,1,X,MI,88274b8dc9fffff
261490412002038,1000,1000,5,23076508,300091,Midwest Energy & Communications,50,1,X,MI,88274b8ce5fffff
261490412002041,1000,1000,6,23076508,300091,Midwest Energy & Communications,50,1,X,MI,88274b8cedfffff
261490412002043,1000,1000,4,23076508,300091,Midwest Energy & Communications,50,1,X,MI,88274b8dd9fffff
261490412002044,1000,1000,4,23076508,300091,Midwest Energy & Communications,50,1,X,MI,88274b8dddfffff
261490412002045,1000,1000,8,23076508,300091,Midwest Energy & Communications,50,1,X,MI,88274b8dd1fffff
261490412002046,1000,1000,4,23076508,300091,Midwest Energy & Communications,50,1,X,MI,88274b8dd1fffff
261490412002047,1000,1000,4,23076508,300091,Midwest Energy & Communications,50,1,X,MI,88274b8dd1fffff
261490412002049,1000,1000,11,23076508,300091,Midwest Energy & Communications,50,1,X,MI,88274b8ccbfffff
261490412002050,1000,1000,8,23076508,300091,Midwest Energy & Communications,50,1,X,MI,88274b8cddfffff
261490412002052,1000,1000,1,23076508,300091,Midwest Energy & Communications,50,1,X,MI,88274b8cd9fffff
261490412002055,1000,1000,4,23076508,300091,Midwest Energy & Communications,50,1,X,MI,88274b8c89fffff
261490412002057,1000,1000,1,23076508,300091,Midwest Energy & Communications,50,1,X,MI,88274b8cadfffff
261490412002058,1000,1000,6,23076508,300091,Midwest Energy & Communications,50,1,X,MI,88274b8d99fffff
261490412002059,1000,1000,7,23076508,300091,Midwest Energy & Communications,50,1,X,MI,88274b8dd1fffff
261490412002060,1000,1000,16,23076508,300091,Midwest Energy & Communications,50,1,X,MI,88274b8dc3fffff
261490412002061,1000,1000,4,23076508,300091,Midwest Energy & Communications,50,1,X,MI,88274b8d99fffff
261490412002062,1000,1000,3,23076508,300091,Midwest Energy & Communications,50,1,X,MI,88274b8d99fffff
261490412002063,1000,1000,2,23076508,300091,Midwest Energy & Communications,50,1,X,MI,88274b8c83fffff
261490412002064,1000,1000,15,23076508,300091,Midwest Energy & Communications,50,1,X,MI,88274b8c8bfffff
261490412002065,1000,1000,4,23076508,300091,Midwest Energy & Communications,50,1,X,MI,88274b8cebfffff
261490412002066,1000,1000,6,23076508,300091,Midwest Energy & Communications,50,1,X,MI,88274b8c87fffff
261490412002067,1000,1000,2,23076508,300091,Midwest Energy & Communications,50,1,X,MI,88274b8c85fffff
261490412002068,1000,1000,1,23076508,300091,Midwest Energy & Communications,50,1,X,MI,88274b8c87fffff
261490412002069,1000,1000,6,23076508,300091,Midwest Energy & Communications,50,1,X,MI,88274b8ca9fffff
261490412002070,1000,1000,5,23076508,300091,Midwest Energy & Communications,50,1,X,MI,88274b8ca9fffff
261490412002071,1000,1000,1,23076508,300091,Midwest Energy & Communications,50,1,X,MI,88274b8ca1fffff
261490412002072,1000,1000,1,23076508,300091,Midwest Energy & Communications,50,1,X,MI,88274b8ca1fffff
261490412002073,1000,1000,2,23076508,300091,Midwest Energy & Communications,50,1,X,MI,88274b8ca1fffff
261490412002075,1000,1000,1,23076508,300091,Midwest Energy & Communications,50,1,X,MI,88274b8c87fffff
261490412003000,1000,1000,16,23076508,300091,Midwest Energy & Communications,50,1,X,MI,88274bbb27fffff
261490412003001,1000,1000,12,23076508,300091,Midwest Energy & Communications,50,1,X,MI,88274b8c9bfffff
261490412003002,1000,1000,6,23076508,300091,Midwest Energy & Communications,50,1,X,MI,88274b8cb9fffff
261490412003004,1000,1000,5,23076508,300091,Midwest Energy & Communications,50,1,X,MI,88274b8cabfffff
261490412003005,1000,1000,1,23076508,300091,Midwest Energy & Communications,50,1,X,MI,88274b8ca1fffff
261490412003006,1000,1000,18,23076508,300091,Midwest Energy & Communications,50,1,X,MI,88274b164dfffff
261490412003007,1000,1000,26,23076508,300091,Midwest Energy & Communications,50,1,X,MI,88274b8d93fffff
261490412003008,1000,1000,16,23076508,300091,Midwest Energy & Communications,50,1,X,MI,88274b8d93fffff
261490412003009,1000,1000,8,23076508,300091,Midwest Energy & Communications,50,1,X,MI,88274b8d93fffff
261490412003010,1000,1000,7,23076508,300091,Midwest Energy & Communications,50,1,X,MI,88274b166bfffff
261490412003011,1000,1000,9,23076508,300091,Midwest Energy & Communications,50,1,X,MI,88274b1661fffff
261490412003012,1000,1000,18,23076508,300091,Midwest Energy & Communications,50,1,X,MI,88274b1647fffff
261490412003015,1000,1000,23,23076508,300091,Midwest Energy & Communications,50,1,X,MI,88274bb965fffff
261490412003016,1000,1000,2,23076508,300091,Midwest Energy & Communications,50,1,X,MI,88274b1659fffff
261490412003017,1000,1000,2,23076508,300091,Midwest Energy & Communications,50,1,X,MI,88274b8cb1fffff
261490412003018,1000,1000,7,23076508,300091,Midwest Energy & Communications,50,1,X,MI,88274bb96dfffff
261490412003019,1000,1000,5,23076508,300091,Midwest Energy & Communications,50,1,X,MI,88274b8cbbfffff
261490412003020,1000,1000,5,23076508,300091,Midwest Energy & Communications,50,1,X,MI,88274b8cb9fffff
261490412003024,1000,1000,2,23076508,300091,Midwest Energy & Communications,50,1,X,MI,88274b1609fffff
261490412003026,1000,1000,2,23076508,300091,Midwest Energy & Communications,50,1,X,MI,88274b160dfffff
261490412003028,1000,1000,20,23076508,300091,Midwest Energy & Communications,50,1,X,MI,88274b1663fffff
261490412003030,1000,1000,2,23076508,300091,Midwest Energy & Communications,50,1,X,MI,88274b1663fffff
261490412003031,1000,1000,2,23076508,300091,Midwest Energy & Communications,50,1,X,MI,88274b160dfffff
261490412003033,1000,1000,8,23076508,300091,Midwest Energy & Communications,50,1,X,MI,88274b161dfffff
261490412003038,1000,1000,1,23076508,300091,Midwest Energy & Communications,50,1,X,MI,88274b1655fffff
261490412003039,1000,1000,6,23076508,300091,Midwest Energy & Communications,50,1,X,MI,88274b1659fffff
261490412003040,1000,1000,3,23076508,300091,Midwest Energy & Communications,50,1,X,MI,88274b1659fffff
261490412003041,1000,1000,1,23076508,300091,Midwest Energy & Communications,50,1,X,MI,88274bb965fffff
261490412003042,1000,1000,20,23076508,300091,Midwest Energy & Communications,50,1,X,MI,88274bb941fffff
261490412003043,1000,1000,6,23076508,300091,Midwest Energy & Communications,50,1,X,MI,88274bb94dfffff
261490412003044,1000,1000,19,23076508,300091,Midwest Energy & Communications,50,1,X,MI,88274bb941fffff
261490412003045,1000,1000,15,23076508,300091,Midwest Energy & Communications,50,1,X,MI,88274bb943fffff
261490412003046,1000,1000,3,23076508,300091,Midwest Energy & Communications,50,1,X,MI,88274bb909fffff
261490412003047,1000,1000,2,23076508,300091,Midwest Energy & Communications,50,1,X,MI,88274bb961fffff
261490412003050,1000,1000,6,23076508,300091,Midwest Energy & Communications,50,1,X,MI,88274bb961fffff
261490412003051,1000,1000,9,23076508,300091,Midwest Energy & Communications,50,1,X,MI,88274bb929fffff
261490412003055,1000,1000,6,23076508,300091,Midwest Energy & Communications,50,1,X,MI,88274b161bfffff
261490412003056,1000,1000,2,23076508,300091,Midwest Energy & Communications,50,1,X,MI,88274b1655fffff
261490412003058,1000,1000,2,23076508,300091,Midwest Energy & Communications,50,1,X,MI,88274bb92dfffff
261490412003059,1000,1000,2,23076508,300091,Midwest Energy & Communications,50,1,X,MI,88274bb927fffff
261490412003060,1000,1000,10,23076508,300091,Midwest Energy & Communications,50,1,X,MI,88274b1639fffff
261490412003061,1000,1000,4,23076508,300091,Midwest Energy & Communications,50,1,X,MI,88274b1607fffff
261490412003062,1000,1000,2,23076508,300091,Midwest Energy & Communications,50,1,X,MI,88274bb921fffff
261490412003064,1000,1000,1,23076508,300091,Midwest Energy & Communications,50,1,X,MI,88274bb909fffff
261490412003065,1000,1000,1,23076508,300091,Midwest Energy & Communications,50,1,X,MI,88274bb909fffff
261490412003066,1000,1000,10,23076508,300091,Midwest Energy & Communications,50,1,X,MI,88274bb90bfffff
261490412003067,1000,1000,5,23076508,300091,Midwest Energy & Communications,50,1,X,MI,88274bb901fffff
261490412003068,1000,1000,1,23076508,300091,Midwest Energy & Communications,50,1,X,MI,88274bb927fffff
261490412003069,1000,1000,1,23076508,300091,Midwest Energy & Communications,50,1,X,MI,88274bb923fffff
261490412003071,1000,1000,1,23076508,300091,Midwest Energy & Communications,50,1,X,MI,88274b1629fffff
261490413011000,1000,1000,3,23076508,300091,Midwest Energy & Communications,50,1,X,MI,88274b873bfffff
261490413011001,1000,1000,10,23076508,300091,Midwest Energy & Communications,50,1,X,MI,88274b8731fffff
261490413011002,1000,1000,12,23076508,300091,Midwest Energy & Communications,50,1,X,MI,88274b8541fffff
261490413011003,1000,1000,2,23076508,300091,Midwest Energy & Communications,50,1,X,MI,88274b8545fffff
261490413011004,1000,1000,5,23076508,300091,Midwest Energy & Communications,50,1,X,MI,88274b8563fffff
261490413011008,1000,1000,14,23076508,300091,Midwest Energy & Communications,50,1,X,MI,88274b8569fffff
261490413011009,1000,1000,1,23076508,300091,Midwest Energy & Communications,50,1,X,MI,88274b856dfffff
261490413011010,1000,1000,3,23076508,300091,Midwest Energy & Communications,50,1,X,MI,88274b8565fffff
261490413011013,1000,1000,1,23076508,300091,Midwest Energy & Communications,50,1,X,MI,88274b8505fffff
261490413011014,1000,1000,3,23076508,300091,Midwest Energy & Communications,50,1,X,MI,88274b8509fffff
261490413011015,1000,1000,7,23076508,300091,Midwest Energy & Communications,50,1,X,MI,88274b8509fffff
261490413011017,1000,1000,2,23076508,300091,Midwest Energy & Communications,50,1,X,MI,88274b8557fffff
261490413011018,1000,1000,5,23076508,300091,Midwest Energy & Communications,50,1,X,MI,88274b8519fffff
261490413011019,1000,1000,1,23076508,300091,Midwest Energy & Communications,50,1,X,MI,88274b8557fffff
261490413011020,1000,1000,2,23076508,300091,Midwest Energy & Communications,50,1,X,MI,88274b8559fffff
261490413011021,1000,1000,3,23076508,300091,Midwest Energy & Communications,50,1,X,MI,88274b8461fffff
261490413011022,1000,1000,2,23076508,300091,Midwest Energy & Communications,50,1,X,MI,88274b852bfffff
261490413011023,1000,1000,21,23076508,300091,Midwest Energy & Communications,50,1,X,MI,88274b852dfffff
261490413011024,1000,1000,2,23076508,300091,Midwest Energy & Communications,50,1,X,MI,88274b8567fffff
261490413011025,1000,1000,15,23076508,300091,Midwest Energy & Communications,50,1,X,MI,88274b852dfffff
261490413011027,1000,1000,8,23076508,300091,Midwest Energy & Communications,50,1,X,MI,88274b8565fffff
261490413011028,1000,1000,4,23076508,300091,Midwest Energy & Communications,50,1,X,MI,88274b8565fffff
261490413011029,1000,1000,6,23076508,300091,Midwest Energy & Communications,50,1,X,MI,88274b8465fffff
261490413011030,1000,1000,7,23076508,300091,Midwest Energy & Communications,50,1,X,MI,88274b8429fffff
261490413011031,1000,1000,2,23076508,300091,Midwest Energy & Communications,50,1,X,MI,88274b8467fffff
261490413011033,1000,1000,9,23076508,300091,Midwest Energy & Communications,50,1,X,MI,88274b8e53fffff
261490413011036,1000,1000,7,23076508,300091,Midwest Energy & Communications,50,1,X,MI,88274b8421fffff
261490413011037,1000,1000,2,23076508,300091,Midwest Energy & Communications,50,1,X,MI,88274b842dfffff
261490413011038,1000,1000,2,23076508,300091,Midwest Energy & Communications,50,1,X,MI,88274b8425fffff
261490413011039,1000,1000,3,23076508,300091,Midwest Energy & Communications,50,1,X,MI,88274b8425fffff
261490413011040,1000,1000,3,23076508,300091,Midwest Energy & Communications,50,1,X,MI,88274b8511fffff
261490413011042,1000,1000,13,23076508,300091,Midwest Energy & Communications,50,1,X,MI,88274b8517fffff
261490413011043,1000,1000,1,23076508,300091,Midwest Energy & Communications,50,1,X,MI,88274b8515fffff
261490413011045,1000,1000,21,23076508,300091,Midwest Energy & Communications,50,1,X,MI,88274b8517fffff
261490413011047,1000,1000,29,23076508,300091,Midwest Energy & Communications,50,1,X,MI,88274b843dfffff
261490413011048,1000,1000,1,23076508,300091,Midwest Energy & Communications,50,1,X,MI,88274b843dfffff
261490413011049,1000,1000,3,23076508,300091,Midwest Energy & Communications,50,1,X,MI,88274b8423fffff
261490413011051,1000,1000,7,23076508,300091,Midwest Energy & Communications,50,1,X,MI,88274b8427fffff
261490413011054,1000,1000,1,23076508,300091,Midwest Energy & Communications,50,1,X,MI,88274b851bfffff
261490413011055,1000,1000,2,23076508,300091,Midwest Energy & Communications,50,1,X,MI,88274b8545fffff
261490413011056,1000,1000,25,23076508,300091,Midwest Energy & Communications,50,1,X,MI,88274b8e13fffff
261490413011057,1000,1000,3,23076508,300091,Midwest Energy & Communications,50,1,X,MI,88274b852dfffff
261490413011058,1000,1000,6,23076508,300091,Midwest Energy & Communications,50,1,X,MI,88274b843dfffff
261490413012000,1000,1000,6,23076508,300091,Midwest Energy & Communications,50,1,X,MI,88274b8507fffff
261490413012001,1000,1000,2,23076508,300091,Midwest Energy & Communications,50,1,X,MI,88274b8535fffff
261490413012002,1000,1000,18,23076508,300091,Midwest Energy & Communications,50,1,X,MI,88274b8ec7fffff
261490413012006,1000,1000,1,23076508,300091,Midwest Energy & Communications,50,1,X,MI,88274b853bfffff
261490413012007,1000,1000,1,23076508,300091,Midwest Energy & Communications,50,1,X,MI,88274b8ec7fffff
261490413012009,1000,1000,4,23076508,300091,Midwest Energy & Communications,50,1,X,MI,88274b8ec7fffff
261490413012010,1000,1000,5,23076508,300091,Midwest Energy & Communications,50,1,X,MI,88274b8531fffff
261490413012013,1000,1000,1,23076508,300091,Midwest Energy & Communications,50,1,X,MI,88274b8e89fffff
261490413012014,1000,1000,5,23076508,300091,Midwest Energy & Communications,50,1,X,MI,88274b8e8dfffff
261490413012015,1000,1000,1,23076508,300091,Midwest Energy & Communications,50,1,X,MI,88274b8e8dfffff
261490413012016,1000,1000,1,23076508,300091,Midwest Energy & Communications,50,1,X,MI,88274b8ec7fffff
261490413012017,1000,1000,20,23076508,300091,Midwest Energy & Communications,50,1,X,MI,88274b8ec7fffff
261490413012019,1000,1000,1,23076508,300091,Midwest Energy & Communications,50,1,X,MI,88274b8eebfffff
261490413012023,1000,1000,4,23076508,300091,Midwest Energy & Communications,50,1,X,MI,88274b8e8dfffff
261490413012024,1000,1000,5,23076508,300091,Midwest Energy & Communications,50,1,X,MI,88274b85edfffff
261490413012026,1000,1000,1,23076508,300091,Midwest Energy & Communications,50,1,X,MI,88274b85e5fffff
261490413012027,1000,1000,3,23076508,300091,Midwest Energy & Communications,50,1,X,MI,88274b8eddfffff
261490413012028,1000,1000,1,23076508,300091,Midwest Energy & Communications,50,1,X,MI,88274b8ed5fffff
261490413012029,1000,1000,8,23076508,300091,Midwest Energy & Communications,50,1,X,MI,88274b8ed5fffff
261490413012030,1000,1000,5,23076508,300091,Midwest Energy & Communications,50,1,X,MI,88274b8e89fffff
261490413012031,1000,1000,12,23076508,300091,Midwest Energy & Communications,50,1,X,MI,88274b8e89fffff
261490413012032,1000,1000,1,23076508,300091,Midwest Energy & Communications,50,1,X,MI,88274b8e89fffff
261490413012034,1000,1000,1,23076508,300091,Midwest Energy & Communications,50,1,X,MI,88274b8e8dfffff
261490413012035,1000,1000,1,23076508,300091,Midwest Energy & Communications,50,1,X,MI,88274b8e8dfffff
261490413012036,1000,1000,2,23076508,300091,Midwest Energy & Communications,50,1,X,MI,88274b8e8dfffff
261490413012037,1000,1000,2,23076508,300091,Midwest Energy & Communications,50,1,X,MI,88274b8e8dfffff
261490413012045,1000,1000,7,23076508,300091,Midwest Energy & Communications,50,1,X,MI,88274b8ed7fffff
261490413012050,1000,1000,1,23076508,300091,Midwest Energy & Communications,50,1,X,MI,88274b8ed1fffff
261490413012051,1000,1000,6,23076508,300091,Midwest Energy & Communications,50,1,X,MI,88274b8edbfffff
261490413012052,1000,1000,12,23076508,300091,Midwest Energy & Communications,50,1,X,MI,88274b8edbfffff
261490413012053,1000,1000,2,23076508,300091,Midwest Energy & Communications,50,1,X,MI,88274b8ed9fffff
261490413012056,1000,1000,3,23076508,300091,Midwest Energy & Communications,50,1,X,MI,88274b85e5fffff
261490413012059,1000,1000,7,23076508,300091,Midwest Energy & Communications,50,1,X,MI,88274b8edbfffff
261490413012069,1000,1000,3,23076508,300091,Midwest Energy & Communications,50,1,X,MI,88274b85e1fffff
261490413012075,1000,1000,44,23076508,300091,Midwest Energy & Communications,50,1,X,MI,88274b8e89fffff
261490413012076,1000,1000,2,23076508,300091,Midwest Energy & Communications,50,1,X,MI,88274b8e81fffff
261490413012083,1000,1000,2,23076508,300091,Midwest Energy & Communications,50,1,X,MI,88274b8e81fffff
261490413012085,1000,1000,4,23076508,300091,Midwest Energy & Communications,50,1,X,MI,88274b8e89fffff
261490413012086,1000,1000,10,23076508,300091,Midwest Energy & Communications,50,1,X,MI,88274b8e89fffff
261490413012087,1000,1000,8,23076508,300091,Midwest Energy & Communications,50,1,X,MI,88274b8e81fffff
261490413012088,1000,1000,4,23076508,300091,Midwest Energy & Communications,50,1,X,MI,88274b8e81fffff
261490413013000,1000,1000,25,23076508,300091,Midwest Energy & Communications,50,1,X,MI,88274b85c5fffff
261490413013001,1000,1000,1,23076508,300091,Midwest Energy & Communications,50,1,X,MI,88274b85ebfffff
261490413013007,1000,1000,1,23076508,300091,Midwest Energy & Communications,50,1,X,MI,88274b85d9fffff
261490413013008,1000,1000,2,23076508,300091,Midwest Energy & Communications,50,1,X,MI,88274b85d1fffff
261490413013027,1000,1000,1,23076508,300091,Midwest Energy & Communications,50,1,X,MI,88274b85e7fffff
261490413013033,1000,1000,6,23076508,300091,Midwest Energy & Communications,50,1,X,MI,88274b85e7fffff
261490413013034,1000,1000,2,23076508,300091,Midwest Energy & Communications,50,1,X,MI,88274b8edbfffff
261490413013036,1000,1000,2,23076508,300091,Midwest Energy & Communications,50,1,X,MI,88274b8edbfffff
261490413013037,1000,1000,7,23076508,300091,Midwest Energy & Communications,50,1,X,MI,88274b8ed1fffff
261490413013038,1000,1000,4,23076508,300091,Midwest Energy & Communications,50,1,X,MI,88274b8ed7fffff
261490413013042,1000,1000,9,23076508,300091,Midwest Energy & Communications,50,1,X,MI,88274b8eb9fffff
261490413013043,1000,1000,5,23076508,300091,Midwest Energy & Communications,50,1,X,MI,88274b8eb3fffff
261490413013072,1000,1000,2,23076508,300091,Midwest Energy & Communications,50,1,X,MI,88274b85b9fffff
261490413013073,1000,1000,1,23076508,300091,Midwest Energy & Communications,50,1,X,MI,88274b85b9fffff
261490413013074,1000,1000,10,23076508,300091,Midwest Energy & Communications,50,1,X,MI,88274b859dfffff
261490413013076,1000,1000,5,23076508,300091,Midwest Energy & Communications,50,1,X,MI,88274b8599fffff
261490413013078,1000,1000,2,23076508,300091,Midwest Energy & Communications,50,1,X,MI,88274b85d1fffff
261490413013093,1000,1000,2,23076508,300091,Midwest Energy & Communications,50,1,X,MI,88274b8ed1fffff
261490413013101,1000,1000,1,23076508,300091,Midwest Energy & Communications,50,1,X,MI,88274b85b1fffff
261490413021035,1000,1000,7,23076508,300091,Midwest Energy & Communications,50,1,X,MI,88274b8635fffff
261490413021036,1000,1000,53,23076508,300091,Midwest Energy & Communications,50,1,X,MI,88274b8449fffff
261490413021038,1000,1000,1,23076508,300091,Midwest Energy & Communications,50,1,X,MI,88274b871bfffff
261490413021040,1000,1000,3,23076508,300091,Midwest Energy & Communications,50,1,X,MI,88274b8717fffff
261490413021046,1000,1000,5,23076508,300091,Midwest Energy & Communications,50,1,X,MI,88274b8441fffff
261490413021047,1000,1000,1,23076508,300091,Midwest Energy & Communications,50,1,X,MI,88274b8469fffff
261490413021049,1000,1000,12,23076508,300091,Midwest Energy & Communications,50,1,X,MI,88274b846bfffff
261490413021050,1000,1000,14,23076508,300091,Midwest Energy & Communications,50,1,X,MI,88274b8637fffff
261490413021051,1000,1000,1,23076508,300091,Midwest Energy & Communications,50,1,X,MI,88274b86e7fffff
261490413021052,1000,1000,10,23076508,300091,Midwest Energy & Communications,50,1,X,MI,88274b8637fffff
261490413021053,1000,1000,5,23076508,300091,Midwest Energy & Communications,50,1,X,MI,88274b8405fffff
261490413021054,1000,1000,6,23076508,300091,Midwest Energy & Communications,50,1,X,MI,88274b8401fffff
261490413021065,1000,1000,2,23076508,300091,Midwest Energy & Communications,50,1,X,MI,88274b840bfffff
261490413021067,1000,1000,10,23076508,300091,Midwest Energy & Communications,50,1,X,MI,88274b8419fffff
261490413021068,1000,1000,14,23076508,300091,Midwest Energy & Communications,50,1,X,MI,88274b8451fffff
261490413021069,1000,1000,14,23076508,300091,Midwest Energy & Communications,50,1,X,MI,88274b8451fffff
261490413021079,1000,1000,6,23076508,300091,Midwest Energy & Communications,50,1,X,MI,88274b8403fffff
261490413021080,1000,1000,8,23076508,300091,Midwest Energy & Communications,50,1,X,MI,88274b8403fffff
261490413021081,1000,1000,2,23076508,300091,Midwest Energy & Communications,50,1,X,MI,88274b8401fffff
261490413021083,1000,1000,1,23076508,300091,Midwest Energy & Communications,50,1,X,MI,88274b8419fffff
261490413021091,1000,1000,16,23076508,300091,Midwest Energy & Communications,50,1,X,MI,88274b8431fffff
261490413024011,1000,1000,92,23076508,300091,Midwest Energy & Communications,50,1,X,MI,88274b84d5fffff
261490413024012,1000,1000,3,23076508,300091,Midwest Energy & Communications,50,1,X,MI,88274b848bfffff
261490413024015,1000,1000,5,23076508,300091,Midwest Energy & Communications,50,1,X,MI,88274b84c5fffff
261490413024016,1000,1000,13,23076508,300091,Midwest Energy & Communications,50,1,X,MI,88274b8411fffff
261490413024017,1000,1000,4,23076508,300091,Midwest Energy & Communications,50,1,X,MI,88274b8415fffff
261490413024020,1000,1000,5,23076508,300091,Midwest Energy & Communications,50,1,X,MI,88274b84ddfffff
261490413024021,1000,1000,6,23076508,300091,Midwest Energy & Communications,50,1,X,MI,88274b84d1fffff
261490413024024,1000,1000,1,23076508,300091,Midwest Energy & Communications,50,1,X,MI,88274b84d1fffff
261490413024032,1000,1000,18,23076508,300091,Midwest Energy & Communications,50,1,X,MI,88274b84edfffff
261490413024033,1000,1000,2,23076508,300091,Midwest Energy & Communications,50,1,X,MI,88274b84e5fffff
261490413024034,1000,1000,13,23076508,300091,Midwest Energy & Communications,50,1,X,MI,88274b84e5fffff
261490413024035,1000,1000,4,23076508,300091,Midwest Energy & Communications,50,1,X,MI,88274b84e5fffff
261490413024036,1000,1000,6,23076508,300091,Midwest Energy & Communications,50,1,X,MI,88274b84e3fffff
261490413024037,1000,1000,4,23076508,300091,Midwest Energy & Communications,50,1,X,MI,88274b84adfffff
261490413024042,1000,1000,3,23076508,300091,Midwest Energy & Communications,50,1,X,MI,88274b84a5fffff
261490413024044,1000,1000,1,23076508,300091,Midwest Energy & Communications,50,1,X,MI,88274b85d3fffff
261490413024045,1000,1000,10,23076508,300091,Midwest Energy & Communications,50,1,X,MI,88274b84d7fffff
261490413024047,1000,1000,5,23076508,300091,Midwest Energy & Communications,50,1,X,MI,88274b8489fffff
261490413024048,1000,1000,16,23076508,300091,Midwest Energy & Communications,50,1,X,MI,88274b8481fffff
261490413024049,1000,1000,9,23076508,300091,Midwest Energy & Communications,50,1,X,MI,88274b8481fffff
261490414001000,1000,1000,6,23076508,300091,Midwest Energy & Communications,50,1,X,MI,88274b155dfffff
261490414001006,1000,1000,7,23076508,300091,Midwest Energy & Communications,50,1,X,MI,88274b1543fffff
261490414001007,1000,1000,4,23076508,300091,Midwest Energy & Communications,50,1,X,MI,88274b1543fffff
261490414001008,1000,1000,14,23076508,300091,Midwest Energy & Communications,50,1,X,MI,88274b155dfffff
261490414001009,1000,1000,6,23076508,300091,Midwest Energy & Communications,50,1,X,MI,88274b155dfffff
261490414001010,1000,1000,1,23076508,300091,Midwest Energy & Communications,50,1,X,MI,88274b1543fffff
261490414001011,1000,1000,2,23076508,300091,Midwest Energy & Communications,50,1,X,MI,88274b1543fffff
261490414001013,1000,1000,1,23076508,300091,Midwest Energy & Communications,50,1,X,MI,88274b1543fffff
261490414001014,1000,1000,18,23076508,300091,Midwest Energy & Communications,50,1,X,MI,88274b1547fffff
261490414001015,1000,1000,2,23076508,300091,Midwest Energy & Communications,50,1,X,MI,88274b150dfffff
261490414001016,1000,1000,1,23076508,300091,Midwest Energy & Communications,50,1,X,MI,88274b1547fffff
261490414001017,1000,1000,5,23076508,300091,Midwest Energy & Communications,50,1,X,MI,88274b150dfffff
261490414001019,1000,1000,1,23076508,300091,Midwest Energy & Communications,50,1,X,MI,88274b150dfffff
261490414001020,1000,1000,5,23076508,300091,Midwest Energy & Communications,50,1,X,MI,88274b152bfffff
261490414001022,1000,1000,2,23076508,300091,Midwest Energy & Communications,50,1,X,MI,88274b150dfffff
261490414001023,1000,1000,1,23076508,300091,Midwest Energy & Communications,50,1,X,MI,88274b150dfffff
261490414001024,1000,1000,1,23076508,300091,Midwest Energy & Communications,50,1,X,MI,88274b150dfffff
261490414001025,1000,1000,1,23076508,300091,Midwest Energy & Communications,50,1,X,MI,88274b150dfffff
261490414001026,1000,1000,3,23076508,300091,Midwest Energy & Communications,50,1,X,MI,88274b150dfffff
261490414001027,1000,1000,3,23076508,300091,Midwest Energy & Communications,50,1,X,MI,88274b150dfffff
261490414001028,1000,1000,1,23076508,300091,Midwest Energy & Communications,50,1,X,MI,88274b150dfffff
261490414001029,1000,1000,1,23076508,300091,Midwest Energy & Communications,50,1,X,MI,88274b1501fffff
261490414001030,1000,1000,1,23076508,300091,Midwest Energy & Communications,50,1,X,MI,88274b1501fffff
261490414001031,1000,1000,10,23076508,300091,Midwest Energy & Communications,50,1,X,MI,88274b1501fffff
261490414001032,1000,1000,15,23076508,300091,Midwest Energy & Communications,50,1,X,MI,88274b1539fffff
261490414001033,1000,1000,3,23076508,300091,Midwest Energy & Communications,50,1,X,MI,88274b1501fffff
261490414001034,1000,1000,2,23076508,300091,Midwest Energy & Communications,50,1,X,MI,88274b1501fffff
261490414001035,1000,1000,2,23076508,300091,Midwest Energy & Communications,50,1,X,MI,88274b150dfffff
261490414001036,1000,1000,3,23076508,300091,Midwest Energy & Communications,50,1,X,MI,88274b150bfffff
261490414001037,1000,1000,11,23076508,300091,Midwest Energy & Communications,50,1,X,MI,88274b1547fffff
261490414001038,1000,1000,7,23076508,300091,Midwest Energy & Communications,50,1,X,MI,88274b1515fffff
261490414001039,1000,1000,16,23076508,300091,Midwest Energy & Communications,50,1,X,MI,88274b1515fffff
261490414001041,1000,1000,10,23076508,300091,Midwest Energy & Communications,50,1,X,MI,88274b153dfffff
261490414001042,1000,1000,13,23076508,300091,Midwest Energy & Communications,50,1,X,MI,88274b1523fffff
261490414001047,1000,1000,17,23076508,300091,Midwest Energy & Communications,50,1,X,MI,88274b1523fffff
261490414001048,1000,1000,10,23076508,300091,Midwest Energy & Communications,50,1,X,MI,88274b1539fffff
261490414001051,1000,1000,20,23076508,300091,Midwest Energy & Communications,50,1,X,MI,88274b15edfffff
261490414001054,1000,1000,15,23076508,300091,Midwest Energy & Communications,50,1,X,MI,88274b1537fffff
261490414001055,1000,1000,3,23076508,300091,Midwest Energy & Communications,50,1,X,MI,88274b15edfffff
261490414001056,1000,1000,18,23076508,300091,Midwest Energy & Communications,50,1,X,MI,88274b1533fffff
261490414002000,1000,1000,1,23076508,300091,Midwest Energy & Communications,50,1,X,MI,88274b1635fffff
261490414002002,1000,1000,4,23076508,300091,Midwest Energy & Communications,50,1,X,MI,88274b1441fffff
261490414002004,1000,1000,18,23076508,300091,Midwest Energy & Communications,50,1,X,MI,88274b1447fffff
261490414002005,1000,1000,16,23076508,300091,Midwest Energy & Communications,50,1,X,MI,88274b1463fffff
261490414002006,1000,1000,1,23076508,300091,Midwest Energy & Communications,50,1,X,MI,88274b155bfffff
261490414002007,1000,1000,1,23076508,300091,Midwest Energy & Communications,50,1,X,MI,88274b1737fffff
261490414002008,1000,1000,13,23076508,300091,Midwest Energy & Communications,50,1,X,MI,88274b140dfffff
261490414002036,1000,1000,8,23076508,300091,Midwest Energy & Communications,50,1,X,MI,88274b1401fffff
261490414002038,1000,1000,3,23076508,300091,Midwest Energy & Communications,50,1,X,MI,88274b1407fffff
261490414002039,1000,1000,3,23076508,300091,Midwest Energy & Communications,50,1,X,MI,88274b143dfffff
261490414002041,1000,1000,30,23076508,300091,Midwest Energy & Communications,50,1,X,MI,88274b1463fffff
261490414002042,1000,1000,8,23076508,300091,Midwest Energy & Communications,50,1,X,MI,88274b1463fffff
261490414002043,1000,1000,23,23076508,300091,Midwest Energy & Communications,50,1,X,MI,88274b1467fffff
261490414002044,1000,1000,10,23076508,300091,Midwest Energy & Communications,50,1,X,MI,88274b151bfffff
261490414002051,1000,1000,1,23076508,300091,Midwest Energy & Communications,50,1,X,MI,88274b151bfffff
261490414002058,1000,1000,16,23076508,300091,Midwest Energy & Communications,50,1,X,MI,88274b141dfffff
261490414002063,1000,1000,1,23076508,300091,Midwest Energy & Communications,50,1,X,MI,88274b140bfffff
261490414002065,1000,1000,4,23076508,300091,Midwest Energy & Communications,50,1,X,MI,88274b1407fffff
261490414002067,1000,1000,8,23076508,300091,Midwest Energy & Communications,50,1,X,MI,88274b1439fffff
261490414002068,1000,1000,1,23076508,300091,Midwest Energy & Communications,50,1,X,MI,88274b1439fffff
261490414002069,1000,1000,3,23076508,300091,Midwest Energy & Communications,50,1,X,MI,88274b143bfffff
261490414002070,1000,1000,1,23076508,300091,Midwest Energy & Communications,50,1,X,MI,88274b1433fffff
261490414002071,1000,1000,5,23076508,300091,Midwest Energy & Communications,50,1,X,MI,88274b143bfffff
261490414002072,1000,1000,4,23076508,300091,Midwest Energy & Communications,50,1,X,MI,88274b15c5fffff
261490414002073,1000,1000,4,23076508,300091,Midwest Energy & Communications,50,1,X,MI,88274b15c1fffff
261490414002074,1000,1000,3,23076508,300091,Midwest Energy & Communications,50,1,X,MI,88274b15cbfffff
261490414003001,1000,1000,4,23076508,300091,Midwest Energy & Communications,50,1,X,MI,88274bb927fffff
261490414003003,1000,1000,4,23076508,300091,Midwest Energy & Communications,50,1,X,MI,88274b16cdfffff
261490414003004,1000,1000,2,23076508,300091,Midwest Energy & Communications,50,1,X,MI,88274b16cdfffff
261490414003005,1000,1000,3,23076508,300091,Midwest Energy & Communications,50,1,X,MI,88274b1633fffff
261490414003006,1000,1000,16,23076508,300091,Midwest Energy & Communications,50,1,X,MI,88274b1633fffff
261490414003033,1000,1000,1,23076508,300091,Midwest Energy & Communications,50,1,X,MI,88274b16edfffff
261490414003037,1000,1000,3,23076508,300091,Midwest Energy & Communications,50,1,X,MI,88274b16c3fffff
261490414003038,1000,1000,5,23076508,300091,Midwest Energy & Communications,50,1,X,MI,88274b145bfffff
261490414003052,1000,1000,54,23076508,300091,Midwest Energy & Communications,50,1,X,MI,88274b16e5fffff
261490414003054,1000,1000,5,23076508,300091,Midwest Energy & Communications,50,1,X,MI,88274b16e5fffff
261490414003055,1000,1000,3,23076508,300091,Midwest Energy & Communications,50,1,X,MI,88274b16e5fffff
261490414003056,1000,1000,24,23076508,300091,Midwest Energy & Communications,50,1,X,MI,88274b16e5fffff
261490414003058,1000,1000,12,23076508,300091,Midwest Energy & Communications,50,1,X,MI,88274b16e3fffff
261490414003060,1000,1000,1,23076508,300091,Midwest Energy & Communications,50,1,X,MI,88274b1689fffff
261490414003061,1000,1000,19,23076508,300091,Midwest Energy & Communications,50,1,X,MI,88274b1685fffff
261490414003065,1000,1000,16,23076508,300091,Midwest Energy & Communications,50,1,X,MI,88274b16adfffff
261490414003066,1000,1000,5,23076508,300091,Midwest Energy & Communications,50,1,X,MI,88274b16abfffff
261490414004016,1000,1000,1,23076508,300091,Midwest Energy & Communications,50,1,X,MI,88274b16c1fffff
261490414004017,1000,1000,12,23076508,300091,Midwest Energy & Communications,50,1,X,MI,88274b16d5fffff
261490414004018,1000,1000,13,23076508,300091,Midwest Energy & Communications,50,1,X,MI,88274bb9e3fffff
261490414004020,1000,1000,14,23076508,300091,Midwest Energy & Communications,50,1,X,MI,88274b16d7fffff
261490414004021,1000,1000,8,23076508,300091,Midwest Energy & Communications,50,1,X,MI,88274b16d5fffff
261490414004023,1000,1000,7,23076508,300091,Midwest Energy & Communications,50,1,X,MI,88274bb9a9fffff
261490414004025,1000,1000,4,23076508,300091,Midwest Energy & Communications,50,1,X,MI,88274bb987fffff
261490414004026,1000,1000,21,23076508,300091,Midwest Energy & Communications,50,1,X,MI,88274bb9a1fffff
261490414004027,1000,1000,8,23076508,300091,Midwest Energy & Communications,50,1,X,MI,88274bb9a1fffff
261490414004030,1000,1000,10,23076508,300091,Midwest Energy & Communications,50,1,X,MI,88274b169dfffff
261490414004031,1000,1000,8,23076508,300091,Midwest Energy & Communications,50,1,X,MI,88274b1681fffff
261490414004033,1000,1000,7,23076508,300091,Midwest Energy & Communications,50,1,X,MI,88274b1413fffff
261490414004034,1000,1000,111,23076508,300091,Midwest Energy & Communications,50,1,X,MI,88274b14cdfffff
261490414004036,1000,1000,21,23076508,300091,Midwest Energy & Communications,50,1,X,MI,88274b141dfffff
261490414004037,1000,1000,34,23076508,300091,Midwest Energy & Communications,50,1,X,MI,88274b16abfffff
261490414004038,1000,1000,5,23076508,300091,Midwest Energy & Communications,50,1,X,MI,88274b141bfffff
261490414004039,1000,1000,4,23076508,300091,Midwest Energy & Communications,50,1,X,MI,88274b141bfffff
261490414004041,1000,1000,7,23076508,300091,Midwest Energy & Communications,50,1,X,MI,88274b141bfffff
261490414004042,1000,1000,3,23076508,300091,Midwest Energy & Communications,50,1,X,MI,88274b141bfffff
261490414004043,1000,1000,23,23076508,300091,Midwest Energy & Communications,50,1,X,MI,88274b16bdfffff
261490414004044,1000,1000,18,23076508,300091,Midwest Energy & Communications,50,1,X,MI,88274b1695fffff
261490414004045,1000,1000,10,23076508,300091,Midwest Energy & Communications,50,1,X,MI,88274b1411fffff
261490415001000,1000,1000,2,23076508,300091,Midwest Energy & Communications,50,1,X,MI,88274bbb09fffff
261490415001001,1000,1000,8,23076508,300091,Midwest Energy & Communications,50,1,X,MI,88274bbb55fffff
261490415001006,1000,1000,7,23076508,300091,Midwest Energy & Communications,50,1,X,MI,88274bbb0dfffff
261490415001007,1000,1000,12,23076508,300091,Midwest Energy & Communications,50,1,X,MI,88274bbb63fffff
261490415001008,1000,1000,4,23076508,300091,Midwest Energy & Communications,50,1,X,MI,88274b8eb3fffff
261490415001009,1000,1000,18,23076508,300091,Midwest Energy & Communications,50,1,X,MI,88274bbb61fffff
261490415001010,1000,1000,22,23076508,300091,Midwest Energy & Communications,50,1,X,MI,88274b8cd3fffff
261490415001011,1000,1000,19,23076508,300091,Midwest Energy & Communications,50,1,X,MI,88274bbb23fffff
261490415001012,1000,1000,9,23076508,300091,Midwest Energy & Communications,50,1,X,MI,88274bbb07fffff
261490415001013,1000,1000,1,23076508,300091,Midwest Energy & Communications,50,1,X,MI,88274bbb3dfffff
261490415001014,1000,1000,26,23076508,300091,Midwest Energy & Communications,50,1,X,MI,88274bbb57fffff
261490415001015,1000,1000,20,23076508,300091,Midwest Energy & Communications,50,1,X,MI,88274bbb15fffff
261490415001016,1000,1000,9,23076508,300091,Midwest Energy & Communications,50,1,X,MI,88274bbb39fffff
261490415001017,1000,1000,23,23076508,300091,Midwest Energy & Communications,50,1,X,MI,88274bbb23fffff
261490415001018,1000,1000,6,23076508,300091,Midwest Energy & Communications,50,1,X,MI,88274bbb33fffff
261490415001019,1000,1000,12,23076508,300091,Midwest Energy & Communications,50,1,X,MI,88274bbb33fffff
261490415001022,1000,1000,1,23076508,300091,Midwest Energy & Communications,50,1,X,MI,88274bbb33fffff
261490415001023,1000,1000,25,23076508,300091,Midwest Energy & Communications,50,1,X,MI,88274bb861fffff
261490415001024,1000,1000,3,23076508,300091,Midwest Energy & Communications,50,1,X,MI,88274bb861fffff
261490415001025,1000,1000,6,23076508,300091,Midwest Energy & Communications,50,1,X,MI,88274bb861fffff
261490415001026,1000,1000,8,23076508,300091,Midwest Energy & Communications,50,1,X,MI,88274bb861fffff
261490415001027,1000,1000,8,23076508,300091,Midwest Energy & Communications,50,1,X,MI,88274bbb13fffff
261490415001028,1000,1000,22,23076508,300091,Midwest Energy & Communications,50,1,X,MI,88274bb943fffff
261490415001029,1000,1000,1,23076508,300091,Midwest Energy & Communications,50,1,X,MI,88274bb90bfffff
261490415001030,1000,1000,3,23076508,300091,Midwest Energy & Communications,50,1,X,MI,88274bbb37fffff
261490415001033,1000,1000,13,23076508,300091,Midwest Energy & Communications,50,1,X,MI,88274bb953fffff
261490415001035,1000,1000,4,23076508,300091,Midwest Energy & Communications,50,1,X,MI,88274bb90bfffff
261490415001042,1000,1000,6,23076508,300091,Midwest Energy & Communications,50,1,X,MI,88274bb825fffff
261490415001044,1000,1000,3,23076508,300091,Midwest Energy & Communications,50,1,X,MI,88274bb825fffff
261490415001045,1000,1000,9,23076508,300091,Midwest Energy & Communications,50,1,X,MI,88274bb821fffff
261490415001046,1000,1000,31,23076508,300091,Midwest Energy & Communications,50,1,X,MI,88274bb829fffff
261490415002000,1000,1000,10,23076508,300091,Midwest Energy & Communications,50,1,X,MI,88274b859bfffff
261490415002002,1000,1000,17,23076508,300091,Midwest Energy & Communications,50,1,X,MI,88274bba69fffff
261490415002003,1000,1000,1,23076508,300091,Midwest Energy & Communications,50,1,X,MI,88274bba69fffff
261490415002005,1000,1000,14,23076508,300091,Midwest Energy & Communications,50,1,X,MI,88274b859dfffff
261490415002007,1000,1000,10,23076508,300091,Midwest Energy & Communications,50,1,X,MI,88274b85b9fffff
261490415002008,1000,1000,1,23076508,300091,Midwest Energy & Communications,50,1,X,MI,88274bba6dfffff
261490415002009,1000,1000,39,23076508,300091,Midwest Energy & Communications,50,1,X,MI,88274bba65fffff
261490415002010,1000,1000,1,23076508,300091,Midwest Energy & Communications,50,1,X,MI,88274bba6dfffff
261490415002012,1000,1000,4,23076508,300091,Midwest Energy & Communications,50,1,X,MI,88274bba6dfffff
261490415002013,1000,1000,11,23076508,300091,Midwest Energy & Communications,50,1,X,MI,88274bba61fffff
261490415002014,1000,1000,23,23076508,300091,Midwest Energy & Communications,50,1,X,MI,88274bba65fffff
261490415002015,1000,1000,4,23076508,300091,Midwest Energy & Communications,50,1,X,MI,88274b85b1fffff
261490415002018,1000,1000,5,23076508,300091,Midwest Energy & Communications,50,1,X,MI,88274bba45fffff
261490415002019,1000,1000,1,23076508,300091,Midwest Energy & Communications,50,1,X,MI,88274bba6bfffff
261490415002020,1000,1000,1,23076508,300091,Midwest Energy & Communications,50,1,X,MI,88274bba69fffff
261490415002021,1000,1000,8,23076508,300091,Midwest Energy & Communications,50,1,X,MI,88274bba6bfffff
261490415002022,1000,1000,55,23076508,300091,Midwest Energy & Communications,50,1,X,MI,88274bba61fffff
261490415002024,1000,1000,1,23076508,300091,Midwest Energy & Communications,50,1,X,MI,88274bba67fffff
261490415002025,1000,1000,1,23076508,300091,Midwest Energy & Communications,50,1,X,MI,88274bba61fffff
261490415002027,1000,1000,15,23076508,300091,Midwest Energy & Communications,50,1,X,MI,88274bbb51fffff
261490415002028,1000,1000,22,23076508,300091,Midwest Energy & Communications,50,1,X,MI,88274bba2dfffff
261490415002033,1000,1000,1,23076508,300091,Midwest Energy & Communications,50,1,X,MI,88274bba61fffff
261490415002034,1000,1000,10,23076508,300091,Midwest Energy & Communications,50,1,X,MI,88274bbb19fffff
261490415002035,1000,1000,3,23076508,300091,Midwest Energy & Communications,50,1,X,MI,88274bba25fffff
261490415002036,1000,1000,19,23076508,300091,Midwest Energy & Communications,50,1,X,MI,88274bb849fffff
261490415002038,1000,1000,7,23076508,300091,Midwest Energy & Communications,50,1,X,MI,88274bba05fffff
261490415002041,1000,1000,20,23076508,300091,Midwest Energy & Communications,50,1,X,MI,88274bba01fffff
261490415002045,1000,1000,16,23076508,300091,Midwest Energy & Communications,50,1,X,MI,88274bb84bfffff
261490415002046,1000,1000,33,23076508,300091,Midwest Energy & Communications,50,1,X,MI,88274bb84bfffff
261490415002047,1000,1000,9,23076508,300091,Midwest Energy & Communications,50,1,X,MI,88274bb84dfffff
261490415002048,1000,1000,26,23076508,300091,Midwest Energy & Communications,50,1,X,MI,88274bb86bfffff
261490415002049,1000,1000,9,23076508,300091,Midwest Energy & Communications,50,1,X,MI,88274bb847fffff
261490415002050,1000,1000,1,23076508,300091,Midwest Energy & Communications,50,1,X,MI,88274bba61fffff
261490415003000,1000,1000,10,23076508,300091,Midwest Energy & Communications,50,1,X,MI,88274bb81dfffff
261490415003001,1000,1000,7,23076508,300091,Midwest Energy & Communications,50,1,X,MI,88274bb839fffff
261490415003004,1000,1000,1,23076508,300091,Midwest Energy & Communications,50,1,X,MI,88274bb833fffff
261490415003013,1000,1000,25,23076508,300091,Midwest Energy & Communications,50,1,X,MI,88274bb88dfffff
261490415003020,1000,1000,4,23076508,300091,Midwest Energy & Communications,50,1,X,MI,88274bb9ddfffff
261490415003021,1000,1000,1,23076508,300091,Midwest Energy & Communications,50,1,X,MI,88274bb9c3fffff
261490415003022,1000,1000,6,23076508,300091,Midwest Energy & Communications,50,1,X,MI,88274bb9c7fffff
261490415003024,1000,1000,20,23076508,300091,Midwest Energy & Communications,50,1,X,MI,88274bb989fffff
261490415003026,1000,1000,22,23076508,300091,Midwest Energy & Communications,50,1,X,MI,88274bb9ddfffff
261490415003027,1000,1000,4,23076508,300091,Midwest Energy & Communications,50,1,X,MI,88274bb983fffff
261490415003028,1000,1000,24,23076508,300091,Midwest Energy & Communications,50,1,X,MI,88274bb9e3fffff
261490415003029,1000,1000,1,23076508,300091,Midwest Energy & Communications,50,1,X,MI,88274bb8adfffff
261490415003030,1000,1000,21,23076508,300091,Midwest Energy & Communications,50,1,X,MI,88274bb88dfffff
261490415003031,1000,1000,1,23076508,300091,Midwest Energy & Communications,50,1,X,MI,88274bb881fffff
261490415003032,1000,1000,2,23076508,300091,Midwest Energy & Communications,50,1,X,MI,88274bb881fffff
261490415003034,1000,1000,2,23076508,300091,Midwest Energy & Communications,50,1,X,MI,88274bb889fffff
261490415003036,1000,1000,1,23076508,300091,Midwest Energy & Communications,50,1,X,MI,88274bb889fffff
261490415003037,1000,1000,1,23076508,300091,Midwest Energy & Communications,50,1,X,MI,88274bb889fffff
261490415003038,1000,1000,1,23076508,300091,Midwest Energy & Communications,50,1,X,MI,88274bb8d5fffff
261490415003039,1000,1000,1,23076508,300091,Midwest Energy & Communications,50,1,X,MI,88274bb8d5fffff
261490415003042,1000,1000,3,23076508,300091,Midwest Energy & Communications,50,1,X,MI,88274bb999fffff
261490415003043,1000,1000,1,23076508,300091,Midwest Energy & Communications,50,1,X,MI,88274bb999fffff
261490415003045,1000,1000,3,23076508,300091,Midwest Energy & Communications,50,1,X,MI,88274bb889fffff
261490415003046,1000,1000,1,23076508,300091,Midwest Energy & Communications,50,1,X,MI,88274bb8a5fffff
261490416001000,1000,1000,2,23076508,300091,Midwest Energy & Communications,50,1,X,MI,88274b84d7fffff
261490416001001,1000,1000,1,23076508,300091,Midwest Energy & Communications,50,1,X,MI,88274b848bfffff
261490416001004,1000,1000,8,23076508,300091,Midwest Energy & Communications,50,1,X,MI,88274b8487fffff
261490416001011,1000,1000,8,23076508,300091,Midwest Energy & Communications,50,1,X,MI,88274b8487fffff
261490416001012,1000,1000,3,23076508,300091,Midwest Energy & Communications,50,1,X,MI,88274b84abfffff
261490416001013,1000,1000,4,23076508,300091,Midwest Energy & Communications,50,1,X,MI,88274b84abfffff
261490416001014,1000,1000,6,23076508,300091,Midwest Energy & Communications,50,1,X,MI,88274b84a5fffff
261490416001015,1000,1000,3,23076508,300091,Midwest Energy & Communications,50,1,X,MI,88274b859bfffff
261490416001016,1000,1000,2,23076508,300091,Midwest Energy & Communications,50,1,X,MI,88274b859bfffff
261490416001025,1000,1000,4,23076508,300091,Midwest Energy & Communications,50,1,X,MI,88274bba4dfffff
261490416001045,1000,1000,12,23076508,300091,Midwest Energy & Communications,50,1,X,MI,88274bba09fffff
261490416001046,1000,1000,1,23076508,300091,Midwest Energy & Communications,50,1,X,MI,88274bba47fffff
261490416001047,1000,1000,4,23076508,300091,Midwest Energy & Communications,50,1,X,MI,88274bba41fffff
261490416001050,1000,1000,3,23076508,300091,Midwest Energy & Communications,50,1,X,MI,88274bba01fffff
261490416001067,1000,1000,1,23076508,300091,Midwest Energy & Communications,50,1,X,MI,88274bbae9fffff
261490416001069,1000,1000,23,23076508,300091,Midwest Energy & Communications,50,1,X,MI,88274bbac5fffff
261490416001073,1000,1000,3,23076508,300091,Midwest Energy & Communications,50,1,X,MI,88274bb135fffff
261490416001074,1000,1000,1,23076508,300091,Midwest Energy & Communications,50,1,X,MI,88274bbac1fffff
261490416002070,1000,1000,1,23076508,300091,Midwest Energy & Communications,50,1,X,MI,88274bb131fffff
261490416003007,1000,1000,2,23076508,300091,Midwest Energy & Communications,50,1,X,MI,88274bb135fffff
261490416003008,1000,1000,19,23076508,300091,Midwest Energy & Communications,50,1,X,MI,88274bbaddfffff
261490416003009,1000,1000,21,23076508,300091,Midwest Energy & Communications,50,1,X,MI,88274bbac5fffff
261490416003010,1000,1000,2,23076508,300091,Midwest Energy & Communications,50,1,X,MI,88274bba8dfffff
261490416003011,1000,1000,3,23076508,300091,Midwest Energy & Communications,50,1,X,MI,88274bbad5fffff
261490416003038,1000,1000,6,23076508,300091,Midwest Energy & Communications,50,1,X,MI,88274bbad5fffff
261490416003039,1000,1000,12,23076508,300091,Midwest Energy & Communications,50,1,X,MI,88274bba81fffff
261490416003040,1000,1000,1,23076508,300091,Midwest Energy & Communications,50,1,X,MI,88274bba81fffff
261490416003045,1000,1000,20,23076508,300091,Midwest Energy & Communications,50,1,X,MI,88274bba9dfffff
261490416003046,1000,1000,25,23076508,300091,Midwest Energy & Communications,50,1,X,MI,88274bba9dfffff
261490416003048,1000,1000,7,23076508,300091,Midwest Energy & Communications,50,1,X,MI,88274bba87fffff
261490416003049,1000,1000,5,23076508,300091,Midwest Energy & Communications,50,1,X,MI,88274bbab1fffff
261490416003050,1000,1000,6,23076508,300091,Midwest Energy & Communications,50,1,X,MI,88274bbab3fffff
261490416003058,1000,1000,9,23076508,300091,Midwest Energy & Communications,50,1,X,MI,88274ba365fffff
261490416003059,1000,1000,44,23076508,300091,Midwest Energy & Communications,50,1,X,MI,88274bb8d5fffff
261490416003070,1000,1000,1,23076508,300091,Midwest Energy & Communications,50,1,X,MI,88274bb8dbfffff
261590101011030,1000,1000,4,23076508,300091,Midwest Energy & Communications,50,1,X,MI,88274bd24bfffff
261590101011031,1000,1000,9,23076508,300091,Midwest Energy & Communications,50,1,X,MI,88274bd247fffff
261590101012000,1000,1000,61,23076508,300091,Midwest Energy & Communications,50,1,X,MI,8827486ae3fffff
261590101012002,1000,1000,1,23076508,300091,Midwest Energy & Communications,50,1,X,MI,8827486aadfffff
261590101012008,1000,1000,7,23076508,300091,Midwest Energy & Communications,50,1,X,MI,882748681bfffff
261590101012009,1000,1000,6,23076508,300091,Midwest Energy & Communications,50,1,X,MI,8827486aa7fffff
261590101012010,1000,1000,5,23076508,300091,Midwest Energy & Communications,50,1,X,MI,88274868c5fffff
261590101012012,1000,1000,11,23076508,300091,Midwest Energy & Communications,50,1,X,MI,88274868c5fffff
261590101012013,1000,1000,3,23076508,300091,Midwest Energy & Communications,50,1,X,MI,88274868ebfffff
261590101012014,1000,1000,4,23076508,300091,Midwest Energy & Communications,50,1,X,MI,88274868c7fffff
261590101012015,1000,1000,5,23076508,300091,Midwest Energy & Communications,50,1,X,MI,88274868c1fffff
261590101012016,1000,1000,7,23076508,300091,Midwest Energy & Communications,50,1,X,MI,88274868c1fffff
261590101012017,1000,1000,2,23076508,300091,Midwest Energy & Communications,50,1,X,MI,88274868c5fffff
261590101012018,1000,1000,3,23076508,300091,Midwest Energy & Communications,50,1,X,MI,882748688bfffff
261590101012019,1000,1000,16,23076508,300091,Midwest Energy & Communications,50,1,X,MI,8827486889fffff
261590101012020,1000,1000,16,23076508,300091,Midwest Energy & Communications,50,1,X,MI,8827486887fffff
261590101012021,1000,1000,8,23076508,300091,Midwest Energy & Communications,50,1,X,MI,8827486887fffff
261590101012022,1000,1000,3,23076508,300091,Midwest Energy & Communications,50,1,X,MI,88274868ebfffff
261590101012023,1000,1000,3,23076508,300091,Midwest Energy & Communications,50,1,X,MI,88274868e9fffff
261590101012036,1000,1000,5,23076508,300091,Midwest Energy & Communications,50,1,X,MI,88274868bdfffff
261590101012037,1000,1000,4,23076508,300091,Midwest Energy & Communications,50,1,X,MI,88274868b9fffff
261590101012039,1000,1000,3,23076508,300091,Midwest Energy & Communications,50,1,X,MI,88274868b1fffff
261590101012040,1000,1000,13,23076508,300091,Midwest Energy & Communications,50,1,X,MI,88274868b9fffff
261590101012044,1000,1000,12,23076508,300091,Midwest Energy & Communications,50,1,X,MI,8827486897fffff
261590101012045,1000,1000,10,23076508,300091,Midwest Energy & Communications,50,1,X,MI,88274868b3fffff
261590101012046,1000,1000,6,23076508,300091,Midwest Energy & Communications,50,1,X,MI,88274868b7fffff
261590101013000,1000,1000,12,23076508,300091,Midwest Energy & Communications,50,1,X,MI,8827486a8bfffff
261590101013001,1000,1000,96,23076508,300091,Midwest Energy & Communications,50,1,X,MI,8827486a85fffff
261590101013002,1000,1000,56,23076508,300091,Midwest Energy & Communications,50,1,X,MI,8827486abbfffff
261590101013003,1000,1000,11,23076508,300091,Midwest Energy & Communications,50,1,X,MI,8827486a9dfffff
261590101013005,1000,1000,20,23076508,300091,Midwest Energy & Communications,50,1,X,MI,8827486ab3fffff
261590101013006,1000,1000,24,23076508,300091,Midwest Energy & Communications,50,1,X,MI,8827486abbfffff
261590101013008,1000,1000,10,23076508,300091,Midwest Energy & Communications,50,1,X,MI,8827486f65fffff
261590101013010,1000,1000,1,23076508,300091,Midwest Energy & Communications,50,1,X,MI,8827486f65fffff
261590101013011,1000,1000,36,23076508,300091,Midwest Energy & Communications,50,1,X,MI,8827486aa3fffff
261590101013012,1000,1000,6,23076508,300091,Midwest Energy & Communications,50,1,X,MI,88274868d9fffff
261590101013013,1000,1000,3,23076508,300091,Midwest Energy & Communications,50,1,X,MI,8827486ab7fffff
261590101013014,1000,1000,14,23076508,300091,Midwest Energy & Communications,50,1,X,MI,8827486ab3fffff
261590101013015,1000,1000,41,23076508,300091,Midwest Energy & Communications,50,1,X,MI,8827486aabfffff
261590101013016,1000,1000,17,23076508,300091,Midwest Energy & Communications,50,1,X,MI,8827486a85fffff
261590101013018,1000,1000,8,23076508,300091,Midwest Energy & Communications,50,1,X,MI,8827486aa1fffff
261590101013020,1000,1000,22,23076508,300091,Midwest Energy & Communications,50,1,X,MI,88274868c1fffff
261590101013021,1000,1000,5,23076508,300091,Midwest Energy & Communications,50,1,X,MI,8827486aa1fffff
261590101013022,1000,1000,29,23076508,300091,Midwest Energy & Communications,50,1,X,MI,88274868d7fffff
261590101013023,1000,1000,6,23076508,300091,Midwest Energy & Communications,50,1,X,MI,88274868ddfffff
261590101013024,1000,1000,3,23076508,300091,Midwest Energy & Communications,50,1,X,MI,88274868d7fffff
261590101013025,1000,1000,9,23076508,300091,Midwest Energy & Communications,50,1,X,MI,8827486f25fffff
261590101013026,1000,1000,1,23076508,300091,Midwest Energy & Communications,50,1,X,MI,88274868d3fffff
261590101013027,1000,1000,1,23076508,300091,Midwest Energy & Communications,50,1,X,MI,88274868d9fffff
261590101013028,1000,1000,49,23076508,300091,Midwest Energy & Communications,50,1,X,MI,8827486f23fffff
261590101013029,1000,1000,14,23076508,300091,Midwest Energy & Communications,50,1,X,MI,8827486f23fffff
261590101013030,1000,1000,23,23076508,300091,Midwest Energy & Communications,50,1,X,MI,8827486f21fffff
261590101013031,1000,1000,21,23076508,300091,Midwest Energy & Communications,50,1,X,MI,882748689bfffff
261590101013033,1000,1000,39,23076508,300091,Midwest Energy & Communications,50,1,X,MI,8827486f3dfffff
261590101013034,1000,1000,21,23076508,300091,Midwest Energy & Communications,50,1,X,MI,8827486f35fffff
261590101014000,1000,1000,8,23076508,300091,Midwest Energy & Communications,50,1,X,MI,8827486a97fffff
261590101014006,1000,1000,4,23076508,300091,Midwest Energy & Communications,50,1,X,MI,88274868dbfffff
261590101014007,1000,1000,4,23076508,300091,Midwest Energy & Communications,50,1,X,MI,88274868d9fffff
261590101014008,1000,1000,1,23076508,300091,Midwest Energy & Communications,50,1,X,MI,8827486f2dfffff
261590101014009,1000,1000,19,23076508,300091,Midwest Energy & Communications,50,1,X,MI,8827486f21fffff
261590101014010,1000,1000,13,23076508,300091,Midwest Energy & Communications,50,1,X,MI,8827486f29fffff
261590101014028,1000,1000,5,23076508,300091,Midwest Energy & Communications,50,1,X,MI,8827486f2bfffff
261590101021002,1000,1000,1,23076508,300091,Midwest Energy & Communications,50,1,X,MI,8827486ad7fffff
261590101021012,1000,1000,26,23076508,300091,Midwest Energy & Communications,50,1,X,MI,8827486f53fffff
261590101021017,1000,1000,16,23076508,300091,Midwest Energy & Communications,50,1,X,MI,8827486f3bfffff
261590101021018,1000,1000,3,23076508,300091,Midwest Energy & Communications,50,1,X,MI,8827486f3bfffff
261590101021019,1000,1000,1,23076508,300091,Midwest Energy & Communications,50,1,X,MI,8827486f15fffff
261590101022007,1000,1000,1,23076508,300091,Midwest Energy & Communications,50,1,X,MI,8827486ad7fffff
261590101022030,1000,1000,1,23076508,300091,Midwest Energy & Communications,50,1,X,MI,8827486e65fffff
261590101022039,1000,1000,7,23076508,300091,Midwest Energy & Communications,50,1,X,MI,8827486e67fffff
261590102011000,1000,1000,16,23076508,300091,Midwest Energy & Communications,50,1,X,MI,88274aa445fffff
261590102011001,1000,1000,12,23076508,300091,Midwest Energy & Communications,50,1,X,MI,88274aa713fffff
261590102011002,1000,1000,28,23076508,300091,Midwest Energy & Communications,50,1,X,MI,88274aa713fffff
261590102011003,1000,1000,25,23076508,300091,Midwest Energy & Communications,50,1,X,MI,88274aa46dfffff
261590102011009,1000,1000,28,23076508,300091,Midwest Energy & Communications,50,1,X,MI,88274aa733fffff
261590102011016,1000,1000,2,23076508,300091,Midwest Energy & Communications,50,1,X,MI,88274aa553fffff
261590102011018,1000,1000,79,23076508,300091,Midwest Energy & Communications,50,1,X,MI,88274aa42dfffff
261590102011020,1000,1000,27,23076508,300091,Midwest Energy & Communications,50,1,X,MI,88274aa463fffff
261590102011022,1000,1000,15,23076508,300091,Midwest Energy & Communications,50,1,X,MI,88274aa421fffff
261590102011023,1000,1000,3,23076508,300091,Midwest Energy & Communications,50,1,X,MI,88274aa405fffff
261590102011024,1000,1000,24,23076508,300091,Midwest Energy & Communications,50,1,X,MI,88274aa46bfffff
261590102011025,1000,1000,12,23076508,300091,Midwest Energy & Communications,50,1,X,MI,88274aa46bfffff
261590102011026,1000,1000,10,23076508,300091,Midwest Energy & Communications,50,1,X,MI,88274aa421fffff
261590102011027,1000,1000,4,23076508,300091,Midwest Energy & Communications,50,1,X,MI,88274aa421fffff
261590102011031,1000,1000,4,23076508,300091,Midwest Energy & Communications,50,1,X,MI,88274aa553fffff
261590102011032,1000,1000,4,23076508,300091,Midwest Energy & Communications,50,1,X,MI,88274aa553fffff
261590102011033,1000,1000,22,23076508,300091,Midwest Energy & Communications,50,1,X,MI,88274aa51bfffff
261590102011034,1000,1000,1,23076508,300091,Midwest Energy & Communications,50,1,X,MI,88274aa5c9fffff
261590102011035,1000,1000,2,23076508,300091,Midwest Energy & Communications,50,1,X,MI,88274aa427fffff
261590102011037,1000,1000,3,23076508,300091,Midwest Energy & Communications,50,1,X,MI,88274aa423fffff
261590102011038,1000,1000,2,23076508,300091,Midwest Energy & Communications,50,1,X,MI,88274aa421fffff
261590102011039,1000,1000,12,23076508,300091,Midwest Energy & Communications,50,1,X,MI,88274aa401fffff
261590102011040,1000,1000,6,23076508,300091,Midwest Energy & Communications,50,1,X,MI,88274aa401fffff
261590102011041,1000,1000,5,23076508,300091,Midwest Energy & Communications,50,1,X,MI,88274aa439fffff
261590102011042,1000,1000,7,23076508,300091,Midwest Energy & Communications,50,1,X,MI,88274aa439fffff
261590102011043,1000,1000,12,23076508,300091,Midwest Energy & Communications,50,1,X,MI,88274aa415fffff
261590102011044,1000,1000,2,23076508,300091,Midwest Energy & Communications,50,1,X,MI,88274aa433fffff
261590102011045,1000,1000,2,23076508,300091,Midwest Energy & Communications,50,1,X,MI,88274aa431fffff
261590102011046,1000,1000,32,23076508,300091,Midwest Energy & Communications,50,1,X,MI,88274aa43dfffff
261590102011047,1000,1000,7,23076508,300091,Midwest Energy & Communications,50,1,X,MI,88274aa43dfffff
261590102011048,1000,1000,2,23076508,300091,Midwest Energy & Communications,50,1,X,MI,88274aa5cbfffff
261590102011049,1000,1000,4,23076508,300091,Midwest Energy & Communications,50,1,X,MI,88274aa5cbfffff
261590102012000,1000,1000,9,23076508,300091,Midwest Energy & Communications,50,1,X,MI,88274aa6b5fffff
261590102012001,1000,1000,14,23076508,300091,Midwest Energy & Communications,50,1,X,MI,88274aa4c9fffff
261590102012002,1000,1000,36,23076508,300091,Midwest Energy & Communications,50,1,X,MI,88274aa4c7fffff
261590102012003,1000,1000,22,23076508,300091,Midwest Energy & Communications,50,1,X,MI,88274aa4c5fffff
261590102012004,1000,1000,9,23076508,300091,Midwest Energy & Communications,50,1,X,MI,88274aa4ebfffff
261590102012005,1000,1000,2,23076508,300091,Midwest Energy & Communications,50,1,X,MI,88274aa4edfffff
261590102012006,1000,1000,10,23076508,300091,Midwest Energy & Communications,50,1,X,MI,88274aa433fffff
261590102012007,1000,1000,9,23076508,300091,Midwest Energy & Communications,50,1,X,MI,88274aa4e1fffff
261590102012008,1000,1000,8,23076508,300091,Midwest Energy & Communications,50,1,X,MI,88274aa5dbfffff
261590102012010,1000,1000,8,23076508,300091,Midwest Energy & Communications,50,1,X,MI,88274aa5d1fffff
261590102012011,1000,1000,3,23076508,300091,Midwest Energy & Communications,50,1,X,MI,88274aa5d1fffff
261590102012012,1000,1000,2,23076508,300091,Midwest Energy & Communications,50,1,X,MI,88274aa5cbfffff
261590102012013,1000,1000,2,23076508,300091,Midwest Energy & Communications,50,1,X,MI,88274aa5dbfffff
261590102012015,1000,1000,5,23076508,300091,Midwest Energy & Communications,50,1,X,MI,88274aa5d1fffff
261590102012016,1000,1000,1,23076508,300091,Midwest Energy & Communications,50,1,X,MI,88274aa5d5fffff
261590102012017,1000,1000,3,23076508,300091,Midwest Energy & Communications,50,1,X,MI,88274aa5cbfffff
261590102012018,1000,1000,3,23076508,300091,Midwest Energy & Communications,50,1,X,MI,88274aa5c7fffff
261590102012019,1000,1000,3,23076508,300091,Midwest Energy & Communications,50,1,X,MI,88274aa5c7fffff
261590102012020,1000,1000,9,23076508,300091,Midwest Energy & Communications,50,1,X,MI,88274aa589fffff
261590102012021,1000,1000,8,23076508,300091,Midwest Energy & Communications,50,1,X,MI,88274aa5c3fffff
261590102012022,1000,1000,40,23076508,300091,Midwest Energy & Communications,50,1,X,MI,88274aa5d5fffff
261590102012023,1000,1000,12,23076508,300091,Midwest Energy & Communications,50,1,X,MI,88274aa5d5fffff
261590102012024,1000,1000,13,23076508,300091,Midwest Energy & Communications,50,1,X,MI,88274aa5d5fffff
261590102012025,1000,1000,13,23076508,300091,Midwest Energy & Communications,50,1,X,MI,88274aa5d7fffff
261590102012026,1000,1000,5,23076508,300091,Midwest Energy & Communications,50,1,X,MI,88274aa58bfffff
261590102012027,1000,1000,6,23076508,300091,Midwest Energy & Communications,50,1,X,MI,88274aa58bfffff
261590102012028,1000,1000,2,23076508,300091,Midwest Energy & Communications,50,1,X,MI,88274aa583fffff
261590102012029,1000,1000,9,23076508,300091,Midwest Energy & Communications,50,1,X,MI,88274aa59dfffff
261590102012030,1000,1000,2,23076508,300091,Midwest Energy & Communications,50,1,X,MI,88274aa59dfffff
261590102012031,1000,1000,2,23076508,300091,Midwest Energy & Communications,50,1,X,MI,88274aa5d7fffff
261590102012032,1000,1000,12,23076508,300091,Midwest Energy & Communications,50,1,X,MI,88274aa5d1fffff
261590102012033,1000,1000,1,23076508,300091,Midwest Energy & Communications,50,1,X,MI,88274aa5d1fffff
261590102012034,1000,1000,12,23076508,300091,Midwest Energy & Communications,50,1,X,MI,88274aa5d1fffff
261590102012035,1000,1000,12,23076508,300091,Midwest Energy & Communications,50,1,X,MI,88274aa4a5fffff
261590102012036,1000,1000,21,23076508,300091,Midwest Energy & Communications,50,1,X,MI,88274aa4e3fffff
261590102012037,1000,1000,1,23076508,300091,Midwest Energy & Communications,50,1,X,MI,88274aa485fffff
261590102012038,1000,1000,12,23076508,300091,Midwest Energy & Communications,50,1,X,MI,88274aa48dfffff
261590102012039,1000,1000,29,23076508,300091,Midwest Energy & Communications,50,1,X,MI,88274aa4c3fffff
261590102012040,1000,1000,20,23076508,300091,Midwest Energy & Communications,50,1,X,MI,88274aa4dbfffff
261590102012041,1000,1000,5,23076508,300091,Midwest Energy & Communications,50,1,X,MI,88274aa4d7fffff
261590102012042,1000,1000,11,23076508,300091,Midwest Energy & Communications,50,1,X,MI,88274aa481fffff
261590102012043,1000,1000,1,23076508,300091,Midwest Energy & Communications,50,1,X,MI,88274aa481fffff
261590102012045,1000,1000,4,23076508,300091,Midwest Energy & Communications,50,1,X,MI,88274aa5d3fffff
261590102012046,1000,1000,5,23076508,300091,Midwest Energy & Communications,50,1,X,MI,88274aa5d3fffff
261590102012047,1000,1000,4,23076508,300091,Midwest Energy & Communications,50,1,X,MI,88274aa5d7fffff
261590102012048,1000,1000,3,23076508,300091,Midwest Energy & Communications,50,1,X,MI,88274aa5d3fffff
261590102012049,1000,1000,14,23076508,300091,Midwest Energy & Communications,50,1,X,MI,88274aa5d3fffff
261590102012050,1000,1000,9,23076508,300091,Midwest Energy & Communications,50,1,X,MI,88274aa4a5fffff
261590102012051,1000,1000,5,23076508,300091,Midwest Energy & Communications,50,1,X,MI,88274aa4a1fffff
261590102012052,1000,1000,2,23076508,300091,Midwest Energy & Communications,50,1,X,MI,88274aa599fffff
261590102013000,1000,1000,5,23076508,300091,Midwest Energy & Communications,50,1,X,MI,88274aa619fffff
261590102013001,1000,1000,1,23076508,300091,Midwest Energy & Communications,50,1,X,MI,88274aa611fffff
261590102013004,1000,1000,5,23076508,300091,Midwest Energy & Communications,50,1,X,MI,88274aa63dfffff
261590102013005,1000,1000,2,23076508,300091,Midwest Energy & Communications,50,1,X,MI,88274aa63dfffff
261590102013006,1000,1000,16,23076508,300091,Midwest Energy & Communications,50,1,X,MI,88274aa441fffff
261590102013015,1000,1000,1,23076508,300091,Midwest Energy & Communications,50,1,X,MI,88274aa6e3fffff
261590102013016,1000,1000,10,23076508,300091,Midwest Energy & Communications,50,1,X,MI,88274aa6e3fffff
261590102013020,1000,1000,3,23076508,300091,Midwest Energy & Communications,50,1,X,MI,88274aa443fffff
261590102013021,1000,1000,1,23076508,300091,Midwest Energy & Communications,50,1,X,MI,88274aa41dfffff
261590102013023,1000,1000,10,23076508,300091,Midwest Energy & Communications,50,1,X,MI,88274aa415fffff
261590102013029,1000,1000,7,23076508,300091,Midwest Energy & Communications,50,1,X,MI,88274aa687fffff
261590102013030,1000,1000,7,23076508,300091,Midwest Energy & Communications,50,1,X,MI,88274aa4cdfffff
261590102021000,1000,1000,13,23076508,300091,Midwest Energy & Communications,50,1,X,MI,8827486907fffff
261590102021001,1000,1000,37,23076508,300091,Midwest Energy & Communications,50,1,X,MI,8827486935fffff
261590102021002,1000,1000,5,23076508,300091,Midwest Energy & Communications,50,1,X,MI,8827486935fffff
261590102021003,1000,1000,6,23076508,300091,Midwest Energy & Communications,50,1,X,MI,8827486935fffff
261590102021004,1000,1000,1,23076508,300091,Midwest Energy & Communications,50,1,X,MI,8827486935fffff
261590102021005,1000,1000,2,23076508,300091,Midwest Energy & Communications,50,1,X,MI,882748692bfffff
261590102021006,1000,1000,6,23076508,300091,Midwest Energy & Communications,50,1,X,MI,8827486931fffff
261590102021007,1000,1000,3,23076508,300091,Midwest Energy & Communications,50,1,X,MI,8827486933fffff
261590102021008,1000,1000,12,23076508,300091,Midwest Energy & Communications,50,1,X,MI,88274869e5fffff
261590102021009,1000,1000,2,23076508,300091,Midwest Energy & Communications,50,1,X,MI,88274869e5fffff
261590102021010,1000,1000,14,23076508,300091,Midwest Energy & Communications,50,1,X,MI,8827486933fffff
261590102021013,1000,1000,55,23076508,300091,Midwest Energy & Communications,50,1,X,MI,88274aa6d9fffff
261590102021014,1000,1000,5,23076508,300091,Midwest Energy & Communications,50,1,X,MI,88274aa6d9fffff
261590102021015,1000,1000,1,23076508,300091,Midwest Energy & Communications,50,1,X,MI,88274aa6d9fffff
261590102021016,1000,1000,5,23076508,300091,Midwest Energy & Communications,50,1,X,MI,8827486935fffff
261590102021017,1000,1000,9,23076508,300091,Midwest Energy & Communications,50,1,X,MI,8827486935fffff
261590102021018,1000,1000,6,23076508,300091,Midwest Energy & Communications,50,1,X,MI,8827486935fffff
261590102021019,1000,1000,12,23076508,300091,Midwest Energy & Communications,50,1,X,MI,8827486935fffff
261590102021021,1000,1000,2,23076508,300091,Midwest Energy & Communications,50,1,X,MI,88274aa6c9fffff
261590102021022,1000,1000,18,23076508,300091,Midwest Energy & Communications,50,1,X,MI,88274aa6cdfffff
261590102021023,1000,1000,28,23076508,300091,Midwest Energy & Communications,50,1,X,MI,88274aa6c7fffff
261590102021024,1000,1000,4,23076508,300091,Midwest Energy & Communications,50,1,X,MI,8827486935fffff
261590102021026,1000,1000,1,23076508,300091,Midwest Energy & Communications,50,1,X,MI,8827486935fffff
261590102021027,1000,1000,6,23076508,300091,Midwest Energy & Communications,50,1,X,MI,88274aa6cbfffff
261590102021029,1000,1000,5,23076508,300091,Midwest Energy & Communications,50,1,X,MI,88274aa6dbfffff
261590102021030,1000,1000,4,23076508,300091,Midwest Energy & Communications,50,1,X,MI,88274aa6d9fffff
261590102021031,1000,1000,2,23076508,300091,Midwest Energy & Communications,50,1,X,MI,88274aa6d9fffff
261590102021032,1000,1000,6,23076508,300091,Midwest Energy & Communications,50,1,X,MI,88274aa6d9fffff
261590102021033,1000,1000,2,23076508,300091,Midwest Energy & Communications,50,1,X,MI,88274869e1fffff
261590102021035,1000,1000,9,23076508,300091,Midwest Energy & Communications,50,1,X,MI,88274869e7fffff
261590102021038,1000,1000,1,23076508,300091,Midwest Energy & Communications,50,1,X,MI,88274869e3fffff
261590102021041,1000,1000,2,23076508,300091,Midwest Energy & Communications,50,1,X,MI,88274869adfffff
261590102021042,1000,1000,7,23076508,300091,Midwest Energy & Communications,50,1,X,MI,88274aa6d3fffff
261590102021043,1000,1000,7,23076508,300091,Midwest Energy & Communications,50,1,X,MI,88274869adfffff
261590102021044,1000,1000,31,23076508,300091,Midwest Energy & Communications,50,1,X,MI,8827486985fffff
261590102021045,1000,1000,1,23076508,300091,Midwest Energy & Communications,50,1,X,MI,88274869abfffff
261590102021046,1000,1000,5,23076508,300091,Midwest Energy & Communications,50,1,X,MI,88274aa6d9fffff
261590102021047,1000,1000,2,23076508,300091,Midwest Energy & Communications,50,1,X,MI,8827486987fffff
261590102021048,1000,1000,5,23076508,300091,Midwest Energy & Communications,50,1,X,MI,88274869abfffff
261590102021049,1000,1000,6,23076508,300091,Midwest Energy & Communications,50,1,X,MI,88274869b1fffff
261590102021050,1000,1000,2,23076508,300091,Midwest Energy & Communications,50,1,X,MI,88274869b5fffff
261590102021051,1000,1000,4,23076508,300091,Midwest Energy & Communications,50,1,X,MI,88274869bdfffff
261590102021052,1000,1000,1,23076508,300091,Midwest Energy & Communications,50,1,X,MI,88274bd34bfffff
261590102022000,1000,1000,9,23076508,300091,Midwest Energy & Communications,50,1,X,MI,8827486827fffff
261590102022001,1000,1000,27,23076508,300091,Midwest Energy & Communications,50,1,X,MI,8827486953fffff
261590102022004,1000,1000,9,23076508,300091,Midwest Energy & Communications,50,1,X,MI,8827486915fffff
261590102022005,1000,1000,33,23076508,300091,Midwest Energy & Communications,50,1,X,MI,8827486917fffff
261590102022007,1000,1000,8,23076508,300091,Midwest Energy & Communications,50,1,X,MI,8827486913fffff
261590102022009,1000,1000,7,23076508,300091,Midwest Energy & Communications,50,1,X,MI,88274869cdfffff
261590102022012,1000,1000,61,23076508,300091,Midwest Energy & Communications,50,1,X,MI,8827486917fffff
261590102022013,1000,1000,2,23076508,300091,Midwest Energy & Communications,50,1,X,MI,8827486917fffff
261590102022014,1000,1000,2,23076508,300091,Midwest Energy & Communications,50,1,X,MI,8827486917fffff
261590102022015,1000,1000,4,23076508,300091,Midwest Energy & Communications,50,1,X,MI,882748693bfffff
261590102022018,1000,1000,1,23076508,300091,Midwest Energy & Communications,50,1,X,MI,882748698dfffff
261590102022020,1000,1000,8,23076508,300091,Midwest Energy & Communications,50,1,X,MI,88274869e3fffff
261590102022022,1000,1000,7,23076508,300091,Midwest Energy & Communications,50,1,X,MI,88274869e3fffff
261590102022023,1000,1000,1,23076508,300091,Midwest Energy & Communications,50,1,X,MI,8827486987fffff
261590102022028,1000,1000,1,23076508,300091,Midwest Energy & Communications,50,1,X,MI,8827486983fffff
261590102022029,1000,1000,16,23076508,300091,Midwest Energy & Communications,50,1,X,MI,8827486995fffff
261590102022030,1000,1000,16,23076508,300091,Midwest Energy & Communications,50,1,X,MI,8827486997fffff
261590102022031,1000,1000,8,23076508,300091,Midwest Energy & Communications,50,1,X,MI,8827486995fffff
261590102022032,1000,1000,3,23076508,300091,Midwest Energy & Communications,50,1,X,MI,8827486997fffff
261590102022033,1000,1000,17,23076508,300091,Midwest Energy & Communications,50,1,X,MI,8827486997fffff
261590102022035,1000,1000,19,23076508,300091,Midwest Energy & Communications,50,1,X,MI,8827486997fffff
261590102022036,1000,1000,6,23076508,300091,Midwest Energy & Communications,50,1,X,MI,88274869bbfffff
261590102022037,1000,1000,2,23076508,300091,Midwest Energy & Communications,50,1,X,MI,88274869b7fffff
261590102022038,1000,1000,2,23076508,300091,Midwest Energy & Communications,50,1,X,MI,88274869b7fffff
261590102022044,1000,1000,1,23076508,300091,Midwest Energy & Communications,50,1,X,MI,88274bd359fffff
261590102023000,1000,1000,22,23076508,300091,Midwest Energy & Communications,50,1,X,MI,88274aa6c7fffff
261590102023001,1000,1000,4,23076508,300091,Midwest Energy & Communications,50,1,X,MI,88274aa613fffff
261590102023002,1000,1000,16,23076508,300091,Midwest Energy & Communications,50,1,X,MI,88274aa6c7fffff
261590102023003,1000,1000,17,23076508,300091,Midwest Energy & Communications,50,1,X,MI,88274aa689fffff
261590102023007,1000,1000,5,23076508,300091,Midwest Energy & Communications,50,1,X,MI,88274aa6ddfffff
261590102023008,1000,1000,3,23076508,300091,Midwest Energy & Communications,50,1,X,MI,88274aa6d1fffff
261590102023009,1000,1000,52,23076508,300091,Midwest Energy & Communications,50,1,X,MI,88274aa6d3fffff
261590102023011,1000,1000,12,23076508,300091,Midwest Energy & Communications,50,1,X,MI,88274aa699fffff
261590102023012,1000,1000,17,23076508,300091,Midwest Energy & Communications,50,1,X,MI,88274aa69dfffff
261590102023013,1000,1000,17,23076508,300091,Midwest Energy & Communications,50,1,X,MI,88274aa695fffff
261590102023014,1000,1000,10,23076508,300091,Midwest Energy & Communications,50,1,X,MI,88274aa687fffff
261590102023015,1000,1000,2,23076508,300091,Midwest Energy & Communications,50,1,X,MI,88274aa6ebfffff
261590102023017,1000,1000,4,23076508,300091,Midwest Energy & Communications,50,1,X,MI,88274aa699fffff
261590102023018,1000,1000,47,23076508,300091,Midwest Energy & Communications,50,1,X,MI,88274aa699fffff
261590102023019,1000,1000,10,23076508,300091,Midwest Energy & Communications,50,1,X,MI,88274aa6bbfffff
261590102023020,1000,1000,11,23076508,300091,Midwest Energy & Communications,50,1,X,MI,88274aa691fffff
261590102023021,1000,1000,12,23076508,300091,Midwest Energy & Communications,50,1,X,MI,88274aa69dfffff
261590102023022,1000,1000,6,23076508,300091,Midwest Energy & Communications,50,1,X,MI,88274aa693fffff
261590102023023,1000,1000,14,23076508,300091,Midwest Energy & Communications,50,1,X,MI,88274869a7fffff
261590102023024,1000,1000,23,23076508,300091,Midwest Energy & Communications,50,1,X,MI,88274869a7fffff
261590102023025,1000,1000,3,23076508,300091,Midwest Energy & Communications,50,1,X,MI,88274bd34bfffff
261590102023026,1000,1000,3,23076508,300091,Midwest Energy & Communications,50,1,X,MI,88274bd34bfffff
261590102023027,1000,1000,10,23076508,300091,Midwest Energy & Communications,50,1,X,MI,88274bd341fffff
261590102023028,1000,1000,9,23076508,300091,Midwest Energy & Communications,50,1,X,MI,88274bd341fffff
261590102023029,1000,1000,19,23076508,300091,Midwest Energy & Communications,50,1,X,MI,88274aa693fffff
261590102023030,1000,1000,15,23076508,300091,Midwest Energy & Communications,50,1,X,MI,88274bd345fffff
261590102023031,1000,1000,3,23076508,300091,Midwest Energy & Communications,50,1,X,MI,88274aa693fffff
261590102023032,1000,1000,9,23076508,300091,Midwest Energy & Communications,50,1,X,MI,88274aa697fffff
261590102023033,1000,1000,29,23076508,300091,Midwest Energy & Communications,50,1,X,MI,88274aa6b3fffff
261590102023036,1000,1000,12,23076508,300091,Midwest Energy & Communications,50,1,X,MI,88274bd345fffff
261590102023037,1000,1000,10,23076508,300091,Midwest Energy & Communications,50,1,X,MI,88274bd369fffff
261590102023038,1000,1000,8,23076508,300091,Midwest Energy & Communications,50,1,X,MI,88274bd369fffff
261590102023039,1000,1000,5,23076508,300091,Midwest Energy & Communications,50,1,X,MI,88274aa693fffff
261590102023040,1000,1000,1,23076508,300091,Midwest Energy & Communications,50,1,X,MI,88274bd345fffff
261590102023041,1000,1000,6,23076508,300091,Midwest Energy & Communications,50,1,X,MI,88274bd347fffff
261590102023042,1000,1000,3,23076508,300091,Midwest Energy & Communications,50,1,X,MI,88274bd343fffff
261590102023043,1000,1000,2,23076508,300091,Midwest Energy & Communications,50,1,X,MI,88274869b7fffff
261590102023044,1000,1000,1,23076508,300091,Midwest Energy & Communications,50,1,X,MI,88274bd34bfffff
261590102023045,1000,1000,1,23076508,300091,Midwest Energy & Communications,50,1,X,MI,88274bd35dfffff
261590102023047,1000,1000,3,23076508,300091,Midwest Energy & Communications,50,1,X,MI,88274bd355fffff
261590102023048,1000,1000,6,23076508,300091,Midwest Energy & Communications,50,1,X,MI,88274bd309fffff
261590102023049,1000,1000,5,23076508,300091,Midwest Energy & Communications,50,1,X,MI,88274bd329fffff
261590102023050,1000,1000,2,23076508,300091,Midwest Energy & Communications,50,1,X,MI,88274bd30dfffff
261590102023051,1000,1000,4,23076508,300091,Midwest Energy & Communications,50,1,X,MI,88274bd369fffff
261590102023052,1000,1000,1,23076508,300091,Midwest Energy & Communications,50,1,X,MI,88274bd369fffff
261590102023053,1000,1000,13,23076508,300091,Midwest Energy & Communications,50,1,X,MI,88274bd36dfffff
261590102023054,1000,1000,13,23076508,300091,Midwest Energy & Communications,50,1,X,MI,88274aa4dbfffff
261590102023055,1000,1000,1,23076508,300091,Midwest Energy & Communications,50,1,X,MI,88274aa4d3fffff
261590102023056,1000,1000,8,23076508,300091,Midwest Energy & Communications,50,1,X,MI,88274bd369fffff
261590102023057,1000,1000,1,23076508,300091,Midwest Energy & Communications,50,1,X,MI,88274bd30dfffff
261590105002003,1000,1000,22,23076508,300091,Midwest Energy & Communications,50,1,X,MI,88274aa513fffff
261590105002004,1000,1000,1,23076508,300091,Midwest Energy & Communications,50,1,X,MI,88274aa5c7fffff
261590105002005,1000,1000,4,23076508,300091,Midwest Energy & Communications,50,1,X,MI,88274aa5c5fffff
261590105002007,1000,1000,6,23076508,300091,Midwest Energy & Communications,50,1,X,MI,88274aaed7fffff
261590105002008,1000,1000,10,23076508,300091,Midwest Energy & Communications,50,1,X,MI,88274aaed1fffff
261590105002012,1000,1000,7,23076508,300091,Midwest Energy & Communications,50,1,X,MI,88274aae99fffff
261590105002013,1000,1000,9,23076508,300091,Midwest Energy & Communications,50,1,X,MI,88274aae91fffff
261590105002017,1000,1000,1,23076508,300091,Midwest Energy & Communications,50,1,X,MI,88274aa5a3fffff
261590105002018,1000,1000,8,23076508,300091,Midwest Energy & Communications,50,1,X,MI,88274aa5bdfffff
261590105002019,1000,1000,2,23076508,300091,Midwest Energy & Communications,50,1,X,MI,88274aa581fffff
261590105002020,1000,1000,2,23076508,300091,Midwest Energy & Communications,50,1,X,MI,88274aa581fffff
261590105002022,1000,1000,4,23076508,300091,Midwest Energy & Communications,50,1,X,MI,88274aa5b9fffff
261590105002024,1000,1000,1,23076508,300091,Midwest Energy & Communications,50,1,X,MI,88274aa5bdfffff
261590105003000,1000,1000,5,23076508,300091,Midwest Energy & Communications,50,1,X,MI,88274aa737fffff
261590105003004,1000,1000,2,23076508,300091,Midwest Energy & Communications,50,1,X,MI,88274aa541fffff
261590105003010,1000,1000,14,23076508,300091,Midwest Energy & Communications,50,1,X,MI,88274aa541fffff
261590105003011,1000,1000,3,23076508,300091,Midwest Energy & Communications,50,1,X,MI,88274aa547fffff
261590105003012,1000,1000,1,23076508,300091,Midwest Energy & Communications,50,1,X,MI,88274aa54bfffff
261590105003013,1000,1000,8,23076508,300091,Midwest Energy & Communications,50,1,X,MI,88274aa54bfffff
261590105003016,1000,1000,1,23076508,300091,Midwest Energy & Communications,50,1,X,MI,88274aa543fffff
261590105003018,1000,1000,1,23076508,300091,Midwest Energy & Communications,50,1,X,MI,88274aa543fffff
261590105003019,1000,1000,4,23076508,300091,Midwest Energy & Communications,50,1,X,MI,88274aa54bfffff
261590105003020,1000,1000,3,23076508,300091,Midwest Energy & Communications,50,1,X,MI,88274aa543fffff
261590105003045,1000,1000,13,23076508,300091,Midwest Energy & Communications,50,1,X,MI,88274aa555fffff
261590105003048,1000,1000,5,23076508,300091,Midwest Energy & Communications,50,1,X,MI,88274aa555fffff
261590105003049,1000,1000,18,23076508,300091,Midwest Energy & Communications,50,1,X,MI,88274aa519fffff
261590105003050,1000,1000,35,23076508,300091,Midwest Energy & Communications,50,1,X,MI,88274aa51dfffff
261590105003051,1000,1000,1,23076508,300091,Midwest Energy & Communications,50,1,X,MI,88274aa503fffff
261590105003069,1000,1000,34,23076508,300091,Midwest Energy & Communications,50,1,X,MI,88274aa51dfffff
261590105003070,1000,1000,48,23076508,300091,Midwest Energy & Communications,50,1,X,MI,88274aa51dfffff
261590105003071,1000,1000,25,23076508,300091,Midwest Energy & Communications,50,1,X,MI,88274aa517fffff
261590105003072,1000,1000,2,23076508,300091,Midwest Energy & Communications,50,1,X,MI,88274aa5c5fffff
261590106001000,1000,1000,1,23076508,300091,Midwest Energy & Communications,50,1,X,MI,88274aa5b9fffff
261590106001001,1000,1000,16,23076508,300091,Midwest Energy & Communications,50,1,X,MI,88274aa5bdfffff
261590106001002,1000,1000,29,23076508,300091,Midwest Energy & Communications,50,1,X,MI,88274aa5bdfffff
261590106001004,1000,1000,6,23076508,300091,Midwest Energy & Communications,50,1,X,MI,88274aae93fffff
261590106001005,1000,1000,5,23076508,300091,Midwest Energy & Communications,50,1,X,MI,88274aae93fffff
261590106001006,1000,1000,3,23076508,300091,Midwest Energy & Communications,50,1,X,MI,88274aae93fffff
261590106001013,1000,1000,8,23076508,300091,Midwest Energy & Communications,50,1,X,MI,88274bdb49fffff
261590106001014,1000,1000,1,23076508,300091,Midwest Energy & Communications,50,1,X,MI,88274aa5b1fffff
261590106001015,1000,1000,2,23076508,300091,Midwest Energy & Communications,50,1,X,MI,88274aa5b1fffff
261590106001016,1000,1000,2,23076508,300091,Midwest Energy & Communications,50,1,X,MI,88274aa5b7fffff
261590106001020,1000,1000,4,23076508,300091,Midwest Energy & Communications,50,1,X,MI,88274bdb69fffff
261590106001022,1000,1000,9,23076508,300091,Midwest Energy & Communications,50,1,X,MI,88274bdb59fffff
261590106001023,1000,1000,6,23076508,300091,Midwest Energy & Communications,50,1,X,MI,88274aa5b3fffff
261590106001024,1000,1000,8,23076508,300091,Midwest Energy & Communications,50,1,X,MI,88274aa5b7fffff
261590106001025,1000,1000,7,23076508,300091,Midwest Energy & Communications,50,1,X,MI,88274bda6dfffff
261590106001028,1000,1000,1,23076508,300091,Midwest Energy & Communications,50,1,X,MI,88274bdb6bfffff
261590106001029,1000,1000,6,23076508,300091,Midwest Energy & Communications,50,1,X,MI,88274bdb61fffff
261590106001030,1000,1000,3,23076508,300091,Midwest Energy & Communications,50,1,X,MI,88274bdb61fffff
261590106001031,1000,1000,1,23076508,300091,Midwest Energy & Communications,50,1,X,MI,88274bdb61fffff
261590106001034,1000,1000,1,23076508,300091,Midwest Energy & Communications,50,1,X,MI,88274bdb0dfffff
261590106001036,1000,1000,4,23076508,300091,Midwest Energy & Communications,50,1,X,MI,88274bdb59fffff
261590106001037,1000,1000,6,23076508,300091,Midwest Energy & Communications,50,1,X,MI,88274bdb59fffff
261590106001038,1000,1000,6,23076508,300091,Midwest Energy & Communications,50,1,X,MI,88274bda65fffff
261590106001039,1000,1000,2,23076508,300091,Midwest Energy & Communications,50,1,X,MI,88274bda65fffff
261590106001040,1000,1000,4,23076508,300091,Midwest Energy & Communications,50,1,X,MI,88274bdb67fffff
261590106001041,1000,1000,8,23076508,300091,Midwest Energy & Communications,50,1,X,MI,88274bdb61fffff
261590106001042,1000,1000,5,23076508,300091,Midwest Energy & Communications,50,1,X,MI,88274bdb63fffff
261590106001043,1000,1000,5,23076508,300091,Midwest Energy & Communications,50,1,X,MI,88274bdb63fffff
261590106001044,1000,1000,6,23076508,300091,Midwest Energy & Communications,50,1,X,MI,88274bdb0dfffff
261590106001045,1000,1000,1,23076508,300091,Midwest Energy & Communications,50,1,X,MI,88274bdb51fffff
261590106001046,1000,1000,6,23076508,300091,Midwest Energy & Communications,50,1,X,MI,88274bdb5bfffff
261590106001047,1000,1000,11,23076508,300091,Midwest Energy & Communications,50,1,X,MI,88274bda65fffff
261590106001055,1000,1000,1,23076508,300091,Midwest Energy & Communications,50,1,X,MI,88274bdb19fffff
261590106001056,1000,1000,2,23076508,300091,Midwest Energy & Communications,50,1,X,MI,88274bda25fffff
261590106001057,1000,1000,3,23076508,300091,Midwest Energy & Communications,50,1,X,MI,88274bdb53fffff
261590106001058,1000,1000,3,23076508,300091,Midwest Energy & Communications,50,1,X,MI,88274bda29fffff
261590106001059,1000,1000,5,23076508,300091,Midwest Energy & Communications,50,1,X,MI,88274bd84dfffff
261590106001060,1000,1000,2,23076508,300091,Midwest Energy & Communications,50,1,X,MI,88274bda25fffff
261590106001061,1000,1000,1,23076508,300091,Midwest Energy & Communications,50,1,X,MI,88274bda27fffff
261590106001062,1000,1000,1,23076508,300091,Midwest Energy & Communications,50,1,X,MI,88274bda23fffff
261590106001063,1000,1000,6,23076508,300091,Midwest Energy & Communications,50,1,X,MI,88274bd843fffff
261590106001064,1000,1000,3,23076508,300091,Midwest Energy & Communications,50,1,X,MI,88274bd845fffff
261590106001067,1000,1000,14,23076508,300091,Midwest Energy & Communications,50,1,X,MI,88274bd80dfffff
261590106001068,1000,1000,6,23076508,300091,Midwest Energy & Communications,50,1,X,MI,88274bd80dfffff
261590106001069,1000,1000,2,23076508,300091,Midwest Energy & Communications,50,1,X,MI,88274bd843fffff
261590106001070,1000,1000,2,23076508,300091,Midwest Energy & Communications,50,1,X,MI,88274bd84bfffff
261590106001071,1000,1000,3,23076508,300091,Midwest Energy & Communications,50,1,X,MI,88274bd84bfffff
261590106001072,1000,1000,3,23076508,300091,Midwest Energy & Communications,50,1,X,MI,88274bd849fffff
261590106001073,1000,1000,1,23076508,300091,Midwest Energy & Communications,50,1,X,MI,88274bd801fffff
261590106001074,1000,1000,2,23076508,300091,Midwest Energy & Communications,50,1,X,MI,88274bd801fffff
261590106001075,1000,1000,5,23076508,300091,Midwest Energy & Communications,50,1,X,MI,88274bd855fffff
261590106001076,1000,1000,1,23076508,300091,Midwest Energy & Communications,50,1,X,MI,88274bd85dfffff
261590106001077,1000,1000,26,23076508,300091,Midwest Energy & Communications,50,1,X,MI,88274bd829fffff
261590106002005,1000,1000,10,23076508,300091,Midwest Energy & Communications,50,1,X,MI,88274bdb67fffff
261590106002007,1000,1000,2,23076508,300091,Midwest Energy & Communications,50,1,X,MI,88274bdb65fffff
261590106002015,1000,1000,42,23076508,300091,Midwest Energy & Communications,50,1,X,MI,88274bd921fffff
261590106002016,1000,1000,10,23076508,300091,Midwest Energy & Communications,50,1,X,MI,88274bd92dfffff
261590106002017,1000,1000,9,23076508,300091,Midwest Energy & Communications,50,1,X,MI,88274bd963fffff
261590106002018,1000,1000,16,23076508,300091,Midwest Energy & Communications,50,1,X,MI,88274bd905fffff
261590106002019,1000,1000,15,23076508,300091,Midwest Energy & Communications,50,1,X,MI,88274bd929fffff
261590106002022,1000,1000,13,23076508,300091,Midwest Energy & Communications,50,1,X,MI,88274bdb29fffff
261590106002023,1000,1000,7,23076508,300091,Midwest Energy & Communications,50,1,X,MI,88274bd94bfffff
261590106002024,1000,1000,20,23076508,300091,Midwest Energy & Communications,50,1,X,MI,88274bd955fffff
261590106002025,1000,1000,6,23076508,300091,Midwest Energy & Communications,50,1,X,MI,88274bd949fffff
261590106002026,1000,1000,7,23076508,300091,Midwest Energy & Communications,50,1,X,MI,88274bdb21fffff
261590106002027,1000,1000,3,23076508,300091,Midwest Energy & Communications,50,1,X,MI,88274bdb29fffff
261590106002028,1000,1000,17,23076508,300091,Midwest Energy & Communications,50,1,X,MI,88274bdb29fffff
261590106002029,1000,1000,2,23076508,300091,Midwest Energy & Communications,50,1,X,MI,88274bdb05fffff
261590106002035,1000,1000,22,23076508,300091,Midwest Energy & Communications,50,1,X,MI,88274bdb3dfffff
261590106002036,1000,1000,22,23076508,300091,Midwest Energy & Communications,50,1,X,MI,88274bdb39fffff
261590106002038,1000,1000,12,23076508,300091,Midwest Energy & Communications,50,1,X,MI,88274bdb33fffff
261590106002039,1000,1000,2,23076508,300091,Midwest Energy & Communications,50,1,X,MI,88274bd907fffff
261590106002040,1000,1000,11,23076508,300091,Midwest Energy & Communications,50,1,X,MI,88274bd901fffff
261590106002041,1000,1000,14,23076508,300091,Midwest Energy & Communications,50,1,X,MI,88274bd909fffff
261590106002042,1000,1000,2,23076508,300091,Midwest Energy & Communications,50,1,X,MI,88274bd955fffff
261590106002044,1000,1000,35,23076508,300091,Midwest Energy & Communications,50,1,X,MI,88274bdb35fffff
261590106002045,1000,1000,3,23076508,300091,Midwest Energy & Communications,50,1,X,MI,88274bd94bfffff
261590106002048,1000,1000,10,23076508,300091,Midwest Energy & Communications,50,1,X,MI,88274bd95bfffff
261590106002052,1000,1000,2,23076508,300091,Midwest Energy & Communications,50,1,X,MI,88274bd92dfffff
261590106002053,1000,1000,4,23076508,300091,Midwest Energy & Communications,50,1,X,MI,88274bdb33fffff
261590106002057,1000,1000,7,23076508,300091,Midwest Energy & Communications,50,1,X,MI,88274bd903fffff
261590106002058,1000,1000,1,23076508,300091,Midwest Energy & Communications,50,1,X,MI,88274bd927fffff
261590109011000,1000,1000,28,23076508,300091,Midwest Energy & Communications,50,1,X,MI,8827486d4bfffff
261590109011001,1000,1000,18,23076508,300091,Midwest Energy & Communications,50,1,X,MI,8827486d45fffff
261590109011002,1000,1000,10,23076508,300091,Midwest Energy & Communications,50,1,X,MI,8827486d45fffff
261590109011003,1000,1000,35,23076508,300091,Midwest Energy & Communications,50,1,X,MI,88274868b3fffff
261590109011004,1000,1000,1,23076508,300091,Midwest Energy & Communications,50,1,X,MI,8827486d0dfffff
261590109011005,1000,1000,8,23076508,300091,Midwest Energy & Communications,50,1,X,MI,88274bd259fffff
261590109011006,1000,1000,5,23076508,300091,Midwest Energy & Communications,50,1,X,MI,88274bd25bfffff
261590109011007,1000,1000,13,23076508,300091,Midwest Energy & Communications,50,1,X,MI,88274bd243fffff
261590109011008,1000,1000,14,23076508,300091,Midwest Energy & Communications,50,1,X,MI,88274bd209fffff
261590109011011,1000,1000,7,23076508,300091,Midwest Energy & Communications,50,1,X,MI,88274bd205fffff
261590109011013,1000,1000,12,23076508,300091,Midwest Energy & Communications,50,1,X,MI,88274bd20bfffff
261590109011014,1000,1000,5,23076508,300091,Midwest Energy & Communications,50,1,X,MI,88274bd20bfffff
261590109011015,1000,1000,6,23076508,300091,Midwest Energy & Communications,50,1,X,MI,88274bd201fffff
261590109011016,1000,1000,9,23076508,300091,Midwest Energy & Communications,50,1,X,MI,88274bd203fffff
261590109011017,1000,1000,64,23076508,300091,Midwest Energy & Communications,50,1,X,MI,88274bd21dfffff
261590109011018,1000,1000,1,23076508,300091,Midwest Energy & Communications,50,1,X,MI,88274bd211fffff
261590109011020,1000,1000,2,23076508,300091,Midwest Energy & Communications,50,1,X,MI,88274bd25bfffff
261590109011021,1000,1000,13,23076508,300091,Midwest Energy & Communications,50,1,X,MI,8827486d67fffff
261590109011022,1000,1000,2,23076508,300091,Midwest Energy & Communications,50,1,X,MI,8827486d0dfffff
261590109011023,1000,1000,1,23076508,300091,Midwest Energy & Communications,50,1,X,MI,88274bd215fffff
261590109011024,1000,1000,3,23076508,300091,Midwest Energy & Communications,50,1,X,MI,8827486d07fffff
261590109011025,1000,1000,6,23076508,300091,Midwest Energy & Communications,50,1,X,MI,8827486d39fffff
261590109011026,1000,1000,12,23076508,300091,Midwest Energy & Communications,50,1,X,MI,8827486d57fffff
261590109011027,1000,1000,34,23076508,300091,Midwest Energy & Communications,50,1,X,MI,8827486d09fffff
261590109011028,1000,1000,9,23076508,300091,Midwest Energy & Communications,50,1,X,MI,8827486d43fffff
261590109011029,1000,1000,11,23076508,300091,Midwest Energy & Communications,50,1,X,MI,8827486d01fffff
261590109011030,1000,1000,1,23076508,300091,Midwest Energy & Communications,50,1,X,MI,8827486d2dfffff
261590109011034,1000,1000,5,23076508,300091,Midwest Energy & Communications,50,1,X,MI,88274bd215fffff
261590109011038,1000,1000,6,23076508,300091,Midwest Energy & Communications,50,1,X,MI,88274bd2c5fffff
261590109011041,1000,1000,12,23076508,300091,Midwest Energy & Communications,50,1,X,MI,88274bd2c9fffff
261590109011042,1000,1000,10,23076508,300091,Midwest Energy & Communications,50,1,X,MI,8827486d35fffff
261590109011045,1000,1000,1,23076508,300091,Midwest Energy & Communications,50,1,X,MI,8827486d01fffff
261590109011046,1000,1000,2,23076508,300091,Midwest Energy & Communications,50,1,X,MI,88274bd2e5fffff
261590109011047,1000,1000,3,23076508,300091,Midwest Energy & Communications,50,1,X,MI,88274bd2e1fffff
261590109011048,1000,1000,2,23076508,300091,Midwest Energy & Communications,50,1,X,MI,88274bd2ebfffff
261590109011050,1000,1000,5,23076508,300091,Midwest Energy & Communications,50,1,X,MI,8827486d0dfffff
261590109012001,1000,1000,12,23076508,300091,Midwest Energy & Communications,50,1,X,MI,8827486de5fffff
261590109012002,1000,1000,26,23076508,300091,Midwest Energy & Communications,50,1,X,MI,88274bd2ddfffff
261590109012003,1000,1000,5,23076508,300091,Midwest Energy & Communications,50,1,X,MI,88274bd2d9fffff
261590109012004,1000,1000,17,23076508,300091,Midwest Energy & Communications,50,1,X,MI,88274bd2c3fffff
261590109012005,1000,1000,7,23076508,300091,Midwest Energy & Communications,50,1,X,MI,88274bd2e5fffff
261590109012008,1000,1000,1,23076508,300091,Midwest Energy & Communications,50,1,X,MI,88274bd283fffff
261590109012009,1000,1000,1,23076508,300091,Midwest Energy & Communications,50,1,X,MI,88274bd28bfffff
261590109012010,1000,1000,10,23076508,300091,Midwest Energy & Communications,50,1,X,MI,88274bd28bfffff
261590109012011,1000,1000,14,23076508,300091,Midwest Energy & Communications,50,1,X,MI,88274bd2d3fffff
261590109012012,1000,1000,4,23076508,300091,Midwest Energy & Communications,50,1,X,MI,88274bd2dbfffff
261590109012014,1000,1000,8,23076508,300091,Midwest Energy & Communications,50,1,X,MI,8827486d87fffff
261590109012015,1000,1000,66,23076508,300091,Midwest Energy & Communications,50,1,X,MI,8827486dabfffff
261590109012016,1000,1000,11,23076508,300091,Midwest Energy & Communications,50,1,X,MI,8827486dabfffff
261590109012017,1000,1000,12,23076508,300091,Midwest Energy & Communications,50,1,X,MI,8827486da3fffff
261590109012018,1000,1000,14,23076508,300091,Midwest Energy & Communications,50,1,X,MI,8827486dabfffff
261590109012019,1000,1000,19,23076508,300091,Midwest Energy & Communications,50,1,X,MI,8827486dabfffff
261590109012020,1000,1000,9,23076508,300091,Midwest Energy & Communications,50,1,X,MI,8827486dadfffff
261590109012021,1000,1000,10,23076508,300091,Midwest Energy & Communications,50,1,X,MI,88274bd2d3fffff
261590109012022,1000,1000,7,23076508,300091,Midwest Energy & Communications,50,1,X,MI,88274bd299fffff
261590109012024,1000,1000,7,23076508,300091,Midwest Energy & Communications,50,1,X,MI,88274bd29dfffff
261590109012025,1000,1000,3,23076508,300091,Midwest Energy & Communications,50,1,X,MI,88274bd283fffff
261590109012026,1000,1000,5,23076508,300091,Midwest Energy & Communications,50,1,X,MI,88274bd2b1fffff
261590109012027,1000,1000,4,23076508,300091,Midwest Energy & Communications,50,1,X,MI,88274bd2bbfffff
261590109012028,1000,1000,3,23076508,300091,Midwest Energy & Communications,50,1,X,MI,88274bd291fffff
261590109012029,1000,1000,3,23076508,300091,Midwest Energy & Communications,50,1,X,MI,88274bd291fffff
261590109012030,1000,1000,15,23076508,300091,Midwest Energy & Communications,50,1,X,MI,88274bd29dfffff
261590109012031,1000,1000,2,23076508,300091,Midwest Energy & Communications,50,1,X,MI,88274bd291fffff
261590109012032,1000,1000,28,23076508,300091,Midwest Energy & Communications,50,1,X,MI,88274bd29bfffff
261590109012034,1000,1000,24,23076508,300091,Midwest Energy & Communications,50,1,X,MI,8827486da3fffff
261590109012035,1000,1000,19,23076508,300091,Midwest Energy & Communications,50,1,X,MI,8827486dadfffff
261590109013000,1000,1000,2,23076508,300091,Midwest Energy & Communications,50,1,X,MI,8827486c29fffff
261590109013001,1000,1000,2,23076508,300091,Midwest Energy & Communications,50,1,X,MI,8827486c29fffff
261590109013002,1000,1000,41,23076508,300091,Midwest Energy & Communications,50,1,X,MI,8827486c25fffff
261590109013003,1000,1000,8,23076508,300091,Midwest Energy & Communications,50,1,X,MI,8827486d19fffff
261590109013006,1000,1000,1,23076508,300091,Midwest Energy & Communications,50,1,X,MI,8827486dddfffff
261590109013007,1000,1000,2,23076508,300091,Midwest Energy & Communications,50,1,X,MI,8827486c31fffff
261590109013008,1000,1000,6,23076508,300091,Midwest Energy & Communications,50,1,X,MI,8827486ce5fffff
261590109013012,1000,1000,7,23076508,300091,Midwest Energy & Communications,50,1,X,MI,8827486d3bfffff
261590109013013,1000,1000,7,23076508,300091,Midwest Energy & Communications,50,1,X,MI,8827486d31fffff
261590109013014,1000,1000,1,23076508,300091,Midwest Energy & Communications,50,1,X,MI,8827486dddfffff
261590109013015,1000,1000,1,23076508,300091,Midwest Energy & Communications,50,1,X,MI,8827486dddfffff
261590109013020,1000,1000,9,23076508,300091,Midwest Energy & Communications,50,1,X,MI,8827486dddfffff
261590109013021,1000,1000,4,23076508,300091,Midwest Energy & Communications,50,1,X,MI,8827486dddfffff
261590109013022,1000,1000,6,23076508,300091,Midwest Energy & Communications,50,1,X,MI,8827486dd5fffff
261590109013023,1000,1000,10,23076508,300091,Midwest Energy & Communications,50,1,X,MI,8827486d81fffff
261590109013024,1000,1000,4,23076508,300091,Midwest Energy & Communications,50,1,X,MI,8827486d81fffff
261590109013026,1000,1000,5,23076508,300091,Midwest Energy & Communications,50,1,X,MI,8827486d87fffff
261590109013028,1000,1000,5,23076508,300091,Midwest Energy & Communications,50,1,X,MI,8827486d87fffff
261590109013029,1000,1000,10,23076508,300091,Midwest Energy & Communications,50,1,X,MI,8827486d87fffff
261590109013030,1000,1000,8,23076508,300091,Midwest Energy & Communications,50,1,X,MI,8827486d87fffff
261590109013031,1000,1000,16,23076508,300091,Midwest Energy & Communications,50,1,X,MI,8827486d81fffff
261590109013032,1000,1000,19,23076508,300091,Midwest Energy & Communications,50,1,X,MI,8827486d81fffff
261590109013033,1000,1000,25,23076508,300091,Midwest Energy & Communications,50,1,X,MI,8827486ddbfffff
261590109013034,1000,1000,6,23076508,300091,Midwest Energy & Communications,50,1,X,MI,8827486ce5fffff
261590109013035,1000,1000,9,23076508,300091,Midwest Energy & Communications,50,1,X,MI,8827486ce5fffff
261590109013036,1000,1000,4,23076508,300091,Midwest Energy & Communications,50,1,X,MI,8827486ce1fffff
261590109013037,1000,1000,4,23076508,300091,Midwest Energy & Communications,50,1,X,MI,8827486dd1fffff
261590109013038,1000,1000,36,23076508,300091,Midwest Energy & Communications,50,1,X,MI,8827486d8bfffff
261590109013039,1000,1000,21,23076508,300091,Midwest Energy & Communications,50,1,X,MI,8827486d8bfffff
261590109013040,1000,1000,5,23076508,300091,Midwest Energy & Communications,50,1,X,MI,8827486d8bfffff
261590109013041,1000,1000,9,23076508,300091,Midwest Energy & Communications,50,1,X,MI,8827486d8bfffff
261590109013042,1000,1000,5,23076508,300091,Midwest Energy & Communications,50,1,X,MI,8827486dd3fffff
261590109013043,1000,1000,3,23076508,300091,Midwest Energy & Communications,50,1,X,MI,8827486d99fffff
261590109013044,1000,1000,4,23076508,300091,Midwest Energy & Communications,50,1,X,MI,8827486d9dfffff
261590109013045,1000,1000,9,23076508,300091,Midwest Energy & Communications,50,1,X,MI,8827486d9dfffff
261590109013047,1000,1000,5,23076508,300091,Midwest Energy & Communications,50,1,X,MI,8827486ca9fffff
261590109021000,1000,1000,6,23076508,300091,Midwest Energy & Communications,50,1,X,MI,8827486eb5fffff
261590109021001,1000,1000,3,23076508,300091,Midwest Energy & Communications,50,1,X,MI,8827486cc9fffff
261590109021002,1000,1000,1,23076508,300091,Midwest Energy & Communications,50,1,X,MI,8827486cc9fffff
261590109021003,1000,1000,83,23076508,300091,Midwest Energy & Communications,50,1,X,MI,8827486cc1fffff
261590109021004,1000,1000,8,23076508,300091,Midwest Energy & Communications,50,1,X,MI,8827486cc7fffff
261590109021006,1000,1000,12,23076508,300091,Midwest Energy & Communications,50,1,X,MI,8827486cc7fffff
261590109021009,1000,1000,10,23076508,300091,Midwest Energy & Communications,50,1,X,MI,8827486cc7fffff
261590109021010,1000,1000,5,23076508,300091,Midwest Energy & Communications,50,1,X,MI,8827486cc7fffff
261590109021011,1000,1000,16,23076508,300091,Midwest Energy & Communications,50,1,X,MI,8827486cc1fffff
261590109021012,1000,1000,30,23076508,300091,Midwest Energy & Communications,50,1,X,MI,8827486ce1fffff
261590109021013,1000,1000,56,23076508,300091,Midwest Energy & Communications,50,1,X,MI,8827486c89fffff
261590109021014,1000,1000,10,23076508,300091,Midwest Energy & Communications,50,1,X,MI,8827486c89fffff
261590109021015,1000,1000,14,23076508,300091,Midwest Energy & Communications,50,1,X,MI,8827486c89fffff
261590109021016,1000,1000,87,23076508,300091,Midwest Energy & Communications,50,1,X,MI,8827486cc3fffff
261590109021017,1000,1000,26,23076508,300091,Midwest Energy & Communications,50,1,X,MI,8827486cc3fffff
261590109021018,1000,1000,2,23076508,300091,Midwest Energy & Communications,50,1,X,MI,8827486cc1fffff
261590109021021,1000,1000,49,23076508,300091,Midwest Energy & Communications,50,1,X,MI,8827486c81fffff
261590109021022,1000,1000,7,23076508,300091,Midwest Energy & Communications,50,1,X,MI,8827486ce3fffff
261590109021023,1000,1000,5,23076508,300091,Midwest Energy & Communications,50,1,X,MI,8827486cebfffff
261590109021024,1000,1000,26,23076508,300091,Midwest Energy & Communications,50,1,X,MI,8827486c85fffff
261590109021025,1000,1000,49,23076508,300091,Midwest Energy & Communications,50,1,X,MI,8827486c8dfffff
261590109021026,1000,1000,29,23076508,300091,Midwest Energy & Communications,50,1,X,MI,8827486c8dfffff
261590109021027,1000,1000,14,23076508,300091,Midwest Energy & Communications,50,1,X,MI,8827486c8dfffff
261590109021028,1000,1000,21,23076508,300091,Midwest Energy & Communications,50,1,X,MI,8827486c85fffff
261590109021029,1000,1000,10,23076508,300091,Midwest Energy & Communications,50,1,X,MI,8827486c85fffff
261590109021030,1000,1000,3,23076508,300091,Midwest Energy & Communications,50,1,X,MI,8827486c85fffff
261590109021031,1000,1000,6,23076508,300091,Midwest Energy & Communications,50,1,X,MI,8827486ca9fffff
261590109021032,1000,1000,7,23076508,300091,Midwest Energy & Communications,50,1,X,MI,8827486c85fffff
261590109021033,1000,1000,10,23076508,300091,Midwest Energy & Communications,50,1,X,MI,8827486c85fffff
261590109022000,1000,1000,1,23076508,300091,Midwest Energy & Communications,50,1,X,MI,8827486eedfffff
261590109022002,1000,1000,5,23076508,300091,Midwest Energy & Communications,50,1,X,MI,8827486eedfffff
261590109022003,1000,1000,5,23076508,300091,Midwest Energy & Communications,50,1,X,MI,8827486eedfffff
261590109022004,1000,1000,1,23076508,300091,Midwest Energy & Communications,50,1,X,MI,8827486c55fffff
261590109022005,1000,1000,16,23076508,300091,Midwest Energy & Communications,50,1,X,MI,8827486c57fffff
261590109022006,1000,1000,21,23076508,300091,Midwest Energy & Communications,50,1,X,MI,8827486ee5fffff
261590109022007,1000,1000,31,23076508,300091,Midwest Energy & Communications,50,1,X,MI,8827486eadfffff
261590109022008,1000,1000,15,23076508,300091,Midwest Energy & Communications,50,1,X,MI,8827486ea1fffff
261590109022009,1000,1000,28,23076508,300091,Midwest Energy & Communications,50,1,X,MI,8827486ea7fffff
261590109022010,1000,1000,8,23076508,300091,Midwest Energy & Communications,50,1,X,MI,8827486ea1fffff
261590109022011,1000,1000,3,23076508,300091,Midwest Energy & Communications,50,1,X,MI,8827486ea1fffff
261590109022012,1000,1000,10,23076508,300091,Midwest Energy & Communications,50,1,X,MI,8827486ea1fffff
261590109022013,1000,1000,9,23076508,300091,Midwest Energy & Communications,50,1,X,MI,8827486ea7fffff
261590109022014,1000,1000,28,23076508,300091,Midwest Energy & Communications,50,1,X,MI,8827486eb5fffff
261590109022015,1000,1000,18,23076508,300091,Midwest Energy & Communications,50,1,X,MI,8827486ccdfffff
261590109022016,1000,1000,39,23076508,300091,Midwest Energy & Communications,50,1,X,MI,8827486cc5fffff
261590109022017,1000,1000,10,23076508,300091,Midwest Energy & Communications,50,1,X,MI,8827486c17fffff
261590109022018,1000,1000,18,23076508,300091,Midwest Energy & Communications,50,1,X,MI,8827486ce5fffff
261590109022019,1000,1000,14,23076508,300091,Midwest Energy & Communications,50,1,X,MI,8827486c53fffff
261590109022020,1000,1000,10,23076508,300091,Midwest Energy & Communications,50,1,X,MI,8827486c53fffff
261590109022021,1000,1000,10,23076508,300091,Midwest Energy & Communications,50,1,X,MI,8827486eadfffff
261590109023000,1000,1000,4,23076508,300091,Midwest Energy & Communications,50,1,X,MI,8827486c41fffff
261590109023001,1000,1000,6,23076508,300091,Midwest Energy & Communications,50,1,X,MI,8827486c6bfffff
261590109023005,1000,1000,2,23076508,300091,Midwest Energy & Communications,50,1,X,MI,8827486f3bfffff
261590109023006,1000,1000,5,23076508,300091,Midwest Energy & Communications,50,1,X,MI,8827486f35fffff
261590109023007,1000,1000,4,23076508,300091,Midwest Energy & Communications,50,1,X,MI,8827486d5dfffff
261590109023008,1000,1000,1,23076508,300091,Midwest Energy & Communications,50,1,X,MI,8827486c67fffff
261590109023011,1000,1000,2,23076508,300091,Midwest Energy & Communications,50,1,X,MI,8827486c43fffff
261590109023012,1000,1000,28,23076508,300091,Midwest Energy & Communications,50,1,X,MI,8827486c63fffff
261590109023013,1000,1000,18,23076508,300091,Midwest Energy & Communications,50,1,X,MI,8827486c63fffff
261590109023015,1000,1000,6,23076508,300091,Midwest Energy & Communications,50,1,X,MI,8827486c29fffff
261590109023016,1000,1000,19,23076508,300091,Midwest Energy & Communications,50,1,X,MI,8827486c67fffff
261590109023018,1000,1000,7,23076508,300091,Midwest Energy & Communications,50,1,X,MI,8827486d5bfffff
261590109023020,1000,1000,19,23076508,300091,Midwest Energy & Communications,50,1,X,MI,8827486d53fffff
261590109023021,1000,1000,1,23076508,300091,Midwest Energy & Communications,50,1,X,MI,8827486c29fffff
261590109023022,1000,1000,1,23076508,300091,Midwest Energy & Communications,50,1,X,MI,8827486c05fffff
261590109023023,1000,1000,7,23076508,300091,Midwest Energy & Communications,50,1,X,MI,8827486c05fffff
261590109023024,1000,1000,2,23076508,300091,Midwest Energy & Communications,50,1,X,MI,8827486c05fffff
261590109023025,1000,1000,1,23076508,300091,Midwest Energy & Communications,50,1,X,MI,8827486c05fffff
261590109023026,1000,1000,1,23076508,300091,Midwest Energy & Communications,50,1,X,MI,8827486c01fffff
261590109023027,1000,1000,9,23076508,300091,Midwest Energy & Communications,50,1,X,MI,8827486c0bfffff
261590109023028,1000,1000,2,23076508,300091,Midwest Energy & Communications,50,1,X,MI,8827486c07fffff
261590109023029,1000,1000,4,23076508,300091,Midwest Energy & Communications,50,1,X,MI,8827486c01fffff
261590109023030,1000,1000,37,23076508,300091,Midwest Energy & Communications,50,1,X,MI,8827486c17fffff
261590109023031,1000,1000,14,23076508,300091,Midwest Energy & Communications,50,1,X,MI,8827486c39fffff
261590109023032,1000,1000,13,23076508,300091,Midwest Energy & Communications,50,1,X,MI,8827486c07fffff
261590109023034,1000,1000,14,23076508,300091,Midwest Energy & Communications,50,1,X,MI,8827486c3bfffff
261590109023035,1000,1000,1,23076508,300091,Midwest Energy & Communications,50,1,X,MI,8827486c0bfffff
261590110031000,1000,1000,10,23076508,300091,Midwest Energy & Communications,50,1,X,MI,88274b9945fffff
261590110031001,1000,1000,8,23076508,300091,Midwest Energy & Communications,50,1,X,MI,88274b996dfffff
261590110031002,1000,1000,49,23076508,300091,Midwest Energy & Communications,50,1,X,MI,88274bd65bfffff
261590110031003,1000,1000,2,23076508,300091,Midwest Energy & Communications,50,1,X,MI,88274bd65bfffff
261590110031005,1000,1000,2,23076508,300091,Midwest Energy & Communications,50,1,X,MI,88274b9965fffff
261590110031006,1000,1000,4,23076508,300091,Midwest Energy & Communications,50,1,X,MI,88274b9965fffff
261590110031007,1000,1000,4,23076508,300091,Midwest Energy & Communications,50,1,X,MI,88274bd643fffff
261590110031008,1000,1000,34,23076508,300091,Midwest Energy & Communications,50,1,X,MI,88274bd643fffff
261590110031009,1000,1000,3,23076508,300091,Midwest Energy & Communications,50,1,X,MI,88274bd647fffff
261590110031010,1000,1000,13,23076508,300091,Midwest Energy & Communications,50,1,X,MI,88274bd66bfffff
261590110031011,1000,1000,20,23076508,300091,Midwest Energy & Communications,50,1,X,MI,88274bd655fffff
261590110031012,1000,1000,2,23076508,300091,Midwest Energy & Communications,50,1,X,MI,88274bd659fffff
261590110031013,1000,1000,8,23076508,300091,Midwest Energy & Communications,50,1,X,MI,88274bd643fffff
261590110031014,1000,1000,11,23076508,300091,Midwest Energy & Communications,50,1,X,MI,88274b9965fffff
261590110031015,1000,1000,25,23076508,300091,Midwest Energy & Communications,50,1,X,MI,88274b996dfffff
261590110031017,1000,1000,3,23076508,300091,Midwest Energy & Communications,50,1,X,MI,88274b996dfffff
261590110031018,1000,1000,20,23076508,300091,Midwest Energy & Communications,50,1,X,MI,88274b9969fffff
261590110031020,1000,1000,11,23076508,300091,Midwest Energy & Communications,50,1,X,MI,88274b9969fffff
261590110031025,1000,1000,1,23076508,300091,Midwest Energy & Communications,50,1,X,MI,88274b9961fffff
261590110031026,1000,1000,3,23076508,300091,Midwest Energy & Communications,50,1,X,MI,88274b9965fffff
261590110031027,1000,1000,2,23076508,300091,Midwest Energy & Communications,50,1,X,MI,88274b9965fffff
261590110031028,1000,1000,7,23076508,300091,Midwest Energy & Communications,50,1,X,MI,88274b9961fffff
261590110031029,1000,1000,3,23076508,300091,Midwest Energy & Communications,50,1,X,MI,88274b9961fffff
261590110031030,1000,1000,1,23076508,300091,Midwest Energy & Communications,50,1,X,MI,88274b9965fffff
261590110031032,1000,1000,1,23076508,300091,Midwest Energy & Communications,50,1,X,MI,88274b9961fffff
261590110031033,1000,1000,2,23076508,300091,Midwest Energy & Communications,50,1,X,MI,88274b9961fffff
261590110031034,1000,1000,6,23076508,300091,Midwest Energy & Communications,50,1,X,MI,88274b9961fffff
261590110031035,1000,1000,29,23076508,300091,Midwest Energy & Communications,50,1,X,MI,88274b996bfffff
261590110031036,1000,1000,3,23076508,300091,Midwest Energy & Communications,50,1,X,MI,88274b9963fffff
261590110031037,1000,1000,14,23076508,300091,Midwest Energy & Communications,50,1,X,MI,88274b9967fffff
261590110031040,1000,1000,57,23076508,300091,Midwest Energy & Communications,50,1,X,MI,88274bd651fffff
261590110031041,1000,1000,7,23076508,300091,Midwest Energy & Communications,50,1,X,MI,88274bd659fffff
261590110031042,1000,1000,2,23076508,300091,Midwest Energy & Communications,50,1,X,MI,88274b990dfffff
261590110031043,1000,1000,30,23076508,300091,Midwest Energy & Communications,50,1,X,MI,88274bd65bfffff
261590110032000,1000,1000,45,23076508,300091,Midwest Energy & Communications,50,1,X,MI,88274b9905fffff
261590110032002,1000,1000,15,23076508,300091,Midwest Energy & Communications,50,1,X,MI,88274b9929fffff
261590110032003,1000,1000,4,23076508,300091,Midwest Energy & Communications,50,1,X,MI,88274b9925fffff
261590110032004,1000,1000,42,23076508,300091,Midwest Energy & Communications,50,1,X,MI,88274bd653fffff
261590110032005,1000,1000,38,23076508,300091,Midwest Energy & Communications,50,1,X,MI,88274bd60bfffff
261590110032007,1000,1000,11,23076508,300091,Midwest Energy & Communications,50,1,X,MI,88274bd61dfffff
261590110032008,1000,1000,3,23076508,300091,Midwest Energy & Communications,50,1,X,MI,88274bd603fffff
261590110032009,1000,1000,16,23076508,300091,Midwest Energy & Communications,50,1,X,MI,88274bd639fffff
261590110032010,1000,1000,21,23076508,300091,Midwest Energy & Communications,50,1,X,MI,88274bd611fffff
261590110032011,1000,1000,7,23076508,300091,Midwest Energy & Communications,50,1,X,MI,88274bd61dfffff
261590110032012,1000,1000,14,23076508,300091,Midwest Energy & Communications,50,1,X,MI,88274bd611fffff
261590110032013,1000,1000,6,23076508,300091,Midwest Energy & Communications,50,1,X,MI,88274bd619fffff
261590110032014,1000,1000,7,23076508,300091,Midwest Energy & Communications,50,1,X,MI,88274bd657fffff
261590110032017,1000,1000,14,23076508,300091,Midwest Energy & Communications,50,1,X,MI,88274b9923fffff
261590110032019,1000,1000,26,23076508,300091,Midwest Energy & Communications,50,1,X,MI,88274b9921fffff
261590110032020,1000,1000,3,23076508,300091,Midwest Energy & Communications,50,1,X,MI,88274bd6c9fffff
261590110032022,1000,1000,6,23076508,300091,Midwest Energy & Communications,50,1,X,MI,88274bd61bfffff
261590110032023,1000,1000,3,23076508,300091,Midwest Energy & Communications,50,1,X,MI,88274bd61bfffff
261590110032024,1000,1000,1,23076508,300091,Midwest Energy & Communications,50,1,X,MI,88274bd61bfffff
261590110032025,1000,1000,9,23076508,300091,Midwest Energy & Communications,50,1,X,MI,88274bd613fffff
261590110032026,1000,1000,5,23076508,300091,Midwest Energy & Communications,50,1,X,MI,88274bd613fffff
261590110032027,1000,1000,54,23076508,300091,Midwest Energy & Communications,50,1,X,MI,88274bd6c5fffff
261590110032028,1000,1000,3,23076508,300091,Midwest Energy & Communications,50,1,X,MI,88274bd6c5fffff
261590110032029,1000,1000,11,23076508,300091,Midwest Energy & Communications,50,1,X,MI,88274bd6cdfffff
261590110032030,1000,1000,26,23076508,300091,Midwest Energy & Communications,50,1,X,MI,88274bd6cdfffff
261590110032031,1000,1000,68,23076508,300091,Midwest Energy & Communications,50,1,X,MI,88274b9933fffff
261590110032032,1000,1000,34,23076508,300091,Midwest Energy & Communications,50,1,X,MI,88274b992bfffff
261590110032033,1000,1000,9,23076508,300091,Midwest Energy & Communications,50,1,X,MI,88274bd6d9fffff
261590110032034,1000,1000,44,23076508,300091,Midwest Energy & Communications,50,1,X,MI,88274bd6d9fffff
261590110032035,1000,1000,12,23076508,300091,Midwest Energy & Communications,50,1,X,MI,88274bd6d9fffff
261590110032036,1000,1000,42,23076508,300091,Midwest Energy & Communications,50,1,X,MI,88274bd689fffff
261590110032037,1000,1000,33,23076508,300091,Midwest Energy & Communications,50,1,X,MI,88274bd6ebfffff
261590110032038,1000,1000,5,23076508,300091,Midwest Energy & Communications,50,1,X,MI,88274bd6c7fffff
261590110041000,1000,1000,17,23076508,300091,Midwest Energy & Communications,50,1,X,MI,88274bd655fffff
261590110041001,1000,1000,19,23076508,300091,Midwest Energy & Communications,50,1,X,MI,88274bd609fffff
261590110041002,1000,1000,4,23076508,300091,Midwest Energy & Communications,50,1,X,MI,88274bd655fffff
261590110041003,1000,1000,9,23076508,300091,Midwest Energy & Communications,50,1,X,MI,88274bd647fffff
261590110041004,1000,1000,20,23076508,300091,Midwest Energy & Communications,50,1,X,MI,88274bd667fffff
261590110041005,1000,1000,6,23076508,300091,Midwest Energy & Communications,50,1,X,MI,88274bd62dfffff
261590110041006,1000,1000,8,23076508,300091,Midwest Energy & Communications,50,1,X,MI,88274bd621fffff
261590110041007,1000,1000,3,23076508,300091,Midwest Energy & Communications,50,1,X,MI,88274bd621fffff
261590110041008,1000,1000,22,23076508,300091,Midwest Energy & Communications,50,1,X,MI,88274bd62bfffff
261590110041009,1000,1000,6,23076508,300091,Midwest Energy & Communications,50,1,X,MI,88274bd629fffff
261590110041010,1000,1000,15,23076508,300091,Midwest Energy & Communications,50,1,X,MI,88274bd60bfffff
261590110041011,1000,1000,21,23076508,300091,Midwest Energy & Communications,50,1,X,MI,88274bd449fffff
261590110041012,1000,1000,14,23076508,300091,Midwest Energy & Communications,50,1,X,MI,88274bd62bfffff
261590110041013,1000,1000,29,23076508,300091,Midwest Energy & Communications,50,1,X,MI,88274bd63dfffff
261590110041014,1000,1000,22,23076508,300091,Midwest Energy & Communications,50,1,X,MI,88274bd62bfffff
261590110041015,1000,1000,1,23076508,300091,Midwest Energy & Communications,50,1,X,MI,88274bd605fffff
261590110041016,1000,1000,8,23076508,300091,Midwest Energy & Communications,50,1,X,MI,88274bd607fffff
261590110041017,1000,1000,3,23076508,300091,Midwest Energy & Communications,50,1,X,MI,88274bd601fffff
261590110041018,1000,1000,27,23076508,300091,Midwest Energy & Communications,50,1,X,MI,88274bd635fffff
261590110041019,1000,1000,9,23076508,300091,Midwest Energy & Communications,50,1,X,MI,88274bd635fffff
261590110041021,1000,1000,29,23076508,300091,Midwest Energy & Communications,50,1,X,MI,88274bd639fffff
261590110041022,1000,1000,44,23076508,300091,Midwest Energy & Communications,50,1,X,MI,88274bd639fffff
261590110041023,1000,1000,17,23076508,300091,Midwest Energy & Communications,50,1,X,MI,88274bd63bfffff
261590110041024,1000,1000,14,23076508,300091,Midwest Energy & Communications,50,1,X,MI,88274bd639fffff
261590110041025,1000,1000,12,23076508,300091,Midwest Energy & Communications,50,1,X,MI,88274bd639fffff
261590110041026,1000,1000,99,23076508,300091,Midwest Energy & Communications,50,1,X,MI,88274bd63bfffff
261590110041027,1000,1000,14,23076508,300091,Midwest Energy & Communications,50,1,X,MI,88274bd615fffff
261590110041028,1000,1000,4,23076508,300091,Midwest Energy & Communications,50,1,X,MI,88274bd63bfffff
261590110041029,1000,1000,16,23076508,300091,Midwest Energy & Communications,50,1,X,MI,88274bd63bfffff
261590110041030,1000,1000,26,23076508,300091,Midwest Energy & Communications,50,1,X,MI,88274bd63bfffff
261590110041033,1000,1000,3,23076508,300091,Midwest Energy & Communications,50,1,X,MI,88274bd637fffff
261590110041034,1000,1000,2,23076508,300091,Midwest Energy & Communications,50,1,X,MI,88274bd637fffff
261590110041043,1000,1000,9,23076508,300091,Midwest Energy & Communications,50,1,X,MI,88274bd62bfffff
261590110042000,1000,1000,7,23076508,300091,Midwest Energy & Communications,50,1,X,MI,88274bd617fffff
261590110042001,1000,1000,7,23076508,300091,Midwest Energy & Communications,50,1,X,MI,88274bd6e9fffff
261590110042006,1000,1000,3,23076508,300091,Midwest Energy & Communications,50,1,X,MI,88274bd6e9fffff
261590110042008,1000,1000,1,23076508,300091,Midwest Energy & Communications,50,1,X,MI,88274bd6e1fffff
261590110042024,1000,1000,1,23076508,300091,Midwest Energy & Communications,50,1,X,MI,88274bd45dfffff
261590110042025,1000,1000,1,23076508,300091,Midwest Energy & Communications,50,1,X,MI,88274bd45dfffff
261590110042026,1000,1000,4,23076508,300091,Midwest Energy & Communications,50,1,X,MI,88274bd455fffff
261590110042028,1000,1000,8,23076508,300091,Midwest Energy & Communications,50,1,X,MI,88274bd443fffff
261590110042032,1000,1000,4,23076508,300091,Midwest Energy & Communications,50,1,X,MI,88274bd45bfffff
261590110042045,1000,1000,1,23076508,300091,Midwest Energy & Communications,50,1,X,MI,88274bd457fffff
261590110042050,1000,1000,10,23076508,300091,Midwest Energy & Communications,50,1,X,MI,88274bd6e7fffff
261590110042053,1000,1000,10,23076508,300091,Midwest Energy & Communications,50,1,X,MI,88274bd6ebfffff
261590110042055,1000,1000,5,23076508,300091,Midwest Energy & Communications,50,1,X,MI,88274bd45bfffff
261590113001000,1000,1000,3,23076508,300091,Midwest Energy & Communications,50,1,X,MI,88274bc369fffff
261590113001003,1000,1000,1,23076508,300091,Midwest Energy & Communications,50,1,X,MI,88274bc361fffff
261590113001006,1000,1000,1,23076508,300091,Midwest Energy & Communications,50,1,X,MI,88274bd8dbfffff
261590113001007,1000,1000,14,23076508,300091,Midwest Energy & Communications,50,1,X,MI,88274bc367fffff
261590113001008,1000,1000,5,23076508,300091,Midwest Energy & Communications,50,1,X,MI,88274bc321fffff
261590113001009,1000,1000,34,23076508,300091,Midwest Energy & Communications,50,1,X,MI,88274bc363fffff
261590113001010,1000,1000,45,23076508,300091,Midwest Energy & Communications,50,1,X,MI,88274bc325fffff
261590113001018,1000,1000,14,23076508,300091,Midwest Energy & Communications,50,1,X,MI,88274bd8ddfffff
261590113001019,1000,1000,9,23076508,300091,Midwest Energy & Communications,50,1,X,MI,88274bd8d1fffff
261590113001021,1000,1000,21,23076508,300091,Midwest Energy & Communications,50,1,X,MI,88274bc32bfffff
261590113001022,1000,1000,12,23076508,300091,Midwest Energy & Communications,50,1,X,MI,88274bc32bfffff
261590113001025,1000,1000,4,23076508,300091,Midwest Energy & Communications,50,1,X,MI,88274bd887fffff
261590113001026,1000,1000,5,23076508,300091,Midwest Energy & Communications,50,1,X,MI,88274bd887fffff
261590113001028,1000,1000,23,23076508,300091,Midwest Energy & Communications,50,1,X,MI,88274bd891fffff
261590113001029,1000,1000,11,23076508,300091,Midwest Energy & Communications,50,1,X,MI,88274bd8bbfffff
261590113001030,1000,1000,12,23076508,300091,Midwest Energy & Communications,50,1,X,MI,88274bd8bbfffff
261590113001031,1000,1000,25,23076508,300091,Midwest Energy & Communications,50,1,X,MI,88274bc165fffff
261590113001032,1000,1000,28,23076508,300091,Midwest Energy & Communications,50,1,X,MI,88274bc325fffff
261590113001033,1000,1000,2,23076508,300091,Midwest Energy & Communications,50,1,X,MI,88274bc321fffff
261590113001034,1000,1000,21,23076508,300091,Midwest Energy & Communications,50,1,X,MI,88274bc14bfffff
261590113001035,1000,1000,8,23076508,300091,Midwest Energy & Communications,50,1,X,MI,88274bc33dfffff
261590113001036,1000,1000,1,23076508,300091,Midwest Energy & Communications,50,1,X,MI,88274bc141fffff
261590113002000,1000,1000,11,23076508,300091,Midwest Energy & Communications,50,1,X,MI,88274bd189fffff
261590113002002,1000,1000,18,23076508,300091,Midwest Energy & Communications,50,1,X,MI,88274bd1e7fffff
261590113002004,1000,1000,13,23076508,300091,Midwest Energy & Communications,50,1,X,MI,88274bd1a9fffff
261590113002008,1000,1000,21,23076508,300091,Midwest Energy & Communications,50,1,X,MI,88274bd187fffff
261590113002009,1000,1000,12,23076508,300091,Midwest Energy & Communications,50,1,X,MI,88274bd187fffff
261590113002010,1000,1000,18,23076508,300091,Midwest Energy & Communications,50,1,X,MI,88274bd1a9fffff
261590113002011,1000,1000,11,23076508,300091,Midwest Energy & Communications,50,1,X,MI,88274bd187fffff
261590113002012,1000,1000,14,23076508,300091,Midwest Energy & Communications,50,1,X,MI,88274bd187fffff
261590113002013,1000,1000,3,23076508,300091,Midwest Energy & Communications,50,1,X,MI,88274bd183fffff
261590113002014,1000,1000,26,23076508,300091,Midwest Energy & Communications,50,1,X,MI,88274bd197fffff
261590113002015,1000,1000,14,23076508,300091,Midwest Energy & Communications,50,1,X,MI,88274bd1b3fffff
261590113002016,1000,1000,61,23076508,300091,Midwest Energy & Communications,50,1,X,MI,88274bd1a3fffff
261590113002017,1000,1000,24,23076508,300091,Midwest Energy & Communications,50,1,X,MI,88274bd1a3fffff
261590113002020,1000,1000,4,23076508,300091,Midwest Energy & Communications,50,1,X,MI,88274bd1b7fffff
261590113002021,1000,1000,56,23076508,300091,Midwest Energy & Communications,50,1,X,MI,88274bc34bfffff
261590113002022,1000,1000,26,23076508,300091,Midwest Energy & Communications,50,1,X,MI,88274bc34dfffff
261590113002023,1000,1000,1,23076508,300091,Midwest Energy & Communications,50,1,X,MI,88274bc369fffff
261590113002024,1000,1000,9,23076508,300091,Midwest Energy & Communications,50,1,X,MI,88274bc35dfffff
261590113002025,1000,1000,65,23076508,300091,Midwest Energy & Communications,50,1,X,MI,88274bc351fffff
261590113002028,1000,1000,23,23076508,300091,Midwest Energy & Communications,50,1,X,MI,88274bc351fffff
261590113002029,1000,1000,8,23076508,300091,Midwest Energy & Communications,50,1,X,MI,88274bc309fffff
261590113002031,1000,1000,14,23076508,300091,Midwest Energy & Communications,50,1,X,MI,88274bc34bfffff
261590113002032,1000,1000,20,23076508,300091,Midwest Energy & Communications,50,1,X,MI,88274bc31dfffff
261590113002033,1000,1000,15,23076508,300091,Midwest Energy & Communications,50,1,X,MI,88274bc357fffff
261590113002034,1000,1000,20,23076508,300091,Midwest Energy & Communications,50,1,X,MI,88274bc225fffff
261590113002035,1000,1000,15,23076508,300091,Midwest Energy & Communications,50,1,X,MI,88274bc311fffff
261590113002036,1000,1000,7,23076508,300091,Midwest Energy & Communications,50,1,X,MI,88274bc317fffff
261590113003000,1000,1000,25,23076508,300091,Midwest Energy & Communications,50,1,X,MI,88274bd1ddfffff
261590113003001,1000,1000,1,23076508,300091,Midwest Energy & Communications,50,1,X,MI,88274bd1d1fffff
261590113003002,1000,1000,1,23076508,300091,Midwest Energy & Communications,50,1,X,MI,88274bd1d7fffff
261590113003003,1000,1000,10,23076508,300091,Midwest Energy & Communications,50,1,X,MI,88274bd1d5fffff
261590113003007,1000,1000,3,23076508,300091,Midwest Energy & Communications,50,1,X,MI,88274bd19dfffff
261590113003012,1000,1000,10,23076508,300091,Midwest Energy & Communications,50,1,X,MI,88274bd191fffff
261590113003021,1000,1000,7,23076508,300091,Midwest Energy & Communications,50,1,X,MI,88274bd0a1fffff
261590113003022,1000,1000,31,23076508,300091,Midwest Energy & Communications,50,1,X,MI,88274bd19bfffff
261590113003023,1000,1000,2,23076508,300091,Midwest Energy & Communications,50,1,X,MI,88274bd19bfffff
261590113003027,1000,1000,6,23076508,300091,Midwest Energy & Communications,50,1,X,MI,88274bd19bfffff
261590113003028,1000,1000,1,23076508,300091,Midwest Energy & Communications,50,1,X,MI,88274bd19bfffff
261590113003029,1000,1000,8,23076508,300091,Midwest Energy & Communications,50,1,X,MI,88274bc24dfffff
261590113003030,1000,1000,7,23076508,300091,Midwest Energy & Communications,50,1,X,MI,88274bd0a3fffff
261590113003031,1000,1000,2,23076508,300091,Midwest Energy & Communications,50,1,X,MI,88274bd19bfffff
261590113003032,1000,1000,31,23076508,300091,Midwest Energy & Communications,50,1,X,MI,88274bd19bfffff
261590113003033,1000,1000,21,23076508,300091,Midwest Energy & Communications,50,1,X,MI,88274bd197fffff
261590113003035,1000,1000,11,23076508,300091,Midwest Energy & Communications,50,1,X,MI,88274bd197fffff
261590113003038,1000,1000,4,23076508,300091,Midwest Energy & Communications,50,1,X,MI,88274bc24dfffff
261590113004000,1000,1000,10,23076508,300091,Midwest Energy & Communications,50,1,X,MI,88274bd0c5fffff
261590113004001,1000,1000,5,23076508,300091,Midwest Energy & Communications,50,1,X,MI,88274bd0c5fffff
261590113004002,1000,1000,22,23076508,300091,Midwest Energy & Communications,50,1,X,MI,88274bd0e7fffff
261590113004003,1000,1000,1,23076508,300091,Midwest Energy & Communications,50,1,X,MI,88274bd1d3fffff
261590113004004,1000,1000,47,23076508,300091,Midwest Energy & Communications,50,1,X,MI,88274bd0edfffff
261590113004005,1000,1000,13,23076508,300091,Midwest Energy & Communications,50,1,X,MI,88274bd0ebfffff
261590113004010,1000,1000,6,23076508,300091,Midwest Energy & Communications,50,1,X,MI,88274bd0a9fffff
261590113004011,1000,1000,25,23076508,300091,Midwest Energy & Communications,50,1,X,MI,88274bd085fffff
261590113004012,1000,1000,16,23076508,300091,Midwest Energy & Communications,50,1,X,MI,88274bd087fffff
261590113004013,1000,1000,6,23076508,300091,Midwest Energy & Communications,50,1,X,MI,88274bd08dfffff
261590113004014,1000,1000,8,23076508,300091,Midwest Energy & Communications,50,1,X,MI,88274bd0c1fffff
261590113004015,1000,1000,3,23076508,300091,Midwest Energy & Communications,50,1,X,MI,88274bd083fffff
261590113004016,1000,1000,1,23076508,300091,Midwest Energy & Communications,50,1,X,MI,88274bd08bfffff
261590113004017,1000,1000,1,23076508,300091,Midwest Energy & Communications,50,1,X,MI,88274bd083fffff
261590113004018,1000,1000,10,23076508,300091,Midwest Energy & Communications,50,1,X,MI,88274bd087fffff
261590113004019,1000,1000,7,23076508,300091,Midwest Energy & Communications,50,1,X,MI,88274bd087fffff
261590113004020,1000,1000,5,23076508,300091,Midwest Energy & Communications,50,1,X,MI,88274bd0b5fffff
261590113004021,1000,1000,10,23076508,300091,Midwest Energy & Communications,50,1,X,MI,88274bd0b9fffff
261590113004022,1000,1000,5,23076508,300091,Midwest Energy & Communications,50,1,X,MI,88274bd083fffff
261590113004023,1000,1000,32,23076508,300091,Midwest Energy & Communications,50,1,X,MI,88274bd095fffff
261590113004024,1000,1000,41,23076508,300091,Midwest Energy & Communications,50,1,X,MI,88274bd0b1fffff
261590113004026,1000,1000,4,23076508,300091,Midwest Energy & Communications,50,1,X,MI,88274bd56dfffff
261590113004029,1000,1000,2,23076508,300091,Midwest Energy & Communications,50,1,X,MI,88274bd0bbfffff
261590113005000,1000,1000,1,23076508,300091,Midwest Energy & Communications,50,1,X,MI,88274bd565fffff
261590113005003,1000,1000,4,23076508,300091,Midwest Energy & Communications,50,1,X,MI,88274bc261fffff
261590113005004,1000,1000,32,23076508,300091,Midwest Energy & Communications,50,1,X,MI,88274bd565fffff
261590113005005,1000,1000,5,23076508,300091,Midwest Energy & Communications,50,1,X,MI,88274bd561fffff
261590113005006,1000,1000,1,23076508,300091,Midwest Energy & Communications,50,1,X,MI,88274bc263fffff
261590113005007,1000,1000,9,23076508,300091,Midwest Energy & Communications,50,1,X,MI,88274bc267fffff
261590113005008,1000,1000,2,23076508,300091,Midwest Energy & Communications,50,1,X,MI,88274bc225fffff
261590113005012,1000,1000,1,23076508,300091,Midwest Energy & Communications,50,1,X,MI,88274bc239fffff
261590113005016,1000,1000,1,23076508,300091,Midwest Energy & Communications,50,1,X,MI,88274bc25bfffff
261590113005017,1000,1000,13,23076508,300091,Midwest Energy & Communications,50,1,X,MI,88274bc25bfffff
261590113005019,1000,1000,46,23076508,300091,Midwest Energy & Communications,50,1,X,MI,88274bd521fffff
261590113005023,1000,1000,5,23076508,300091,Midwest Energy & Communications,50,1,X,MI,88274bd52bfffff
261590113005024,1000,1000,1,23076508,300091,Midwest Energy & Communications,50,1,X,MI,88274bc239fffff
261590113005026,1000,1000,1,23076508,300091,Midwest Energy & Communications,50,1,X,MI,88274bc235fffff
261590113005029,1000,1000,7,23076508,300091,Midwest Energy & Communications,50,1,X,MI,88274bc313fffff
261590113005030,1000,1000,3,23076508,300091,Midwest Energy & Communications,50,1,X,MI,88274bc313fffff
261590114001000,1000,1000,13,23076508,300091,Midwest Energy & Communications,50,1,X,MI,88274bd1e7fffff
261590114001001,1000,1000,16,23076508,300091,Midwest Energy & Communications,50,1,X,MI,88274bdad9fffff
261590114001002,1000,1000,30,23076508,300091,Midwest Energy & Communications,50,1,X,MI,88274bdad3fffff
261590114001003,1000,1000,4,23076508,300091,Midwest Energy & Communications,50,1,X,MI,88274bda9dfffff
261590114001004,1000,1000,11,23076508,300091,Midwest Energy & Communications,50,1,X,MI,88274bda89fffff
261590114001007,1000,1000,4,23076508,300091,Midwest Energy & Communications,50,1,X,MI,88274bda8dfffff
261590114001008,1000,1000,1,23076508,300091,Midwest Energy & Communications,50,1,X,MI,88274bdae3fffff
261590114001009,1000,1000,2,23076508,300091,Midwest Energy & Communications,50,1,X,MI,88274bdae7fffff
261590114001011,1000,1000,30,23076508,300091,Midwest Energy & Communications,50,1,X,MI,88274bd853fffff
261590114001013,1000,1000,7,23076508,300091,Midwest Energy & Communications,50,1,X,MI,88274bd853fffff
261590114001014,1000,1000,11,23076508,300091,Midwest Energy & Communications,50,1,X,MI,88274bdaa5fffff
261590114001015,1000,1000,3,23076508,300091,Midwest Energy & Communications,50,1,X,MI,88274bdaa5fffff
261590114001047,1000,1000,2,23076508,300091,Midwest Energy & Communications,50,1,X,MI,88274bd8ddfffff
261590114001055,1000,1000,7,23076508,300091,Midwest Energy & Communications,50,1,X,MI,88274bd1a1fffff
261590114001056,1000,1000,20,23076508,300091,Midwest Energy & Communications,50,1,X,MI,88274bd1a5fffff
261590114001058,1000,1000,14,23076508,300091,Midwest Energy & Communications,50,1,X,MI,88274bd1a3fffff
261590114001059,1000,1000,2,23076508,300091,Midwest Energy & Communications,50,1,X,MI,88274bd1a5fffff
261590114001060,1000,1000,1,23076508,300091,Midwest Energy & Communications,50,1,X,MI,88274bdae3fffff
261590114001061,1000,1000,2,23076508,300091,Midwest Energy & Communications,50,1,X,MI,88274bdae3fffff
261590114002000,1000,1000,15,23076508,300091,Midwest Energy & Communications,50,1,X,MI,88274bda91fffff
261590114002003,1000,1000,21,23076508,300091,Midwest Energy & Communications,50,1,X,MI,88274bdad3fffff
261590114002013,1000,1000,13,23076508,300091,Midwest Energy & Communications,50,1,X,MI,88274bd1a5fffff
261590114002014,1000,1000,15,23076508,300091,Midwest Energy & Communications,50,1,X,MI,88274bc34dfffff
261590114002015,1000,1000,5,23076508,300091,Midwest Energy & Communications,50,1,X,MI,88274bda93fffff
261590114002016,1000,1000,2,23076508,300091,Midwest Energy & Communications,50,1,X,MI,88274bc369fffff
261590114004000,1000,1000,11,23076508,300091,Midwest Energy & Communications,50,1,X,MI,88274bc365fffff
261590114004019,1000,1000,9,23076508,300091,Midwest Energy & Communications,50,1,X,MI,88274bd8ddfffff
261590114004020,1000,1000,6,23076508,300091,Midwest Energy & Communications,50,1,X,MI,88274bd8ddfffff
261590114004022,1000,1000,8,23076508,300091,Midwest Energy & Communications,50,1,X,MI,88274bd8d1fffff
261590114004023,1000,1000,6,23076508,300091,Midwest Energy & Communications,50,1,X,MI,88274bd8dbfffff
261590114004025,1000,1000,1,23076508,300091,Midwest Energy & Communications,50,1,X,MI,88274bc365fffff
261590114004038,1000,1000,2,23076508,300091,Midwest Energy & Communications,50,1,X,MI,88274bc365fffff
261590114004041,1000,1000,2,23076508,300091,Midwest Energy & Communications,50,1,X,MI,88274bd8dbfffff
261590114004046,1000,1000,14,23076508,300091,Midwest Energy & Communications,50,1,X,MI,88274bc365fffff
261590115001000,1000,1000,4,23076508,300091,Midwest Energy & Communications,50,1,X,MI,88274bc13dfffff
261590115001001,1000,1000,7,23076508,300091,Midwest Energy & Communications,50,1,X,MI,88274bc123fffff
261590115001002,1000,1000,1,23076508,300091,Midwest Energy & Communications,50,1,X,MI,88274bcacdfffff
261590115001003,1000,1000,2,23076508,300091,Midwest Energy & Communications,50,1,X,MI,88274bcacdfffff
261590115001004,1000,1000,2,23076508,300091,Midwest Energy & Communications,50,1,X,MI,88274bcac9fffff
261590115001005,1000,1000,18,23076508,300091,Midwest Energy & Communications,50,1,X,MI,88274bc135fffff
261590115001006,1000,1000,4,23076508,300091,Midwest Energy & Communications,50,1,X,MI,88274bc135fffff
261590115001007,1000,1000,16,23076508,300091,Midwest Energy & Communications,50,1,X,MI,88274bcacbfffff
261590115001008,1000,1000,8,23076508,300091,Midwest Energy & Communications,50,1,X,MI,88274bcaddfffff
261590115001009,1000,1000,49,23076508,300091,Midwest Energy & Communications,50,1,X,MI,88274bca83fffff
261590115001010,1000,1000,8,23076508,300091,Midwest Energy & Communications,50,1,X,MI,88274bca9dfffff
261590115001011,1000,1000,8,23076508,300091,Midwest Energy & Communications,50,1,X,MI,88274bca9dfffff
261590115001012,1000,1000,4,23076508,300091,Midwest Energy & Communications,50,1,X,MI,88274bca9dfffff
261590115001013,1000,1000,9,23076508,300091,Midwest Energy & Communications,50,1,X,MI,88274bca89fffff
261590115001014,1000,1000,18,23076508,300091,Midwest Energy & Communications,50,1,X,MI,88274bca99fffff
261590115001015,1000,1000,7,23076508,300091,Midwest Energy & Communications,50,1,X,MI,88274bca99fffff
261590115001016,1000,1000,74,23076508,300091,Midwest Energy & Communications,50,1,X,MI,88274bca95fffff
261590115001017,1000,1000,2,23076508,300091,Midwest Energy & Communications,50,1,X,MI,88274bca9dfffff
261590115001018,1000,1000,4,23076508,300091,Midwest Energy & Communications,50,1,X,MI,88274bca95fffff
261590115001019,1000,1000,4,23076508,300091,Midwest Energy & Communications,50,1,X,MI,88274bca95fffff
261590115001020,1000,1000,12,23076508,300091,Midwest Energy & Communications,50,1,X,MI,88274bca95fffff
261590115001021,1000,1000,2,23076508,300091,Midwest Energy & Communications,50,1,X,MI,88274bca9dfffff
261590115001022,1000,1000,2,23076508,300091,Midwest Energy & Communications,50,1,X,MI,88274bca95fffff
261590115001024,1000,1000,12,23076508,300091,Midwest Energy & Communications,50,1,X,MI,88274bc1a5fffff
261590115001025,1000,1000,1,23076508,300091,Midwest Energy & Communications,50,1,X,MI,88274bc1a5fffff
261590115001035,1000,1000,6,23076508,300091,Midwest Energy & Communications,50,1,X,MI,88274bcad3fffff
261590115001037,1000,1000,9,23076508,300091,Midwest Energy & Communications,50,1,X,MI,88274bca99fffff
261590115001041,1000,1000,8,23076508,300091,Midwest Energy & Communications,50,1,X,MI,88274bc1a5fffff
261590115001042,1000,1000,4,23076508,300091,Midwest Energy & Communications,50,1,X,MI,88274bc1a5fffff
261590115001044,1000,1000,2,23076508,300091,Midwest Energy & Communications,50,1,X,MI,88274bc1a5fffff
261590115002000,1000,1000,3,23076508,300091,Midwest Energy & Communications,50,1,X,MI,88274bc003fffff
261590115002001,1000,1000,16,23076508,300091,Midwest Energy & Communications,50,1,X,MI,88274bc037fffff
261590115002002,1000,1000,14,23076508,300091,Midwest Energy & Communications,50,1,X,MI,88274bc1cbfffff
261590115002003,1000,1000,12,23076508,300091,Midwest Energy & Communications,50,1,X,MI,88274bc1c1fffff
261590115002004,1000,1000,2,23076508,300091,Midwest Energy & Communications,50,1,X,MI,88274bc1cbfffff
261590115002005,1000,1000,5,23076508,300091,Midwest Energy & Communications,50,1,X,MI,88274bc1cdfffff
261590115002006,1000,1000,66,23076508,300091,Midwest Energy & Communications,50,1,X,MI,88274bc1cbfffff
261590115002007,1000,1000,7,23076508,300091,Midwest Energy & Communications,50,1,X,MI,88274bc1c1fffff
261590115002008,1000,1000,10,23076508,300091,Midwest Energy & Communications,50,1,X,MI,88274bc117fffff
261590115002009,1000,1000,13,23076508,300091,Midwest Energy & Communications,50,1,X,MI,88274bc117fffff
261590115002010,1000,1000,17,23076508,300091,Midwest Energy & Communications,50,1,X,MI,88274bc133fffff
261590115002011,1000,1000,19,23076508,300091,Midwest Energy & Communications,50,1,X,MI,88274bcadbfffff
261590115002013,1000,1000,6,23076508,300091,Midwest Energy & Communications,50,1,X,MI,88274bc1e1fffff
261590115002014,1000,1000,9,23076508,300091,Midwest Energy & Communications,50,1,X,MI,88274bc1c3fffff
261590115002015,1000,1000,6,23076508,300091,Midwest Energy & Communications,50,1,X,MI,88274bc1d5fffff
261590115002016,1000,1000,8,23076508,300091,Midwest Energy & Communications,50,1,X,MI,88274bc18dfffff
261590115002018,1000,1000,9,23076508,300091,Midwest Energy & Communications,50,1,X,MI,88274bcadbfffff
261590115002019,1000,1000,9,23076508,300091,Midwest Energy & Communications,50,1,X,MI,88274bcadbfffff
261590115002020,1000,1000,1,23076508,300091,Midwest Energy & Communications,50,1,X,MI,88274bcad3fffff
261590115002021,1000,1000,3,23076508,300091,Midwest Energy & Communications,50,1,X,MI,88274bc1d7fffff
261590115002022,1000,1000,9,23076508,300091,Midwest Energy & Communications,50,1,X,MI,88274bc1d7fffff
261590115002023,1000,1000,10,23076508,300091,Midwest Energy & Communications,50,1,X,MI,88274bc195fffff
261590115002024,1000,1000,2,23076508,300091,Midwest Energy & Communications,50,1,X,MI,88274bc195fffff
261590115002025,1000,1000,1,23076508,300091,Midwest Energy & Communications,50,1,X,MI,88274bc195fffff
261590115002026,1000,1000,6,23076508,300091,Midwest Energy & Communications,50,1,X,MI,88274bc183fffff
261590115002028,1000,1000,48,23076508,300091,Midwest Energy & Communications,50,1,X,MI,88274bc1bdfffff
261590115002029,1000,1000,7,23076508,300091,Midwest Energy & Communications,50,1,X,MI,88274bc1bdfffff
261590115002031,1000,1000,4,23076508,300091,Midwest Energy & Communications,50,1,X,MI,88274bc1bdfffff
261590115002032,1000,1000,5,23076508,300091,Midwest Energy & Communications,50,1,X,MI,88274bc1abfffff
261590115002034,1000,1000,20,23076508,300091,Midwest Energy & Communications,50,1,X,MI,88274bc1a5fffff
261590115002035,1000,1000,12,23076508,300091,Midwest Energy & Communications,50,1,X,MI,88274bc1a1fffff
261590115002036,1000,1000,8,23076508,300091,Midwest Energy & Communications,50,1,X,MI,88274bc1a3fffff
261590115002038,1000,1000,11,23076508,300091,Midwest Energy & Communications,50,1,X,MI,88274bc1bdfffff
261590115002040,1000,1000,4,23076508,300091,Midwest Energy & Communications,50,1,X,MI,88274bc1a7fffff
261590115002044,1000,1000,2,23076508,300091,Midwest Energy & Communications,50,1,X,MI,88274bc1b9fffff
261590115003000,1000,1000,9,23076508,300091,Midwest Energy & Communications,50,1,X,MI,88274bc04bfffff
261590115003001,1000,1000,1,23076508,300091,Midwest Energy & Communications,50,1,X,MI,88274bc04dfffff
261590115003002,1000,1000,2,23076508,300091,Midwest Energy & Communications,50,1,X,MI,88274bc045fffff
261590115003003,1000,1000,6,23076508,300091,Midwest Energy & Communications,50,1,X,MI,88274bc06dfffff
261590115003005,1000,1000,4,23076508,300091,Midwest Energy & Communications,50,1,X,MI,88274bc337fffff
261590115003006,1000,1000,10,23076508,300091,Midwest Energy & Communications,50,1,X,MI,88274bc143fffff
261590115003007,1000,1000,15,23076508,300091,Midwest Energy & Communications,50,1,X,MI,88274bc169fffff
261590115003008,1000,1000,2,23076508,300091,Midwest Energy & Communications,50,1,X,MI,88274bc101fffff
261590115003009,1000,1000,3,23076508,300091,Midwest Energy & Communications,50,1,X,MI,88274bc161fffff
261590115003010,1000,1000,4,23076508,300091,Midwest Energy & Communications,50,1,X,MI,88274bc165fffff
261590115003011,1000,1000,3,23076508,300091,Midwest Energy & Communications,50,1,X,MI,88274bca59fffff
261590115003012,1000,1000,1,23076508,300091,Midwest Energy & Communications,50,1,X,MI,88274bc12dfffff
261590115003013,1000,1000,1,23076508,300091,Midwest Energy & Communications,50,1,X,MI,88274bc163fffff
261590115003015,1000,1000,9,23076508,300091,Midwest Energy & Communications,50,1,X,MI,88274bc10bfffff
261590115003016,1000,1000,5,23076508,300091,Midwest Energy & Communications,50,1,X,MI,88274bc153fffff
261590115003017,1000,1000,4,23076508,300091,Midwest Energy & Communications,50,1,X,MI,88274bc151fffff
261590115003018,1000,1000,4,23076508,300091,Midwest Energy & Communications,50,1,X,MI,88274bc065fffff
261590115003019,1000,1000,10,23076508,300091,Midwest Energy & Communications,50,1,X,MI,88274bc127fffff
261590115003020,1000,1000,2,23076508,300091,Midwest Energy & Communications,50,1,X,MI,88274bc125fffff
261590115003021,1000,1000,1,23076508,300091,Midwest Energy & Communications,50,1,X,MI,88274bc105fffff
261590115003022,1000,1000,34,23076508,300091,Midwest Energy & Communications,50,1,X,MI,88274bc131fffff
261590115003023,1000,1000,6,23076508,300091,Midwest Energy & Communications,50,1,X,MI,88274bc131fffff
261590115003024,1000,1000,10,23076508,300091,Midwest Energy & Communications,50,1,X,MI,88274bc11dfffff
261590115003025,1000,1000,5,23076508,300091,Midwest Energy & Communications,50,1,X,MI,88274bc027fffff
261590115003026,1000,1000,4,23076508,300091,Midwest Energy & Communications,50,1,X,MI,88274bc023fffff
261590115003027,1000,1000,14,23076508,300091,Midwest Energy & Communications,50,1,X,MI,88274bc003fffff
261590115003028,1000,1000,9,23076508,300091,Midwest Energy & Communications,50,1,X,MI,88274bc043fffff
261590115003029,1000,1000,4,23076508,300091,Midwest Energy & Communications,50,1,X,MI,88274bc041fffff
261590115003030,1000,1000,9,23076508,300091,Midwest Energy & Communications,50,1,X,MI,88274bc117fffff
261590115003031,1000,1000,4,23076508,300091,Midwest Energy & Communications,50,1,X,MI,88274bc117fffff
261590115003032,1000,1000,11,23076508,300091,Midwest Energy & Communications,50,1,X,MI,88274bc13bfffff
261590115003033,1000,1000,3,23076508,300091,Midwest Energy & Communications,50,1,X,MI,88274bc133fffff
261590115003034,1000,1000,6,23076508,300091,Midwest Energy & Communications,50,1,X,MI,88274bc131fffff
261590115003037,1000,1000,5,23076508,300091,Midwest Energy & Communications,50,1,X,MI,88274bc125fffff
261590115004000,1000,1000,15,23076508,300091,Midwest Energy & Communications,50,1,X,MI,88274bd523fffff
261590115004001,1000,1000,5,23076508,300091,Midwest Energy & Communications,50,1,X,MI,88274bc2c1fffff
261590115004002,1000,1000,12,23076508,300091,Midwest Energy & Communications,50,1,X,MI,88274bc2e9fffff
261590115004003,1000,1000,8,23076508,300091,Midwest Energy & Communications,50,1,X,MI,88274bc215fffff
261590115004004,1000,1000,1,23076508,300091,Midwest Energy & Communications,50,1,X,MI,88274bc23bfffff
261590115004006,1000,1000,3,23076508,300091,Midwest Energy & Communications,50,1,X,MI,88274bc235fffff
261590115004007,1000,1000,5,23076508,300091,Midwest Energy & Communications,50,1,X,MI,88274bc04bfffff
261590115004008,1000,1000,4,23076508,300091,Midwest Energy & Communications,50,1,X,MI,88274bc041fffff
261590115004009,1000,1000,3,23076508,300091,Midwest Energy & Communications,50,1,X,MI,88274bc043fffff
261590115004010,1000,1000,4,23076508,300091,Midwest Energy & Communications,50,1,X,MI,88274bc237fffff
261590115004012,1000,1000,26,23076508,300091,Midwest Energy & Communications,50,1,X,MI,88274bc2c5fffff
261590115004013,1000,1000,9,23076508,300091,Midwest Energy & Communications,50,1,X,MI,88274bc2cbfffff
261590115004014,1000,1000,11,23076508,300091,Midwest Energy & Communications,50,1,X,MI,88274bc289fffff
261590115004015,1000,1000,18,23076508,300091,Midwest Energy & Communications,50,1,X,MI,88274bc285fffff
261590115004016,1000,1000,2,23076508,300091,Midwest Energy & Communications,50,1,X,MI,88274bc2adfffff
261590115004017,1000,1000,8,23076508,300091,Midwest Energy & Communications,50,1,X,MI,88274bc2e3fffff
261590115004018,1000,1000,10,23076508,300091,Midwest Energy & Communications,50,1,X,MI,88274bc2e1fffff
261590115004020,1000,1000,7,23076508,300091,Midwest Energy & Communications,50,1,X,MI,88274bc2e1fffff
261590115004021,1000,1000,6,23076508,300091,Midwest Energy & Communications,50,1,X,MI,88274bc059fffff
261590115004022,1000,1000,17,23076508,300091,Midwest Energy & Communications,50,1,X,MI,88274bc057fffff
261590115004023,1000,1000,8,23076508,300091,Midwest Energy & Communications,50,1,X,MI,88274bc057fffff
261590115004024,1000,1000,19,23076508,300091,Midwest Energy & Communications,50,1,X,MI,88274bc2a5fffff
261590115004026,1000,1000,97,23076508,300091,Midwest Energy & Communications,50,1,X,MI,88274bc0c9fffff
261590115004029,1000,1000,54,23076508,300091,Midwest Energy & Communications,50,1,X,MI,88274bc2a1fffff
261590115004030,1000,1000,36,23076508,300091,Midwest Energy & Communications,50,1,X,MI,88274bc289fffff
261590115004031,1000,1000,4,23076508,300091,Midwest Energy & Communications,50,1,X,MI,88274bc2d7fffff
261590115004035,1000,1000,4,23076508,300091,Midwest Energy & Communications,50,1,X,MI,88274bc293fffff
261590115004036,1000,1000,2,23076508,300091,Midwest Energy & Communications,50,1,X,MI,88274bc291fffff
261590115004037,1000,1000,1,23076508,300091,Midwest Energy & Communications,50,1,X,MI,88274bc2b1fffff
261590115004038,1000,1000,39,23076508,300091,Midwest Energy & Communications,50,1,X,MI,88274bc2b7fffff
261590115004039,1000,1000,16,23076508,300091,Midwest Energy & Communications,50,1,X,MI,88274bc0cbfffff
261590115004040,1000,1000,5,23076508,300091,Midwest Energy & Communications,50,1,X,MI,88274bc0ebfffff
261590115004041,1000,1000,14,23076508,300091,Midwest Energy & Communications,50,1,X,MI,88274bc01bfffff
261590115004043,1000,1000,4,23076508,300091,Midwest Energy & Communications,50,1,X,MI,88274bc08dfffff
261590115004044,1000,1000,11,23076508,300091,Midwest Energy & Communications,50,1,X,MI,88274bc0e3fffff
261590115004045,1000,1000,25,23076508,300091,Midwest Energy & Communications,50,1,X,MI,88274bc0e1fffff
261590115004046,1000,1000,10,23076508,300091,Midwest Energy & Communications,50,1,X,MI,88274bc0edfffff
261590115004047,1000,1000,10,23076508,300091,Midwest Energy & Communications,50,1,X,MI,88274bc0c3fffff
261590115004048,1000,1000,4,23076508,300091,Midwest Energy & Communications,50,1,X,MI,88274bc0d7fffff
261590115004049,1000,1000,3,23076508,300091,Midwest Energy & Communications,50,1,X,MI,88274bc0d1fffff
261590115004050,1000,1000,13,23076508,300091,Midwest Energy & Communications,50,1,X,MI,88274bc765fffff
261590115004051,1000,1000,32,23076508,300091,Midwest Energy & Communications,50,1,X,MI,88274bc0d9fffff
261590115004052,1000,1000,3,23076508,300091,Midwest Energy & Communications,50,1,X,MI,88274bc297fffff
261590115004053,1000,1000,20,23076508,300091,Midwest Energy & Communications,50,1,X,MI,88274bc08dfffff
261590115004054,1000,1000,15,23076508,300091,Midwest Energy & Communications,50,1,X,MI,88274bc0e3fffff
261590115004055,1000,1000,8,23076508,300091,Midwest Energy & Communications,50,1,X,MI,88274bc0e3fffff
261590115004056,1000,1000,8,23076508,300091,Midwest Energy & Communications,50,1,X,MI,88274bc0a5fffff
261590115004058,1000,1000,7,23076508,300091,Midwest Energy & Communications,50,1,X,MI,88274bc0d7fffff
261590115004059,1000,1000,3,23076508,300091,Midwest Energy & Communications,50,1,X,MI,88274bc0e5fffff
261590115004063,1000,1000,1,23076508,300091,Midwest Energy & Communications,50,1,X,MI,88274bc70dfffff
261590115004064,1000,1000,2,23076508,300091,Midwest Energy & Communications,50,1,X,MI,88274bc70dfffff
261590115004065,1000,1000,2,23076508,300091,Midwest Energy & Communications,50,1,X,MI,88274bc729fffff
261590115004066,1000,1000,2,23076508,300091,Midwest Energy & Communications,50,1,X,MI,88274bc0d3fffff
261590116011000,1000,1000,3,23076508,300091,Midwest Energy & Communications,50,1,X,MI,88274bd503fffff
261590116011001,1000,1000,8,23076508,300091,Midwest Energy & Communications,50,1,X,MI,88274bd53bfffff
261590116011002,1000,1000,14,23076508,300091,Midwest Energy & Communications,50,1,X,MI,88274bd535fffff
261590116011003,1000,1000,41,23076508,300091,Midwest Energy & Communications,50,1,X,MI,88274bd533fffff
261590116011004,1000,1000,10,23076508,300091,Midwest Energy & Communications,50,1,X,MI,88274bc2dbfffff
261590116011055,1000,1000,2,23076508,300091,Midwest Energy & Communications,50,1,X,MI,88274bc29bfffff
261590116012000,1000,1000,8,23076508,300091,Midwest Energy & Communications,50,1,X,MI,88274bd5abfffff
261590116012010,1000,1000,3,23076508,300091,Midwest Energy & Communications,50,1,X,MI,88274bd5a1fffff
261590116012011,1000,1000,5,23076508,300091,Midwest Energy & Communications,50,1,X,MI,88274bd5abfffff
261590116012013,1000,1000,12,23076508,300091,Midwest Energy & Communications,50,1,X,MI,88274bd5a3fffff
261590116012015,1000,1000,3,23076508,300091,Midwest Energy & Communications,50,1,X,MI,88274bd5abfffff
261590116012016,1000,1000,12,23076508,300091,Midwest Energy & Communications,50,1,X,MI,88274bd5a3fffff
261590116012017,1000,1000,17,23076508,300091,Midwest Energy & Communications,50,1,X,MI,88274bd5a3fffff
261590116012018,1000,1000,8,23076508,300091,Midwest Energy & Communications,50,1,X,MI,88274bd5a7fffff
261590116012022,1000,1000,3,23076508,300091,Midwest Energy & Communications,50,1,X,MI,88274bd5a1fffff
261590116012024,1000,1000,3,23076508,300091,Midwest Energy & Communications,50,1,X,MI,88274bd5a7fffff
261590116012025,1000,1000,10,23076508,300091,Midwest Energy & Communications,50,1,X,MI,88274bd5a1fffff
261590116012026,1000,1000,5,23076508,300091,Midwest Energy & Communications,50,1,X,MI,88274bd5a7fffff
261590116012027,1000,1000,4,23076508,300091,Midwest Energy & Communications,50,1,X,MI,88274bc749fffff
261590116012028,1000,1000,8,23076508,300091,Midwest Energy & Communications,50,1,X,MI,88274bd5a7fffff
261590116012029,1000,1000,1,23076508,300091,Midwest Energy & Communications,50,1,X,MI,88274bd5a7fffff
261590116012030,1000,1000,2,23076508,300091,Midwest Energy & Communications,50,1,X,MI,88274bd5a7fffff
261590116012035,1000,1000,12,23076508,300091,Midwest Energy & Communications,50,1,X,MI,88274bc759fffff
261590116012036,1000,1000,2,23076508,300091,Midwest Energy & Communications,50,1,X,MI,88274bc749fffff
261590116012038,1000,1000,1,23076508,300091,Midwest Energy & Communications,50,1,X,MI,88274bc29bfffff
261590116012044,1000,1000,1,23076508,300091,Midwest Energy & Communications,50,1,X,MI,88274bc74dfffff
261590116012045,1000,1000,15,23076508,300091,Midwest Energy & Communications,50,1,X,MI,88274bc759fffff
261590116012046,1000,1000,3,23076508,300091,Midwest Energy & Communications,50,1,X,MI,88274bc751fffff
261590116012047,1000,1000,1,23076508,300091,Midwest Energy & Communications,50,1,X,MI,88274bc751fffff
261590116012048,1000,1000,3,23076508,300091,Midwest Energy & Communications,50,1,X,MI,88274bc755fffff
261590116012049,1000,1000,3,23076508,300091,Midwest Energy & Communications,50,1,X,MI,88274bc701fffff
261590116013000,1000,1000,7,23076508,300091,Midwest Energy & Communications,50,1,X,MI,88274bd405fffff
261590116013002,1000,1000,12,23076508,300091,Midwest Energy & Communications,50,1,X,MI,88274bd423fffff
261590116013003,1000,1000,17,23076508,300091,Midwest Energy & Communications,50,1,X,MI,88274bd427fffff
261590116013004,1000,1000,19,23076508,300091,Midwest Energy & Communications,50,1,X,MI,88274bd425fffff
261590116013005,1000,1000,8,23076508,300091,Midwest Energy & Communications,50,1,X,MI,88274bd51bfffff
261590116013007,1000,1000,4,23076508,300091,Midwest Energy & Communications,50,1,X,MI,88274bd515fffff
261590116013008,1000,1000,4,23076508,300091,Midwest Energy & Communications,50,1,X,MI,88274bd515fffff
261590116013009,1000,1000,3,23076508,300091,Midwest Energy & Communications,50,1,X,MI,88274bd53bfffff
261590116013010,1000,1000,14,23076508,300091,Midwest Energy & Communications,50,1,X,MI,88274bd423fffff
261590116013011,1000,1000,7,23076508,300091,Midwest Energy & Communications,50,1,X,MI,88274bd5cdfffff
261590116013012,1000,1000,6,23076508,300091,Midwest Energy & Communications,50,1,X,MI,88274bd5cdfffff
261590116013013,1000,1000,22,23076508,300091,Midwest Energy & Communications,50,1,X,MI,88274bd51bfffff
261590116013014,1000,1000,5,23076508,300091,Midwest Energy & Communications,50,1,X,MI,88274bd5c7fffff
261590116013016,1000,1000,6,23076508,300091,Midwest Energy & Communications,50,1,X,MI,88274bd439fffff
261590116013018,1000,1000,2,23076508,300091,Midwest Energy & Communications,50,1,X,MI,88274bd407fffff
261590116013019,1000,1000,1,23076508,300091,Midwest Energy & Communications,50,1,X,MI,88274bd403fffff
261590116013020,1000,1000,2,23076508,300091,Midwest Energy & Communications,50,1,X,MI,88274bd5cbfffff
261590116013021,1000,1000,1,23076508,300091,Midwest Energy & Communications,50,1,X,MI,88274bd43dfffff
261590116013022,1000,1000,23,23076508,300091,Midwest Energy & Communications,50,1,X,MI,88274bd5ebfffff
261590116013023,1000,1000,57,23076508,300091,Midwest Energy & Communications,50,1,X,MI,88274bd53bfffff
261590116013025,1000,1000,1,23076508,300091,Midwest Energy & Communications,50,1,X,MI,88274bd5e7fffff
261590116013026,1000,1000,1,23076508,300091,Midwest Energy & Communications,50,1,X,MI,88274bd5e3fffff
261590116013027,1000,1000,7,23076508,300091,Midwest Energy & Communications,50,1,X,MI,88274bd415fffff
261590116013032,1000,1000,21,23076508,300091,Midwest Energy & Communications,50,1,X,MI,88274bd5c3fffff
261590116013033,1000,1000,26,23076508,300091,Midwest Energy & Communications,50,1,X,MI,88274bd4edfffff
261590116013034,1000,1000,3,23076508,300091,Midwest Energy & Communications,50,1,X,MI,88274bd431fffff
261590116013035,1000,1000,5,23076508,300091,Midwest Energy & Communications,50,1,X,MI,88274bd5d5fffff
261590116013036,1000,1000,38,23076508,300091,Midwest Energy & Communications,50,1,X,MI,88274bd58dfffff
261590116013038,1000,1000,22,23076508,300091,Midwest Energy & Communications,50,1,X,MI,88274bd589fffff
261590116013039,1000,1000,6,23076508,300091,Midwest Energy & Communications,50,1,X,MI,88274bd5d9fffff
261590116013043,1000,1000,1,23076508,300091,Midwest Energy & Communications,50,1,X,MI,88274bd417fffff
261590116013044,1000,1000,18,23076508,300091,Midwest Energy & Communications,50,1,X,MI,88274bd4a5fffff
261590116013048,1000,1000,12,23076508,300091,Midwest Energy & Communications,50,1,X,MI,88274bd5b3fffff
261590116013049,1000,1000,15,23076508,300091,Midwest Energy & Communications,50,1,X,MI,88274bd593fffff
261590116013050,1000,1000,6,23076508,300091,Midwest Energy & Communications,50,1,X,MI,88274bd4b5fffff
261590116013051,1000,1000,2,23076508,300091,Midwest Energy & Communications,50,1,X,MI,88274bd4abfffff
261590116013052,1000,1000,16,23076508,300091,Midwest Energy & Communications,50,1,X,MI,88274bd4abfffff
261590116013053,1000,1000,1,23076508,300091,Midwest Energy & Communications,50,1,X,MI,88274bd4b1fffff
261590116013054,1000,1000,1,23076508,300091,Midwest Energy & Communications,50,1,X,MI,88274bd4b1fffff
261590116013055,1000,1000,3,23076508,300091,Midwest Energy & Communications,50,1,X,MI,88274bd4b1fffff
261590116013056,1000,1000,3,23076508,300091,Midwest Energy & Communications,50,1,X,MI,88274bd4bbfffff
261590116013057,1000,1000,14,23076508,300091,Midwest Energy & Communications,50,1,X,MI,88274bd4b3fffff
261590116013058,1000,1000,72,23076508,300091,Midwest Energy & Communications,50,1,X,MI,88274b896dfffff
261590116013060,1000,1000,155,23076508,300091,Midwest Energy & Communications,50,1,X,MI,88274bd4b7fffff
261590116013061,1000,1000,2,23076508,300091,Midwest Energy & Communications,50,1,X,MI,88274bd4b3fffff
261590116013062,1000,1000,8,23076508,300091,Midwest Energy & Communications,50,1,X,MI,88274bd4b1fffff
261590116013064,1000,1000,19,23076508,300091,Midwest Energy & Communications,50,1,X,MI,88274bd4b7fffff
261590116013065,1000,1000,20,23076508,300091,Midwest Energy & Communications,50,1,X,MI,88274bd4b7fffff
261590116013067,1000,1000,7,23076508,300091,Midwest Energy & Communications,50,1,X,MI,88274bc66bfffff
261590116013068,1000,1000,12,23076508,300091,Midwest Energy & Communications,50,1,X,MI,88274bc669fffff
261590116013069,1000,1000,135,23076508,300091,Midwest Energy & Communications,50,1,X,MI,88274bc659fffff
261590116013070,1000,1000,3,23076508,300091,Midwest Energy & Communications,50,1,X,MI,88274bc659fffff
261590116013071,1000,1000,9,23076508,300091,Midwest Energy & Communications,50,1,X,MI,88274bc659fffff
261590116013073,1000,1000,2,23076508,300091,Midwest Energy & Communications,50,1,X,MI,88274bc659fffff
261590116013074,1000,1000,9,23076508,300091,Midwest Energy & Communications,50,1,X,MI,88274bc659fffff
261590116013075,1000,1000,3,23076508,300091,Midwest Energy & Communications,50,1,X,MI,88274bc659fffff
261590116013077,1000,1000,7,23076508,300091,Midwest Energy & Communications,50,1,X,MI,88274bd4b1fffff
261590116013078,1000,1000,2,23076508,300091,Midwest Energy & Communications,50,1,X,MI,88274b8961fffff
261590116013079,1000,1000,1,23076508,300091,Midwest Energy & Communications,50,1,X,MI,88274b8961fffff
261590116013080,1000,1000,1,23076508,300091,Midwest Energy & Communications,50,1,X,MI,88274bc65dfffff
261590116021000,1000,1000,10,23076508,300091,Midwest Energy & Communications,50,1,X,MI,88274bd6adfffff
261590116021001,1000,1000,38,23076508,300091,Midwest Energy & Communications,50,1,X,MI,88274bd453fffff
261590116021003,1000,1000,4,23076508,300091,Midwest Energy & Communications,50,1,X,MI,88274bd401fffff
261590116021005,1000,1000,4,23076508,300091,Midwest Energy & Communications,50,1,X,MI,88274bd403fffff
261590116021006,1000,1000,48,23076508,300091,Midwest Energy & Communications,50,1,X,MI,88274bd411fffff
261590116021007,1000,1000,20,23076508,300091,Midwest Energy & Communications,50,1,X,MI,88274bd41bfffff
261590116021008,1000,1000,14,23076508,300091,Midwest Energy & Communications,50,1,X,MI,88274bd6a7fffff
261590116021009,1000,1000,7,23076508,300091,Midwest Energy & Communications,50,1,X,MI,88274bd4c9fffff
261590116021010,1000,1000,15,23076508,300091,Midwest Energy & Communications,50,1,X,MI,88274bd4c5fffff
261590116021011,1000,1000,5,23076508,300091,Midwest Energy & Communications,50,1,X,MI,88274bd4c1fffff
261590116021012,1000,1000,11,23076508,300091,Midwest Energy & Communications,50,1,X,MI,88274bd6b7fffff
261590116021013,1000,1000,26,23076508,300091,Midwest Energy & Communications,50,1,X,MI,88274bd6b7fffff
261590116021014,1000,1000,12,23076508,300091,Midwest Energy & Communications,50,1,X,MI,88274bd4dbfffff
261590116021015,1000,1000,18,23076508,300091,Midwest Energy & Communications,50,1,X,MI,88274bd481fffff
261590116021016,1000,1000,22,23076508,300091,Midwest Energy & Communications,50,1,X,MI,88274bd4e7fffff
261590116021017,1000,1000,9,23076508,300091,Midwest Energy & Communications,50,1,X,MI,88274bd4e7fffff
261590116021019,1000,1000,7,23076508,300091,Midwest Energy & Communications,50,1,X,MI,88274bd4edfffff
261590116021020,1000,1000,1,23076508,300091,Midwest Energy & Communications,50,1,X,MI,88274bd417fffff
261590116021021,1000,1000,2,23076508,300091,Midwest Energy & Communications,50,1,X,MI,88274bd4abfffff
261590116021022,1000,1000,14,23076508,300091,Midwest Energy & Communications,50,1,X,MI,88274bd4ddfffff
261590116021023,1000,1000,14,23076508,300091,Midwest Energy & Communications,50,1,X,MI,88274bd483fffff
261590116021025,1000,1000,12,23076508,300091,Midwest Energy & Communications,50,1,X,MI,88274bd48dfffff
261590116021026,1000,1000,12,23076508,300091,Midwest Energy & Communications,50,1,X,MI,88274b8b67fffff
261590116021027,1000,1000,3,23076508,300091,Midwest Energy & Communications,50,1,X,MI,88274b8b47fffff
261590116021028,1000,1000,1,23076508,300091,Midwest Energy & Communications,50,1,X,MI,88274b8b47fffff
261590116021029,1000,1000,2,23076508,300091,Midwest Energy & Communications,50,1,X,MI,88274b8b09fffff
261590116021030,1000,1000,4,23076508,300091,Midwest Energy & Communications,50,1,X,MI,88274b8b09fffff
261590116021031,1000,1000,11,23076508,300091,Midwest Energy & Communications,50,1,X,MI,88274b8b21fffff
261590116021032,1000,1000,150,23076508,300091,Midwest Energy & Communications,50,1,X,MI,88274b8b27fffff
261590116021034,1000,1000,62,23076508,300091,Midwest Energy & Communications,50,1,X,MI,88274bd499fffff
261590116021036,1000,1000,20,23076508,300091,Midwest Energy & Communications,50,1,X,MI,88274bd491fffff
261590116021037,1000,1000,15,23076508,300091,Midwest Energy & Communications,50,1,X,MI,88274bd497fffff
261590116021039,1000,1000,3,23076508,300091,Midwest Energy & Communications,50,1,X,MI,88274b8b01fffff
261590116021040,1000,1000,5,23076508,300091,Midwest Energy & Communications,50,1,X,MI,88274b8b03fffff
261590116021041,1000,1000,17,23076508,300091,Midwest Energy & Communications,50,1,X,MI,88274b886dfffff
261590116021042,1000,1000,4,23076508,300091,Midwest Energy & Communications,50,1,X,MI,88274b8b39fffff
261590116021043,1000,1000,22,23076508,300091,Midwest Energy & Communications,50,1,X,MI,88274b894bfffff
261590116021046,1000,1000,7,23076508,300091,Midwest Energy & Communications,50,1,X,MI,88274b894bfffff
261590116021048,1000,1000,11,23076508,300091,Midwest Energy & Communications,50,1,X,MI,88274b8945fffff
261590116021049,1000,1000,29,23076508,300091,Midwest Energy & Communications,50,1,X,MI,88274b8945fffff
261590116022000,1000,1000,44,23076508,300091,Midwest Energy & Communications,50,1,X,MI,88274b99adfffff
261590116022002,1000,1000,31,23076508,300091,Midwest Energy & Communications,50,1,X,MI,88274bd699fffff
261590116022003,1000,1000,29,23076508,300091,Midwest Energy & Communications,50,1,X,MI,88274bd683fffff
261590116022004,1000,1000,24,23076508,300091,Midwest Energy & Communications,50,1,X,MI,88274bd6e7fffff
261590116022005,1000,1000,82,23076508,300091,Midwest Energy & Communications,50,1,X,MI,88274bd6a3fffff
261590116022007,1000,1000,47,23076508,300091,Midwest Energy & Communications,50,1,X,MI,88274bd699fffff
261590116022009,1000,1000,1,23076508,300091,Midwest Energy & Communications,50,1,X,MI,88274bd697fffff
261590116022010,1000,1000,7,23076508,300091,Midwest Energy & Communications,50,1,X,MI,88274bd6bbfffff
261590116022011,1000,1000,14,23076508,300091,Midwest Energy & Communications,50,1,X,MI,88274b99a5fffff
261590116022012,1000,1000,165,23076508,300091,Midwest Energy & Communications,50,1,X,MI,88274bd693fffff
261590116022013,1000,1000,3,23076508,300091,Midwest Energy & Communications,50,1,X,MI,88274b8b6dfffff
261590116022015,1000,1000,5,23076508,300091,Midwest Energy & Communications,50,1,X,MI,88274bd697fffff
261590116022016,1000,1000,8,23076508,300091,Midwest Energy & Communications,50,1,X,MI,88274b8b41fffff
261590116022017,1000,1000,11,23076508,300091,Midwest Energy & Communications,50,1,X,MI,88274b99a1fffff
261590118011002,1000,1000,7,23076508,300091,Midwest Energy & Communications,50,1,X,MI,88274bd2bdfffff
261590118011003,1000,1000,5,23076508,300091,Midwest Energy & Communications,50,1,X,MI,88274bd2a5fffff
261590118011004,1000,1000,6,23076508,300091,Midwest Energy & Communications,50,1,X,MI,88274bd2a7fffff
261590118011005,1000,1000,1,23076508,300091,Midwest Energy & Communications,50,1,X,MI,88274bd2b1fffff
261590118011006,1000,1000,5,23076508,300091,Midwest Energy & Communications,50,1,X,MI,88274bd2b1fffff
261590118011007,1000,1000,12,23076508,300091,Midwest Energy & Communications,50,1,X,MI,88274bd0c3fffff
261590118011008,1000,1000,2,23076508,300091,Midwest Energy & Communications,50,1,X,MI,88274bd0c9fffff
261590118011009,1000,1000,1,23076508,300091,Midwest Energy & Communications,50,1,X,MI,88274bd2a7fffff
261590118011010,1000,1000,12,23076508,300091,Midwest Energy & Communications,50,1,X,MI,88274bd0cbfffff
261590118011011,1000,1000,6,23076508,300091,Midwest Energy & Communications,50,1,X,MI,88274bd0c3fffff
261590118011012,1000,1000,6,23076508,300091,Midwest Energy & Communications,50,1,X,MI,88274bd0d5fffff
261590118011014,1000,1000,10,23076508,300091,Midwest Energy & Communications,50,1,X,MI,88274bd2bbfffff
261590118011016,1000,1000,5,23076508,300091,Midwest Energy & Communications,50,1,X,MI,88274bd72dfffff
261590118011017,1000,1000,7,23076508,300091,Midwest Energy & Communications,50,1,X,MI,88274bd725fffff
261590118011020,1000,1000,5,23076508,300091,Midwest Energy & Communications,50,1,X,MI,88274bd08bfffff
261590118011021,1000,1000,5,23076508,300091,Midwest Energy & Communications,50,1,X,MI,88274bd08bfffff
261590118011022,1000,1000,1,23076508,300091,Midwest Energy & Communications,50,1,X,MI,88274bd083fffff
261590118011025,1000,1000,3,23076508,300091,Midwest Energy & Communications,50,1,X,MI,88274bd725fffff
261590118011026,1000,1000,12,23076508,300091,Midwest Energy & Communications,50,1,X,MI,88274bd725fffff
261590118011027,1000,1000,4,23076508,300091,Midwest Energy & Communications,50,1,X,MI,88274bd725fffff
261590118011028,1000,1000,2,23076508,300091,Midwest Energy & Communications,50,1,X,MI,88274bd099fffff
261590118011030,1000,1000,2,23076508,300091,Midwest Energy & Communications,50,1,X,MI,88274bd095fffff
261590118011031,1000,1000,1,23076508,300091,Midwest Energy & Communications,50,1,X,MI,88274bd095fffff
261590118011032,1000,1000,10,23076508,300091,Midwest Energy & Communications,50,1,X,MI,88274bd56dfffff
261590118011038,1000,1000,2,23076508,300091,Midwest Energy & Communications,50,1,X,MI,88274bd09bfffff
261590118011039,1000,1000,5,23076508,300091,Midwest Energy & Communications,50,1,X,MI,88274bd545fffff
261590118011040,1000,1000,6,23076508,300091,Midwest Energy & Communications,50,1,X,MI,88274bd569fffff
261590118011041,1000,1000,8,23076508,300091,Midwest Energy & Communications,50,1,X,MI,88274bd545fffff
261590118011043,1000,1000,4,23076508,300091,Midwest Energy & Communications,50,1,X,MI,88274bd561fffff
261590118012000,1000,1000,11,23076508,300091,Midwest Energy & Communications,50,1,X,MI,88274bd729fffff
261590118012001,1000,1000,5,23076508,300091,Midwest Energy & Communications,50,1,X,MI,88274bd72bfffff
261590118012003,1000,1000,3,23076508,300091,Midwest Energy & Communications,50,1,X,MI,88274bd73dfffff
261590118012004,1000,1000,30,23076508,300091,Midwest Energy & Communications,50,1,X,MI,88274bd543fffff
261590118012007,1000,1000,19,23076508,300091,Midwest Energy & Communications,50,1,X,MI,88274bd551fffff
261590118012008,1000,1000,7,23076508,300091,Midwest Energy & Communications,50,1,X,MI,88274bd54bfffff
261590118012009,1000,1000,10,23076508,300091,Midwest Energy & Communications,50,1,X,MI,88274bd557fffff
261590118012010,1000,1000,8,23076508,300091,Midwest Energy & Communications,50,1,X,MI,88274bd543fffff
261590118012011,1000,1000,18,23076508,300091,Midwest Energy & Communications,50,1,X,MI,88274bd543fffff
261590118012012,1000,1000,37,23076508,300091,Midwest Energy & Communications,50,1,X,MI,88274bd505fffff
261590118012016,1000,1000,7,23076508,300091,Midwest Energy & Communications,50,1,X,MI,88274bd52bfffff
261590118012017,1000,1000,4,23076508,300091,Midwest Energy & Communications,50,1,X,MI,88274bd52bfffff
261590118012018,1000,1000,3,23076508,300091,Midwest Energy & Communications,50,1,X,MI,88274bd505fffff
261590118012020,1000,1000,6,23076508,300091,Midwest Energy & Communications,50,1,X,MI,88274bd50bfffff
261590118012022,1000,1000,1,23076508,300091,Midwest Energy & Communications,50,1,X,MI,88274bd553fffff
261590118012023,1000,1000,2,23076508,300091,Midwest Energy & Communications,50,1,X,MI,88274bd553fffff
261590118012024,1000,1000,5,23076508,300091,Midwest Energy & Communications,50,1,X,MI,88274bd51dfffff
261590118013005,1000,1000,2,23076508,300091,Midwest Energy & Communications,50,1,X,MI,88274bd70bfffff
261590118013024,1000,1000,1,23076508,300091,Midwest Energy & Communications,50,1,X,MI,88274bd703fffff
261590118013025,1000,1000,2,23076508,300091,Midwest Energy & Communications,50,1,X,MI,88274bd719fffff
261590118013026,1000,1000,37,23076508,300091,Midwest Energy & Communications,50,1,X,MI,88274bd62dfffff
261590118013027,1000,1000,5,23076508,300091,Midwest Energy & Communications,50,1,X,MI,88274bd62dfffff
261590118013028,1000,1000,4,23076508,300091,Midwest Energy & Communications,50,1,X,MI,88274bd753fffff
261590118013029,1000,1000,16,23076508,300091,Midwest Energy & Communications,50,1,X,MI,88274bd44dfffff
261590118013030,1000,1000,21,23076508,300091,Midwest Energy & Communications,50,1,X,MI,88274bd44dfffff
261590118013031,1000,1000,7,23076508,300091,Midwest Energy & Communications,50,1,X,MI,88274bd717fffff
261590118013032,1000,1000,31,23076508,300091,Midwest Energy & Communications,50,1,X,MI,88274bd73bfffff
261590118013033,1000,1000,14,23076508,300091,Midwest Energy & Communications,50,1,X,MI,88274bd733fffff
261590118013034,1000,1000,14,23076508,300091,Midwest Energy & Communications,50,1,X,MI,88274bd733fffff
261590118013035,1000,1000,12,23076508,300091,Midwest Energy & Communications,50,1,X,MI,88274bd733fffff
261590118013036,1000,1000,5,23076508,300091,Midwest Energy & Communications,50,1,X,MI,88274bd73bfffff
261590118013037,1000,1000,14,23076508,300091,Midwest Energy & Communications,50,1,X,MI,88274bd713fffff
261590118013038,1000,1000,11,23076508,300091,Midwest Energy & Communications,50,1,X,MI,88274bd713fffff
261590118013039,1000,1000,22,23076508,300091,Midwest Energy & Communications,50,1,X,MI,88274bd467fffff
261590118013040,1000,1000,13,23076508,300091,Midwest Energy & Communications,50,1,X,MI,88274bd447fffff
261590118013041,1000,1000,6,23076508,300091,Midwest Energy & Communications,50,1,X,MI,88274bd447fffff
261590118013042,1000,1000,2,23076508,300091,Midwest Energy & Communications,50,1,X,MI,88274bd40bfffff
261590118013043,1000,1000,11,23076508,300091,Midwest Energy & Communications,50,1,X,MI,88274bd401fffff
261590118013044,1000,1000,3,23076508,300091,Midwest Energy & Communications,50,1,X,MI,88274bd429fffff
261590118013045,1000,1000,2,23076508,300091,Midwest Energy & Communications,50,1,X,MI,88274bd421fffff
261590118013046,1000,1000,3,23076508,300091,Midwest Energy & Communications,50,1,X,MI,88274bd55bfffff
261590118013047,1000,1000,3,23076508,300091,Midwest Energy & Communications,50,1,X,MI,88274bd465fffff
261590118013048,1000,1000,2,23076508,300091,Midwest Energy & Communications,50,1,X,MI,88274bd465fffff
261590118013049,1000,1000,2,23076508,300091,Midwest Energy & Communications,50,1,X,MI,88274bd461fffff
261590118013051,1000,1000,1,23076508,300091,Midwest Energy & Communications,50,1,X,MI,88274bd42dfffff
261590118013052,1000,1000,7,23076508,300091,Midwest Energy & Communications,50,1,X,MI,88274bd42dfffff
261590118013053,1000,1000,10,23076508,300091,Midwest Energy & Communications,50,1,X,MI,88274bd559fffff
261590118013054,1000,1000,1,23076508,300091,Midwest Energy & Communications,50,1,X,MI,88274bd553fffff
261590118013056,1000,1000,2,23076508,300091,Midwest Energy & Communications,50,1,X,MI,88274bd425fffff
261590118013057,1000,1000,1,23076508,300091,Midwest Energy & Communications,50,1,X,MI,88274bd553fffff
261590118021028,1000,1000,17,23076508,300091,Midwest Energy & Communications,50,1,X,MI,88274bd701fffff
261590118021029,1000,1000,14,23076508,300091,Midwest Energy & Communications,50,1,X,MI,88274bd701fffff
261590118021030,1000,1000,2,23076508,300091,Midwest Energy & Communications,50,1,X,MI,88274bd709fffff
261590118021031,1000,1000,9,23076508,300091,Midwest Energy & Communications,50,1,X,MI,88274bd709fffff
261590118021035,1000,1000,1,23076508,300091,Midwest Energy & Communications,50,1,X,MI,88274bd70bfffff
261590118022000,1000,1000,25,23076508,300091,Midwest Energy & Communications,50,1,X,MI,8827486da3fffff
261590118022004,1000,1000,1,23076508,300091,Midwest Energy & Communications,50,1,X,MI,88274bd29bfffff
261590118022005,1000,1000,13,23076508,300091,Midwest Energy & Communications,50,1,X,MI,88274bd769fffff
261590118022006,1000,1000,17,23076508,300091,Midwest Energy & Communications,50,1,X,MI,88274bd769fffff
261590118022007,1000,1000,16,23076508,300091,Midwest Energy & Communications,50,1,X,MI,88274bd769fffff
261590118022008,1000,1000,57,23076508,300091,Midwest Energy & Communications,50,1,X,MI,88274bd293fffff
261590118022009,1000,1000,24,23076508,300091,Midwest Energy & Communications,50,1,X,MI,88274bd729fffff
261590118023004,1000,1000,7,23076508,300091,Midwest Energy & Communications,50,1,X,MI,8827486da3fffff
261590118024048,1000,1000,3,23076508,300091,Midwest Energy & Communications,50,1,X,MI,88274bd753fffff
261590119001000,1000,1000,73,23076508,300091,Midwest Energy & Communications,50,1,X,MI,8827486c97fffff
261590119001001,1000,1000,16,23076508,300091,Midwest Energy & Communications,50,1,X,MI,8827486c91fffff
261590119001002,1000,1000,18,23076508,300091,Midwest Energy & Communications,50,1,X,MI,8827486c97fffff
261590119001003,1000,1000,51,23076508,300091,Midwest Energy & Communications,50,1,X,MI,8827486cbbfffff
261590119001004,1000,1000,22,23076508,300091,Midwest Energy & Communications,50,1,X,MI,8827486cbbfffff
261590119001005,1000,1000,9,23076508,300091,Midwest Energy & Communications,50,1,X,MI,8827486cbbfffff
261590119001006,1000,1000,12,23076508,300091,Midwest Energy & Communications,50,1,X,MI,8827486c95fffff
261590119001007,1000,1000,4,23076508,300091,Midwest Energy & Communications,50,1,X,MI,8827486cbdfffff
261590119001010,1000,1000,1,23076508,300091,Midwest Energy & Communications,50,1,X,MI,8827486cb9fffff
261590119001011,1000,1000,94,23076508,300091,Midwest Energy & Communications,50,1,X,MI,8827486cbbfffff
261590119001012,1000,1000,14,23076508,300091,Midwest Energy & Communications,50,1,X,MI,8827486cb1fffff
261590119001013,1000,1000,11,23076508,300091,Midwest Energy & Communications,50,1,X,MI,8827486cbbfffff
261590119001019,1000,1000,39,23076508,300091,Midwest Energy & Communications,50,1,X,MI,8827486cbbfffff
261590119001020,1000,1000,42,23076508,300091,Midwest Energy & Communications,50,1,X,MI,8827486cb1fffff
261590119001021,1000,1000,37,23076508,300091,Midwest Energy & Communications,50,1,X,MI,8827486cb1fffff
261590119001024,1000,1000,12,23076508,300091,Midwest Energy & Communications,50,1,X,MI,8827486cb1fffff
261590119001025,1000,1000,36,23076508,300091,Midwest Energy & Communications,50,1,X,MI,8827486cb3fffff
261590119001026,1000,1000,56,23076508,300091,Midwest Energy & Communications,50,1,X,MI,8827486cb3fffff
261590119001027,1000,1000,43,23076508,300091,Midwest Energy & Communications,50,1,X,MI,8827486cb1fffff
261590119001028,1000,1000,40,23076508,300091,Midwest Energy & Communications,50,1,X,MI,8827486cbbfffff
261590119002009,1000,1000,1,23076508,300091,Midwest Energy & Communications,50,1,X,MI,8827486db9fffff
261590119002010,1000,1000,29,23076508,300091,Midwest Energy & Communications,50,1,X,MI,88274bd667fffff
261590119002022,1000,1000,12,23076508,300091,Midwest Energy & Communications,50,1,X,MI,88274bd75bfffff
261590119002023,1000,1000,20,23076508,300091,Midwest Energy & Communications,50,1,X,MI,88274bd667fffff
261590119002026,1000,1000,7,23076508,300091,Midwest Energy & Communications,50,1,X,MI,88274bd75bfffff
261590119002028,1000,1000,2,23076508,300091,Midwest Energy & Communications,50,1,X,MI,88274bd667fffff
261590119003000,1000,1000,9,23076508,300091,Midwest Energy & Communications,50,1,X,MI,8827486cd7fffff
261590119003002,1000,1000,27,23076508,300091,Midwest Energy & Communications,50,1,X,MI,8827486c83fffff
261590119003003,1000,1000,13,23076508,300091,Midwest Energy & Communications,50,1,X,MI,8827486c81fffff
261590119003004,1000,1000,100,23076508,300091,Midwest Energy & Communications,50,1,X,MI,8827486c87fffff
261590119003005,1000,1000,14,23076508,300091,Midwest Energy & Communications,50,1,X,MI,8827486c87fffff
261590119003006,1000,1000,5,23076508,300091,Midwest Energy & Communications,50,1,X,MI,8827486c81fffff
261590119003007,1000,1000,12,23076508,300091,Midwest Energy & Communications,50,1,X,MI,8827486c83fffff
261590119003008,1000,1000,12,23076508,300091,Midwest Energy & Communications,50,1,X,MI,8827486c81fffff
261590119003009,1000,1000,7,23076508,300091,Midwest Energy & Communications,50,1,X,MI,8827486c87fffff
261590119003010,1000,1000,15,23076508,300091,Midwest Energy & Communications,50,1,X,MI,8827486c87fffff
261590119003011,1000,1000,27,23076508,300091,Midwest Energy & Communications,50,1,X,MI,8827486c87fffff
261590119003013,1000,1000,16,23076508,300091,Midwest Energy & Communications,50,1,X,MI,8827486c87fffff
261590119003014,1000,1000,15,23076508,300091,Midwest Energy & Communications,50,1,X,MI,8827486c81fffff
261590119003015,1000,1000,18,23076508,300091,Midwest Energy & Communications,50,1,X,MI,8827486c83fffff
261590119003016,1000,1000,12,23076508,300091,Midwest Energy & Communications,50,1,X,MI,8827486c83fffff
261590119003017,1000,1000,17,23076508,300091,Midwest Energy & Communications,50,1,X,MI,8827486c83fffff
261590119003018,1000,1000,8,23076508,300091,Midwest Energy & Communications,50,1,X,MI,8827486c91fffff
261590119003020,1000,1000,4,23076508,300091,Midwest Energy & Communications,50,1,X,MI,8827486cd7fffff
261590119003021,1000,1000,14,23076508,300091,Midwest Energy & Communications,50,1,X,MI,8827486c95fffff
261590119003027,1000,1000,16,23076508,300091,Midwest Energy & Communications,50,1,X,MI,8827486cb1fffff
261590120011000,1000,1000,6,23076508,300091,Midwest Energy & Communications,50,1,X,MI,88274aa487fffff
261590120011001,1000,1000,1,23076508,300091,Midwest Energy & Communications,50,1,X,MI,88274aa487fffff
261590120011002,1000,1000,4,23076508,300091,Midwest Energy & Communications,50,1,X,MI,88274aa487fffff
261590120011003,1000,1000,3,23076508,300091,Midwest Energy & Communications,50,1,X,MI,88274aa487fffff
261590120011004,1000,1000,3,23076508,300091,Midwest Energy & Communications,50,1,X,MI,88274aa485fffff
261590120011005,1000,1000,5,23076508,300091,Midwest Energy & Communications,50,1,X,MI,88274aa4abfffff
261590120011006,1000,1000,3,23076508,300091,Midwest Energy & Communications,50,1,X,MI,88274aa4a1fffff
261590120011007,1000,1000,1,23076508,300091,Midwest Energy & Communications,50,1,X,MI,88274aa4a5fffff
261590120011008,1000,1000,1,23076508,300091,Midwest Energy & Communications,50,1,X,MI,88274aa4a5fffff
261590120011010,1000,1000,1,23076508,300091,Midwest Energy & Communications,50,1,X,MI,88274aa599fffff
261590120011011,1000,1000,2,23076508,300091,Midwest Energy & Communications,50,1,X,MI,88274aa591fffff
261590120011012,1000,1000,1,23076508,300091,Midwest Energy & Communications,50,1,X,MI,88274aa4a7fffff
261590120011013,1000,1000,1,23076508,300091,Midwest Energy & Communications,50,1,X,MI,88274aa4a7fffff
261590120011016,1000,1000,1,23076508,300091,Midwest Energy & Communications,50,1,X,MI,88274aa4a5fffff
261590120011017,1000,1000,1,23076508,300091,Midwest Energy & Communications,50,1,X,MI,88274aa4a7fffff
261590120011018,1000,1000,1,23076508,300091,Midwest Energy & Communications,50,1,X,MI,88274bda4dfffff
261590120011019,1000,1000,1,23076508,300091,Midwest Energy & Communications,50,1,X,MI,88274bda4dfffff
261590120011021,1000,1000,3,23076508,300091,Midwest Energy & Communications,50,1,X,MI,88274bda45fffff
261590120011022,1000,1000,2,23076508,300091,Midwest Energy & Communications,50,1,X,MI,88274aa593fffff
261590120011023,1000,1000,3,23076508,300091,Midwest Energy & Communications,50,1,X,MI,88274aa59bfffff
261590120011024,1000,1000,2,23076508,300091,Midwest Energy & Communications,50,1,X,MI,88274bda4dfffff
261590120011025,1000,1000,7,23076508,300091,Midwest Energy & Communications,50,1,X,MI,88274bda4bfffff
261590120011026,1000,1000,1,23076508,300091,Midwest Energy & Communications,50,1,X,MI,88274aa4bdfffff
261590120011027,1000,1000,1,23076508,300091,Midwest Energy & Communications,50,1,X,MI,88274aa4bdfffff
261590120011029,1000,1000,5,23076508,300091,Midwest Energy & Communications,50,1,X,MI,88274bda45fffff
261590120011030,1000,1000,6,23076508,300091,Midwest Energy & Communications,50,1,X,MI,88274bda69fffff
261590120011032,1000,1000,2,23076508,300091,Midwest Energy & Communications,50,1,X,MI,88274aa597fffff
261590120011033,1000,1000,4,23076508,300091,Midwest Energy & Communications,50,1,X,MI,88274aa597fffff
261590120011034,1000,1000,2,23076508,300091,Midwest Energy & Communications,50,1,X,MI,88274aa59dfffff
261590120011040,1000,1000,2,23076508,300091,Midwest Energy & Communications,50,1,X,MI,88274aa597fffff
261590120011041,1000,1000,1,23076508,300091,Midwest Energy & Communications,50,1,X,MI,88274aa5bbfffff
261590120011042,1000,1000,7,23076508,300091,Midwest Energy & Communications,50,1,X,MI,88274bda6dfffff
261590120011043,1000,1000,11,23076508,300091,Midwest Energy & Communications,50,1,X,MI,88274aa597fffff
261590120011044,1000,1000,6,23076508,300091,Midwest Energy & Communications,50,1,X,MI,88274bda63fffff
261590120011045,1000,1000,14,23076508,300091,Midwest Energy & Communications,50,1,X,MI,88274bda67fffff
261590120011046,1000,1000,8,23076508,300091,Midwest Energy & Communications,50,1,X,MI,88274bda29fffff
261590120011047,1000,1000,15,23076508,300091,Midwest Energy & Communications,50,1,X,MI,88274bda29fffff
261590120011048,1000,1000,9,23076508,300091,Midwest Energy & Communications,50,1,X,MI,88274bda35fffff
261590120011049,1000,1000,3,23076508,300091,Midwest Energy & Communications,50,1,X,MI,88274bda23fffff
261590120011050,1000,1000,4,23076508,300091,Midwest Energy & Communications,50,1,X,MI,88274bda3dfffff
261590120011051,1000,1000,12,23076508,300091,Midwest Energy & Communications,50,1,X,MI,88274bda07fffff
261590120011052,1000,1000,6,23076508,300091,Midwest Energy & Communications,50,1,X,MI,88274bda0bfffff
261590120011053,1000,1000,3,23076508,300091,Midwest Energy & Communications,50,1,X,MI,88274bda09fffff
261590120011054,1000,1000,9,23076508,300091,Midwest Energy & Communications,50,1,X,MI,88274bda43fffff
261590120011056,1000,1000,9,23076508,300091,Midwest Energy & Communications,50,1,X,MI,88274aa4b7fffff
261590120011057,1000,1000,18,23076508,300091,Midwest Energy & Communications,50,1,X,MI,88274aa487fffff
261590120011058,1000,1000,23,23076508,300091,Midwest Energy & Communications,50,1,X,MI,88274aa4bbfffff
261590120011059,1000,1000,18,23076508,300091,Midwest Energy & Communications,50,1,X,MI,88274bd161fffff
261590120011060,1000,1000,7,23076508,300091,Midwest Energy & Communications,50,1,X,MI,88274aa4b7fffff
261590120011062,1000,1000,5,23076508,300091,Midwest Energy & Communications,50,1,X,MI,88274bda41fffff
261590120011063,1000,1000,5,23076508,300091,Midwest Energy & Communications,50,1,X,MI,88274bda09fffff
261590120011064,1000,1000,2,23076508,300091,Midwest Energy & Communications,50,1,X,MI,88274bda09fffff
261590120011065,1000,1000,15,23076508,300091,Midwest Energy & Communications,50,1,X,MI,88274bda0bfffff
261590120011066,1000,1000,2,23076508,300091,Midwest Energy & Communications,50,1,X,MI,88274bda57fffff
261590120011067,1000,1000,1,23076508,300091,Midwest Energy & Communications,50,1,X,MI,88274bda51fffff
261590120011068,1000,1000,8,23076508,300091,Midwest Energy & Communications,50,1,X,MI,88274bda5dfffff
261590120011069,1000,1000,12,23076508,300091,Midwest Energy & Communications,50,1,X,MI,88274bda5dfffff
261590120011070,1000,1000,12,23076508,300091,Midwest Energy & Communications,50,1,X,MI,88274aa4b7fffff
261590120011071,1000,1000,8,23076508,300091,Midwest Energy & Communications,50,1,X,MI,88274bda57fffff
261590120011073,1000,1000,1,23076508,300091,Midwest Energy & Communications,50,1,X,MI,88274bda19fffff
261590120011074,1000,1000,13,23076508,300091,Midwest Energy & Communications,50,1,X,MI,88274bda0bfffff
261590120011075,1000,1000,14,23076508,300091,Midwest Energy & Communications,50,1,X,MI,88274bda39fffff
261590120011076,1000,1000,29,23076508,300091,Midwest Energy & Communications,50,1,X,MI,88274bda51fffff
261590120011077,1000,1000,9,23076508,300091,Midwest Energy & Communications,50,1,X,MI,88274bda15fffff
261590120011078,1000,1000,13,23076508,300091,Midwest Energy & Communications,50,1,X,MI,88274bda39fffff
261590120011079,1000,1000,14,23076508,300091,Midwest Energy & Communications,50,1,X,MI,88274bda35fffff
261590120011080,1000,1000,1,23076508,300091,Midwest Energy & Communications,50,1,X,MI,88274bd16bfffff
261590120012000,1000,1000,12,23076508,300091,Midwest Energy & Communications,50,1,X,MI,88274aa4d3fffff
261590120012001,1000,1000,10,23076508,300091,Midwest Energy & Communications,50,1,X,MI,88274aa481fffff
261590120012002,1000,1000,19,23076508,300091,Midwest Energy & Communications,50,1,X,MI,88274aa483fffff
261590120012004,1000,1000,1,23076508,300091,Midwest Energy & Communications,50,1,X,MI,88274aa491fffff
261590120012006,1000,1000,7,23076508,300091,Midwest Energy & Communications,50,1,X,MI,88274bd325fffff
261590120012010,1000,1000,3,23076508,300091,Midwest Energy & Communications,50,1,X,MI,88274bd325fffff
261590120012011,1000,1000,3,23076508,300091,Midwest Energy & Communications,50,1,X,MI,88274bd325fffff
261590120012014,1000,1000,1,23076508,300091,Midwest Energy & Communications,50,1,X,MI,88274bd325fffff
261590120012027,1000,1000,1,23076508,300091,Midwest Energy & Communications,50,1,X,MI,88274aa491fffff
261590120012028,1000,1000,2,23076508,300091,Midwest Energy & Communications,50,1,X,MI,88274aa491fffff
261590120012029,1000,1000,3,23076508,300091,Midwest Energy & Communications,50,1,X,MI,88274aa491fffff
261590120012030,1000,1000,3,23076508,300091,Midwest Energy & Communications,50,1,X,MI,88274bd327fffff
261590120012032,1000,1000,2,23076508,300091,Midwest Energy & Communications,50,1,X,MI,88274bd149fffff
261590120012036,1000,1000,12,23076508,300091,Midwest Energy & Communications,50,1,X,MI,88274bd323fffff
261590120012037,1000,1000,7,23076508,300091,Midwest Energy & Communications,50,1,X,MI,88274bd149fffff
261590120012038,1000,1000,6,23076508,300091,Midwest Energy & Communications,50,1,X,MI,88274bd149fffff
261590120013009,1000,1000,4,23076508,300091,Midwest Energy & Communications,50,1,X,MI,88274aa491fffff
261590120013010,1000,1000,16,23076508,300091,Midwest Energy & Communications,50,1,X,MI,88274aa497fffff
261590120013012,1000,1000,7,23076508,300091,Midwest Energy & Communications,50,1,X,MI,88274bd169fffff
261590120013013,1000,1000,2,23076508,300091,Midwest Energy & Communications,50,1,X,MI,88274aa493fffff
261590120013033,1000,1000,8,23076508,300091,Midwest Energy & Communications,50,1,X,MI,88274bd145fffff
261590120013034,1000,1000,1,23076508,300091,Midwest Energy & Communications,50,1,X,MI,88274bd14dfffff
261590120013042,1000,1000,3,23076508,300091,Midwest Energy & Communications,50,1,X,MI,88274bd145fffff
261590120013043,1000,1000,3,23076508,300091,Midwest Energy & Communications,50,1,X,MI,88274bd147fffff
261590120014000,1000,1000,10,23076508,300091,Midwest Energy & Communications,50,1,X,MI,88274bd109fffff
261590120014002,1000,1000,6,23076508,300091,Midwest Energy & Communications,50,1,X,MI,88274bd161fffff
261590120014003,1000,1000,14,23076508,300091,Midwest Energy & Communications,50,1,X,MI,88274bd12dfffff
261590120014004,1000,1000,28,23076508,300091,Midwest Energy & Communications,50,1,X,MI,88274bd12dfffff
261590120014006,1000,1000,10,23076508,300091,Midwest Energy & Communications,50,1,X,MI,88274bda1bfffff
261590120014007,1000,1000,5,23076508,300091,Midwest Energy & Communications,50,1,X,MI,88274bd121fffff
261590120014008,1000,1000,6,23076508,300091,Midwest Energy & Communications,50,1,X,MI,88274bdac9fffff
261590120014011,1000,1000,2,23076508,300091,Midwest Energy & Communications,50,1,X,MI,88274bd135fffff
261590120014012,1000,1000,7,23076508,300091,Midwest Energy & Communications,50,1,X,MI,88274bd12bfffff
261590120014014,1000,1000,17,23076508,300091,Midwest Energy & Communications,50,1,X,MI,88274bd12bfffff
261590120014015,1000,1000,7,23076508,300091,Midwest Energy & Communications,50,1,X,MI,88274bd107fffff
261590120014016,1000,1000,16,23076508,300091,Midwest Energy & Communications,50,1,X,MI,88274bd135fffff
261590120014018,1000,1000,6,23076508,300091,Midwest Energy & Communications,50,1,X,MI,88274bdac9fffff
261590120014019,1000,1000,1,23076508,300091,Midwest Energy & Communications,50,1,X,MI,88274bdacdfffff
261590120014020,1000,1000,14,23076508,300091,Midwest Energy & Communications,50,1,X,MI,88274bdad9fffff
261590120014021,1000,1000,12,23076508,300091,Midwest Energy & Communications,50,1,X,MI,88274bd1edfffff
261590120014022,1000,1000,1,23076508,300091,Midwest Energy & Communications,50,1,X,MI,88274bd123fffff
261590120014023,1000,1000,6,23076508,300091,Midwest Energy & Communications,50,1,X,MI,88274bd121fffff
261590120014024,1000,1000,18,23076508,300091,Midwest Energy & Communications,50,1,X,MI,88274bdad9fffff
261590120014025,1000,1000,10,23076508,300091,Midwest Energy & Communications,50,1,X,MI,88274bdacbfffff
261590120014026,1000,1000,2,23076508,300091,Midwest Energy & Communications,50,1,X,MI,88274bdac7fffff
261590120014027,1000,1000,10,23076508,300091,Midwest Energy & Communications,50,1,X,MI,88274bdac5fffff
261590120014029,1000,1000,9,23076508,300091,Midwest Energy & Communications,50,1,X,MI,88274bda13fffff
261590120014030,1000,1000,7,23076508,300091,Midwest Energy & Communications,50,1,X,MI,88274bda13fffff
261590120014031,1000,1000,13,23076508,300091,Midwest Energy & Communications,50,1,X,MI,88274bdae9fffff
261590120014032,1000,1000,3,23076508,300091,Midwest Energy & Communications,50,1,X,MI,88274bdaedfffff
261590120014033,1000,1000,14,23076508,300091,Midwest Energy & Communications,50,1,X,MI,88274bd859fffff
261590120014034,1000,1000,14,23076508,300091,Midwest Energy & Communications,50,1,X,MI,88274bda37fffff
261590120014035,1000,1000,43,23076508,300091,Midwest Energy & Communications,50,1,X,MI,88274bd85bfffff
261590120014037,1000,1000,1,23076508,300091,Midwest Energy & Communications,50,1,X,MI,88274bd85bfffff
261590120014039,1000,1000,32,23076508,300091,Midwest Energy & Communications,50,1,X,MI,88274bdae7fffff
261590120014041,1000,1000,4,23076508,300091,Midwest Energy & Communications,50,1,X,MI,88274bdaebfffff
261590120014043,1000,1000,3,23076508,300091,Midwest Energy & Communications,50,1,X,MI,88274bdac7fffff
261590120021000,1000,1000,7,23076508,300091,Midwest Energy & Communications,50,1,X,MI,88274bd30dfffff
261590120021001,1000,1000,25,23076508,300091,Midwest Energy & Communications,50,1,X,MI,88274bd307fffff
261590120021002,1000,1000,15,23076508,300091,Midwest Energy & Communications,50,1,X,MI,88274bd323fffff
261590120021003,1000,1000,6,23076508,300091,Midwest Energy & Communications,50,1,X,MI,88274aa4d3fffff
261590120021004,1000,1000,3,23076508,300091,Midwest Energy & Communications,50,1,X,MI,88274bd325fffff
261590120021005,1000,1000,5,23076508,300091,Midwest Energy & Communications,50,1,X,MI,88274bd325fffff
261590120021011,1000,1000,27,23076508,300091,Midwest Energy & Communications,50,1,X,MI,88274bd33dfffff
261590120021012,1000,1000,36,23076508,300091,Midwest Energy & Communications,50,1,X,MI,88274bd315fffff
261590120021013,1000,1000,15,23076508,300091,Midwest Energy & Communications,50,1,X,MI,88274bd30bfffff
261590120021014,1000,1000,23,23076508,300091,Midwest Energy & Communications,50,1,X,MI,88274bd339fffff
261590120021015,1000,1000,24,23076508,300091,Midwest Energy & Communications,50,1,X,MI,88274bd315fffff
261590120021016,1000,1000,5,23076508,300091,Midwest Energy & Communications,50,1,X,MI,88274bd339fffff
261590120021017,1000,1000,25,23076508,300091,Midwest Energy & Communications,50,1,X,MI,88274bd337fffff
261590120021018,1000,1000,20,23076508,300091,Midwest Energy & Communications,50,1,X,MI,88274bd061fffff
261590120021019,1000,1000,22,23076508,300091,Midwest Energy & Communications,50,1,X,MI,88274bd109fffff
261590120021021,1000,1000,14,23076508,300091,Midwest Energy & Communications,50,1,X,MI,88274bd02dfffff
261590120021022,1000,1000,30,23076508,300091,Midwest Energy & Communications,50,1,X,MI,88274bd151fffff
261590120021023,1000,1000,17,23076508,300091,Midwest Energy & Communications,50,1,X,MI,88274bd067fffff
261590120021024,1000,1000,16,23076508,300091,Midwest Energy & Communications,50,1,X,MI,88274bd02dfffff
261590120021025,1000,1000,3,23076508,300091,Midwest Energy & Communications,50,1,X,MI,88274bd02dfffff
261590120021026,1000,1000,5,23076508,300091,Midwest Energy & Communications,50,1,X,MI,88274bd119fffff
261590120021028,1000,1000,6,23076508,300091,Midwest Energy & Communications,50,1,X,MI,88274bd02bfffff
261590120021029,1000,1000,3,23076508,300091,Midwest Energy & Communications,50,1,X,MI,88274bd11bfffff
261590120021030,1000,1000,4,23076508,300091,Midwest Energy & Communications,50,1,X,MI,88274bd117fffff
261590120021031,1000,1000,4,23076508,300091,Midwest Energy & Communications,50,1,X,MI,88274bd117fffff
261590120021032,1000,1000,5,23076508,300091,Midwest Energy & Communications,50,1,X,MI,88274bd1edfffff
261590120021033,1000,1000,29,23076508,300091,Midwest Energy & Communications,50,1,X,MI,88274bd117fffff
261590120021034,1000,1000,4,23076508,300091,Midwest Energy & Communications,50,1,X,MI,88274bd027fffff
261590120021035,1000,1000,2,23076508,300091,Midwest Energy & Communications,50,1,X,MI,88274bd027fffff
261590120021036,1000,1000,33,23076508,300091,Midwest Energy & Communications,50,1,X,MI,88274bd1c1fffff
261590120022003,1000,1000,44,23076508,300091,Midwest Energy & Communications,50,1,X,MI,88274bd261fffff
261590120022004,1000,1000,5,23076508,300091,Midwest Energy & Communications,50,1,X,MI,88274bd261fffff
261590120022005,1000,1000,5,23076508,300091,Midwest Energy & Communications,50,1,X,MI,88274bd261fffff
261590120022007,1000,1000,9,23076508,300091,Midwest Energy & Communications,50,1,X,MI,88274bd30bfffff
261590120022008,1000,1000,11,23076508,300091,Midwest Energy & Communications,50,1,X,MI,88274bd353fffff
261590120022010,1000,1000,51,23076508,300091,Midwest Energy & Communications,50,1,X,MI,88274bd267fffff
261590120022011,1000,1000,7,23076508,300091,Midwest Energy & Communications,50,1,X,MI,88274bd267fffff
261590120022012,1000,1000,6,23076508,300091,Midwest Energy & Communications,50,1,X,MI,88274bd263fffff
261590120022013,1000,1000,20,23076508,300091,Midwest Energy & Communications,50,1,X,MI,88274bd263fffff
261590120022014,1000,1000,16,23076508,300091,Midwest Energy & Communications,50,1,X,MI,88274bd263fffff
261590120022015,1000,1000,11,23076508,300091,Midwest Energy & Communications,50,1,X,MI,88274bd263fffff
261590120022016,1000,1000,13,23076508,300091,Midwest Energy & Communications,50,1,X,MI,88274bd205fffff
261590120022017,1000,1000,21,23076508,300091,Midwest Energy & Communications,50,1,X,MI,88274bd263fffff
261590120022018,1000,1000,10,23076508,300091,Midwest Energy & Communications,50,1,X,MI,88274bd263fffff
261590120022019,1000,1000,4,23076508,300091,Midwest Energy & Communications,50,1,X,MI,88274bd263fffff
261590120022020,1000,1000,2,23076508,300091,Midwest Energy & Communications,50,1,X,MI,88274bd205fffff
261590120022022,1000,1000,7,23076508,300091,Midwest Energy & Communications,50,1,X,MI,88274bd205fffff
261590120022023,1000,1000,1,23076508,300091,Midwest Energy & Communications,50,1,X,MI,88274bd235fffff
261590120022025,1000,1000,2,23076508,300091,Midwest Energy & Communications,50,1,X,MI,88274bd05dfffff
261590120022026,1000,1000,8,23076508,300091,Midwest Energy & Communications,50,1,X,MI,88274bd049fffff
261590120022027,1000,1000,19,23076508,300091,Midwest Energy & Communications,50,1,X,MI,88274bd049fffff
261590120022028,1000,1000,27,23076508,300091,Midwest Energy & Communications,50,1,X,MI,88274bd04dfffff
261590120022029,1000,1000,4,23076508,300091,Midwest Energy & Communications,50,1,X,MI,88274bd357fffff
261590120022030,1000,1000,21,23076508,300091,Midwest Energy & Communications,50,1,X,MI,88274bd04dfffff
261590120022031,1000,1000,16,23076508,300091,Midwest Energy & Communications,50,1,X,MI,88274bd063fffff
261590120022032,1000,1000,5,23076508,300091,Midwest Energy & Communications,50,1,X,MI,88274bd047fffff
261590120022033,1000,1000,12,23076508,300091,Midwest Energy & Communications,50,1,X,MI,88274bd059fffff
261590120022034,1000,1000,5,23076508,300091,Midwest Energy & Communications,50,1,X,MI,88274bd051fffff
261590120022035,1000,1000,18,23076508,300091,Midwest Energy & Communications,50,1,X,MI,88274bd00bfffff
261590120022037,1000,1000,5,23076508,300091,Midwest Energy & Communications,50,1,X,MI,88274bd005fffff
261590120022038,1000,1000,8,23076508,300091,Midwest Energy & Communications,50,1,X,MI,88274bd001fffff
261590120022039,1000,1000,2,23076508,300091,Midwest Energy & Communications,50,1,X,MI,88274bd005fffff
261590120022040,1000,1000,2,23076508,300091,Midwest Energy & Communications,50,1,X,MI,88274bd03dfffff
261590120022041,1000,1000,4,23076508,300091,Midwest Energy & Communications,50,1,X,MI,88274bd02bfffff
261590120022042,1000,1000,6,23076508,300091,Midwest Energy & Communications,50,1,X,MI,88274bd057fffff
261590120022043,1000,1000,22,23076508,300091,Midwest Energy & Communications,50,1,X,MI,88274bd011fffff
261590120022044,1000,1000,16,23076508,300091,Midwest Energy & Communications,50,1,X,MI,88274bd011fffff
261590120022045,1000,1000,14,23076508,300091,Midwest Energy & Communications,50,1,X,MI,88274bd0edfffff
261590120022046,1000,1000,19,23076508,300091,Midwest Energy & Communications,50,1,X,MI,88274bd035fffff
261590120022047,1000,1000,4,23076508,300091,Midwest Energy & Communications,50,1,X,MI,88274bd261fffff
261590120022048,1000,1000,13,23076508,300091,Midwest Energy & Communications,50,1,X,MI,88274bd011fffff
261614222021025,1000,1000,6,23076508,300091,Midwest Energy & Communications,50,1,X,MI,882ab249e9fffff
261614250001010,1000,1000,15,23076508,300091,Midwest Energy & Communications,50,1,X,MI,88274994cdfffff
261614250001012,1000,1000,19,23076508,300091,Midwest Energy & Communications,50,1,X,MI,88274994c1fffff
261614250001013,1000,1000,6,23076508,300091,Midwest Energy & Communications,50,1,X,MI,88274994cbfffff
261614250001015,1000,1000,5,23076508,300091,Midwest Energy & Communications,50,1,X,MI,882749948dfffff
261614250001016,1000,1000,4,23076508,300091,Midwest Energy & Communications,50,1,X,MI,88274994ebfffff
261614250001018,1000,1000,3,23076508,300091,Midwest Energy & Communications,50,1,X,MI,88274994c3fffff
261614250002000,1000,1000,7,23076508,300091,Midwest Energy & Communications,50,1,X,MI,88274994d1fffff
261614250002001,1000,1000,11,23076508,300091,Midwest Energy & Communications,50,1,X,MI,88274994d1fffff
261614250002002,1000,1000,2,23076508,300091,Midwest Energy & Communications,50,1,X,MI,88274994d5fffff
261614250002003,1000,1000,2,23076508,300091,Midwest Energy & Communications,50,1,X,MI,88274994d5fffff
261614250002009,1000,1000,6,23076508,300091,Midwest Energy & Communications,50,1,X,MI,882749948dfffff
261614250002010,1000,1000,11,23076508,300091,Midwest Energy & Communications,50,1,X,MI,88274994e3fffff
261614250002011,1000,1000,11,23076508,300091,Midwest Energy & Communications,50,1,X,MI,8827499485fffff
261614250002012,1000,1000,31,23076508,300091,Midwest Energy & Communications,50,1,X,MI,88274994b9fffff
261614250003006,1000,1000,4,23076508,300091,Midwest Energy & Communications,50,1,X,MI,8827499497fffff
261614250003007,1000,1000,3,23076508,300091,Midwest Energy & Communications,50,1,X,MI,88274994bbfffff
261614250003021,1000,1000,14,23076508,300091,Midwest Energy & Communications,50,1,X,MI,882ab24963fffff
261614250003022,1000,1000,1,23076508,300091,Midwest Energy & Communications,50,1,X,MI,882ab2492dfffff
261614260011000,1000,1000,12,23076508,300091,Midwest Energy & Communications,50,1,X,MI,882ab2492dfffff
261614260011002,1000,1000,6,23076508,300091,Midwest Energy & Communications,50,1,X,MI,882ab24925fffff
261614260011003,1000,1000,1,23076508,300091,Midwest Energy & Communications,50,1,X,MI,8827498611fffff
261614260011004,1000,1000,1,23076508,300091,Midwest Energy & Communications,50,1,X,MI,8827498603fffff
261614260011005,1000,1000,16,23076508,300091,Midwest Energy & Communications,50,1,X,MI,8827498639fffff
261614260011007,1000,1000,9,23076508,300091,Midwest Energy & Communications,50,1,X,MI,882749863bfffff
261614260011008,1000,1000,9,23076508,300091,Midwest Energy & Communications,50,1,X,MI,8827498633fffff
261614260011009,1000,1000,1,23076508,300091,Midwest Energy & Communications,50,1,X,MI,8827498633fffff
261614260011010,1000,1000,4,23076508,300091,Midwest Energy & Communications,50,1,X,MI,8827498633fffff
261614260011011,1000,1000,3,23076508,300091,Midwest Energy & Communications,50,1,X,MI,8827498633fffff
261614260011012,1000,1000,69,23076508,300091,Midwest Energy & Communications,50,1,X,MI,88274986c9fffff
261614260011017,1000,1000,21,23076508,300091,Midwest Energy & Communications,50,1,X,MI,882749861bfffff
261614260011018,1000,1000,6,23076508,300091,Midwest Energy & Communications,50,1,X,MI,8827498613fffff
261614260011019,1000,1000,1,23076508,300091,Midwest Energy & Communications,50,1,X,MI,88274986e5fffff
261614260011020,1000,1000,2,23076508,300091,Midwest Energy & Communications,50,1,X,MI,88274986e7fffff
261614260011021,1000,1000,1,23076508,300091,Midwest Energy & Communications,50,1,X,MI,88274986e7fffff
261614260011022,1000,1000,7,23076508,300091,Midwest Energy & Communications,50,1,X,MI,88274986a5fffff
261614260011023,1000,1000,10,23076508,300091,Midwest Energy & Communications,50,1,X,MI,88274986a5fffff
261614260011024,1000,1000,1,23076508,300091,Midwest Energy & Communications,50,1,X,MI,882ab2493dfffff
261614260011034,1000,1000,46,23076508,300091,Midwest Energy & Communications,50,1,X,MI,88274986ebfffff
261614260011035,1000,1000,2,23076508,300091,Midwest Energy & Communications,50,1,X,MI,88274986d5fffff
261614260011036,1000,1000,1,23076508,300091,Midwest Energy & Communications,50,1,X,MI,882ab24935fffff
261614260011039,1000,1000,19,23076508,300091,Midwest Energy & Communications,50,1,X,MI,882ab24917fffff
261614260011040,1000,1000,2,23076508,300091,Midwest Energy & Communications,50,1,X,MI,882ab249e3fffff
261614260011042,1000,1000,6,23076508,300091,Midwest Energy & Communications,50,1,X,MI,882ab249e5fffff
261614260011046,1000,1000,6,23076508,300091,Midwest Energy & Communications,50,1,X,MI,88274986d1fffff
261614260011047,1000,1000,2,23076508,300091,Midwest Energy & Communications,50,1,X,MI,88274986d1fffff
261614260011048,1000,1000,1,23076508,300091,Midwest Energy & Communications,50,1,X,MI,88274986d5fffff
261614260011049,1000,1000,1,23076508,300091,Midwest Energy & Communications,50,1,X,MI,88274986d5fffff
261614260011050,1000,1000,18,23076508,300091,Midwest Energy & Communications,50,1,X,MI,8827498681fffff
261614260011051,1000,1000,4,23076508,300091,Midwest Energy & Communications,50,1,X,MI,88274986a9fffff
261614260011052,1000,1000,2,23076508,300091,Midwest Energy & Communications,50,1,X,MI,88274986a3fffff
261614260011053,1000,1000,12,23076508,300091,Midwest Energy & Communications,50,1,X,MI,88274986b9fffff
261614260011054,1000,1000,17,23076508,300091,Midwest Energy & Communications,50,1,X,MI,88274986bbfffff
261614260011055,1000,1000,2,23076508,300091,Midwest Energy & Communications,50,1,X,MI,8827498699fffff
261614260011056,1000,1000,7,23076508,300091,Midwest Energy & Communications,50,1,X,MI,882749869dfffff
261614260011057,1000,1000,5,23076508,300091,Midwest Energy & Communications,50,1,X,MI,88274986b7fffff
261614260011058,1000,1000,1,23076508,300091,Midwest Energy & Communications,50,1,X,MI,88274986a3fffff
261614260011059,1000,1000,8,23076508,300091,Midwest Energy & Communications,50,1,X,MI,8827498413fffff
261614260011061,1000,1000,5,23076508,300091,Midwest Energy & Communications,50,1,X,MI,88274984cbfffff
261614260011064,1000,1000,1,23076508,300091,Midwest Energy & Communications,50,1,X,MI,88274986b3fffff
261614260011065,1000,1000,21,23076508,300091,Midwest Energy & Communications,50,1,X,MI,882749b369fffff
261614260011067,1000,1000,23,23076508,300091,Midwest Energy & Communications,50,1,X,MI,882749b36bfffff
261614260011068,1000,1000,1,23076508,300091,Midwest Energy & Communications,50,1,X,MI,882749b347fffff
261614260011069,1000,1000,3,23076508,300091,Midwest Energy & Communications,50,1,X,MI,882749b34dfffff
261614260011071,1000,1000,5,23076508,300091,Midwest Energy & Communications,50,1,X,MI,882ab249e7fffff
261614260011072,1000,1000,1,23076508,300091,Midwest Energy & Communications,50,1,X,MI,882749b349fffff
261614260011073,1000,1000,3,23076508,300091,Midwest Energy & Communications,50,1,X,MI,882ab249a3fffff
261614260011076,1000,1000,2,23076508,300091,Midwest Energy & Communications,50,1,X,MI,882749b35dfffff
261614260011078,1000,1000,1,23076508,300091,Midwest Energy & Communications,50,1,X,MI,882749b343fffff
261614260011080,1000,1000,6,23076508,300091,Midwest Energy & Communications,50,1,X,MI,88274984d1fffff
261614260011081,1000,1000,6,23076508,300091,Midwest Energy & Communications,50,1,X,MI,88274984d9fffff
261614260011082,1000,1000,10,23076508,300091,Midwest Energy & Communications,50,1,X,MI,88274984c3fffff
261614260011083,1000,1000,9,23076508,300091,Midwest Energy & Communications,50,1,X,MI,8827498489fffff
261614260011084,1000,1000,2,23076508,300091,Midwest Energy & Communications,50,1,X,MI,88274984c7fffff
261614260011088,1000,1000,5,23076508,300091,Midwest Energy & Communications,50,1,X,MI,882749b36bfffff
261614260021007,1000,1000,9,23076508,300091,Midwest Energy & Communications,50,1,X,MI,88274995ddfffff
261614260021013,1000,1000,5,23076508,300091,Midwest Energy & Communications,50,1,X,MI,882749958bfffff
261614260021014,1000,1000,7,23076508,300091,Midwest Energy & Communications,50,1,X,MI,88274995d7fffff
261614260021017,1000,1000,25,23076508,300091,Midwest Energy & Communications,50,1,X,MI,88274995d1fffff
261614260021019,1000,1000,21,23076508,300091,Midwest Energy & Communications,50,1,X,MI,88274995d7fffff
261614260021020,1000,1000,24,23076508,300091,Midwest Energy & Communications,50,1,X,MI,88274994abfffff
261614260021021,1000,1000,21,23076508,300091,Midwest Energy & Communications,50,1,X,MI,88274994adfffff
261614260021022,1000,1000,8,23076508,300091,Midwest Energy & Communications,50,1,X,MI,8827499597fffff
261614260021023,1000,1000,8,23076508,300091,Midwest Energy & Communications,50,1,X,MI,8827499595fffff
261614260021024,1000,1000,1,23076508,300091,Midwest Energy & Communications,50,1,X,MI,88274994a9fffff
261614260021026,1000,1000,15,23076508,300091,Midwest Energy & Communications,50,1,X,MI,88274994a3fffff
261614260021027,1000,1000,22,23076508,300091,Midwest Energy & Communications,50,1,X,MI,8827499597fffff
261614260021028,1000,1000,13,23076508,300091,Midwest Energy & Communications,50,1,X,MI,8827498645fffff
261614260021029,1000,1000,26,23076508,300091,Midwest Energy & Communications,50,1,X,MI,882749865dfffff
261614260021030,1000,1000,8,23076508,300091,Midwest Energy & Communications,50,1,X,MI,88274994b1fffff
261614260021031,1000,1000,1,23076508,300091,Midwest Energy & Communications,50,1,X,MI,88274994b7fffff
261614260021032,1000,1000,1,23076508,300091,Midwest Energy & Communications,50,1,X,MI,88274994b7fffff
261614260021033,1000,1000,1,23076508,300091,Midwest Energy & Communications,50,1,X,MI,8827498659fffff
261614260021034,1000,1000,36,23076508,300091,Midwest Energy & Communications,50,1,X,MI,882749865dfffff
261614260021035,1000,1000,9,23076508,300091,Midwest Energy & Communications,50,1,X,MI,882749866bfffff
261614260021036,1000,1000,7,23076508,300091,Midwest Energy & Communications,50,1,X,MI,8827498667fffff
261614260021037,1000,1000,6,23076508,300091,Midwest Energy & Communications,50,1,X,MI,8827498669fffff
261614260021038,1000,1000,9,23076508,300091,Midwest Energy & Communications,50,1,X,MI,882749865dfffff
261614260021039,1000,1000,11,23076508,300091,Midwest Energy & Communications,50,1,X,MI,882749860bfffff
261614260021040,1000,1000,15,23076508,300091,Midwest Energy & Communications,50,1,X,MI,8827498609fffff
261614260021042,1000,1000,6,23076508,300091,Midwest Energy & Communications,50,1,X,MI,8827498629fffff
261614260021043,1000,1000,10,23076508,300091,Midwest Energy & Communications,50,1,X,MI,8827498605fffff
261614260021044,1000,1000,14,23076508,300091,Midwest Energy & Communications,50,1,X,MI,8827498603fffff
261614260021045,1000,1000,7,23076508,300091,Midwest Energy & Communications,50,1,X,MI,882749860bfffff
261614260021049,1000,1000,5,23076508,300091,Midwest Energy & Communications,50,1,X,MI,88274994b7fffff
261614310001000,1000,1000,37,23076508,300091,Midwest Energy & Communications,50,1,X,MI,8827498e05fffff
261614310001001,1000,1000,10,23076508,300091,Midwest Energy & Communications,50,1,X,MI,8827498e2dfffff
261614310001002,1000,1000,1,23076508,300091,Midwest Energy & Communications,50,1,X,MI,8827498f19fffff
261614310001003,1000,1000,8,23076508,300091,Midwest Energy & Communications,50,1,X,MI,8827498e25fffff
261614310001004,1000,1000,14,23076508,300091,Midwest Energy & Communications,50,1,X,MI,8827498e21fffff
261614310001005,1000,1000,1,23076508,300091,Midwest Energy & Communications,50,1,X,MI,8827498f19fffff
261614310001006,1000,1000,20,23076508,300091,Midwest Energy & Communications,50,1,X,MI,8827498e25fffff
261614310001007,1000,1000,25,23076508,300091,Midwest Energy & Communications,50,1,X,MI,8827498e27fffff
261614310001008,1000,1000,41,23076508,300091,Midwest Energy & Communications,50,1,X,MI,8827498e21fffff
261614310001010,1000,1000,6,23076508,300091,Midwest Energy & Communications,50,1,X,MI,8827498e3dfffff
261614310001011,1000,1000,46,23076508,300091,Midwest Energy & Communications,50,1,X,MI,8827498c5dfffff
261614310001012,1000,1000,2,23076508,300091,Midwest Energy & Communications,50,1,X,MI,8827498c09fffff
261614310001013,1000,1000,15,23076508,300091,Midwest Energy & Communications,50,1,X,MI,8827498c09fffff
261614310001015,1000,1000,8,23076508,300091,Midwest Energy & Communications,50,1,X,MI,8827498c0bfffff
261614310001016,1000,1000,14,23076508,300091,Midwest Energy & Communications,50,1,X,MI,8827498c5bfffff
261614310001017,1000,1000,8,23076508,300091,Midwest Energy & Communications,50,1,X,MI,8827498c5bfffff
261614310001018,1000,1000,11,23076508,300091,Midwest Energy & Communications,50,1,X,MI,8827498ee7fffff
261614310001020,1000,1000,6,23076508,300091,Midwest Energy & Communications,50,1,X,MI,8827498ee7fffff
261614310001022,1000,1000,6,23076508,300091,Midwest Energy & Communications,50,1,X,MI,8827498e85fffff
261614310001023,1000,1000,2,23076508,300091,Midwest Energy & Communications,50,1,X,MI,8827498e81fffff
261614310001024,1000,1000,7,23076508,300091,Midwest Energy & Communications,50,1,X,MI,8827498e8dfffff
261614310001025,1000,1000,23,23076508,300091,Midwest Energy & Communications,50,1,X,MI,8827498e8bfffff
261614310001028,1000,1000,1,23076508,300091,Midwest Energy & Communications,50,1,X,MI,8827498edbfffff
261614310001029,1000,1000,2,23076508,300091,Midwest Energy & Communications,50,1,X,MI,8827498edbfffff
261614310001030,1000,1000,1,23076508,300091,Midwest Energy & Communications,50,1,X,MI,88274985adfffff
261614310001033,1000,1000,7,23076508,300091,Midwest Energy & Communications,50,1,X,MI,8827498e99fffff
261614310001034,1000,1000,3,23076508,300091,Midwest Energy & Communications,50,1,X,MI,8827498e8bfffff
261614310001035,1000,1000,2,23076508,300091,Midwest Energy & Communications,50,1,X,MI,8827498e99fffff
261614310001036,1000,1000,4,23076508,300091,Midwest Energy & Communications,50,1,X,MI,88274985a5fffff
261614310001037,1000,1000,1,23076508,300091,Midwest Energy & Communications,50,1,X,MI,88274985a5fffff
261614310001038,1000,1000,8,23076508,300091,Midwest Energy & Communications,50,1,X,MI,88274985a5fffff
261614310001040,1000,1000,5,23076508,300091,Midwest Energy & Communications,50,1,X,MI,8827498e9bfffff
261614310001041,1000,1000,3,23076508,300091,Midwest Energy & Communications,50,1,X,MI,8827498e9bfffff
261614310001042,1000,1000,10,23076508,300091,Midwest Energy & Communications,50,1,X,MI,8827498e9dfffff
261614310001043,1000,1000,20,23076508,300091,Midwest Energy & Communications,50,1,X,MI,8827498eabfffff
261614310001045,1000,1000,15,23076508,300091,Midwest Energy & Communications,50,1,X,MI,8827498eadfffff
261614310001046,1000,1000,13,23076508,300091,Midwest Energy & Communications,50,1,X,MI,8827498eadfffff
261614310001048,1000,1000,1,23076508,300091,Midwest Energy & Communications,50,1,X,MI,8827498ea5fffff
261614310001049,1000,1000,28,23076508,300091,Midwest Energy & Communications,50,1,X,MI,8827498c19fffff
261614310001050,1000,1000,1,23076508,300091,Midwest Energy & Communications,50,1,X,MI,8827498c1dfffff
261614310001051,1000,1000,3,23076508,300091,Midwest Energy & Communications,50,1,X,MI,8827498c39fffff
261614310001052,1000,1000,14,23076508,300091,Midwest Energy & Communications,50,1,X,MI,8827498c03fffff
261614310001053,1000,1000,8,23076508,300091,Midwest Energy & Communications,50,1,X,MI,8827498c15fffff
261614310001054,1000,1000,13,23076508,300091,Midwest Energy & Communications,50,1,X,MI,8827498c13fffff
261614310001055,1000,1000,10,23076508,300091,Midwest Energy & Communications,50,1,X,MI,8827498ccdfffff
261614310001056,1000,1000,16,23076508,300091,Midwest Energy & Communications,50,1,X,MI,8827498ea7fffff
261614310001058,1000,1000,5,23076508,300091,Midwest Energy & Communications,50,1,X,MI,8827498ccbfffff
261614310001059,1000,1000,15,23076508,300091,Midwest Energy & Communications,50,1,X,MI,8827498c13fffff
261614310001060,1000,1000,45,23076508,300091,Midwest Energy & Communications,50,1,X,MI,8827498cedfffff
261614310001062,1000,1000,1,23076508,300091,Midwest Energy & Communications,50,1,X,MI,8827498cc5fffff
261614310001063,1000,1000,23,23076508,300091,Midwest Energy & Communications,50,1,X,MI,8827498ce5fffff
261614310001065,1000,1000,2,23076508,300091,Midwest Energy & Communications,50,1,X,MI,8827498ce5fffff
261614310001067,1000,1000,4,23076508,300091,Midwest Energy & Communications,50,1,X,MI,8827498e9dfffff
261614310001068,1000,1000,2,23076508,300091,Midwest Energy & Communications,50,1,X,MI,8827498e81fffff
261614310001070,1000,1000,5,23076508,300091,Midwest Energy & Communications,50,1,X,MI,8827498cc5fffff
261614310002000,1000,1000,26,23076508,300091,Midwest Energy & Communications,50,1,X,MI,8827498e0dfffff
261614310002001,1000,1000,3,23076508,300091,Midwest Energy & Communications,50,1,X,MI,8827498e01fffff
261614310002002,1000,1000,6,23076508,300091,Midwest Energy & Communications,50,1,X,MI,8827498e05fffff
261614310002003,1000,1000,2,23076508,300091,Midwest Energy & Communications,50,1,X,MI,8827498e0bfffff
261614310002004,1000,1000,2,23076508,300091,Midwest Energy & Communications,50,1,X,MI,8827498e07fffff
261614310002005,1000,1000,99,23076508,300091,Midwest Energy & Communications,50,1,X,MI,8827498e1dfffff
261614310002006,1000,1000,9,23076508,300091,Midwest Energy & Communications,50,1,X,MI,8827498e39fffff
261614310002007,1000,1000,8,23076508,300091,Midwest Energy & Communications,50,1,X,MI,8827498e15fffff
261614310002008,1000,1000,9,23076508,300091,Midwest Energy & Communications,50,1,X,MI,8827498e39fffff
261614310002009,1000,1000,49,23076508,300091,Midwest Energy & Communications,50,1,X,MI,8827498e17fffff
261614310002010,1000,1000,76,23076508,300091,Midwest Energy & Communications,50,1,X,MI,8827498e1bfffff
261614310002011,1000,1000,11,23076508,300091,Midwest Energy & Communications,50,1,X,MI,8827498527fffff
261614310002012,1000,1000,1,23076508,300091,Midwest Energy & Communications,50,1,X,MI,8827498523fffff
261614310002013,1000,1000,21,23076508,300091,Midwest Energy & Communications,50,1,X,MI,882749853dfffff
261614310002014,1000,1000,4,23076508,300091,Midwest Energy & Communications,50,1,X,MI,8827498eebfffff
261614310002015,1000,1000,4,23076508,300091,Midwest Energy & Communications,50,1,X,MI,8827498ee1fffff
261614310002016,1000,1000,3,23076508,300091,Midwest Energy & Communications,50,1,X,MI,8827498ee5fffff
261614310002017,1000,1000,1,23076508,300091,Midwest Energy & Communications,50,1,X,MI,8827498ee1fffff
261614310002018,1000,1000,15,23076508,300091,Midwest Energy & Communications,50,1,X,MI,8827498c5bfffff
261614310002019,1000,1000,20,23076508,300091,Midwest Energy & Communications,50,1,X,MI,8827498533fffff
261614310002020,1000,1000,9,23076508,300091,Midwest Energy & Communications,50,1,X,MI,8827498eddfffff
261614310002021,1000,1000,23,23076508,300091,Midwest Energy & Communications,50,1,X,MI,8827498ec9fffff
261614310002022,1000,1000,6,23076508,300091,Midwest Energy & Communications,50,1,X,MI,8827498ec9fffff
261614310002023,1000,1000,1,23076508,300091,Midwest Energy & Communications,50,1,X,MI,8827498ed9fffff
261614310003000,1000,1000,3,23076508,300091,Midwest Energy & Communications,50,1,X,MI,8827498563fffff
261614310003001,1000,1000,1,23076508,300091,Midwest Energy & Communications,50,1,X,MI,8827498561fffff
261614310003003,1000,1000,1,23076508,300091,Midwest Energy & Communications,50,1,X,MI,8827498e59fffff
261614310003004,1000,1000,1,23076508,300091,Midwest Energy & Communications,50,1,X,MI,8827498e59fffff
261614310003005,1000,1000,11,23076508,300091,Midwest Energy & Communications,50,1,X,MI,8827498e59fffff
261614310003013,1000,1000,4,23076508,300091,Midwest Energy & Communications,50,1,X,MI,8827498565fffff
261614310003015,1000,1000,3,23076508,300091,Midwest Energy & Communications,50,1,X,MI,8827498565fffff
261614310003021,1000,1000,9,23076508,300091,Midwest Energy & Communications,50,1,X,MI,8827498567fffff
261614310003023,1000,1000,8,23076508,300091,Midwest Energy & Communications,50,1,X,MI,8827498567fffff
261614310003030,1000,1000,4,23076508,300091,Midwest Energy & Communications,50,1,X,MI,8827498567fffff
261614310003032,1000,1000,6,23076508,300091,Midwest Energy & Communications,50,1,X,MI,8827498567fffff
261614310003033,1000,1000,5,23076508,300091,Midwest Energy & Communications,50,1,X,MI,8827498567fffff
261614310003034,1000,1000,10,23076508,300091,Midwest Energy & Communications,50,1,X,MI,8827498563fffff
261614310003035,1000,1000,3,23076508,300091,Midwest Energy & Communications,50,1,X,MI,8827498563fffff
261614310003043,1000,1000,1,23076508,300091,Midwest Energy & Communications,50,1,X,MI,8827498567fffff
261614310003052,1000,1000,1,23076508,300091,Midwest Energy & Communications,50,1,X,MI,8827498e5bfffff
261614310004000,1000,1000,3,23076508,300091,Midwest Energy & Communications,50,1,X,MI,8827498505fffff
261614310004001,1000,1000,1,23076508,300091,Midwest Energy & Communications,50,1,X,MI,8827498507fffff
261614310004004,1000,1000,4,23076508,300091,Midwest Energy & Communications,50,1,X,MI,8827498529fffff
261614310004012,1000,1000,9,23076508,300091,Midwest Energy & Communications,50,1,X,MI,8827498e0bfffff
261614310004020,1000,1000,4,23076508,300091,Midwest Energy & Communications,50,1,X,MI,8827498e53fffff
261614310004022,1000,1000,3,23076508,300091,Midwest Energy & Communications,50,1,X,MI,8827498e53fffff
261614310004025,1000,1000,4,23076508,300091,Midwest Energy & Communications,50,1,X,MI,8827498525fffff
261614310004038,1000,1000,20,23076508,300091,Midwest Energy & Communications,50,1,X,MI,8827498e19fffff
261614310004039,1000,1000,23,23076508,300091,Midwest Energy & Communications,50,1,X,MI,8827498e57fffff
261614310004040,1000,1000,4,23076508,300091,Midwest Energy & Communications,50,1,X,MI,8827498e57fffff
261614310004043,1000,1000,3,23076508,300091,Midwest Energy & Communications,50,1,X,MI,8827498e19fffff
261614310004046,1000,1000,3,23076508,300091,Midwest Energy & Communications,50,1,X,MI,8827498529fffff
261614310004047,1000,1000,3,23076508,300091,Midwest Energy & Communications,50,1,X,MI,882749852dfffff
261614310004048,1000,1000,1,23076508,300091,Midwest Energy & Communications,50,1,X,MI,8827498525fffff
261614310004050,1000,1000,15,23076508,300091,Midwest Energy & Communications,50,1,X,MI,8827498521fffff
261614310004051,1000,1000,1,23076508,300091,Midwest Energy & Communications,50,1,X,MI,882749852bfffff
261614310004052,1000,1000,2,23076508,300091,Midwest Energy & Communications,50,1,X,MI,882749852bfffff
261614310004053,1000,1000,8,23076508,300091,Midwest Energy & Communications,50,1,X,MI,8827498e0bfffff
261614310004054,1000,1000,1,23076508,300091,Midwest Energy & Communications,50,1,X,MI,882749852bfffff
261614310004055,1000,1000,8,23076508,300091,Midwest Energy & Communications,50,1,X,MI,8827498507fffff
261614310004056,1000,1000,5,23076508,300091,Midwest Energy & Communications,50,1,X,MI,882749853dfffff
261614310004057,1000,1000,1,23076508,300091,Midwest Energy & Communications,50,1,X,MI,882749852bfffff
261614310004058,1000,1000,18,23076508,300091,Midwest Energy & Communications,50,1,X,MI,8827498521fffff
261614320001000,1000,1000,1,23076508,300091,Midwest Energy & Communications,50,1,X,MI,8827498051fffff
261614320001004,1000,1000,7,23076508,300091,Midwest Energy & Communications,50,1,X,MI,882749800bfffff
261614320001005,1000,1000,1,23076508,300091,Midwest Energy & Communications,50,1,X,MI,8827498057fffff
261614320001006,1000,1000,6,23076508,300091,Midwest Energy & Communications,50,1,X,MI,8827498053fffff
261614320001007,1000,1000,9,23076508,300091,Midwest Energy & Communications,50,1,X,MI,8827498053fffff
261614320001008,1000,1000,5,23076508,300091,Midwest Energy & Communications,50,1,X,MI,8827498019fffff
261614320001009,1000,1000,21,23076508,300091,Midwest Energy & Communications,50,1,X,MI,8827498057fffff
261614320001010,1000,1000,11,23076508,300091,Midwest Energy & Communications,50,1,X,MI,8827498007fffff
261614320001011,1000,1000,16,23076508,300091,Midwest Energy & Communications,50,1,X,MI,882749803dfffff
261614320001013,1000,1000,22,23076508,300091,Midwest Energy & Communications,50,1,X,MI,882749803dfffff
261614320001014,1000,1000,9,23076508,300091,Midwest Energy & Communications,50,1,X,MI,8827498039fffff
261614320001015,1000,1000,36,23076508,300091,Midwest Energy & Communications,50,1,X,MI,88274980edfffff
261614320001016,1000,1000,24,23076508,300091,Midwest Energy & Communications,50,1,X,MI,8827498017fffff
261614320001017,1000,1000,25,23076508,300091,Midwest Energy & Communications,50,1,X,MI,882749801bfffff
261614320001018,1000,1000,2,23076508,300091,Midwest Energy & Communications,50,1,X,MI,88274982a1fffff
261614320001019,1000,1000,1,23076508,300091,Midwest Energy & Communications,50,1,X,MI,88274982a1fffff
261614320001020,1000,1000,6,23076508,300091,Midwest Energy & Communications,50,1,X,MI,88274982a7fffff
261614320001021,1000,1000,27,23076508,300091,Midwest Energy & Communications,50,1,X,MI,8827498081fffff
261614320001022,1000,1000,64,23076508,300091,Midwest Energy & Communications,50,1,X,MI,88274980e1fffff
261614320001023,1000,1000,2,23076508,300091,Midwest Energy & Communications,50,1,X,MI,88274980e1fffff
261614320001024,1000,1000,19,23076508,300091,Midwest Energy & Communications,50,1,X,MI,88274980e7fffff
261614320001025,1000,1000,24,23076508,300091,Midwest Energy & Communications,50,1,X,MI,88274981d1fffff
261614320001026,1000,1000,20,23076508,300091,Midwest Energy & Communications,50,1,X,MI,8827498037fffff
261614320001027,1000,1000,7,23076508,300091,Midwest Energy & Communications,50,1,X,MI,88274981c7fffff
261614320001028,1000,1000,3,23076508,300091,Midwest Energy & Communications,50,1,X,MI,88274981c9fffff
261614320001029,1000,1000,2,23076508,300091,Midwest Energy & Communications,50,1,X,MI,882749811bfffff
261614320001030,1000,1000,7,23076508,300091,Midwest Energy & Communications,50,1,X,MI,882749811bfffff
261614320001031,1000,1000,2,23076508,300091,Midwest Energy & Communications,50,1,X,MI,8827498025fffff
261614320001032,1000,1000,9,23076508,300091,Midwest Energy & Communications,50,1,X,MI,882749811bfffff
261614320001033,1000,1000,1,23076508,300091,Midwest Energy & Communications,50,1,X,MI,8827498025fffff
261614320001035,1000,1000,15,23076508,300091,Midwest Energy & Communications,50,1,X,MI,88274981d9fffff
261614320001036,1000,1000,4,23076508,300091,Midwest Energy & Communications,50,1,X,MI,8827498115fffff
261614320001037,1000,1000,21,23076508,300091,Midwest Energy & Communications,50,1,X,MI,88274981bbfffff
261614320001038,1000,1000,42,23076508,300091,Midwest Energy & Communications,50,1,X,MI,88274981c3fffff
261614320001039,1000,1000,12,23076508,300091,Midwest Energy & Communications,50,1,X,MI,88274981e3fffff
261614320001040,1000,1000,6,23076508,300091,Midwest Energy & Communications,50,1,X,MI,8827498117fffff
261614320001041,1000,1000,6,23076508,300091,Midwest Energy & Communications,50,1,X,MI,88274981e9fffff
261614320001042,1000,1000,1,23076508,300091,Midwest Energy & Communications,50,1,X,MI,88274981e9fffff
261614320001043,1000,1000,1,23076508,300091,Midwest Energy & Communications,50,1,X,MI,88274981ebfffff
261614320001044,1000,1000,7,23076508,300091,Midwest Energy & Communications,50,1,X,MI,88274981c3fffff
261614320001045,1000,1000,19,23076508,300091,Midwest Energy & Communications,50,1,X,MI,88274981bbfffff
261614320001046,1000,1000,28,23076508,300091,Midwest Energy & Communications,50,1,X,MI,8827498181fffff
261614320001047,1000,1000,13,23076508,300091,Midwest Energy & Communications,50,1,X,MI,8827498181fffff
261614320001048,1000,1000,5,23076508,300091,Midwest Energy & Communications,50,1,X,MI,8827498e69fffff
261614320001050,1000,1000,5,23076508,300091,Midwest Energy & Communications,50,1,X,MI,88274981bbfffff
261614320001051,1000,1000,30,23076508,300091,Midwest Energy & Communications,50,1,X,MI,88274980a5fffff
261614320001052,1000,1000,9,23076508,300091,Midwest Energy & Communications,50,1,X,MI,8827498e63fffff
261614320001053,1000,1000,15,23076508,300091,Midwest Energy & Communications,50,1,X,MI,8827498e69fffff
261614320001054,1000,1000,8,23076508,300091,Midwest Energy & Communications,50,1,X,MI,8827498193fffff
261614320001056,1000,1000,49,23076508,300091,Midwest Energy & Communications,50,1,X,MI,88274980a5fffff
261614320001057,1000,1000,20,23076508,300091,Midwest Energy & Communications,50,1,X,MI,88274980bbfffff
261614320001058,1000,1000,24,23076508,300091,Midwest Energy & Communications,50,1,X,MI,88274980bbfffff
261614320001059,1000,1000,6,23076508,300091,Midwest Energy & Communications,50,1,X,MI,8827498097fffff
261614320001060,1000,1000,16,23076508,300091,Midwest Energy & Communications,50,1,X,MI,88274980bbfffff
261614320001061,1000,1000,57,23076508,300091,Midwest Energy & Communications,50,1,X,MI,8827498e5dfffff
261614320001062,1000,1000,9,23076508,300091,Midwest Energy & Communications,50,1,X,MI,8827498e41fffff
261614320001063,1000,1000,19,23076508,300091,Midwest Energy & Communications,50,1,X,MI,8827498e43fffff
261614320001064,1000,1000,12,23076508,300091,Midwest Energy & Communications,50,1,X,MI,8827498e6bfffff
261614320001065,1000,1000,1,23076508,300091,Midwest Energy & Communications,50,1,X,MI,8827498e63fffff
261614320001066,1000,1000,1,23076508,300091,Midwest Energy & Communications,50,1,X,MI,88274981e9fffff
261614320001068,1000,1000,7,23076508,300091,Midwest Energy & Communications,50,1,X,MI,882749802bfffff
261614320001069,1000,1000,2,23076508,300091,Midwest Energy & Communications,50,1,X,MI,8827498f5bfffff
261614320001070,1000,1000,1,23076508,300091,Midwest Energy & Communications,50,1,X,MI,8827498f51fffff
261614320001072,1000,1000,1,23076508,300091,Midwest Energy & Communications,50,1,X,MI,8827498191fffff
261614320001073,1000,1000,1,23076508,300091,Midwest Energy & Communications,50,1,X,MI,882749856dfffff
261614320002000,1000,1000,1,23076508,300091,Midwest Energy & Communications,50,1,X,MI,88274995e9fffff
261614320002001,1000,1000,5,23076508,300091,Midwest Energy & Communications,50,1,X,MI,88274995edfffff
261614320002004,1000,1000,2,23076508,300091,Midwest Energy & Communications,50,1,X,MI,88274982dbfffff
261614320002005,1000,1000,12,23076508,300091,Midwest Energy & Communications,50,1,X,MI,88274982d9fffff
261614320002006,1000,1000,6,23076508,300091,Midwest Energy & Communications,50,1,X,MI,88274982d5fffff
261614320002007,1000,1000,3,23076508,300091,Midwest Energy & Communications,50,1,X,MI,8827498289fffff
261614320002008,1000,1000,2,23076508,300091,Midwest Energy & Communications,50,1,X,MI,88274982c7fffff
261614320002010,1000,1000,7,23076508,300091,Midwest Energy & Communications,50,1,X,MI,8827498281fffff
261614320002011,1000,1000,13,23076508,300091,Midwest Energy & Communications,50,1,X,MI,8827498281fffff
261614320002012,1000,1000,1,23076508,300091,Midwest Energy & Communications,50,1,X,MI,88274982e3fffff
261614320002013,1000,1000,3,23076508,300091,Midwest Energy & Communications,50,1,X,MI,88274982e7fffff
261614320002014,1000,1000,14,23076508,300091,Midwest Energy & Communications,50,1,X,MI,88274982adfffff
261614320002015,1000,1000,9,23076508,300091,Midwest Energy & Communications,50,1,X,MI,8827498285fffff
261614320002016,1000,1000,8,23076508,300091,Midwest Energy & Communications,50,1,X,MI,8827498281fffff
261614320002017,1000,1000,18,23076508,300091,Midwest Energy & Communications,50,1,X,MI,882749828bfffff
261614320002018,1000,1000,17,23076508,300091,Midwest Energy & Communications,50,1,X,MI,882749829dfffff
261614320002019,1000,1000,8,23076508,300091,Midwest Energy & Communications,50,1,X,MI,8827498299fffff
261614320002020,1000,1000,10,23076508,300091,Midwest Energy & Communications,50,1,X,MI,88274995e7fffff
261614320002021,1000,1000,13,23076508,300091,Midwest Energy & Communications,50,1,X,MI,88274995abfffff
261614320002024,1000,1000,1,23076508,300091,Midwest Energy & Communications,50,1,X,MI,8827499583fffff
261614320002025,1000,1000,1,23076508,300091,Midwest Energy & Communications,50,1,X,MI,8827499587fffff
261614320002026,1000,1000,1,23076508,300091,Midwest Energy & Communications,50,1,X,MI,88274995bdfffff
261614320002027,1000,1000,23,23076508,300091,Midwest Energy & Communications,50,1,X,MI,88274995a3fffff
261614320002028,1000,1000,15,23076508,300091,Midwest Energy & Communications,50,1,X,MI,8827498741fffff
261614320002029,1000,1000,3,23076508,300091,Midwest Energy & Communications,50,1,X,MI,8827498291fffff
261614320002030,1000,1000,1,23076508,300091,Midwest Energy & Communications,50,1,X,MI,8827498291fffff
261614320002031,1000,1000,2,23076508,300091,Midwest Energy & Communications,50,1,X,MI,8827498295fffff
261614320002032,1000,1000,1,23076508,300091,Midwest Energy & Communications,50,1,X,MI,8827498295fffff
261614320002033,1000,1000,99,23076508,300091,Midwest Energy & Communications,50,1,X,MI,882749876bfffff
261614320002034,1000,1000,5,23076508,300091,Midwest Energy & Communications,50,1,X,MI,8827498761fffff
261614320002035,1000,1000,19,23076508,300091,Midwest Energy & Communications,50,1,X,MI,8827498745fffff
261614320002036,1000,1000,3,23076508,300091,Midwest Energy & Communications,50,1,X,MI,8827498769fffff
261614320002037,1000,1000,19,23076508,300091,Midwest Energy & Communications,50,1,X,MI,8827498769fffff
261614320002038,1000,1000,8,23076508,300091,Midwest Energy & Communications,50,1,X,MI,882749876dfffff
261614320002040,1000,1000,33,23076508,300091,Midwest Energy & Communications,50,1,X,MI,8827498701fffff
261614320002041,1000,1000,9,23076508,300091,Midwest Energy & Communications,50,1,X,MI,8827498757fffff
261614320002042,1000,1000,1,23076508,300091,Midwest Energy & Communications,50,1,X,MI,882749874bfffff
261614320002043,1000,1000,4,23076508,300091,Midwest Energy & Communications,50,1,X,MI,88274995b5fffff
261614320002044,1000,1000,1,23076508,300091,Midwest Energy & Communications,50,1,X,MI,88274995b5fffff
261614320002047,1000,1000,16,23076508,300091,Midwest Energy & Communications,50,1,X,MI,88274995b7fffff
261614320002048,1000,1000,6,23076508,300091,Midwest Energy & Communications,50,1,X,MI,88274995b9fffff
261614320002049,1000,1000,1,23076508,300091,Midwest Energy & Communications,50,1,X,MI,88274995bbfffff
261614320002050,1000,1000,1,23076508,300091,Midwest Energy & Communications,50,1,X,MI,88274995bbfffff
261614320002051,1000,1000,2,23076508,300091,Midwest Energy & Communications,50,1,X,MI,882749866dfffff
261614320002052,1000,1000,4,23076508,300091,Midwest Energy & Communications,50,1,X,MI,8827498667fffff
261614320002053,1000,1000,7,23076508,300091,Midwest Energy & Communications,50,1,X,MI,8827498667fffff
261614320002054,1000,1000,6,23076508,300091,Midwest Energy & Communications,50,1,X,MI,8827498665fffff
261614320002055,1000,1000,13,23076508,300091,Midwest Energy & Communications,50,1,X,MI,8827498701fffff
261614320002056,1000,1000,10,23076508,300091,Midwest Energy & Communications,50,1,X,MI,882749876dfffff
261614320002057,1000,1000,3,23076508,300091,Midwest Energy & Communications,50,1,X,MI,8827498761fffff
261614320002058,1000,1000,9,23076508,300091,Midwest Energy & Communications,50,1,X,MI,8827498621fffff
261614320002059,1000,1000,17,23076508,300091,Midwest Energy & Communications,50,1,X,MI,8827498719fffff
261614320002060,1000,1000,32,23076508,300091,Midwest Energy & Communications,50,1,X,MI,8827498731fffff
261614320002062,1000,1000,8,23076508,300091,Midwest Energy & Communications,50,1,X,MI,882749872bfffff
261614320002063,1000,1000,23,23076508,300091,Midwest Energy & Communications,50,1,X,MI,882749872bfffff
261614320002064,1000,1000,2,23076508,300091,Midwest Energy & Communications,50,1,X,MI,88274980d3fffff
261614320002065,1000,1000,1,23076508,300091,Midwest Energy & Communications,50,1,X,MI,88274980d9fffff
261614320002066,1000,1000,8,23076508,300091,Midwest Energy & Communications,50,1,X,MI,88274980d5fffff
261614320002067,1000,1000,4,23076508,300091,Midwest Energy & Communications,50,1,X,MI,882749871dfffff
261614320002068,1000,1000,9,23076508,300091,Midwest Energy & Communications,50,1,X,MI,8827498719fffff
261614320002069,1000,1000,10,23076508,300091,Midwest Energy & Communications,50,1,X,MI,8827498621fffff
261614320002071,1000,1000,1,23076508,300091,Midwest Energy & Communications,50,1,X,MI,8827498627fffff
261614320002072,1000,1000,14,23076508,300091,Midwest Energy & Communications,50,1,X,MI,8827498097fffff
261614320002073,1000,1000,28,23076508,300091,Midwest Energy & Communications,50,1,X,MI,88274980d5fffff
261614320002074,1000,1000,4,23076508,300091,Midwest Energy & Communications,50,1,X,MI,88274980d7fffff
261614320002075,1000,1000,1,23076508,300091,Midwest Energy & Communications,50,1,X,MI,8827498549fffff
261614320002076,1000,1000,4,23076508,300091,Midwest Energy & Communications,50,1,X,MI,8827498735fffff
261614320002077,1000,1000,2,23076508,300091,Midwest Energy & Communications,50,1,X,MI,8827498093fffff
261614320002079,1000,1000,2,23076508,300091,Midwest Energy & Communications,50,1,X,MI,882749874bfffff
261614320002080,1000,1000,7,23076508,300091,Midwest Energy & Communications,50,1,X,MI,882749870bfffff
261614320002081,1000,1000,1,23076508,300091,Midwest Energy & Communications,50,1,X,MI,8827498711fffff
261614320003000,1000,1000,10,23076508,300091,Midwest Energy & Communications,50,1,X,MI,8827498623fffff
261614320003001,1000,1000,6,23076508,300091,Midwest Energy & Communications,50,1,X,MI,8827498449fffff
261614320003002,1000,1000,9,23076508,300091,Midwest Energy & Communications,50,1,X,MI,8827498627fffff
261614320003005,1000,1000,10,23076508,300091,Midwest Energy & Communications,50,1,X,MI,8827498731fffff
261614320003006,1000,1000,5,23076508,300091,Midwest Energy & Communications,50,1,X,MI,882749873bfffff
261614320003008,1000,1000,1,23076508,300091,Midwest Energy & Communications,50,1,X,MI,8827498731fffff
261614320003009,1000,1000,2,23076508,300091,Midwest Energy & Communications,50,1,X,MI,8827498735fffff
261614320003010,1000,1000,19,23076508,300091,Midwest Energy & Communications,50,1,X,MI,8827498509fffff
261614320003016,1000,1000,21,23076508,300091,Midwest Energy & Communications,50,1,X,MI,882749850dfffff
261614320003017,1000,1000,2,23076508,300091,Midwest Energy & Communications,50,1,X,MI,882749856bfffff
261614320003018,1000,1000,9,23076508,300091,Midwest Energy & Communications,50,1,X,MI,8827498509fffff
261614320003019,1000,1000,3,23076508,300091,Midwest Energy & Communications,50,1,X,MI,882749850bfffff
261614320003020,1000,1000,4,23076508,300091,Midwest Energy & Communications,50,1,X,MI,8827498501fffff
261614320003021,1000,1000,3,23076508,300091,Midwest Energy & Communications,50,1,X,MI,882749850dfffff
261614320003022,1000,1000,1,23076508,300091,Midwest Energy & Communications,50,1,X,MI,8827498505fffff
261614320003029,1000,1000,2,23076508,300091,Midwest Energy & Communications,50,1,X,MI,882749840dfffff
261614320003030,1000,1000,6,23076508,300091,Midwest Energy & Communications,50,1,X,MI,882749845dfffff
261614320003031,1000,1000,2,23076508,300091,Midwest Energy & Communications,50,1,X,MI,8827498635fffff
261614320003033,1000,1000,15,23076508,300091,Midwest Energy & Communications,50,1,X,MI,8827498455fffff
261614320003044,1000,1000,4,23076508,300091,Midwest Energy & Communications,50,1,X,MI,8827498539fffff
261614320003045,1000,1000,13,23076508,300091,Midwest Energy & Communications,50,1,X,MI,8827498533fffff
261614320003047,1000,1000,5,23076508,300091,Midwest Energy & Communications,50,1,X,MI,88274985adfffff
261614320003055,1000,1000,2,23076508,300091,Midwest Energy & Communications,50,1,X,MI,88274985adfffff
261614320003061,1000,1000,6,23076508,300091,Midwest Energy & Communications,50,1,X,MI,882749840dfffff
261614320003067,1000,1000,1,23076508,300091,Midwest Energy & Communications,50,1,X,MI,882749843bfffff
261614320003068,1000,1000,8,23076508,300091,Midwest Energy & Communications,50,1,X,MI,8827498417fffff
261614320003069,1000,1000,18,23076508,300091,Midwest Energy & Communications,50,1,X,MI,8827498417fffff
261614320003070,1000,1000,1,23076508,300091,Midwest Energy & Communications,50,1,X,MI,8827498415fffff
261614320003076,1000,1000,4,23076508,300091,Midwest Energy & Communications,50,1,X,MI,8827498485fffff
261614320003078,1000,1000,1,23076508,300091,Midwest Energy & Communications,50,1,X,MI,8827498413fffff
261614320003082,1000,1000,4,23076508,300091,Midwest Energy & Communications,50,1,X,MI,88274985abfffff
261614320003083,1000,1000,7,23076508,300091,Midwest Energy & Communications,50,1,X,MI,88274985a1fffff
261614320003084,1000,1000,2,23076508,300091,Midwest Energy & Communications,50,1,X,MI,88274985adfffff
261614320003090,1000,1000,5,23076508,300091,Midwest Energy & Communications,50,1,X,MI,88274985e5fffff
261614440003019,1000,1000,9,23076508,300091,Midwest Energy & Communications,50,1,X,MI,88274990ebfffff
261614440004002,1000,1000,9,23076508,300091,Midwest Energy & Communications,50,1,X,MI,88274990dbfffff
261614440004003,1000,1000,8,23076508,300091,Midwest Energy & Communications,50,1,X,MI,8827499765fffff
261614440004004,1000,1000,25,23076508,300091,Midwest Energy & Communications,50,1,X,MI,88274990dbfffff
261614440004005,1000,1000,3,23076508,300091,Midwest Energy & Communications,50,1,X,MI,88274990d9fffff
261614440004006,1000,1000,7,23076508,300091,Midwest Energy & Communications,50,1,X,MI,88274990c7fffff
261614440004007,1000,1000,11,23076508,300091,Midwest Energy & Communications,50,1,X,MI,882749908dfffff
261614440004008,1000,1000,2,23076508,300091,Midwest Energy & Communications,50,1,X,MI,88274990ebfffff
261614440004009,1000,1000,1,23076508,300091,Midwest Energy & Communications,50,1,X,MI,88274990ebfffff
261614440004010,1000,1000,9,23076508,300091,Midwest Energy & Communications,50,1,X,MI,88274990ebfffff
261614440004014,1000,1000,24,23076508,300091,Midwest Energy & Communications,50,1,X,MI,8827499199fffff
261614440004019,1000,1000,2,23076508,300091,Midwest Energy & Communications,50,1,X,MI,88274990a9fffff
261614440005015,1000,1000,16,23076508,300091,Midwest Energy & Communications,50,1,X,MI,88274990d9fffff
261614440005018,1000,1000,1,23076508,300091,Midwest Energy & Communications,50,1,X,MI,8827499765fffff
261614450002020,1000,1000,4,23076508,300091,Midwest Energy & Communications,50,1,X,MI,88274991d7fffff
261614450002022,1000,1000,4,23076508,300091,Midwest Energy & Communications,50,1,X,MI,88274991a3fffff
261614450002025,1000,1000,2,23076508,300091,Midwest Energy & Communications,50,1,X,MI,8827499ae3fffff
261614450002035,1000,1000,2,23076508,300091,Midwest Energy & Communications,50,1,X,MI,8827499ae3fffff
261614450002038,1000,1000,1,23076508,300091,Midwest Energy & Communications,50,1,X,MI,88274991a3fffff
261614462002000,1000,1000,24,23076508,300091,Midwest Energy & Communications,50,1,X,MI,8827499197fffff
261614462002001,1000,1000,6,23076508,300091,Midwest Energy & Communications,50,1,X,MI,8827499197fffff
261614462002002,1000,1000,2,23076508,300091,Midwest Energy & Communications,50,1,X,MI,8827499197fffff
261614464001000,1000,1000,8,23076508,300091,Midwest Energy & Communications,50,1,X,MI,8827499193fffff
261614464001005,1000,1000,2,23076508,300091,Midwest Energy & Communications,50,1,X,MI,8827499191fffff
261614464001011,1000,1000,14,23076508,300091,Midwest Energy & Communications,50,1,X,MI,8827499193fffff
261614464001016,1000,1000,9,23076508,300091,Midwest Energy & Communications,50,1,X,MI,8827499193fffff
261614464002031,1000,1000,1,23076508,300091,Midwest Energy & Communications,50,1,X,MI,8827498247fffff
261614470001000,1000,1000,4,23076508,300091,Midwest Energy & Communications,50,1,X,MI,8827498315fffff
261614470001001,1000,1000,8,23076508,300091,Midwest Energy & Communications,50,1,X,MI,8827498315fffff
261614470001002,1000,1000,3,23076508,300091,Midwest Energy & Communications,50,1,X,MI,8827498339fffff
261614470001003,1000,1000,21,23076508,300091,Midwest Energy & Communications,50,1,X,MI,8827498307fffff
261614470001004,1000,1000,5,23076508,300091,Midwest Energy & Communications,50,1,X,MI,882749814dfffff
261614470001006,1000,1000,9,23076508,300091,Midwest Energy & Communications,50,1,X,MI,8827498307fffff
261614470001007,1000,1000,22,23076508,300091,Midwest Energy & Communications,50,1,X,MI,882749833dfffff
261614470001008,1000,1000,9,23076508,300091,Midwest Energy & Communications,50,1,X,MI,8827498149fffff
261614470001009,1000,1000,1,23076508,300091,Midwest Energy & Communications,50,1,X,MI,8827498143fffff
261614470001010,1000,1000,9,23076508,300091,Midwest Energy & Communications,50,1,X,MI,8827498337fffff
261614470001011,1000,1000,25,23076508,300091,Midwest Energy & Communications,50,1,X,MI,8827498315fffff
261614470001012,1000,1000,18,23076508,300091,Midwest Energy & Communications,50,1,X,MI,8827498315fffff
261614470001013,1000,1000,1,23076508,300091,Midwest Energy & Communications,50,1,X,MI,8827498315fffff
261614470001015,1000,1000,26,23076508,300091,Midwest Energy & Communications,50,1,X,MI,882749806dfffff
261614470001016,1000,1000,6,23076508,300091,Midwest Energy & Communications,50,1,X,MI,8827498333fffff
261614470001017,1000,1000,42,23076508,300091,Midwest Energy & Communications,50,1,X,MI,8827498333fffff
261614470001018,1000,1000,6,23076508,300091,Midwest Energy & Communications,50,1,X,MI,8827498331fffff
261614470001019,1000,1000,6,23076508,300091,Midwest Energy & Communications,50,1,X,MI,8827498331fffff
261614470001020,1000,1000,11,23076508,300091,Midwest Energy & Communications,50,1,X,MI,8827498143fffff
261614470001021,1000,1000,50,23076508,300091,Midwest Energy & Communications,50,1,X,MI,882749815bfffff
261614470001022,1000,1000,9,23076508,300091,Midwest Energy & Communications,50,1,X,MI,8827498063fffff
261614470001023,1000,1000,1,23076508,300091,Midwest Energy & Communications,50,1,X,MI,8827498005fffff
261614470001024,1000,1000,15,23076508,300091,Midwest Energy & Communications,50,1,X,MI,8827498029fffff
261614470001025,1000,1000,1,23076508,300091,Midwest Energy & Communications,50,1,X,MI,882749802dfffff
261614470002004,1000,1000,1,23076508,300091,Midwest Energy & Communications,50,1,X,MI,882749831dfffff
261614470002006,1000,1000,1,23076508,300091,Midwest Energy & Communications,50,1,X,MI,8827498303fffff
261614470002020,1000,1000,13,23076508,300091,Midwest Energy & Communications,50,1,X,MI,8827498229fffff
261614470002021,1000,1000,11,23076508,300091,Midwest Energy & Communications,50,1,X,MI,882749822bfffff
261614470002022,1000,1000,15,23076508,300091,Midwest Energy & Communications,50,1,X,MI,882749804bfffff
261614470002023,1000,1000,13,23076508,300091,Midwest Energy & Communications,50,1,X,MI,8827498237fffff
261614470002024,1000,1000,17,23076508,300091,Midwest Energy & Communications,50,1,X,MI,8827498059fffff
261614470002026,1000,1000,4,23076508,300091,Midwest Energy & Communications,50,1,X,MI,8827498051fffff
261614470002027,1000,1000,2,23076508,300091,Midwest Energy & Communications,50,1,X,MI,882749805bfffff
261614470002028,1000,1000,1,23076508,300091,Midwest Energy & Communications,50,1,X,MI,8827498051fffff
261614470003002,1000,1000,1,23076508,300091,Midwest Energy & Communications,50,1,X,MI,882749804bfffff
261614470003004,1000,1000,1,23076508,300091,Midwest Energy & Communications,50,1,X,MI,8827498311fffff
261614470004000,1000,1000,8,23076508,300091,Midwest Energy & Communications,50,1,X,MI,8827499199fffff
261614470004001,1000,1000,1,23076508,300091,Midwest Energy & Communications,50,1,X,MI,8827499183fffff
261614470004003,1000,1000,1,23076508,300091,Midwest Energy & Communications,50,1,X,MI,88274991a3fffff
261614470004004,1000,1000,6,23076508,300091,Midwest Energy & Communications,50,1,X,MI,8827499195fffff
261614470004005,1000,1000,3,23076508,300091,Midwest Energy & Communications,50,1,X,MI,8827499183fffff
261614470004006,1000,1000,5,23076508,300091,Midwest Energy & Communications,50,1,X,MI,882749919dfffff
261614470004007,1000,1000,11,23076508,300091,Midwest Energy & Communications,50,1,X,MI,8827499197fffff
261614470004008,1000,1000,2,23076508,300091,Midwest Energy & Communications,50,1,X,MI,88274991b9fffff
261614470004009,1000,1000,5,23076508,300091,Midwest Energy & Communications,50,1,X,MI,88274991b9fffff
261614470004010,1000,1000,43,23076508,300091,Midwest Energy & Communications,50,1,X,MI,88274991b1fffff
261614470004013,1000,1000,11,23076508,300091,Midwest Energy & Communications,50,1,X,MI,8827498349fffff
261614470004014,1000,1000,2,23076508,300091,Midwest Energy & Communications,50,1,X,MI,882749834dfffff
261614470004015,1000,1000,16,23076508,300091,Midwest Energy & Communications,50,1,X,MI,88274991b5fffff
261614470004016,1000,1000,11,23076508,300091,Midwest Energy & Communications,50,1,X,MI,8827498349fffff
261614470004017,1000,1000,4,23076508,300091,Midwest Energy & Communications,50,1,X,MI,8827498355fffff
261614470004021,1000,1000,2,23076508,300091,Midwest Energy & Communications,50,1,X,MI,8827499a97fffff
261614470004022,1000,1000,7,23076508,300091,Midwest Energy & Communications,50,1,X,MI,8827498369fffff
261614470004024,1000,1000,52,23076508,300091,Midwest Energy & Communications,50,1,X,MI,8827498367fffff
261614470004026,1000,1000,14,23076508,300091,Midwest Energy & Communications,50,1,X,MI,8827498367fffff
261614470004028,1000,1000,10,23076508,300091,Midwest Energy & Communications,50,1,X,MI,8827498367fffff
261614470004029,1000,1000,42,23076508,300091,Midwest Energy & Communications,50,1,X,MI,8827498307fffff
261614470004030,1000,1000,13,23076508,300091,Midwest Energy & Communications,50,1,X,MI,8827498355fffff
261614470004031,1000,1000,54,23076508,300091,Midwest Energy & Communications,50,1,X,MI,8827498343fffff
261614470004032,1000,1000,17,23076508,300091,Midwest Energy & Communications,50,1,X,MI,88274991bbfffff
261614470004033,1000,1000,3,23076508,300091,Midwest Energy & Communications,50,1,X,MI,88274991b1fffff
261614470004035,1000,1000,63,23076508,300091,Midwest Energy & Communications,50,1,X,MI,8827498265fffff
261614470004037,1000,1000,1,23076508,300091,Midwest Energy & Communications,50,1,X,MI,88274991bbfffff
261614470004038,1000,1000,30,23076508,300091,Midwest Energy & Communications,50,1,X,MI,882749832dfffff
261614470004039,1000,1000,3,23076508,300091,Midwest Energy & Communications,50,1,X,MI,8827498321fffff
261614470004040,1000,1000,7,23076508,300091,Midwest Energy & Communications,50,1,X,MI,8827498359fffff
261614470004041,1000,1000,20,23076508,300091,Midwest Energy & Communications,50,1,X,MI,88274991b7fffff
261614470004043,1000,1000,18,23076508,300091,Midwest Energy & Communications,50,1,X,MI,8827498307fffff
261614470004044,1000,1000,12,23076508,300091,Midwest Energy & Communications,50,1,X,MI,8827498329fffff
261614470004048,1000,1000,11,23076508,300091,Midwest Energy & Communications,50,1,X,MI,8827499191fffff
261614470004049,1000,1000,7,23076508,300091,Midwest Energy & Communications,50,1,X,MI,8827499191fffff
261614470004050,1000,1000,5,23076508,300091,Midwest Energy & Communications,50,1,X,MI,8827499195fffff
261614480001000,1000,1000,3,23076508,300091,Midwest Energy & Communications,50,1,X,MI,88274990dbfffff
261614480001002,1000,1000,8,23076508,300091,Midwest Energy & Communications,50,1,X,MI,88274990dbfffff
261614480001003,1000,1000,6,23076508,300091,Midwest Energy & Communications,50,1,X,MI,88274990d5fffff
261614480001004,1000,1000,7,23076508,300091,Midwest Energy & Communications,50,1,X,MI,88274990d5fffff
261614480001005,1000,1000,6,23076508,300091,Midwest Energy & Communications,50,1,X,MI,88274990d5fffff
261614480001007,1000,1000,2,23076508,300091,Midwest Energy & Communications,50,1,X,MI,8827499081fffff
261614480001012,1000,1000,47,23076508,300091,Midwest Energy & Communications,50,1,X,MI,8827499199fffff
261614480001014,1000,1000,2,23076508,300091,Midwest Energy & Communications,50,1,X,MI,88274991d3fffff
261614480001016,1000,1000,9,23076508,300091,Midwest Energy & Communications,50,1,X,MI,8827499199fffff
261614480001017,1000,1000,2,23076508,300091,Midwest Energy & Communications,50,1,X,MI,8827499191fffff
261614480001018,1000,1000,2,23076508,300091,Midwest Energy & Communications,50,1,X,MI,882749908bfffff
261614480001019,1000,1000,2,23076508,300091,Midwest Energy & Communications,50,1,X,MI,88274990d7fffff
261614480001021,1000,1000,4,23076508,300091,Midwest Energy & Communications,50,1,X,MI,8827498249fffff
261614480001023,1000,1000,4,23076508,300091,Midwest Energy & Communications,50,1,X,MI,8827499087fffff
261614480001024,1000,1000,17,23076508,300091,Midwest Energy & Communications,50,1,X,MI,882749824bfffff
261614480001025,1000,1000,7,23076508,300091,Midwest Energy & Communications,50,1,X,MI,8827498241fffff
261614480001026,1000,1000,5,23076508,300091,Midwest Energy & Communications,50,1,X,MI,8827498241fffff
261614480001027,1000,1000,1,23076508,300091,Midwest Energy & Communications,50,1,X,MI,8827498241fffff
261614480001028,1000,1000,26,23076508,300091,Midwest Energy & Communications,50,1,X,MI,882749825dfffff
261614480001029,1000,1000,15,23076508,300091,Midwest Energy & Communications,50,1,X,MI,88274990b7fffff
261614480001030,1000,1000,5,23076508,300091,Midwest Energy & Communications,50,1,X,MI,88274990b5fffff
261614480001031,1000,1000,1,23076508,300091,Midwest Energy & Communications,50,1,X,MI,88274990bdfffff
261614480001032,1000,1000,15,23076508,300091,Midwest Energy & Communications,50,1,X,MI,88274990b9fffff
261614480001033,1000,1000,10,23076508,300091,Midwest Energy & Communications,50,1,X,MI,8827499083fffff
261614480001036,1000,1000,1,23076508,300091,Midwest Energy & Communications,50,1,X,MI,88274990d7fffff
261614480001037,1000,1000,2,23076508,300091,Midwest Energy & Communications,50,1,X,MI,88274990d7fffff
261614480001038,1000,1000,23,23076508,300091,Midwest Energy & Communications,50,1,X,MI,88274990d3fffff
261614480001039,1000,1000,2,23076508,300091,Midwest Energy & Communications,50,1,X,MI,8827499729fffff
261614480001040,1000,1000,5,23076508,300091,Midwest Energy & Communications,50,1,X,MI,8827499729fffff
261614480001041,1000,1000,60,23076508,300091,Midwest Energy & Communications,50,1,X,MI,8827499721fffff
261614480001042,1000,1000,11,23076508,300091,Midwest Energy & Communications,50,1,X,MI,882749972dfffff
261614480001043,1000,1000,45,23076508,300091,Midwest Energy & Communications,50,1,X,MI,882749954dfffff
261614480001044,1000,1000,23,23076508,300091,Midwest Energy & Communications,50,1,X,MI,8827499541fffff
261614480001045,1000,1000,31,23076508,300091,Midwest Energy & Communications,50,1,X,MI,8827499093fffff
261614480001046,1000,1000,6,23076508,300091,Midwest Energy & Communications,50,1,X,MI,8827499099fffff
261614480001047,1000,1000,5,23076508,300091,Midwest Energy & Communications,50,1,X,MI,882749909dfffff
261614480001048,1000,1000,4,23076508,300091,Midwest Energy & Communications,50,1,X,MI,882749909dfffff
261614480001049,1000,1000,62,23076508,300091,Midwest Energy & Communications,50,1,X,MI,8827499095fffff
261614480001050,1000,1000,3,23076508,300091,Midwest Energy & Communications,50,1,X,MI,8827499097fffff
261614480001051,1000,1000,5,23076508,300091,Midwest Energy & Communications,50,1,X,MI,88274990bbfffff
261614480001052,1000,1000,30,23076508,300091,Midwest Energy & Communications,50,1,X,MI,8827499543fffff
261614480001053,1000,1000,3,23076508,300091,Midwest Energy & Communications,50,1,X,MI,882749956bfffff
261614480001054,1000,1000,25,23076508,300091,Midwest Energy & Communications,50,1,X,MI,8827499097fffff
261614480001055,1000,1000,3,23076508,300091,Midwest Energy & Communications,50,1,X,MI,88274990b3fffff
261614480001056,1000,1000,1,23076508,300091,Midwest Energy & Communications,50,1,X,MI,88274990b3fffff
261614480001057,1000,1000,23,23076508,300091,Midwest Energy & Communications,50,1,X,MI,88274990b3fffff
261614480001058,1000,1000,38,23076508,300091,Midwest Energy & Communications,50,1,X,MI,88274990b3fffff
261614480001063,1000,1000,1,23076508,300091,Midwest Energy & Communications,50,1,X,MI,88274990b9fffff
261614480002002,1000,1000,21,23076508,300091,Midwest Energy & Communications,50,1,X,MI,8827499543fffff
261614480002004,1000,1000,3,23076508,300091,Midwest Energy & Communications,50,1,X,MI,882749956bfffff
261614480002005,1000,1000,10,23076508,300091,Midwest Energy & Communications,50,1,X,MI,8827499561fffff
261614480002006,1000,1000,8,23076508,300091,Midwest Energy & Communications,50,1,X,MI,882749825bfffff
261614480002007,1000,1000,1,23076508,300091,Midwest Energy & Communications,50,1,X,MI,8827498251fffff
261614480002008,1000,1000,3,23076508,300091,Midwest Energy & Communications,50,1,X,MI,8827499555fffff
261614480002009,1000,1000,4,23076508,300091,Midwest Energy & Communications,50,1,X,MI,8827499509fffff
261614480002010,1000,1000,8,23076508,300091,Midwest Energy & Communications,50,1,X,MI,882749950dfffff
261614480002011,1000,1000,14,23076508,300091,Midwest Energy & Communications,50,1,X,MI,882749950dfffff
261614480002013,1000,1000,15,23076508,300091,Midwest Energy & Communications,50,1,X,MI,8827498251fffff
261614480002014,1000,1000,18,23076508,300091,Midwest Energy & Communications,50,1,X,MI,8827499521fffff
261614480002015,1000,1000,25,23076508,300091,Midwest Energy & Communications,50,1,X,MI,882749820bfffff
261614480002016,1000,1000,16,23076508,300091,Midwest Energy & Communications,50,1,X,MI,8827498239fffff
261614480002017,1000,1000,3,23076508,300091,Midwest Energy & Communications,50,1,X,MI,8827498219fffff
261614480002018,1000,1000,18,23076508,300091,Midwest Energy & Communications,50,1,X,MI,8827498239fffff
261614480002019,1000,1000,5,23076508,300091,Midwest Energy & Communications,50,1,X,MI,8827498203fffff
261614480002020,1000,1000,6,23076508,300091,Midwest Energy & Communications,50,1,X,MI,8827498213fffff
261614480002021,1000,1000,43,23076508,300091,Midwest Energy & Communications,50,1,X,MI,88274982cdfffff
261614480002022,1000,1000,1,23076508,300091,Midwest Energy & Communications,50,1,X,MI,8827498213fffff
261614480002023,1000,1000,11,23076508,300091,Midwest Energy & Communications,50,1,X,MI,8827499523fffff
261614480002024,1000,1000,10,23076508,300091,Midwest Energy & Communications,50,1,X,MI,8827499523fffff
261614480002025,1000,1000,19,23076508,300091,Midwest Energy & Communications,50,1,X,MI,8827499521fffff
261614480002026,1000,1000,6,23076508,300091,Midwest Energy & Communications,50,1,X,MI,8827499501fffff
261614480002041,1000,1000,7,23076508,300091,Midwest Energy & Communications,50,1,X,MI,8827499501fffff
261614480002042,1000,1000,5,23076508,300091,Midwest Energy & Communications,50,1,X,MI,8827499539fffff
261614480002044,1000,1000,1,23076508,300091,Midwest Energy & Communications,50,1,X,MI,882749953dfffff
261614480002045,1000,1000,3,23076508,300091,Midwest Energy & Communications,50,1,X,MI,882749953dfffff
261614480002046,1000,1000,18,23076508,300091,Midwest Energy & Communications,50,1,X,MI,8827499533fffff
261614480002047,1000,1000,1,23076508,300091,Midwest Energy & Communications,50,1,X,MI,8827499515fffff
261614480002049,1000,1000,8,23076508,300091,Midwest Energy & Communications,50,1,X,MI,8827499515fffff
261614480002051,1000,1000,10,23076508,300091,Midwest Energy & Communications,50,1,X,MI,8827499515fffff
261614480002052,1000,1000,7,23076508,300091,Midwest Energy & Communications,50,1,X,MI,8827499515fffff
261614480002054,1000,1000,10,23076508,300091,Midwest Energy & Communications,50,1,X,MI,8827499537fffff
261614480002055,1000,1000,4,23076508,300091,Midwest Energy & Communications,50,1,X,MI,88274982c1fffff
261614480002056,1000,1000,18,23076508,300091,Midwest Energy & Communications,50,1,X,MI,88274982c1fffff
261614480002057,1000,1000,12,23076508,300091,Midwest Energy & Communications,50,1,X,MI,8827498213fffff
261614480002059,1000,1000,7,23076508,300091,Midwest Energy & Communications,50,1,X,MI,882749823bfffff
261614480002062,1000,1000,13,23076508,300091,Midwest Energy & Communications,50,1,X,MI,88274982e9fffff
261614480002063,1000,1000,10,23076508,300091,Midwest Energy & Communications,50,1,X,MI,88274982e1fffff
261614480002064,1000,1000,1,23076508,300091,Midwest Energy & Communications,50,1,X,MI,88274982e5fffff
261614480002066,1000,1000,13,23076508,300091,Midwest Energy & Communications,50,1,X,MI,88274982d9fffff
261614480002067,1000,1000,1,23076508,300091,Midwest Energy & Communications,50,1,X,MI,88274982cbfffff
261614480002068,1000,1000,3,23076508,300091,Midwest Energy & Communications,50,1,X,MI,88274995edfffff
261614480002073,1000,1000,2,23076508,300091,Midwest Energy & Communications,50,1,X,MI,88274982e7fffff
261614540011015,1000,1000,3,23076508,300091,Midwest Energy & Communications,50,1,X,MI,8827499723fffff
261614540011022,1000,1000,2,23076508,300091,Midwest Energy & Communications,50,1,X,MI,8827499729fffff
261614540011029,1000,1000,6,23076508,300091,Midwest Energy & Communications,50,1,X,MI,8827499737fffff
