block_geoid,max_advertised_download_speed,max_advertised_upload_speed,count,frn,provider_id,brand_name,technology,low_latency,business_residential_code,state_usps,h3_res8_id
260172853005015,10,1,1,16094708,130019,Air Advantage,70,1,X,MI,88276b656bfffff
260172853005076,10,1,1,16094708,130019,Air Advantage,70,1,R,MI,88276b6c41fffff
260172865001070,500,500,1,16094708,130019,Air Advantage,70,1,B,MI,88276b6a81fffff
260172865001081,500,500,1,16094708,130019,Air Advantage,70,1,B,MI,88276b6a87fffff
260172866002013,50,10,1,16094708,130019,Air Advantage,70,1,B,MI,88276b6ae3fffff
260490124021011,0,0,1,16094708,130019,Air Advantage,70,1,R,MI,88274d82b1fffff
260490124021015,0,0,1,16094708,130019,Air Advantage,70,1,R,MI,88274d82bbfffff
260490126013006,10,1,1,16094708,130019,Air Advantage,70,1,X,MI,88274dc6c9fffff
260639501001050,10,1,1,16094708,130019,Air Advantage,70,1,X,MI,88276bbb07fffff
260639501001053,10,1,11,16094708,130019,Air Advantage,70,1,X,MI,88276bbb2bfffff
260639501001057,10,1,12,16094708,130019,Air Advantage,70,1,X,MI,88276bbb2dfffff
260639501001059,10,1,4,16094708,130019,Air Advantage,70,1,X,MI,88276bbb07fffff
260639501001060,10,1,3,16094708,130019,Air Advantage,70,1,X,MI,88276bbb2bfffff
260639501001062,10,1,2,16094708,130019,Air Advantage,70,1,X,MI,88276bbb2bfffff
260639501001063,10,1,3,16094708,130019,Air Advantage,70,1,X,MI,88276bbb2bfffff
260639501001064,10,1,14,16094708,130019,Air Advantage,70,1,X,MI,88276bbb21fffff
260639501001068,10,1,1,16094708,130019,Air Advantage,70,1,X,MI,88276bbb29fffff
260639501001070,10,1,5,16094708,130019,Air Advantage,70,1,X,MI,88276bbb21fffff
260639501001072,10,1,5,16094708,130019,Air Advantage,70,1,X,MI,88276bbb0bfffff
260639501001074,10,1,3,16094708,130019,Air Advantage,70,1,X,MI,88276bbb0bfffff
260639501001103,10,1,11,16094708,130019,Air Advantage,70,1,X,MI,88276bbb21fffff
260639501001104,10,1,2,16094708,130019,Air Advantage,70,1,R,MI,88276bb949fffff
260639501002003,10,1,7,16094708,130019,Air Advantage,70,1,X,MI,88276bbb2dfffff
260639501002004,10,1,4,16094708,130019,Air Advantage,70,1,X,MI,88276bbb21fffff
260639501002005,10,1,2,16094708,130019,Air Advantage,70,1,X,MI,88276bbb21fffff
260639501002016,10,1,1,16094708,130019,Air Advantage,70,1,X,MI,88276b8c9bfffff
260639501002017,10,1,2,16094708,130019,Air Advantage,70,1,X,MI,88276bbb25fffff
260639501002019,10,1,9,16094708,130019,Air Advantage,70,1,X,MI,88276bbb25fffff
260639501002023,10,1,4,16094708,130019,Air Advantage,70,1,X,MI,88276bbb21fffff
260639501002024,10,1,4,16094708,130019,Air Advantage,70,1,X,MI,88276bbb21fffff
260639501002025,10,1,1,16094708,130019,Air Advantage,70,1,X,MI,88276bbb21fffff
260639501002026,10,1,5,16094708,130019,Air Advantage,70,1,X,MI,88276bbb21fffff
260639501002027,10,1,8,16094708,130019,Air Advantage,70,1,X,MI,88276bbb21fffff
260639501002028,10,1,11,16094708,130019,Air Advantage,70,1,X,MI,88276bbb21fffff
260639501002029,10,1,9,16094708,130019,Air Advantage,70,1,X,MI,88276bbb21fffff
260639501002030,10,1,1,16094708,130019,Air Advantage,70,1,X,MI,88276b8c9bfffff
260639501002032,10,1,29,16094708,130019,Air Advantage,70,1,X,MI,88276bbb25fffff
260639501002033,10,1,15,16094708,130019,Air Advantage,70,1,X,MI,88276bbb21fffff
260639502001017,0,0,2,16094708,130019,Air Advantage,70,1,R,MI,88276bb1d5fffff
260639502001075,10,1,2,16094708,130019,Air Advantage,70,1,X,MI,88276bb0a7fffff
260639502001076,10,1,3,16094708,130019,Air Advantage,70,1,X,MI,88276bb0a7fffff
260639502001092,0,0,1,16094708,130019,Air Advantage,70,1,B,MI,88276ba249fffff
260639502002083,75,15,1,16094708,130019,Air Advantage,70,1,R,MI,88276ba03bfffff
260639502002107,0,0,1,16094708,130019,Air Advantage,70,1,R,MI,88276ba1c1fffff
260639502002173,50,10,4,16094708,130019,Air Advantage,70,1,R,MI,88276ba2e3fffff
260639502002174,10,1,1,16094708,130019,Air Advantage,70,1,X,MI,88276ba2d5fffff
260639503001002,10,1,1,16094708,130019,Air Advantage,70,1,X,MI,88276bbb17fffff
260639503001003,10,1,1,16094708,130019,Air Advantage,70,1,X,MI,88276bbb15fffff
260639503001004,10,1,1,16094708,130019,Air Advantage,70,1,X,MI,88276bbb37fffff
260639503001005,10,1,2,16094708,130019,Air Advantage,70,1,X,MI,88276bbb35fffff
260639503001007,0,0,1,16094708,130019,Air Advantage,70,1,R,MI,88276bb909fffff
260639503001048,0,0,1,16094708,130019,Air Advantage,70,1,R,MI,88276bb82dfffff
260639503001072,10,1,3,16094708,130019,Air Advantage,70,1,X,MI,88276bb9d7fffff
260639503001073,10,1,1,16094708,130019,Air Advantage,70,1,X,MI,88276bb9ddfffff
260639503001074,10,1,1,16094708,130019,Air Advantage,70,1,X,MI,88276bb9ddfffff
260639503001085,10,1,7,16094708,130019,Air Advantage,70,1,X,MI,88276bb983fffff
260639503001091,10,1,3,16094708,130019,Air Advantage,70,1,X,MI,88276bb987fffff
260639503001143,10,1,1,16094708,130019,Air Advantage,70,1,X,MI,88276bb997fffff
260639503001154,10,1,1,16094708,130019,Air Advantage,70,1,X,MI,88276bb993fffff
260639503001179,50,10,1,16094708,130019,Air Advantage,70,1,R,MI,88276baa37fffff
260639503001179,50,50,1,16094708,130019,Air Advantage,70,1,B,MI,88276baa31fffff
260639503001188,75,15,1,16094708,130019,Air Advantage,70,1,R,MI,88276baa37fffff
260639503001196,0,0,1,16094708,130019,Air Advantage,70,1,R,MI,88276ba131fffff
260639504001079,0,0,1,16094708,130019,Air Advantage,70,1,R,MI,88276b15c7fffff
260639505002014,0,0,1,16094708,130019,Air Advantage,70,1,R,MI,88276b029bfffff
260639505002045,10,1,1,16094708,130019,Air Advantage,70,1,R,MI,88276b0769fffff
260639505003008,10,1,22,16094708,130019,Air Advantage,70,1,X,MI,88276b02c3fffff
260639505003010,10,1,27,16094708,130019,Air Advantage,70,1,X,MI,88276b02cbfffff
260639505003013,10,1,17,16094708,130019,Air Advantage,70,1,X,MI,88276b02c3fffff
260639505003018,10,1,2,16094708,130019,Air Advantage,70,1,X,MI,88276b02d5fffff
260639505003023,10,1,5,16094708,130019,Air Advantage,70,1,X,MI,88276b02d5fffff
260639505003028,10,1,13,16094708,130019,Air Advantage,70,1,X,MI,88276b02c3fffff
260639505003031,10,1,14,16094708,130019,Air Advantage,70,1,X,MI,88276b02c3fffff
260639505003033,10,1,1,16094708,130019,Air Advantage,70,1,X,MI,88276b02ddfffff
260639505003035,10,1,5,16094708,130019,Air Advantage,70,1,X,MI,88276b02cbfffff
260639505003039,10,1,5,16094708,130019,Air Advantage,70,1,X,MI,88276b02ddfffff
260639505003049,10,1,3,16094708,130019,Air Advantage,70,1,X,MI,88276b02ddfffff
260639505003050,10,1,5,16094708,130019,Air Advantage,70,1,X,MI,88276b02d5fffff
260639505003051,10,1,4,16094708,130019,Air Advantage,70,1,X,MI,88276b02ddfffff
260639505003052,10,1,12,16094708,130019,Air Advantage,70,1,X,MI,88276b02ddfffff
260639505003069,10,1,3,16094708,130019,Air Advantage,70,1,X,MI,88276b02d5fffff
260639505003070,10,1,7,16094708,130019,Air Advantage,70,1,X,MI,88276b02d5fffff
260639506001133,10,1,1,16094708,130019,Air Advantage,70,1,X,MI,88276ba923fffff
260639506001136,0,0,1,16094708,130019,Air Advantage,70,1,R,MI,88276b062bfffff
260639506002004,10,1,5,16094708,130019,Air Advantage,70,1,X,MI,88276b063bfffff
260639506002028,10,1,1,16094708,130019,Air Advantage,70,1,X,MI,88276b06e9fffff
260639506002033,0,0,1,16094708,130019,Air Advantage,70,1,R,MI,88276b0695fffff
260639506002035,10,1,1,16094708,130019,Air Advantage,70,1,X,MI,88276b06d5fffff
260639506002036,10,1,2,16094708,130019,Air Advantage,70,1,X,MI,88276b06d5fffff
260639506002037,10,1,2,16094708,130019,Air Advantage,70,1,X,MI,88276b06ddfffff
260639506002040,0,0,1,16094708,130019,Air Advantage,70,1,R,MI,88276b068dfffff
260639506002040,10,1,1,16094708,130019,Air Advantage,70,1,X,MI,88276b0689fffff
260639506002055,0,0,1,16094708,130019,Air Advantage,70,1,R,MI,88276b04d5fffff
260639506003014,0,0,1,16094708,130019,Air Advantage,70,1,R,MI,88276b06adfffff
260639507002041,0,0,2,16094708,130019,Air Advantage,70,1,R,MI,88276b0c11fffff
260639507002050,0,0,1,16094708,130019,Air Advantage,70,1,R,MI,88276b0c1bfffff
260639507002051,0,0,1,16094708,130019,Air Advantage,70,1,B,MI,88276b0ccdfffff
260639507002060,10,1,2,16094708,130019,Air Advantage,70,1,X,MI,88276b0cc7fffff
260639507002064,0,0,1,16094708,130019,Air Advantage,70,1,R,MI,88276b0eb9fffff
260639507002067,10,1,1,16094708,130019,Air Advantage,70,1,X,MI,88276b0cc1fffff
260639507002070,10,1,1,16094708,130019,Air Advantage,70,1,X,MI,88276b3b69fffff
260639507002076,0,0,1,16094708,130019,Air Advantage,70,1,R,MI,88276b0ce3fffff
260639507003077,0,0,1,16094708,130019,Air Advantage,70,1,R,MI,88276b3b69fffff
260639507003077,10,1,2,16094708,130019,Air Advantage,70,1,X,MI,88276b3b69fffff
260639508001000,10,1,2,16094708,130019,Air Advantage,70,1,X,MI,88276b0c8dfffff
260639508001001,10,1,3,16094708,130019,Air Advantage,70,1,X,MI,88276b0c85fffff
260639508001018,10,1,1,16094708,130019,Air Advantage,70,1,X,MI,88276b0c87fffff
260639508001019,10,1,1,16094708,130019,Air Advantage,70,1,X,MI,88276b0c87fffff
260639508001037,10,1,1,16094708,130019,Air Advantage,70,1,R,MI,88276b764bfffff
260639508001037,50,10,1,16094708,130019,Air Advantage,70,1,R,MI,88276b7641fffff
260639508001038,10,1,6,16094708,130019,Air Advantage,70,1,X,MI,88276b764bfffff
260639508001038,50,10,1,16094708,130019,Air Advantage,70,1,R,MI,88276b764bfffff
260639508001041,10,1,2,16094708,130019,Air Advantage,70,1,X,MI,88276b764bfffff
260639508001045,10,1,2,16094708,130019,Air Advantage,70,1,X,MI,88276b0cbdfffff
260639508001046,10,1,3,16094708,130019,Air Advantage,70,1,X,MI,88276b0cb5fffff
260639508001048,10,1,1,16094708,130019,Air Advantage,70,1,X,MI,88276b0cb3fffff
260639508001049,10,1,2,16094708,130019,Air Advantage,70,1,X,MI,88276b0c95fffff
260639508003019,10,1,1,16094708,130019,Air Advantage,70,1,X,MI,88276b0ca3fffff
260639508003031,10,1,3,16094708,130019,Air Advantage,70,1,X,MI,88276b0cb5fffff
260639508003032,10,1,7,16094708,130019,Air Advantage,70,1,X,MI,88276b0cb5fffff
260639508004007,10,1,1,16094708,130019,Air Advantage,70,1,X,MI,88276b3b3dfffff
260639508004011,10,1,3,16094708,130019,Air Advantage,70,1,R,MI,88276b396dfffff
260639508004012,10,1,1,16094708,130019,Air Advantage,70,1,X,MI,88276b0c95fffff
260639508004016,10,1,1,16094708,130019,Air Advantage,70,1,B,MI,88276b3943fffff
260639508004017,10,1,2,16094708,130019,Air Advantage,70,1,R,MI,88276b3969fffff
260639508004021,10,1,4,16094708,130019,Air Advantage,70,1,X,MI,88276b765dfffff
260639508004022,10,1,3,16094708,130019,Air Advantage,70,1,X,MI,88276b7643fffff
260639508004026,10,1,2,16094708,130019,Air Advantage,70,1,X,MI,88276b761dfffff
260639508004028,0,0,1,16094708,130019,Air Advantage,70,1,R,MI,88276b7653fffff
260639508004037,10,1,1,16094708,130019,Air Advantage,70,1,X,MI,88276b394bfffff
260639508004041,10,1,2,16094708,130019,Air Advantage,70,1,X,MI,88276b3953fffff
260639508004045,10,1,1,16094708,130019,Air Advantage,70,1,X,MI,88276b7615fffff
260639508005003,75,15,1,16094708,130019,Air Advantage,70,1,B,MI,88276b05b3fffff
260639508005010,10,1,2,16094708,130019,Air Advantage,70,1,X,MI,88276b3b69fffff
260639508005033,10,1,1,16094708,130019,Air Advantage,70,1,X,MI,88276b3b07fffff
260639508005034,10,1,1,16094708,130019,Air Advantage,70,1,X,MI,88276b3b11fffff
260639508005038,10,1,1,16094708,130019,Air Advantage,70,1,X,MI,88276b3a23fffff
260639508005043,10,1,2,16094708,130019,Air Advantage,70,1,X,MI,88276b3a01fffff
260639508005044,10,1,1,16094708,130019,Air Advantage,70,1,X,MI,88276b3a05fffff
260639508005047,10,1,6,16094708,130019,Air Advantage,70,1,X,MI,88276b3a63fffff
260639508005050,10,1,3,16094708,130019,Air Advantage,70,1,X,MI,88276b3a63fffff
260639508005051,10,1,2,16094708,130019,Air Advantage,70,1,X,MI,88276b3a63fffff
260639508005056,10,1,1,16094708,130019,Air Advantage,70,1,X,MI,88276b3a05fffff
260639508005061,10,1,1,16094708,130019,Air Advantage,70,1,X,MI,88276b3a05fffff
260639508005062,10,1,2,16094708,130019,Air Advantage,70,1,X,MI,88276b3a05fffff
260639508005063,10,1,1,16094708,130019,Air Advantage,70,1,X,MI,88276b3a05fffff
260639508005069,10,1,1,16094708,130019,Air Advantage,70,1,X,MI,88276b3a03fffff
260639508005073,10,1,2,16094708,130019,Air Advantage,70,1,X,MI,88276b3849fffff
260639508005074,10,1,2,16094708,130019,Air Advantage,70,1,X,MI,88276b3a27fffff
260639508005086,10,1,1,16094708,130019,Air Advantage,70,1,X,MI,88276b385bfffff
260639508005093,10,1,5,16094708,130019,Air Advantage,70,1,X,MI,88276b3a05fffff
260639508005094,10,1,2,16094708,130019,Air Advantage,70,1,X,MI,88276b3a05fffff
260639508005095,10,1,1,16094708,130019,Air Advantage,70,1,X,MI,88276b3a05fffff
260639508005096,10,1,2,16094708,130019,Air Advantage,70,1,X,MI,88276b3a05fffff
260639508005102,10,1,4,16094708,130019,Air Advantage,70,1,X,MI,88276b3aadfffff
260639509001015,0,0,1,16094708,130019,Air Advantage,70,1,R,MI,88276bae13fffff
260639509001018,10,1,1,16094708,130019,Air Advantage,70,1,X,MI,88276baec3fffff
260639509001019,10,1,1,16094708,130019,Air Advantage,70,1,X,MI,88276baec7fffff
260639509001020,0,0,1,16094708,130019,Air Advantage,70,1,R,MI,88276baeebfffff
260639509001024,10,1,3,16094708,130019,Air Advantage,70,1,X,MI,88276bae81fffff
260639509001024,100,20,1,16094708,130019,Air Advantage,70,1,R,MI,88276bae85fffff
260639509001025,10,1,2,16094708,130019,Air Advantage,70,1,X,MI,88276bae89fffff
260639509001026,10,1,2,16094708,130019,Air Advantage,70,1,X,MI,88276baed7fffff
260639509001027,10,1,5,16094708,130019,Air Advantage,70,1,X,MI,88276bae83fffff
260639509001028,10,1,3,16094708,130019,Air Advantage,70,1,X,MI,88276bae87fffff
260639509001032,100,20,1,16094708,130019,Air Advantage,70,1,R,MI,88276bac15fffff
260639509001035,10,1,1,16094708,130019,Air Advantage,70,1,X,MI,88276bac2dfffff
260639509001038,10,1,1,16094708,130019,Air Advantage,70,1,X,MI,88276bac61fffff
260639509001043,10,1,3,16094708,130019,Air Advantage,70,1,X,MI,88276badcdfffff
260639509001044,10,1,3,16094708,130019,Air Advantage,70,1,X,MI,88276badc1fffff
260639509001048,10,1,4,16094708,130019,Air Advantage,70,1,X,MI,88276bade3fffff
260639509001049,10,1,4,16094708,130019,Air Advantage,70,1,X,MI,88276bade1fffff
260639509001050,10,1,3,16094708,130019,Air Advantage,70,1,X,MI,88276bad85fffff
260639509001051,10,1,2,16094708,130019,Air Advantage,70,1,X,MI,88276bade7fffff
260639509001053,10,1,3,16094708,130019,Air Advantage,70,1,X,MI,88276bade5fffff
260639509001054,10,1,4,16094708,130019,Air Advantage,70,1,X,MI,88276bad33fffff
260639509001070,0,0,1,16094708,130019,Air Advantage,70,1,R,MI,88276bad47fffff
260639509001072,10,1,1,16094708,130019,Air Advantage,70,1,X,MI,88276bad03fffff
260639509001073,10,1,3,16094708,130019,Air Advantage,70,1,X,MI,88276bad1dfffff
260639509001077,10,1,3,16094708,130019,Air Advantage,70,1,X,MI,88276b32d5fffff
260639509001078,10,1,1,16094708,130019,Air Advantage,70,1,X,MI,88276b32d1fffff
260639509001088,10,1,1,16094708,130019,Air Advantage,70,1,X,MI,88276bae97fffff
260639509001089,10,1,1,16094708,130019,Air Advantage,70,1,X,MI,88276bae9bfffff
260639509001090,10,1,1,16094708,130019,Air Advantage,70,1,X,MI,88276bae93fffff
260639509001093,10,1,1,16094708,130019,Air Advantage,70,1,X,MI,88276badadfffff
260639509002000,10,1,3,16094708,130019,Air Advantage,70,1,X,MI,88276badcdfffff
260639509002003,10,1,3,16094708,130019,Air Advantage,70,1,X,MI,88276bad33fffff
260639509002004,50,10,1,16094708,130019,Air Advantage,70,1,B,MI,88276bad17fffff
260639509002005,10,1,1,16094708,130019,Air Advantage,70,1,X,MI,88276bad17fffff
260639509002006,10,1,2,16094708,130019,Air Advantage,70,1,X,MI,88276bad11fffff
260639509002008,10,1,1,16094708,130019,Air Advantage,70,1,X,MI,88276badcdfffff
260639509002009,10,1,1,16094708,130019,Air Advantage,70,1,X,MI,88276badcdfffff
260639509002020,10,1,1,16094708,130019,Air Advantage,70,1,X,MI,88276bad17fffff
260639509002021,10,1,2,16094708,130019,Air Advantage,70,1,X,MI,88276bad17fffff
260639509002022,10,1,2,16094708,130019,Air Advantage,70,1,X,MI,88276bade9fffff
260639509002031,10,1,2,16094708,130019,Air Advantage,70,1,X,MI,88276bad13fffff
260639509002033,10,1,1,16094708,130019,Air Advantage,70,1,X,MI,88276bad13fffff
260639509002038,10,1,1,16094708,130019,Air Advantage,70,1,X,MI,88276bade9fffff
260639509002039,10,1,4,16094708,130019,Air Advantage,70,1,X,MI,88276bade9fffff
260639509002041,10,1,6,16094708,130019,Air Advantage,70,1,X,MI,88276bade9fffff
260639509002042,10,1,5,16094708,130019,Air Advantage,70,1,X,MI,88276bade9fffff
260639509002044,10,1,1,16094708,130019,Air Advantage,70,1,X,MI,88276badc7fffff
260639509004052,10,1,1,16094708,130019,Air Advantage,70,1,R,MI,88276b3acdfffff
260639509004087,10,1,3,16094708,130019,Air Advantage,70,1,X,MI,88276b3a89fffff
260639510001003,10,1,3,16094708,130019,Air Advantage,70,1,X,MI,88276ba817fffff
260639510001004,10,1,1,16094708,130019,Air Advantage,70,1,X,MI,88276ba817fffff
260639510001007,10,1,2,16094708,130019,Air Advantage,70,1,X,MI,88276ba833fffff
260639510001009,10,1,3,16094708,130019,Air Advantage,70,1,X,MI,88276ba817fffff
260639510001016,10,1,2,16094708,130019,Air Advantage,70,1,X,MI,88276ba8c1fffff
260639510001017,0,0,1,16094708,130019,Air Advantage,70,1,R,MI,88276ba8c1fffff
260639510001017,10,1,12,16094708,130019,Air Advantage,70,1,X,MI,88276ba8c1fffff
260639510001019,10,1,33,16094708,130019,Air Advantage,70,1,X,MI,88276ba8c7fffff
260639510001020,10,1,11,16094708,130019,Air Advantage,70,1,X,MI,88276ba8ebfffff
260639510001021,10,1,9,16094708,130019,Air Advantage,70,1,X,MI,88276ba8ebfffff
260639510001024,10,1,1,16094708,130019,Air Advantage,70,1,X,MI,88276ba8ebfffff
260639510001025,10,1,12,16094708,130019,Air Advantage,70,1,X,MI,88276ba8ebfffff
260639510001027,10,1,8,16094708,130019,Air Advantage,70,1,X,MI,88276ba8ebfffff
260639510001028,10,1,11,16094708,130019,Air Advantage,70,1,X,MI,88276ba8ebfffff
260639510001029,10,1,8,16094708,130019,Air Advantage,70,1,X,MI,88276ba8ebfffff
260639510001032,10,1,1,16094708,130019,Air Advantage,70,1,X,MI,88276ba8e9fffff
260639510001034,10,1,7,16094708,130019,Air Advantage,70,1,X,MI,88276ba8e1fffff
260639510001036,10,1,1,16094708,130019,Air Advantage,70,1,X,MI,88276ba8e1fffff
260639510001045,10,1,7,16094708,130019,Air Advantage,70,1,X,MI,88276ba88dfffff
260639510001046,10,1,11,16094708,130019,Air Advantage,70,1,X,MI,88276ba88dfffff
260639510001047,10,1,18,16094708,130019,Air Advantage,70,1,X,MI,88276ba889fffff
260639510001048,10,1,27,16094708,130019,Air Advantage,70,1,X,MI,88276ba88dfffff
260639510001049,10,1,10,16094708,130019,Air Advantage,70,1,X,MI,88276ba88dfffff
260639510001050,10,1,2,16094708,130019,Air Advantage,70,1,X,MI,88276ba88dfffff
260639510001051,10,1,5,16094708,130019,Air Advantage,70,1,X,MI,88276ba88dfffff
260639510001053,10,1,5,16094708,130019,Air Advantage,70,1,X,MI,88276ba88dfffff
260639510001056,0,0,1,16094708,130019,Air Advantage,70,1,R,MI,88276ba881fffff
260639510001057,10,1,1,16094708,130019,Air Advantage,70,1,X,MI,88276ba889fffff
260639510002000,10,1,34,16094708,130019,Air Advantage,70,1,X,MI,88276ba8ebfffff
260639510002001,10,1,7,16094708,130019,Air Advantage,70,1,X,MI,88276ba8ebfffff
260639510002002,10,1,1,16094708,130019,Air Advantage,70,1,X,MI,88276ba88dfffff
260639510002004,10,1,4,16094708,130019,Air Advantage,70,1,X,MI,88276ba8ebfffff
260639510002005,10,1,5,16094708,130019,Air Advantage,70,1,X,MI,88276ba8ebfffff
260639510002006,10,1,2,16094708,130019,Air Advantage,70,1,X,MI,88276ba8ebfffff
260639510002007,10,1,4,16094708,130019,Air Advantage,70,1,X,MI,88276ba8e3fffff
260639510002008,10,1,8,16094708,130019,Air Advantage,70,1,X,MI,88276ba8e3fffff
260639510002009,10,1,5,16094708,130019,Air Advantage,70,1,X,MI,88276ba8e3fffff
260639510002010,10,1,10,16094708,130019,Air Advantage,70,1,X,MI,88276ba8e3fffff
260639510002011,10,1,3,16094708,130019,Air Advantage,70,1,X,MI,88276ba8ebfffff
260639510002012,10,1,12,16094708,130019,Air Advantage,70,1,X,MI,88276ba8e3fffff
260639510002013,10,1,1,16094708,130019,Air Advantage,70,1,X,MI,88276ba8ebfffff
260639510002014,10,1,6,16094708,130019,Air Advantage,70,1,X,MI,88276ba8e3fffff
260639510002015,10,1,6,16094708,130019,Air Advantage,70,1,X,MI,88276ba8e3fffff
260639510002016,10,1,17,16094708,130019,Air Advantage,70,1,X,MI,88276ba8e3fffff
260639510002017,10,1,7,16094708,130019,Air Advantage,70,1,X,MI,88276ba8e3fffff
260639510002018,10,1,12,16094708,130019,Air Advantage,70,1,X,MI,88276ba8e3fffff
260639510003000,10,1,2,16094708,130019,Air Advantage,70,1,X,MI,88276ba8e1fffff
260639510003001,10,1,1,16094708,130019,Air Advantage,70,1,X,MI,88276ba8e1fffff
260639510003003,100,100,1,16094708,130019,Air Advantage,70,1,B,MI,88276ba8e7fffff
260639510003007,10,1,1,16094708,130019,Air Advantage,70,1,X,MI,88276ba9dbfffff
260639510003010,10,1,1,16094708,130019,Air Advantage,70,1,X,MI,88276ba8e3fffff
260639510003011,10,1,5,16094708,130019,Air Advantage,70,1,X,MI,88276ba8e1fffff
260639510003013,10,1,1,16094708,130019,Air Advantage,70,1,X,MI,88276ba8e1fffff
260639510003015,10,1,1,16094708,130019,Air Advantage,70,1,X,MI,88276ba8e3fffff
260639510003016,10,1,2,16094708,130019,Air Advantage,70,1,X,MI,88276ba8e3fffff
260639510003017,10,1,4,16094708,130019,Air Advantage,70,1,X,MI,88276ba8e3fffff
260639510003018,10,1,7,16094708,130019,Air Advantage,70,1,X,MI,88276ba8e3fffff
260639510003019,10,1,13,16094708,130019,Air Advantage,70,1,X,MI,88276ba8e3fffff
260639510004000,10,1,7,16094708,130019,Air Advantage,70,1,X,MI,88276ba8e3fffff
260639510004003,10,1,9,16094708,130019,Air Advantage,70,1,X,MI,88276ba8e3fffff
260639510004004,10,1,19,16094708,130019,Air Advantage,70,1,X,MI,88276ba8e7fffff
260639510004012,10,1,2,16094708,130019,Air Advantage,70,1,X,MI,88276ba9dbfffff
260639510004014,10,1,1,16094708,130019,Air Advantage,70,1,X,MI,88276ba9dbfffff
260639510004020,10,1,5,16094708,130019,Air Advantage,70,1,X,MI,88276ba8a9fffff
260639510004023,10,1,6,16094708,130019,Air Advantage,70,1,X,MI,88276ba8a9fffff
260639510004025,10,1,3,16094708,130019,Air Advantage,70,1,X,MI,88276ba8e3fffff
260639510004028,100,100,1,16094708,130019,Air Advantage,70,1,B,MI,88276ba8a9fffff
260639510004029,10,1,1,16094708,130019,Air Advantage,70,1,X,MI,88276ba885fffff
260639510004030,10,1,1,16094708,130019,Air Advantage,70,1,X,MI,88276ba885fffff
260639510004031,10,1,2,16094708,130019,Air Advantage,70,1,X,MI,88276ba8e3fffff
260639511001016,10,1,2,16094708,130019,Air Advantage,70,1,X,MI,88276ba857fffff
260639511001017,10,1,4,16094708,130019,Air Advantage,70,1,X,MI,88276ba813fffff
260639511001018,10,1,1,16094708,130019,Air Advantage,70,1,X,MI,88276ba819fffff
260639511001019,10,1,1,16094708,130019,Air Advantage,70,1,X,MI,88276baaa7fffff
260639511001020,10,1,1,16094708,130019,Air Advantage,70,1,R,MI,88276baaa1fffff
260639511001032,10,1,1,16094708,130019,Air Advantage,70,1,X,MI,88276baaa3fffff
260639511001033,10,1,2,16094708,130019,Air Advantage,70,1,X,MI,88276ba8ddfffff
260639511001051,10,1,1,16094708,130019,Air Advantage,70,1,X,MI,88276ba8dbfffff
260639511001054,0,0,1,16094708,130019,Air Advantage,70,1,R,MI,88276baf2dfffff
260639511001065,10,1,1,16094708,130019,Air Advantage,70,1,X,MI,88276ba811fffff
260639511001066,100,20,1,16094708,130019,Air Advantage,70,1,B,MI,88276ba817fffff
260639511001067,10,1,1,16094708,130019,Air Advantage,70,1,X,MI,88276ba81bfffff
260639511002000,10,1,2,16094708,130019,Air Advantage,70,1,X,MI,88276ba803fffff
260639511002002,10,1,2,16094708,130019,Air Advantage,70,1,X,MI,88276ba803fffff
260639511002004,10,1,1,16094708,130019,Air Advantage,70,1,X,MI,88276ba831fffff
260639511002015,10,1,8,16094708,130019,Air Advantage,70,1,X,MI,88276ba831fffff
260639511002017,10,1,2,16094708,130019,Air Advantage,70,1,X,MI,88276ba931fffff
260639511002018,10,1,7,16094708,130019,Air Advantage,70,1,X,MI,88276ba9e5fffff
260639511002019,10,1,1,16094708,130019,Air Advantage,70,1,X,MI,88276ba933fffff
260639511002021,0,0,1,16094708,130019,Air Advantage,70,1,R,MI,88276ba9c5fffff
260639511002025,10,1,4,16094708,130019,Air Advantage,70,1,X,MI,88276ba9e5fffff
260639511002030,0,0,1,16094708,130019,Air Advantage,70,1,R,MI,88276ba9c7fffff
260639511002032,10,1,1,16094708,130019,Air Advantage,70,1,X,MI,88276ba833fffff
260639511002038,10,1,1,16094708,130019,Air Advantage,70,1,X,MI,88276ba9adfffff
260639511003004,10,1,1,16094708,130019,Air Advantage,70,1,X,MI,88276ba9adfffff
260639511003005,10,1,1,16094708,130019,Air Advantage,70,1,X,MI,88276ba9adfffff
260639511003015,10,1,7,16094708,130019,Air Advantage,70,1,X,MI,88276ba9d7fffff
260639511003016,10,1,5,16094708,130019,Air Advantage,70,1,X,MI,88276ba9d7fffff
260639511003017,10,1,5,16094708,130019,Air Advantage,70,1,X,MI,88276ba9dbfffff
260639511003018,10,1,1,16094708,130019,Air Advantage,70,1,X,MI,88276ba999fffff
260639511003019,10,1,2,16094708,130019,Air Advantage,70,1,X,MI,88276ba99dfffff
260639512001000,10,1,1,16094708,130019,Air Advantage,70,1,X,MI,88276ba2d1fffff
260639512001001,10,1,2,16094708,130019,Air Advantage,70,1,X,MI,88276ba2d7fffff
260639512001008,10,1,4,16094708,130019,Air Advantage,70,1,X,MI,88276bb5a5fffff
260639512001018,10,1,1,16094708,130019,Air Advantage,70,1,X,MI,88276ba293fffff
260639512001020,10,1,1,16094708,130019,Air Advantage,70,1,X,MI,88276bb5a5fffff
260639512001021,10,1,20,16094708,130019,Air Advantage,70,1,X,MI,88276bb5a5fffff
260639512001022,10,1,14,16094708,130019,Air Advantage,70,1,X,MI,88276bb5a5fffff
260639512001023,10,1,8,16094708,130019,Air Advantage,70,1,X,MI,88276bb5a5fffff
260639512001026,10,1,4,16094708,130019,Air Advantage,70,1,X,MI,88276bb5a7fffff
260639512001030,10,1,6,16094708,130019,Air Advantage,70,1,X,MI,88276ba749fffff
260639512001045,10,1,1,16094708,130019,Air Advantage,70,1,X,MI,88276bb5b3fffff
260639512002001,10,1,1,16094708,130019,Air Advantage,70,1,X,MI,88276bb5adfffff
260639512002003,10,1,3,16094708,130019,Air Advantage,70,1,X,MI,88276bb5a1fffff
260639512002004,10,1,1,16094708,130019,Air Advantage,70,1,X,MI,88276bb5a1fffff
260639512002005,10,1,3,16094708,130019,Air Advantage,70,1,X,MI,88276bb5a1fffff
260639512002007,10,1,4,16094708,130019,Air Advantage,70,1,X,MI,88276bb5a1fffff
260639512002008,10,1,4,16094708,130019,Air Advantage,70,1,X,MI,88276bb5a1fffff
260639512002009,10,1,5,16094708,130019,Air Advantage,70,1,X,MI,88276bb5a1fffff
260639512002010,10,1,7,16094708,130019,Air Advantage,70,1,X,MI,88276bb5a1fffff
260639512002011,10,1,5,16094708,130019,Air Advantage,70,1,X,MI,88276bb5a1fffff
260639512002012,10,1,28,16094708,130019,Air Advantage,70,1,X,MI,88276bb5a5fffff
260639512002013,10,1,8,16094708,130019,Air Advantage,70,1,X,MI,88276bb5a1fffff
260639512002014,10,1,10,16094708,130019,Air Advantage,70,1,X,MI,88276bb5a1fffff
260639512002015,10,1,7,16094708,130019,Air Advantage,70,1,X,MI,88276bb5a1fffff
260639512002016,10,1,4,16094708,130019,Air Advantage,70,1,X,MI,88276bb5a1fffff
260639512002017,10,1,6,16094708,130019,Air Advantage,70,1,X,MI,88276bb5a1fffff
260639512002018,10,1,3,16094708,130019,Air Advantage,70,1,X,MI,88276bb5a7fffff
260639512002019,10,1,6,16094708,130019,Air Advantage,70,1,X,MI,88276bb5a7fffff
260639512002020,10,1,3,16094708,130019,Air Advantage,70,1,X,MI,88276bb5a1fffff
260639512002021,10,1,6,16094708,130019,Air Advantage,70,1,X,MI,88276bb5a1fffff
260639512002022,10,1,23,16094708,130019,Air Advantage,70,1,X,MI,88276bb5a1fffff
260639512003030,10,1,1,16094708,130019,Air Advantage,70,1,X,MI,88276ba51dfffff
260639512003031,10,1,4,16094708,130019,Air Advantage,70,1,X,MI,88276ba515fffff
260639512003032,10,1,3,16094708,130019,Air Advantage,70,1,X,MI,88276ba539fffff
260639512003039,0,0,1,16094708,130019,Air Advantage,70,1,R,MI,88276ba421fffff
260639512003040,10,1,1,16094708,130019,Air Advantage,70,1,X,MI,88276ba517fffff
260639512003041,10,1,1,16094708,130019,Air Advantage,70,1,X,MI,88276ba515fffff
260639512003042,10,1,2,16094708,130019,Air Advantage,70,1,X,MI,88276ba531fffff
260639512003047,0,0,1,16094708,130019,Air Advantage,70,1,R,MI,88276ba431fffff
260639512003051,10,1,3,16094708,130019,Air Advantage,70,1,R,MI,88276ba517fffff
260639512003052,10,1,2,16094708,130019,Air Advantage,70,1,X,MI,88276ba517fffff
260639512003054,10,1,15,16094708,130019,Air Advantage,70,1,X,MI,88276ba5e5fffff
260639512003056,10,1,1,16094708,130019,Air Advantage,70,1,X,MI,88276ba5cdfffff
260639512003057,10,1,1,16094708,130019,Air Advantage,70,1,X,MI,88276ba5cdfffff
260639512003058,10,1,1,16094708,130019,Air Advantage,70,1,X,MI,88276ba5c7fffff
260639512003059,10,1,2,16094708,130019,Air Advantage,70,1,X,MI,88276ba5c7fffff
260639512003061,10,1,2,16094708,130019,Air Advantage,70,1,X,MI,88276ba5ddfffff
260639512003063,0,0,1,16094708,130019,Air Advantage,70,1,R,MI,88276ba433fffff
260639512003069,10,1,2,16094708,130019,Air Advantage,70,1,X,MI,88276ba5c7fffff
260639512003070,10,1,2,16094708,130019,Air Advantage,70,1,X,MI,88276ba581fffff
260639512003071,10,1,17,16094708,130019,Air Advantage,70,1,X,MI,88276ba5adfffff
260639512003072,10,1,1,16094708,130019,Air Advantage,70,1,X,MI,88276ba5e7fffff
260639512003073,10,1,11,16094708,130019,Air Advantage,70,1,X,MI,88276baedbfffff
260639512003074,10,1,3,16094708,130019,Air Advantage,70,1,X,MI,88276ba5e5fffff
260639512003075,10,1,1,16094708,130019,Air Advantage,70,1,X,MI,88276baeddfffff
260639512003077,10,1,2,16094708,130019,Air Advantage,70,1,X,MI,88276ba5a1fffff
260639512003078,10,1,8,16094708,130019,Air Advantage,70,1,X,MI,88276ba5adfffff
260639512003082,0,0,1,16094708,130019,Air Advantage,70,1,R,MI,88276ba4adfffff
260639512003087,10,1,2,16094708,130019,Air Advantage,70,1,X,MI,88276ba5bdfffff
260639512003088,10,1,6,16094708,130019,Air Advantage,70,1,X,MI,88276ba5abfffff
260639512004017,10,1,3,16094708,130019,Air Advantage,70,1,X,MI,88276bb5e7fffff
260639512004018,10,1,1,16094708,130019,Air Advantage,70,1,X,MI,88276bb5abfffff
260639512004022,10,1,6,16094708,130019,Air Advantage,70,1,X,MI,88276bb5abfffff
260639512004025,10,1,3,16094708,130019,Air Advantage,70,1,X,MI,88276bb5a1fffff
260639512004030,10,1,16,16094708,130019,Air Advantage,70,1,X,MI,88276bb5a3fffff
260639512004031,10,1,7,16094708,130019,Air Advantage,70,1,X,MI,88276bb5a1fffff
260639512004032,10,1,5,16094708,130019,Air Advantage,70,1,X,MI,88276bb5a1fffff
260639512004033,10,1,8,16094708,130019,Air Advantage,70,1,X,MI,88276bb5a1fffff
260639512004034,10,1,2,16094708,130019,Air Advantage,70,1,X,MI,88276bb5a1fffff
260639512004035,10,1,1,16094708,130019,Air Advantage,70,1,X,MI,88276bb5a1fffff
260639512004036,10,1,2,16094708,130019,Air Advantage,70,1,X,MI,88276bb5a1fffff
260639512004037,10,1,8,16094708,130019,Air Advantage,70,1,X,MI,88276bb5a1fffff
260639512004038,10,1,1,16094708,130019,Air Advantage,70,1,X,MI,88276bb5abfffff
260639512004039,10,1,1,16094708,130019,Air Advantage,70,1,X,MI,88276bb5a1fffff
260639512004040,10,1,2,16094708,130019,Air Advantage,70,1,X,MI,88276bb5a1fffff
260639512004041,10,1,1,16094708,130019,Air Advantage,70,1,X,MI,88276bb5a1fffff
260639512004045,10,1,2,16094708,130019,Air Advantage,70,1,X,MI,88276bb5a3fffff
260639512004046,10,1,2,16094708,130019,Air Advantage,70,1,X,MI,88276bb5b5fffff
260639512004047,10,1,10,16094708,130019,Air Advantage,70,1,X,MI,88276bb5a3fffff
260639512004048,10,1,5,16094708,130019,Air Advantage,70,1,X,MI,88276bb5a3fffff
260873300001007,0,0,1,16094708,130019,Air Advantage,70,1,R,MI,882ab65831fffff
260873300001019,0,0,1,16094708,130019,Air Advantage,70,1,R,MI,882ab658c3fffff
260873300001021,250,40,1,16094708,130019,Air Advantage,70,1,B,MI,882ab658e1fffff
260873300001036,0,0,1,16094708,130019,Air Advantage,70,1,R,MI,882ab64329fffff
260873300001045,10,1,1,16094708,130019,Air Advantage,70,1,X,MI,882ab64149fffff
260873300002001,10,1,7,16094708,130019,Air Advantage,70,1,X,MI,882ab64335fffff
260873300002003,0,0,1,16094708,130019,Air Advantage,70,1,R,MI,882ab64141fffff
260873300002003,10,1,2,16094708,130019,Air Advantage,70,1,R,MI,882ab64143fffff
260873300002004,10,1,2,16094708,130019,Air Advantage,70,1,X,MI,882ab64147fffff
260873300002013,10,1,3,16094708,130019,Air Advantage,70,1,X,MI,882ab64121fffff
260873300002014,10,1,1,16094708,130019,Air Advantage,70,1,X,MI,882ab64121fffff
260873300002016,10,1,3,16094708,130019,Air Advantage,70,1,X,MI,882ab6415dfffff
260873300002017,10,1,6,16094708,130019,Air Advantage,70,1,X,MI,882ab64159fffff
260873300002017,100,20,1,16094708,130019,Air Advantage,70,1,B,MI,882ab64159fffff
260873300002021,10,1,2,16094708,130019,Air Advantage,70,1,X,MI,882ab64159fffff
260873300002023,10,1,1,16094708,130019,Air Advantage,70,1,X,MI,882ab6402dfffff
260873300002025,10,1,2,16094708,130019,Air Advantage,70,1,X,MI,882ab64139fffff
260873300002026,10,1,2,16094708,130019,Air Advantage,70,1,X,MI,882ab6412bfffff
260873300002028,10,1,4,16094708,130019,Air Advantage,70,1,X,MI,882ab64ac9fffff
260873300002037,0,0,1,16094708,130019,Air Advantage,70,1,R,MI,882ab641edfffff
260873300002037,10,1,4,16094708,130019,Air Advantage,70,1,X,MI,882ab641edfffff
260873300002038,10,1,3,16094708,130019,Air Advantage,70,1,X,MI,882ab641edfffff
260873300002041,10,1,3,16094708,130019,Air Advantage,70,1,X,MI,882ab64ac7fffff
260873300003006,0,0,1,16094708,130019,Air Advantage,70,1,R,MI,882ab641e5fffff
260873300003013,10,1,3,16094708,130019,Air Advantage,70,1,X,MI,882ab64ac7fffff
260873300003014,10,1,1,16094708,130019,Air Advantage,70,1,X,MI,882ab64ac7fffff
260873300003018,0,0,1,16094708,130019,Air Advantage,70,1,R,MI,882ab641a1fffff
260873300003018,10,1,1,16094708,130019,Air Advantage,70,1,X,MI,882ab641a1fffff
260873300003026,10,1,3,16094708,130019,Air Advantage,70,1,X,MI,882ab64f41fffff
260873300003027,0,0,1,16094708,130019,Air Advantage,70,1,R,MI,882ab64a93fffff
260873300003029,10,1,1,16094708,130019,Air Advantage,70,1,X,MI,882ab64a83fffff
260873300003030,0,0,1,16094708,130019,Air Advantage,70,1,R,MI,882ab64f69fffff
260873300003030,10,1,1,16094708,130019,Air Advantage,70,1,X,MI,882ab64a93fffff
260873300003031,10,1,6,16094708,130019,Air Advantage,70,1,X,MI,882ab64f45fffff
260873300003032,10,1,1,16094708,130019,Air Advantage,70,1,X,MI,882ab64f63fffff
260873300003033,10,1,1,16094708,130019,Air Advantage,70,1,R,MI,882ab64f47fffff
260873300003034,10,1,4,16094708,130019,Air Advantage,70,1,B,MI,882ab64f43fffff
260873300003044,10,1,1,16094708,130019,Air Advantage,70,1,X,MI,882ab64f0dfffff
260873300003045,10,1,5,16094708,130019,Air Advantage,70,1,X,MI,882ab64f53fffff
260873300003046,0,0,1,16094708,130019,Air Advantage,70,1,R,MI,882ab64e6dfffff
260873300003056,0,0,1,16094708,130019,Air Advantage,70,1,R,MI,882ab64e6dfffff
260873300003058,10,1,1,16094708,130019,Air Advantage,70,1,X,MI,882ab64f29fffff
260873305001001,0,0,3,16094708,130019,Air Advantage,70,1,R,MI,882ab65b33fffff
260873305001003,10,1,10,16094708,130019,Air Advantage,70,1,X,MI,882ab65941fffff
260873305001004,10,1,15,16094708,130019,Air Advantage,70,1,X,MI,882ab65941fffff
260873305001008,10,1,3,16094708,130019,Air Advantage,70,1,X,MI,882ab6596bfffff
260873305001010,10,1,1,16094708,130019,Air Advantage,70,1,X,MI,882ab65965fffff
260873305001012,10,1,2,16094708,130019,Air Advantage,70,1,X,MI,88274d965bfffff
260873305001013,10,1,3,16094708,130019,Air Advantage,70,1,X,MI,88274d965bfffff
260873305001014,10,1,2,16094708,130019,Air Advantage,70,1,X,MI,882ab65963fffff
260873305001015,10,1,4,16094708,130019,Air Advantage,70,1,X,MI,882ab65967fffff
260873305001016,10,1,2,16094708,130019,Air Advantage,70,1,X,MI,88274d965bfffff
260873305001017,10,1,1,16094708,130019,Air Advantage,70,1,X,MI,88274d965bfffff
260873305001020,10,1,1,16094708,130019,Air Advantage,70,1,X,MI,882ab65921fffff
260873305001021,10,1,5,16094708,130019,Air Advantage,70,1,X,MI,882ab65921fffff
260873305001022,10,1,1,16094708,130019,Air Advantage,70,1,X,MI,882ab65907fffff
260873305001023,10,1,3,16094708,130019,Air Advantage,70,1,X,MI,882ab65963fffff
260873305001024,10,1,1,16094708,130019,Air Advantage,70,1,X,MI,882ab6590dfffff
260873305001026,10,1,2,16094708,130019,Air Advantage,70,1,X,MI,882ab65909fffff
260873305001028,10,1,1,16094708,130019,Air Advantage,70,1,X,MI,882ab65909fffff
260873305001029,10,1,1,16094708,130019,Air Advantage,70,1,X,MI,882ab65909fffff
260873305001030,10,1,9,16094708,130019,Air Advantage,70,1,X,MI,882ab65909fffff
260873305001031,10,1,6,16094708,130019,Air Advantage,70,1,X,MI,882ab65909fffff
260873305001033,10,1,4,16094708,130019,Air Advantage,70,1,X,MI,882ab65909fffff
260873305001034,10,1,3,16094708,130019,Air Advantage,70,1,X,MI,882ab65909fffff
260873305001035,10,1,4,16094708,130019,Air Advantage,70,1,X,MI,882ab65909fffff
260873305001036,10,1,7,16094708,130019,Air Advantage,70,1,X,MI,882ab65909fffff
260873305001042,0,0,1,16094708,130019,Air Advantage,70,1,R,MI,882ab65865fffff
260873305001043,0,0,1,16094708,130019,Air Advantage,70,1,R,MI,882ab65865fffff
260873305001045,0,0,1,16094708,130019,Air Advantage,70,1,R,MI,882ab65863fffff
260873305001046,10,1,3,16094708,130019,Air Advantage,70,1,X,MI,882ab65909fffff
260873305001047,10,1,2,16094708,130019,Air Advantage,70,1,X,MI,882ab65909fffff
260873305001048,10,1,3,16094708,130019,Air Advantage,70,1,X,MI,882ab65909fffff
260873305001050,0,0,1,16094708,130019,Air Advantage,70,1,R,MI,882ab6582dfffff
260873305001053,0,0,2,16094708,130019,Air Advantage,70,1,R,MI,882ab6595bfffff
260873305001056,0,0,1,16094708,130019,Air Advantage,70,1,R,MI,882ab6590bfffff
260873305001058,0,0,1,16094708,130019,Air Advantage,70,1,R,MI,882ab65829fffff
260873305001060,0,0,2,16094708,130019,Air Advantage,70,1,R,MI,882ab65827fffff
260873305001069,10,1,2,16094708,130019,Air Advantage,70,1,X,MI,882ab65907fffff
260873305001070,10,1,2,16094708,130019,Air Advantage,70,1,X,MI,882ab65939fffff
260873305001072,10,1,1,16094708,130019,Air Advantage,70,1,X,MI,882ab6593dfffff
260873305001075,10,1,4,16094708,130019,Air Advantage,70,1,X,MI,882ab65923fffff
260873305001076,0,0,2,16094708,130019,Air Advantage,70,1,R,MI,88274d965bfffff
260873305001077,10,1,2,16094708,130019,Air Advantage,70,1,X,MI,882ab65927fffff
260873305001082,0,0,1,16094708,130019,Air Advantage,70,1,R,MI,88274d96c3fffff
260873305001098,0,0,1,16094708,130019,Air Advantage,70,1,R,MI,882ab659a7fffff
260873305001104,0,0,1,16094708,130019,Air Advantage,70,1,R,MI,882ab659d1fffff
260873305002009,0,0,1,16094708,130019,Air Advantage,70,1,R,MI,88274d9629fffff
260873305002011,0,0,1,16094708,130019,Air Advantage,70,1,R,MI,88274d9625fffff
260873305002015,0,0,1,16094708,130019,Air Advantage,70,1,R,MI,88274d973bfffff
260873305002015,10,1,1,16094708,130019,Air Advantage,70,1,X,MI,88274d946dfffff
260873305002017,0,0,1,16094708,130019,Air Advantage,70,1,R,MI,88274d9621fffff
260873305002018,0,0,1,16094708,130019,Air Advantage,70,1,R,MI,88274d9463fffff
260873305002018,10,1,4,16094708,130019,Air Advantage,70,1,X,MI,88274d9465fffff
260873305002019,0,0,1,16094708,130019,Air Advantage,70,1,R,MI,88274d946bfffff
260873305002019,10,1,3,16094708,130019,Air Advantage,70,1,X,MI,88274d940dfffff
260873305002027,0,0,1,16094708,130019,Air Advantage,70,1,R,MI,88274d961dfffff
260873305002032,0,0,1,16094708,130019,Air Advantage,70,1,R,MI,88274d944bfffff
260873305002034,0,0,1,16094708,130019,Air Advantage,70,1,R,MI,88274d944bfffff
260873305002034,10,1,4,16094708,130019,Air Advantage,70,1,X,MI,88274d9441fffff
260873305002035,0,0,1,16094708,130019,Air Advantage,70,1,R,MI,88274d9405fffff
260873305002035,10,1,5,16094708,130019,Air Advantage,70,1,X,MI,88274d9409fffff
260873305002036,0,0,2,16094708,130019,Air Advantage,70,1,R,MI,88274d9429fffff
260873305002036,10,1,1,16094708,130019,Air Advantage,70,1,X,MI,88274d9405fffff
260873305002038,10,1,1,16094708,130019,Air Advantage,70,1,X,MI,88274d9407fffff
260873305002039,10,1,3,16094708,130019,Air Advantage,70,1,X,MI,88274d940bfffff
260873305002043,10,1,8,16094708,130019,Air Advantage,70,1,X,MI,88274d9403fffff
260873305002044,10,1,6,16094708,130019,Air Advantage,70,1,X,MI,88274d9403fffff
260873305002045,10,1,3,16094708,130019,Air Advantage,70,1,X,MI,88274d943dfffff
260873305002049,10,1,1,16094708,130019,Air Advantage,70,1,X,MI,88274d943bfffff
260873305002052,0,0,1,16094708,130019,Air Advantage,70,1,R,MI,88274d941bfffff
260873305002059,0,0,1,16094708,130019,Air Advantage,70,1,R,MI,88274d9687fffff
260873305002060,0,0,1,16094708,130019,Air Advantage,70,1,R,MI,88274d96abfffff
260873305002066,0,0,2,16094708,130019,Air Advantage,70,1,R,MI,88274d94cdfffff
260873305002066,10,1,3,16094708,130019,Air Advantage,70,1,X,MI,88274d94cdfffff
260873305002070,0,0,1,16094708,130019,Air Advantage,70,1,R,MI,88274d96b1fffff
260873305002070,10,1,1,16094708,130019,Air Advantage,70,1,X,MI,88274d94cbfffff
260873310001025,0,0,1,16094708,130019,Air Advantage,70,1,R,MI,88274d95bdfffff
260873310001029,0,0,1,16094708,130019,Air Advantage,70,1,R,MI,88274d8759fffff
260873315002006,0,0,1,16094708,130019,Air Advantage,70,1,R,MI,88274d95bbfffff
260873315002007,0,0,2,16094708,130019,Air Advantage,70,1,R,MI,88274d9595fffff
260873315002023,0,0,1,16094708,130019,Air Advantage,70,1,R,MI,88274d8627fffff
260873315002042,0,0,1,16094708,130019,Air Advantage,70,1,R,MI,88274d8623fffff
260873320002000,0,0,1,16094708,130019,Air Advantage,70,1,R,MI,88274d96b7fffff
260873320002007,0,0,2,16094708,130019,Air Advantage,70,1,R,MI,88274d94ddfffff
260873320002008,10,1,1,16094708,130019,Air Advantage,70,1,X,MI,88274d94d9fffff
260873320002009,10,1,1,16094708,130019,Air Advantage,70,1,X,MI,88274d94d9fffff
260873320002013,10,1,16,16094708,130019,Air Advantage,70,1,X,MI,882ab64b21fffff
260873320002014,10,1,3,16094708,130019,Air Advantage,70,1,X,MI,882ab64b21fffff
260873320002015,10,1,1,16094708,130019,Air Advantage,70,1,X,MI,882ab64b21fffff
260873320002016,10,1,2,16094708,130019,Air Advantage,70,1,X,MI,882ab64b21fffff
260873320002017,10,1,10,16094708,130019,Air Advantage,70,1,X,MI,882ab64b21fffff
260873320002019,0,0,1,16094708,130019,Air Advantage,70,1,R,MI,882ab64b27fffff
260873320002019,10,1,7,16094708,130019,Air Advantage,70,1,R,MI,882ab64b27fffff
260873320002020,10,1,5,16094708,130019,Air Advantage,70,1,X,MI,882ab64b21fffff
260873320002022,10,1,7,16094708,130019,Air Advantage,70,1,X,MI,882ab64b21fffff
260873320003000,0,0,2,16094708,130019,Air Advantage,70,1,R,MI,882ab6495dfffff
260873320003001,0,0,1,16094708,130019,Air Advantage,70,1,R,MI,882ab64945fffff
260873320003004,0,0,1,16094708,130019,Air Advantage,70,1,R,MI,882ab64963fffff
260873320003010,0,0,1,16094708,130019,Air Advantage,70,1,R,MI,882ab64923fffff
260873320003023,0,0,1,16094708,130019,Air Advantage,70,1,R,MI,882ab64905fffff
260873320003025,0,0,1,16094708,130019,Air Advantage,70,1,R,MI,882ab6491dfffff
260873320004004,0,0,1,16094708,130019,Air Advantage,70,1,R,MI,88274d94b7fffff
260873320004027,0,0,1,16094708,130019,Air Advantage,70,1,R,MI,882ab64967fffff
260873325001051,0,0,1,16094708,130019,Air Advantage,70,1,R,MI,882ab64b43fffff
260873325001053,0,0,1,16094708,130019,Air Advantage,70,1,R,MI,882ab64b09fffff
260873325001059,10,1,1,16094708,130019,Air Advantage,70,1,X,MI,882ab64b63fffff
260873325002008,10,1,1,16094708,130019,Air Advantage,70,1,X,MI,882ab64b3dfffff
260873325002014,0,0,3,16094708,130019,Air Advantage,70,1,R,MI,882ab64b33fffff
260873325003006,0,0,1,16094708,130019,Air Advantage,70,1,R,MI,882ab64a07fffff
260873325003008,0,0,1,16094708,130019,Air Advantage,70,1,R,MI,882ab64a39fffff
260873325003014,0,0,1,16094708,130019,Air Advantage,70,1,R,MI,882ab6485dfffff
260873330001005,0,0,1,16094708,130019,Air Advantage,70,1,R,MI,882ab64827fffff
260873330001018,0,0,1,16094708,130019,Air Advantage,70,1,R,MI,882ab6499bfffff
260873330001018,10,1,3,16094708,130019,Air Advantage,70,1,X,MI,882ab64991fffff
260873330001019,10,1,10,16094708,130019,Air Advantage,70,1,X,MI,882ab6499dfffff
260873330001022,10,1,3,16094708,130019,Air Advantage,70,1,X,MI,882ab64995fffff
260873330001023,0,0,1,16094708,130019,Air Advantage,70,1,R,MI,88274db269fffff
260873330001023,10,1,2,16094708,130019,Air Advantage,70,1,X,MI,882ab64991fffff
260873330002002,0,0,1,16094708,130019,Air Advantage,70,1,R,MI,882ab64aadfffff
260873330002020,0,0,1,16094708,130019,Air Advantage,70,1,R,MI,882ab648c5fffff
260873330002022,0,0,1,16094708,130019,Air Advantage,70,1,R,MI,882ab648ebfffff
260873330002035,0,0,1,16094708,130019,Air Advantage,70,1,R,MI,882ab648d9fffff
260873330002038,0,0,1,16094708,130019,Air Advantage,70,1,R,MI,882ab64d4dfffff
260873330002038,10,1,2,16094708,130019,Air Advantage,70,1,X,MI,882ab64d45fffff
260873330002040,0,0,1,16094708,130019,Air Advantage,70,1,R,MI,882ab64881fffff
260873330002043,0,0,1,16094708,130019,Air Advantage,70,1,B,MI,882ab64881fffff
260873330002045,10,1,4,16094708,130019,Air Advantage,70,1,X,MI,882ab64d45fffff
260873330002049,10,1,1,16094708,130019,Air Advantage,70,1,X,MI,882ab64d41fffff
260873335003001,10,1,3,16094708,130019,Air Advantage,70,1,X,MI,882ab649b1fffff
260873335003014,0,0,1,16094708,130019,Air Advantage,70,1,R,MI,882ab649a7fffff
260873335003014,10,1,7,16094708,130019,Air Advantage,70,1,X,MI,882ab649b5fffff
260873335003016,10,1,2,16094708,130019,Air Advantage,70,1,X,MI,88274db265fffff
260873335003019,10,1,3,16094708,130019,Air Advantage,70,1,X,MI,882ab649b5fffff
260873335003020,10,1,1,16094708,130019,Air Advantage,70,1,X,MI,88274db359fffff
260873340001000,0,0,1,16094708,130019,Air Advantage,70,1,R,MI,88274d86abfffff
260873340002010,0,0,1,16094708,130019,Air Advantage,70,1,R,MI,88274d84dbfffff
260873345002005,0,0,1,16094708,130019,Air Advantage,70,1,R,MI,88274d8455fffff
260873345002006,0,0,1,16094708,130019,Air Advantage,70,1,R,MI,88274d840bfffff
260873345002008,0,0,1,16094708,130019,Air Advantage,70,1,R,MI,88274d840bfffff
260873360001033,0,0,1,16094708,130019,Air Advantage,70,1,R,MI,88274dba5bfffff
260873380001073,0,0,1,16094708,130019,Air Advantage,70,1,R,MI,88274db031fffff
260873380001082,0,0,1,16094708,130019,Air Advantage,70,1,R,MI,88274db039fffff
260873385001000,10,1,14,16094708,130019,Air Advantage,70,1,X,MI,882ab64d41fffff
260873385001003,10,1,8,16094708,130019,Air Advantage,70,1,X,MI,882ab64d61fffff
260873385001031,10,1,2,16094708,130019,Air Advantage,70,1,X,MI,882ab64d0dfffff
260873385001032,10,1,3,16094708,130019,Air Advantage,70,1,X,MI,882ab64d0dfffff
260873385001033,10,1,10,16094708,130019,Air Advantage,70,1,X,MI,882ab64d0dfffff
260873385001034,10,1,3,16094708,130019,Air Advantage,70,1,X,MI,882ab64d09fffff
260873385001054,0,0,1,16094708,130019,Air Advantage,70,1,R,MI,882ab64d15fffff
260873390001007,10,1,3,16094708,130019,Air Advantage,70,1,X,MI,882ab64d43fffff
260873390001011,10,1,4,16094708,130019,Air Advantage,70,1,X,MI,882ab64d55fffff
260873390001012,10,1,2,16094708,130019,Air Advantage,70,1,X,MI,882ab64d55fffff
260873390001013,0,0,1,16094708,130019,Air Advantage,70,1,R,MI,882ab64d1dfffff
260873395001005,10,1,1,16094708,130019,Air Advantage,70,1,B,MI,882ab64c21fffff
260873395001021,100,20,1,16094708,130019,Air Advantage,70,1,B,MI,882ab64c21fffff
260873400001002,10,1,1,16094708,130019,Air Advantage,70,1,X,MI,88274db651fffff
260873400001004,10,1,1,16094708,130019,Air Advantage,70,1,X,MI,88274db657fffff
260873400001007,10,1,1,16094708,130019,Air Advantage,70,1,X,MI,882ab67939fffff
260873400001012,10,1,1,16094708,130019,Air Advantage,70,1,X,MI,882ab67925fffff
260873400001019,10,1,2,16094708,130019,Air Advantage,70,1,X,MI,882ab6793bfffff
260873400002007,0,0,1,16094708,130019,Air Advantage,70,1,R,MI,882ab64ca1fffff
260873400002015,10,1,2,16094708,130019,Air Advantage,70,1,X,MI,882ab6796bfffff
260873400002016,10,1,1,16094708,130019,Air Advantage,70,1,X,MI,88274db659fffff
260873400002017,10,1,1,16094708,130019,Air Advantage,70,1,X,MI,88274db659fffff
260873400002037,10,1,2,16094708,130019,Air Advantage,70,1,X,MI,88274db647fffff
260873400002038,10,1,4,16094708,130019,Air Advantage,70,1,X,MI,88274db645fffff
260873400002040,0,0,1,16094708,130019,Air Advantage,70,1,R,MI,882ab64d93fffff
260873400002042,10,1,7,16094708,130019,Air Advantage,70,1,X,MI,88274db647fffff
260873400003000,0,0,1,16094708,130019,Air Advantage,70,1,R,MI,88274db603fffff
260873400003000,10,1,6,16094708,130019,Air Advantage,70,1,X,MI,88274db615fffff
260873400003001,10,1,14,16094708,130019,Air Advantage,70,1,X,MI,88274db615fffff
260873400003002,10,1,2,16094708,130019,Air Advantage,70,1,X,MI,88274db639fffff
260873400003008,0,0,4,16094708,130019,Air Advantage,70,1,X,MI,88274db6e7fffff
260873400003008,10,1,2,16094708,130019,Air Advantage,70,1,R,MI,88274db6e1fffff
260873400003009,0,0,1,16094708,130019,Air Advantage,70,1,R,MI,88274db459fffff
260873400003011,0,0,1,16094708,130019,Air Advantage,70,1,R,MI,88274db635fffff
260873405001000,10,1,1,16094708,130019,Air Advantage,70,1,X,MI,88274db60bfffff
260873405001001,10,1,7,16094708,130019,Air Advantage,70,1,X,MI,88274db61dfffff
260873405001004,10,1,1,16094708,130019,Air Advantage,70,1,X,MI,88274db657fffff
260873405001005,10,1,2,16094708,130019,Air Advantage,70,1,X,MI,88274db60bfffff
260873405001006,10,1,10,16094708,130019,Air Advantage,70,1,X,MI,88274db619fffff
260873405001008,10,1,52,16094708,130019,Air Advantage,70,1,X,MI,88274db61dfffff
260873405001010,10,1,36,16094708,130019,Air Advantage,70,1,X,MI,88274db61dfffff
260873405001013,10,1,1,16094708,130019,Air Advantage,70,1,X,MI,88274db61dfffff
260873405001016,10,1,10,16094708,130019,Air Advantage,70,1,X,MI,88274db61dfffff
260873405001021,0,0,1,16094708,130019,Air Advantage,70,1,R,MI,88274db619fffff
260873405001021,10,1,2,16094708,130019,Air Advantage,70,1,X,MI,88274db619fffff
260873405001028,10,1,9,16094708,130019,Air Advantage,70,1,X,MI,88274db61dfffff
260873405001029,10,1,1,16094708,130019,Air Advantage,70,1,X,MI,88274db61dfffff
260873405001030,10,1,15,16094708,130019,Air Advantage,70,1,X,MI,88274db61dfffff
260873405002004,10,1,8,16094708,130019,Air Advantage,70,1,X,MI,882ab67927fffff
260873405002009,10,1,1,16094708,130019,Air Advantage,70,1,X,MI,88274db61bfffff
260873405002011,10,1,1,16094708,130019,Air Advantage,70,1,X,MI,88274db61bfffff
260873405002029,10,1,3,16094708,130019,Air Advantage,70,1,X,MI,882ab67927fffff
260873410003019,0,0,1,16094708,130019,Air Advantage,70,1,B,MI,88274db751fffff
260992100001001,10,1,2,16094708,130019,Air Advantage,70,1,X,MI,882ab67183fffff
260992100001003,10,1,8,16094708,130019,Air Advantage,70,1,X,MI,882ab671e3fffff
260992100001004,10,1,21,16094708,130019,Air Advantage,70,1,X,MI,882ab671a9fffff
260992100001005,10,1,14,16094708,130019,Air Advantage,70,1,X,MI,882ab671a9fffff
260992100001006,10,1,18,16094708,130019,Air Advantage,70,1,X,MI,882ab671a9fffff
260992100001007,10,1,4,16094708,130019,Air Advantage,70,1,X,MI,882ab671a9fffff
260992100001028,10,1,4,16094708,130019,Air Advantage,70,1,X,MI,882ab671adfffff
260992100001030,10,1,1,16094708,130019,Air Advantage,70,1,X,MI,882ab671adfffff
260992100001032,10,1,3,16094708,130019,Air Advantage,70,1,X,MI,882ab671a9fffff
260992100001033,10,1,5,16094708,130019,Air Advantage,70,1,X,MI,882ab671a1fffff
260992100001034,10,1,3,16094708,130019,Air Advantage,70,1,X,MI,882ab671a1fffff
260992100001036,10,1,2,16094708,130019,Air Advantage,70,1,X,MI,882ab671adfffff
260992100001078,10,1,1,16094708,130019,Air Advantage,70,1,X,MI,882ab671bdfffff
260992100001080,10,1,2,16094708,130019,Air Advantage,70,1,X,MI,882ab671b1fffff
260992100001081,10,1,4,16094708,130019,Air Advantage,70,1,X,MI,882ab671b1fffff
260992100001082,10,1,2,16094708,130019,Air Advantage,70,1,X,MI,882ab671b1fffff
260992100001089,10,1,1,16094708,130019,Air Advantage,70,1,X,MI,882ab671b3fffff
260992100001090,10,1,2,16094708,130019,Air Advantage,70,1,X,MI,882ab671b5fffff
260992100001095,10,1,1,16094708,130019,Air Advantage,70,1,X,MI,882ab671a9fffff
260992110001013,10,1,1,16094708,130019,Air Advantage,70,1,B,MI,882ab66041fffff
260992120003007,10,1,1,16094708,130019,Air Advantage,70,1,X,MI,882ab6799bfffff
260992120003010,10,1,1,16094708,130019,Air Advantage,70,1,R,MI,882ab679bbfffff
260992140001000,10,1,1,16094708,130019,Air Advantage,70,1,R,MI,882ab679adfffff
260992140001004,10,1,10,16094708,130019,Air Advantage,70,1,X,MI,88274db6d5fffff
260992140001010,10,1,7,16094708,130019,Air Advantage,70,1,X,MI,88274db691fffff
260992140001011,10,1,6,16094708,130019,Air Advantage,70,1,X,MI,88274db691fffff
260992140001033,10,1,2,16094708,130019,Air Advantage,70,1,X,MI,882ab66b0dfffff
260992145001000,10,1,2,16094708,130019,Air Advantage,70,1,X,MI,88274db683fffff
260992145001002,0,0,2,16094708,130019,Air Advantage,70,1,X,MI,88274db687fffff
260992145001002,10,1,8,16094708,130019,Air Advantage,70,1,X,MI,88274db6bdfffff
260992145001003,0,0,1,16094708,130019,Air Advantage,70,1,X,MI,88274db687fffff
260992145001003,10,1,3,16094708,130019,Air Advantage,70,1,X,MI,88274db687fffff
260992145001004,0,0,2,16094708,130019,Air Advantage,70,1,X,MI,88274db6abfffff
260992145001004,10,1,1,16094708,130019,Air Advantage,70,1,R,MI,88274db6abfffff
260992145001004,30,10,1,16094708,130019,Air Advantage,70,1,B,MI,88274db68dfffff
260992145001006,0,0,1,16094708,130019,Air Advantage,70,1,R,MI,88274db6a1fffff
260992145001010,0,0,2,16094708,130019,Air Advantage,70,1,X,MI,88274db6abfffff
260992145001010,10,1,1,16094708,130019,Air Advantage,70,1,X,MI,88274db6bdfffff
260992145001011,10,1,1,16094708,130019,Air Advantage,70,1,X,MI,88274db6bdfffff
260992145001015,0,0,1,16094708,130019,Air Advantage,70,1,X,MI,88274db4cdfffff
260992145001019,10,1,11,16094708,130019,Air Advantage,70,1,X,MI,88274db6b9fffff
260992145001020,10,1,3,16094708,130019,Air Advantage,70,1,X,MI,88274db6bdfffff
260992145001021,0,0,2,16094708,130019,Air Advantage,70,1,R,MI,88274db4c9fffff
260992145001021,10,1,16,16094708,130019,Air Advantage,70,1,X,MI,88274db6b5fffff
260992145001022,10,1,3,16094708,130019,Air Advantage,70,1,X,MI,88274db6bdfffff
260992145001027,10,1,20,16094708,130019,Air Advantage,70,1,X,MI,882ab66b6dfffff
260992145001029,10,1,3,16094708,130019,Air Advantage,70,1,X,MI,882ab66b6dfffff
260992145001030,10,1,1,16094708,130019,Air Advantage,70,1,X,MI,882ab66b6dfffff
260992145001032,10,1,17,16094708,130019,Air Advantage,70,1,X,MI,882ab66b61fffff
260992145001033,10,1,7,16094708,130019,Air Advantage,70,1,X,MI,882ab66b61fffff
260992145001034,10,1,2,16094708,130019,Air Advantage,70,1,X,MI,882ab66b63fffff
260992145001035,10,1,1,16094708,130019,Air Advantage,70,1,X,MI,882ab66b67fffff
260992145003000,10,1,2,16094708,130019,Air Advantage,70,1,X,MI,882ab66b63fffff
260992145003001,10,1,2,16094708,130019,Air Advantage,70,1,R,MI,882ab66b21fffff
260992145004006,10,1,5,16094708,130019,Air Advantage,70,1,X,MI,882ab66b65fffff
260992145004023,10,1,3,16094708,130019,Air Advantage,70,1,X,MI,882ab66b65fffff
260992145004024,10,1,1,16094708,130019,Air Advantage,70,1,X,MI,882ab66b67fffff
261251200003006,0,0,2,16094708,130019,Air Advantage,70,1,X,MI,88274db437fffff
261251200003007,0,0,1,16094708,130019,Air Advantage,70,1,R,MI,88274db437fffff
261251200003009,0,0,3,16094708,130019,Air Advantage,70,1,X,MI,88274db5ddfffff
261251200003010,0,0,3,16094708,130019,Air Advantage,70,1,X,MI,88274db5cbfffff
261251203003000,0,0,1,16094708,130019,Air Advantage,70,1,X,MI,88274db423fffff
261251203003005,0,0,1,16094708,130019,Air Advantage,70,1,X,MI,88274db5c9fffff
261251203003006,0,0,2,16094708,130019,Air Advantage,70,1,X,MI,88274db589fffff
261251203003008,0,0,2,16094708,130019,Air Advantage,70,1,X,MI,88274db5ddfffff
261251203003010,0,0,1,16094708,130019,Air Advantage,70,1,X,MI,88274db5cbfffff
261251203003018,0,0,1,16094708,130019,Air Advantage,70,1,X,MI,88274db5d7fffff
261251203003021,0,0,1,16094708,130019,Air Advantage,70,1,X,MI,88274db5d5fffff
261251203003023,0,0,3,16094708,130019,Air Advantage,70,1,X,MI,88274db595fffff
261450019001007,10,1,1,16094708,130019,Air Advantage,70,1,B,MI,88274dd283fffff
261450102002053,100,100,1,16094708,130019,Air Advantage,70,1,B,MI,88274dd255fffff
261450102002058,100,100,1,16094708,130019,Air Advantage,70,1,B,MI,88274dd213fffff
261450102002062,100,100,1,16094708,130019,Air Advantage,70,1,B,MI,88274dd213fffff
261450107002010,100,20,1,16094708,130019,Air Advantage,70,1,R,MI,88274dd28bfffff
261450108002057,10,1,1,16094708,130019,Air Advantage,70,1,X,MI,88276b6d11fffff
261450108003008,10,1,5,16094708,130019,Air Advantage,70,1,X,MI,88276b6dc7fffff
261450108003009,10,1,8,16094708,130019,Air Advantage,70,1,X,MI,88276b6de9fffff
261450108003010,10,1,1,16094708,130019,Air Advantage,70,1,X,MI,88276b6debfffff
261450111001018,10,1,1,16094708,130019,Air Advantage,70,1,X,MI,88276b6c3dfffff
261450111001019,10,1,1,16094708,130019,Air Advantage,70,1,X,MI,88276b6c05fffff
261450111001023,10,1,1,16094708,130019,Air Advantage,70,1,X,MI,88276b6c0dfffff
261450111001024,10,1,1,16094708,130019,Air Advantage,70,1,X,MI,88276b6c0dfffff
261450111001025,10,1,1,16094708,130019,Air Advantage,70,1,X,MI,88276b6c0dfffff
261450111001026,10,1,4,16094708,130019,Air Advantage,70,1,X,MI,88276b6c03fffff
261450111001027,10,1,2,16094708,130019,Air Advantage,70,1,X,MI,88276b6c39fffff
261450111001031,10,1,18,16094708,130019,Air Advantage,70,1,X,MI,88276b6c31fffff
261450111001032,10,1,2,16094708,130019,Air Advantage,70,1,X,MI,88276b6c39fffff
261450111001034,10,1,4,16094708,130019,Air Advantage,70,1,X,MI,88276b6c33fffff
261450111001035,10,1,4,16094708,130019,Air Advantage,70,1,X,MI,88276b6c31fffff
261450111001037,10,1,8,16094708,130019,Air Advantage,70,1,X,MI,88276b6c31fffff
261450111001038,10,1,1,16094708,130019,Air Advantage,70,1,X,MI,88276b6c3dfffff
261450111001041,10,1,2,16094708,130019,Air Advantage,70,1,X,MI,88276b6ddbfffff
261450111001042,10,1,9,16094708,130019,Air Advantage,70,1,X,MI,88276b6ddbfffff
261450111001043,10,1,19,16094708,130019,Air Advantage,70,1,X,MI,88276b6ddbfffff
261450111001044,10,1,5,16094708,130019,Air Advantage,70,1,X,MI,88276b6dd1fffff
261450111001046,10,1,2,16094708,130019,Air Advantage,70,1,X,MI,88276b6dd9fffff
261450111001048,10,1,2,16094708,130019,Air Advantage,70,1,X,MI,88276b6dd1fffff
261450111001051,10,1,2,16094708,130019,Air Advantage,70,1,X,MI,88276b6dd5fffff
261450111001057,10,1,4,16094708,130019,Air Advantage,70,1,X,MI,88276b6dc7fffff
261450111001058,10,1,1,16094708,130019,Air Advantage,70,1,X,MI,88276b6d89fffff
261450111001071,10,1,1,16094708,130019,Air Advantage,70,1,X,MI,88276b6d99fffff
261450111001103,10,1,14,16094708,130019,Air Advantage,70,1,X,MI,88276b6dd9fffff
261450111001104,10,1,3,16094708,130019,Air Advantage,70,1,X,MI,88276b6dd9fffff
261450111001106,10,1,1,16094708,130019,Air Advantage,70,1,X,MI,88276b6ddbfffff
261450111001109,10,1,1,16094708,130019,Air Advantage,70,1,X,MI,88276b6dc3fffff
261450111001113,10,1,3,16094708,130019,Air Advantage,70,1,X,MI,88276b6dd1fffff
261450112001000,10,1,2,16094708,130019,Air Advantage,70,1,X,MI,88276b65adfffff
261450112001001,10,1,1,16094708,130019,Air Advantage,70,1,X,MI,88276b65a5fffff
261450112001008,10,1,1,16094708,130019,Air Advantage,70,1,X,MI,88276b6c19fffff
261450112001009,10,1,1,16094708,130019,Air Advantage,70,1,X,MI,88276b6c15fffff
261450112001025,10,1,1,16094708,130019,Air Advantage,70,1,X,MI,88276b6ce1fffff
261450112001027,10,1,1,16094708,130019,Air Advantage,70,1,X,MI,88276b6cedfffff
261450112001030,10,1,1,16094708,130019,Air Advantage,70,1,R,MI,88276b6c85fffff
261450112001031,10,1,1,16094708,130019,Air Advantage,70,1,R,MI,88276b6ca9fffff
261450112001037,0,0,1,16094708,130019,Air Advantage,70,1,R,MI,88274d9b6dfffff
261450112002000,100,20,1,16094708,130019,Air Advantage,70,1,R,MI,88274d9b49fffff
261450112002003,10,1,11,16094708,130019,Air Advantage,70,1,X,MI,88274d9b09fffff
261450112002005,0,0,1,16094708,130019,Air Advantage,70,1,R,MI,88274d9b05fffff
261450112002005,10,1,1,16094708,130019,Air Advantage,70,1,X,MI,88274d9b0dfffff
261450112002008,0,0,1,16094708,130019,Air Advantage,70,1,R,MI,88276b6cdbfffff
261450112002022,10,1,5,16094708,130019,Air Advantage,70,1,X,MI,88274d9949fffff
261450112002025,10,1,1,16094708,130019,Air Advantage,70,1,X,MI,88274d9b01fffff
261450112002026,10,1,3,16094708,130019,Air Advantage,70,1,X,MI,88274d9b0bfffff
261450112002027,10,1,1,16094708,130019,Air Advantage,70,1,X,MI,88276b6c97fffff
261450112002033,10,1,10,16094708,130019,Air Advantage,70,1,X,MI,88274d9941fffff
261450112002034,10,1,3,16094708,130019,Air Advantage,70,1,X,MI,88274d9b31fffff
261450112002035,10,1,3,16094708,130019,Air Advantage,70,1,X,MI,88274d9b3dfffff
261450112002036,10,1,11,16094708,130019,Air Advantage,70,1,X,MI,88274d9b39fffff
261450112002037,10,1,1,16094708,130019,Air Advantage,70,1,X,MI,88276b6c97fffff
261450112002038,10,1,5,16094708,130019,Air Advantage,70,1,X,MI,88274d9947fffff
261450112002040,10,1,12,16094708,130019,Air Advantage,70,1,X,MI,88274d9969fffff
261450112002041,10,1,7,16094708,130019,Air Advantage,70,1,X,MI,88274d9969fffff
261450112002044,10,1,4,16094708,130019,Air Advantage,70,1,X,MI,88274d9b15fffff
261450112002045,10,1,4,16094708,130019,Air Advantage,70,1,X,MI,88274d9b3bfffff
261450113011000,10,1,6,16094708,130019,Air Advantage,70,1,X,MI,88274d99ebfffff
261450113011001,10,1,20,16094708,130019,Air Advantage,70,1,X,MI,88274d99ebfffff
261450113011002,10,1,12,16094708,130019,Air Advantage,70,1,X,MI,88274d99ebfffff
261450113011003,10,1,3,16094708,130019,Air Advantage,70,1,X,MI,88274d99ebfffff
261450113011004,10,1,1,16094708,130019,Air Advantage,70,1,X,MI,88274d99ebfffff
261450113011006,10,1,4,16094708,130019,Air Advantage,70,1,X,MI,88274d99e3fffff
261450113011010,10,1,7,16094708,130019,Air Advantage,70,1,X,MI,88274dd6dbfffff
261450113011011,10,1,1,16094708,130019,Air Advantage,70,1,X,MI,88274dd6dbfffff
261450113011012,10,1,1,16094708,130019,Air Advantage,70,1,X,MI,88274dd6d7fffff
261450113011012,100,20,1,16094708,130019,Air Advantage,70,1,R,MI,88274dd69dfffff
261450113011013,10,1,4,16094708,130019,Air Advantage,70,1,X,MI,88274dd6d5fffff
261450113011014,10,1,1,16094708,130019,Air Advantage,70,1,X,MI,88274dd6dbfffff
261450113011016,10,1,1,16094708,130019,Air Advantage,70,1,X,MI,88274d99e3fffff
261450113011019,10,1,1,16094708,130019,Air Advantage,70,1,X,MI,88274d99e3fffff
261450113011021,10,1,3,16094708,130019,Air Advantage,70,1,X,MI,88274d99e3fffff
261450113011022,10,1,4,16094708,130019,Air Advantage,70,1,X,MI,88274d99e3fffff
261450113011023,10,1,2,16094708,130019,Air Advantage,70,1,X,MI,88274d99e3fffff
261450113011024,10,1,4,16094708,130019,Air Advantage,70,1,X,MI,88274d99e3fffff
261450113011025,10,1,1,16094708,130019,Air Advantage,70,1,X,MI,88274d998dfffff
261450113011028,0,0,1,16094708,130019,Air Advantage,70,1,R,MI,88274d998dfffff
261450113011028,10,1,5,16094708,130019,Air Advantage,70,1,X,MI,88274d998dfffff
261450113011029,10,1,5,16094708,130019,Air Advantage,70,1,X,MI,88274d998dfffff
261450113011030,10,1,12,16094708,130019,Air Advantage,70,1,X,MI,88274d998dfffff
261450113011031,10,1,14,16094708,130019,Air Advantage,70,1,X,MI,88274d998dfffff
261450113011032,10,1,4,16094708,130019,Air Advantage,70,1,X,MI,88274d998dfffff
261450113011034,10,1,3,16094708,130019,Air Advantage,70,1,X,MI,88274d99e3fffff
261450113011035,10,1,2,16094708,130019,Air Advantage,70,1,X,MI,88274d99e3fffff
261450113011035,50,10,1,16094708,130019,Air Advantage,70,1,R,MI,88274d99e3fffff
261450113011038,10,1,2,16094708,130019,Air Advantage,70,1,X,MI,88274d99a1fffff
261450113011039,10,1,1,16094708,130019,Air Advantage,70,1,X,MI,88274d99a5fffff
261450113011042,10,1,11,16094708,130019,Air Advantage,70,1,X,MI,88274d99a9fffff
261450113011045,10,1,2,16094708,130019,Air Advantage,70,1,X,MI,88274d99e7fffff
261450113011047,10,1,9,16094708,130019,Air Advantage,70,1,X,MI,88274d9981fffff
261450113012000,10,1,2,16094708,130019,Air Advantage,70,1,X,MI,88274d99d1fffff
261450113012001,10,1,1,16094708,130019,Air Advantage,70,1,X,MI,88274d99c3fffff
261450113012002,10,1,1,16094708,130019,Air Advantage,70,1,X,MI,88274d99d5fffff
261450113012005,10,1,1,16094708,130019,Air Advantage,70,1,X,MI,88274d99c3fffff
261450113012007,10,1,1,16094708,130019,Air Advantage,70,1,X,MI,88274d99d5fffff
261450113012009,10,1,1,16094708,130019,Air Advantage,70,1,X,MI,88274d99d1fffff
261450113012013,10,1,2,16094708,130019,Air Advantage,70,1,X,MI,88274d99ddfffff
261450113012016,10,1,11,16094708,130019,Air Advantage,70,1,X,MI,88274d9981fffff
261450113012017,10,1,2,16094708,130019,Air Advantage,70,1,X,MI,88274d998bfffff
261450113012020,10,1,2,16094708,130019,Air Advantage,70,1,X,MI,88274d9981fffff
261450113012023,10,1,1,16094708,130019,Air Advantage,70,1,X,MI,88274d9981fffff
261450113012024,10,1,17,16094708,130019,Air Advantage,70,1,X,MI,88274d999dfffff
261450113012025,10,1,4,16094708,130019,Air Advantage,70,1,X,MI,88274d9983fffff
261450113012028,10,1,7,16094708,130019,Air Advantage,70,1,X,MI,88274d99d7fffff
261450113012030,10,1,2,16094708,130019,Air Advantage,70,1,X,MI,88274d9989fffff
261450113012031,10,1,1,16094708,130019,Air Advantage,70,1,X,MI,88274d99d5fffff
261450113012036,10,1,23,16094708,130019,Air Advantage,70,1,X,MI,88274d9987fffff
261450113012037,10,1,8,16094708,130019,Air Advantage,70,1,X,MI,88274d9981fffff
261450113012038,10,1,7,16094708,130019,Air Advantage,70,1,X,MI,88274d9987fffff
261450113012040,10,1,3,16094708,130019,Air Advantage,70,1,X,MI,88274d99abfffff
261450113012041,10,1,1,16094708,130019,Air Advantage,70,1,X,MI,88274d99abfffff
261450113012042,10,1,4,16094708,130019,Air Advantage,70,1,X,MI,88274d99a5fffff
261450113012047,10,1,1,16094708,130019,Air Advantage,70,1,X,MI,88274dd697fffff
261450113012049,10,1,3,16094708,130019,Air Advantage,70,1,X,MI,88274d99bdfffff
261450113012052,10,1,2,16094708,130019,Air Advantage,70,1,X,MI,88274d99b5fffff
261450113012053,10,1,5,16094708,130019,Air Advantage,70,1,X,MI,88274d99a3fffff
261450113012054,10,1,2,16094708,130019,Air Advantage,70,1,X,MI,88274d99b9fffff
261450113012056,10,1,5,16094708,130019,Air Advantage,70,1,X,MI,88274d8b4dfffff
261450113012059,10,1,7,16094708,130019,Air Advantage,70,1,X,MI,88274d9981fffff
261450113021000,10,1,2,16094708,130019,Air Advantage,70,1,X,MI,88274d99e9fffff
261450113021005,10,1,6,16094708,130019,Air Advantage,70,1,X,MI,88274d99c5fffff
261450113021008,10,1,1,16094708,130019,Air Advantage,70,1,X,MI,88274d99e9fffff
261450113021012,10,1,6,16094708,130019,Air Advantage,70,1,X,MI,88274d99ebfffff
261450113021013,10,1,9,16094708,130019,Air Advantage,70,1,X,MI,88274d99ebfffff
261450113021014,10,1,3,16094708,130019,Air Advantage,70,1,X,MI,88274d99ebfffff
261450113021015,10,1,5,16094708,130019,Air Advantage,70,1,X,MI,88274d99ebfffff
261450113021016,10,1,8,16094708,130019,Air Advantage,70,1,X,MI,88274d99ebfffff
261450113021017,10,1,7,16094708,130019,Air Advantage,70,1,X,MI,88274d99ebfffff
261450113021018,10,1,2,16094708,130019,Air Advantage,70,1,X,MI,88274d99ebfffff
261450113021019,10,1,29,16094708,130019,Air Advantage,70,1,X,MI,88274d99ebfffff
261450113021020,10,1,4,16094708,130019,Air Advantage,70,1,X,MI,88274d99ebfffff
261450113022001,10,1,4,16094708,130019,Air Advantage,70,1,X,MI,88274d9943fffff
261450113022004,10,1,1,16094708,130019,Air Advantage,70,1,X,MI,88274d9929fffff
261450113022005,10,1,1,16094708,130019,Air Advantage,70,1,X,MI,88274dd65bfffff
261450113022006,10,1,4,16094708,130019,Air Advantage,70,1,X,MI,88274d9927fffff
261450113022008,10,1,6,16094708,130019,Air Advantage,70,1,X,MI,88274d9907fffff
261450113022010,10,1,1,16094708,130019,Air Advantage,70,1,X,MI,88274d9901fffff
261450113022011,10,1,5,16094708,130019,Air Advantage,70,1,X,MI,88274d9957fffff
261450113022014,0,0,1,16094708,130019,Air Advantage,70,1,R,MI,88274dd6c9fffff
261450113022014,10,1,2,16094708,130019,Air Advantage,70,1,R,MI,88274dd6cbfffff
261450113022015,0,0,2,16094708,130019,Air Advantage,70,1,R,MI,88274dd6c9fffff
261450113022015,10,1,5,16094708,130019,Air Advantage,70,1,X,MI,88274dd6c9fffff
261450113022017,10,1,5,16094708,130019,Air Advantage,70,1,X,MI,88274dd6d5fffff
261450113022019,10,1,1,16094708,130019,Air Advantage,70,1,X,MI,88274dd6ddfffff
261450113022020,10,1,3,16094708,130019,Air Advantage,70,1,X,MI,88274dd6d9fffff
261450113022021,10,1,5,16094708,130019,Air Advantage,70,1,X,MI,88274d99edfffff
261450113022021,50,10,4,16094708,130019,Air Advantage,70,1,R,MI,88274d99edfffff
261450113022021,75,15,2,16094708,130019,Air Advantage,70,1,R,MI,88274d99edfffff
261450113022022,10,1,6,16094708,130019,Air Advantage,70,1,X,MI,88274d9931fffff
261450113022022,50,10,1,16094708,130019,Air Advantage,70,1,R,MI,88274d99edfffff
261450113022023,10,1,4,16094708,130019,Air Advantage,70,1,X,MI,88274d9919fffff
261450113022024,10,1,1,16094708,130019,Air Advantage,70,1,X,MI,88274d99edfffff
261450113022026,10,1,3,16094708,130019,Air Advantage,70,1,X,MI,88274d99e3fffff
261450113022026,50,10,1,16094708,130019,Air Advantage,70,1,R,MI,88274d99e1fffff
261450113022029,10,1,1,16094708,130019,Air Advantage,70,1,X,MI,88274d99e9fffff
261450113022030,10,1,6,16094708,130019,Air Advantage,70,1,X,MI,88274d99ebfffff
261450113022030,50,10,1,16094708,130019,Air Advantage,70,1,R,MI,88274d99e1fffff
261450113022031,75,15,1,16094708,130019,Air Advantage,70,1,R,MI,88274d99e1fffff
261450113022032,10,1,3,16094708,130019,Air Advantage,70,1,X,MI,88274d99e7fffff
261450113023000,10,1,1,16094708,130019,Air Advantage,70,1,X,MI,88274d986dfffff
261450113023001,10,1,1,16094708,130019,Air Advantage,70,1,X,MI,88274d995dfffff
261450113023002,10,1,3,16094708,130019,Air Advantage,70,1,X,MI,88274d995bfffff
261450113023003,10,1,1,16094708,130019,Air Advantage,70,1,X,MI,88274d9867fffff
261450113023004,10,1,6,16094708,130019,Air Advantage,70,1,X,MI,88274d9867fffff
261450113023005,10,1,6,16094708,130019,Air Advantage,70,1,X,MI,88274d9919fffff
261450113023006,10,1,3,16094708,130019,Air Advantage,70,1,X,MI,88274d991bfffff
261450113023008,10,1,5,16094708,130019,Air Advantage,70,1,X,MI,88274d99cbfffff
261450113023009,10,1,1,16094708,130019,Air Advantage,70,1,X,MI,88274d99c1fffff
261450113023013,10,1,1,16094708,130019,Air Advantage,70,1,X,MI,88274d99c7fffff
261450113023016,10,1,4,16094708,130019,Air Advantage,70,1,X,MI,88274d99cdfffff
261450113023017,10,1,6,16094708,130019,Air Advantage,70,1,X,MI,88274d99c7fffff
261450113023018,10,1,18,16094708,130019,Air Advantage,70,1,X,MI,88274d99c7fffff
261450113023019,10,1,14,16094708,130019,Air Advantage,70,1,X,MI,88274d99c7fffff
261450113023022,10,1,8,16094708,130019,Air Advantage,70,1,X,MI,88274d99c7fffff
261450113023023,10,1,2,16094708,130019,Air Advantage,70,1,X,MI,88274d99c7fffff
261450113023024,10,1,10,16094708,130019,Air Advantage,70,1,X,MI,88274d99c7fffff
261450113023025,10,1,3,16094708,130019,Air Advantage,70,1,X,MI,88274d99c7fffff
261450113023026,10,1,3,16094708,130019,Air Advantage,70,1,X,MI,88274d99c7fffff
261450113023028,10,1,2,16094708,130019,Air Advantage,70,1,X,MI,88274d998dfffff
261450113023029,10,1,16,16094708,130019,Air Advantage,70,1,X,MI,88274d99c7fffff
261450113023030,10,1,6,16094708,130019,Air Advantage,70,1,X,MI,88274d99c7fffff
261450113023031,10,1,14,16094708,130019,Air Advantage,70,1,X,MI,88274d99c7fffff
261450113023032,10,1,6,16094708,130019,Air Advantage,70,1,X,MI,88274d998dfffff
261450113023033,10,1,1,16094708,130019,Air Advantage,70,1,X,MI,88274d998dfffff
261450113023034,10,1,1,16094708,130019,Air Advantage,70,1,X,MI,88274d99c7fffff
261450113023035,10,1,1,16094708,130019,Air Advantage,70,1,X,MI,88274d99c7fffff
261450113023036,10,1,1,16094708,130019,Air Advantage,70,1,X,MI,88274d99c3fffff
261450117011019,10,1,2,16094708,130019,Air Advantage,70,1,X,MI,88274dd459fffff
261450117011020,0,0,1,16094708,130019,Air Advantage,70,1,R,MI,88274dd6e5fffff
261450117011020,10,1,3,16094708,130019,Air Advantage,70,1,X,MI,88274dd6e1fffff
261450117011021,10,1,1,16094708,130019,Air Advantage,70,1,X,MI,88274dd459fffff
261450117011022,10,1,9,16094708,130019,Air Advantage,70,1,X,MI,88274dd6e7fffff
261450117011023,10,1,3,16094708,130019,Air Advantage,70,1,X,MI,88274dd6a9fffff
261450117011024,10,1,4,16094708,130019,Air Advantage,70,1,X,MI,88274dd6a9fffff
261450117011028,10,1,7,16094708,130019,Air Advantage,70,1,X,MI,88274dd685fffff
261450117011029,10,1,6,16094708,130019,Air Advantage,70,1,X,MI,88274dd685fffff
261450117021009,0,0,1,16094708,130019,Air Advantage,70,1,B,MI,88274dd413fffff
261450117022021,250,40,1,16094708,130019,Air Advantage,70,1,R,MI,88274dd421fffff
261450117022038,10,1,3,16094708,130019,Air Advantage,70,1,X,MI,88274dd6abfffff
261450118001037,50,10,1,16094708,130019,Air Advantage,70,1,R,MI,88274dd55bfffff
261450130002016,50,10,1,16094708,130019,Air Advantage,70,1,B,MI,88274d8965fffff
261450130002019,10,1,3,16094708,130019,Air Advantage,70,1,X,MI,88274d8967fffff
261450130002021,10,1,6,16094708,130019,Air Advantage,70,1,X,MI,88274d8963fffff
261450130002021,50,10,1,16094708,130019,Air Advantage,70,1,R,MI,88274d8905fffff
261450130002022,10,1,1,16094708,130019,Air Advantage,70,1,X,MI,88274d8929fffff
261450130002023,10,1,5,16094708,130019,Air Advantage,70,1,X,MI,88274d892dfffff
261450130002024,10,1,1,16094708,130019,Air Advantage,70,1,X,MI,88274d8929fffff
261450130002026,10,1,1,16094708,130019,Air Advantage,70,1,X,MI,88274d892dfffff
261450130002026,50,10,1,16094708,130019,Air Advantage,70,1,R,MI,88274d8925fffff
261450130002040,50,10,1,16094708,130019,Air Advantage,70,1,R,MI,88274d8925fffff
261450130003011,10,1,1,16094708,130019,Air Advantage,70,1,X,MI,88274d8963fffff
261450130003011,75,15,1,16094708,130019,Air Advantage,70,1,R,MI,88274d8905fffff
261450130003012,50,10,1,16094708,130019,Air Advantage,70,1,R,MI,88274d8901fffff
261450130003013,50,10,1,16094708,130019,Air Advantage,70,1,R,MI,88274d890bfffff
261450130003015,50,10,2,16094708,130019,Air Advantage,70,1,R,MI,88274d8901fffff
261450130003015,75,15,2,16094708,130019,Air Advantage,70,1,R,MI,88274d8901fffff
261450130003016,10,1,1,16094708,130019,Air Advantage,70,1,X,MI,88274d8905fffff
261450131001006,10,1,3,16094708,130019,Air Advantage,70,1,X,MI,88274d8b15fffff
261450131001015,10,1,1,16094708,130019,Air Advantage,70,1,X,MI,88274d8b17fffff
261450131001017,10,1,5,16094708,130019,Air Advantage,70,1,X,MI,88274d8869fffff
261450131001028,10,1,4,16094708,130019,Air Advantage,70,1,X,MI,88274d886dfffff
261450131001029,10,1,1,16094708,130019,Air Advantage,70,1,X,MI,88274d8b17fffff
261450131001037,10,1,10,16094708,130019,Air Advantage,70,1,X,MI,88274d8b3bfffff
261450131001038,10,1,4,16094708,130019,Air Advantage,70,1,X,MI,88274d8b3bfffff
261450131001039,10,1,37,16094708,130019,Air Advantage,70,1,X,MI,88274d8b3bfffff
261450131001040,10,1,1,16094708,130019,Air Advantage,70,1,X,MI,88274d8b3bfffff
261450131001041,10,1,2,16094708,130019,Air Advantage,70,1,X,MI,88274d8b33fffff
261450131001042,10,1,15,16094708,130019,Air Advantage,70,1,X,MI,88274d8b33fffff
261450131001043,10,1,4,16094708,130019,Air Advantage,70,1,X,MI,88274d8b33fffff
261450131002001,10,1,1,16094708,130019,Air Advantage,70,1,X,MI,88274d8869fffff
261450131002006,10,1,7,16094708,130019,Air Advantage,70,1,X,MI,88274d886dfffff
261450131002007,10,1,8,16094708,130019,Air Advantage,70,1,X,MI,88274d8869fffff
261450131002008,10,1,16,16094708,130019,Air Advantage,70,1,X,MI,88274d886dfffff
261450131002009,10,1,21,16094708,130019,Air Advantage,70,1,X,MI,88274d886dfffff
261450131002010,10,1,10,16094708,130019,Air Advantage,70,1,X,MI,88274d886dfffff
261450131002023,10,1,1,16094708,130019,Air Advantage,70,1,X,MI,88274d8861fffff
261450131002025,10,1,1,16094708,130019,Air Advantage,70,1,X,MI,88274d8863fffff
261450131002039,50,10,2,16094708,130019,Air Advantage,70,1,R,MI,88274d8951fffff
261450131003002,10,1,1,16094708,130019,Air Advantage,70,1,X,MI,88274d884dfffff
261450131003003,10,1,1,16094708,130019,Air Advantage,70,1,X,MI,88274d8b13fffff
261450131003007,10,1,23,16094708,130019,Air Advantage,70,1,X,MI,88274d8847fffff
261450131003008,10,1,1,16094708,130019,Air Advantage,70,1,X,MI,88274d884dfffff
261450131003013,10,1,2,16094708,130019,Air Advantage,70,1,X,MI,88274d8847fffff
261450131004003,10,1,4,16094708,130019,Air Advantage,70,1,X,MI,88274d8a25fffff
261450131004007,10,1,6,16094708,130019,Air Advantage,70,1,X,MI,88274d8b1bfffff
261450131004008,10,1,2,16094708,130019,Air Advantage,70,1,X,MI,88274d8b13fffff
261450131004009,10,1,1,16094708,130019,Air Advantage,70,1,X,MI,88274d884dfffff
261450131004013,10,1,2,16094708,130019,Air Advantage,70,1,X,MI,88274d8b13fffff
261450131005000,10,1,1,16094708,130019,Air Advantage,70,1,X,MI,88274d999bfffff
261450131005002,10,1,4,16094708,130019,Air Advantage,70,1,X,MI,88274d99bbfffff
261450131005003,10,1,3,16094708,130019,Air Advantage,70,1,X,MI,88274d99bbfffff
261450131005004,10,1,3,16094708,130019,Air Advantage,70,1,X,MI,88274d99b9fffff
261450131005006,10,1,1,16094708,130019,Air Advantage,70,1,X,MI,88274d99b5fffff
261450131005007,10,1,4,16094708,130019,Air Advantage,70,1,X,MI,88274d8b49fffff
261450131005008,10,1,3,16094708,130019,Air Advantage,70,1,X,MI,88274dd693fffff
261450131005012,10,1,1,16094708,130019,Air Advantage,70,1,X,MI,88274d8b4bfffff
261450131005013,10,1,4,16094708,130019,Air Advantage,70,1,X,MI,88274d8b4bfffff
261450131005014,10,1,2,16094708,130019,Air Advantage,70,1,X,MI,88274d99b5fffff
261450131005015,10,1,3,16094708,130019,Air Advantage,70,1,X,MI,88274d99b5fffff
261450131005016,10,1,4,16094708,130019,Air Advantage,70,1,X,MI,88274d99b1fffff
261450131005017,10,1,2,16094708,130019,Air Advantage,70,1,X,MI,88274d9997fffff
261450131005018,10,1,2,16094708,130019,Air Advantage,70,1,X,MI,88274d9993fffff
261450131005025,10,1,2,16094708,130019,Air Advantage,70,1,X,MI,88274d8b69fffff
261450131005029,10,1,1,16094708,130019,Air Advantage,70,1,X,MI,88274d8b5dfffff
261476516003004,10,1,1,16094708,130019,Air Advantage,70,1,X,MI,882ab670e1fffff
261476516003005,10,1,1,16094708,130019,Air Advantage,70,1,X,MI,882ab670e5fffff
261476516003006,10,1,2,16094708,130019,Air Advantage,70,1,X,MI,882ab670e5fffff
261476516003007,10,1,1,16094708,130019,Air Advantage,70,1,X,MI,882ab670e5fffff
261476516003009,10,1,4,16094708,130019,Air Advantage,70,1,X,MI,882ab671dbfffff
261476516003010,10,1,3,16094708,130019,Air Advantage,70,1,X,MI,882ab67181fffff
261476516003011,10,1,4,16094708,130019,Air Advantage,70,1,X,MI,882ab6718bfffff
261476516003013,10,1,7,16094708,130019,Air Advantage,70,1,X,MI,882ab670e7fffff
261476516003019,10,1,1,16094708,130019,Air Advantage,70,1,X,MI,882ab670ebfffff
261476516003034,10,1,1,16094708,130019,Air Advantage,70,1,X,MI,882ab670a5fffff
261476516003038,10,1,4,16094708,130019,Air Advantage,70,1,X,MI,882ab6719dfffff
261476516003039,10,1,1,16094708,130019,Air Advantage,70,1,X,MI,882ab67183fffff
261476521002040,10,1,2,16094708,130019,Air Advantage,70,1,X,MI,882ab67367fffff
261476521002041,0,0,1,16094708,130019,Air Advantage,70,1,R,MI,882ab6734dfffff
261476521002048,10,1,2,16094708,130019,Air Advantage,70,1,X,MI,882ab6732dfffff
261476526002007,10,1,5,16094708,130019,Air Advantage,70,1,X,MI,882ab67323fffff
261476526002016,10,1,1,16094708,130019,Air Advantage,70,1,X,MI,882ab67323fffff
261476526002020,10,1,2,16094708,130019,Air Advantage,70,1,X,MI,882ab67335fffff
261476526002053,0,0,1,16094708,130019,Air Advantage,70,1,R,MI,882ab6700dfffff
261476526002063,0,0,2,16094708,130019,Air Advantage,70,1,B,MI,882ab6703bfffff
261476526002064,10,1,2,16094708,130019,Air Advantage,70,1,X,MI,882ab67031fffff
261476526002071,10,1,10,16094708,130019,Air Advantage,70,1,X,MI,882ab67031fffff
261476526002072,10,1,8,16094708,130019,Air Advantage,70,1,X,MI,882ab67033fffff
261476526002075,10,1,7,16094708,130019,Air Advantage,70,1,X,MI,882ab67189fffff
261476526002076,10,1,1,16094708,130019,Air Advantage,70,1,X,MI,882ab671c1fffff
261476526002077,10,1,2,16094708,130019,Air Advantage,70,1,X,MI,882ab671c7fffff
261476526002080,10,1,4,16094708,130019,Air Advantage,70,1,X,MI,882ab67033fffff
261476526002081,10,1,4,16094708,130019,Air Advantage,70,1,X,MI,882ab670e5fffff
261476526002083,10,1,4,16094708,130019,Air Advantage,70,1,X,MI,882ab671c7fffff
261476551001000,10,1,24,16094708,130019,Air Advantage,70,1,X,MI,882ab65597fffff
261476551001001,10,1,10,16094708,130019,Air Advantage,70,1,X,MI,882ab655bbfffff
261476551001002,10,1,5,16094708,130019,Air Advantage,70,1,X,MI,882ab655bbfffff
261476551001003,10,1,8,16094708,130019,Air Advantage,70,1,X,MI,882ab65595fffff
261476551001004,10,1,5,16094708,130019,Air Advantage,70,1,X,MI,882ab65595fffff
261476551001005,10,1,8,16094708,130019,Air Advantage,70,1,X,MI,882ab65597fffff
261476551001008,10,1,2,16094708,130019,Air Advantage,70,1,X,MI,882ab65597fffff
261476551001009,10,1,6,16094708,130019,Air Advantage,70,1,X,MI,882ab6466dfffff
261476551001010,10,1,3,16094708,130019,Air Advantage,70,1,X,MI,882ab65597fffff
261476551001011,10,1,2,16094708,130019,Air Advantage,70,1,X,MI,882ab655bbfffff
261476551001012,10,1,3,16094708,130019,Air Advantage,70,1,X,MI,882ab655bbfffff
261476551001014,10,1,7,16094708,130019,Air Advantage,70,1,X,MI,882ab655bbfffff
261476551001016,10,1,6,16094708,130019,Air Advantage,70,1,X,MI,882ab655bbfffff
261476551001018,10,1,6,16094708,130019,Air Advantage,70,1,X,MI,882ab655bbfffff
261476551001019,10,1,4,16094708,130019,Air Advantage,70,1,X,MI,882ab655bbfffff
261476551001020,10,1,6,16094708,130019,Air Advantage,70,1,X,MI,882ab655bbfffff
261476551001030,10,1,2,16094708,130019,Air Advantage,70,1,X,MI,882ab6466dfffff
261476551001031,10,1,2,16094708,130019,Air Advantage,70,1,X,MI,882ab6466dfffff
261476551001032,10,1,5,16094708,130019,Air Advantage,70,1,X,MI,882ab6466dfffff
261476551001034,10,1,3,16094708,130019,Air Advantage,70,1,X,MI,882ab6466dfffff
261476551001041,10,1,4,16094708,130019,Air Advantage,70,1,X,MI,882ab6466dfffff
261476551001042,0,0,1,16094708,130019,Air Advantage,70,1,R,MI,882ab6466dfffff
261476551001042,10,1,4,16094708,130019,Air Advantage,70,1,X,MI,882ab6466dfffff
261476551002002,0,0,1,16094708,130019,Air Advantage,70,1,R,MI,882ab640c9fffff
261476551003000,10,1,3,16094708,130019,Air Advantage,70,1,X,MI,882ab655d3fffff
261476551003012,10,1,1,16094708,130019,Air Advantage,70,1,X,MI,882ab65587fffff
261476551003013,10,1,2,16094708,130019,Air Advantage,70,1,X,MI,882ab65587fffff
261476551003014,10,1,1,16094708,130019,Air Advantage,70,1,X,MI,882ab655abfffff
261476551003018,10,1,1,16094708,130019,Air Advantage,70,1,X,MI,882ab655bdfffff
261476551003019,10,1,4,16094708,130019,Air Advantage,70,1,X,MI,882ab65587fffff
261476551003020,0,0,1,16094708,130019,Air Advantage,70,1,R,MI,882ab65583fffff
261476551003020,10,1,9,16094708,130019,Air Advantage,70,1,X,MI,882ab65591fffff
261476551003021,0,0,1,16094708,130019,Air Advantage,70,1,B,MI,882ab65599fffff
261476551003021,10,1,1,16094708,130019,Air Advantage,70,1,X,MI,882ab65591fffff
261476551003022,10,1,2,16094708,130019,Air Advantage,70,1,R,MI,882ab6559bfffff
261476551003031,10,1,1,16094708,130019,Air Advantage,70,1,X,MI,882ab655bdfffff
261476551003036,10,1,1,16094708,130019,Air Advantage,70,1,X,MI,882ab64665fffff
261476551003037,0,0,1,16094708,130019,Air Advantage,70,1,R,MI,882ab655b1fffff
261476551003053,0,0,1,16094708,130019,Air Advantage,70,1,R,MI,882ab64719fffff
261476551003055,10,1,1,16094708,130019,Air Advantage,70,1,R,MI,882ab6462dfffff
261476551003058,10,1,3,16094708,130019,Air Advantage,70,1,X,MI,882ab6466dfffff
261476551003062,10,1,2,16094708,130019,Air Advantage,70,1,X,MI,882ab64609fffff
261476551003064,10,1,1,16094708,130019,Air Advantage,70,1,X,MI,882ab65597fffff
261476551003067,10,1,1,16094708,130019,Air Advantage,70,1,X,MI,882ab64647fffff
261476551003068,10,1,7,16094708,130019,Air Advantage,70,1,X,MI,882ab64603fffff
261476551003074,10,1,5,16094708,130019,Air Advantage,70,1,R,MI,882ab64603fffff
261476551003075,10,1,1,16094708,130019,Air Advantage,70,1,X,MI,882ab64603fffff
261476551003076,10,1,2,16094708,130019,Air Advantage,70,1,X,MI,882ab64609fffff
261476551003082,0,0,2,16094708,130019,Air Advantage,70,1,R,MI,882ab64639fffff
261476551003090,0,0,2,16094708,130019,Air Advantage,70,1,R,MI,882ab6463dfffff
261476556002020,10,1,2,16094708,130019,Air Advantage,70,1,X,MI,882ab655d3fffff
261476556002023,0,0,1,16094708,130019,Air Advantage,70,1,R,MI,882ab65483fffff
261476556002031,0,0,1,16094708,130019,Air Advantage,70,1,R,MI,882ab60b0dfffff
261476556002035,0,0,1,16094708,130019,Air Advantage,70,1,R,MI,882ab6549dfffff
261476556002077,10,1,1,16094708,130019,Air Advantage,70,1,X,MI,882ab64655fffff
261476556003005,0,0,1,16094708,130019,Air Advantage,70,1,X,MI,882ab60849fffff
261476556003023,0,0,2,16094708,130019,Air Advantage,70,1,X,MI,882ab60841fffff
261476556003031,0,0,2,16094708,130019,Air Advantage,70,1,X,MI,882ab60a33fffff
261476571001000,10,1,9,16094708,130019,Air Advantage,70,1,X,MI,882ab64ed7fffff
261476571001002,10,1,4,16094708,130019,Air Advantage,70,1,X,MI,882ab64ed3fffff
261476571001008,10,1,2,16094708,130019,Air Advantage,70,1,X,MI,882ab64e99fffff
261476571001009,10,1,15,16094708,130019,Air Advantage,70,1,X,MI,882ab64e99fffff
261476571001010,10,1,6,16094708,130019,Air Advantage,70,1,X,MI,882ab64e99fffff
261476571001011,10,1,3,16094708,130019,Air Advantage,70,1,X,MI,882ab64e99fffff
261476571001014,10,1,6,16094708,130019,Air Advantage,70,1,X,MI,882ab64e99fffff
261476571001015,10,1,6,16094708,130019,Air Advantage,70,1,X,MI,882ab64e99fffff
261476571001023,10,1,7,16094708,130019,Air Advantage,70,1,X,MI,882ab64e9bfffff
261476571002004,250,40,1,16094708,130019,Air Advantage,70,1,B,MI,882ab64ed3fffff
261476571002010,10,1,4,16094708,130019,Air Advantage,70,1,X,MI,882ab645a5fffff
261476571002015,10,1,7,16094708,130019,Air Advantage,70,1,X,MI,882ab64e99fffff
261476571002016,10,1,4,16094708,130019,Air Advantage,70,1,X,MI,882ab64e99fffff
261476571002022,10,1,5,16094708,130019,Air Advantage,70,1,X,MI,882ab645a5fffff
261476571002023,10,1,13,16094708,130019,Air Advantage,70,1,X,MI,882ab64e99fffff
261476571002025,10,1,31,16094708,130019,Air Advantage,70,1,X,MI,882ab645a5fffff
261476571002026,10,1,3,16094708,130019,Air Advantage,70,1,X,MI,882ab645a5fffff
261476571002027,10,1,8,16094708,130019,Air Advantage,70,1,X,MI,882ab645a5fffff
261476571002028,10,1,13,16094708,130019,Air Advantage,70,1,X,MI,882ab645a5fffff
261476572001009,0,0,1,16094708,130019,Air Advantage,70,1,R,MI,882ab64ed9fffff
261476572001009,10,1,1,16094708,130019,Air Advantage,70,1,X,MI,882ab645e1fffff
261476572001011,10,1,9,16094708,130019,Air Advantage,70,1,X,MI,882ab645adfffff
261476572001013,10,1,3,16094708,130019,Air Advantage,70,1,X,MI,882ab645ebfffff
261476572001014,10,1,2,16094708,130019,Air Advantage,70,1,X,MI,882ab645ebfffff
261476572001017,10,1,5,16094708,130019,Air Advantage,70,1,X,MI,882ab645adfffff
261476572001018,10,1,1,16094708,130019,Air Advantage,70,1,X,MI,882ab645a5fffff
261476572001022,10,1,2,16094708,130019,Air Advantage,70,1,X,MI,882ab645a3fffff
261476572001024,10,1,2,16094708,130019,Air Advantage,70,1,X,MI,882ab645a7fffff
261476572002059,10,1,3,16094708,130019,Air Advantage,70,1,X,MI,882ab67947fffff
261476572002060,10,1,3,16094708,130019,Air Advantage,70,1,X,MI,882ab67951fffff
261476572002065,0,0,1,16094708,130019,Air Advantage,70,1,R,MI,882ab67b33fffff
261476572002067,10,1,1,16094708,130019,Air Advantage,70,1,X,MI,882ab67b33fffff
261476572002081,10,1,10,16094708,130019,Air Advantage,70,1,X,MI,882ab67959fffff
261476572002082,10,1,4,16094708,130019,Air Advantage,70,1,X,MI,882ab6795dfffff
261476572003006,10,1,4,16094708,130019,Air Advantage,70,1,X,MI,882ab67825fffff
261476572003009,10,1,2,16094708,130019,Air Advantage,70,1,X,MI,882ab67919fffff
261476572003010,10,1,1,16094708,130019,Air Advantage,70,1,X,MI,882ab67915fffff
261476572003013,10,1,4,16094708,130019,Air Advantage,70,1,X,MI,882ab6791bfffff
261476572003014,10,1,4,16094708,130019,Air Advantage,70,1,X,MI,882ab67825fffff
261476572004004,0,0,1,16094708,130019,Air Advantage,70,1,R,MI,882ab64e39fffff
261476572004015,0,0,2,16094708,130019,Air Advantage,70,1,R,MI,882ab64ea1fffff
261476572004018,10,1,5,16094708,130019,Air Advantage,70,1,X,MI,882ab64e97fffff
261476572004019,10,1,2,16094708,130019,Air Advantage,70,1,X,MI,882ab64e97fffff
261476572004024,10,1,2,16094708,130019,Air Advantage,70,1,X,MI,882ab64e93fffff
261476572004025,10,1,1,16094708,130019,Air Advantage,70,1,X,MI,882ab64e9bfffff
261476581002001,0,0,1,16094708,130019,Air Advantage,70,1,R,MI,882ab64489fffff
261476581002001,10,1,1,16094708,130019,Air Advantage,70,1,X,MI,882ab644d5fffff
261476581002016,10,1,1,16094708,130019,Air Advantage,70,1,X,MI,882ab644d5fffff
261476581002017,10,1,5,16094708,130019,Air Advantage,70,1,X,MI,882ab644d3fffff
261476581002020,10,1,1,16094708,130019,Air Advantage,70,1,X,MI,882ab6732dfffff
261476581002022,10,1,2,16094708,130019,Air Advantage,70,1,X,MI,882ab644d3fffff
261476581002023,10,1,4,16094708,130019,Air Advantage,70,1,X,MI,882ab6732dfffff
261476581002024,10,1,1,16094708,130019,Air Advantage,70,1,X,MI,882ab64499fffff
261476581002032,10,1,1,16094708,130019,Air Advantage,70,1,X,MI,882ab64499fffff
261476581002036,10,1,5,16094708,130019,Air Advantage,70,1,X,MI,882ab64499fffff
261476585002000,10,1,2,16094708,130019,Air Advantage,70,1,X,MI,882ab67321fffff
261476585002003,10,1,2,16094708,130019,Air Advantage,70,1,X,MI,882ab6449bfffff
261476585002021,10,1,1,16094708,130019,Air Advantage,70,1,X,MI,882ab6716dfffff
261476585002029,0,0,1,16094708,130019,Air Advantage,70,1,R,MI,882ab6714bfffff
261476585002037,10,1,2,16094708,130019,Air Advantage,70,1,X,MI,882ab67115fffff
261476585002040,10,1,6,16094708,130019,Air Advantage,70,1,X,MI,882ab67111fffff
261476585002041,10,1,6,16094708,130019,Air Advantage,70,1,X,MI,882ab67117fffff
261476585002042,10,1,1,16094708,130019,Air Advantage,70,1,X,MI,882ab67131fffff
261476585002044,10,1,1,16094708,130019,Air Advantage,70,1,X,MI,882ab67133fffff
261476585002046,10,1,5,16094708,130019,Air Advantage,70,1,X,MI,882ab671edfffff
261476585002047,10,1,2,16094708,130019,Air Advantage,70,1,X,MI,882ab671edfffff
261476585002049,10,1,15,16094708,130019,Air Advantage,70,1,X,MI,882ab67117fffff
261476585002050,10,1,1,16094708,130019,Air Advantage,70,1,X,MI,882ab67117fffff
261476585002051,10,1,5,16094708,130019,Air Advantage,70,1,X,MI,882ab671edfffff
261476585002052,10,1,1,16094708,130019,Air Advantage,70,1,X,MI,882ab671edfffff
261476585002053,10,1,3,16094708,130019,Air Advantage,70,1,X,MI,882ab671e1fffff
261476585002054,10,1,6,16094708,130019,Air Advantage,70,1,X,MI,882ab671ebfffff
261476585002055,10,1,40,16094708,130019,Air Advantage,70,1,X,MI,882ab671e7fffff
261476585002057,10,1,3,16094708,130019,Air Advantage,70,1,X,MI,882ab671e5fffff
261476585002060,10,1,3,16094708,130019,Air Advantage,70,1,X,MI,882ab671e5fffff
261476585002073,10,1,3,16094708,130019,Air Advantage,70,1,X,MI,882ab671e7fffff
261476585002075,10,1,7,16094708,130019,Air Advantage,70,1,X,MI,882ab671ebfffff
261476585002077,10,1,3,16094708,130019,Air Advantage,70,1,X,MI,882ab6718dfffff
261519701001015,0,0,1,16094708,130019,Air Advantage,70,1,R,MI,88276ba4bbfffff
261519701001019,10,1,2,16094708,130019,Air Advantage,70,1,X,MI,882ab6d169fffff
261519701001020,0,0,1,16094708,130019,Air Advantage,70,1,R,MI,882ab6d169fffff
261519701001020,10,1,2,16094708,130019,Air Advantage,70,1,X,MI,882ab6d169fffff
261519701001023,10,1,1,16094708,130019,Air Advantage,70,1,X,MI,882ab6d169fffff
261519701001027,10,1,1,16094708,130019,Air Advantage,70,1,X,MI,882ab6d169fffff
261519701001030,10,1,3,16094708,130019,Air Advantage,70,1,X,MI,882ab6d169fffff
261519701001034,10,1,1,16094708,130019,Air Advantage,70,1,X,MI,882ab6d16dfffff
261519701001044,10,1,2,16094708,130019,Air Advantage,70,1,X,MI,88276ba5b1fffff
261519701001045,10,1,3,16094708,130019,Air Advantage,70,1,X,MI,882ab6db4bfffff
261519701001046,10,1,2,16094708,130019,Air Advantage,70,1,X,MI,882ab6db43fffff
261519701001047,10,1,1,16094708,130019,Air Advantage,70,1,X,MI,882ab6db43fffff
261519701001055,0,0,1,16094708,130019,Air Advantage,70,1,R,MI,882ab6da29fffff
261519701001081,0,0,2,16094708,130019,Air Advantage,70,1,R,MI,882ab6d80dfffff
261519701001108,0,0,1,16094708,130019,Air Advantage,70,1,R,MI,882ab6da17fffff
261519701002001,10,1,3,16094708,130019,Air Advantage,70,1,X,MI,882ab6c04bfffff
261519701002008,0,0,1,16094708,130019,Air Advantage,70,1,R,MI,882ab6d1b7fffff
261519701002022,10,1,1,16094708,130019,Air Advantage,70,1,X,MI,882ab6c04bfffff
261519702001001,0,0,1,16094708,130019,Air Advantage,70,1,R,MI,882ab6db31fffff
261519702001061,10,1,1,16094708,130019,Air Advantage,70,1,X,MI,882ab6d99bfffff
261519702001075,10,1,3,16094708,130019,Air Advantage,70,1,X,MI,882ab6ca45fffff
261519702002000,10,1,2,16094708,130019,Air Advantage,70,1,X,MI,88276bae93fffff
261519702002007,0,0,1,16094708,130019,Air Advantage,70,1,R,MI,88276bace3fffff
261519702002010,10,1,2,16094708,130019,Air Advantage,70,1,X,MI,88276bad9dfffff
261519702002013,10,1,3,16094708,130019,Air Advantage,70,1,X,MI,88276b374dfffff
261519702002020,10,1,2,16094708,130019,Air Advantage,70,1,X,MI,88276bad95fffff
261519703004024,100,20,1,16094708,130019,Air Advantage,70,1,R,MI,882ab6c9e1fffff
261519703004048,10,1,1,16094708,130019,Air Advantage,70,1,X,MI,882ab6c9ebfffff
261519704001011,10,1,1,16094708,130019,Air Advantage,70,1,R,MI,882ab6d8c7fffff
261519704001018,10,1,3,16094708,130019,Air Advantage,70,1,X,MI,882ab6d887fffff
261519704001027,10,1,1,16094708,130019,Air Advantage,70,1,X,MI,882ab6d99bfffff
261519704001028,10,1,1,16094708,130019,Air Advantage,70,1,X,MI,882ab6d99bfffff
261519704001029,10,1,1,16094708,130019,Air Advantage,70,1,X,MI,882ab6d8abfffff
261519704001031,10,1,2,16094708,130019,Air Advantage,70,1,X,MI,882ab6d887fffff
261519704002000,10,1,3,16094708,130019,Air Advantage,70,1,X,MI,882ab6d8bdfffff
261519704002006,10,1,3,16094708,130019,Air Advantage,70,1,X,MI,882ab6ca49fffff
261519704002007,10,1,1,16094708,130019,Air Advantage,70,1,X,MI,882ab6ca4bfffff
261519704002008,10,1,14,16094708,130019,Air Advantage,70,1,X,MI,882ab6ca49fffff
261519704002013,10,1,9,16094708,130019,Air Advantage,70,1,X,MI,882ab6ca41fffff
261519704002014,10,1,5,16094708,130019,Air Advantage,70,1,X,MI,882ab6ca4bfffff
261519704002017,10,1,6,16094708,130019,Air Advantage,70,1,X,MI,882ab6ca4bfffff
261519704002020,10,1,9,16094708,130019,Air Advantage,70,1,X,MI,882ab6ca4bfffff
261519704002021,10,1,8,16094708,130019,Air Advantage,70,1,X,MI,882ab6ca4bfffff
261519704002023,10,1,1,16094708,130019,Air Advantage,70,1,X,MI,882ab6ca59fffff
261519704002026,10,1,1,16094708,130019,Air Advantage,70,1,X,MI,882ab6ca47fffff
261519704002029,10,1,8,16094708,130019,Air Advantage,70,1,X,MI,882ab6ca41fffff
261519704002030,10,1,9,16094708,130019,Air Advantage,70,1,X,MI,882ab6ca41fffff
261519704003021,0,0,1,16094708,130019,Air Advantage,70,1,R,MI,882ab6cf63fffff
261519704003031,0,0,2,16094708,130019,Air Advantage,70,1,R,MI,882ab6ce25fffff
261519704003045,10,1,1,16094708,130019,Air Advantage,70,1,X,MI,882ab6ce37fffff
261519704003046,10,1,1,16094708,130019,Air Advantage,70,1,X,MI,882ab6ce37fffff
261519704003047,10,1,1,16094708,130019,Air Advantage,70,1,X,MI,882ab6ce37fffff
261519704003050,10,1,8,16094708,130019,Air Advantage,70,1,X,MI,882ab6ce37fffff
261519704003052,10,1,1,16094708,130019,Air Advantage,70,1,X,MI,882ab6cc4bfffff
261519704003054,10,1,3,16094708,130019,Air Advantage,70,1,X,MI,882ab6cc4bfffff
261519704003055,10,1,1,16094708,130019,Air Advantage,70,1,X,MI,882ab6cc49fffff
261519704003058,0,0,1,16094708,130019,Air Advantage,70,1,R,MI,882ab6cc6bfffff
261519704003061,10,1,1,16094708,130019,Air Advantage,70,1,X,MI,882ab6cf17fffff
261519704003073,10,1,10,16094708,130019,Air Advantage,70,1,X,MI,882ab6cc5dfffff
261519704003074,10,1,4,16094708,130019,Air Advantage,70,1,X,MI,882ab6cc5dfffff
261519704003075,10,1,1,16094708,130019,Air Advantage,70,1,X,MI,882ab6cc5dfffff
261519704003078,10,1,2,16094708,130019,Air Advantage,70,1,X,MI,882ab6cc59fffff
261519704003081,10,1,4,16094708,130019,Air Advantage,70,1,X,MI,882ab6cc43fffff
261519704003082,10,1,7,16094708,130019,Air Advantage,70,1,X,MI,882ab6cc47fffff
261519704003086,10,1,5,16094708,130019,Air Advantage,70,1,X,MI,882ab6cc47fffff
261519704003088,10,1,3,16094708,130019,Air Advantage,70,1,X,MI,882ab6cc61fffff
261519704003105,10,1,1,16094708,130019,Air Advantage,70,1,X,MI,882ab6cc67fffff
261519704004003,10,1,1,16094708,130019,Air Advantage,70,1,X,MI,882ab6c165fffff
261519704004011,10,1,2,16094708,130019,Air Advantage,70,1,X,MI,882ab6ca09fffff
261519704004071,0,0,1,16094708,130019,Air Advantage,70,1,R,MI,882ab6ca9dfffff
261519704004086,0,0,1,16094708,130019,Air Advantage,70,1,B,MI,882ab6cab9fffff
261519705001007,0,0,1,16094708,130019,Air Advantage,70,1,R,MI,882ab6c0b7fffff
261519705001029,0,0,1,16094708,130019,Air Advantage,70,1,R,MI,882ab6ce57fffff
261519705001033,0,0,1,16094708,130019,Air Advantage,70,1,R,MI,882ab6ce13fffff
261519705001047,0,0,1,16094708,130019,Air Advantage,70,1,R,MI,882ab6ce31fffff
261519705001052,0,0,1,16094708,130019,Air Advantage,70,1,B,MI,882ab6c563fffff
261519705001053,10,1,3,16094708,130019,Air Advantage,70,1,X,MI,882ab6cc5bfffff
261519705001055,10,1,1,16094708,130019,Air Advantage,70,1,X,MI,882ab6cc5bfffff
261519705002012,0,0,1,16094708,130019,Air Advantage,70,1,R,MI,882ab6c035fffff
261519705002015,0,0,1,16094708,130019,Air Advantage,70,1,R,MI,882ab6c031fffff
261519705002019,0,0,1,16094708,130019,Air Advantage,70,1,R,MI,882ab6c033fffff
261519705002020,0,0,1,16094708,130019,Air Advantage,70,1,R,MI,882ab6c189fffff
261519705002027,0,0,1,16094708,130019,Air Advantage,70,1,R,MI,882ab6c0e9fffff
261519706001023,100,20,1,16094708,130019,Air Advantage,70,1,R,MI,882ab61b51fffff
261519706001033,100,100,1,16094708,130019,Air Advantage,70,1,B,MI,882ab61b57fffff
261519706001034,100,50,1,16094708,130019,Air Advantage,70,1,B,MI,882ab61b57fffff
261519706001035,25,5,1,16094708,130019,Air Advantage,70,1,B,MI,882ab61b53fffff
261519706001035,50,10,1,16094708,130019,Air Advantage,70,1,R,MI,882ab61b57fffff
261519706001035,100,20,1,16094708,130019,Air Advantage,70,1,B,MI,882ab61b57fffff
261519707001001,0,0,1,16094708,130019,Air Advantage,70,1,R,MI,882ab61847fffff
261519707001001,10,1,2,16094708,130019,Air Advantage,70,1,X,MI,882ab61801fffff
261519707001002,10,1,9,16094708,130019,Air Advantage,70,1,X,MI,882ab6180bfffff
261519707001009,10,1,6,16094708,130019,Air Advantage,70,1,X,MI,882ab6180bfffff
261519707001015,10,1,13,16094708,130019,Air Advantage,70,1,X,MI,882ab61801fffff
261519707001021,10,1,3,16094708,130019,Air Advantage,70,1,X,MI,882ab61801fffff
261519707001024,10,1,6,16094708,130019,Air Advantage,70,1,X,MI,882ab61803fffff
261519707001028,10,1,8,16094708,130019,Air Advantage,70,1,X,MI,882ab61801fffff
261519707001031,10,1,3,16094708,130019,Air Advantage,70,1,X,MI,882ab61803fffff
261519707001032,10,1,3,16094708,130019,Air Advantage,70,1,X,MI,882ab61803fffff
261519707001043,10,1,1,16094708,130019,Air Advantage,70,1,X,MI,882ab61801fffff
261519707001044,10,1,1,16094708,130019,Air Advantage,70,1,X,MI,882ab61801fffff
261519707001045,10,1,6,16094708,130019,Air Advantage,70,1,X,MI,882ab61801fffff
261519707001046,10,1,1,16094708,130019,Air Advantage,70,1,X,MI,882ab61801fffff
261519707001048,10,1,5,16094708,130019,Air Advantage,70,1,X,MI,882ab61801fffff
261519707001049,10,1,7,16094708,130019,Air Advantage,70,1,X,MI,882ab61803fffff
261519707001050,10,1,5,16094708,130019,Air Advantage,70,1,X,MI,882ab61803fffff
261519707001051,10,1,3,16094708,130019,Air Advantage,70,1,X,MI,882ab61803fffff
261519707002003,0,0,1,16094708,130019,Air Advantage,70,1,R,MI,882ab61803fffff
261519707002003,10,1,14,16094708,130019,Air Advantage,70,1,X,MI,882ab6181dfffff
261519707002005,10,1,1,16094708,130019,Air Advantage,70,1,X,MI,882ab61803fffff
261519707002007,10,1,2,16094708,130019,Air Advantage,70,1,X,MI,882ab6181dfffff
261519707002008,10,1,1,16094708,130019,Air Advantage,70,1,X,MI,882ab61815fffff
261519707002009,10,1,7,16094708,130019,Air Advantage,70,1,X,MI,882ab61803fffff
261519707002010,10,1,3,16094708,130019,Air Advantage,70,1,X,MI,882ab61803fffff
261519707002014,10,1,3,16094708,130019,Air Advantage,70,1,X,MI,882ab61803fffff
261519707002019,10,1,1,16094708,130019,Air Advantage,70,1,X,MI,882ab61803fffff
261519707002021,0,0,1,16094708,130019,Air Advantage,70,1,R,MI,882ab61803fffff
261519707002025,10,1,2,16094708,130019,Air Advantage,70,1,X,MI,882ab61803fffff
261519708001004,10,1,2,16094708,130019,Air Advantage,70,1,X,MI,882ab6cea9fffff
261519708001005,10,1,1,16094708,130019,Air Advantage,70,1,X,MI,882ab6cea9fffff
261519708001010,0,0,1,16094708,130019,Air Advantage,70,1,R,MI,882ab6ce87fffff
261519708001026,0,0,1,16094708,130019,Air Advantage,70,1,R,MI,882ab6cce9fffff
261519708001031,250,40,1,16094708,130019,Air Advantage,70,1,B,MI,882ab61b39fffff
261519708002036,10,1,4,16094708,130019,Air Advantage,70,1,X,MI,882ab61969fffff
261519708002042,10,1,1,16094708,130019,Air Advantage,70,1,X,MI,882ab61969fffff
261519708003008,30,10,1,16094708,130019,Air Advantage,70,1,B,MI,882ab6ccd7fffff
261519708003008,50,10,1,16094708,130019,Air Advantage,70,1,B,MI,882ab6ccd7fffff
261519708004003,10,1,3,16094708,130019,Air Advantage,70,1,X,MI,882ab61955fffff
261519708004005,10,1,6,16094708,130019,Air Advantage,70,1,X,MI,882ab6cc93fffff
261519708004014,10,1,2,16094708,130019,Air Advantage,70,1,X,MI,882ab6cc93fffff
261519708004015,10,1,4,16094708,130019,Air Advantage,70,1,X,MI,882ab6cc91fffff
261519708004021,10,1,1,16094708,130019,Air Advantage,70,1,X,MI,882ab6cc97fffff
261519708004029,10,1,1,16094708,130019,Air Advantage,70,1,R,MI,882ab61921fffff
261519708004031,10,1,1,16094708,130019,Air Advantage,70,1,X,MI,882ab656d1fffff
261519708004039,10,1,4,16094708,130019,Air Advantage,70,1,X,MI,882ab6180dfffff
261519708005010,0,0,1,16094708,130019,Air Advantage,70,1,R,MI,882ab61917fffff
261519708005011,0,0,1,16094708,130019,Air Advantage,70,1,R,MI,882ab61913fffff
261519708005012,10,1,2,16094708,130019,Air Advantage,70,1,X,MI,882ab619c5fffff
261519708005013,10,1,3,16094708,130019,Air Advantage,70,1,X,MI,882ab61835fffff
261519708005014,10,1,1,16094708,130019,Air Advantage,70,1,X,MI,882ab61837fffff
261519708005015,10,1,2,16094708,130019,Air Advantage,70,1,X,MI,882ab6183dfffff
261519708005017,10,1,1,16094708,130019,Air Advantage,70,1,X,MI,882ab61801fffff
261519708005018,10,1,6,16094708,130019,Air Advantage,70,1,X,MI,882ab61801fffff
261519708005019,10,1,8,16094708,130019,Air Advantage,70,1,X,MI,882ab61801fffff
261519708005022,10,1,1,16094708,130019,Air Advantage,70,1,X,MI,882ab61801fffff
261519708005031,10,1,2,16094708,130019,Air Advantage,70,1,X,MI,882ab619cbfffff
261519708005033,10,1,2,16094708,130019,Air Advantage,70,1,X,MI,882ab61985fffff
261519708005034,10,1,3,16094708,130019,Air Advantage,70,1,X,MI,882ab6198dfffff
261519708005035,0,0,1,16094708,130019,Air Advantage,70,1,R,MI,882ab619c5fffff
261519708005035,10,1,4,16094708,130019,Air Advantage,70,1,X,MI,882ab6198dfffff
261519708005036,10,1,1,16094708,130019,Air Advantage,70,1,X,MI,882ab61985fffff
261519708005042,10,1,1,16094708,130019,Air Advantage,70,1,X,MI,882ab61985fffff
261519708005043,10,1,5,16094708,130019,Air Advantage,70,1,X,MI,882ab619abfffff
261519708005045,10,1,1,16094708,130019,Air Advantage,70,1,R,MI,882ab65699fffff
261519708005046,10,1,1,16094708,130019,Air Advantage,70,1,R,MI,882ab656d3fffff
261519708005047,10,1,4,16094708,130019,Air Advantage,70,1,X,MI,882ab656d1fffff
261519709001000,10,1,2,16094708,130019,Air Advantage,70,1,X,MI,882ab6ca0dfffff
261519709001040,10,1,3,16094708,130019,Air Advantage,70,1,X,MI,882ab6c9c1fffff
261519709001040,250,50,1,16094708,130019,Air Advantage,70,1,R,MI,882ab6c9c7fffff
261519709001041,10,1,1,16094708,130019,Air Advantage,70,1,X,MI,882ab6c9cdfffff
261519709001053,10,1,2,16094708,130019,Air Advantage,70,1,X,MI,882ab6c83bfffff
261519709001066,10,1,1,16094708,130019,Air Advantage,70,1,X,MI,882ab6c9c1fffff
261519709002004,100,20,1,16094708,130019,Air Advantage,70,1,R,MI,882ab6c9cbfffff
261519709002007,10,1,3,16094708,130019,Air Advantage,70,1,X,MI,882ab6c9d9fffff
261519709002009,10,1,6,16094708,130019,Air Advantage,70,1,X,MI,882ab6c9d1fffff
261519709002011,10,1,4,16094708,130019,Air Advantage,70,1,X,MI,882ab6c9d1fffff
261519709002012,10,1,33,16094708,130019,Air Advantage,70,1,X,MI,882ab6c9ddfffff
261519709002016,10,1,7,16094708,130019,Air Advantage,70,1,X,MI,882ab6c9ddfffff
261519709002017,10,1,1,16094708,130019,Air Advantage,70,1,X,MI,882ab6c9d1fffff
261519709002018,10,1,9,16094708,130019,Air Advantage,70,1,X,MI,882ab6c9d1fffff
261519709002019,10,1,4,16094708,130019,Air Advantage,70,1,X,MI,882ab6c9ddfffff
261519709002020,10,1,6,16094708,130019,Air Advantage,70,1,X,MI,882ab6c9d1fffff
261519709002021,10,1,4,16094708,130019,Air Advantage,70,1,X,MI,882ab6c9d1fffff
261519709002028,10,1,1,16094708,130019,Air Advantage,70,1,X,MI,882ab6c9d1fffff
261519709002029,10,1,5,16094708,130019,Air Advantage,70,1,X,MI,882ab6c9d1fffff
261519709003000,10,1,3,16094708,130019,Air Advantage,70,1,X,MI,882ab6c8adfffff
261519709003002,10,1,3,16094708,130019,Air Advantage,70,1,X,MI,882ab6c9dbfffff
261519709003006,10,1,1,16094708,130019,Air Advantage,70,1,X,MI,882ab6c9d1fffff
261519709003007,10,1,5,16094708,130019,Air Advantage,70,1,X,MI,882ab6c9d1fffff
261519709003008,10,1,12,16094708,130019,Air Advantage,70,1,X,MI,882ab6c9d1fffff
261519709003013,10,1,10,16094708,130019,Air Advantage,70,1,X,MI,882ab6c9d1fffff
261519709003014,10,1,9,16094708,130019,Air Advantage,70,1,X,MI,882ab6c9d1fffff
261519709003015,10,1,2,16094708,130019,Air Advantage,70,1,X,MI,882ab6c9d1fffff
261519709003021,10,1,3,16094708,130019,Air Advantage,70,1,X,MI,882ab6c9d5fffff
261519709003022,10,1,1,16094708,130019,Air Advantage,70,1,X,MI,882ab6c9d1fffff
261519709003023,10,1,3,16094708,130019,Air Advantage,70,1,X,MI,882ab6c9d1fffff
261519709003024,10,1,2,16094708,130019,Air Advantage,70,1,X,MI,882ab6c9d1fffff
261519709003029,10,1,7,16094708,130019,Air Advantage,70,1,X,MI,882ab6c9d1fffff
261519709003030,10,1,5,16094708,130019,Air Advantage,70,1,X,MI,882ab6c9d1fffff
261519709003031,10,1,2,16094708,130019,Air Advantage,70,1,X,MI,882ab6c9dbfffff
261519709003033,10,1,3,16094708,130019,Air Advantage,70,1,X,MI,882ab6c9dbfffff
261519709003034,10,1,1,16094708,130019,Air Advantage,70,1,X,MI,882ab6c9dbfffff
261519709003036,10,1,3,16094708,130019,Air Advantage,70,1,X,MI,882ab6c9d1fffff
261519709003081,10,1,2,16094708,130019,Air Advantage,70,1,X,MI,882ab6c8adfffff
261519709004000,10,1,3,16094708,130019,Air Advantage,70,1,X,MI,882ab6c8a1fffff
261519709004003,10,1,6,16094708,130019,Air Advantage,70,1,X,MI,882ab6c995fffff
261519709004004,10,1,4,16094708,130019,Air Advantage,70,1,X,MI,882ab6c99dfffff
261519709004007,10,1,1,16094708,130019,Air Advantage,70,1,X,MI,882ab6c995fffff
261519710001000,10,1,3,16094708,130019,Air Advantage,70,1,X,MI,882ab65a05fffff
261519710001010,10,1,34,16094708,130019,Air Advantage,70,1,X,MI,882ab65849fffff
261519710001011,10,1,7,16094708,130019,Air Advantage,70,1,X,MI,882ab65849fffff
261519710001013,10,1,2,16094708,130019,Air Advantage,70,1,X,MI,882ab65a27fffff
261519710001016,100,100,1,16094708,130019,Air Advantage,70,1,B,MI,882ab65a23fffff
261519710001018,10,1,9,16094708,130019,Air Advantage,70,1,X,MI,882ab65a23fffff
261519710001018,100,50,2,16094708,130019,Air Advantage,70,1,B,MI,882ab65a3dfffff
261519710001036,10,1,6,16094708,130019,Air Advantage,70,1,X,MI,882ab65a31fffff
261519710001038,10,1,3,16094708,130019,Air Advantage,70,1,X,MI,882ab65a23fffff
261519710001038,100,20,1,16094708,130019,Air Advantage,70,1,R,MI,882ab65a23fffff
261519710001039,10,1,1,16094708,130019,Air Advantage,70,1,X,MI,882ab65a23fffff
261519710001043,10,1,4,16094708,130019,Air Advantage,70,1,X,MI,882ab65a23fffff
261519710001044,10,1,1,16094708,130019,Air Advantage,70,1,X,MI,882ab65a23fffff
261519710001045,100,20,1,16094708,130019,Air Advantage,70,1,R,MI,882ab65a23fffff
261519710001046,10,1,4,16094708,130019,Air Advantage,70,1,X,MI,882ab65a23fffff
261519710001047,10,1,1,16094708,130019,Air Advantage,70,1,X,MI,882ab65a23fffff
261519710001047,50,10,1,16094708,130019,Air Advantage,70,1,R,MI,882ab65a23fffff
261519710001048,10,1,12,16094708,130019,Air Advantage,70,1,X,MI,882ab65a23fffff
261519710001049,10,1,5,16094708,130019,Air Advantage,70,1,X,MI,882ab65a23fffff
261519710001050,10,1,6,16094708,130019,Air Advantage,70,1,X,MI,882ab65a23fffff
261519710001051,10,1,16,16094708,130019,Air Advantage,70,1,X,MI,882ab65a23fffff
261519710001052,10,1,7,16094708,130019,Air Advantage,70,1,X,MI,882ab65a23fffff
261519710001053,10,1,9,16094708,130019,Air Advantage,70,1,X,MI,882ab65a23fffff
261519710001054,10,1,5,16094708,130019,Air Advantage,70,1,X,MI,882ab65a35fffff
261519710001055,10,1,3,16094708,130019,Air Advantage,70,1,X,MI,882ab65a31fffff
261519710001056,10,1,14,16094708,130019,Air Advantage,70,1,X,MI,882ab65a23fffff
261519710001057,10,1,4,16094708,130019,Air Advantage,70,1,X,MI,882ab65a35fffff
261519710001058,10,1,14,16094708,130019,Air Advantage,70,1,X,MI,882ab65a35fffff
261519710001059,10,1,12,16094708,130019,Air Advantage,70,1,X,MI,882ab65a35fffff
261519710001061,10,1,1,16094708,130019,Air Advantage,70,1,B,MI,882ab6584bfffff
261519710001062,10,1,3,16094708,130019,Air Advantage,70,1,X,MI,882ab65a35fffff
261519710001064,10,1,5,16094708,130019,Air Advantage,70,1,X,MI,882ab65a35fffff
261519710001065,10,1,6,16094708,130019,Air Advantage,70,1,X,MI,882ab65849fffff
261519710001065,100,50,1,16094708,130019,Air Advantage,70,1,B,MI,882ab65849fffff
261519710001076,10,1,4,16094708,130019,Air Advantage,70,1,X,MI,882ab65a35fffff
261519710001077,10,1,9,16094708,130019,Air Advantage,70,1,X,MI,882ab65a35fffff
261519710002029,10,1,3,16094708,130019,Air Advantage,70,1,X,MI,882ab65a0dfffff
261519710002031,10,1,3,16094708,130019,Air Advantage,70,1,X,MI,882ab65a1dfffff
261519710002032,10,1,19,16094708,130019,Air Advantage,70,1,X,MI,882ab65a03fffff
261519710002032,100,20,1,16094708,130019,Air Advantage,70,1,R,MI,882ab65a03fffff
261519710002033,10,1,8,16094708,130019,Air Advantage,70,1,X,MI,882ab65a39fffff
261519710002033,50,10,1,16094708,130019,Air Advantage,70,1,R,MI,882ab65a03fffff
261519710002033,75,15,1,16094708,130019,Air Advantage,70,1,R,MI,882ab65a03fffff
261519710002033,250,40,1,16094708,130019,Air Advantage,70,1,R,MI,882ab65a03fffff
261519710002034,10,1,3,16094708,130019,Air Advantage,70,1,X,MI,882ab65a1dfffff
261519710002037,0,0,1,16094708,130019,Air Advantage,70,1,R,MI,882ab65a15fffff
261519710002037,10,1,12,16094708,130019,Air Advantage,70,1,X,MI,882ab65aedfffff
261519710002038,10,1,2,16094708,130019,Air Advantage,70,1,X,MI,882ab65ae5fffff
261519710002039,0,0,1,16094708,130019,Air Advantage,70,1,R,MI,882ab65ac5fffff
261519710002039,10,1,2,16094708,130019,Air Advantage,70,1,X,MI,882ab65ae9fffff
261519710003034,0,0,1,16094708,130019,Air Advantage,70,1,R,MI,882ab6506bfffff
261519711001004,50,10,1,16094708,130019,Air Advantage,70,1,R,MI,882ab65151fffff
261519711001005,75,15,1,16094708,130019,Air Advantage,70,1,R,MI,882ab65157fffff
261519711001043,0,0,1,16094708,130019,Air Advantage,70,1,R,MI,882ab651b3fffff
261519711001052,0,0,1,16094708,130019,Air Advantage,70,1,R,MI,882ab650a9fffff
261519711001057,0,0,1,16094708,130019,Air Advantage,70,1,R,MI,882ab65191fffff
261519711002000,10,1,5,16094708,130019,Air Advantage,70,1,X,MI,882ab6425dfffff
261519711002015,0,0,1,16094708,130019,Air Advantage,70,1,X,MI,882ab64311fffff
261519711002015,10,1,2,16094708,130019,Air Advantage,70,1,X,MI,882ab64311fffff
261519711002018,0,0,1,16094708,130019,Air Advantage,70,1,X,MI,882ab64049fffff
261519711002022,10,1,5,16094708,130019,Air Advantage,70,1,X,MI,882ab64207fffff
261519711002023,10,1,7,16094708,130019,Air Advantage,70,1,X,MI,882ab6420bfffff
261519711002024,0,0,1,16094708,130019,Air Advantage,70,1,R,MI,882ab64203fffff
261519711002024,10,1,6,16094708,130019,Air Advantage,70,1,X,MI,882ab64203fffff
261519711002025,10,1,6,16094708,130019,Air Advantage,70,1,X,MI,882ab64253fffff
261519711002026,10,1,1,16094708,130019,Air Advantage,70,1,X,MI,882ab64257fffff
261519711002029,10,1,6,16094708,130019,Air Advantage,70,1,X,MI,882ab64207fffff
261519711002033,0,0,2,16094708,130019,Air Advantage,70,1,X,MI,882ab64047fffff
261519711002035,10,1,2,16094708,130019,Air Advantage,70,1,X,MI,882ab64069fffff
261519711002037,10,1,1,16094708,130019,Air Advantage,70,1,X,MI,882ab64317fffff
261519711002040,10,1,1,16094708,130019,Air Advantage,70,1,X,MI,882ab64005fffff
261519711002044,10,1,1,16094708,130019,Air Advantage,70,1,X,MI,882ab64007fffff
261519711002045,10,1,1,16094708,130019,Air Advantage,70,1,X,MI,882ab64009fffff
261519711002054,10,1,2,16094708,130019,Air Advantage,70,1,X,MI,882ab6421bfffff
261519711002056,0,0,1,16094708,130019,Air Advantage,70,1,R,MI,882ab642c5fffff
261519711002060,0,0,4,16094708,130019,Air Advantage,70,1,R,MI,882ab642e3fffff
261519711002066,0,0,1,16094708,130019,Air Advantage,70,1,R,MI,882ab64053fffff
261519711002071,0,0,1,16094708,130019,Air Advantage,70,1,R,MI,882ab642a5fffff
261519711002082,10,1,1,16094708,130019,Air Advantage,70,1,X,MI,882ab64317fffff
261519711003003,0,0,1,16094708,130019,Air Advantage,70,1,R,MI,882ab64339fffff
261519711003003,10,1,1,16094708,130019,Air Advantage,70,1,X,MI,882ab64339fffff
261519711003003,100,50,1,16094708,130019,Air Advantage,70,1,B,MI,882ab64339fffff
261519711003005,10,1,2,16094708,130019,Air Advantage,70,1,X,MI,882ab6433bfffff
261519711003011,10,1,1,16094708,130019,Air Advantage,70,1,X,MI,882ab64315fffff
261519711003012,10,1,2,16094708,130019,Air Advantage,70,1,X,MI,882ab64315fffff
261519711003020,10,1,1,16094708,130019,Air Advantage,70,1,X,MI,882ab64315fffff
261519711003021,10,1,5,16094708,130019,Air Advantage,70,1,X,MI,882ab64317fffff
261519711003026,0,0,1,16094708,130019,Air Advantage,70,1,X,MI,882ab6433bfffff
261519711003026,10,1,6,16094708,130019,Air Advantage,70,1,X,MI,882ab6433bfffff
261519711003027,10,1,1,16094708,130019,Air Advantage,70,1,X,MI,882ab6433bfffff
261519711003035,10,1,1,16094708,130019,Air Advantage,70,1,X,MI,882ab64069fffff
261519712001000,10,1,2,16094708,130019,Air Advantage,70,1,X,MI,882ab6cc01fffff
261519712001022,0,0,1,16094708,130019,Air Advantage,70,1,R,MI,882ab6ccebfffff
261519712001035,0,0,1,16094708,130019,Air Advantage,70,1,R,MI,882ab6cd99fffff
261519712001036,10,1,1,16094708,130019,Air Advantage,70,1,X,MI,882ab6cca1fffff
261519712001039,10,1,3,16094708,130019,Air Advantage,70,1,X,MI,882ab6ccabfffff
261519712001040,10,1,7,16094708,130019,Air Advantage,70,1,X,MI,882ab6cca1fffff
261519712001041,10,1,1,16094708,130019,Air Advantage,70,1,X,MI,882ab6cca3fffff
261519712001053,10,1,1,16094708,130019,Air Advantage,70,1,X,MI,882ab6cca3fffff
261519712001054,10,1,2,16094708,130019,Air Advantage,70,1,X,MI,882ab65649fffff
261519712001086,10,1,1,16094708,130019,Air Advantage,70,1,X,MI,882ab65651fffff
261519712001087,10,1,3,16094708,130019,Air Advantage,70,1,X,MI,882ab65641fffff
261519712001088,10,1,1,16094708,130019,Air Advantage,70,1,X,MI,882ab65649fffff
261519712001090,0,0,1,16094708,130019,Air Advantage,70,1,X,MI,882ab6562dfffff
261519712001091,10,1,3,16094708,130019,Air Advantage,70,1,X,MI,882ab65663fffff
261519712002009,75,15,1,16094708,130019,Air Advantage,70,1,R,MI,882ab65043fffff
261519712002016,100,20,2,16094708,130019,Air Advantage,70,1,R,MI,882ab652e7fffff
261519712002026,10,1,1,16094708,130019,Air Advantage,70,1,X,MI,882ab652abfffff
261519712002048,10,1,3,16094708,130019,Air Advantage,70,1,X,MI,882ab650d5fffff
261519712002052,10,1,1,16094708,130019,Air Advantage,70,1,R,MI,882ab650abfffff
261519712002055,10,1,2,16094708,130019,Air Advantage,70,1,X,MI,882ab6572dfffff
261519712002056,10,1,12,16094708,130019,Air Advantage,70,1,X,MI,882ab650d3fffff
261519712002057,10,1,5,16094708,130019,Air Advantage,70,1,X,MI,882ab650dbfffff
261519712002058,10,1,1,16094708,130019,Air Advantage,70,1,X,MI,882ab650d3fffff
261519712002059,10,1,3,16094708,130019,Air Advantage,70,1,X,MI,882ab650dbfffff
261519712002060,10,1,2,16094708,130019,Air Advantage,70,1,X,MI,882ab6576dfffff
261519712002061,10,1,2,16094708,130019,Air Advantage,70,1,X,MI,882ab65769fffff
261519712002064,10,1,4,16094708,130019,Air Advantage,70,1,X,MI,882ab650dbfffff
261519712002065,10,1,5,16094708,130019,Air Advantage,70,1,X,MI,882ab650dbfffff
261519712002066,10,1,4,16094708,130019,Air Advantage,70,1,X,MI,882ab650dbfffff
261519712002071,10,1,2,16094708,130019,Air Advantage,70,1,X,MI,882ab650d3fffff
261519712002072,10,1,1,16094708,130019,Air Advantage,70,1,X,MI,882ab6572dfffff
261519712002073,10,1,4,16094708,130019,Air Advantage,70,1,X,MI,882ab6572dfffff
261519712002074,10,1,16,16094708,130019,Air Advantage,70,1,X,MI,882ab6572dfffff
261519712002076,10,1,1,16094708,130019,Air Advantage,70,1,X,MI,882ab6572dfffff
261519712002077,10,1,2,16094708,130019,Air Advantage,70,1,X,MI,882ab65721fffff
261519712002083,10,1,2,16094708,130019,Air Advantage,70,1,X,MI,882ab65097fffff
261519712002085,10,1,6,16094708,130019,Air Advantage,70,1,X,MI,882ab650d3fffff
261519712002087,10,1,3,16094708,130019,Air Advantage,70,1,X,MI,882ab65721fffff
261519712003001,10,1,1,16094708,130019,Air Advantage,70,1,X,MI,882ab6554bfffff
261519712003002,10,1,3,16094708,130019,Air Advantage,70,1,X,MI,882ab65727fffff
261519712003004,10,1,2,16094708,130019,Air Advantage,70,1,X,MI,882ab6550dfffff
261519712003007,10,1,3,16094708,130019,Air Advantage,70,1,X,MI,882ab650b3fffff
261519712003010,10,1,4,16094708,130019,Air Advantage,70,1,X,MI,882ab64259fffff
261519712003011,10,1,3,16094708,130019,Air Advantage,70,1,X,MI,882ab65565fffff
261519712003012,10,1,1,16094708,130019,Air Advantage,70,1,X,MI,882ab6552dfffff
261519712003013,10,1,1,16094708,130019,Air Advantage,70,1,X,MI,882ab65567fffff
261519712003014,10,1,10,16094708,130019,Air Advantage,70,1,X,MI,882ab65547fffff
261519712003016,10,1,2,16094708,130019,Air Advantage,70,1,X,MI,882ab6554bfffff
261519712003017,10,1,2,16094708,130019,Air Advantage,70,1,R,MI,882ab65731fffff
261519712003020,10,1,2,16094708,130019,Air Advantage,70,1,X,MI,882ab64253fffff
261519712003021,10,1,3,16094708,130019,Air Advantage,70,1,X,MI,882ab65525fffff
261519712003022,10,1,1,16094708,130019,Air Advantage,70,1,X,MI,882ab65521fffff
261519712003023,10,1,2,16094708,130019,Air Advantage,70,1,X,MI,882ab65521fffff
261519712003024,10,1,4,16094708,130019,Air Advantage,70,1,X,MI,882ab6552bfffff
261519712003025,10,1,13,16094708,130019,Air Advantage,70,1,X,MI,882ab65505fffff
261519712003027,10,1,3,16094708,130019,Air Advantage,70,1,X,MI,882ab65509fffff
261519712003030,10,1,5,16094708,130019,Air Advantage,70,1,X,MI,882ab65559fffff
261519712003032,10,1,1,16094708,130019,Air Advantage,70,1,X,MI,882ab65527fffff
261519712003034,10,1,9,16094708,130019,Air Advantage,70,1,X,MI,882ab65531fffff
261519712003035,10,1,3,16094708,130019,Air Advantage,70,1,X,MI,882ab65503fffff
261519712003036,10,1,2,16094708,130019,Air Advantage,70,1,X,MI,882ab65503fffff
261519712003037,0,0,1,16094708,130019,Air Advantage,70,1,R,MI,882ab65557fffff
261519712003037,10,1,4,16094708,130019,Air Advantage,70,1,X,MI,882ab6550bfffff
261519712003047,10,1,2,16094708,130019,Air Advantage,70,1,X,MI,882ab6553bfffff
261519712003048,0,0,1,16094708,130019,Air Advantage,70,1,R,MI,882ab655c5fffff
261519712003061,10,1,4,16094708,130019,Air Advantage,70,1,X,MI,882ab65531fffff
261519712003062,10,1,4,16094708,130019,Air Advantage,70,1,X,MI,882ab642d9fffff
261519712003063,10,1,11,16094708,130019,Air Advantage,70,1,X,MI,882ab65531fffff
261519712003064,0,0,1,16094708,130019,Air Advantage,70,1,R,MI,882ab6553dfffff
261519712003064,10,1,3,16094708,130019,Air Advantage,70,1,X,MI,882ab6553dfffff
261519712003066,10,1,1,16094708,130019,Air Advantage,70,1,X,MI,882ab642cbfffff
261519712003067,0,0,1,16094708,130019,Air Advantage,70,1,R,MI,882ab642cbfffff
261519712003067,10,1,1,16094708,130019,Air Advantage,70,1,X,MI,882ab642cbfffff
261519712003068,10,1,2,16094708,130019,Air Advantage,70,1,X,MI,882ab642c9fffff
261519712003069,0,0,1,16094708,130019,Air Advantage,70,1,R,MI,882ab642c9fffff
261519712003069,10,1,8,16094708,130019,Air Advantage,70,1,X,MI,882ab642cbfffff
261519712003070,0,0,1,16094708,130019,Air Advantage,70,1,R,MI,882ab642cdfffff
261519712003070,10,1,4,16094708,130019,Air Advantage,70,1,X,MI,882ab642c9fffff
261519712003073,0,0,1,16094708,130019,Air Advantage,70,1,R,MI,882ab642cbfffff
261519712003073,10,1,2,16094708,130019,Air Advantage,70,1,X,MI,882ab642cbfffff
261519712003078,10,1,1,16094708,130019,Air Advantage,70,1,R,MI,882ab642dbfffff
261519712003087,0,0,1,16094708,130019,Air Advantage,70,1,R,MI,882ab655e5fffff
261519712003088,0,0,2,16094708,130019,Air Advantage,70,1,R,MI,882ab654edfffff
261519712003088,10,1,1,16094708,130019,Air Advantage,70,1,X,MI,882ab6543bfffff
261519712004001,10,1,3,16094708,130019,Air Advantage,70,1,X,MI,882ab6560bfffff
261519712004002,0,0,1,16094708,130019,Air Advantage,70,1,X,MI,882ab65605fffff
261519712004002,10,1,2,16094708,130019,Air Advantage,70,1,X,MI,882ab65603fffff
261519712004003,0,0,1,16094708,130019,Air Advantage,70,1,X,MI,882ab6562bfffff
261519712004003,10,1,1,16094708,130019,Air Advantage,70,1,X,MI,882ab65605fffff
261519712004005,0,0,1,16094708,130019,Air Advantage,70,1,X,MI,882ab65621fffff
261519712004016,0,0,1,16094708,130019,Air Advantage,70,1,X,MI,882ab65623fffff
261519712004017,0,0,6,16094708,130019,Air Advantage,70,1,X,MI,882ab65623fffff
261519712004018,0,0,2,16094708,130019,Air Advantage,70,1,X,MI,882ab65623fffff
261519712004023,10,1,4,16094708,130019,Air Advantage,70,1,X,MI,882ab65615fffff
261519712004024,10,1,1,16094708,130019,Air Advantage,70,1,X,MI,882ab65603fffff
261519712004025,10,1,4,16094708,130019,Air Advantage,70,1,X,MI,882ab656ebfffff
261519712004027,10,1,2,16094708,130019,Air Advantage,70,1,X,MI,882ab656e5fffff
261519712004030,10,1,2,16094708,130019,Air Advantage,70,1,X,MI,882ab6540dfffff
261519712004038,10,1,2,16094708,130019,Air Advantage,70,1,X,MI,882ab6568dfffff
261519712004039,10,1,1,16094708,130019,Air Advantage,70,1,X,MI,882ab656c7fffff
261519712004042,10,1,5,16094708,130019,Air Advantage,70,1,X,MI,882ab6568dfffff
261519712004043,10,1,3,16094708,130019,Air Advantage,70,1,X,MI,882ab656a9fffff
261519712004044,10,1,2,16094708,130019,Air Advantage,70,1,X,MI,882ab656a9fffff
261519712004045,10,1,4,16094708,130019,Air Advantage,70,1,X,MI,882ab6545bfffff
261519712004047,10,1,1,16094708,130019,Air Advantage,70,1,X,MI,882ab656a5fffff
261519712004048,10,1,3,16094708,130019,Air Advantage,70,1,X,MI,882ab656adfffff
261519712004049,10,1,3,16094708,130019,Air Advantage,70,1,X,MI,882ab656a7fffff
261519712004053,10,1,1,16094708,130019,Air Advantage,70,1,X,MI,882ab65411fffff
261519712004055,10,1,1,16094708,130019,Air Advantage,70,1,X,MI,882ab6541bfffff
261519712004060,10,1,5,16094708,130019,Air Advantage,70,1,X,MI,882ab654c9fffff
261519712004062,10,1,1,16094708,130019,Air Advantage,70,1,X,MI,882ab65617fffff
261519712004067,10,1,1,16094708,130019,Air Advantage,70,1,X,MI,882ab654c1fffff
261570001001018,10,1,2,16094708,130019,Air Advantage,70,1,X,MI,88276b3ab9fffff
261570001001021,0,0,1,16094708,130019,Air Advantage,70,1,R,MI,88276b2361fffff
261570001001024,10,1,1,16094708,130019,Air Advantage,70,1,X,MI,88276b2349fffff
261570001001029,10,1,2,16094708,130019,Air Advantage,70,1,X,MI,88276b2347fffff
261570001001030,10,1,9,16094708,130019,Air Advantage,70,1,X,MI,88276b2309fffff
261570001001030,30,30,1,16094708,130019,Air Advantage,70,1,B,MI,88276b2369fffff
261570001001031,10,1,4,16094708,130019,Air Advantage,70,1,X,MI,88276b2309fffff
261570001001032,10,1,3,16094708,130019,Air Advantage,70,1,X,MI,88276b2351fffff
261570001001040,10,1,1,16094708,130019,Air Advantage,70,1,X,MI,88276b2355fffff
261570001001043,10,1,4,16094708,130019,Air Advantage,70,1,X,MI,88276b2303fffff
261570001001044,10,1,14,16094708,130019,Air Advantage,70,1,X,MI,88276b2339fffff
261570001001045,10,1,6,16094708,130019,Air Advantage,70,1,X,MI,88276b2321fffff
261570001001046,10,1,1,16094708,130019,Air Advantage,70,1,X,MI,88276b2335fffff
261570001002000,10,1,1,16094708,130019,Air Advantage,70,1,X,MI,88276b3a8bfffff
261570001002007,10,1,2,16094708,130019,Air Advantage,70,1,X,MI,88276b3aadfffff
261570001002011,10,1,1,16094708,130019,Air Advantage,70,1,X,MI,88276b38c1fffff
261570001002013,10,1,4,16094708,130019,Air Advantage,70,1,X,MI,88276b3abdfffff
261570001002018,10,1,6,16094708,130019,Air Advantage,70,1,X,MI,88276b3abdfffff
261570001002020,10,1,2,16094708,130019,Air Advantage,70,1,X,MI,88276b3abdfffff
261570001002021,10,1,6,16094708,130019,Air Advantage,70,1,X,MI,88276b3abdfffff
261570001002024,10,1,3,16094708,130019,Air Advantage,70,1,X,MI,88276b3abdfffff
261570001002026,10,1,3,16094708,130019,Air Advantage,70,1,X,MI,88276b3abdfffff
261570001002027,10,1,4,16094708,130019,Air Advantage,70,1,X,MI,88276b3abdfffff
261570001002028,10,1,2,16094708,130019,Air Advantage,70,1,X,MI,88276b3abdfffff
261570001002031,10,1,3,16094708,130019,Air Advantage,70,1,X,MI,88276b3abdfffff
261570001002034,10,1,2,16094708,130019,Air Advantage,70,1,X,MI,88276b3abdfffff
261570001002037,10,1,1,16094708,130019,Air Advantage,70,1,X,MI,88276b38c1fffff
261570001002040,10,1,1,16094708,130019,Air Advantage,70,1,X,MI,88276b38c7fffff
261570001002057,10,1,1,16094708,130019,Air Advantage,70,1,X,MI,88276b2321fffff
261570001003000,10,1,2,16094708,130019,Air Advantage,70,1,X,MI,88276b2357fffff
261570001003000,25,5,1,16094708,130019,Air Advantage,70,1,B,MI,88276b2225fffff
261570001003018,0,0,1,16094708,130019,Air Advantage,70,1,R,MI,88276b2319fffff
261570001003032,0,0,1,16094708,130019,Air Advantage,70,1,R,MI,88276b231bfffff
261570001003037,10,1,2,16094708,130019,Air Advantage,70,1,X,MI,88276b2311fffff
261570001003049,0,0,1,16094708,130019,Air Advantage,70,1,R,MI,88276b2319fffff
261570001004000,10,1,6,16094708,130019,Air Advantage,70,1,X,MI,88276b230bfffff
261570001004001,10,1,22,16094708,130019,Air Advantage,70,1,X,MI,88276b2357fffff
261570001004002,10,1,3,16094708,130019,Air Advantage,70,1,X,MI,88276b230bfffff
261570001004003,10,1,10,16094708,130019,Air Advantage,70,1,X,MI,88276b2357fffff
261570001004004,10,1,5,16094708,130019,Air Advantage,70,1,X,MI,88276b2357fffff
261570001004005,10,1,6,16094708,130019,Air Advantage,70,1,X,MI,88276b2357fffff
261570001004006,10,1,11,16094708,130019,Air Advantage,70,1,X,MI,88276b2357fffff
261570001004007,10,1,10,16094708,130019,Air Advantage,70,1,X,MI,88276b2357fffff
261570001004008,10,1,5,16094708,130019,Air Advantage,70,1,X,MI,88276b2357fffff
261570001004009,10,1,39,16094708,130019,Air Advantage,70,1,X,MI,88276b231dfffff
261570001004010,10,1,5,16094708,130019,Air Advantage,70,1,X,MI,88276b231dfffff
261570001004011,10,1,14,16094708,130019,Air Advantage,70,1,X,MI,88276b230bfffff
261570001004012,10,1,26,16094708,130019,Air Advantage,70,1,X,MI,88276b231dfffff
261570001004013,10,1,2,16094708,130019,Air Advantage,70,1,X,MI,88276b231dfffff
261570001004015,10,1,5,16094708,130019,Air Advantage,70,1,X,MI,88276b231dfffff
261570001004016,10,1,18,16094708,130019,Air Advantage,70,1,X,MI,88276b2311fffff
261570001004017,10,1,9,16094708,130019,Air Advantage,70,1,X,MI,88276b2311fffff
261570001004018,10,1,6,16094708,130019,Air Advantage,70,1,X,MI,88276b231dfffff
261570001004020,10,1,1,16094708,130019,Air Advantage,70,1,X,MI,88276b231dfffff
261570001004029,10,1,1,16094708,130019,Air Advantage,70,1,X,MI,88276b231dfffff
261570001004030,10,1,8,16094708,130019,Air Advantage,70,1,X,MI,88276b231dfffff
261570001004032,1000,1000,1,16094708,130019,Air Advantage,70,1,B,MI,88276b2311fffff
261570001004035,10,1,6,16094708,130019,Air Advantage,70,1,X,MI,88276b2311fffff
261570001004036,10,1,2,16094708,130019,Air Advantage,70,1,X,MI,88276b2311fffff
261570001004037,10,1,1,16094708,130019,Air Advantage,70,1,X,MI,88276b2311fffff
261570001004038,10,1,1,16094708,130019,Air Advantage,70,1,X,MI,88276b2311fffff
261570001004039,10,1,4,16094708,130019,Air Advantage,70,1,X,MI,88276b2311fffff
261570001004040,10,1,5,16094708,130019,Air Advantage,70,1,X,MI,88276b2311fffff
261570001004041,10,1,1,16094708,130019,Air Advantage,70,1,X,MI,88276b2311fffff
261570001004042,10,1,1,16094708,130019,Air Advantage,70,1,X,MI,88276b2311fffff
261570001004051,10,1,15,16094708,130019,Air Advantage,70,1,X,MI,88276b2311fffff
261570001004052,10,1,3,16094708,130019,Air Advantage,70,1,X,MI,88276b2315fffff
261570001004053,10,1,11,16094708,130019,Air Advantage,70,1,X,MI,88276b2315fffff
261570001004058,10,1,2,16094708,130019,Air Advantage,70,1,X,MI,88276b2313fffff
261570001004060,10,1,3,16094708,130019,Air Advantage,70,1,X,MI,88276b2317fffff
261570001004062,10,1,1,16094708,130019,Air Advantage,70,1,X,MI,88276b2317fffff
261570002001008,10,1,1,16094708,130019,Air Advantage,70,1,X,MI,88276b76ddfffff
261570002001009,10,1,7,16094708,130019,Air Advantage,70,1,X,MI,88276b768bfffff
261570002001028,10,1,1,16094708,130019,Air Advantage,70,1,X,MI,88276b769bfffff
261570002001029,10,1,1,16094708,130019,Air Advantage,70,1,X,MI,88276b769bfffff
261570002001030,10,1,2,16094708,130019,Air Advantage,70,1,X,MI,88276b39a5fffff
261570002001031,10,1,3,16094708,130019,Air Advantage,70,1,X,MI,88276b76d7fffff
261570002001032,10,1,1,16094708,130019,Air Advantage,70,1,X,MI,88276b769bfffff
261570002001033,10,1,2,16094708,130019,Air Advantage,70,1,X,MI,88276b2b69fffff
261570002001034,10,1,4,16094708,130019,Air Advantage,70,1,X,MI,88276b2b6bfffff
261570002002016,10,1,1,16094708,130019,Air Advantage,70,1,X,MI,88276b7641fffff
261570002002017,10,1,3,16094708,130019,Air Advantage,70,1,X,MI,88276b7601fffff
261570002002017,50,50,1,16094708,130019,Air Advantage,70,1,B,MI,88276b7601fffff
261570002002017,100,20,1,16094708,130019,Air Advantage,70,1,R,MI,88276b7601fffff
261570002002018,10,1,4,16094708,130019,Air Advantage,70,1,X,MI,88276b7639fffff
261570002002020,10,1,2,16094708,130019,Air Advantage,70,1,X,MI,88276b760bfffff
261570002002020,50,10,1,16094708,130019,Air Advantage,70,1,R,MI,88276b7601fffff
261570002002021,10,1,1,16094708,130019,Air Advantage,70,1,X,MI,88276b7603fffff
261570002002023,10,1,1,16094708,130019,Air Advantage,70,1,X,MI,88276b7639fffff
261570002002056,0,0,1,16094708,130019,Air Advantage,70,1,R,MI,88276b7421fffff
261570002002057,0,0,1,16094708,130019,Air Advantage,70,1,R,MI,88276b7425fffff
261570002002063,10,1,1,16094708,130019,Air Advantage,70,1,R,MI,88276b743dfffff
261570002002065,0,0,1,16094708,130019,Air Advantage,70,1,R,MI,88276b7439fffff
261570002002078,10,1,3,16094708,130019,Air Advantage,70,1,X,MI,88276b745dfffff
261570002002079,0,0,1,16094708,130019,Air Advantage,70,1,R,MI,88276b7451fffff
261570002002081,0,0,1,16094708,130019,Air Advantage,70,1,R,MI,88276b7459fffff
261570002002081,10,1,1,16094708,130019,Air Advantage,70,1,X,MI,88276b7459fffff
261570002002082,10,1,2,16094708,130019,Air Advantage,70,1,X,MI,88276b7633fffff
261570002002083,10,1,2,16094708,130019,Air Advantage,70,1,X,MI,88276b76edfffff
261570002002084,10,1,2,16094708,130019,Air Advantage,70,1,X,MI,88276b76edfffff
261570002002088,10,1,1,16094708,130019,Air Advantage,70,1,X,MI,88276b7411fffff
261570002002089,10,1,1,16094708,130019,Air Advantage,70,1,X,MI,88276b74c5fffff
261570002002091,0,0,2,16094708,130019,Air Advantage,70,1,R,MI,88276b75d7fffff
261570002002091,10,1,1,16094708,130019,Air Advantage,70,1,R,MI,88276b75d7fffff
261570002002092,0,0,1,16094708,130019,Air Advantage,70,1,R,MI,88276b75d1fffff
261570002003000,10,1,1,16094708,130019,Air Advantage,70,1,X,MI,88276b76ebfffff
261570002003001,10,1,3,16094708,130019,Air Advantage,70,1,X,MI,88276b768dfffff
261570002003003,10,1,1,16094708,130019,Air Advantage,70,1,X,MI,88276b76e1fffff
261570002003004,10,1,1,16094708,130019,Air Advantage,70,1,X,MI,88276b76e7fffff
261570002003005,10,1,4,16094708,130019,Air Advantage,70,1,X,MI,88276b76e3fffff
261570002003005,50,10,5,16094708,130019,Air Advantage,70,1,R,MI,88276b76e3fffff
261570002003006,10,1,2,16094708,130019,Air Advantage,70,1,X,MI,88276b76e3fffff
261570002003007,10,1,6,16094708,130019,Air Advantage,70,1,X,MI,88276b76e3fffff
261570002003008,10,1,1,16094708,130019,Air Advantage,70,1,X,MI,88276b76ebfffff
261570002003009,10,1,2,16094708,130019,Air Advantage,70,1,X,MI,88276b76abfffff
261570002003010,10,1,2,16094708,130019,Air Advantage,70,1,X,MI,88276b76e3fffff
261570002003010,250,40,1,16094708,130019,Air Advantage,70,1,R,MI,88276b76e3fffff
261570002003011,10,1,23,16094708,130019,Air Advantage,70,1,X,MI,88276b76a9fffff
261570002003011,100,20,1,16094708,130019,Air Advantage,70,1,R,MI,88276b76e3fffff
261570002003012,10,1,7,16094708,130019,Air Advantage,70,1,X,MI,88276b76e3fffff
261570002003013,10,1,5,16094708,130019,Air Advantage,70,1,X,MI,88276b76e3fffff
261570002003014,10,1,6,16094708,130019,Air Advantage,70,1,X,MI,88276b76e3fffff
261570002003015,10,1,2,16094708,130019,Air Advantage,70,1,X,MI,88276b76e3fffff
261570002003016,10,1,5,16094708,130019,Air Advantage,70,1,X,MI,88276b76e3fffff
261570002003017,10,1,15,16094708,130019,Air Advantage,70,1,X,MI,88276b76e7fffff
261570002003017,50,10,1,16094708,130019,Air Advantage,70,1,R,MI,88276b76e7fffff
261570002003017,75,15,1,16094708,130019,Air Advantage,70,1,R,MI,88276b76e7fffff
261570002003017,100,20,1,16094708,130019,Air Advantage,70,1,R,MI,88276b76e3fffff
261570002003018,10,1,3,16094708,130019,Air Advantage,70,1,X,MI,88276b76e3fffff
261570002003018,100,20,2,16094708,130019,Air Advantage,70,1,R,MI,88276b76e3fffff
261570002003019,10,1,6,16094708,130019,Air Advantage,70,1,X,MI,88276b76e3fffff
261570002003020,10,1,2,16094708,130019,Air Advantage,70,1,R,MI,88276b76e7fffff
261570002003020,75,15,1,16094708,130019,Air Advantage,70,1,R,MI,88276b76e7fffff
261570002003021,10,1,3,16094708,130019,Air Advantage,70,1,X,MI,88276b76e7fffff
261570002003021,100,20,2,16094708,130019,Air Advantage,70,1,R,MI,88276b76e7fffff
261570002003025,10,1,6,16094708,130019,Air Advantage,70,1,X,MI,88276b76e7fffff
261570002003025,100,20,1,16094708,130019,Air Advantage,70,1,R,MI,88276b76e7fffff
261570002003026,50,10,1,16094708,130019,Air Advantage,70,1,R,MI,88276b76e7fffff
261570002003026,100,20,1,16094708,130019,Air Advantage,70,1,R,MI,88276b76e7fffff
261570002003026,250,40,1,16094708,130019,Air Advantage,70,1,R,MI,88276b76e7fffff
261570002003027,10,1,2,16094708,130019,Air Advantage,70,1,X,MI,88276b76e3fffff
261570002003028,10,1,7,16094708,130019,Air Advantage,70,1,X,MI,88276b76e3fffff
261570002003029,10,1,9,16094708,130019,Air Advantage,70,1,X,MI,88276b76e3fffff
261570002003030,10,1,3,16094708,130019,Air Advantage,70,1,X,MI,88276b76e3fffff
261570002003031,10,1,9,16094708,130019,Air Advantage,70,1,X,MI,88276b76e3fffff
261570002003032,10,1,35,16094708,130019,Air Advantage,70,1,X,MI,88276b76a9fffff
261570002003032,100,20,1,16094708,130019,Air Advantage,70,1,R,MI,88276b76a9fffff
261570002003033,10,1,13,16094708,130019,Air Advantage,70,1,X,MI,88276b76a9fffff
261570002003034,10,1,1,16094708,130019,Air Advantage,70,1,X,MI,88276b76a1fffff
261570002003036,10,1,2,16094708,130019,Air Advantage,70,1,X,MI,88276b76a9fffff
261570002003038,10,1,3,16094708,130019,Air Advantage,70,1,X,MI,88276b76a1fffff
261570002003039,10,1,1,16094708,130019,Air Advantage,70,1,X,MI,88276b76a7fffff
261570002003041,10,1,2,16094708,130019,Air Advantage,70,1,X,MI,88276b74c3fffff
261570002003042,10,1,1,16094708,130019,Air Advantage,70,1,X,MI,88276b76b5fffff
261570002003043,10,1,3,16094708,130019,Air Advantage,70,1,X,MI,88276b74d9fffff
261570002003044,10,1,1,16094708,130019,Air Advantage,70,1,X,MI,88276b76bdfffff
261570002003045,10,1,3,16094708,130019,Air Advantage,70,1,X,MI,88276b76b1fffff
261570002003046,10,1,5,16094708,130019,Air Advantage,70,1,X,MI,88276b7683fffff
261570002003047,10,1,8,16094708,130019,Air Advantage,70,1,X,MI,88276b7681fffff
261570002003048,10,1,4,16094708,130019,Air Advantage,70,1,X,MI,88276b769dfffff
261570002003049,10,1,12,16094708,130019,Air Advantage,70,1,X,MI,88276b2b69fffff
261570002003050,10,1,3,16094708,130019,Air Advantage,70,1,X,MI,88276b76b1fffff
261570002003051,10,1,6,16094708,130019,Air Advantage,70,1,X,MI,88276b74d3fffff
261570002003052,10,1,2,16094708,130019,Air Advantage,70,1,X,MI,88276b74d1fffff
261570002003054,10,1,3,16094708,130019,Air Advantage,70,1,X,MI,88276b748bfffff
261570002003055,10,1,1,16094708,130019,Air Advantage,70,1,X,MI,88276b74c3fffff
261570002003056,10,1,4,16094708,130019,Air Advantage,70,1,X,MI,88276b74d3fffff
261570002003057,10,1,2,16094708,130019,Air Advantage,70,1,X,MI,88276b74d3fffff
261570002003059,10,1,4,16094708,130019,Air Advantage,70,1,X,MI,88276b2b65fffff
261570002003061,10,1,2,16094708,130019,Air Advantage,70,1,X,MI,88276b749dfffff
261570002003062,10,1,2,16094708,130019,Air Advantage,70,1,X,MI,88276b74d7fffff
261570002004000,10,1,2,16094708,130019,Air Advantage,70,1,X,MI,88276b74c5fffff
261570002004015,10,1,5,16094708,130019,Air Advantage,70,1,X,MI,88276b749dfffff
261570002004017,10,1,3,16094708,130019,Air Advantage,70,1,X,MI,88276b6649fffff
261570002004018,10,1,1,16094708,130019,Air Advantage,70,1,X,MI,88276b74bdfffff
261570002004019,10,1,1,16094708,130019,Air Advantage,70,1,X,MI,88276b74b5fffff
261570002004020,10,1,8,16094708,130019,Air Advantage,70,1,X,MI,88276b74b7fffff
261570002004020,50,10,1,16094708,130019,Air Advantage,70,1,R,MI,88276b6659fffff
261570002004023,50,10,1,16094708,130019,Air Advantage,70,1,B,MI,88276b74b7fffff
261570002004023,250,40,1,16094708,130019,Air Advantage,70,1,R,MI,88276b74b7fffff
261570002004025,10,1,1,16094708,130019,Air Advantage,70,1,X,MI,88276b2961fffff
261570002004026,10,1,1,16094708,130019,Air Advantage,70,1,X,MI,88276b2965fffff
261570002004027,10,1,4,16094708,130019,Air Advantage,70,1,X,MI,88276b74b3fffff
261570002004028,10,1,3,16094708,130019,Air Advantage,70,1,X,MI,88276b6659fffff
261570002004029,10,1,2,16094708,130019,Air Advantage,70,1,X,MI,88276b6659fffff
261570002004031,10,1,3,16094708,130019,Air Advantage,70,1,X,MI,88276b6659fffff
261570002004032,10,1,13,16094708,130019,Air Advantage,70,1,X,MI,88276b6659fffff
261570002004035,10,1,2,16094708,130019,Air Advantage,70,1,X,MI,88276b6659fffff
261570002004036,10,1,8,16094708,130019,Air Advantage,70,1,X,MI,88276b6659fffff
261570002004036,50,10,1,16094708,130019,Air Advantage,70,1,R,MI,88276b6659fffff
261570002004037,10,1,10,16094708,130019,Air Advantage,70,1,X,MI,88276b6659fffff
261570002004037,50,10,1,16094708,130019,Air Advantage,70,1,R,MI,88276b6659fffff
261570002004037,100,20,2,16094708,130019,Air Advantage,70,1,R,MI,88276b6651fffff
261570002004041,10,1,2,16094708,130019,Air Advantage,70,1,X,MI,88276b6653fffff
261570002004047,10,1,1,16094708,130019,Air Advantage,70,1,R,MI,88276b759dfffff
261570003001003,10,1,1,16094708,130019,Air Advantage,70,1,X,MI,88276b663dfffff
261570003001004,10,1,2,16094708,130019,Air Advantage,70,1,X,MI,88276b663dfffff
261570003001010,10,1,2,16094708,130019,Air Advantage,70,1,X,MI,88276b663bfffff
261570003001012,50,10,1,16094708,130019,Air Advantage,70,1,R,MI,88276b663bfffff
261570003001013,10,1,1,16094708,130019,Air Advantage,70,1,X,MI,88276b663bfffff
261570003001013,50,10,2,16094708,130019,Air Advantage,70,1,R,MI,88276b663bfffff
261570003001014,50,10,3,16094708,130019,Air Advantage,70,1,R,MI,88276b663bfffff
261570003001014,100,20,1,16094708,130019,Air Advantage,70,1,R,MI,88276b663bfffff
261570003001017,50,10,1,16094708,130019,Air Advantage,70,1,R,MI,88276b66e9fffff
261570003001017,250,40,1,16094708,130019,Air Advantage,70,1,R,MI,88276b66edfffff
261570003001019,50,10,1,16094708,130019,Air Advantage,70,1,R,MI,88276b6617fffff
261570003001019,75,15,1,16094708,130019,Air Advantage,70,1,R,MI,88276b6617fffff
261570003001020,10,1,3,16094708,130019,Air Advantage,70,1,X,MI,88276b66edfffff
261570003001021,10,1,1,16094708,130019,Air Advantage,70,1,X,MI,88276b66edfffff
261570003001022,10,1,3,16094708,130019,Air Advantage,70,1,X,MI,88276b66edfffff
261570003001022,50,10,1,16094708,130019,Air Advantage,70,1,R,MI,88276b66edfffff
261570003001022,250,40,1,16094708,130019,Air Advantage,70,1,R,MI,88276b66edfffff
261570003001023,50,10,2,16094708,130019,Air Advantage,70,1,R,MI,88276b66e1fffff
261570003001023,100,20,1,16094708,130019,Air Advantage,70,1,R,MI,88276b66e1fffff
261570003001026,10,1,5,16094708,130019,Air Advantage,70,1,X,MI,88276b66edfffff
261570003001027,50,10,3,16094708,130019,Air Advantage,70,1,R,MI,88276b66e9fffff
261570003001027,250,40,2,16094708,130019,Air Advantage,70,1,R,MI,88276b66e9fffff
261570003001028,250,40,1,16094708,130019,Air Advantage,70,1,R,MI,88276b66e9fffff
261570003001031,0,0,1,16094708,130019,Air Advantage,70,1,R,MI,88276b66edfffff
261570003001031,250,40,1,16094708,130019,Air Advantage,70,1,R,MI,88276b66e5fffff
261570003002001,0,0,1,16094708,130019,Air Advantage,70,1,R,MI,88276b6719fffff
261570003002003,10,1,1,16094708,130019,Air Advantage,70,1,X,MI,88276b6705fffff
261570003002007,10,1,1,16094708,130019,Air Advantage,70,1,X,MI,88276b6549fffff
261570003002012,10,1,1,16094708,130019,Air Advantage,70,1,X,MI,88276b6739fffff
261570003002018,10,1,1,16094708,130019,Air Advantage,70,1,X,MI,88276b6545fffff
261570003002020,10,1,1,16094708,130019,Air Advantage,70,1,X,MI,88276b6547fffff
261570003002025,10,1,2,16094708,130019,Air Advantage,70,1,X,MI,88276b6461fffff
261570003002026,10,1,1,16094708,130019,Air Advantage,70,1,X,MI,88276b646bfffff
261570003002030,10,1,4,16094708,130019,Air Advantage,70,1,X,MI,88276b6463fffff
261570003002031,10,1,5,16094708,130019,Air Advantage,70,1,X,MI,88276b642bfffff
261570003002032,10,1,1,16094708,130019,Air Advantage,70,1,X,MI,88276b6427fffff
261570003002035,10,1,7,16094708,130019,Air Advantage,70,1,X,MI,88276b6407fffff
261570003002036,10,1,2,16094708,130019,Air Advantage,70,1,X,MI,88276b6407fffff
261570003002037,0,0,1,16094708,130019,Air Advantage,70,1,R,MI,88276b6409fffff
261570003002038,10,1,2,16094708,130019,Air Advantage,70,1,X,MI,88276b640bfffff
261570003002039,10,1,1,16094708,130019,Air Advantage,70,1,X,MI,88276b6457fffff
261570003002040,10,1,1,16094708,130019,Air Advantage,70,1,X,MI,88276b6419fffff
261570003002041,10,1,1,16094708,130019,Air Advantage,70,1,X,MI,88276b65c9fffff
261570003002043,10,1,2,16094708,130019,Air Advantage,70,1,X,MI,88276b6425fffff
261570003002045,0,0,1,16094708,130019,Air Advantage,70,1,R,MI,88276b6517fffff
261570003002048,0,0,1,16094708,130019,Air Advantage,70,1,R,MI,88276b6507fffff
261570003002048,10,1,1,16094708,130019,Air Advantage,70,1,R,MI,88276b6507fffff
261570003002049,10,1,1,16094708,130019,Air Advantage,70,1,X,MI,88276b65e1fffff
261570003002050,10,1,1,16094708,130019,Air Advantage,70,1,X,MI,88276b65e9fffff
261570003002051,10,1,1,16094708,130019,Air Advantage,70,1,X,MI,88276b65cdfffff
261570003002052,10,1,6,16094708,130019,Air Advantage,70,1,X,MI,88276b6435fffff
261570003002052,250,40,1,16094708,130019,Air Advantage,70,1,R,MI,88276b6435fffff
261570003002053,10,1,4,16094708,130019,Air Advantage,70,1,X,MI,88276b6435fffff
261570003002054,10,1,3,16094708,130019,Air Advantage,70,1,X,MI,88276b6431fffff
261570003002054,50,10,2,16094708,130019,Air Advantage,70,1,R,MI,88276b6431fffff
261570003002055,10,1,1,16094708,130019,Air Advantage,70,1,X,MI,88276b6415fffff
261570003002056,0,0,1,16094708,130019,Air Advantage,70,1,R,MI,88276b6411fffff
261570003002056,10,1,7,16094708,130019,Air Advantage,70,1,X,MI,88276b6411fffff
261570003002059,10,1,1,16094708,130019,Air Advantage,70,1,X,MI,88276b65e7fffff
261570003002060,10,1,9,16094708,130019,Air Advantage,70,1,X,MI,88276b6431fffff
261570003002060,50,10,1,16094708,130019,Air Advantage,70,1,R,MI,88276b6431fffff
261570003002061,10,1,3,16094708,130019,Air Advantage,70,1,X,MI,88276b6431fffff
261570003002062,10,1,7,16094708,130019,Air Advantage,70,1,X,MI,88276b64edfffff
261570003002063,10,1,2,16094708,130019,Air Advantage,70,1,X,MI,88276b6623fffff
261570003002065,10,1,3,16094708,130019,Air Advantage,70,1,X,MI,88276b6437fffff
261570003003000,0,0,1,16094708,130019,Air Advantage,70,1,R,MI,88276b2969fffff
261570003003001,10,1,1,16094708,130019,Air Advantage,70,1,X,MI,88276b2967fffff
261570003003002,10,1,1,16094708,130019,Air Advantage,70,1,X,MI,88276b2961fffff
261570003003003,10,1,2,16094708,130019,Air Advantage,70,1,X,MI,88276b2925fffff
261570003003007,10,1,1,16094708,130019,Air Advantage,70,1,X,MI,88276b2963fffff
261570003003008,10,1,3,16094708,130019,Air Advantage,70,1,X,MI,88276b2907fffff
261570003003014,10,1,3,16094708,130019,Air Advantage,70,1,X,MI,88276b29cdfffff
261570003003015,10,1,12,16094708,130019,Air Advantage,70,1,X,MI,88276b29c9fffff
261570003003016,10,1,4,16094708,130019,Air Advantage,70,1,X,MI,88276b29cbfffff
261570003003017,10,1,9,16094708,130019,Air Advantage,70,1,X,MI,88276b29ebfffff
261570003003019,50,10,3,16094708,130019,Air Advantage,70,1,R,MI,88276b29adfffff
261570003003019,100,20,4,16094708,130019,Air Advantage,70,1,R,MI,88276b29adfffff
261570003003019,250,40,3,16094708,130019,Air Advantage,70,1,R,MI,88276b29adfffff
261570003003023,50,10,1,16094708,130019,Air Advantage,70,1,R,MI,88276b29adfffff
261570003003023,75,15,2,16094708,130019,Air Advantage,70,1,R,MI,88276b29a9fffff
261570003003024,50,10,2,16094708,130019,Air Advantage,70,1,R,MI,88276b29adfffff
261570003003024,100,20,1,16094708,130019,Air Advantage,70,1,R,MI,88276b29adfffff
261570003003026,100,20,1,16094708,130019,Air Advantage,70,1,R,MI,88276b66d3fffff
261570003003033,50,10,1,16094708,130019,Air Advantage,70,1,R,MI,88276b66e7fffff
261570003003034,0,0,1,16094708,130019,Air Advantage,70,1,R,MI,88276b66adfffff
261570003003034,10,1,2,16094708,130019,Air Advantage,70,1,X,MI,88276b66a5fffff
261570003003035,0,0,1,16094708,130019,Air Advantage,70,1,R,MI,88276b6457fffff
261570003003035,10,1,2,16094708,130019,Air Advantage,70,1,X,MI,88276b6457fffff
261570003003038,10,1,2,16094708,130019,Air Advantage,70,1,X,MI,88276b66a7fffff
261570003003039,10,1,3,16094708,130019,Air Advantage,70,1,X,MI,88276b66a7fffff
261570003003040,10,1,3,16094708,130019,Air Advantage,70,1,X,MI,88276b6413fffff
261570003003041,10,1,13,16094708,130019,Air Advantage,70,1,X,MI,88276b29ebfffff
261570003003043,10,1,4,16094708,130019,Air Advantage,70,1,X,MI,88276b298dfffff
261570003004029,10,1,1,16094708,130019,Air Advantage,70,1,X,MI,88276b6765fffff
261570003004043,10,1,1,16094708,130019,Air Advantage,70,1,R,MI,88276b758dfffff
261570003004049,0,0,1,16094708,130019,Air Advantage,70,1,R,MI,88276b75b3fffff
261570003004060,10,1,1,16094708,130019,Air Advantage,70,1,X,MI,88276b6767fffff
261570003004067,10,1,1,16094708,130019,Air Advantage,70,1,R,MI,88276b60d9fffff
261570004001003,10,1,1,16094708,130019,Air Advantage,70,1,X,MI,88276b2041fffff
261570004001053,0,0,1,16094708,130019,Air Advantage,70,1,R,MI,88276b21d1fffff
261570004002025,10,1,3,16094708,130019,Air Advantage,70,1,X,MI,88276b2827fffff
261570004002033,10,1,1,16094708,130019,Air Advantage,70,1,X,MI,88276b284bfffff
261570004002034,10,1,4,16094708,130019,Air Advantage,70,1,X,MI,88276b2849fffff
261570004002037,10,1,1,16094708,130019,Air Advantage,70,1,X,MI,88276b284bfffff
261570004002040,0,0,1,16094708,130019,Air Advantage,70,1,R,MI,88276b2857fffff
261570004002041,10,1,1,16094708,130019,Air Advantage,70,1,X,MI,88276b2853fffff
261570004002044,10,1,1,16094708,130019,Air Advantage,70,1,X,MI,88276b284bfffff
261570004003008,0,0,1,16094708,130019,Air Advantage,70,1,B,MI,88276b213bfffff
261570004003017,10,1,1,16094708,130019,Air Advantage,70,1,X,MI,88276b2a39fffff
261570004003025,10,1,1,16094708,130019,Air Advantage,70,1,B,MI,88276b2ac1fffff
261570004003027,10,1,18,16094708,130019,Air Advantage,70,1,X,MI,88276b2aebfffff
261570004003028,10,1,8,16094708,130019,Air Advantage,70,1,X,MI,88276b2a13fffff
261570004003029,10,1,1,16094708,130019,Air Advantage,70,1,X,MI,88276b2125fffff
261570004003031,10,1,1,16094708,130019,Air Advantage,70,1,X,MI,88276b2125fffff
261570004003035,10,1,1,16094708,130019,Air Advantage,70,1,X,MI,88276b2a3bfffff
261570004003039,10,1,2,16094708,130019,Air Advantage,70,1,X,MI,88276b2a17fffff
261570004003040,10,1,3,16094708,130019,Air Advantage,70,1,X,MI,88276b2a3bfffff
261570004003041,10,1,1,16094708,130019,Air Advantage,70,1,X,MI,88276b2aedfffff
261570004003042,10,1,1,16094708,130019,Air Advantage,70,1,X,MI,88276b2ae5fffff
261570004003044,10,1,1,16094708,130019,Air Advantage,70,1,X,MI,88276b2a17fffff
261570004003046,10,1,3,16094708,130019,Air Advantage,70,1,X,MI,88276b2ae1fffff
261570004003047,10,1,5,16094708,130019,Air Advantage,70,1,X,MI,88276b2aebfffff
261570004003048,10,1,3,16094708,130019,Air Advantage,70,1,X,MI,88276b2aa5fffff
261570004003049,10,1,7,16094708,130019,Air Advantage,70,1,X,MI,88276b2aa5fffff
261570005001024,0,0,1,16094708,130019,Air Advantage,70,1,R,MI,88276b28dbfffff
261570005001056,50,10,3,16094708,130019,Air Advantage,70,1,R,MI,88276b2899fffff
261570005001059,10,1,1,16094708,130019,Air Advantage,70,1,B,MI,88276b2899fffff
261570005002001,0,0,2,16094708,130019,Air Advantage,70,1,R,MI,88276b2e23fffff
261570005002025,50,10,1,16094708,130019,Air Advantage,70,1,B,MI,88274d9213fffff
261570005002045,10,1,1,16094708,130019,Air Advantage,70,1,X,MI,88276b2c59fffff
261570005002052,10,1,2,16094708,130019,Air Advantage,70,1,X,MI,88276b2c59fffff
261570005003015,0,0,1,16094708,130019,Air Advantage,70,1,R,MI,88276b2f49fffff
261570005003036,50,10,1,16094708,130019,Air Advantage,70,1,R,MI,88276b2e6dfffff
261570005004020,0,0,1,16094708,130019,Air Advantage,70,1,R,MI,88276b2e1bfffff
261570005004022,0,0,1,16094708,130019,Air Advantage,70,1,R,MI,88276b2e13fffff
261570005004026,0,0,1,16094708,130019,Air Advantage,70,1,R,MI,88276b2ec9fffff
261570005004034,10,1,1,16094708,130019,Air Advantage,70,1,X,MI,88276b2ec5fffff
261570005004037,10,1,2,16094708,130019,Air Advantage,70,1,X,MI,88276b2eebfffff
261570005004038,0,0,1,16094708,130019,Air Advantage,70,1,R,MI,88276b2eedfffff
261570005004040,10,1,1,16094708,130019,Air Advantage,70,1,X,MI,88276b2c59fffff
261570005004041,10,1,2,16094708,130019,Air Advantage,70,1,X,MI,88276b2ee7fffff
261570005004045,10,1,2,16094708,130019,Air Advantage,70,1,X,MI,88276b2ee3fffff
261570005004050,10,1,1,16094708,130019,Air Advantage,70,1,X,MI,88276b2ee7fffff
261570005004053,10,1,2,16094708,130019,Air Advantage,70,1,X,MI,88276b2ee3fffff
261570006001000,10,1,16,16094708,130019,Air Advantage,70,1,X,MI,88276b29d1fffff
261570006001000,250,250,1,16094708,130019,Air Advantage,70,1,B,MI,88276b29d1fffff
261570006001005,10,1,1,16094708,130019,Air Advantage,70,1,X,MI,88276b29d5fffff
261570006001006,10,1,4,16094708,130019,Air Advantage,70,1,X,MI,88276b298bfffff
261570006001007,50,10,1,16094708,130019,Air Advantage,70,1,R,MI,88276b29a9fffff
261570006001007,100,20,1,16094708,130019,Air Advantage,70,1,R,MI,88276b29a9fffff
261570006001009,0,0,1,16094708,130019,Air Advantage,70,1,R,MI,88276b299dfffff
261570006001010,10,1,3,16094708,130019,Air Advantage,70,1,X,MI,88276b298bfffff
261570006001032,10,1,1,16094708,130019,Air Advantage,70,1,B,MI,88276b29d3fffff
261570006002006,10,1,3,16094708,130019,Air Advantage,70,1,X,MI,88276b29d1fffff
261570006002012,100,50,1,16094708,130019,Air Advantage,70,1,B,MI,88276b28e7fffff
261570006002051,30,30,1,16094708,130019,Air Advantage,70,1,B,MI,88276b28e7fffff
261570006002051,100,100,1,16094708,130019,Air Advantage,70,1,B,MI,88276b28e7fffff
261570006003005,10,1,5,16094708,130019,Air Advantage,70,1,X,MI,88276b2833fffff
261570006003012,10,1,4,16094708,130019,Air Advantage,70,1,X,MI,88276b2833fffff
261570006003012,1000,200,1,16094708,130019,Air Advantage,70,1,R,MI,88276b29d9fffff
261570006003013,10,1,8,16094708,130019,Air Advantage,70,1,X,MI,88276b29d9fffff
261570006003025,10,1,13,16094708,130019,Air Advantage,70,1,X,MI,88276b29dbfffff
261570006004000,100,20,1,16094708,130019,Air Advantage,70,1,B,MI,88276b28adfffff
261570006004013,100,50,1,16094708,130019,Air Advantage,70,1,B,MI,88276b28adfffff
261570006004015,10,1,1,16094708,130019,Air Advantage,70,1,B,MI,88276b28adfffff
261570007001003,0,0,1,16094708,130019,Air Advantage,70,1,R,MI,88276b6693fffff
261570007001008,10,1,1,16094708,130019,Air Advantage,70,1,R,MI,88276b64ddfffff
261570007001016,10,1,1,16094708,130019,Air Advantage,70,1,R,MI,88276b6499fffff
261570007001033,0,0,1,16094708,130019,Air Advantage,70,1,R,MI,88274d9335fffff
261570007002001,10,1,1,16094708,130019,Air Advantage,70,1,X,MI,88276b64c5fffff
261570007002002,10,1,3,16094708,130019,Air Advantage,70,1,X,MI,88276b64e3fffff
261570007002003,10,1,5,16094708,130019,Air Advantage,70,1,X,MI,88276b65d3fffff
261570007002004,10,1,12,16094708,130019,Air Advantage,70,1,X,MI,88276b64a1fffff
261570007002005,10,1,3,16094708,130019,Air Advantage,70,1,X,MI,88276b64e7fffff
261570007002007,10,1,2,16094708,130019,Air Advantage,70,1,X,MI,88276b64ebfffff
261570007002008,10,1,16,16094708,130019,Air Advantage,70,1,X,MI,88276b64a7fffff
261570007002009,10,1,3,16094708,130019,Air Advantage,70,1,R,MI,88276b6483fffff
261570007002012,10,1,1,16094708,130019,Air Advantage,70,1,R,MI,88276b64b9fffff
261570007002014,10,1,1,16094708,130019,Air Advantage,70,1,X,MI,88276b64b5fffff
261570007002015,10,1,1,16094708,130019,Air Advantage,70,1,X,MI,88274d9a47fffff
261570007002016,10,1,4,16094708,130019,Air Advantage,70,1,X,MI,88276b64b3fffff
261570007002017,10,1,3,16094708,130019,Air Advantage,70,1,X,MI,88274d9165fffff
261570007002030,10,1,2,16094708,130019,Air Advantage,70,1,X,MI,88274d9a11fffff
261570007002031,0,0,1,16094708,130019,Air Advantage,70,1,R,MI,88274d9161fffff
261570007002031,10,1,2,16094708,130019,Air Advantage,70,1,X,MI,88274d9161fffff
261570007003025,75,15,1,16094708,130019,Air Advantage,70,1,B,MI,88274d926dfffff
261570007003025,250,40,1,16094708,130019,Air Advantage,70,1,B,MI,88274d9359fffff
261570007003046,0,0,1,16094708,130019,Air Advantage,70,1,R,MI,88274d9223fffff
261570008001000,10,1,19,16094708,130019,Air Advantage,70,1,X,MI,88276b65d5fffff
261570008001004,10,1,2,16094708,130019,Air Advantage,70,1,X,MI,88276b65abfffff
261570008001005,10,1,2,16094708,130019,Air Advantage,70,1,X,MI,88276b65a1fffff
261570008001007,10,1,2,16094708,130019,Air Advantage,70,1,X,MI,88276b65a1fffff
261570008001011,10,1,1,16094708,130019,Air Advantage,70,1,R,MI,88276b6581fffff
261570008001013,10,1,3,16094708,130019,Air Advantage,70,1,X,MI,88276b65d5fffff
261570008001019,10,1,19,16094708,130019,Air Advantage,70,1,X,MI,88276b65a3fffff
261570008001020,10,1,10,16094708,130019,Air Advantage,70,1,X,MI,88276b65a3fffff
261570008001032,10,1,19,16094708,130019,Air Advantage,70,1,X,MI,88276b65d3fffff
261570008002000,10,1,2,16094708,130019,Air Advantage,70,1,X,MI,88276b6591fffff
261570008002002,10,1,1,16094708,130019,Air Advantage,70,1,X,MI,88274d9a41fffff
261570008002003,10,1,2,16094708,130019,Air Advantage,70,1,X,MI,88274d9a09fffff
261570008002006,10,1,1,16094708,130019,Air Advantage,70,1,X,MI,88274d9a05fffff
261570008002007,10,1,1,16094708,130019,Air Advantage,70,1,X,MI,88274d9a63fffff
261570008002009,10,1,9,16094708,130019,Air Advantage,70,1,X,MI,88274d9a21fffff
261570008002011,10,1,4,16094708,130019,Air Advantage,70,1,X,MI,88274d9a25fffff
261570008002012,10,1,3,16094708,130019,Air Advantage,70,1,X,MI,88274d9a67fffff
261570008002013,0,0,1,16094708,130019,Air Advantage,70,1,R,MI,88274d9b55fffff
261570008002013,10,1,1,16094708,130019,Air Advantage,70,1,R,MI,88274d9b57fffff
261570008002014,10,1,12,16094708,130019,Air Advantage,70,1,X,MI,88274d9b19fffff
261570008002015,10,1,11,16094708,130019,Air Advantage,70,1,X,MI,88274d9b19fffff
261570008002017,10,1,2,16094708,130019,Air Advantage,70,1,X,MI,88274d9a25fffff
261570008002018,10,1,5,16094708,130019,Air Advantage,70,1,X,MI,88274d9b1dfffff
261570008002022,10,1,10,16094708,130019,Air Advantage,70,1,X,MI,88274d9b1bfffff
261570008002023,10,1,2,16094708,130019,Air Advantage,70,1,X,MI,88274d9a27fffff
261570008002024,10,1,16,16094708,130019,Air Advantage,70,1,X,MI,88274d9a25fffff
261570008002026,10,1,5,16094708,130019,Air Advantage,70,1,X,MI,88274d9a27fffff
261570008002027,10,1,9,16094708,130019,Air Advantage,70,1,X,MI,88274d9a21fffff
261570008002028,10,1,3,16094708,130019,Air Advantage,70,1,X,MI,88274d9a23fffff
261570008002030,10,1,1,16094708,130019,Air Advantage,70,1,X,MI,88274d9a21fffff
261570008002033,10,1,2,16094708,130019,Air Advantage,70,1,X,MI,88274d9a3dfffff
261570008002034,10,1,1,16094708,130019,Air Advantage,70,1,X,MI,88274d9a15fffff
261570008002038,10,1,1,16094708,130019,Air Advantage,70,1,X,MI,88274d984dfffff
261570008002042,10,1,1,16094708,130019,Air Advantage,70,1,X,MI,88274d9849fffff
261570008002043,10,1,4,16094708,130019,Air Advantage,70,1,X,MI,88274d9a35fffff
261570008002046,0,0,1,16094708,130019,Air Advantage,70,1,R,MI,88274d9805fffff
261570008002046,10,1,2,16094708,130019,Air Advantage,70,1,X,MI,88274d9801fffff
261570008002049,10,1,1,16094708,130019,Air Advantage,70,1,X,MI,88274d9a35fffff
261570008002058,10,1,1,16094708,130019,Air Advantage,70,1,R,MI,88274d9815fffff
261570008002065,10,1,1,16094708,130019,Air Advantage,70,1,X,MI,88274d9a27fffff
261570008002066,10,1,4,16094708,130019,Air Advantage,70,1,X,MI,88274d9a27fffff
261570008003001,10,1,1,16094708,130019,Air Advantage,70,1,X,MI,88274d9a17fffff
261570008003002,10,1,1,16094708,130019,Air Advantage,70,1,X,MI,88274d9aedfffff
261570008003003,10,1,1,16094708,130019,Air Advantage,70,1,X,MI,88274d9a85fffff
261570008003004,10,1,1,16094708,130019,Air Advantage,70,1,X,MI,88274d9a81fffff
261570008003006,10,1,1,16094708,130019,Air Advantage,70,1,X,MI,88274d9a81fffff
261570008003014,0,0,1,16094708,130019,Air Advantage,70,1,R,MI,88274d98e9fffff
261570008003018,10,1,3,16094708,130019,Air Advantage,70,1,X,MI,88274d9aabfffff
261570008003020,100,20,2,16094708,130019,Air Advantage,70,1,R,MI,88274d98c5fffff
261570008003020,300,100,1,16094708,130019,Air Advantage,70,1,B,MI,88274d98c7fffff
261570008003021,50,10,3,16094708,130019,Air Advantage,70,1,R,MI,88274d98ebfffff
261570008003021,75,15,1,16094708,130019,Air Advantage,70,1,R,MI,88274d98c5fffff
261570008003021,100,20,1,16094708,130019,Air Advantage,70,1,R,MI,88274d98c5fffff
261570008003026,10,1,1,16094708,130019,Air Advantage,70,1,X,MI,88274d98e7fffff
261570008003027,10,1,2,16094708,130019,Air Advantage,70,1,X,MI,88274d9833fffff
261570008003028,10,1,2,16094708,130019,Air Advantage,70,1,X,MI,88274d9837fffff
261570008003029,50,10,1,16094708,130019,Air Advantage,70,1,R,MI,88274d98e9fffff
261570008003029,75,15,2,16094708,130019,Air Advantage,70,1,R,MI,88274d98e9fffff
261570008003029,1000,200,1,16094708,130019,Air Advantage,70,1,R,MI,88274d98e9fffff
261570008003039,10,1,3,16094708,130019,Air Advantage,70,1,X,MI,88274d98adfffff
261570008004001,10,1,2,16094708,130019,Air Advantage,70,1,X,MI,88274d9a67fffff
261570008004010,10,1,2,16094708,130019,Air Advantage,70,1,X,MI,88276b65a7fffff
261570008004013,10,1,2,16094708,130019,Air Advantage,70,1,X,MI,88276b65a7fffff
261570008004014,10,1,32,16094708,130019,Air Advantage,70,1,X,MI,88276b65a7fffff
261570008004015,10,1,18,16094708,130019,Air Advantage,70,1,X,MI,88276b65a7fffff
261570008004018,10,1,1,16094708,130019,Air Advantage,70,1,X,MI,88276b65a5fffff
261570008004019,10,1,1,16094708,130019,Air Advantage,70,1,X,MI,88276b65a1fffff
261570008004020,10,1,13,16094708,130019,Air Advantage,70,1,X,MI,88274d9b49fffff
261570009001001,10,1,10,16094708,130019,Air Advantage,70,1,X,MI,88274d9ac3fffff
261570009001001,100,50,1,16094708,130019,Air Advantage,70,1,B,MI,88274d9ac3fffff
261570009001002,10,1,6,16094708,130019,Air Advantage,70,1,X,MI,88274d9ac3fffff
261570009001005,10,1,3,16094708,130019,Air Advantage,70,1,X,MI,88274d9ac7fffff
261570009001006,10,1,3,16094708,130019,Air Advantage,70,1,X,MI,88274d9ac7fffff
261570009001007,10,1,2,16094708,130019,Air Advantage,70,1,X,MI,88274d9ac7fffff
261570009001018,10,1,6,16094708,130019,Air Advantage,70,1,X,MI,88274d9ac3fffff
261570009001019,10,1,4,16094708,130019,Air Advantage,70,1,X,MI,88274d9ac7fffff
261570009001021,10,1,17,16094708,130019,Air Advantage,70,1,X,MI,88274d9ac7fffff
261570009001023,10,1,7,16094708,130019,Air Advantage,70,1,X,MI,88274d9ac3fffff
261570009001025,10,1,3,16094708,130019,Air Advantage,70,1,X,MI,88274d9ac3fffff
261570009001032,10,1,4,16094708,130019,Air Advantage,70,1,X,MI,88274d9a8dfffff
261570009002001,0,0,1,16094708,130019,Air Advantage,70,1,R,MI,88274d903bfffff
261570009002001,50,10,4,16094708,130019,Air Advantage,70,1,R,MI,88274d903bfffff
261570009002001,75,15,5,16094708,130019,Air Advantage,70,1,R,MI,88274d903bfffff
261570009002001,100,20,4,16094708,130019,Air Advantage,70,1,R,MI,88274d903bfffff
261570009002002,75,15,1,16094708,130019,Air Advantage,70,1,R,MI,88274d9035fffff
261570009002002,100,20,1,16094708,130019,Air Advantage,70,1,R,MI,88274d9037fffff
261570009002019,100,100,1,16094708,130019,Air Advantage,70,1,B,MI,88274d9addfffff
261570009002027,50,10,1,16094708,130019,Air Advantage,70,1,R,MI,88274d9037fffff
261570009002027,75,15,1,16094708,130019,Air Advantage,70,1,R,MI,88274d9037fffff
261570009002027,100,20,2,16094708,130019,Air Advantage,70,1,R,MI,88274d9037fffff
261570009002028,50,10,3,16094708,130019,Air Advantage,70,1,R,MI,88274d9033fffff
261570009002028,75,15,4,16094708,130019,Air Advantage,70,1,R,MI,88274d91d9fffff
261570009002028,100,20,5,16094708,130019,Air Advantage,70,1,R,MI,88274d9033fffff
261570009002028,250,40,1,16094708,130019,Air Advantage,70,1,R,MI,88274d9037fffff
261570009002028,250,50,1,16094708,130019,Air Advantage,70,1,R,MI,88274d90e5fffff
261570009002029,50,10,2,16094708,130019,Air Advantage,70,1,R,MI,88274d91d9fffff
261570009002030,75,15,2,16094708,130019,Air Advantage,70,1,R,MI,88274d91d9fffff
261570009002030,100,20,1,16094708,130019,Air Advantage,70,1,R,MI,88274d91d9fffff
261570009002032,100,20,1,16094708,130019,Air Advantage,70,1,R,MI,88274d91c3fffff
261570009002039,10,1,1,16094708,130019,Air Advantage,70,1,B,MI,88274d91c3fffff
261570009002039,50,10,4,16094708,130019,Air Advantage,70,1,R,MI,88274d91c3fffff
261570009002039,100,20,5,16094708,130019,Air Advantage,70,1,R,MI,88274d91d5fffff
261570009003013,10,1,3,16094708,130019,Air Advantage,70,1,X,MI,88274d9127fffff
261570009003018,10,1,8,16094708,130019,Air Advantage,70,1,X,MI,88274d9ac7fffff
261570009003023,10,1,2,16094708,130019,Air Advantage,70,1,X,MI,88274d9135fffff
261570009003025,10,1,1,16094708,130019,Air Advantage,70,1,X,MI,88274d9ac9fffff
261570009003026,10,1,2,16094708,130019,Air Advantage,70,1,X,MI,88274d9ac1fffff
261570009003027,10,1,4,16094708,130019,Air Advantage,70,1,X,MI,88274d9ac9fffff
261570009003030,10,1,3,16094708,130019,Air Advantage,70,1,X,MI,88274d9acbfffff
261570009003031,10,1,2,16094708,130019,Air Advantage,70,1,X,MI,88274d9acbfffff
261570009003041,10,1,3,16094708,130019,Air Advantage,70,1,X,MI,88274d9ac7fffff
261570009003044,10,1,1,16094708,130019,Air Advantage,70,1,X,MI,88274d9ac3fffff
261570009003045,10,1,5,16094708,130019,Air Advantage,70,1,X,MI,88274d9ac3fffff
261570009003046,10,1,5,16094708,130019,Air Advantage,70,1,X,MI,88274d9ac3fffff
261570009003049,10,1,2,16094708,130019,Air Advantage,70,1,X,MI,88274d9acbfffff
261570009004000,50,10,2,16094708,130019,Air Advantage,70,1,R,MI,88274d91ebfffff
261570009004000,75,15,1,16094708,130019,Air Advantage,70,1,R,MI,88274d918dfffff
261570009004000,100,20,1,16094708,130019,Air Advantage,70,1,R,MI,88274d918dfffff
261570009004001,75,15,1,16094708,130019,Air Advantage,70,1,R,MI,88274d91e1fffff
261570009004020,10,1,5,16094708,130019,Air Advantage,70,1,X,MI,88274d9ad3fffff
261570009004021,10,1,3,16094708,130019,Air Advantage,70,1,X,MI,88274d9ad5fffff
261570009004022,10,1,7,16094708,130019,Air Advantage,70,1,X,MI,88274d9ad5fffff
261570009004023,10,1,1,16094708,130019,Air Advantage,70,1,X,MI,88274d9ad5fffff
261570009004024,10,1,1,16094708,130019,Air Advantage,70,1,X,MI,88274d9ac3fffff
261570009004025,10,1,1,16094708,130019,Air Advantage,70,1,X,MI,88274d9ad5fffff
261570009004030,10,1,5,16094708,130019,Air Advantage,70,1,X,MI,88274d9ad5fffff
261570009004031,10,1,4,16094708,130019,Air Advantage,70,1,X,MI,88274d9ad7fffff
261570009004032,10,1,3,16094708,130019,Air Advantage,70,1,X,MI,88274d9ad5fffff
261570009004033,10,1,2,16094708,130019,Air Advantage,70,1,X,MI,88274d9ad7fffff
261570009004035,100,20,1,16094708,130019,Air Advantage,70,1,R,MI,88274d9187fffff
261570009004037,10,1,1,16094708,130019,Air Advantage,70,1,X,MI,88274d9ad3fffff
261570010001001,75,15,1,16094708,130019,Air Advantage,70,1,R,MI,88274d92c5fffff
261570010001001,1000,200,1,16094708,130019,Air Advantage,70,1,B,MI,88274d92c5fffff
261570010001040,75,15,3,16094708,130019,Air Advantage,70,1,R,MI,88274d976dfffff
261570010001040,100,20,1,16094708,130019,Air Advantage,70,1,R,MI,88274d976dfffff
261570010001043,0,0,2,16094708,130019,Air Advantage,70,1,R,MI,88274d92bbfffff
261570010001043,100,20,2,16094708,130019,Air Advantage,70,1,R,MI,88274d92b7fffff
261570010001051,50,10,2,16094708,130019,Air Advantage,70,1,R,MI,88274d903bfffff
261570010001053,100,20,1,16094708,130019,Air Advantage,70,1,B,MI,88274d90e1fffff
261570010001054,30,10,1,16094708,130019,Air Advantage,70,1,B,MI,88274d92b3fffff
261570010001054,50,10,3,16094708,130019,Air Advantage,70,1,R,MI,88274d976dfffff
261570010002002,100,20,2,16094708,130019,Air Advantage,70,1,R,MI,88274d9765fffff
261570010002004,1000,100,1,16094708,130019,Air Advantage,70,1,B,MI,88274d976bfffff
261570010002007,0,0,1,16094708,130019,Air Advantage,70,1,R,MI,88274d976bfffff
261570010002008,0,0,1,16094708,130019,Air Advantage,70,1,R,MI,88274d972bfffff
261570010002018,1000,1000,1,16094708,130019,Air Advantage,70,1,B,MI,88274d970dfffff
261570010002024,0,0,1,16094708,130019,Air Advantage,70,1,R,MI,88274d9747fffff
261570010003003,50,10,1,16094708,130019,Air Advantage,70,1,R,MI,88274d90ddfffff
261570010003005,50,10,1,16094708,130019,Air Advantage,70,1,R,MI,88274d90ebfffff
261570010003005,75,15,1,16094708,130019,Air Advantage,70,1,R,MI,88274d90ebfffff
261570010003006,75,15,1,16094708,130019,Air Advantage,70,1,R,MI,88274d90ebfffff
261570010003007,50,10,1,16094708,130019,Air Advantage,70,1,R,MI,88274d90e7fffff
261570010003008,75,15,1,16094708,130019,Air Advantage,70,1,R,MI,88274d90e7fffff
261570010003013,250,40,1,16094708,130019,Air Advantage,70,1,B,MI,88274d90e7fffff
261570010003015,50,10,1,16094708,130019,Air Advantage,70,1,R,MI,88274d91d9fffff
261570010003016,50,10,4,16094708,130019,Air Advantage,70,1,R,MI,88274d91d1fffff
261570010003016,75,15,1,16094708,130019,Air Advantage,70,1,R,MI,88274d91d1fffff
261570010003016,100,20,1,16094708,130019,Air Advantage,70,1,R,MI,88274d91d1fffff
261570010003017,50,10,1,16094708,130019,Air Advantage,70,1,R,MI,88274d91d5fffff
261570010003017,75,15,1,16094708,130019,Air Advantage,70,1,R,MI,88274d91d5fffff
261570010003017,100,20,1,16094708,130019,Air Advantage,70,1,R,MI,88274d91d5fffff
261570010003035,0,0,1,16094708,130019,Air Advantage,70,1,R,MI,88274d90d5fffff
261570010004000,50,10,2,16094708,130019,Air Advantage,70,1,R,MI,88274d918dfffff
261570010004000,100,20,2,16094708,130019,Air Advantage,70,1,B,MI,88274d91c3fffff
261570010004001,75,15,1,16094708,130019,Air Advantage,70,1,R,MI,88274d9187fffff
261570010004008,50,10,1,16094708,130019,Air Advantage,70,1,R,MI,88274d91b9fffff
261570011001005,10,1,1,16094708,130019,Air Advantage,70,1,X,MI,88276b2e87fffff
261570011001006,10,1,2,16094708,130019,Air Advantage,70,1,X,MI,88276b2ea9fffff
261570011001009,10,1,1,16094708,130019,Air Advantage,70,1,X,MI,88276b2ea9fffff
261570011001010,10,1,2,16094708,130019,Air Advantage,70,1,X,MI,88276b2ee7fffff
261570011001011,10,1,1,16094708,130019,Air Advantage,70,1,X,MI,88276b2ea5fffff
261570011001035,30,10,1,16094708,130019,Air Advantage,70,1,R,MI,882ab65b0bfffff
261570011001055,10,1,3,16094708,130019,Air Advantage,70,1,X,MI,88276b2c9dfffff
261570011001068,10,1,2,16094708,130019,Air Advantage,70,1,X,MI,882ab65941fffff
261570011001070,10,1,3,16094708,130019,Air Advantage,70,1,X,MI,88276b2c97fffff
261570011001072,10,1,1,16094708,130019,Air Advantage,70,1,X,MI,88276b2c97fffff
261570011001074,10,1,1,16094708,130019,Air Advantage,70,1,X,MI,882ab6594dfffff
261570011002000,10,1,1,16094708,130019,Air Advantage,70,1,X,MI,88276b2c53fffff
261570011002006,10,1,1,16094708,130019,Air Advantage,70,1,X,MI,88276b2cc5fffff
261570011002036,0,0,1,16094708,130019,Air Advantage,70,1,R,MI,88276b2cb1fffff
261570011002038,10,1,2,16094708,130019,Air Advantage,70,1,X,MI,88276b2cbbfffff
261570011002040,10,1,2,16094708,130019,Air Advantage,70,1,X,MI,88276b2c97fffff
261570011002041,10,1,4,16094708,130019,Air Advantage,70,1,X,MI,882ab65969fffff
261570011002042,10,1,2,16094708,130019,Air Advantage,70,1,X,MI,88276b2cbbfffff
261570011002043,10,1,5,16094708,130019,Air Advantage,70,1,R,MI,88276b2cb7fffff
261570011002046,0,0,1,16094708,130019,Air Advantage,70,1,R,MI,88274d9669fffff
261570011002047,0,0,1,16094708,130019,Air Advantage,70,1,R,MI,88274d9645fffff
261570011003019,0,0,1,16094708,130019,Air Advantage,70,1,R,MI,88276b2da9fffff
261570012001000,10,1,14,16094708,130019,Air Advantage,70,1,X,MI,88274d973dfffff
261570012001001,10,1,3,16094708,130019,Air Advantage,70,1,R,MI,88274d9723fffff
261570012001002,0,0,1,16094708,130019,Air Advantage,70,1,R,MI,88274d9727fffff
261570012001005,0,0,1,16094708,130019,Air Advantage,70,1,R,MI,88274d973bfffff
261570012001005,10,1,9,16094708,130019,Air Advantage,70,1,X,MI,88274d955dfffff
261570012001009,10,1,1,16094708,130019,Air Advantage,70,1,X,MI,88274d9551fffff
261570012001010,10,1,3,16094708,130019,Air Advantage,70,1,X,MI,88274d9559fffff
261570013001010,10,1,1,16094708,130019,Air Advantage,70,1,X,MI,88274d98a1fffff
261570013002007,50,10,1,16094708,130019,Air Advantage,70,1,R,MI,88274d804dfffff
261570013002007,75,15,1,16094708,130019,Air Advantage,70,1,R,MI,88274d804dfffff
261614310002000,10,1,1,16094708,130019,Air Advantage,70,1,X,MI,8827498e09fffff
261614310003005,10,1,1,16094708,130019,Air Advantage,70,1,X,MI,8827498e59fffff
261614310003008,10,1,13,16094708,130019,Air Advantage,70,1,X,MI,8827498e51fffff
261614310003009,10,1,4,16094708,130019,Air Advantage,70,1,X,MI,8827498e5bfffff
261614310003010,10,1,1,16094708,130019,Air Advantage,70,1,X,MI,8827498e5bfffff
261614310003011,10,1,1,16094708,130019,Air Advantage,70,1,X,MI,8827498e5bfffff
261614310003013,10,1,9,16094708,130019,Air Advantage,70,1,X,MI,8827498e5bfffff
261614310004010,10,1,3,16094708,130019,Air Advantage,70,1,X,MI,8827498e5bfffff
261614310004016,10,1,3,16094708,130019,Air Advantage,70,1,X,MI,8827498e5bfffff
261614310004020,10,1,1,16094708,130019,Air Advantage,70,1,X,MI,8827498e53fffff
261614320002001,0,0,1,16094708,130019,Air Advantage,70,1,R,MI,88274995edfffff
261614462001003,10,1,1,16094708,130019,Air Advantage,70,1,X,MI,8827498265fffff
261614462001006,10,1,1,16094708,130019,Air Advantage,70,1,X,MI,8827498261fffff
261614462001008,10,1,1,16094708,130019,Air Advantage,70,1,X,MI,8827498261fffff
261614462001012,10,1,1,16094708,130019,Air Advantage,70,1,X,MI,8827498261fffff
261614462002001,10,1,1,16094708,130019,Air Advantage,70,1,X,MI,882749826dfffff
261614462002004,10,1,2,16094708,130019,Air Advantage,70,1,X,MI,882749826dfffff
261614462002013,50,10,1,16094708,130019,Air Advantage,70,1,B,MI,8827498269fffff
261614462002016,10,1,1,16094708,130019,Air Advantage,70,1,X,MI,8827498269fffff
261614462002017,10,1,1,16094708,130019,Air Advantage,70,1,X,MI,8827498269fffff
261614464002027,10,1,1,16094708,130019,Air Advantage,70,1,B,MI,882749826bfffff
261614470001007,0,0,1,16094708,130019,Air Advantage,70,1,R,MI,8827498323fffff
261614470001016,10,1,1,16094708,130019,Air Advantage,70,1,X,MI,8827498333fffff
261614470001017,10,1,1,16094708,130019,Air Advantage,70,1,X,MI,8827498333fffff
261614470002002,10,1,2,16094708,130019,Air Advantage,70,1,X,MI,8827498357fffff
261614470002009,10,1,8,16094708,130019,Air Advantage,70,1,X,MI,882749822dfffff
261614470002011,10,1,1,16094708,130019,Air Advantage,70,1,X,MI,8827498267fffff
261614470002020,10,1,5,16094708,130019,Air Advantage,70,1,X,MI,8827498235fffff
261614470004010,0,0,1,16094708,130019,Air Advantage,70,1,R,MI,88274991a3fffff
261614470004029,0,0,1,16094708,130019,Air Advantage,70,1,R,MI,882749830bfffff
261614470004029,10,1,3,16094708,130019,Air Advantage,70,1,X,MI,882749830bfffff
261614470004030,10,1,1,16094708,130019,Air Advantage,70,1,X,MI,8827498355fffff
261614470004035,10,1,1,16094708,130019,Air Advantage,70,1,X,MI,88274991bbfffff
261614470004043,0,0,1,16094708,130019,Air Advantage,70,1,R,MI,8827498307fffff
