block_geoid,max_advertised_download_speed,max_advertised_upload_speed,count,frn,provider_id,brand_name,technology,low_latency,business_residential_code,state_usps,h3_res8_id
260350001001009,100,20,1,12037123,170025,CMS Internet,70,1,X,MI,88274c815dfffff
260350004001041,100,20,1,12037123,170025,CMS Internet,70,1,X,MI,88274c1a91fffff
260350006001018,100,20,3,12037123,170025,CMS Internet,70,1,X,MI,88274c155dfffff
260350008001015,100,20,1,12037123,170025,CMS Internet,70,1,X,MI,88274c81e9fffff
260350008001017,100,20,1,12037123,170025,CMS Internet,70,1,X,MI,88274c81e3fffff
260350008001018,100,20,1,12037123,170025,CMS Internet,70,1,X,MI,88274c81e3fffff
260350008001028,100,20,5,12037123,170025,CMS Internet,70,1,X,MI,88274c81a3fffff
260350008001035,100,20,1,12037123,170025,CMS Internet,70,1,X,MI,88274c81b1fffff
260350008001038,100,20,2,12037123,170025,CMS Internet,70,1,X,MI,88274c8f57fffff
260350008001039,100,20,4,12037123,170025,CMS Internet,70,1,X,MI,88274c8f57fffff
260350008001043,100,20,4,12037123,170025,CMS Internet,70,1,X,MI,88274c8c4dfffff
260350008001044,100,20,1,12037123,170025,CMS Internet,70,1,X,MI,88274c8f11fffff
260350008001047,100,20,4,12037123,170025,CMS Internet,70,1,X,MI,88274c8c55fffff
260350008001048,100,20,5,12037123,170025,CMS Internet,70,1,X,MI,88274c8c43fffff
260350008002005,100,20,3,12037123,170025,CMS Internet,70,1,X,MI,88274c8c35fffff
260350008002007,100,20,1,12037123,170025,CMS Internet,70,1,X,MI,88274c8d85fffff
260350008002008,100,20,2,12037123,170025,CMS Internet,70,1,X,MI,88274c8de7fffff
260350008002009,100,20,1,12037123,170025,CMS Internet,70,1,X,MI,88274c8da1fffff
260350008002012,100,20,1,12037123,170025,CMS Internet,70,1,X,MI,88274c1749fffff
260350008002013,100,20,5,12037123,170025,CMS Internet,70,1,X,MI,88274c1749fffff
260350008002016,100,20,1,12037123,170025,CMS Internet,70,1,X,MI,88274c1645fffff
260350008002019,100,20,6,12037123,170025,CMS Internet,70,1,X,MI,88274c1747fffff
260350008002020,100,20,3,12037123,170025,CMS Internet,70,1,X,MI,88274c1747fffff
260350008002021,100,20,1,12037123,170025,CMS Internet,70,1,X,MI,88274c1759fffff
260350008002023,100,20,1,12037123,170025,CMS Internet,70,1,X,MI,88274c1663fffff
260350008002025,100,20,1,12037123,170025,CMS Internet,70,1,X,MI,88274c8cadfffff
260350008002030,100,20,1,12037123,170025,CMS Internet,70,1,X,MI,88274c1663fffff
260350008002034,100,20,1,12037123,170025,CMS Internet,70,1,X,MI,88274c1629fffff
260350008002036,100,20,1,12037123,170025,CMS Internet,70,1,X,MI,88274c1627fffff
260350008002037,100,20,4,12037123,170025,CMS Internet,70,1,X,MI,88274c1753fffff
260350008002038,100,20,2,12037123,170025,CMS Internet,70,1,X,MI,88274c1713fffff
260350008002040,100,20,3,12037123,170025,CMS Internet,70,1,X,MI,88274c1635fffff
260350008003022,100,20,1,12037123,170025,CMS Internet,70,1,X,MI,88274c8d61fffff
260350008003027,100,20,2,12037123,170025,CMS Internet,70,1,X,MI,88274c8f03fffff
260350008003028,100,20,1,12037123,170025,CMS Internet,70,1,X,MI,88274c8d4bfffff
260350008003032,100,20,2,12037123,170025,CMS Internet,70,1,X,MI,88274c8d0dfffff
260350008003033,100,20,2,12037123,170025,CMS Internet,70,1,X,MI,88274c8d05fffff
260350008003034,100,20,2,12037123,170025,CMS Internet,70,1,X,MI,88274c8d07fffff
260350008003035,100,20,3,12037123,170025,CMS Internet,70,1,X,MI,88274c8debfffff
260350008003040,100,20,3,12037123,170025,CMS Internet,70,1,X,MI,88274c8c25fffff
260350008003041,100,20,1,12037123,170025,CMS Internet,70,1,X,MI,88274c8c25fffff
260350008003042,100,20,6,12037123,170025,CMS Internet,70,1,X,MI,88274c8c25fffff
260350008003043,100,20,3,12037123,170025,CMS Internet,70,1,X,MI,88274c12d9fffff
260350008003044,100,20,1,12037123,170025,CMS Internet,70,1,X,MI,88274c8de1fffff
260350008004000,100,20,1,12037123,170025,CMS Internet,70,1,X,MI,88274c8d67fffff
260350008004014,100,20,6,12037123,170025,CMS Internet,70,1,X,MI,88274c12ddfffff
260350008004015,100,20,2,12037123,170025,CMS Internet,70,1,X,MI,88274c1291fffff
260350008004016,100,20,1,12037123,170025,CMS Internet,70,1,X,MI,88274c1285fffff
260350008004022,100,20,2,12037123,170025,CMS Internet,70,1,X,MI,88274c1295fffff
260350008004025,100,20,1,12037123,170025,CMS Internet,70,1,X,MI,88274c10d9fffff
260350008004030,100,20,1,12037123,170025,CMS Internet,70,1,X,MI,88274c176bfffff
260350008004031,100,20,1,12037123,170025,CMS Internet,70,1,X,MI,88274c10dbfffff
260350008004034,100,20,3,12037123,170025,CMS Internet,70,1,X,MI,88274c1729fffff
260350008004036,100,20,1,12037123,170025,CMS Internet,70,1,X,MI,88274c172bfffff
260350008004040,100,20,1,12037123,170025,CMS Internet,70,1,X,MI,88274c1465fffff
260350008004073,100,20,2,12037123,170025,CMS Internet,70,1,X,MI,88274c1559fffff
260370104001000,100,20,3,12037123,170025,CMS Internet,70,1,X,MI,88274d498bfffff
260370104001001,100,20,1,12037123,170025,CMS Internet,70,1,X,MI,88274d4983fffff
260370104001003,100,20,3,12037123,170025,CMS Internet,70,1,X,MI,88274886d3fffff
260370104001004,100,20,2,12037123,170025,CMS Internet,70,1,X,MI,88274886d3fffff
260370104001005,100,20,5,12037123,170025,CMS Internet,70,1,X,MI,8827488699fffff
260370104001006,100,20,1,12037123,170025,CMS Internet,70,1,X,MI,8827488699fffff
260370104001007,100,20,1,12037123,170025,CMS Internet,70,1,X,MI,882748869dfffff
260370104001010,100,20,1,12037123,170025,CMS Internet,70,1,X,MI,882748869dfffff
260370104001012,100,20,1,12037123,170025,CMS Internet,70,1,X,MI,8827488699fffff
260370104001029,100,20,1,12037123,170025,CMS Internet,70,1,X,MI,8827488695fffff
260370104001034,100,20,1,12037123,170025,CMS Internet,70,1,X,MI,88274d49a7fffff
260370104001039,100,20,4,12037123,170025,CMS Internet,70,1,X,MI,88274d4983fffff
260370104001040,100,20,1,12037123,170025,CMS Internet,70,1,X,MI,88274d4983fffff
260370104001042,100,20,1,12037123,170025,CMS Internet,70,1,X,MI,88274d49d7fffff
260370104001046,100,20,2,12037123,170025,CMS Internet,70,1,X,MI,88274d49b9fffff
260370104001051,100,20,2,12037123,170025,CMS Internet,70,1,X,MI,88274d49bbfffff
260370104001052,100,20,2,12037123,170025,CMS Internet,70,1,X,MI,882748b26dfffff
260370105001000,100,20,4,12037123,170025,CMS Internet,70,1,X,MI,88274d4b01fffff
260370105001001,100,20,7,12037123,170025,CMS Internet,70,1,X,MI,88274d4b15fffff
260370105001002,100,20,7,12037123,170025,CMS Internet,70,1,X,MI,88274d4b31fffff
260370105001003,100,20,12,12037123,170025,CMS Internet,70,1,X,MI,88274d4b31fffff
260370105001004,100,20,4,12037123,170025,CMS Internet,70,1,X,MI,88274d4b31fffff
260370105001005,100,20,8,12037123,170025,CMS Internet,70,1,X,MI,88274d4b2bfffff
260370105001006,100,20,7,12037123,170025,CMS Internet,70,1,X,MI,88274d494dfffff
260370105001007,100,20,2,12037123,170025,CMS Internet,70,1,X,MI,882748949dfffff
260370105001008,100,20,1,12037123,170025,CMS Internet,70,1,X,MI,88274d496dfffff
260370105001009,100,20,2,12037123,170025,CMS Internet,70,1,X,MI,88274894a3fffff
260370105001013,100,20,2,12037123,170025,CMS Internet,70,1,X,MI,8827489493fffff
260370105001014,100,20,4,12037123,170025,CMS Internet,70,1,X,MI,88274d494dfffff
260370105001016,100,20,2,12037123,170025,CMS Internet,70,1,X,MI,88274d4961fffff
260370105001017,100,20,1,12037123,170025,CMS Internet,70,1,X,MI,882748865bfffff
260370105001018,100,20,1,12037123,170025,CMS Internet,70,1,X,MI,8827488655fffff
260370105001019,100,20,4,12037123,170025,CMS Internet,70,1,X,MI,882748865bfffff
260370105001020,100,20,3,12037123,170025,CMS Internet,70,1,X,MI,882748865bfffff
260370105001021,100,20,2,12037123,170025,CMS Internet,70,1,X,MI,88274d490dfffff
260370105001022,100,20,3,12037123,170025,CMS Internet,70,1,X,MI,88274d4945fffff
260370105001023,100,20,9,12037123,170025,CMS Internet,70,1,X,MI,88274d4943fffff
260370105001027,100,20,17,12037123,170025,CMS Internet,70,1,X,MI,88274d4b37fffff
260370105001028,100,20,23,12037123,170025,CMS Internet,70,1,X,MI,88274d4b37fffff
260370105001029,100,20,50,12037123,170025,CMS Internet,70,1,X,MI,88274d4b37fffff
260370105001030,100,20,3,12037123,170025,CMS Internet,70,1,X,MI,88274d4b37fffff
260370105001031,100,20,7,12037123,170025,CMS Internet,70,1,X,MI,88274d4b37fffff
260370105001032,100,20,2,12037123,170025,CMS Internet,70,1,X,MI,88274d4b37fffff
260370105001033,100,20,4,12037123,170025,CMS Internet,70,1,X,MI,88274d4b37fffff
260370105001034,100,20,2,12037123,170025,CMS Internet,70,1,X,MI,88274d494bfffff
260370105001036,100,20,4,12037123,170025,CMS Internet,70,1,X,MI,88274d495dfffff
260370105001037,100,20,6,12037123,170025,CMS Internet,70,1,X,MI,88274d4957fffff
260370105001038,100,20,11,12037123,170025,CMS Internet,70,1,X,MI,88274d495dfffff
260370105001039,100,20,7,12037123,170025,CMS Internet,70,1,X,MI,88274d495dfffff
260370105001040,100,20,43,12037123,170025,CMS Internet,70,1,X,MI,88274d4b33fffff
260370105001041,100,20,17,12037123,170025,CMS Internet,70,1,X,MI,88274d4b37fffff
260370105001042,100,20,9,12037123,170025,CMS Internet,70,1,X,MI,88274d4b37fffff
260370105001043,100,20,8,12037123,170025,CMS Internet,70,1,X,MI,88274d4b37fffff
260370105001044,100,20,7,12037123,170025,CMS Internet,70,1,X,MI,88274d4b37fffff
260370105001045,100,20,8,12037123,170025,CMS Internet,70,1,X,MI,88274d4b31fffff
260370105001046,100,20,5,12037123,170025,CMS Internet,70,1,X,MI,88274d4b37fffff
260370105001047,100,20,1,12037123,170025,CMS Internet,70,1,X,MI,88274d4b37fffff
260370105001048,100,20,10,12037123,170025,CMS Internet,70,1,X,MI,88274d4b37fffff
260370105001049,100,20,9,12037123,170025,CMS Internet,70,1,X,MI,88274d4b37fffff
260370105001050,100,20,8,12037123,170025,CMS Internet,70,1,X,MI,88274d4b37fffff
260370105001051,100,20,16,12037123,170025,CMS Internet,70,1,X,MI,88274d4b37fffff
260370105001052,100,20,11,12037123,170025,CMS Internet,70,1,X,MI,88274d4b37fffff
260370105001053,100,20,1,12037123,170025,CMS Internet,70,1,X,MI,88274d4865fffff
260370105001054,100,20,17,12037123,170025,CMS Internet,70,1,X,MI,88274d4b33fffff
260370105001055,100,20,9,12037123,170025,CMS Internet,70,1,X,MI,88274d4959fffff
260370105001056,100,20,12,12037123,170025,CMS Internet,70,1,X,MI,88274d4959fffff
260370105001057,100,20,6,12037123,170025,CMS Internet,70,1,X,MI,88274d4959fffff
260370105001058,100,20,8,12037123,170025,CMS Internet,70,1,X,MI,88274d4959fffff
260370105001059,100,20,10,12037123,170025,CMS Internet,70,1,X,MI,88274d495dfffff
260370105001060,100,20,37,12037123,170025,CMS Internet,70,1,X,MI,88274d495dfffff
260370105001061,100,20,3,12037123,170025,CMS Internet,70,1,X,MI,88274d4959fffff
260370105001062,100,20,4,12037123,170025,CMS Internet,70,1,X,MI,88274d4959fffff
260370105001063,100,20,9,12037123,170025,CMS Internet,70,1,X,MI,88274d495bfffff
260370105001064,100,20,19,12037123,170025,CMS Internet,70,1,X,MI,88274d4959fffff
260370105001065,100,20,7,12037123,170025,CMS Internet,70,1,X,MI,88274d4959fffff
260370105001066,100,20,9,12037123,170025,CMS Internet,70,1,X,MI,88274d4959fffff
260370105001067,100,20,7,12037123,170025,CMS Internet,70,1,X,MI,88274d4959fffff
260370105001068,100,20,6,12037123,170025,CMS Internet,70,1,X,MI,88274d4959fffff
260370105001069,100,20,7,12037123,170025,CMS Internet,70,1,X,MI,88274d4959fffff
260370105001070,100,20,6,12037123,170025,CMS Internet,70,1,X,MI,88274d4959fffff
260370105001071,100,20,10,12037123,170025,CMS Internet,70,1,X,MI,88274d4959fffff
260370105001072,100,20,8,12037123,170025,CMS Internet,70,1,X,MI,88274d4959fffff
260370105001073,100,20,8,12037123,170025,CMS Internet,70,1,X,MI,88274d4959fffff
260370105001074,100,20,9,12037123,170025,CMS Internet,70,1,X,MI,88274d4959fffff
260370105001075,100,20,5,12037123,170025,CMS Internet,70,1,X,MI,88274d4955fffff
260370105001076,100,20,6,12037123,170025,CMS Internet,70,1,X,MI,88274d4959fffff
260370105002000,100,20,1,12037123,170025,CMS Internet,70,1,X,MI,88274d4a5bfffff
260370105002001,100,20,3,12037123,170025,CMS Internet,70,1,X,MI,88274d4a55fffff
260370105002002,100,20,3,12037123,170025,CMS Internet,70,1,X,MI,88274d4a01fffff
260370105002003,100,20,2,12037123,170025,CMS Internet,70,1,X,MI,88274d4a03fffff
260370105002004,100,20,1,12037123,170025,CMS Internet,70,1,X,MI,88274d4a29fffff
260370105002005,100,20,2,12037123,170025,CMS Internet,70,1,X,MI,88274d4a2bfffff
260370105002006,100,20,1,12037123,170025,CMS Internet,70,1,X,MI,88274d4a21fffff
260370105002007,100,20,1,12037123,170025,CMS Internet,70,1,X,MI,88274d4a2dfffff
260370105002008,100,20,4,12037123,170025,CMS Internet,70,1,X,MI,88274d4b57fffff
260370105002010,100,20,4,12037123,170025,CMS Internet,70,1,X,MI,88274d4b03fffff
260370105002011,100,20,1,12037123,170025,CMS Internet,70,1,X,MI,88274d4b11fffff
260370105002013,100,20,2,12037123,170025,CMS Internet,70,1,X,MI,88274d4b11fffff
260370105002014,100,20,1,12037123,170025,CMS Internet,70,1,X,MI,88274d4b11fffff
260370105002015,100,20,1,12037123,170025,CMS Internet,70,1,X,MI,88274d4b11fffff
260370105002017,100,20,1,12037123,170025,CMS Internet,70,1,X,MI,88274d4a3dfffff
260370105002018,100,20,1,12037123,170025,CMS Internet,70,1,X,MI,88274d4a3dfffff
260370105002019,100,20,4,12037123,170025,CMS Internet,70,1,X,MI,88274d4a31fffff
260370105002020,100,20,1,12037123,170025,CMS Internet,70,1,X,MI,88274d4a03fffff
260370105002021,100,20,3,12037123,170025,CMS Internet,70,1,X,MI,88274d4a19fffff
260370105002022,100,20,7,12037123,170025,CMS Internet,70,1,X,MI,88274d4127fffff
260370105002024,100,20,3,12037123,170025,CMS Internet,70,1,X,MI,88274d4a3bfffff
260370105002026,100,20,2,12037123,170025,CMS Internet,70,1,X,MI,88274d4849fffff
260370105002027,100,20,1,12037123,170025,CMS Internet,70,1,X,MI,88274d4849fffff
260370105002028,100,20,3,12037123,170025,CMS Internet,70,1,X,MI,88274d4849fffff
260370105002030,100,20,1,12037123,170025,CMS Internet,70,1,X,MI,88274d4a27fffff
260370105002031,100,20,1,12037123,170025,CMS Internet,70,1,X,MI,88274d4a27fffff
260370105002032,100,20,2,12037123,170025,CMS Internet,70,1,X,MI,88274d4851fffff
260370105002033,100,20,2,12037123,170025,CMS Internet,70,1,X,MI,88274d4859fffff
260370105002034,100,20,2,12037123,170025,CMS Internet,70,1,X,MI,88274d4a13fffff
260370105002035,100,20,1,12037123,170025,CMS Internet,70,1,X,MI,88274d4a23fffff
260370105002036,100,20,1,12037123,170025,CMS Internet,70,1,X,MI,88274d4a23fffff
260370105002037,100,20,4,12037123,170025,CMS Internet,70,1,X,MI,88274d4853fffff
260370105002038,100,20,1,12037123,170025,CMS Internet,70,1,X,MI,88274d4ae7fffff
260370105002039,100,20,1,12037123,170025,CMS Internet,70,1,X,MI,88274d4a85fffff
260370105002042,100,20,3,12037123,170025,CMS Internet,70,1,X,MI,88274d4aa9fffff
260370105002044,100,20,4,12037123,170025,CMS Internet,70,1,X,MI,88274d4819fffff
260370105002047,100,20,2,12037123,170025,CMS Internet,70,1,X,MI,88274d4819fffff
260370105002048,100,20,2,12037123,170025,CMS Internet,70,1,X,MI,88274d4855fffff
260370105002049,100,20,6,12037123,170025,CMS Internet,70,1,X,MI,88274d4845fffff
260370105002050,100,20,2,12037123,170025,CMS Internet,70,1,X,MI,88274d4841fffff
260370105002051,100,20,1,12037123,170025,CMS Internet,70,1,X,MI,88274d4b13fffff
260370105002053,100,20,2,12037123,170025,CMS Internet,70,1,X,MI,88274d4a27fffff
260370105002054,100,20,1,12037123,170025,CMS Internet,70,1,X,MI,88274d4b1bfffff
260370105002055,100,20,1,12037123,170025,CMS Internet,70,1,X,MI,88274d4b11fffff
260370105002057,100,20,1,12037123,170025,CMS Internet,70,1,X,MI,88274d4b15fffff
260370105002058,100,20,2,12037123,170025,CMS Internet,70,1,X,MI,88274d4849fffff
260370105002059,100,20,2,12037123,170025,CMS Internet,70,1,X,MI,88274d4849fffff
260370105002061,100,20,1,12037123,170025,CMS Internet,70,1,X,MI,88274d4839fffff
260370105002063,100,20,6,12037123,170025,CMS Internet,70,1,X,MI,88274d4807fffff
260370105002064,100,20,1,12037123,170025,CMS Internet,70,1,X,MI,88274d482bfffff
260370105002065,100,20,11,12037123,170025,CMS Internet,70,1,X,MI,88274d486dfffff
260370105002066,100,20,2,12037123,170025,CMS Internet,70,1,X,MI,88274d4869fffff
260370105002067,100,20,3,12037123,170025,CMS Internet,70,1,X,MI,88274d4837fffff
260370105002069,100,20,4,12037123,170025,CMS Internet,70,1,X,MI,88274d4823fffff
260370105002071,100,20,10,12037123,170025,CMS Internet,70,1,X,MI,88274d482dfffff
260370105002072,100,20,12,12037123,170025,CMS Internet,70,1,X,MI,88274d4957fffff
260370105002073,100,20,2,12037123,170025,CMS Internet,70,1,X,MI,88274d4901fffff
260370105002075,100,20,1,12037123,170025,CMS Internet,70,1,X,MI,88274d4901fffff
260370105002082,100,20,2,12037123,170025,CMS Internet,70,1,X,MI,88274d491bfffff
260370105002093,100,20,1,12037123,170025,CMS Internet,70,1,X,MI,88274d4933fffff
260370105002094,100,20,4,12037123,170025,CMS Internet,70,1,X,MI,88274d493bfffff
260370105002104,100,20,4,12037123,170025,CMS Internet,70,1,X,MI,88274886c7fffff
260370105002105,100,20,1,12037123,170025,CMS Internet,70,1,X,MI,88274886ebfffff
260370105002106,100,20,1,12037123,170025,CMS Internet,70,1,X,MI,88274886c3fffff
260370105002109,100,20,2,12037123,170025,CMS Internet,70,1,X,MI,88274d49e3fffff
260370105002110,100,20,3,12037123,170025,CMS Internet,70,1,X,MI,88274d49c5fffff
260370105002112,100,20,1,12037123,170025,CMS Internet,70,1,X,MI,88274d49e9fffff
260370105002113,100,20,4,12037123,170025,CMS Internet,70,1,X,MI,88274d49c7fffff
260370105002114,100,20,2,12037123,170025,CMS Internet,70,1,X,MI,88274d49cdfffff
260370105002117,100,20,1,12037123,170025,CMS Internet,70,1,X,MI,88274d49c7fffff
260370105002129,100,20,3,12037123,170025,CMS Internet,70,1,X,MI,88274d49e5fffff
260370105002130,100,20,1,12037123,170025,CMS Internet,70,1,X,MI,88274886d1fffff
260370105002131,100,20,1,12037123,170025,CMS Internet,70,1,X,MI,88274d49edfffff
260370105002140,100,20,2,12037123,170025,CMS Internet,70,1,X,MI,88274d480dfffff
260370106001007,100,20,1,12037123,170025,CMS Internet,70,1,X,MI,8827489447fffff
260370106001008,100,20,2,12037123,170025,CMS Internet,70,1,X,MI,88274896c3fffff
260370106001009,100,20,2,12037123,170025,CMS Internet,70,1,X,MI,88274896c1fffff
260370106001019,100,20,3,12037123,170025,CMS Internet,70,1,X,MI,88274d59e7fffff
260370106001022,100,20,1,12037123,170025,CMS Internet,70,1,X,MI,88274d59e5fffff
260370106001024,100,20,2,12037123,170025,CMS Internet,70,1,X,MI,88274896d5fffff
260370106001046,100,20,1,12037123,170025,CMS Internet,70,1,X,MI,882748969dfffff
260370106001060,100,20,1,12037123,170025,CMS Internet,70,1,X,MI,88274896bbfffff
260370106001063,100,20,1,12037123,170025,CMS Internet,70,1,X,MI,88274894c1fffff
260370106001065,100,20,2,12037123,170025,CMS Internet,70,1,X,MI,88274894dbfffff
260370106001066,100,20,1,12037123,170025,CMS Internet,70,1,X,MI,88274d4b63fffff
260370106001067,100,20,1,12037123,170025,CMS Internet,70,1,X,MI,882748969bfffff
260370106001069,100,20,1,12037123,170025,CMS Internet,70,1,X,MI,88274d4b41fffff
260370106001077,100,20,1,12037123,170025,CMS Internet,70,1,X,MI,88274d4b43fffff
260370106001078,100,20,1,12037123,170025,CMS Internet,70,1,X,MI,88274d4b5dfffff
260370106001079,100,20,2,12037123,170025,CMS Internet,70,1,X,MI,88274d4b43fffff
260370106001080,100,20,3,12037123,170025,CMS Internet,70,1,X,MI,88274d4b01fffff
260370106001081,100,20,1,12037123,170025,CMS Internet,70,1,X,MI,88274d4b21fffff
260370106001082,100,20,3,12037123,170025,CMS Internet,70,1,X,MI,88274d4b2dfffff
260370106001083,100,20,2,12037123,170025,CMS Internet,70,1,X,MI,882748949dfffff
260370106001085,100,20,3,12037123,170025,CMS Internet,70,1,X,MI,882748948dfffff
260370106001086,100,20,5,12037123,170025,CMS Internet,70,1,X,MI,88274894a9fffff
260370106001089,100,20,2,12037123,170025,CMS Internet,70,1,X,MI,88274d4a65fffff
260370106001090,100,20,2,12037123,170025,CMS Internet,70,1,X,MI,88274d4b5dfffff
260370106001093,100,20,3,12037123,170025,CMS Internet,70,1,X,MI,88274d5987fffff
260370106001097,100,20,1,12037123,170025,CMS Internet,70,1,X,MI,88274d59b1fffff
260370106001098,100,20,1,12037123,170025,CMS Internet,70,1,X,MI,88274d4b5bfffff
260370106001099,100,20,2,12037123,170025,CMS Internet,70,1,X,MI,88274d4a63fffff
260370106001103,100,20,1,12037123,170025,CMS Internet,70,1,X,MI,88274d59b1fffff
260370106001104,100,20,3,12037123,170025,CMS Internet,70,1,X,MI,88274d4a69fffff
260370106001105,100,20,1,12037123,170025,CMS Internet,70,1,X,MI,88274d4a6dfffff
260370106001108,100,20,5,12037123,170025,CMS Internet,70,1,X,MI,88274d5987fffff
260370106001110,100,20,1,12037123,170025,CMS Internet,70,1,X,MI,88274d59d7fffff
260370106001112,100,20,4,12037123,170025,CMS Internet,70,1,X,MI,88274d4a61fffff
260370106001114,100,20,4,12037123,170025,CMS Internet,70,1,X,MI,88274d4a69fffff
260370106001115,100,20,8,12037123,170025,CMS Internet,70,1,X,MI,88274d5997fffff
260370106001118,100,20,11,12037123,170025,CMS Internet,70,1,X,MI,88274d4a47fffff
260370106001119,100,20,1,12037123,170025,CMS Internet,70,1,X,MI,88274d4a45fffff
260370106001120,100,20,4,12037123,170025,CMS Internet,70,1,X,MI,88274d4a4dfffff
260370106001121,100,20,4,12037123,170025,CMS Internet,70,1,X,MI,88274d4a49fffff
260370106001122,100,20,2,12037123,170025,CMS Internet,70,1,X,MI,88274d5999fffff
260370106001123,100,20,15,12037123,170025,CMS Internet,70,1,X,MI,88274d4a4dfffff
260370106001125,100,20,1,12037123,170025,CMS Internet,70,1,X,MI,882748948bfffff
260370106001126,100,20,1,12037123,170025,CMS Internet,70,1,X,MI,88274894a1fffff
260370106001127,100,20,1,12037123,170025,CMS Internet,70,1,X,MI,88274d4a41fffff
260370106001128,100,20,1,12037123,170025,CMS Internet,70,1,X,MI,88274d4a09fffff
260370106001129,100,20,4,12037123,170025,CMS Internet,70,1,X,MI,88274d58b7fffff
260370106001130,100,20,1,12037123,170025,CMS Internet,70,1,X,MI,88274d58b1fffff
260370106001131,100,20,1,12037123,170025,CMS Internet,70,1,X,MI,88274d4b55fffff
260370106002000,100,20,2,12037123,170025,CMS Internet,70,1,X,MI,88274d5817fffff
260370106002001,100,20,1,12037123,170025,CMS Internet,70,1,X,MI,88274d583bfffff
260370106002002,100,20,3,12037123,170025,CMS Internet,70,1,X,MI,88274d583dfffff
260370106002002,200,200,2,12037123,170025,CMS Internet,70,1,X,MI,88274d5835fffff
260370106002004,100,20,2,12037123,170025,CMS Internet,70,1,X,MI,88274d5915fffff
260370106002013,100,20,20,12037123,170025,CMS Internet,70,1,X,MI,88274d59e9fffff
260370106002014,100,20,11,12037123,170025,CMS Internet,70,1,X,MI,88274d5917fffff
260370106002018,100,20,3,12037123,170025,CMS Internet,70,1,X,MI,88274d5817fffff
260370106002018,200,200,1,12037123,170025,CMS Internet,70,1,X,MI,88274d5831fffff
260370106002021,100,20,3,12037123,170025,CMS Internet,70,1,X,MI,88274d58e9fffff
260370106002022,100,20,4,12037123,170025,CMS Internet,70,1,X,MI,88274d59cbfffff
260370106002023,100,20,2,12037123,170025,CMS Internet,70,1,X,MI,88274d59cdfffff
260370106002024,100,20,1,12037123,170025,CMS Internet,70,1,X,MI,88274d59c5fffff
260370106002025,100,20,29,12037123,170025,CMS Internet,70,1,X,MI,88274d59e1fffff
260370106002026,100,20,6,12037123,170025,CMS Internet,70,1,X,MI,88274d59e9fffff
260370106002027,100,20,7,12037123,170025,CMS Internet,70,1,X,MI,88274d59e9fffff
260370106002028,100,20,4,12037123,170025,CMS Internet,70,1,X,MI,88274d59e9fffff
260370106002029,100,20,3,12037123,170025,CMS Internet,70,1,X,MI,88274d59e1fffff
260370106002030,100,20,22,12037123,170025,CMS Internet,70,1,X,MI,88274d59e9fffff
260370106002031,100,20,2,12037123,170025,CMS Internet,70,1,X,MI,88274d59e9fffff
260370106002032,100,20,1,12037123,170025,CMS Internet,70,1,X,MI,88274d59e9fffff
260370106002033,100,20,1,12037123,170025,CMS Internet,70,1,X,MI,88274d5917fffff
260370106002037,100,20,2,12037123,170025,CMS Internet,70,1,X,MI,88274d59edfffff
260370106002039,100,20,4,12037123,170025,CMS Internet,70,1,X,MI,88274d59e9fffff
260370106002040,100,20,1,12037123,170025,CMS Internet,70,1,X,MI,88274d59e9fffff
260370106002041,100,20,2,12037123,170025,CMS Internet,70,1,X,MI,88274d59edfffff
260370106002042,100,20,3,12037123,170025,CMS Internet,70,1,X,MI,88274d59e9fffff
260370106002043,100,20,5,12037123,170025,CMS Internet,70,1,X,MI,88274d59e1fffff
260370106002045,100,20,7,12037123,170025,CMS Internet,70,1,X,MI,88274d59e1fffff
260370106002046,100,20,2,12037123,170025,CMS Internet,70,1,X,MI,88274d59c7fffff
260370106002047,100,20,1,12037123,170025,CMS Internet,70,1,X,MI,88274d59ebfffff
260370106002051,100,20,6,12037123,170025,CMS Internet,70,1,X,MI,88274d59e1fffff
260370106002053,100,20,2,12037123,170025,CMS Internet,70,1,X,MI,88274d5987fffff
260370106002054,100,20,1,12037123,170025,CMS Internet,70,1,X,MI,88274d59c3fffff
260370106002055,100,20,2,12037123,170025,CMS Internet,70,1,X,MI,88274d59d5fffff
260370106002056,200,200,1,12037123,170025,CMS Internet,70,1,X,MI,88274d59d9fffff
260370106002057,100,20,3,12037123,170025,CMS Internet,70,1,X,MI,88274d58a5fffff
260370106002059,100,20,3,12037123,170025,CMS Internet,70,1,X,MI,88274d58abfffff
260370106002059,200,200,1,12037123,170025,CMS Internet,70,1,X,MI,88274d59dbfffff
260370106002061,100,20,2,12037123,170025,CMS Internet,70,1,X,MI,88274d59d7fffff
260370107011000,100,20,15,12037123,170025,CMS Internet,70,1,X,MI,88274d5a87fffff
260370107011003,100,20,2,12037123,170025,CMS Internet,70,1,X,MI,88274d5aa7fffff
260370107011006,100,20,5,12037123,170025,CMS Internet,70,1,X,MI,88274d58cdfffff
260370107011007,100,20,8,12037123,170025,CMS Internet,70,1,X,MI,88274d5aa3fffff
260370107011010,100,20,17,12037123,170025,CMS Internet,70,1,X,MI,88274d5ab5fffff
260370107011011,100,20,6,12037123,170025,CMS Internet,70,1,X,MI,88274d5ab3fffff
260370107011013,100,20,5,12037123,170025,CMS Internet,70,1,X,MI,88274d5ab5fffff
260370107011014,100,20,5,12037123,170025,CMS Internet,70,1,X,MI,88274d58c1fffff
260370107011015,100,20,1,12037123,170025,CMS Internet,70,1,X,MI,88274d58c3fffff
260370107011019,100,20,1,12037123,170025,CMS Internet,70,1,X,MI,88274d5899fffff
260370107011020,100,20,2,12037123,170025,CMS Internet,70,1,X,MI,88274d5889fffff
260370107011024,100,20,1,12037123,170025,CMS Internet,70,1,X,MI,88274d5899fffff
260370107011027,100,20,3,12037123,170025,CMS Internet,70,1,X,MI,88274d4325fffff
260370107011028,100,20,2,12037123,170025,CMS Internet,70,1,X,MI,88274d589bfffff
260370107011029,100,20,1,12037123,170025,CMS Internet,70,1,X,MI,88274d4149fffff
260370107011034,100,20,2,12037123,170025,CMS Internet,70,1,X,MI,88274d416dfffff
260370107011035,100,20,2,12037123,170025,CMS Internet,70,1,X,MI,88274d58b3fffff
260370107011038,100,20,1,12037123,170025,CMS Internet,70,1,X,MI,88274d4145fffff
260370107011041,100,20,1,12037123,170025,CMS Internet,70,1,X,MI,88274d5ab5fffff
260370107012000,100,20,1,12037123,170025,CMS Internet,70,1,X,MI,88274d5adbfffff
260370107012003,100,20,1,12037123,170025,CMS Internet,70,1,X,MI,88274d51a1fffff
260370107012004,100,20,2,12037123,170025,CMS Internet,70,1,X,MI,88274d5a99fffff
260370107012006,100,20,3,12037123,170025,CMS Internet,70,1,X,MI,88274d5a9dfffff
260370107012007,100,20,8,12037123,170025,CMS Internet,70,1,X,MI,88274d5a9dfffff
260370107012008,100,20,18,12037123,170025,CMS Internet,70,1,X,MI,88274d5a95fffff
260370107012009,100,20,6,12037123,170025,CMS Internet,70,1,X,MI,88274d5a91fffff
260370107012013,100,20,1,12037123,170025,CMS Internet,70,1,X,MI,88274d5a99fffff
260370107012015,100,20,1,12037123,170025,CMS Internet,70,1,X,MI,88274d5a9bfffff
260370107012017,100,20,2,12037123,170025,CMS Internet,70,1,X,MI,88274d51a7fffff
260370107012020,100,20,7,12037123,170025,CMS Internet,70,1,X,MI,88274d5a91fffff
260370107012022,100,20,1,12037123,170025,CMS Internet,70,1,X,MI,88274d4345fffff
260370107012028,100,20,2,12037123,170025,CMS Internet,70,1,X,MI,88274d432dfffff
260370107012029,100,20,16,12037123,170025,CMS Internet,70,1,X,MI,88274d4369fffff
260370107012030,100,20,1,12037123,170025,CMS Internet,70,1,X,MI,88274d4321fffff
260370107012037,100,20,3,12037123,170025,CMS Internet,70,1,X,MI,88274d4149fffff
260370107022000,100,20,1,12037123,170025,CMS Internet,70,1,X,MI,88274d50c3fffff
260370107022006,100,20,2,12037123,170025,CMS Internet,70,1,X,MI,88274d518dfffff
260370107022009,100,20,3,12037123,170025,CMS Internet,70,1,X,MI,88274d51b9fffff
260370107022010,100,20,1,12037123,170025,CMS Internet,70,1,X,MI,88274d51d7fffff
260370107022015,100,20,1,12037123,170025,CMS Internet,70,1,X,MI,88274d51abfffff
260370107022017,100,20,1,12037123,170025,CMS Internet,70,1,X,MI,88274d5181fffff
260370107022019,100,20,2,12037123,170025,CMS Internet,70,1,X,MI,88274d5191fffff
260370107022021,100,20,2,12037123,170025,CMS Internet,70,1,X,MI,88274d51bdfffff
260370107022023,100,20,1,12037123,170025,CMS Internet,70,1,X,MI,88274d51abfffff
260370107022030,100,20,2,12037123,170025,CMS Internet,70,1,X,MI,88274d5191fffff
260370108011000,100,20,1,12037123,170025,CMS Internet,70,1,X,MI,88274d4101fffff
260370108011001,100,20,4,12037123,170025,CMS Internet,70,1,X,MI,88274d4101fffff
260370108011002,100,20,3,12037123,170025,CMS Internet,70,1,X,MI,88274d4101fffff
260370108011004,100,20,2,12037123,170025,CMS Internet,70,1,X,MI,88274d4107fffff
260370108011006,100,20,1,12037123,170025,CMS Internet,70,1,X,MI,88274d412bfffff
260370108011007,100,20,2,12037123,170025,CMS Internet,70,1,X,MI,88274d4107fffff
260370108011009,100,20,2,12037123,170025,CMS Internet,70,1,X,MI,88274d4107fffff
260370108011012,100,20,2,12037123,170025,CMS Internet,70,1,X,MI,88274d4135fffff
260370108011016,100,20,1,12037123,170025,CMS Internet,70,1,X,MI,88274d4139fffff
260370108014000,100,20,5,12037123,170025,CMS Internet,70,1,X,MI,88274d410bfffff
260370108014003,100,20,4,12037123,170025,CMS Internet,70,1,X,MI,88274d411dfffff
260370108014008,100,20,4,12037123,170025,CMS Internet,70,1,X,MI,88274d411dfffff
260370108014013,100,20,1,12037123,170025,CMS Internet,70,1,X,MI,88274d411dfffff
260370108021002,100,20,1,12037123,170025,CMS Internet,70,1,X,MI,88274d4115fffff
260370109011002,100,20,1,12037123,170025,CMS Internet,70,1,X,MI,88274d416bfffff
260370109011007,100,20,1,12037123,170025,CMS Internet,70,1,X,MI,88274d4105fffff
260370109011010,100,20,3,12037123,170025,CMS Internet,70,1,X,MI,88274d4123fffff
260370109011011,100,20,5,12037123,170025,CMS Internet,70,1,X,MI,88274d4123fffff
260370109012005,100,20,1,12037123,170025,CMS Internet,70,1,X,MI,88274d4147fffff
260370109012020,100,20,1,12037123,170025,CMS Internet,70,1,X,MI,88274d4067fffff
260370109012021,100,20,1,12037123,170025,CMS Internet,70,1,X,MI,88274d4061fffff
260370109012022,100,20,1,12037123,170025,CMS Internet,70,1,X,MI,88274d4063fffff
260370109012023,100,20,2,12037123,170025,CMS Internet,70,1,X,MI,88274d402dfffff
260370109021009,100,20,1,12037123,170025,CMS Internet,70,1,X,MI,88274d49d7fffff
260370109021014,100,20,3,12037123,170025,CMS Internet,70,1,X,MI,88274d4999fffff
260370109021030,100,20,1,12037123,170025,CMS Internet,70,1,X,MI,88274d4993fffff
260370110011007,100,20,1,12037123,170025,CMS Internet,70,1,X,MI,88274d4047fffff
260370110011013,100,20,1,12037123,170025,CMS Internet,70,1,X,MI,88274d4009fffff
260510001011021,100,20,2,12037123,170025,CMS Internet,70,1,X,MI,88274c805bfffff
260510001011022,100,20,6,12037123,170025,CMS Internet,70,1,X,MI,88274c8057fffff
260510001011023,100,20,1,12037123,170025,CMS Internet,70,1,X,MI,88274c801dfffff
260510001011024,100,20,1,12037123,170025,CMS Internet,70,1,X,MI,88274c8007fffff
260510001012024,100,20,4,12037123,170025,CMS Internet,70,1,X,MI,88274c82c7fffff
260510001012025,100,20,1,12037123,170025,CMS Internet,70,1,X,MI,88274c82c9fffff
260510001012028,100,20,1,12037123,170025,CMS Internet,70,1,X,MI,88274c9535fffff
260510001012029,100,20,1,12037123,170025,CMS Internet,70,1,X,MI,88274c9535fffff
260510001012031,100,20,2,12037123,170025,CMS Internet,70,1,X,MI,88274c9533fffff
260510001012035,100,20,5,12037123,170025,CMS Internet,70,1,X,MI,88274c9533fffff
260510001012036,100,20,3,12037123,170025,CMS Internet,70,1,X,MI,88274c82d9fffff
260510001012037,100,20,3,12037123,170025,CMS Internet,70,1,X,MI,88274c82ddfffff
260510001012042,100,20,3,12037123,170025,CMS Internet,70,1,X,MI,88274c8233fffff
260510001012047,100,20,7,12037123,170025,CMS Internet,70,1,X,MI,88274c82e7fffff
260510001012048,100,20,4,12037123,170025,CMS Internet,70,1,X,MI,88274c82c3fffff
260510004001000,100,20,3,12037123,170025,CMS Internet,70,1,X,MI,88274c82a5fffff
260510004001001,100,20,3,12037123,170025,CMS Internet,70,1,X,MI,88274c8013fffff
260510004001002,100,20,2,12037123,170025,CMS Internet,70,1,X,MI,88274c8003fffff
260510004001011,100,20,2,12037123,170025,CMS Internet,70,1,X,MI,88274c82a7fffff
260510004001012,100,20,2,12037123,170025,CMS Internet,70,1,X,MI,88274c82b5fffff
260510004001015,100,20,1,12037123,170025,CMS Internet,70,1,X,MI,88274c8081fffff
260510004001018,100,20,2,12037123,170025,CMS Internet,70,1,X,MI,88274c8017fffff
260510004001020,100,20,1,12037123,170025,CMS Internet,70,1,X,MI,88274c81d9fffff
260510004001045,100,20,3,12037123,170025,CMS Internet,70,1,X,MI,88274c8083fffff
260510004001046,100,20,5,12037123,170025,CMS Internet,70,1,X,MI,88274c8099fffff
260510004001047,100,20,2,12037123,170025,CMS Internet,70,1,X,MI,88274c81bbfffff
260510004002006,100,20,13,12037123,170025,CMS Internet,70,1,X,MI,88274c8e5dfffff
260510004002010,100,20,1,12037123,170025,CMS Internet,70,1,X,MI,88274c81bbfffff
260510004002011,100,20,6,12037123,170025,CMS Internet,70,1,X,MI,88274c8e59fffff
260510004002014,100,20,5,12037123,170025,CMS Internet,70,1,X,MI,88274c8e5dfffff
260510004002015,100,20,1,12037123,170025,CMS Internet,70,1,X,MI,88274c8e69fffff
260510004002019,100,20,2,12037123,170025,CMS Internet,70,1,X,MI,88274c8e5dfffff
260510004003000,100,20,6,12037123,170025,CMS Internet,70,1,X,MI,88274c8e53fffff
260510004003001,100,20,8,12037123,170025,CMS Internet,70,1,X,MI,88274c8e57fffff
260510004003002,100,20,3,12037123,170025,CMS Internet,70,1,X,MI,88274c8e0bfffff
260510004003004,100,20,3,12037123,170025,CMS Internet,70,1,X,MI,88274c8e0dfffff
260510004003006,100,20,1,12037123,170025,CMS Internet,70,1,X,MI,88274c8e61fffff
260510004003007,100,20,2,12037123,170025,CMS Internet,70,1,X,MI,88274c8e67fffff
260510004003008,100,20,1,12037123,170025,CMS Internet,70,1,X,MI,88274c8e29fffff
260510004003009,100,20,3,12037123,170025,CMS Internet,70,1,X,MI,88274c8e01fffff
260510004003010,100,20,1,12037123,170025,CMS Internet,70,1,X,MI,88274c8e09fffff
260510004003011,100,20,9,12037123,170025,CMS Internet,70,1,X,MI,88274c8e0bfffff
260510004003013,100,20,9,12037123,170025,CMS Internet,70,1,X,MI,88274c8e37fffff
260510004003014,100,20,9,12037123,170025,CMS Internet,70,1,X,MI,88274c8e39fffff
260510004003015,100,20,6,12037123,170025,CMS Internet,70,1,X,MI,88274c8e3dfffff
260510004003016,100,20,1,12037123,170025,CMS Internet,70,1,X,MI,88274c8c59fffff
260510004003022,100,20,9,12037123,170025,CMS Internet,70,1,X,MI,88274c8ee9fffff
260510004003023,100,20,6,12037123,170025,CMS Internet,70,1,X,MI,88274c8e17fffff
260510004003024,100,20,10,12037123,170025,CMS Internet,70,1,X,MI,88274c8e3bfffff
260510004003025,100,20,1,12037123,170025,CMS Internet,70,1,X,MI,88274c8ee7fffff
260510004003026,100,20,45,12037123,170025,CMS Internet,70,1,X,MI,88274c8eebfffff
260510004003027,100,20,9,12037123,170025,CMS Internet,70,1,X,MI,88274c8ee9fffff
260510004003028,100,20,17,12037123,170025,CMS Internet,70,1,X,MI,88274c8e17fffff
260510004003030,100,20,1,12037123,170025,CMS Internet,70,1,X,MI,88274c8c5bfffff
260510004003037,100,20,2,12037123,170025,CMS Internet,70,1,X,MI,88274c8ee3fffff
260510004003038,100,20,11,12037123,170025,CMS Internet,70,1,X,MI,88274c8e87fffff
260510004003039,100,20,1,12037123,170025,CMS Internet,70,1,X,MI,88274c8c53fffff
260510004003042,100,20,9,12037123,170025,CMS Internet,70,1,X,MI,88274c8c53fffff
260510004003043,100,20,4,12037123,170025,CMS Internet,70,1,X,MI,88274c8e37fffff
260510004003044,100,20,3,12037123,170025,CMS Internet,70,1,X,MI,88274c8ea5fffff
260510004003045,100,20,3,12037123,170025,CMS Internet,70,1,X,MI,88274c8e87fffff
260510004003046,100,20,1,12037123,170025,CMS Internet,70,1,X,MI,88274c8eabfffff
260510004003047,100,20,3,12037123,170025,CMS Internet,70,1,X,MI,88274c8ea3fffff
260510004003048,100,20,1,12037123,170025,CMS Internet,70,1,X,MI,88274c8ea5fffff
260510004003052,100,20,1,12037123,170025,CMS Internet,70,1,X,MI,88274c8cc5fffff
260510005001004,100,20,2,12037123,170025,CMS Internet,70,1,X,MI,88274c95a5fffff
260510005001005,100,20,3,12037123,170025,CMS Internet,70,1,X,MI,88274c82d7fffff
260510005001012,100,20,1,12037123,170025,CMS Internet,70,1,X,MI,88274c8291fffff
260510005001017,100,20,1,12037123,170025,CMS Internet,70,1,X,MI,88274c8769fffff
260510005001021,100,20,4,12037123,170025,CMS Internet,70,1,X,MI,88274c8725fffff
260510005001027,100,20,1,12037123,170025,CMS Internet,70,1,X,MI,88274c8759fffff
260510005001042,100,20,1,12037123,170025,CMS Internet,70,1,X,MI,88274c8461fffff
260510005003005,100,20,1,12037123,170025,CMS Internet,70,1,X,MI,88274cba6bfffff
260510005004004,100,20,1,12037123,170025,CMS Internet,70,1,X,MI,88274cbb11fffff
260510005004007,100,20,1,12037123,170025,CMS Internet,70,1,X,MI,88274cba3dfffff
260510007001000,100,20,1,12037123,170025,CMS Internet,70,1,X,MI,88274c8091fffff
260510007001001,100,20,4,12037123,170025,CMS Internet,70,1,X,MI,88274c80b9fffff
260510007001008,100,20,2,12037123,170025,CMS Internet,70,1,X,MI,88274c8545fffff
260510007001022,100,20,2,12037123,170025,CMS Internet,70,1,X,MI,88274c8565fffff
260510007001047,100,20,1,12037123,170025,CMS Internet,70,1,X,MI,88274c8567fffff
260510007002000,100,20,2,12037123,170025,CMS Internet,70,1,X,MI,88274c8721fffff
260510007002001,100,20,6,12037123,170025,CMS Internet,70,1,X,MI,88274c809bfffff
260510007002002,100,20,1,12037123,170025,CMS Internet,70,1,X,MI,88274c809bfffff
260510007002005,100,20,2,12037123,170025,CMS Internet,70,1,X,MI,88274c8541fffff
260510007002009,100,20,4,12037123,170025,CMS Internet,70,1,X,MI,88274c8541fffff
260510007002012,100,20,2,12037123,170025,CMS Internet,70,1,X,MI,88274c856bfffff
260510007003001,100,20,1,12037123,170025,CMS Internet,70,1,X,MI,88274c855dfffff
260510007003015,100,20,14,12037123,170025,CMS Internet,70,1,X,MI,88274c8509fffff
260510007003021,100,20,5,12037123,170025,CMS Internet,70,1,X,MI,88274c8555fffff
260510007003023,100,20,3,12037123,170025,CMS Internet,70,1,X,MI,88274c8461fffff
260510007004012,100,20,4,12037123,170025,CMS Internet,70,1,X,MI,88274c852dfffff
260510007004013,100,20,7,12037123,170025,CMS Internet,70,1,X,MI,88274c8e53fffff
260510007004014,100,20,8,12037123,170025,CMS Internet,70,1,X,MI,88274c8525fffff
260510007004015,100,20,10,12037123,170025,CMS Internet,70,1,X,MI,88274c8527fffff
260510007004018,100,20,3,12037123,170025,CMS Internet,70,1,X,MI,88274c8505fffff
260510007004019,100,20,4,12037123,170025,CMS Internet,70,1,X,MI,88274c8505fffff
260510007004023,100,20,2,12037123,170025,CMS Internet,70,1,X,MI,88274c852bfffff
260510007004027,100,20,8,12037123,170025,CMS Internet,70,1,X,MI,88274c8531fffff
260510007004028,100,20,1,12037123,170025,CMS Internet,70,1,X,MI,88274c8539fffff
260510007004051,100,20,3,12037123,170025,CMS Internet,70,1,X,MI,88274c8e1bfffff
260510007004052,100,20,4,12037123,170025,CMS Internet,70,1,X,MI,88274c8ecdfffff
260510007004054,100,20,7,12037123,170025,CMS Internet,70,1,X,MI,88274c8ec1fffff
260510007004055,100,20,18,12037123,170025,CMS Internet,70,1,X,MI,88274c8ec5fffff
260510007004057,100,20,2,12037123,170025,CMS Internet,70,1,X,MI,88274c8ec3fffff
260510007004058,100,20,2,12037123,170025,CMS Internet,70,1,X,MI,88274c8e8bfffff
260510007004059,100,20,8,12037123,170025,CMS Internet,70,1,X,MI,88274c8e87fffff
260510007004061,100,20,1,12037123,170025,CMS Internet,70,1,X,MI,88274c8e9dfffff
260510008001000,100,20,1,12037123,170025,CMS Internet,70,1,X,MI,88274c8ccbfffff
260510008002004,100,20,1,12037123,170025,CMS Internet,70,1,X,MI,88274c8e9dfffff
260510008002005,100,20,1,12037123,170025,CMS Internet,70,1,X,MI,88274c8e95fffff
260510008002008,100,20,1,12037123,170025,CMS Internet,70,1,X,MI,88274c8eb9fffff
260510008003052,100,20,1,12037123,170025,CMS Internet,70,1,X,MI,88274cba2bfffff
260570001001000,100,20,2,12037123,170025,CMS Internet,70,1,X,MI,88274c38ddfffff
260570001001001,100,20,1,12037123,170025,CMS Internet,70,1,X,MI,88274c38c3fffff
260570001001002,100,20,21,12037123,170025,CMS Internet,70,1,X,MI,88274c38a9fffff
260570001001003,100,20,2,12037123,170025,CMS Internet,70,1,X,MI,88274c38a9fffff
260570001001005,100,20,4,12037123,170025,CMS Internet,70,1,X,MI,88274c38b9fffff
260570001001008,100,20,2,12037123,170025,CMS Internet,70,1,X,MI,88274c38a1fffff
260570001001009,100,20,15,12037123,170025,CMS Internet,70,1,X,MI,88274c38a1fffff
260570001001010,100,20,4,12037123,170025,CMS Internet,70,1,X,MI,88274c38bdfffff
260570001001011,100,20,1,12037123,170025,CMS Internet,70,1,X,MI,88274c38b5fffff
260570001001013,100,20,3,12037123,170025,CMS Internet,70,1,X,MI,88274c38c3fffff
260570001001015,100,20,1,12037123,170025,CMS Internet,70,1,X,MI,88274c388bfffff
260570001001017,100,20,4,12037123,170025,CMS Internet,70,1,X,MI,88274c38b1fffff
260570001001018,100,20,3,12037123,170025,CMS Internet,70,1,X,MI,88274c38b1fffff
260570001001023,100,20,1,12037123,170025,CMS Internet,70,1,X,MI,88274c38a3fffff
260570001001024,100,20,1,12037123,170025,CMS Internet,70,1,X,MI,88274c38a3fffff
260570001001027,100,20,4,12037123,170025,CMS Internet,70,1,X,MI,88274c38b7fffff
260570001001028,100,20,4,12037123,170025,CMS Internet,70,1,X,MI,88274c38b7fffff
260570001001033,100,20,4,12037123,170025,CMS Internet,70,1,X,MI,88274c38b3fffff
260570001001034,100,20,7,12037123,170025,CMS Internet,70,1,X,MI,88274c2161fffff
260570001001035,100,20,2,12037123,170025,CMS Internet,70,1,X,MI,88274c3893fffff
260570001001037,100,20,2,12037123,170025,CMS Internet,70,1,X,MI,88274c3897fffff
260570001001052,100,20,7,12037123,170025,CMS Internet,70,1,X,MI,88274c2a5bfffff
260570001001053,100,20,12,12037123,170025,CMS Internet,70,1,X,MI,88274c2161fffff
260570001001054,100,20,1,12037123,170025,CMS Internet,70,1,X,MI,88274c212bfffff
260570001001054,200,200,1,12037123,170025,CMS Internet,70,1,X,MI,88274c212bfffff
260570001001055,100,20,2,12037123,170025,CMS Internet,70,1,X,MI,88274c2121fffff
260570001001066,100,20,2,12037123,170025,CMS Internet,70,1,X,MI,88274c2a11fffff
260570001001068,100,20,2,12037123,170025,CMS Internet,70,1,X,MI,88274c2123fffff
260570001001068,200,200,1,12037123,170025,CMS Internet,70,1,X,MI,88274c213dfffff
260570001002000,100,20,2,12037123,170025,CMS Internet,70,1,X,MI,88274c2301fffff
260570001002002,100,20,1,12037123,170025,CMS Internet,70,1,X,MI,88274c38dbfffff
260570001002005,100,20,2,12037123,170025,CMS Internet,70,1,X,MI,88274c3ab7fffff
260570001002006,100,20,1,12037123,170025,CMS Internet,70,1,X,MI,88274c38ddfffff
260570001002009,100,20,3,12037123,170025,CMS Internet,70,1,X,MI,88274c2325fffff
260570001002011,100,20,2,12037123,170025,CMS Internet,70,1,X,MI,88274c232bfffff
260570001002011,200,200,1,12037123,170025,CMS Internet,70,1,X,MI,88274c2335fffff
260570001002012,100,20,11,12037123,170025,CMS Internet,70,1,X,MI,88274c2327fffff
260570001002012,200,200,1,12037123,170025,CMS Internet,70,1,X,MI,88274c2335fffff
260570001002013,100,20,6,12037123,170025,CMS Internet,70,1,X,MI,88274c2327fffff
260570001002014,100,20,2,12037123,170025,CMS Internet,70,1,X,MI,88274c214dfffff
260570001002015,100,20,4,12037123,170025,CMS Internet,70,1,X,MI,88274c2141fffff
260570001002016,100,20,6,12037123,170025,CMS Internet,70,1,X,MI,88274c2335fffff
260570001002016,200,200,1,12037123,170025,CMS Internet,70,1,X,MI,88274c214bfffff
260570001002017,100,20,5,12037123,170025,CMS Internet,70,1,X,MI,88274c2335fffff
260570001002017,200,200,8,12037123,170025,CMS Internet,70,1,X,MI,88274c2333fffff
260570001002018,200,200,1,12037123,170025,CMS Internet,70,1,X,MI,88274c2337fffff
260570001002019,100,20,9,12037123,170025,CMS Internet,70,1,X,MI,88274c2141fffff
260570001002019,200,200,1,12037123,170025,CMS Internet,70,1,X,MI,88274c2141fffff
260570001002020,100,20,7,12037123,170025,CMS Internet,70,1,X,MI,88274c2143fffff
260570001002020,200,200,1,12037123,170025,CMS Internet,70,1,X,MI,88274c2143fffff
260570001002021,100,20,9,12037123,170025,CMS Internet,70,1,X,MI,88274c2143fffff
260570001002021,200,200,6,12037123,170025,CMS Internet,70,1,X,MI,88274c215dfffff
260570001002022,200,200,2,12037123,170025,CMS Internet,70,1,X,MI,88274c2067fffff
260570001002023,100,20,5,12037123,170025,CMS Internet,70,1,X,MI,88274c2153fffff
260570001002023,200,200,5,12037123,170025,CMS Internet,70,1,X,MI,88274c2153fffff
260570001002024,200,200,3,12037123,170025,CMS Internet,70,1,X,MI,88274c202dfffff
260570001002025,100,20,7,12037123,170025,CMS Internet,70,1,X,MI,88274c2027fffff
260570001002025,200,200,22,12037123,170025,CMS Internet,70,1,X,MI,88274c2027fffff
260570001002026,100,20,2,12037123,170025,CMS Internet,70,1,X,MI,88274c2025fffff
260570001002026,200,200,8,12037123,170025,CMS Internet,70,1,X,MI,88274c2119fffff
260570001002027,200,200,2,12037123,170025,CMS Internet,70,1,X,MI,88274c2119fffff
260570001002028,100,20,14,12037123,170025,CMS Internet,70,1,X,MI,88274c2119fffff
260570001002028,200,200,8,12037123,170025,CMS Internet,70,1,X,MI,88274c2119fffff
260570001002029,100,20,2,12037123,170025,CMS Internet,70,1,X,MI,88274c2119fffff
260570001002029,200,200,5,12037123,170025,CMS Internet,70,1,X,MI,88274c2119fffff
260570001002030,100,20,1,12037123,170025,CMS Internet,70,1,X,MI,88274c2157fffff
260570001002030,200,200,3,12037123,170025,CMS Internet,70,1,X,MI,88274c211dfffff
260570001002031,100,20,2,12037123,170025,CMS Internet,70,1,X,MI,88274c2119fffff
260570001002031,200,200,8,12037123,170025,CMS Internet,70,1,X,MI,88274c2119fffff
260570001002032,100,20,2,12037123,170025,CMS Internet,70,1,X,MI,88274c210bfffff
260570001002032,200,200,1,12037123,170025,CMS Internet,70,1,X,MI,88274c2101fffff
260570001002033,100,20,8,12037123,170025,CMS Internet,70,1,X,MI,88274c2139fffff
260570001002033,200,200,5,12037123,170025,CMS Internet,70,1,X,MI,88274c2115fffff
260570001003000,100,20,4,12037123,170025,CMS Internet,70,1,X,MI,88274c2027fffff
260570001003000,200,200,6,12037123,170025,CMS Internet,70,1,X,MI,88274c2027fffff
260570001003001,100,20,1,12037123,170025,CMS Internet,70,1,X,MI,88274c2027fffff
260570001003002,100,20,6,12037123,170025,CMS Internet,70,1,X,MI,88274c2027fffff
260570001003002,200,200,5,12037123,170025,CMS Internet,70,1,X,MI,88274c2027fffff
260570001003003,100,20,5,12037123,170025,CMS Internet,70,1,X,MI,88274c211bfffff
260570001003003,200,200,8,12037123,170025,CMS Internet,70,1,X,MI,88274c2117fffff
260570001003004,100,20,4,12037123,170025,CMS Internet,70,1,X,MI,88274c2139fffff
260570001003004,200,200,1,12037123,170025,CMS Internet,70,1,X,MI,88274c2117fffff
260570001003005,100,20,3,12037123,170025,CMS Internet,70,1,X,MI,88274c2133fffff
260570001003005,200,200,4,12037123,170025,CMS Internet,70,1,X,MI,88274c21edfffff
260570001003006,100,20,3,12037123,170025,CMS Internet,70,1,X,MI,88274c21c5fffff
260570001003006,200,200,2,12037123,170025,CMS Internet,70,1,X,MI,88274c21c5fffff
260570001003007,100,20,12,12037123,170025,CMS Internet,70,1,X,MI,88274c21c5fffff
260570001003007,200,200,2,12037123,170025,CMS Internet,70,1,X,MI,88274c2189fffff
260570001003008,100,20,7,12037123,170025,CMS Internet,70,1,X,MI,88274c21cdfffff
260570001003008,200,200,1,12037123,170025,CMS Internet,70,1,X,MI,88274c21c9fffff
260570001003009,100,20,2,12037123,170025,CMS Internet,70,1,X,MI,88274c2187fffff
260570001003010,100,20,3,12037123,170025,CMS Internet,70,1,X,MI,88274c21a5fffff
260570001003010,200,200,1,12037123,170025,CMS Internet,70,1,X,MI,88274c21e3fffff
260570001003011,100,20,7,12037123,170025,CMS Internet,70,1,X,MI,88274c21b5fffff
260570001003012,100,20,3,12037123,170025,CMS Internet,70,1,X,MI,88274c21b5fffff
260570001003013,100,20,2,12037123,170025,CMS Internet,70,1,X,MI,88274c21b1fffff
260570001003014,100,20,18,12037123,170025,CMS Internet,70,1,X,MI,88274c2187fffff
260570001003015,100,20,4,12037123,170025,CMS Internet,70,1,X,MI,88274c21bdfffff
260570001003016,100,20,6,12037123,170025,CMS Internet,70,1,X,MI,88274c2189fffff
260570001003021,100,20,1,12037123,170025,CMS Internet,70,1,X,MI,88274c2e61fffff
260570001003022,100,20,3,12037123,170025,CMS Internet,70,1,X,MI,88274c2f09fffff
260570001003024,100,20,2,12037123,170025,CMS Internet,70,1,X,MI,88274c2e67fffff
260570001003025,100,20,5,12037123,170025,CMS Internet,70,1,X,MI,88274c2e67fffff
260570001003029,100,20,1,12037123,170025,CMS Internet,70,1,X,MI,88274c2f01fffff
260570001003031,100,20,1,12037123,170025,CMS Internet,70,1,X,MI,88274c2f01fffff
260570001003033,100,20,1,12037123,170025,CMS Internet,70,1,X,MI,88274c2f0dfffff
260570001003033,200,200,2,12037123,170025,CMS Internet,70,1,X,MI,88274c2f09fffff
260570001003034,100,20,1,12037123,170025,CMS Internet,70,1,X,MI,88274c2f63fffff
260570001003036,100,20,2,12037123,170025,CMS Internet,70,1,X,MI,88274c2f05fffff
260570001004000,100,20,10,12037123,170025,CMS Internet,70,1,X,MI,88274c2133fffff
260570001004001,100,20,2,12037123,170025,CMS Internet,70,1,X,MI,88274c2ac9fffff
260570001004002,100,20,1,12037123,170025,CMS Internet,70,1,X,MI,88274c2ac7fffff
260570001004005,100,20,2,12037123,170025,CMS Internet,70,1,X,MI,88274c2ac7fffff
260570001004016,100,20,2,12037123,170025,CMS Internet,70,1,X,MI,88274c2ae3fffff
260570001004021,100,20,2,12037123,170025,CMS Internet,70,1,X,MI,88274c2ac7fffff
260570001004026,100,20,5,12037123,170025,CMS Internet,70,1,X,MI,88274c2addfffff
260570001004027,100,20,3,12037123,170025,CMS Internet,70,1,X,MI,88274c2ac3fffff
260570001004028,100,20,2,12037123,170025,CMS Internet,70,1,X,MI,88274c2a8bfffff
260570001004029,100,20,1,12037123,170025,CMS Internet,70,1,X,MI,88274c2ab9fffff
260570001004030,100,20,1,12037123,170025,CMS Internet,70,1,X,MI,88274c2ab9fffff
260570001004032,100,20,4,12037123,170025,CMS Internet,70,1,X,MI,88274c2ab9fffff
260570001004033,100,20,5,12037123,170025,CMS Internet,70,1,X,MI,88274c2f69fffff
260570001004034,100,20,2,12037123,170025,CMS Internet,70,1,X,MI,88274c2a91fffff
260570001004035,100,20,6,12037123,170025,CMS Internet,70,1,X,MI,88274c2f49fffff
260570001004036,100,20,12,12037123,170025,CMS Internet,70,1,X,MI,88274c21adfffff
260570001004039,100,20,1,12037123,170025,CMS Internet,70,1,X,MI,88274c2f47fffff
260570001004039,200,200,2,12037123,170025,CMS Internet,70,1,X,MI,88274c2f41fffff
260570001004043,100,20,2,12037123,170025,CMS Internet,70,1,X,MI,88274c2f65fffff
260570001004044,100,20,16,12037123,170025,CMS Internet,70,1,X,MI,88274c2f63fffff
260570001004044,200,200,11,12037123,170025,CMS Internet,70,1,X,MI,88274c2f63fffff
260570001004045,200,200,2,12037123,170025,CMS Internet,70,1,X,MI,88274c2f67fffff
260570001004046,100,20,2,12037123,170025,CMS Internet,70,1,X,MI,88274c2f63fffff
260570001004046,200,200,1,12037123,170025,CMS Internet,70,1,X,MI,88274c2f63fffff
260570001004047,200,200,5,12037123,170025,CMS Internet,70,1,X,MI,88274c2f61fffff
260570001004048,100,20,2,12037123,170025,CMS Internet,70,1,X,MI,88274c2f63fffff
260570001004048,200,200,5,12037123,170025,CMS Internet,70,1,X,MI,88274c2f63fffff
260570001004049,100,20,2,12037123,170025,CMS Internet,70,1,X,MI,88274c2f67fffff
260570001004049,200,200,1,12037123,170025,CMS Internet,70,1,X,MI,88274c2f67fffff
260570001004050,100,20,3,12037123,170025,CMS Internet,70,1,X,MI,88274c2f63fffff
260570001004050,200,200,1,12037123,170025,CMS Internet,70,1,X,MI,88274c2f63fffff
260570001004052,100,20,1,12037123,170025,CMS Internet,70,1,X,MI,88274c2f6bfffff
260570001004053,100,20,1,12037123,170025,CMS Internet,70,1,X,MI,88274c2f0dfffff
260570001004053,200,200,1,12037123,170025,CMS Internet,70,1,X,MI,88274c2f47fffff
260570001004054,200,200,1,12037123,170025,CMS Internet,70,1,X,MI,88274c2f47fffff
260570001004055,100,20,5,12037123,170025,CMS Internet,70,1,X,MI,88274c2ab3fffff
260570001004057,100,20,9,12037123,170025,CMS Internet,70,1,X,MI,88274c2f63fffff
260570001004057,200,200,2,12037123,170025,CMS Internet,70,1,X,MI,88274c2f63fffff
260570001004058,100,20,16,12037123,170025,CMS Internet,70,1,X,MI,88274c2f67fffff
260570001004059,100,20,1,12037123,170025,CMS Internet,70,1,X,MI,88274c28dbfffff
260570001004060,100,20,8,12037123,170025,CMS Internet,70,1,X,MI,88274c2f65fffff
260570001004062,100,20,2,12037123,170025,CMS Internet,70,1,X,MI,88274c2f2bfffff
260570001004063,100,20,2,12037123,170025,CMS Internet,70,1,X,MI,88274c2f63fffff
260570001004063,200,200,3,12037123,170025,CMS Internet,70,1,X,MI,88274c2f63fffff
260570001004064,100,20,2,12037123,170025,CMS Internet,70,1,X,MI,88274c2f63fffff
260570001004064,200,200,2,12037123,170025,CMS Internet,70,1,X,MI,88274c2f63fffff
260570001004065,100,20,3,12037123,170025,CMS Internet,70,1,X,MI,88274c2f63fffff
260570001004065,200,200,4,12037123,170025,CMS Internet,70,1,X,MI,88274c2f63fffff
260570001004066,100,20,1,12037123,170025,CMS Internet,70,1,X,MI,88274c2f67fffff
260570001004066,200,200,1,12037123,170025,CMS Internet,70,1,X,MI,88274c2f67fffff
260570001004067,100,20,4,12037123,170025,CMS Internet,70,1,X,MI,88274c2f63fffff
260570002001003,100,20,4,12037123,170025,CMS Internet,70,1,X,MI,88274c2229fffff
260570002001007,100,20,2,12037123,170025,CMS Internet,70,1,X,MI,88274c2353fffff
260570002001007,200,200,2,12037123,170025,CMS Internet,70,1,X,MI,88274c31b7fffff
260570002001008,200,200,2,12037123,170025,CMS Internet,70,1,X,MI,88274c31b1fffff
260570002001009,100,20,2,12037123,170025,CMS Internet,70,1,X,MI,88274c2345fffff
260570002001009,200,200,1,12037123,170025,CMS Internet,70,1,X,MI,88274c31b7fffff
260570002001013,100,20,2,12037123,170025,CMS Internet,70,1,X,MI,88274c2221fffff
260570002001015,100,20,3,12037123,170025,CMS Internet,70,1,X,MI,88274c2263fffff
260570002001017,100,20,1,12037123,170025,CMS Internet,70,1,X,MI,88274c2245fffff
260570002001018,100,20,4,12037123,170025,CMS Internet,70,1,X,MI,88274c2209fffff
260570002001019,100,20,1,12037123,170025,CMS Internet,70,1,X,MI,88274c224bfffff
260570002001021,100,20,1,12037123,170025,CMS Internet,70,1,X,MI,88274c220bfffff
260570002001022,100,20,2,12037123,170025,CMS Internet,70,1,X,MI,88274c2201fffff
260570002001025,100,20,1,12037123,170025,CMS Internet,70,1,X,MI,88274c2207fffff
260570002001032,100,20,4,12037123,170025,CMS Internet,70,1,X,MI,88274c2049fffff
260570002001033,100,20,1,12037123,170025,CMS Internet,70,1,X,MI,88274c2049fffff
260570002001034,100,20,7,12037123,170025,CMS Internet,70,1,X,MI,88274c222dfffff
260570002001035,100,20,2,12037123,170025,CMS Internet,70,1,X,MI,88274c2353fffff
260570002001036,100,20,1,12037123,170025,CMS Internet,70,1,X,MI,88274c2353fffff
260570002001037,100,20,3,12037123,170025,CMS Internet,70,1,X,MI,88274c2353fffff
260570002001037,200,200,1,12037123,170025,CMS Internet,70,1,X,MI,88274c2353fffff
260570002001039,100,20,1,12037123,170025,CMS Internet,70,1,X,MI,88274c31b7fffff
260570002001040,100,20,3,12037123,170025,CMS Internet,70,1,X,MI,88274c231bfffff
260570002001042,100,20,4,12037123,170025,CMS Internet,70,1,X,MI,88274c2357fffff
260570002001043,100,20,4,12037123,170025,CMS Internet,70,1,X,MI,88274c2303fffff
260570002001044,100,20,2,12037123,170025,CMS Internet,70,1,X,MI,88274c2301fffff
260570002001045,100,20,2,12037123,170025,CMS Internet,70,1,X,MI,88274c204bfffff
260570002001046,100,20,7,12037123,170025,CMS Internet,70,1,X,MI,88274c2041fffff
260570002001047,100,20,2,12037123,170025,CMS Internet,70,1,X,MI,88274c2041fffff
260570002001048,100,20,19,12037123,170025,CMS Internet,70,1,X,MI,88274c2041fffff
260570002001050,100,20,2,12037123,170025,CMS Internet,70,1,X,MI,88274c2069fffff
260570002001052,100,20,1,12037123,170025,CMS Internet,70,1,X,MI,88274c2339fffff
260570002001052,200,200,1,12037123,170025,CMS Internet,70,1,X,MI,88274c2339fffff
260570002001053,100,20,3,12037123,170025,CMS Internet,70,1,X,MI,88274c206dfffff
260570002001054,100,20,6,12037123,170025,CMS Internet,70,1,X,MI,88274c2067fffff
260570002001054,200,200,1,12037123,170025,CMS Internet,70,1,X,MI,88274c206dfffff
260570002001056,100,20,1,12037123,170025,CMS Internet,70,1,X,MI,88274c2219fffff
260570002001058,100,20,1,12037123,170025,CMS Internet,70,1,X,MI,88274c200bfffff
260570002001059,100,20,2,12037123,170025,CMS Internet,70,1,X,MI,88274c2005fffff
260570002001060,100,20,1,12037123,170025,CMS Internet,70,1,X,MI,88274c2063fffff
260570002001060,200,200,2,12037123,170025,CMS Internet,70,1,X,MI,88274c2063fffff
260570002001061,100,20,3,12037123,170025,CMS Internet,70,1,X,MI,88274c2005fffff
260570002001062,100,20,1,12037123,170025,CMS Internet,70,1,X,MI,88274c2007fffff
260570002001062,200,200,8,12037123,170025,CMS Internet,70,1,X,MI,88274c202bfffff
260570002001063,100,20,1,12037123,170025,CMS Internet,70,1,X,MI,88274c202dfffff
260570002001063,200,200,2,12037123,170025,CMS Internet,70,1,X,MI,88274c202dfffff
260570002001064,100,20,6,12037123,170025,CMS Internet,70,1,X,MI,88274c2007fffff
260570002001066,100,20,8,12037123,170025,CMS Internet,70,1,X,MI,88274c2003fffff
260570002002008,100,20,1,12037123,170025,CMS Internet,70,1,X,MI,88274c3097fffff
260570002002010,100,20,1,12037123,170025,CMS Internet,70,1,X,MI,88274c3565fffff
260570002002012,100,20,1,12037123,170025,CMS Internet,70,1,X,MI,88274c3565fffff
260570002002017,200,200,1,12037123,170025,CMS Internet,70,1,X,MI,88274c225bfffff
260570002002018,100,20,3,12037123,170025,CMS Internet,70,1,X,MI,88274c356dfffff
260570002002025,200,200,1,12037123,170025,CMS Internet,70,1,X,MI,88274c356dfffff
260570002002026,200,200,1,12037123,170025,CMS Internet,70,1,X,MI,88274c3563fffff
260570002002042,100,20,1,12037123,170025,CMS Internet,70,1,X,MI,88274c352dfffff
260570002002056,200,200,2,12037123,170025,CMS Internet,70,1,X,MI,88274c3539fffff
260570002002068,100,20,4,12037123,170025,CMS Internet,70,1,X,MI,88274c22c3fffff
260570002002068,200,200,1,12037123,170025,CMS Internet,70,1,X,MI,88274c22d1fffff
260570002003000,100,20,1,12037123,170025,CMS Internet,70,1,X,MI,88274c35d7fffff
260570002003005,100,20,1,12037123,170025,CMS Internet,70,1,X,MI,88274c22d3fffff
260570002003028,100,20,2,12037123,170025,CMS Internet,70,1,X,MI,88274c22bbfffff
260570002003031,100,20,1,12037123,170025,CMS Internet,70,1,X,MI,88274c22c7fffff
260570002003038,100,20,1,12037123,170025,CMS Internet,70,1,X,MI,88274c276dfffff
260570002003042,100,20,1,12037123,170025,CMS Internet,70,1,X,MI,88274c2767fffff
260570002003048,100,20,1,12037123,170025,CMS Internet,70,1,X,MI,88274c20c7fffff
260570002003053,100,20,1,12037123,170025,CMS Internet,70,1,X,MI,88274c209bfffff
260570002003060,100,20,5,12037123,170025,CMS Internet,70,1,X,MI,88274c2729fffff
260570002003061,100,20,2,12037123,170025,CMS Internet,70,1,X,MI,88274c2767fffff
260570002003064,100,20,1,12037123,170025,CMS Internet,70,1,X,MI,88274c2761fffff
260570002003065,100,20,3,12037123,170025,CMS Internet,70,1,X,MI,88274c2767fffff
260570002003072,100,20,2,12037123,170025,CMS Internet,70,1,X,MI,88274c2761fffff
260570002003081,100,20,1,12037123,170025,CMS Internet,70,1,X,MI,88274c2761fffff
260570002003083,100,20,3,12037123,170025,CMS Internet,70,1,X,MI,88274c276bfffff
260570002003083,200,200,1,12037123,170025,CMS Internet,70,1,X,MI,88274c2705fffff
260570002003100,100,20,1,12037123,170025,CMS Internet,70,1,X,MI,88274c275bfffff
260570002003101,200,200,1,12037123,170025,CMS Internet,70,1,X,MI,88274c271dfffff
260570002003103,100,20,1,12037123,170025,CMS Internet,70,1,X,MI,88274c2705fffff
260570002003106,100,20,3,12037123,170025,CMS Internet,70,1,X,MI,88274c2723fffff
260570002003107,100,20,1,12037123,170025,CMS Internet,70,1,X,MI,88274c2723fffff
260570002003124,200,200,1,12037123,170025,CMS Internet,70,1,X,MI,88274c2603fffff
260570002004000,100,20,7,12037123,170025,CMS Internet,70,1,X,MI,88274c2007fffff
260570002004002,100,20,1,12037123,170025,CMS Internet,70,1,X,MI,88274c2003fffff
260570002004004,100,20,16,12037123,170025,CMS Internet,70,1,X,MI,88274c2021fffff
260570002004004,200,200,3,12037123,170025,CMS Internet,70,1,X,MI,88274c2023fffff
260570002004005,100,20,4,12037123,170025,CMS Internet,70,1,X,MI,88274c203dfffff
260570002004006,100,20,3,12037123,170025,CMS Internet,70,1,X,MI,88274c203bfffff
260570002004007,100,20,4,12037123,170025,CMS Internet,70,1,X,MI,88274c203bfffff
260570002004009,100,20,10,12037123,170025,CMS Internet,70,1,X,MI,88274c2039fffff
260570002004010,100,20,1,12037123,170025,CMS Internet,70,1,X,MI,88274c2039fffff
260570002004011,100,20,2,12037123,170025,CMS Internet,70,1,X,MI,88274c2035fffff
260570002004012,100,20,2,12037123,170025,CMS Internet,70,1,X,MI,88274c21d9fffff
260570002004015,100,20,4,12037123,170025,CMS Internet,70,1,X,MI,88274c20edfffff
260570002004015,200,200,1,12037123,170025,CMS Internet,70,1,X,MI,88274c2015fffff
260570002004016,100,20,2,12037123,170025,CMS Internet,70,1,X,MI,88274c20e1fffff
260570002004021,100,20,1,12037123,170025,CMS Internet,70,1,X,MI,88274c21d3fffff
260570002004023,100,20,1,12037123,170025,CMS Internet,70,1,X,MI,88274c20e1fffff
260570002004025,100,20,2,12037123,170025,CMS Internet,70,1,X,MI,88274c20a7fffff
260570002004026,100,20,1,12037123,170025,CMS Internet,70,1,X,MI,88274c20adfffff
260570002004028,100,20,1,12037123,170025,CMS Internet,70,1,X,MI,88274c20ebfffff
260570002004028,200,200,1,12037123,170025,CMS Internet,70,1,X,MI,88274c20ebfffff
260570002004029,100,20,1,12037123,170025,CMS Internet,70,1,X,MI,88274c20abfffff
260570002004029,200,200,1,12037123,170025,CMS Internet,70,1,X,MI,88274c20a9fffff
260570002004030,100,20,1,12037123,170025,CMS Internet,70,1,X,MI,88274c2e45fffff
260570002004031,100,20,2,12037123,170025,CMS Internet,70,1,X,MI,88274c20a7fffff
260570002004032,100,20,5,12037123,170025,CMS Internet,70,1,X,MI,88274c20a1fffff
260570002004034,100,20,7,12037123,170025,CMS Internet,70,1,X,MI,88274c21b9fffff
260570002004042,100,20,1,12037123,170025,CMS Internet,70,1,X,MI,88274c20a7fffff
260570002004043,100,20,1,12037123,170025,CMS Internet,70,1,X,MI,88274c20abfffff
260570002004045,100,20,1,12037123,170025,CMS Internet,70,1,X,MI,88274c2e45fffff
260570002004047,100,20,1,12037123,170025,CMS Internet,70,1,X,MI,88274c2e59fffff
260570003001001,100,20,3,12037123,170025,CMS Internet,70,1,X,MI,88274c3523fffff
260570003001002,100,20,10,12037123,170025,CMS Internet,70,1,X,MI,88274c3523fffff
260570003001003,100,20,1,12037123,170025,CMS Internet,70,1,X,MI,88274c352dfffff
260570003001003,200,200,1,12037123,170025,CMS Internet,70,1,X,MI,88274c352dfffff
260570003001006,100,20,4,12037123,170025,CMS Internet,70,1,X,MI,88274c2253fffff
260570003001010,100,20,3,12037123,170025,CMS Internet,70,1,X,MI,88274c3527fffff
260570003001010,200,200,1,12037123,170025,CMS Internet,70,1,X,MI,88274c3527fffff
260570003001011,100,20,1,12037123,170025,CMS Internet,70,1,X,MI,88274c3527fffff
260570003001012,100,20,1,12037123,170025,CMS Internet,70,1,X,MI,88274c3521fffff
260570003001017,100,20,6,12037123,170025,CMS Internet,70,1,X,MI,88274c3527fffff
260570003001017,200,200,1,12037123,170025,CMS Internet,70,1,X,MI,88274c3527fffff
260570003001018,100,20,3,12037123,170025,CMS Internet,70,1,X,MI,88274c3527fffff
260570003001018,200,200,1,12037123,170025,CMS Internet,70,1,X,MI,88274c3527fffff
260570003001019,200,200,1,12037123,170025,CMS Internet,70,1,X,MI,88274c22c9fffff
260570003001020,100,20,3,12037123,170025,CMS Internet,70,1,X,MI,88274c22c9fffff
260570003001020,200,200,2,12037123,170025,CMS Internet,70,1,X,MI,88274c3523fffff
260570003001030,100,20,6,12037123,170025,CMS Internet,70,1,X,MI,88274c3527fffff
260570003001030,200,200,1,12037123,170025,CMS Internet,70,1,X,MI,88274c3527fffff
260570003001031,100,20,2,12037123,170025,CMS Internet,70,1,X,MI,88274c3527fffff
260570003001032,100,20,3,12037123,170025,CMS Internet,70,1,X,MI,88274c22cdfffff
260570003001033,100,20,3,12037123,170025,CMS Internet,70,1,X,MI,88274c22cdfffff
260570003001034,100,20,1,12037123,170025,CMS Internet,70,1,X,MI,88274c22cdfffff
260570003001035,100,20,1,12037123,170025,CMS Internet,70,1,X,MI,88274c22cdfffff
260570003001039,100,20,3,12037123,170025,CMS Internet,70,1,X,MI,88274c22cdfffff
260570003001040,100,20,4,12037123,170025,CMS Internet,70,1,X,MI,88274c22cdfffff
260570003001041,100,20,1,12037123,170025,CMS Internet,70,1,X,MI,88274c22c9fffff
260570003001042,100,20,5,12037123,170025,CMS Internet,70,1,X,MI,88274c22c9fffff
260570003001043,100,20,2,12037123,170025,CMS Internet,70,1,X,MI,88274c22c9fffff
260570003001045,100,20,1,12037123,170025,CMS Internet,70,1,X,MI,88274c22c1fffff
260570003001045,200,200,2,12037123,170025,CMS Internet,70,1,X,MI,88274c22c9fffff
260570003001046,100,20,3,12037123,170025,CMS Internet,70,1,X,MI,88274c22cdfffff
260570003001048,100,20,3,12037123,170025,CMS Internet,70,1,X,MI,88274c22c1fffff
260570003002007,100,20,10,12037123,170025,CMS Internet,70,1,X,MI,88274c3527fffff
260570003002009,100,20,1,12037123,170025,CMS Internet,70,1,X,MI,88274c3527fffff
260570003002012,100,20,2,12037123,170025,CMS Internet,70,1,X,MI,88274c221bfffff
260570003002021,100,20,1,12037123,170025,CMS Internet,70,1,X,MI,88274c221bfffff
260570003002025,100,20,4,12037123,170025,CMS Internet,70,1,X,MI,88274c22cdfffff
260570003003001,100,20,2,12037123,170025,CMS Internet,70,1,X,MI,88274c2253fffff
260570003003007,100,20,1,12037123,170025,CMS Internet,70,1,X,MI,88274c3525fffff
260570003003008,100,20,3,12037123,170025,CMS Internet,70,1,X,MI,88274c3525fffff
260570003003015,100,20,2,12037123,170025,CMS Internet,70,1,X,MI,88274c2219fffff
260570003003017,100,20,3,12037123,170025,CMS Internet,70,1,X,MI,88274c2211fffff
260570003003021,100,20,8,12037123,170025,CMS Internet,70,1,X,MI,88274c223bfffff
260570003003022,100,20,1,12037123,170025,CMS Internet,70,1,X,MI,88274c2211fffff
260570003003024,100,20,2,12037123,170025,CMS Internet,70,1,X,MI,88274c2217fffff
260570003003025,100,20,2,12037123,170025,CMS Internet,70,1,X,MI,88274c2211fffff
260570003003025,200,200,1,12037123,170025,CMS Internet,70,1,X,MI,88274c2211fffff
260570003003032,100,20,1,12037123,170025,CMS Internet,70,1,X,MI,88274c22edfffff
260570003004001,100,20,2,12037123,170025,CMS Internet,70,1,X,MI,88274c22cdfffff
260570003004004,100,20,4,12037123,170025,CMS Internet,70,1,X,MI,88274c22cdfffff
260570003004008,100,20,1,12037123,170025,CMS Internet,70,1,X,MI,88274c22cdfffff
260570003004009,100,20,1,12037123,170025,CMS Internet,70,1,X,MI,88274c2213fffff
260570003004013,100,20,2,12037123,170025,CMS Internet,70,1,X,MI,88274c2213fffff
260570003004017,100,20,1,12037123,170025,CMS Internet,70,1,X,MI,88274c2213fffff
260570003004041,100,20,1,12037123,170025,CMS Internet,70,1,X,MI,88274c22c7fffff
260570005001000,100,20,1,12037123,170025,CMS Internet,70,1,X,MI,88274c2237fffff
260570005001001,100,20,1,12037123,170025,CMS Internet,70,1,X,MI,88274c2237fffff
260570005001003,100,20,1,12037123,170025,CMS Internet,70,1,X,MI,88274c22e5fffff
260570005001004,100,20,1,12037123,170025,CMS Internet,70,1,X,MI,88274c2233fffff
260570005001006,100,20,8,12037123,170025,CMS Internet,70,1,X,MI,88274c2059fffff
260570005002001,100,20,1,12037123,170025,CMS Internet,70,1,X,MI,88274c22e5fffff
260570005002004,100,20,3,12037123,170025,CMS Internet,70,1,X,MI,88274c22e7fffff
260570005002013,100,20,1,12037123,170025,CMS Internet,70,1,X,MI,88274c22a9fffff
260570005004000,100,20,1,12037123,170025,CMS Internet,70,1,X,MI,88274c2055fffff
260570005004003,100,20,1,12037123,170025,CMS Internet,70,1,X,MI,88274c201dfffff
260570005004004,100,20,1,12037123,170025,CMS Internet,70,1,X,MI,88274c200bfffff
260570005004006,100,20,1,12037123,170025,CMS Internet,70,1,X,MI,88274c201dfffff
260570005004008,100,20,3,12037123,170025,CMS Internet,70,1,X,MI,88274c201dfffff
260570005004013,100,20,1,12037123,170025,CMS Internet,70,1,X,MI,88274c2057fffff
260570005005000,100,20,2,12037123,170025,CMS Internet,70,1,X,MI,88274c205dfffff
260570005005008,100,20,3,12037123,170025,CMS Internet,70,1,X,MI,88274c205dfffff
260570005005009,100,20,1,12037123,170025,CMS Internet,70,1,X,MI,88274c205dfffff
260570005005011,100,20,1,12037123,170025,CMS Internet,70,1,X,MI,88274c205dfffff
260570005005012,100,20,1,12037123,170025,CMS Internet,70,1,X,MI,88274c205dfffff
260570006001020,100,20,1,12037123,170025,CMS Internet,70,1,X,MI,88274c201bfffff
260570006001021,100,20,2,12037123,170025,CMS Internet,70,1,X,MI,88274c201bfffff
260570006002012,100,20,3,12037123,170025,CMS Internet,70,1,X,MI,88274c201dfffff
260570006002017,100,20,1,12037123,170025,CMS Internet,70,1,X,MI,88274c201dfffff
260570006004010,100,20,1,12037123,170025,CMS Internet,70,1,X,MI,88274c22a9fffff
260570006004011,100,20,4,12037123,170025,CMS Internet,70,1,X,MI,88274c22a9fffff
260570006004012,100,20,1,12037123,170025,CMS Internet,70,1,X,MI,88274c22adfffff
260570006004015,100,20,1,12037123,170025,CMS Internet,70,1,X,MI,88274c22adfffff
260570007001014,100,20,1,12037123,170025,CMS Internet,70,1,X,MI,88274dcb29fffff
260570007001035,100,20,2,12037123,170025,CMS Internet,70,1,X,MI,88274dcb39fffff
260570007001050,200,200,2,12037123,170025,CMS Internet,70,1,X,MI,88274dc903fffff
260570007001054,100,20,1,12037123,170025,CMS Internet,70,1,X,MI,88274dc951fffff
260570007001067,100,20,1,12037123,170025,CMS Internet,70,1,X,MI,88274dc955fffff
260570007001069,100,20,1,12037123,170025,CMS Internet,70,1,X,MI,88274dc903fffff
260570007002016,100,20,1,12037123,170025,CMS Internet,70,1,X,MI,88274c361bfffff
260570007002023,100,20,1,12037123,170025,CMS Internet,70,1,X,MI,88274c345bfffff
260570007002029,100,20,1,12037123,170025,CMS Internet,70,1,X,MI,88274c36ddfffff
260570007002038,200,200,1,12037123,170025,CMS Internet,70,1,X,MI,88274c36e7fffff
260570007002050,100,20,1,12037123,170025,CMS Internet,70,1,X,MI,88274c36adfffff
260570007002054,100,20,1,12037123,170025,CMS Internet,70,1,X,MI,88274c36ddfffff
260570007002055,100,20,2,12037123,170025,CMS Internet,70,1,X,MI,88274c36d5fffff
260570007003018,100,20,1,12037123,170025,CMS Internet,70,1,X,MI,88274c3403fffff
260570007003019,100,20,1,12037123,170025,CMS Internet,70,1,X,MI,88274c3403fffff
260570007003024,100,20,1,12037123,170025,CMS Internet,70,1,X,MI,88274c3403fffff
260570007003025,100,20,1,12037123,170025,CMS Internet,70,1,X,MI,88274c3403fffff
260570007003032,100,20,2,12037123,170025,CMS Internet,70,1,X,MI,88274c3439fffff
260570008001004,100,20,2,12037123,170025,CMS Internet,70,1,X,MI,88274c2e2dfffff
260570008001006,100,20,1,12037123,170025,CMS Internet,70,1,X,MI,88274c2f11fffff
260570008001007,200,200,1,12037123,170025,CMS Internet,70,1,X,MI,88274c2f11fffff
260570008001008,100,20,3,12037123,170025,CMS Internet,70,1,X,MI,88274c2f39fffff
260570008001009,100,20,2,12037123,170025,CMS Internet,70,1,X,MI,88274c2f21fffff
260570008001011,100,20,2,12037123,170025,CMS Internet,70,1,X,MI,88274c2d41fffff
260570008001012,100,20,2,12037123,170025,CMS Internet,70,1,X,MI,88274c2f3bfffff
260570008001013,100,20,2,12037123,170025,CMS Internet,70,1,X,MI,88274c2c69fffff
260570008001016,100,20,6,12037123,170025,CMS Internet,70,1,X,MI,88274c2c4dfffff
260570008001022,100,20,1,12037123,170025,CMS Internet,70,1,X,MI,88274c2c41fffff
260570008001023,100,20,1,12037123,170025,CMS Internet,70,1,X,MI,88274c2c47fffff
260570008001025,100,20,1,12037123,170025,CMS Internet,70,1,X,MI,88274c2c6dfffff
260570008001026,100,20,3,12037123,170025,CMS Internet,70,1,X,MI,88274c2c65fffff
260570008001027,100,20,2,12037123,170025,CMS Internet,70,1,X,MI,88274c2d51fffff
260570008001027,200,200,1,12037123,170025,CMS Internet,70,1,X,MI,88274c2d55fffff
260570008001031,100,20,1,12037123,170025,CMS Internet,70,1,X,MI,88274c2c0dfffff
260570008001034,100,20,2,12037123,170025,CMS Internet,70,1,X,MI,88274c2d19fffff
260570008001035,100,20,2,12037123,170025,CMS Internet,70,1,X,MI,88274c2c67fffff
260570008001036,100,20,3,12037123,170025,CMS Internet,70,1,X,MI,88274c2d51fffff
260570008001037,100,20,1,12037123,170025,CMS Internet,70,1,X,MI,88274c2d19fffff
260570008001051,100,20,1,12037123,170025,CMS Internet,70,1,X,MI,88274c2c19fffff
260570008001062,200,200,1,12037123,170025,CMS Internet,70,1,X,MI,88274c2eb5fffff
260570008001078,100,20,1,12037123,170025,CMS Internet,70,1,X,MI,88274c2d19fffff
260570008001079,100,20,1,12037123,170025,CMS Internet,70,1,X,MI,88274c2d19fffff
260570008001080,100,20,1,12037123,170025,CMS Internet,70,1,X,MI,88274c2d15fffff
260570008001081,100,20,1,12037123,170025,CMS Internet,70,1,X,MI,88274c2d17fffff
260570008002000,100,20,3,12037123,170025,CMS Internet,70,1,X,MI,88274d5b69fffff
260570008002006,100,20,1,12037123,170025,CMS Internet,70,1,X,MI,88274d5b67fffff
260570008002006,200,200,2,12037123,170025,CMS Internet,70,1,X,MI,88274c2cd7fffff
260570008002007,100,20,1,12037123,170025,CMS Internet,70,1,X,MI,88274c2cd7fffff
260570008002007,200,200,3,12037123,170025,CMS Internet,70,1,X,MI,88274c2cd7fffff
260570008002008,100,20,1,12037123,170025,CMS Internet,70,1,X,MI,88274c2cdbfffff
260570008002010,100,20,3,12037123,170025,CMS Internet,70,1,X,MI,88274c2cd7fffff
260570008002012,100,20,1,12037123,170025,CMS Internet,70,1,X,MI,88274c2cd7fffff
260570008002016,100,20,3,12037123,170025,CMS Internet,70,1,X,MI,88274d5b29fffff
260570008002018,100,20,1,12037123,170025,CMS Internet,70,1,X,MI,88274d5b29fffff
260570008002019,100,20,1,12037123,170025,CMS Internet,70,1,X,MI,88274d5b29fffff
260570008002024,200,200,1,12037123,170025,CMS Internet,70,1,X,MI,88274c2cd7fffff
260570008002026,100,20,2,12037123,170025,CMS Internet,70,1,X,MI,88274c2cd7fffff
260570008002026,200,200,1,12037123,170025,CMS Internet,70,1,X,MI,88274c2cd7fffff
260570008002028,100,20,1,12037123,170025,CMS Internet,70,1,X,MI,88274c2cd7fffff
260570008002030,100,20,1,12037123,170025,CMS Internet,70,1,X,MI,88274c2cd7fffff
260570008002031,100,20,2,12037123,170025,CMS Internet,70,1,X,MI,88274d5b29fffff
260570008002034,100,20,1,12037123,170025,CMS Internet,70,1,X,MI,88274d5b2dfffff
260570008002035,200,200,1,12037123,170025,CMS Internet,70,1,X,MI,88274d5b2dfffff
260570008002036,100,20,2,12037123,170025,CMS Internet,70,1,X,MI,88274d5b2dfffff
260570008002038,100,20,2,12037123,170025,CMS Internet,70,1,X,MI,88274d5b29fffff
260570008002040,100,20,2,12037123,170025,CMS Internet,70,1,X,MI,88274d5b29fffff
260570008002041,100,20,3,12037123,170025,CMS Internet,70,1,X,MI,88274d5b29fffff
260570008002043,100,20,4,12037123,170025,CMS Internet,70,1,X,MI,88274d5b29fffff
260570008002044,100,20,2,12037123,170025,CMS Internet,70,1,X,MI,88274d5b2dfffff
260570008002044,200,200,1,12037123,170025,CMS Internet,70,1,X,MI,88274d5b2dfffff
260570008002045,100,20,1,12037123,170025,CMS Internet,70,1,X,MI,88274d5b2dfffff
260570008002047,100,20,3,12037123,170025,CMS Internet,70,1,X,MI,88274d5b29fffff
260570008002048,100,20,4,12037123,170025,CMS Internet,70,1,X,MI,88274d5b29fffff
260570008002050,200,200,2,12037123,170025,CMS Internet,70,1,X,MI,88274c2eb3fffff
260570008002051,200,200,3,12037123,170025,CMS Internet,70,1,X,MI,88274c2cd7fffff
260570008002052,100,20,1,12037123,170025,CMS Internet,70,1,X,MI,88274c2cd7fffff
260570008002052,200,200,1,12037123,170025,CMS Internet,70,1,X,MI,88274c2cd7fffff
260570008002053,100,20,2,12037123,170025,CMS Internet,70,1,X,MI,88274c2cd7fffff
260570008002054,200,200,2,12037123,170025,CMS Internet,70,1,X,MI,88274c2cd7fffff
260570008002055,100,20,3,12037123,170025,CMS Internet,70,1,X,MI,88274c2cd7fffff
260570008002055,200,200,1,12037123,170025,CMS Internet,70,1,X,MI,88274c2cd7fffff
260570008002056,100,20,4,12037123,170025,CMS Internet,70,1,X,MI,88274c2cd7fffff
260570008002056,200,200,3,12037123,170025,CMS Internet,70,1,X,MI,88274c2cd7fffff
260570008002064,100,20,2,12037123,170025,CMS Internet,70,1,X,MI,88274c2cd7fffff
260570008002064,200,200,4,12037123,170025,CMS Internet,70,1,X,MI,88274c2cd7fffff
260570008003006,100,20,2,12037123,170025,CMS Internet,70,1,X,MI,88274d5b5dfffff
260570008003008,100,20,2,12037123,170025,CMS Internet,70,1,X,MI,88274d5a65fffff
260570008003031,100,20,1,12037123,170025,CMS Internet,70,1,X,MI,88274d584dfffff
260570008003060,100,20,25,12037123,170025,CMS Internet,70,1,X,MI,88274d5909fffff
260570008003061,100,20,5,12037123,170025,CMS Internet,70,1,X,MI,88274d590bfffff
260570008003062,100,20,12,12037123,170025,CMS Internet,70,1,X,MI,88274d5955fffff
260570008003066,100,20,1,12037123,170025,CMS Internet,70,1,X,MI,88274d5949fffff
260570008003073,100,20,15,12037123,170025,CMS Internet,70,1,X,MI,88274d5955fffff
260570008003074,100,20,1,12037123,170025,CMS Internet,70,1,X,MI,88274d5943fffff
260570008003075,100,20,3,12037123,170025,CMS Internet,70,1,X,MI,88274d5943fffff
260570008003076,100,20,7,12037123,170025,CMS Internet,70,1,X,MI,88274d5943fffff
260570008003077,100,20,1,12037123,170025,CMS Internet,70,1,X,MI,88274d5943fffff
260570008003078,100,20,16,12037123,170025,CMS Internet,70,1,X,MI,88274d5909fffff
260570008003079,100,20,1,12037123,170025,CMS Internet,70,1,X,MI,88274d5947fffff
260570008003081,100,20,2,12037123,170025,CMS Internet,70,1,X,MI,88274d594dfffff
260570008003081,200,200,1,12037123,170025,CMS Internet,70,1,X,MI,88274d5941fffff
260570008003086,100,20,14,12037123,170025,CMS Internet,70,1,X,MI,88274d5903fffff
260570008003087,100,20,4,12037123,170025,CMS Internet,70,1,X,MI,88274d590bfffff
260570008003088,100,20,7,12037123,170025,CMS Internet,70,1,X,MI,88274d5909fffff
260570008003089,100,20,5,12037123,170025,CMS Internet,70,1,X,MI,88274d5909fffff
260570008003090,100,20,2,12037123,170025,CMS Internet,70,1,X,MI,88274d5903fffff
260570008003091,100,20,1,12037123,170025,CMS Internet,70,1,X,MI,88274d590bfffff
260570008003092,100,20,9,12037123,170025,CMS Internet,70,1,X,MI,88274d5909fffff
260570008003097,100,20,1,12037123,170025,CMS Internet,70,1,X,MI,88274d590bfffff
260570008004058,100,20,1,12037123,170025,CMS Internet,70,1,X,MI,882748971bfffff
260570009001000,100,20,1,12037123,170025,CMS Internet,70,1,X,MI,88274dc91bfffff
260570009001000,200,200,1,12037123,170025,CMS Internet,70,1,X,MI,88274dc913fffff
260570009001001,100,20,2,12037123,170025,CMS Internet,70,1,X,MI,88274dc917fffff
260570009001002,100,20,2,12037123,170025,CMS Internet,70,1,X,MI,88274dc93bfffff
260570009001002,200,200,2,12037123,170025,CMS Internet,70,1,X,MI,88274dc903fffff
260570009001003,100,20,1,12037123,170025,CMS Internet,70,1,X,MI,88274dc93dfffff
260570009001005,100,20,1,12037123,170025,CMS Internet,70,1,X,MI,88274c26cbfffff
260570009001006,200,200,1,12037123,170025,CMS Internet,70,1,X,MI,88274c26c9fffff
260570009001015,100,20,2,12037123,170025,CMS Internet,70,1,X,MI,88274c26cbfffff
260570009001016,100,20,2,12037123,170025,CMS Internet,70,1,X,MI,88274c26dbfffff
260570009001017,100,20,2,12037123,170025,CMS Internet,70,1,X,MI,88274dc9e5fffff
260570009001018,100,20,1,12037123,170025,CMS Internet,70,1,X,MI,88274dc913fffff
260570009001019,100,20,1,12037123,170025,CMS Internet,70,1,X,MI,88274dc9e7fffff
260570009001020,100,20,5,12037123,170025,CMS Internet,70,1,X,MI,88274c26d1fffff
260570009001025,200,200,1,12037123,170025,CMS Internet,70,1,X,MI,88274c2683fffff
260570009001034,100,20,1,12037123,170025,CMS Internet,70,1,X,MI,88274c26b3fffff
260570009001039,100,20,1,12037123,170025,CMS Internet,70,1,X,MI,88274d536dfffff
260570009001060,100,20,3,12037123,170025,CMS Internet,70,1,X,MI,88274d5323fffff
260570009001062,100,20,1,12037123,170025,CMS Internet,70,1,X,MI,88274d514dfffff
260570009001071,100,20,4,12037123,170025,CMS Internet,70,1,X,MI,88274d5149fffff
260570009001072,100,20,2,12037123,170025,CMS Internet,70,1,X,MI,88274d5149fffff
260570009001074,100,20,1,12037123,170025,CMS Internet,70,1,X,MI,88274d5149fffff
260570009001076,100,20,1,12037123,170025,CMS Internet,70,1,X,MI,88274d5149fffff
260570009001082,100,20,1,12037123,170025,CMS Internet,70,1,X,MI,88274d5149fffff
260570009001085,100,20,1,12037123,170025,CMS Internet,70,1,X,MI,88274d5149fffff
260570009001086,100,20,1,12037123,170025,CMS Internet,70,1,X,MI,88274d5149fffff
260570009001087,100,20,1,12037123,170025,CMS Internet,70,1,X,MI,88274d5149fffff
260570009001093,100,20,1,12037123,170025,CMS Internet,70,1,X,MI,88274d5141fffff
260570009001094,100,20,2,12037123,170025,CMS Internet,70,1,X,MI,88274d5141fffff
260570009002017,100,20,1,12037123,170025,CMS Internet,70,1,X,MI,88274d5069fffff
260570009002025,100,20,1,12037123,170025,CMS Internet,70,1,X,MI,88274d5055fffff
260570009002043,100,20,1,12037123,170025,CMS Internet,70,1,X,MI,88274d50edfffff
260570009002053,100,20,1,12037123,170025,CMS Internet,70,1,X,MI,88274d5023fffff
260570009002074,100,20,1,12037123,170025,CMS Internet,70,1,X,MI,88274d51c9fffff
260570009002076,100,20,3,12037123,170025,CMS Internet,70,1,X,MI,88274d50cdfffff
260570009002080,100,20,1,12037123,170025,CMS Internet,70,1,X,MI,88274d5035fffff
260570009003001,100,20,1,12037123,170025,CMS Internet,70,1,X,MI,88274c2459fffff
260570009003016,100,20,1,12037123,170025,CMS Internet,70,1,X,MI,88274c2467fffff
260570009003024,100,20,1,12037123,170025,CMS Internet,70,1,X,MI,88274c2443fffff
260570009003031,100,20,1,12037123,170025,CMS Internet,70,1,X,MI,88274c2459fffff
260570009003035,200,200,1,12037123,170025,CMS Internet,70,1,X,MI,88274c26abfffff
260570009003038,100,20,2,12037123,170025,CMS Internet,70,1,X,MI,88274c2415fffff
260570009003039,100,20,1,12037123,170025,CMS Internet,70,1,X,MI,88274c2415fffff
260570009003046,100,20,1,12037123,170025,CMS Internet,70,1,X,MI,88274c24cbfffff
260570009003053,100,20,2,12037123,170025,CMS Internet,70,1,X,MI,88274c25c3fffff
260570009003066,100,20,1,12037123,170025,CMS Internet,70,1,X,MI,88274c24e1fffff
260570009003067,100,20,8,12037123,170025,CMS Internet,70,1,X,MI,88274c2417fffff
260570009003069,100,20,4,12037123,170025,CMS Internet,70,1,X,MI,88274c2415fffff
260570009003070,100,20,1,12037123,170025,CMS Internet,70,1,X,MI,88274c2415fffff
260570009003072,100,20,1,12037123,170025,CMS Internet,70,1,X,MI,88274c243bfffff
260570009003073,100,20,1,12037123,170025,CMS Internet,70,1,X,MI,88274c243bfffff
260570009003083,100,20,1,12037123,170025,CMS Internet,70,1,X,MI,88274c25d7fffff
260570009003088,100,20,1,12037123,170025,CMS Internet,70,1,X,MI,88274c2599fffff
260570009003089,100,20,1,12037123,170025,CMS Internet,70,1,X,MI,88274c2591fffff
260570009003100,100,20,2,12037123,170025,CMS Internet,70,1,X,MI,88274c2417fffff
260570009003102,100,20,2,12037123,170025,CMS Internet,70,1,X,MI,88274c2417fffff
260570009004011,100,20,1,12037123,170025,CMS Internet,70,1,X,MI,88274c259bfffff
260570009004014,100,20,4,12037123,170025,CMS Internet,70,1,X,MI,88274d5a65fffff
260570009004015,100,20,1,12037123,170025,CMS Internet,70,1,X,MI,88274d5a65fffff
260570009004018,100,20,1,12037123,170025,CMS Internet,70,1,X,MI,88274d5a41fffff
260570009004057,100,20,1,12037123,170025,CMS Internet,70,1,X,MI,88274d5163fffff
260570009004089,100,20,4,12037123,170025,CMS Internet,70,1,X,MI,88274d5ac1fffff
260570009004116,100,20,1,12037123,170025,CMS Internet,70,1,X,MI,88274d5a81fffff
260570009004123,100,20,5,12037123,170025,CMS Internet,70,1,X,MI,88274d5ae5fffff
260570009004127,100,20,3,12037123,170025,CMS Internet,70,1,X,MI,88274d5aadfffff
260570009004128,100,20,1,12037123,170025,CMS Internet,70,1,X,MI,88274d5aa9fffff
260570010001005,100,20,2,12037123,170025,CMS Internet,70,1,X,MI,88274c2e51fffff
260570010001020,200,200,1,12037123,170025,CMS Internet,70,1,X,MI,88274c2ec1fffff
260570010001021,100,20,1,12037123,170025,CMS Internet,70,1,X,MI,88274c2ec3fffff
260570010001027,200,200,1,12037123,170025,CMS Internet,70,1,X,MI,88274c25c5fffff
260570010001029,200,200,1,12037123,170025,CMS Internet,70,1,X,MI,88274c2e99fffff
260570010001035,100,20,1,12037123,170025,CMS Internet,70,1,X,MI,88274c2ec7fffff
260570010001038,100,20,2,12037123,170025,CMS Internet,70,1,X,MI,88274c2e8bfffff
260570010001039,100,20,1,12037123,170025,CMS Internet,70,1,X,MI,88274c2e8bfffff
260570010001043,100,20,1,12037123,170025,CMS Internet,70,1,X,MI,88274c2e83fffff
260570010001052,200,200,1,12037123,170025,CMS Internet,70,1,X,MI,88274c2ebbfffff
260570010001057,100,20,1,12037123,170025,CMS Internet,70,1,X,MI,88274c2ebdfffff
260570010001063,100,20,1,12037123,170025,CMS Internet,70,1,X,MI,88274c2e97fffff
260570010001068,100,20,1,12037123,170025,CMS Internet,70,1,X,MI,88274c2e99fffff
260570010001074,200,200,1,12037123,170025,CMS Internet,70,1,X,MI,88274d5b69fffff
260570010001080,200,200,1,12037123,170025,CMS Internet,70,1,X,MI,88274c25bdfffff
260570010003002,100,20,1,12037123,170025,CMS Internet,70,1,X,MI,88274c2737fffff
260570010003037,100,20,2,12037123,170025,CMS Internet,70,1,X,MI,88274c2733fffff
260570010004001,100,20,3,12037123,170025,CMS Internet,70,1,X,MI,88274c2559fffff
260570010004030,100,20,2,12037123,170025,CMS Internet,70,1,X,MI,88274c2559fffff
260570010004035,100,20,1,12037123,170025,CMS Internet,70,1,X,MI,88274c2559fffff
260670301011000,100,20,3,12037123,170025,CMS Internet,70,1,X,MI,8827488207fffff
260670301011000,200,200,3,12037123,170025,CMS Internet,70,1,X,MI,8827488201fffff
260670301011001,100,20,2,12037123,170025,CMS Internet,70,1,X,MI,8827488205fffff
260670301011002,100,20,3,12037123,170025,CMS Internet,70,1,X,MI,882748822dfffff
260670301011007,100,20,1,12037123,170025,CMS Internet,70,1,X,MI,8827488049fffff
260670301011008,200,200,1,12037123,170025,CMS Internet,70,1,X,MI,8827488235fffff
260670301011013,100,20,2,12037123,170025,CMS Internet,70,1,X,MI,882748823dfffff
260670301011017,100,20,1,12037123,170025,CMS Internet,70,1,X,MI,882748823dfffff
260670301011018,100,20,1,12037123,170025,CMS Internet,70,1,X,MI,882748822bfffff
260670301011023,100,20,5,12037123,170025,CMS Internet,70,1,X,MI,8827488203fffff
260670301011023,200,200,1,12037123,170025,CMS Internet,70,1,X,MI,8827488203fffff
260670301011024,100,20,8,12037123,170025,CMS Internet,70,1,X,MI,882748821dfffff
260670301011024,200,200,6,12037123,170025,CMS Internet,70,1,X,MI,882748821dfffff
260670301011035,200,200,2,12037123,170025,CMS Internet,70,1,X,MI,882748823dfffff
260670301011066,100,20,3,12037123,170025,CMS Internet,70,1,X,MI,882748822bfffff
260670301011067,100,20,1,12037123,170025,CMS Internet,70,1,X,MI,882748820bfffff
260670301011068,100,20,5,12037123,170025,CMS Internet,70,1,X,MI,8827488257fffff
260670301011068,200,200,2,12037123,170025,CMS Internet,70,1,X,MI,882748821dfffff
260670301011069,100,20,3,12037123,170025,CMS Internet,70,1,X,MI,882748821dfffff
260670301011069,200,200,3,12037123,170025,CMS Internet,70,1,X,MI,882748821dfffff
260670301011070,100,20,1,12037123,170025,CMS Internet,70,1,X,MI,882748821dfffff
260670301011070,200,200,2,12037123,170025,CMS Internet,70,1,X,MI,882748821dfffff
260670301011071,100,20,2,12037123,170025,CMS Internet,70,1,X,MI,882748821dfffff
260670301011072,100,20,1,12037123,170025,CMS Internet,70,1,X,MI,882748821dfffff
260670301012000,100,20,2,12037123,170025,CMS Internet,70,1,X,MI,882748940dfffff
260670301012003,100,20,1,12037123,170025,CMS Internet,70,1,X,MI,882748955bfffff
260670301012004,100,20,1,12037123,170025,CMS Internet,70,1,X,MI,882748955dfffff
260670301012006,100,20,6,12037123,170025,CMS Internet,70,1,X,MI,8827489563fffff
260670301012007,100,20,4,12037123,170025,CMS Internet,70,1,X,MI,882748825bfffff
260670301012007,200,200,1,12037123,170025,CMS Internet,70,1,X,MI,882748825bfffff
260670301012008,100,20,1,12037123,170025,CMS Internet,70,1,X,MI,8827488253fffff
260670301012008,200,200,1,12037123,170025,CMS Internet,70,1,X,MI,8827488251fffff
260670301012009,100,20,1,12037123,170025,CMS Internet,70,1,X,MI,882748820bfffff
260670301012010,100,20,1,12037123,170025,CMS Internet,70,1,X,MI,882748821dfffff
260670301012011,100,20,19,12037123,170025,CMS Internet,70,1,X,MI,882748821dfffff
260670301012011,200,200,6,12037123,170025,CMS Internet,70,1,X,MI,8827488257fffff
260670301012012,100,20,1,12037123,170025,CMS Internet,70,1,X,MI,8827489521fffff
260670301012012,200,200,3,12037123,170025,CMS Internet,70,1,X,MI,8827489525fffff
260670301012013,100,20,4,12037123,170025,CMS Internet,70,1,X,MI,8827489515fffff
260670301012014,100,20,6,12037123,170025,CMS Internet,70,1,X,MI,8827489515fffff
260670301012015,100,20,3,12037123,170025,CMS Internet,70,1,X,MI,8827489519fffff
260670301012017,100,20,1,12037123,170025,CMS Internet,70,1,X,MI,882748942dfffff
260670301012018,100,20,2,12037123,170025,CMS Internet,70,1,X,MI,8827489427fffff
260670301012019,100,20,1,12037123,170025,CMS Internet,70,1,X,MI,882748942bfffff
260670301012022,100,20,6,12037123,170025,CMS Internet,70,1,X,MI,8827489515fffff
260670301012023,100,20,6,12037123,170025,CMS Internet,70,1,X,MI,88274895edfffff
260670301012024,100,20,1,12037123,170025,CMS Internet,70,1,X,MI,8827489537fffff
260670301012025,100,20,5,12037123,170025,CMS Internet,70,1,X,MI,8827489535fffff
260670301012026,100,20,1,12037123,170025,CMS Internet,70,1,X,MI,8827489527fffff
260670301012026,200,200,2,12037123,170025,CMS Internet,70,1,X,MI,88274882c9fffff
260670301012042,100,20,1,12037123,170025,CMS Internet,70,1,X,MI,8827489401fffff
260670301012055,100,20,2,12037123,170025,CMS Internet,70,1,X,MI,8827489435fffff
260670301012057,100,20,2,12037123,170025,CMS Internet,70,1,X,MI,8827489427fffff
260670301012058,100,20,6,12037123,170025,CMS Internet,70,1,X,MI,882748951bfffff
260670301012059,100,20,8,12037123,170025,CMS Internet,70,1,X,MI,88274895cbfffff
260670301012064,100,20,1,12037123,170025,CMS Internet,70,1,X,MI,8827489437fffff
260670301012068,100,20,2,12037123,170025,CMS Internet,70,1,X,MI,8827489537fffff
260670301012082,100,20,3,12037123,170025,CMS Internet,70,1,X,MI,8827488257fffff
260670301012082,200,200,1,12037123,170025,CMS Internet,70,1,X,MI,8827488257fffff
260670301012083,100,20,5,12037123,170025,CMS Internet,70,1,X,MI,8827488257fffff
260670301012083,200,200,1,12037123,170025,CMS Internet,70,1,X,MI,882748821dfffff
260670301012084,100,20,5,12037123,170025,CMS Internet,70,1,X,MI,882748821dfffff
260670301012084,200,200,2,12037123,170025,CMS Internet,70,1,X,MI,882748821dfffff
260670301012085,100,20,5,12037123,170025,CMS Internet,70,1,X,MI,882748821dfffff
260670301012085,200,200,1,12037123,170025,CMS Internet,70,1,X,MI,8827488257fffff
260670301012086,100,20,2,12037123,170025,CMS Internet,70,1,X,MI,8827488257fffff
260670301012086,200,200,2,12037123,170025,CMS Internet,70,1,X,MI,882748821dfffff
260670301012087,100,20,2,12037123,170025,CMS Internet,70,1,X,MI,8827488257fffff
260670301012087,200,200,6,12037123,170025,CMS Internet,70,1,X,MI,8827488257fffff
260670301012088,100,20,4,12037123,170025,CMS Internet,70,1,X,MI,882748821dfffff
260670301012088,200,200,3,12037123,170025,CMS Internet,70,1,X,MI,882748821dfffff
260670301021006,100,20,2,12037123,170025,CMS Internet,70,1,X,MI,88274895ddfffff
260670301021007,100,20,2,12037123,170025,CMS Internet,70,1,X,MI,88274895d5fffff
260670301021008,100,20,1,12037123,170025,CMS Internet,70,1,X,MI,88274895e7fffff
260670301021009,100,20,2,12037123,170025,CMS Internet,70,1,X,MI,88274882d1fffff
260670301021011,100,20,1,12037123,170025,CMS Internet,70,1,X,MI,88274882d1fffff
260670301021017,100,20,2,12037123,170025,CMS Internet,70,1,X,MI,8827489587fffff
260670301021018,100,20,5,12037123,170025,CMS Internet,70,1,X,MI,88274882d3fffff
260670301021019,100,20,1,12037123,170025,CMS Internet,70,1,X,MI,882748958bfffff
260670301021023,100,20,1,12037123,170025,CMS Internet,70,1,X,MI,882748874bfffff
260670301021069,100,20,6,12037123,170025,CMS Internet,70,1,X,MI,88274894a1fffff
260670301021073,100,20,2,12037123,170025,CMS Internet,70,1,X,MI,88274895c5fffff
260670301022048,100,20,1,12037123,170025,CMS Internet,70,1,X,MI,882748844bfffff
260670301023000,100,20,3,12037123,170025,CMS Internet,70,1,X,MI,8827488641fffff
260670301023001,100,20,2,12037123,170025,CMS Internet,70,1,X,MI,882748864dfffff
260670301023011,100,20,1,12037123,170025,CMS Internet,70,1,X,MI,8827488643fffff
260670301023029,100,20,1,12037123,170025,CMS Internet,70,1,X,MI,8827488637fffff
260670301023033,100,20,2,12037123,170025,CMS Internet,70,1,X,MI,88274886e7fffff
260670301023039,100,20,2,12037123,170025,CMS Internet,70,1,X,MI,8827488657fffff
260670301023040,100,20,8,12037123,170025,CMS Internet,70,1,X,MI,882748860bfffff
260670301023042,100,20,1,12037123,170025,CMS Internet,70,1,X,MI,882748860bfffff
260670301023043,100,20,4,12037123,170025,CMS Internet,70,1,X,MI,882748860bfffff
260670301023045,100,20,2,12037123,170025,CMS Internet,70,1,X,MI,8827488643fffff
260670301023046,100,20,4,12037123,170025,CMS Internet,70,1,X,MI,8827488601fffff
260670301023062,100,20,1,12037123,170025,CMS Internet,70,1,X,MI,882748868dfffff
260670304011018,100,20,1,12037123,170025,CMS Internet,70,1,X,MI,8827488b15fffff
260670304012002,100,20,1,12037123,170025,CMS Internet,70,1,X,MI,8827488323fffff
260670304013004,100,20,1,12037123,170025,CMS Internet,70,1,X,MI,882748810bfffff
260670304013032,100,20,2,12037123,170025,CMS Internet,70,1,X,MI,8827488107fffff
260670304013035,100,20,1,12037123,170025,CMS Internet,70,1,X,MI,8827488ac1fffff
260670304022025,100,20,1,12037123,170025,CMS Internet,70,1,X,MI,8827488ac9fffff
260730001001002,100,20,1,12037123,170025,CMS Internet,70,1,X,MI,88274c1465fffff
260730001001029,100,20,1,12037123,170025,CMS Internet,70,1,X,MI,88274c1505fffff
260730001001041,100,20,2,12037123,170025,CMS Internet,70,1,X,MI,88274c150bfffff
260730001001044,100,20,2,12037123,170025,CMS Internet,70,1,X,MI,88274c15e3fffff
260730001001049,100,20,3,12037123,170025,CMS Internet,70,1,X,MI,88274c1557fffff
260730001001051,100,20,1,12037123,170025,CMS Internet,70,1,X,MI,88274c1427fffff
260730001001052,200,200,1,12037123,170025,CMS Internet,70,1,X,MI,88274c151bfffff
260730001001055,100,20,1,12037123,170025,CMS Internet,70,1,X,MI,88274c15e9fffff
260730001001062,100,20,1,12037123,170025,CMS Internet,70,1,X,MI,88274c0289fffff
260730001001084,100,20,1,12037123,170025,CMS Internet,70,1,X,MI,88274c0051fffff
260730001001085,100,20,1,12037123,170025,CMS Internet,70,1,X,MI,88274c0019fffff
260730001001113,100,20,1,12037123,170025,CMS Internet,70,1,X,MI,88274c1589fffff
260730001001119,100,20,1,12037123,170025,CMS Internet,70,1,X,MI,88274c15a3fffff
260730001001161,100,20,1,12037123,170025,CMS Internet,70,1,X,MI,88274c150bfffff
260730001002005,100,20,2,12037123,170025,CMS Internet,70,1,X,MI,88274c0165fffff
260730001002007,100,20,1,12037123,170025,CMS Internet,70,1,X,MI,88274c0167fffff
260730001002008,100,20,1,12037123,170025,CMS Internet,70,1,X,MI,88274c0129fffff
260730001002010,100,20,1,12037123,170025,CMS Internet,70,1,X,MI,88274c0a19fffff
260730001002011,100,20,3,12037123,170025,CMS Internet,70,1,X,MI,88274c0a15fffff
260730001002013,100,20,2,12037123,170025,CMS Internet,70,1,X,MI,88274c0129fffff
260730001002015,100,20,2,12037123,170025,CMS Internet,70,1,X,MI,88274c0ae7fffff
260730001002016,100,20,1,12037123,170025,CMS Internet,70,1,X,MI,88274c0a8dfffff
260730001002017,100,20,3,12037123,170025,CMS Internet,70,1,X,MI,88274c0a17fffff
260730001002018,100,20,1,12037123,170025,CMS Internet,70,1,X,MI,88274c0127fffff
260730001002019,100,20,1,12037123,170025,CMS Internet,70,1,X,MI,88274c0121fffff
260730001002020,100,20,5,12037123,170025,CMS Internet,70,1,X,MI,88274c013dfffff
260730001002024,100,20,2,12037123,170025,CMS Internet,70,1,X,MI,88274c0131fffff
260730001002032,100,20,1,12037123,170025,CMS Internet,70,1,X,MI,88274c003bfffff
260730001002037,100,20,2,12037123,170025,CMS Internet,70,1,X,MI,88274c01d1fffff
260730001002048,100,20,1,12037123,170025,CMS Internet,70,1,X,MI,88274c01c1fffff
260730001002050,100,20,1,12037123,170025,CMS Internet,70,1,X,MI,88274c0ad7fffff
260730001002053,100,20,1,12037123,170025,CMS Internet,70,1,X,MI,88274c0acbfffff
260730001002057,100,20,2,12037123,170025,CMS Internet,70,1,X,MI,88274c0aa1fffff
260730001003035,100,20,1,12037123,170025,CMS Internet,70,1,X,MI,88274c0101fffff
260730002001000,100,20,7,12037123,170025,CMS Internet,70,1,X,MI,88274c0c47fffff
260730002001000,200,200,1,12037123,170025,CMS Internet,70,1,X,MI,88274c0c47fffff
260730002001001,100,20,6,12037123,170025,CMS Internet,70,1,X,MI,88274c0c55fffff
260730002001004,100,20,12,12037123,170025,CMS Internet,70,1,X,MI,88274c0c1dfffff
260730002001005,100,20,14,12037123,170025,CMS Internet,70,1,X,MI,88274c0c39fffff
260730002001005,200,200,3,12037123,170025,CMS Internet,70,1,X,MI,88274c0c39fffff
260730002001006,100,20,1,12037123,170025,CMS Internet,70,1,X,MI,88274c0c29fffff
260730002001007,100,20,8,12037123,170025,CMS Internet,70,1,X,MI,88274c0d39fffff
260730002001009,100,20,1,12037123,170025,CMS Internet,70,1,X,MI,88274c0d03fffff
260730002001009,200,200,7,12037123,170025,CMS Internet,70,1,X,MI,88274c0d07fffff
260730002001010,100,20,4,12037123,170025,CMS Internet,70,1,X,MI,88274c0de5fffff
260730002001010,200,200,12,12037123,170025,CMS Internet,70,1,X,MI,88274c0d39fffff
260730002001011,100,20,3,12037123,170025,CMS Internet,70,1,X,MI,88274c0c37fffff
260730002001012,100,20,9,12037123,170025,CMS Internet,70,1,X,MI,88274c0c39fffff
260730002001013,100,20,14,12037123,170025,CMS Internet,70,1,X,MI,88274c0c15fffff
260730002001014,100,20,28,12037123,170025,CMS Internet,70,1,X,MI,88274c0ce9fffff
260730002001016,100,20,8,12037123,170025,CMS Internet,70,1,X,MI,88274c0dd9fffff
260730002001017,100,20,13,12037123,170025,CMS Internet,70,1,X,MI,88274c0dcbfffff
260730002001018,100,20,8,12037123,170025,CMS Internet,70,1,X,MI,88274c0dcdfffff
260730002001019,100,20,11,12037123,170025,CMS Internet,70,1,X,MI,88274c0dc5fffff
260730002001020,100,20,5,12037123,170025,CMS Internet,70,1,X,MI,88274c0de5fffff
260730002001021,100,20,15,12037123,170025,CMS Internet,70,1,X,MI,88274c72d1fffff
260730002001021,200,200,2,12037123,170025,CMS Internet,70,1,X,MI,88274c0de5fffff
260730002001023,100,20,10,12037123,170025,CMS Internet,70,1,X,MI,88274c0dc1fffff
260730002001025,100,20,7,12037123,170025,CMS Internet,70,1,X,MI,88274c0d89fffff
260730002001026,100,20,1,12037123,170025,CMS Internet,70,1,X,MI,88274c0d87fffff
260730002001029,100,20,1,12037123,170025,CMS Internet,70,1,X,MI,88274c0da7fffff
260730002001030,100,20,4,12037123,170025,CMS Internet,70,1,X,MI,88274c0da5fffff
260730002001033,100,20,6,12037123,170025,CMS Internet,70,1,X,MI,88274c0db5fffff
260730002001034,100,20,1,12037123,170025,CMS Internet,70,1,X,MI,88274c0db9fffff
260730002001035,100,20,3,12037123,170025,CMS Internet,70,1,X,MI,88274c0db9fffff
260730002001036,100,20,5,12037123,170025,CMS Internet,70,1,X,MI,88274c0dbbfffff
260730002001037,100,20,7,12037123,170025,CMS Internet,70,1,X,MI,88274c0d9dfffff
260730002001038,100,20,10,12037123,170025,CMS Internet,70,1,X,MI,88274c0d9dfffff
260730002001039,100,20,9,12037123,170025,CMS Internet,70,1,X,MI,88274c0d8bfffff
260730002001040,100,20,1,12037123,170025,CMS Internet,70,1,X,MI,88274c0dd1fffff
260730002001041,100,20,12,12037123,170025,CMS Internet,70,1,X,MI,88274c0dd1fffff
260730002001043,100,20,8,12037123,170025,CMS Internet,70,1,X,MI,88274c0cadfffff
260730002001044,100,20,26,12037123,170025,CMS Internet,70,1,X,MI,88274c0cbdfffff
260730002001045,100,20,6,12037123,170025,CMS Internet,70,1,X,MI,88274c0ca7fffff
260730002001046,100,20,11,12037123,170025,CMS Internet,70,1,X,MI,88274c0ca5fffff
260730002001047,100,20,2,12037123,170025,CMS Internet,70,1,X,MI,88274c0ca5fffff
260730002001048,100,20,1,12037123,170025,CMS Internet,70,1,X,MI,88274c0dbbfffff
260730002001049,100,20,3,12037123,170025,CMS Internet,70,1,X,MI,88274c0db1fffff
260730002001050,100,20,1,12037123,170025,CMS Internet,70,1,X,MI,88274c774bfffff
260730002001051,100,20,3,12037123,170025,CMS Internet,70,1,X,MI,88274c0d93fffff
260730002002000,100,20,2,12037123,170025,CMS Internet,70,1,X,MI,88274c0181fffff
260730002002002,100,20,28,12037123,170025,CMS Internet,70,1,X,MI,88274c0187fffff
260730002002002,200,200,1,12037123,170025,CMS Internet,70,1,X,MI,88274c01b3fffff
260730002002016,100,20,55,12037123,170025,CMS Internet,70,1,X,MI,88274c0f43fffff
260730002002016,200,200,2,12037123,170025,CMS Internet,70,1,X,MI,88274c01b3fffff
260730002002017,100,20,7,12037123,170025,CMS Internet,70,1,X,MI,88274c0f69fffff
260730002002019,100,20,6,12037123,170025,CMS Internet,70,1,X,MI,88274c0aabfffff
260730002002020,100,20,4,12037123,170025,CMS Internet,70,1,X,MI,88274c08dbfffff
260730002002021,100,20,1,12037123,170025,CMS Internet,70,1,X,MI,88274c08d9fffff
260730002002034,100,20,5,12037123,170025,CMS Internet,70,1,X,MI,88274c0f01fffff
260730002002035,100,20,7,12037123,170025,CMS Internet,70,1,X,MI,88274c0f65fffff
260730002002036,100,20,11,12037123,170025,CMS Internet,70,1,X,MI,88274c0f6bfffff
260730002002043,100,20,8,12037123,170025,CMS Internet,70,1,X,MI,88274c0f23fffff
260730002002044,100,20,1,12037123,170025,CMS Internet,70,1,X,MI,88274c08d3fffff
260730002002045,100,20,1,12037123,170025,CMS Internet,70,1,X,MI,88274c0f39fffff
260730002002048,100,20,1,12037123,170025,CMS Internet,70,1,X,MI,88274c089bfffff
260730002002049,100,20,1,12037123,170025,CMS Internet,70,1,X,MI,88274c089bfffff
260730002002050,100,20,3,12037123,170025,CMS Internet,70,1,X,MI,88274c0d49fffff
260730002002051,100,20,6,12037123,170025,CMS Internet,70,1,X,MI,88274c0d41fffff
260730002002052,100,20,6,12037123,170025,CMS Internet,70,1,X,MI,88274c0f43fffff
260730002002053,100,20,15,12037123,170025,CMS Internet,70,1,X,MI,88274c0f5dfffff
260730002002054,100,20,16,12037123,170025,CMS Internet,70,1,X,MI,88274c0f59fffff
260730002002054,200,200,4,12037123,170025,CMS Internet,70,1,X,MI,88274c0f59fffff
260730002002055,100,20,10,12037123,170025,CMS Internet,70,1,X,MI,88274c0e65fffff
260730002002056,100,20,11,12037123,170025,CMS Internet,70,1,X,MI,88274c0e65fffff
260730002002057,100,20,14,12037123,170025,CMS Internet,70,1,X,MI,88274c0f5bfffff
260730002002057,200,200,8,12037123,170025,CMS Internet,70,1,X,MI,88274c0e65fffff
260730002002058,100,20,3,12037123,170025,CMS Internet,70,1,X,MI,88274c0e65fffff
260730002002058,200,200,2,12037123,170025,CMS Internet,70,1,X,MI,88274c0e65fffff
260730002002059,100,20,4,12037123,170025,CMS Internet,70,1,X,MI,88274c0e65fffff
260730002002060,100,20,7,12037123,170025,CMS Internet,70,1,X,MI,88274c0e65fffff
260730002002061,100,20,3,12037123,170025,CMS Internet,70,1,X,MI,88274c0e65fffff
260730002002062,100,20,6,12037123,170025,CMS Internet,70,1,X,MI,88274c0e65fffff
260730002002063,100,20,5,12037123,170025,CMS Internet,70,1,X,MI,88274c0e65fffff
260730002002065,100,20,6,12037123,170025,CMS Internet,70,1,X,MI,88274c0e65fffff
260730002002066,100,20,3,12037123,170025,CMS Internet,70,1,X,MI,88274c0e65fffff
260730002002067,100,20,8,12037123,170025,CMS Internet,70,1,X,MI,88274c0e65fffff
260730002002067,200,200,20,12037123,170025,CMS Internet,70,1,X,MI,88274c0e65fffff
260730002002068,100,20,9,12037123,170025,CMS Internet,70,1,X,MI,88274c0e27fffff
260730002002068,200,200,4,12037123,170025,CMS Internet,70,1,X,MI,88274c0e65fffff
260730002002070,100,20,7,12037123,170025,CMS Internet,70,1,X,MI,88274c0f19fffff
260730002002071,100,20,1,12037123,170025,CMS Internet,70,1,X,MI,88274c0e25fffff
260730002002072,100,20,9,12037123,170025,CMS Internet,70,1,X,MI,88274c0c4dfffff
260730002002073,100,20,3,12037123,170025,CMS Internet,70,1,X,MI,88274c0c4dfffff
260730002002077,100,20,9,12037123,170025,CMS Internet,70,1,X,MI,88274c0d4bfffff
260730002002078,100,20,2,12037123,170025,CMS Internet,70,1,X,MI,88274c0d61fffff
260730002002080,100,20,7,12037123,170025,CMS Internet,70,1,X,MI,88274c01b3fffff
260730002003002,100,20,29,12037123,170025,CMS Internet,70,1,X,MI,88274c0c69fffff
260730002003002,200,200,26,12037123,170025,CMS Internet,70,1,X,MI,88274c0c69fffff
260730002003003,100,20,3,12037123,170025,CMS Internet,70,1,X,MI,88274c0f13fffff
260730002003003,200,200,2,12037123,170025,CMS Internet,70,1,X,MI,88274c0f13fffff
260730002003004,100,20,21,12037123,170025,CMS Internet,70,1,X,MI,88274c0c69fffff
260730002003004,200,200,13,12037123,170025,CMS Internet,70,1,X,MI,88274c0c45fffff
260730002003005,100,20,4,12037123,170025,CMS Internet,70,1,X,MI,88274c0c6bfffff
260730002003005,200,200,3,12037123,170025,CMS Internet,70,1,X,MI,88274c0c69fffff
260730002003006,100,20,11,12037123,170025,CMS Internet,70,1,X,MI,88274c0c6bfffff
260730002003006,200,200,6,12037123,170025,CMS Internet,70,1,X,MI,88274c0c69fffff
260730002003012,100,20,2,12037123,170025,CMS Internet,70,1,X,MI,88274c0f35fffff
260730002003014,100,20,5,12037123,170025,CMS Internet,70,1,X,MI,88274c0d59fffff
260730002003017,100,20,5,12037123,170025,CMS Internet,70,1,X,MI,88274c0c2dfffff
260730002003021,100,20,9,12037123,170025,CMS Internet,70,1,X,MI,88274c0d5dfffff
260730002003024,100,20,24,12037123,170025,CMS Internet,70,1,X,MI,88274c0c4dfffff
260730002003027,100,20,18,12037123,170025,CMS Internet,70,1,X,MI,88274c0c47fffff
260730002003027,200,200,3,12037123,170025,CMS Internet,70,1,X,MI,88274c0c45fffff
260730002003028,100,20,4,12037123,170025,CMS Internet,70,1,X,MI,88274c0c45fffff
260730002003029,100,20,46,12037123,170025,CMS Internet,70,1,X,MI,88274c0c6bfffff
260730002003029,200,200,8,12037123,170025,CMS Internet,70,1,X,MI,88274c0c6bfffff
260730002003030,100,20,11,12037123,170025,CMS Internet,70,1,X,MI,88274c0c29fffff
260730002003031,100,20,7,12037123,170025,CMS Internet,70,1,X,MI,88274c0c29fffff
260730002003031,200,200,3,12037123,170025,CMS Internet,70,1,X,MI,88274c0c29fffff
260730002003032,100,20,7,12037123,170025,CMS Internet,70,1,X,MI,88274c0c6bfffff
260730002003032,200,200,1,12037123,170025,CMS Internet,70,1,X,MI,88274c0c6bfffff
260730002003033,100,20,10,12037123,170025,CMS Internet,70,1,X,MI,88274c0c47fffff
260730002003034,100,20,33,12037123,170025,CMS Internet,70,1,X,MI,88274c0c63fffff
260730002003034,200,200,10,12037123,170025,CMS Internet,70,1,X,MI,88274c0c63fffff
260730002003035,100,20,2,12037123,170025,CMS Internet,70,1,X,MI,88274c0c0dfffff
260730002003035,200,200,1,12037123,170025,CMS Internet,70,1,X,MI,88274c0c63fffff
260730002003036,100,20,7,12037123,170025,CMS Internet,70,1,X,MI,88274c0c0dfffff
260730002003037,100,20,1,12037123,170025,CMS Internet,70,1,X,MI,88274c0c0dfffff
260730002003037,200,200,7,12037123,170025,CMS Internet,70,1,X,MI,88274c0c63fffff
260730002003039,100,20,3,12037123,170025,CMS Internet,70,1,X,MI,88274c0c29fffff
260730002003039,200,200,1,12037123,170025,CMS Internet,70,1,X,MI,88274c0c29fffff
260730002003040,100,20,3,12037123,170025,CMS Internet,70,1,X,MI,88274c0c29fffff
260730002003041,100,20,2,12037123,170025,CMS Internet,70,1,X,MI,88274c0c0dfffff
260730002004000,100,20,6,12037123,170025,CMS Internet,70,1,X,MI,88274c0f1bfffff
260730002004001,100,20,13,12037123,170025,CMS Internet,70,1,X,MI,88274c0f11fffff
260730002004001,200,200,15,12037123,170025,CMS Internet,70,1,X,MI,88274c0f17fffff
260730002004002,100,20,1,12037123,170025,CMS Internet,70,1,X,MI,88274c0f11fffff
260730002004002,200,200,4,12037123,170025,CMS Internet,70,1,X,MI,88274c0f11fffff
260730002004003,100,20,3,12037123,170025,CMS Internet,70,1,X,MI,88274c0f15fffff
260730002004003,200,200,2,12037123,170025,CMS Internet,70,1,X,MI,88274c0f15fffff
260730002004004,200,200,7,12037123,170025,CMS Internet,70,1,X,MI,88274c0f17fffff
260730002004005,100,20,77,12037123,170025,CMS Internet,70,1,X,MI,88274c0f11fffff
260730002004005,200,200,53,12037123,170025,CMS Internet,70,1,X,MI,88274c0f17fffff
260730002004007,100,20,3,12037123,170025,CMS Internet,70,1,X,MI,88274c0c61fffff
260730002004008,100,20,8,12037123,170025,CMS Internet,70,1,X,MI,88274c0c61fffff
260730002004009,200,200,8,12037123,170025,CMS Internet,70,1,X,MI,88274c0f17fffff
260730002004010,100,20,7,12037123,170025,CMS Internet,70,1,X,MI,88274c0f15fffff
260730002004010,200,200,3,12037123,170025,CMS Internet,70,1,X,MI,88274c0f17fffff
260730002004011,100,20,1,12037123,170025,CMS Internet,70,1,X,MI,88274c0f39fffff
260730002004014,100,20,49,12037123,170025,CMS Internet,70,1,X,MI,88274c0c65fffff
260730002004015,100,20,2,12037123,170025,CMS Internet,70,1,X,MI,88274c0f33fffff
260730002004016,100,20,2,12037123,170025,CMS Internet,70,1,X,MI,88274c0f33fffff
260730002004017,100,20,3,12037123,170025,CMS Internet,70,1,X,MI,88274c0f33fffff
260730002004018,100,20,16,12037123,170025,CMS Internet,70,1,X,MI,88274c0f33fffff
260730002004019,100,20,5,12037123,170025,CMS Internet,70,1,X,MI,88274c0f3bfffff
260730002004020,100,20,13,12037123,170025,CMS Internet,70,1,X,MI,88274c0f3bfffff
260730002004021,100,20,43,12037123,170025,CMS Internet,70,1,X,MI,88274c0c6dfffff
260730002004021,200,200,8,12037123,170025,CMS Internet,70,1,X,MI,88274c0c6dfffff
260730002004022,100,20,17,12037123,170025,CMS Internet,70,1,X,MI,88274c0c6dfffff
260730002004023,100,20,19,12037123,170025,CMS Internet,70,1,X,MI,88274c0c6dfffff
260730002004024,100,20,22,12037123,170025,CMS Internet,70,1,X,MI,88274c0c65fffff
260730002004025,100,20,5,12037123,170025,CMS Internet,70,1,X,MI,88274c0c65fffff
260730002004026,100,20,4,12037123,170025,CMS Internet,70,1,X,MI,88274c0c65fffff
260730002004027,100,20,1,12037123,170025,CMS Internet,70,1,X,MI,88274c0c61fffff
260730002004030,100,20,4,12037123,170025,CMS Internet,70,1,X,MI,88274c0c61fffff
260730002004031,100,20,67,12037123,170025,CMS Internet,70,1,X,MI,88274c0c65fffff
260730002004032,100,20,12,12037123,170025,CMS Internet,70,1,X,MI,88274c0c67fffff
260730002004033,100,20,13,12037123,170025,CMS Internet,70,1,X,MI,88274c0c67fffff
260730002004034,100,20,3,12037123,170025,CMS Internet,70,1,X,MI,88274c0c67fffff
260730002004035,100,20,13,12037123,170025,CMS Internet,70,1,X,MI,88274c0c61fffff
260730002004038,100,20,5,12037123,170025,CMS Internet,70,1,X,MI,88274c0c61fffff
260730002004040,100,20,9,12037123,170025,CMS Internet,70,1,X,MI,88274c0f33fffff
260730003001000,100,20,22,12037123,170025,CMS Internet,70,1,X,MI,88274c0cb5fffff
260730003001001,100,20,13,12037123,170025,CMS Internet,70,1,X,MI,88274c7647fffff
260730003001002,100,20,8,12037123,170025,CMS Internet,70,1,X,MI,88274c766bfffff
260730003001003,100,20,1,12037123,170025,CMS Internet,70,1,X,MI,88274c766dfffff
260730003001004,100,20,1,12037123,170025,CMS Internet,70,1,X,MI,88274c7741fffff
260730003001005,100,20,9,12037123,170025,CMS Internet,70,1,X,MI,88274c7647fffff
260730003001006,100,20,2,12037123,170025,CMS Internet,70,1,X,MI,88274c766bfffff
260730003001007,100,20,6,12037123,170025,CMS Internet,70,1,X,MI,88274c7663fffff
260730003001008,100,20,3,12037123,170025,CMS Internet,70,1,X,MI,88274c766bfffff
260730003001009,100,20,6,12037123,170025,CMS Internet,70,1,X,MI,88274c7665fffff
260730003001011,100,20,5,12037123,170025,CMS Internet,70,1,X,MI,88274c7709fffff
260730003001012,100,20,4,12037123,170025,CMS Internet,70,1,X,MI,88274c7755fffff
260730003001013,100,20,3,12037123,170025,CMS Internet,70,1,X,MI,88274c7751fffff
260730003001014,100,20,13,12037123,170025,CMS Internet,70,1,X,MI,88274c762dfffff
260730003001015,100,20,12,12037123,170025,CMS Internet,70,1,X,MI,88274c7647fffff
260730003001016,100,20,13,12037123,170025,CMS Internet,70,1,X,MI,88274c7643fffff
260730003001017,100,20,3,12037123,170025,CMS Internet,70,1,X,MI,88274c7621fffff
260730003001021,100,20,3,12037123,170025,CMS Internet,70,1,X,MI,88274c7717fffff
260730003001025,100,20,11,12037123,170025,CMS Internet,70,1,X,MI,88274c7443fffff
260730003001026,100,20,4,12037123,170025,CMS Internet,70,1,X,MI,88274c7441fffff
260730003001027,100,20,5,12037123,170025,CMS Internet,70,1,X,MI,88274c7717fffff
260730003001028,100,20,2,12037123,170025,CMS Internet,70,1,X,MI,88274c773bfffff
260730003001029,100,20,2,12037123,170025,CMS Internet,70,1,X,MI,88274c7715fffff
260730003001045,100,20,1,12037123,170025,CMS Internet,70,1,X,MI,88274c7715fffff
260730003001046,100,20,7,12037123,170025,CMS Internet,70,1,X,MI,88274c7459fffff
260730003001046,200,200,1,12037123,170025,CMS Internet,70,1,X,MI,88274c76a1fffff
260730003001048,100,20,10,12037123,170025,CMS Internet,70,1,X,MI,88274c7401fffff
260730003001050,100,20,5,12037123,170025,CMS Internet,70,1,X,MI,88274c746bfffff
260730003001053,100,20,14,12037123,170025,CMS Internet,70,1,X,MI,88274c7423fffff
260730003001053,200,200,2,12037123,170025,CMS Internet,70,1,X,MI,88274c7403fffff
260730003001054,100,20,2,12037123,170025,CMS Internet,70,1,X,MI,88274c7629fffff
260730003002000,100,20,3,12037123,170025,CMS Internet,70,1,X,MI,88274c3b3dfffff
260730003002001,100,20,5,12037123,170025,CMS Internet,70,1,X,MI,88274c3b21fffff
260730003002004,100,20,1,12037123,170025,CMS Internet,70,1,X,MI,88274c394dfffff
260730003002005,100,20,1,12037123,170025,CMS Internet,70,1,X,MI,88274c0c9bfffff
260730003002008,100,20,4,12037123,170025,CMS Internet,70,1,X,MI,88274c0cb9fffff
260730003002009,100,20,1,12037123,170025,CMS Internet,70,1,X,MI,88274c0cb7fffff
260730003002010,100,20,6,12037123,170025,CMS Internet,70,1,X,MI,88274c7659fffff
260730003002012,100,20,2,12037123,170025,CMS Internet,70,1,X,MI,88274c3b37fffff
260730003002013,100,20,6,12037123,170025,CMS Internet,70,1,X,MI,88274c395dfffff
260730003002014,100,20,2,12037123,170025,CMS Internet,70,1,X,MI,88274c3941fffff
260730003002020,100,20,5,12037123,170025,CMS Internet,70,1,X,MI,88274c3943fffff
260730003002021,100,20,4,12037123,170025,CMS Internet,70,1,X,MI,88274c395dfffff
260730003002022,100,20,4,12037123,170025,CMS Internet,70,1,X,MI,88274c395dfffff
260730003002023,100,20,3,12037123,170025,CMS Internet,70,1,X,MI,88274c395dfffff
260730003002024,100,20,5,12037123,170025,CMS Internet,70,1,X,MI,88274c395dfffff
260730003002027,100,20,1,12037123,170025,CMS Internet,70,1,X,MI,88274c395dfffff
260730003002028,100,20,2,12037123,170025,CMS Internet,70,1,X,MI,88274c395dfffff
260730003002029,100,20,2,12037123,170025,CMS Internet,70,1,X,MI,88274c3943fffff
260730003002030,100,20,1,12037123,170025,CMS Internet,70,1,X,MI,88274c395dfffff
260730003002031,100,20,1,12037123,170025,CMS Internet,70,1,X,MI,88274c3951fffff
260730003002032,100,20,1,12037123,170025,CMS Internet,70,1,X,MI,88274c3943fffff
260730003002037,100,20,1,12037123,170025,CMS Internet,70,1,X,MI,88274c3905fffff
260730003002039,100,20,1,12037123,170025,CMS Internet,70,1,X,MI,88274c7653fffff
260730003002040,100,20,12,12037123,170025,CMS Internet,70,1,X,MI,88274c7657fffff
260730003002041,100,20,11,12037123,170025,CMS Internet,70,1,X,MI,88274c7601fffff
260730003002042,100,20,1,12037123,170025,CMS Internet,70,1,X,MI,88274c7601fffff
260730003002043,100,20,1,12037123,170025,CMS Internet,70,1,X,MI,88274c7605fffff
260730003002046,100,20,7,12037123,170025,CMS Internet,70,1,X,MI,88274c7613fffff
260730003002047,100,20,5,12037123,170025,CMS Internet,70,1,X,MI,88274c3927fffff
260730003002048,100,20,2,12037123,170025,CMS Internet,70,1,X,MI,88274c3923fffff
260730003002053,100,20,1,12037123,170025,CMS Internet,70,1,X,MI,88274c3933fffff
260730003002055,100,20,1,12037123,170025,CMS Internet,70,1,X,MI,88274c76cbfffff
260730003002056,100,20,2,12037123,170025,CMS Internet,70,1,X,MI,88274c3935fffff
260730003002057,100,20,1,12037123,170025,CMS Internet,70,1,X,MI,88274c3933fffff
260730003002062,100,20,2,12037123,170025,CMS Internet,70,1,X,MI,88274c76c7fffff
260730003002067,100,20,5,12037123,170025,CMS Internet,70,1,X,MI,88274c76e5fffff
260730003002068,100,20,3,12037123,170025,CMS Internet,70,1,X,MI,88274c76e7fffff
260730003002069,100,20,2,12037123,170025,CMS Internet,70,1,X,MI,88274c76edfffff
260730003002075,100,20,3,12037123,170025,CMS Internet,70,1,X,MI,88274c395dfffff
260730003002076,100,20,4,12037123,170025,CMS Internet,70,1,X,MI,88274c395dfffff
260730003002077,100,20,2,12037123,170025,CMS Internet,70,1,X,MI,88274c3943fffff
260730003002080,100,20,2,12037123,170025,CMS Internet,70,1,X,MI,88274c3955fffff
260730003002081,100,20,2,12037123,170025,CMS Internet,70,1,X,MI,88274c76c9fffff
260730003003007,100,20,6,12037123,170025,CMS Internet,70,1,X,MI,88274c3b2bfffff
260730003003008,100,20,1,12037123,170025,CMS Internet,70,1,X,MI,88274c3b37fffff
260730003003012,100,20,2,12037123,170025,CMS Internet,70,1,X,MI,88274c3849fffff
260730003003013,100,20,1,12037123,170025,CMS Internet,70,1,X,MI,88274c3849fffff
260730003003014,100,20,1,12037123,170025,CMS Internet,70,1,X,MI,88274c3843fffff
260730003003019,100,20,2,12037123,170025,CMS Internet,70,1,X,MI,88274c3b37fffff
260730003003020,100,20,2,12037123,170025,CMS Internet,70,1,X,MI,88274c395bfffff
260730003003021,100,20,3,12037123,170025,CMS Internet,70,1,X,MI,88274c3825fffff
260730003003022,100,20,6,12037123,170025,CMS Internet,70,1,X,MI,88274c3823fffff
260730003003023,100,20,1,12037123,170025,CMS Internet,70,1,X,MI,88274c3803fffff
260730003003025,100,20,1,12037123,170025,CMS Internet,70,1,X,MI,88274c3809fffff
260730003003026,100,20,2,12037123,170025,CMS Internet,70,1,X,MI,88274c3851fffff
260730003003027,100,20,2,12037123,170025,CMS Internet,70,1,X,MI,88274c3827fffff
260730003003028,100,20,4,12037123,170025,CMS Internet,70,1,X,MI,88274c3919fffff
260730003003029,100,20,2,12037123,170025,CMS Internet,70,1,X,MI,88274c3957fffff
260730003003030,100,20,1,12037123,170025,CMS Internet,70,1,X,MI,88274c391bfffff
260730003003031,100,20,1,12037123,170025,CMS Internet,70,1,X,MI,88274c391bfffff
260730003003032,100,20,3,12037123,170025,CMS Internet,70,1,X,MI,88274c3823fffff
260730003003034,100,20,2,12037123,170025,CMS Internet,70,1,X,MI,88274c3835fffff
260730003003035,100,20,1,12037123,170025,CMS Internet,70,1,X,MI,88274c383dfffff
260730003003037,100,20,3,12037123,170025,CMS Internet,70,1,X,MI,88274c3815fffff
260730003003038,100,20,3,12037123,170025,CMS Internet,70,1,X,MI,88274c380bfffff
260730003003040,100,20,1,12037123,170025,CMS Internet,70,1,X,MI,88274c383bfffff
260730003003046,100,20,13,12037123,170025,CMS Internet,70,1,X,MI,88274c38c5fffff
260730003003047,100,20,1,12037123,170025,CMS Internet,70,1,X,MI,88274c38cdfffff
260730003003051,100,20,5,12037123,170025,CMS Internet,70,1,X,MI,88274c39ddfffff
260730003003052,100,20,3,12037123,170025,CMS Internet,70,1,X,MI,88274c39ddfffff
260730003003054,100,20,1,12037123,170025,CMS Internet,70,1,X,MI,88274c38e5fffff
260730003004003,100,20,5,12037123,170025,CMS Internet,70,1,X,MI,88274c3a55fffff
260730003004005,100,20,3,12037123,170025,CMS Internet,70,1,X,MI,88274c3a1dfffff
260730003004008,100,20,1,12037123,170025,CMS Internet,70,1,X,MI,88274c3a57fffff
260730003004011,100,20,1,12037123,170025,CMS Internet,70,1,X,MI,88274c3a01fffff
260730003004018,100,20,1,12037123,170025,CMS Internet,70,1,X,MI,88274c3a13fffff
260730003004024,100,20,4,12037123,170025,CMS Internet,70,1,X,MI,88274c3ac1fffff
260730003004034,100,20,2,12037123,170025,CMS Internet,70,1,X,MI,88274c3aadfffff
260730003004035,100,20,1,12037123,170025,CMS Internet,70,1,X,MI,88274c3aadfffff
260730003004036,100,20,2,12037123,170025,CMS Internet,70,1,X,MI,88274c3ae7fffff
260730003004037,100,20,2,12037123,170025,CMS Internet,70,1,X,MI,88274c3ae7fffff
260730003004038,100,20,1,12037123,170025,CMS Internet,70,1,X,MI,88274c3ac7fffff
260730003004039,100,20,2,12037123,170025,CMS Internet,70,1,X,MI,88274c3ad1fffff
260730003004040,100,20,5,12037123,170025,CMS Internet,70,1,X,MI,88274c3a91fffff
260730003004042,100,20,4,12037123,170025,CMS Internet,70,1,X,MI,88274c3a95fffff
260730003004043,100,20,7,12037123,170025,CMS Internet,70,1,X,MI,88274c3ab9fffff
260730003004045,100,20,1,12037123,170025,CMS Internet,70,1,X,MI,88274c3aa9fffff
260730003004046,100,20,1,12037123,170025,CMS Internet,70,1,X,MI,88274c3aa9fffff
260730003004049,100,20,3,12037123,170025,CMS Internet,70,1,X,MI,88274c3aa3fffff
260730003004052,100,20,1,12037123,170025,CMS Internet,70,1,X,MI,88274c3aa1fffff
260730003004053,100,20,2,12037123,170025,CMS Internet,70,1,X,MI,88274c3aa5fffff
260730003004056,100,20,9,12037123,170025,CMS Internet,70,1,X,MI,88274c38cbfffff
260730003004057,100,20,2,12037123,170025,CMS Internet,70,1,X,MI,88274c3a97fffff
260730003004058,100,20,3,12037123,170025,CMS Internet,70,1,X,MI,88274c3a9bfffff
260730003004060,100,20,4,12037123,170025,CMS Internet,70,1,X,MI,88274c38c9fffff
260730004011000,100,20,6,12037123,170025,CMS Internet,70,1,X,MI,88274c04a5fffff
260730004011001,100,20,4,12037123,170025,CMS Internet,70,1,X,MI,88274c04a5fffff
260730004011002,100,20,4,12037123,170025,CMS Internet,70,1,X,MI,88274c04a5fffff
260730004011003,100,20,6,12037123,170025,CMS Internet,70,1,X,MI,88274c04a5fffff
260730004011004,100,20,5,12037123,170025,CMS Internet,70,1,X,MI,88274c059bfffff
260730004011005,100,20,4,12037123,170025,CMS Internet,70,1,X,MI,88274c059bfffff
260730004011006,100,20,8,12037123,170025,CMS Internet,70,1,X,MI,88274c059bfffff
260730004011007,100,20,4,12037123,170025,CMS Internet,70,1,X,MI,88274c059bfffff
260730004011008,100,20,13,12037123,170025,CMS Internet,70,1,X,MI,88274c059bfffff
260730004011009,100,20,5,12037123,170025,CMS Internet,70,1,X,MI,88274c059bfffff
260730004011012,100,20,3,12037123,170025,CMS Internet,70,1,X,MI,88274c059bfffff
260730004012001,100,20,2,12037123,170025,CMS Internet,70,1,X,MI,88274c04a7fffff
260730004021001,100,20,6,12037123,170025,CMS Internet,70,1,X,MI,88274c059dfffff
260730004021002,100,20,11,12037123,170025,CMS Internet,70,1,X,MI,88274c0583fffff
260730004021005,100,20,9,12037123,170025,CMS Internet,70,1,X,MI,88274c0595fffff
260730004021006,100,20,15,12037123,170025,CMS Internet,70,1,X,MI,88274c05b7fffff
260730004021007,100,20,6,12037123,170025,CMS Internet,70,1,X,MI,88274c05b1fffff
260730004021008,100,20,4,12037123,170025,CMS Internet,70,1,X,MI,88274c3b4bfffff
260730004021009,100,20,2,12037123,170025,CMS Internet,70,1,X,MI,88274c3b5dfffff
260730004022000,100,20,25,12037123,170025,CMS Internet,70,1,X,MI,88274c0599fffff
260730004022003,100,20,1,12037123,170025,CMS Internet,70,1,X,MI,88274c059bfffff
260730004022004,100,20,6,12037123,170025,CMS Internet,70,1,X,MI,88274c0599fffff
260730004022006,100,20,7,12037123,170025,CMS Internet,70,1,X,MI,88274c059bfffff
260730004022007,100,20,3,12037123,170025,CMS Internet,70,1,X,MI,88274c05d3fffff
260730004022008,100,20,16,12037123,170025,CMS Internet,70,1,X,MI,88274c04a5fffff
260730004022009,100,20,9,12037123,170025,CMS Internet,70,1,X,MI,88274c04a5fffff
260730004022010,100,20,6,12037123,170025,CMS Internet,70,1,X,MI,88274c04a5fffff
260730004022011,100,20,2,12037123,170025,CMS Internet,70,1,X,MI,88274c0591fffff
260730004022013,100,20,22,12037123,170025,CMS Internet,70,1,X,MI,88274c0593fffff
260730004022014,100,20,25,12037123,170025,CMS Internet,70,1,X,MI,88274c3a4dfffff
260730004022015,100,20,2,12037123,170025,CMS Internet,70,1,X,MI,88274c3a6bfffff
260730005001000,100,20,8,12037123,170025,CMS Internet,70,1,X,MI,88274c04a9fffff
260730005001001,100,20,3,12037123,170025,CMS Internet,70,1,X,MI,88274c04adfffff
260730005001008,100,20,1,12037123,170025,CMS Internet,70,1,X,MI,88274c04a1fffff
260730005001009,100,20,2,12037123,170025,CMS Internet,70,1,X,MI,88274c04adfffff
260730005001010,100,20,5,12037123,170025,CMS Internet,70,1,X,MI,88274c04a9fffff
260730005001011,100,20,2,12037123,170025,CMS Internet,70,1,X,MI,88274c04a1fffff
260730005001012,100,20,3,12037123,170025,CMS Internet,70,1,X,MI,88274c04a9fffff
260730005001013,100,20,4,12037123,170025,CMS Internet,70,1,X,MI,88274c04a9fffff
260730005001015,100,20,3,12037123,170025,CMS Internet,70,1,X,MI,88274c04a1fffff
260730005001018,100,20,11,12037123,170025,CMS Internet,70,1,X,MI,88274c04a1fffff
260730005001019,100,20,11,12037123,170025,CMS Internet,70,1,X,MI,88274c04a1fffff
260730005001019,200,200,2,12037123,170025,CMS Internet,70,1,X,MI,88274c04a1fffff
260730005002001,100,20,7,12037123,170025,CMS Internet,70,1,X,MI,88274c04a5fffff
260730005003000,100,20,18,12037123,170025,CMS Internet,70,1,X,MI,88274c04a5fffff
260730005003001,100,20,11,12037123,170025,CMS Internet,70,1,X,MI,88274c04a5fffff
260730005003003,100,20,6,12037123,170025,CMS Internet,70,1,X,MI,88274c04a5fffff
260730005003005,100,20,10,12037123,170025,CMS Internet,70,1,X,MI,88274c04a5fffff
260730005003006,100,20,5,12037123,170025,CMS Internet,70,1,X,MI,88274c04a5fffff
260730005003007,100,20,6,12037123,170025,CMS Internet,70,1,X,MI,88274c04a5fffff
260730005003008,100,20,4,12037123,170025,CMS Internet,70,1,X,MI,88274c04a5fffff
260730005004001,100,20,3,12037123,170025,CMS Internet,70,1,X,MI,88274c04adfffff
260730005004002,100,20,6,12037123,170025,CMS Internet,70,1,X,MI,88274c04adfffff
260730005004003,100,20,6,12037123,170025,CMS Internet,70,1,X,MI,88274c04adfffff
260730005004004,100,20,9,12037123,170025,CMS Internet,70,1,X,MI,88274c05d3fffff
260730005004006,100,20,3,12037123,170025,CMS Internet,70,1,X,MI,88274c04adfffff
260730005004007,100,20,3,12037123,170025,CMS Internet,70,1,X,MI,88274c04a5fffff
260730005004008,100,20,5,12037123,170025,CMS Internet,70,1,X,MI,88274c04adfffff
260730005004009,100,20,10,12037123,170025,CMS Internet,70,1,X,MI,88274c04a5fffff
260730005004010,100,20,15,12037123,170025,CMS Internet,70,1,X,MI,88274c04a5fffff
260730005004011,100,20,2,12037123,170025,CMS Internet,70,1,X,MI,88274c04adfffff
260730005004012,100,20,1,12037123,170025,CMS Internet,70,1,X,MI,88274c04adfffff
260730006001000,100,20,9,12037123,170025,CMS Internet,70,1,X,MI,88274c0485fffff
260730006001000,200,200,2,12037123,170025,CMS Internet,70,1,X,MI,88274c0485fffff
260730006001001,100,20,3,12037123,170025,CMS Internet,70,1,X,MI,88274c04a9fffff
260730006001003,100,20,3,12037123,170025,CMS Internet,70,1,X,MI,88274c04a9fffff
260730006001005,100,20,5,12037123,170025,CMS Internet,70,1,X,MI,88274c04a9fffff
260730006001006,100,20,11,12037123,170025,CMS Internet,70,1,X,MI,88274c0485fffff
260730006001006,200,200,5,12037123,170025,CMS Internet,70,1,X,MI,88274c0485fffff
260730006001008,100,20,10,12037123,170025,CMS Internet,70,1,X,MI,88274c04a9fffff
260730006001008,200,200,1,12037123,170025,CMS Internet,70,1,X,MI,88274c0485fffff
260730006001009,100,20,9,12037123,170025,CMS Internet,70,1,X,MI,88274c04a9fffff
260730006001009,200,200,10,12037123,170025,CMS Internet,70,1,X,MI,88274c0485fffff
260730006001010,100,20,18,12037123,170025,CMS Internet,70,1,X,MI,88274c04abfffff
260730006001010,200,200,1,12037123,170025,CMS Internet,70,1,X,MI,88274c04abfffff
260730006001011,100,20,6,12037123,170025,CMS Internet,70,1,X,MI,88274c04abfffff
260730006001012,200,200,1,12037123,170025,CMS Internet,70,1,X,MI,88274c04a9fffff
260730006001014,100,20,2,12037123,170025,CMS Internet,70,1,X,MI,88274c0485fffff
260730006002000,100,20,3,12037123,170025,CMS Internet,70,1,X,MI,88274c04abfffff
260730006002000,200,200,7,12037123,170025,CMS Internet,70,1,X,MI,88274c0487fffff
260730006002001,100,20,4,12037123,170025,CMS Internet,70,1,X,MI,88274c04bdfffff
260730006002001,200,200,3,12037123,170025,CMS Internet,70,1,X,MI,88274c04bdfffff
260730006002002,100,20,1,12037123,170025,CMS Internet,70,1,X,MI,88274c04abfffff
260730006002002,200,200,2,12037123,170025,CMS Internet,70,1,X,MI,88274c04abfffff
260730006003000,100,20,10,12037123,170025,CMS Internet,70,1,X,MI,88274c04abfffff
260730006003000,200,200,12,12037123,170025,CMS Internet,70,1,X,MI,88274c04abfffff
260730006003001,100,20,14,12037123,170025,CMS Internet,70,1,X,MI,88274c04abfffff
260730006003001,200,200,3,12037123,170025,CMS Internet,70,1,X,MI,88274c04abfffff
260730006003002,100,20,11,12037123,170025,CMS Internet,70,1,X,MI,88274c04a1fffff
260730006003002,200,200,1,12037123,170025,CMS Internet,70,1,X,MI,88274c04a1fffff
260730006003003,100,20,4,12037123,170025,CMS Internet,70,1,X,MI,88274c04abfffff
260730006003004,100,20,45,12037123,170025,CMS Internet,70,1,X,MI,88274c04abfffff
260730006003004,200,200,12,12037123,170025,CMS Internet,70,1,X,MI,88274c04abfffff
260730006003005,100,20,3,12037123,170025,CMS Internet,70,1,X,MI,88274c04a3fffff
260730006003006,100,20,3,12037123,170025,CMS Internet,70,1,X,MI,88274c04a1fffff
260730006003007,100,20,1,12037123,170025,CMS Internet,70,1,X,MI,88274c04a3fffff
260730006003008,100,20,6,12037123,170025,CMS Internet,70,1,X,MI,88274c04abfffff
260730006003008,200,200,2,12037123,170025,CMS Internet,70,1,X,MI,88274c04abfffff
260730006003009,100,20,9,12037123,170025,CMS Internet,70,1,X,MI,88274c04abfffff
260730006003009,200,200,6,12037123,170025,CMS Internet,70,1,X,MI,88274c04abfffff
260730006003010,100,20,23,12037123,170025,CMS Internet,70,1,X,MI,88274c04abfffff
260730006003010,200,200,15,12037123,170025,CMS Internet,70,1,X,MI,88274c04abfffff
260730006003011,100,20,3,12037123,170025,CMS Internet,70,1,X,MI,88274c04a3fffff
260730006003011,200,200,2,12037123,170025,CMS Internet,70,1,X,MI,88274c04a3fffff
260730006003012,100,20,7,12037123,170025,CMS Internet,70,1,X,MI,88274c04abfffff
260730006003013,100,20,5,12037123,170025,CMS Internet,70,1,X,MI,88274c04abfffff
260730007011000,100,20,14,12037123,170025,CMS Internet,70,1,X,MI,88274c04b1fffff
260730007011000,200,200,11,12037123,170025,CMS Internet,70,1,X,MI,88274c04b7fffff
260730007011001,100,20,2,12037123,170025,CMS Internet,70,1,X,MI,88274c04b5fffff
260730007011006,100,20,3,12037123,170025,CMS Internet,70,1,X,MI,88274c3a49fffff
260730007012000,100,20,9,12037123,170025,CMS Internet,70,1,X,MI,88274c048bfffff
260730007012000,200,200,4,12037123,170025,CMS Internet,70,1,X,MI,88274c0489fffff
260730007012001,100,20,2,12037123,170025,CMS Internet,70,1,X,MI,88274c048bfffff
260730007012002,100,20,1,12037123,170025,CMS Internet,70,1,X,MI,88274c0483fffff
260730007012003,100,20,1,12037123,170025,CMS Internet,70,1,X,MI,88274c048bfffff
260730007012005,100,20,21,12037123,170025,CMS Internet,70,1,X,MI,88274c0481fffff
260730007012005,200,200,4,12037123,170025,CMS Internet,70,1,X,MI,88274c0481fffff
260730007012006,100,20,3,12037123,170025,CMS Internet,70,1,X,MI,88274c0487fffff
260730007012006,200,200,2,12037123,170025,CMS Internet,70,1,X,MI,88274c0487fffff
260730007012007,100,20,5,12037123,170025,CMS Internet,70,1,X,MI,88274c04b9fffff
260730007012007,200,200,10,12037123,170025,CMS Internet,70,1,X,MI,88274c04b9fffff
260730007012009,200,200,1,12037123,170025,CMS Internet,70,1,X,MI,88274c04bdfffff
260730007012010,100,20,2,12037123,170025,CMS Internet,70,1,X,MI,88274c04b9fffff
260730007012010,200,200,1,12037123,170025,CMS Internet,70,1,X,MI,88274c04b9fffff
260730007012011,100,20,1,12037123,170025,CMS Internet,70,1,X,MI,88274c04b9fffff
260730007012011,200,200,1,12037123,170025,CMS Internet,70,1,X,MI,88274c04b9fffff
260730007012012,100,20,1,12037123,170025,CMS Internet,70,1,X,MI,88274c04b9fffff
260730007021000,100,20,9,12037123,170025,CMS Internet,70,1,X,MI,88274c04bdfffff
260730007021000,200,200,3,12037123,170025,CMS Internet,70,1,X,MI,88274c04bdfffff
260730007021001,100,20,4,12037123,170025,CMS Internet,70,1,X,MI,88274c04bdfffff
260730007021001,200,200,1,12037123,170025,CMS Internet,70,1,X,MI,88274c04bdfffff
260730007021002,100,20,1,12037123,170025,CMS Internet,70,1,X,MI,88274c04bdfffff
260730007021003,200,200,1,12037123,170025,CMS Internet,70,1,X,MI,88274c04bdfffff
260730007022000,100,20,3,12037123,170025,CMS Internet,70,1,X,MI,88274c04a3fffff
260730007022002,100,20,17,12037123,170025,CMS Internet,70,1,X,MI,88274c04a3fffff
260730007022002,200,200,6,12037123,170025,CMS Internet,70,1,X,MI,88274c04a3fffff
260730007022003,100,20,8,12037123,170025,CMS Internet,70,1,X,MI,88274c04a3fffff
260730007032000,100,20,10,12037123,170025,CMS Internet,70,1,X,MI,88274c04a3fffff
260730007032001,100,20,1,12037123,170025,CMS Internet,70,1,X,MI,88274c3a49fffff
260730008001007,100,20,16,12037123,170025,CMS Internet,70,1,X,MI,88274c3a45fffff
260730008001008,100,20,5,12037123,170025,CMS Internet,70,1,X,MI,88274c3a4dfffff
260730008001009,100,20,3,12037123,170025,CMS Internet,70,1,X,MI,88274c3a41fffff
260730008001011,100,20,1,12037123,170025,CMS Internet,70,1,X,MI,88274c3a4bfffff
260730008001012,100,20,1,12037123,170025,CMS Internet,70,1,X,MI,88274c3a59fffff
260730008001013,100,20,40,12037123,170025,CMS Internet,70,1,X,MI,88274c3a47fffff
260730008001013,200,200,22,12037123,170025,CMS Internet,70,1,X,MI,88274c3a43fffff
260730008001015,200,200,2,12037123,170025,CMS Internet,70,1,X,MI,88274c3a41fffff
260730008001020,100,20,4,12037123,170025,CMS Internet,70,1,X,MI,88274c3a5dfffff
260730008001025,200,200,3,12037123,170025,CMS Internet,70,1,X,MI,88274c3a55fffff
260730008001026,100,20,2,12037123,170025,CMS Internet,70,1,X,MI,88274c3a51fffff
260730009001000,100,20,2,12037123,170025,CMS Internet,70,1,X,MI,88274c3041fffff
260730009001009,100,20,1,12037123,170025,CMS Internet,70,1,X,MI,88274c3029fffff
260730009001010,100,20,1,12037123,170025,CMS Internet,70,1,X,MI,88274c3029fffff
260730009001017,100,20,2,12037123,170025,CMS Internet,70,1,X,MI,88274c31cdfffff
260730009001017,200,200,1,12037123,170025,CMS Internet,70,1,X,MI,88274c31cdfffff
260730009001023,100,20,1,12037123,170025,CMS Internet,70,1,X,MI,88274c3037fffff
260730009001024,100,20,7,12037123,170025,CMS Internet,70,1,X,MI,88274c31c3fffff
260730009001028,100,20,1,12037123,170025,CMS Internet,70,1,X,MI,88274c30a5fffff
260730009001031,100,20,1,12037123,170025,CMS Internet,70,1,X,MI,88274c31d9fffff
260730009001032,100,20,6,12037123,170025,CMS Internet,70,1,X,MI,88274c31c3fffff
260730009001033,100,20,2,12037123,170025,CMS Internet,70,1,X,MI,88274c318bfffff
260730009001034,100,20,4,12037123,170025,CMS Internet,70,1,X,MI,88274c318bfffff
260730009001034,200,200,1,12037123,170025,CMS Internet,70,1,X,MI,88274c318dfffff
260730009001035,100,20,1,12037123,170025,CMS Internet,70,1,X,MI,88274c31cdfffff
260730009001038,100,20,3,12037123,170025,CMS Internet,70,1,X,MI,88274c31d3fffff
260730009001039,100,20,1,12037123,170025,CMS Internet,70,1,X,MI,88274c31d3fffff
260730009001040,100,20,3,12037123,170025,CMS Internet,70,1,X,MI,88274c3199fffff
260730009001042,200,200,1,12037123,170025,CMS Internet,70,1,X,MI,88274c3021fffff
260730009001043,100,20,2,12037123,170025,CMS Internet,70,1,X,MI,88274c3199fffff
260730009001044,100,20,1,12037123,170025,CMS Internet,70,1,X,MI,88274c319dfffff
260730009001046,100,20,1,12037123,170025,CMS Internet,70,1,X,MI,88274c3199fffff
260730009001048,100,20,6,12037123,170025,CMS Internet,70,1,X,MI,88274c3195fffff
260730009001051,100,20,4,12037123,170025,CMS Internet,70,1,X,MI,88274c31e9fffff
260730009001053,200,200,2,12037123,170025,CMS Internet,70,1,X,MI,88274c3185fffff
260730009001062,200,200,2,12037123,170025,CMS Internet,70,1,X,MI,88274c31bdfffff
260730009001064,200,200,1,12037123,170025,CMS Internet,70,1,X,MI,88274c3185fffff
260730009001065,100,20,5,12037123,170025,CMS Internet,70,1,X,MI,88274c31ebfffff
260730009001066,100,20,6,12037123,170025,CMS Internet,70,1,X,MI,88274c31edfffff
260730009001066,200,200,3,12037123,170025,CMS Internet,70,1,X,MI,88274c31edfffff
260730009001067,100,20,1,12037123,170025,CMS Internet,70,1,X,MI,88274c31e5fffff
260730009001068,200,200,3,12037123,170025,CMS Internet,70,1,X,MI,88274c313bfffff
260730009001070,100,20,3,12037123,170025,CMS Internet,70,1,X,MI,88274c31a5fffff
260730009001071,100,20,2,12037123,170025,CMS Internet,70,1,X,MI,88274c31e7fffff
260730009001071,200,200,2,12037123,170025,CMS Internet,70,1,X,MI,88274c31e7fffff
260730009001072,100,20,1,12037123,170025,CMS Internet,70,1,X,MI,88274c31b5fffff
260730009001072,200,200,1,12037123,170025,CMS Internet,70,1,X,MI,88274c31b5fffff
260730009001073,100,20,1,12037123,170025,CMS Internet,70,1,X,MI,88274c31a5fffff
260730009001074,100,20,2,12037123,170025,CMS Internet,70,1,X,MI,88274c31a5fffff
260730009001074,200,200,1,12037123,170025,CMS Internet,70,1,X,MI,88274c31a1fffff
260730009002000,100,20,3,12037123,170025,CMS Internet,70,1,X,MI,88274c311dfffff
260730009002001,100,20,5,12037123,170025,CMS Internet,70,1,X,MI,88274c311dfffff
260730009002002,100,20,9,12037123,170025,CMS Internet,70,1,X,MI,88274c311dfffff
260730009002002,200,200,1,12037123,170025,CMS Internet,70,1,X,MI,88274c311dfffff
260730009002003,100,20,4,12037123,170025,CMS Internet,70,1,X,MI,88274c311dfffff
260730009002004,100,20,5,12037123,170025,CMS Internet,70,1,X,MI,88274c311dfffff
260730009002004,200,200,3,12037123,170025,CMS Internet,70,1,X,MI,88274c3115fffff
260730009002005,100,20,1,12037123,170025,CMS Internet,70,1,X,MI,88274c311dfffff
260730009002005,200,200,2,12037123,170025,CMS Internet,70,1,X,MI,88274c311dfffff
260730009002006,100,20,6,12037123,170025,CMS Internet,70,1,X,MI,88274c311dfffff
260730009002006,200,200,2,12037123,170025,CMS Internet,70,1,X,MI,88274c3115fffff
260730009002007,100,20,5,12037123,170025,CMS Internet,70,1,X,MI,88274c311dfffff
260730009002008,100,20,4,12037123,170025,CMS Internet,70,1,X,MI,88274c3115fffff
260730009002008,200,200,3,12037123,170025,CMS Internet,70,1,X,MI,88274c3115fffff
260730009002009,100,20,8,12037123,170025,CMS Internet,70,1,X,MI,88274c311dfffff
260730009002009,200,200,2,12037123,170025,CMS Internet,70,1,X,MI,88274c311dfffff
260730009002013,100,20,18,12037123,170025,CMS Internet,70,1,X,MI,88274c313bfffff
260730009002013,200,200,4,12037123,170025,CMS Internet,70,1,X,MI,88274c3117fffff
260730009002014,100,20,3,12037123,170025,CMS Internet,70,1,X,MI,88274c3115fffff
260730009002014,200,200,8,12037123,170025,CMS Internet,70,1,X,MI,88274c3115fffff
260730009002015,100,20,5,12037123,170025,CMS Internet,70,1,X,MI,88274c3115fffff
260730009002016,100,20,1,12037123,170025,CMS Internet,70,1,X,MI,88274c3117fffff
260730009002017,100,20,56,12037123,170025,CMS Internet,70,1,X,MI,88274c3115fffff
260730009002017,200,200,1,12037123,170025,CMS Internet,70,1,X,MI,88274c3115fffff
260730009002018,100,20,11,12037123,170025,CMS Internet,70,1,X,MI,88274c3115fffff
260730009002018,200,200,1,12037123,170025,CMS Internet,70,1,X,MI,88274c3115fffff
260730009002019,100,20,11,12037123,170025,CMS Internet,70,1,X,MI,88274c3115fffff
260730009002020,100,20,4,12037123,170025,CMS Internet,70,1,X,MI,88274c3117fffff
260730009002021,100,20,13,12037123,170025,CMS Internet,70,1,X,MI,88274c3115fffff
260730009002022,100,20,8,12037123,170025,CMS Internet,70,1,X,MI,88274c3115fffff
260730009002023,100,20,6,12037123,170025,CMS Internet,70,1,X,MI,88274c3115fffff
260730009002023,200,200,2,12037123,170025,CMS Internet,70,1,X,MI,88274c3115fffff
260730009002024,100,20,2,12037123,170025,CMS Internet,70,1,X,MI,88274c3111fffff
260730009002025,100,20,10,12037123,170025,CMS Internet,70,1,X,MI,88274c3115fffff
260730009002025,200,200,2,12037123,170025,CMS Internet,70,1,X,MI,88274c3115fffff
260730009002026,100,20,35,12037123,170025,CMS Internet,70,1,X,MI,88274c3111fffff
260730009002027,100,20,8,12037123,170025,CMS Internet,70,1,X,MI,88274c3111fffff
260730009002027,200,200,1,12037123,170025,CMS Internet,70,1,X,MI,88274c3119fffff
260730009002028,100,20,5,12037123,170025,CMS Internet,70,1,X,MI,88274c311dfffff
260730009002028,200,200,3,12037123,170025,CMS Internet,70,1,X,MI,88274c311dfffff
260730009002029,100,20,1,12037123,170025,CMS Internet,70,1,X,MI,88274c3111fffff
260730009002029,200,200,2,12037123,170025,CMS Internet,70,1,X,MI,88274c3111fffff
260730009002031,100,20,18,12037123,170025,CMS Internet,70,1,X,MI,88274c311bfffff
260730009002031,200,200,2,12037123,170025,CMS Internet,70,1,X,MI,88274c3113fffff
260730009002032,100,20,3,12037123,170025,CMS Internet,70,1,X,MI,88274c31e9fffff
260730009002032,200,200,1,12037123,170025,CMS Internet,70,1,X,MI,88274c31e9fffff
260730009002033,100,20,14,12037123,170025,CMS Internet,70,1,X,MI,88274c3111fffff
260730009002034,100,20,3,12037123,170025,CMS Internet,70,1,X,MI,88274c3111fffff
260730009002035,100,20,1,12037123,170025,CMS Internet,70,1,X,MI,88274c31e9fffff
260730009002036,100,20,2,12037123,170025,CMS Internet,70,1,X,MI,88274c3115fffff
260730009002036,200,200,7,12037123,170025,CMS Internet,70,1,X,MI,88274c3115fffff
260730009002037,200,200,1,12037123,170025,CMS Internet,70,1,X,MI,88274c3115fffff
260730009002038,100,20,3,12037123,170025,CMS Internet,70,1,X,MI,88274c3115fffff
260730009002038,200,200,1,12037123,170025,CMS Internet,70,1,X,MI,88274c3115fffff
260730009002039,100,20,9,12037123,170025,CMS Internet,70,1,X,MI,88274c3111fffff
260730009002039,200,200,1,12037123,170025,CMS Internet,70,1,X,MI,88274c3111fffff
260730009002040,100,20,6,12037123,170025,CMS Internet,70,1,X,MI,88274c3111fffff
260730009002041,100,20,4,12037123,170025,CMS Internet,70,1,X,MI,88274c311dfffff
260730009002041,200,200,2,12037123,170025,CMS Internet,70,1,X,MI,88274c311dfffff
260730009002042,100,20,8,12037123,170025,CMS Internet,70,1,X,MI,88274c311dfffff
260730009002042,200,200,1,12037123,170025,CMS Internet,70,1,X,MI,88274c311dfffff
260730009002043,100,20,11,12037123,170025,CMS Internet,70,1,X,MI,88274c311dfffff
260730009002044,100,20,12,12037123,170025,CMS Internet,70,1,X,MI,88274c311dfffff
260730009002045,100,20,10,12037123,170025,CMS Internet,70,1,X,MI,88274c3115fffff
260730009002046,100,20,12,12037123,170025,CMS Internet,70,1,X,MI,88274c3115fffff
260730009002046,200,200,1,12037123,170025,CMS Internet,70,1,X,MI,88274c3115fffff
260730009002047,100,20,8,12037123,170025,CMS Internet,70,1,X,MI,88274c3115fffff
260730009002047,200,200,4,12037123,170025,CMS Internet,70,1,X,MI,88274c3115fffff
260730009002048,100,20,11,12037123,170025,CMS Internet,70,1,X,MI,88274c3115fffff
260730009002049,100,20,13,12037123,170025,CMS Internet,70,1,X,MI,88274c3115fffff
260730009002049,200,200,1,12037123,170025,CMS Internet,70,1,X,MI,88274c3111fffff
260730009002050,100,20,20,12037123,170025,CMS Internet,70,1,X,MI,88274c3115fffff
260730009002051,100,20,6,12037123,170025,CMS Internet,70,1,X,MI,88274c3115fffff
260730009002051,200,200,5,12037123,170025,CMS Internet,70,1,X,MI,88274c3115fffff
260730009002052,100,20,1,12037123,170025,CMS Internet,70,1,X,MI,88274c3115fffff
260730009002052,200,200,2,12037123,170025,CMS Internet,70,1,X,MI,88274c3115fffff
260730009002053,100,20,15,12037123,170025,CMS Internet,70,1,X,MI,88274c3115fffff
260730009002054,100,20,7,12037123,170025,CMS Internet,70,1,X,MI,88274c3115fffff
260730009002055,100,20,15,12037123,170025,CMS Internet,70,1,X,MI,88274c3115fffff
260730009002055,200,200,2,12037123,170025,CMS Internet,70,1,X,MI,88274c3115fffff
260730009002056,100,20,3,12037123,170025,CMS Internet,70,1,X,MI,88274c3111fffff
260730009002057,100,20,8,12037123,170025,CMS Internet,70,1,X,MI,88274c3111fffff
260730009003005,100,20,3,12037123,170025,CMS Internet,70,1,X,MI,88274c3367fffff
260730009003016,100,20,3,12037123,170025,CMS Internet,70,1,X,MI,88274c332bfffff
260730009003017,100,20,1,12037123,170025,CMS Internet,70,1,X,MI,88274c3307fffff
260730009003024,100,20,2,12037123,170025,CMS Internet,70,1,X,MI,88274c3339fffff
260730009003026,100,20,2,12037123,170025,CMS Internet,70,1,X,MI,88274c333bfffff
260730009003028,100,20,5,12037123,170025,CMS Internet,70,1,X,MI,88274c3317fffff
260730009003034,100,20,1,12037123,170025,CMS Internet,70,1,X,MI,88274c3227fffff
260730009003035,100,20,4,12037123,170025,CMS Internet,70,1,X,MI,88274c3313fffff
260739401001002,100,20,1,12037123,170025,CMS Internet,70,1,X,MI,88274c00e7fffff
260739401001002,200,200,1,12037123,170025,CMS Internet,70,1,X,MI,88274c01d3fffff
260739401001003,100,20,1,12037123,170025,CMS Internet,70,1,X,MI,88274c01d5fffff
260739401001003,200,200,1,12037123,170025,CMS Internet,70,1,X,MI,88274c0199fffff
260739401001004,100,20,1,12037123,170025,CMS Internet,70,1,X,MI,88274c0183fffff
260739401001006,100,20,6,12037123,170025,CMS Internet,70,1,X,MI,88274c0e6dfffff
260739401001007,100,20,1,12037123,170025,CMS Internet,70,1,X,MI,88274c0183fffff
260739401001008,100,20,1,12037123,170025,CMS Internet,70,1,X,MI,88274c019dfffff
260739401001010,100,20,2,12037123,170025,CMS Internet,70,1,X,MI,88274c0197fffff
260739401001018,100,20,2,12037123,170025,CMS Internet,70,1,X,MI,88274c0e61fffff
260739401001018,200,200,3,12037123,170025,CMS Internet,70,1,X,MI,88274c0e6dfffff
260739401001019,100,20,2,12037123,170025,CMS Internet,70,1,X,MI,88274c0197fffff
260739401001020,100,20,1,12037123,170025,CMS Internet,70,1,X,MI,88274c01bbfffff
260739401001028,100,20,4,12037123,170025,CMS Internet,70,1,X,MI,88274c0e63fffff
260739401001028,200,200,1,12037123,170025,CMS Internet,70,1,X,MI,88274c0e47fffff
260739401001029,200,200,1,12037123,170025,CMS Internet,70,1,X,MI,88274c0e6bfffff
260739401001030,100,20,1,12037123,170025,CMS Internet,70,1,X,MI,88274c0e63fffff
260739401001030,200,200,2,12037123,170025,CMS Internet,70,1,X,MI,88274c0e61fffff
260739401001031,100,20,1,12037123,170025,CMS Internet,70,1,X,MI,88274c0e61fffff
260739401001031,200,200,5,12037123,170025,CMS Internet,70,1,X,MI,88274c0e61fffff
260739401001032,100,20,1,12037123,170025,CMS Internet,70,1,X,MI,88274c0e67fffff
260739401001032,200,200,1,12037123,170025,CMS Internet,70,1,X,MI,88274c0e67fffff
260739401001033,100,20,10,12037123,170025,CMS Internet,70,1,X,MI,88274c0e67fffff
260739401001033,200,200,3,12037123,170025,CMS Internet,70,1,X,MI,88274c0e61fffff
260739401001034,100,20,9,12037123,170025,CMS Internet,70,1,X,MI,88274c0e65fffff
260739401001035,100,20,2,12037123,170025,CMS Internet,70,1,X,MI,88274c0e65fffff
260739401001036,100,20,6,12037123,170025,CMS Internet,70,1,X,MI,88274c0e65fffff
260739401001037,100,20,5,12037123,170025,CMS Internet,70,1,X,MI,88274c0e65fffff
260739401001038,100,20,14,12037123,170025,CMS Internet,70,1,X,MI,88274c01bbfffff
260739401001038,200,200,8,12037123,170025,CMS Internet,70,1,X,MI,88274c01b3fffff
260739401001039,100,20,7,12037123,170025,CMS Internet,70,1,X,MI,88274c01bbfffff
260739401001039,200,200,1,12037123,170025,CMS Internet,70,1,X,MI,88274c01bbfffff
260739401001041,100,20,1,12037123,170025,CMS Internet,70,1,X,MI,88274c01bbfffff
260739401001041,200,200,1,12037123,170025,CMS Internet,70,1,X,MI,88274c0e6dfffff
260739401001043,100,20,2,12037123,170025,CMS Internet,70,1,X,MI,88274c0e6dfffff
260739401001043,200,200,2,12037123,170025,CMS Internet,70,1,X,MI,88274c0e6dfffff
260739401001044,100,20,7,12037123,170025,CMS Internet,70,1,X,MI,88274c0e6dfffff
260739401001047,100,20,3,12037123,170025,CMS Internet,70,1,X,MI,88274c0e63fffff
260739401001052,100,20,2,12037123,170025,CMS Internet,70,1,X,MI,88274c0e65fffff
260739401001053,100,20,10,12037123,170025,CMS Internet,70,1,X,MI,88274c0e65fffff
260739401001054,100,20,6,12037123,170025,CMS Internet,70,1,X,MI,88274c0e65fffff
260739401001055,100,20,6,12037123,170025,CMS Internet,70,1,X,MI,88274c0e65fffff
260739401001056,100,20,2,12037123,170025,CMS Internet,70,1,X,MI,88274c0e07fffff
260739401001058,100,20,3,12037123,170025,CMS Internet,70,1,X,MI,88274c0e05fffff
260739401001060,100,20,13,12037123,170025,CMS Internet,70,1,X,MI,88274c0e2bfffff
260739401001061,100,20,2,12037123,170025,CMS Internet,70,1,X,MI,88274c0e05fffff
260739401001067,100,20,1,12037123,170025,CMS Internet,70,1,X,MI,88274c0e23fffff
260739401001070,100,20,18,12037123,170025,CMS Internet,70,1,X,MI,88274c0e3dfffff
260739401001073,100,20,1,12037123,170025,CMS Internet,70,1,X,MI,88274c0e55fffff
260739401001079,100,20,9,12037123,170025,CMS Internet,70,1,X,MI,88274c0e31fffff
260739401001083,100,20,4,12037123,170025,CMS Internet,70,1,X,MI,88274c0e35fffff
260739401003001,100,20,1,12037123,170025,CMS Internet,70,1,X,MI,88274c15b3fffff
260739401003004,100,20,2,12037123,170025,CMS Internet,70,1,X,MI,88274c15b5fffff
260739401003020,100,20,8,12037123,170025,CMS Internet,70,1,X,MI,88274c0753fffff
260739401003022,100,20,3,12037123,170025,CMS Internet,70,1,X,MI,88274c0753fffff
260739401003025,100,20,7,12037123,170025,CMS Internet,70,1,X,MI,88274c0757fffff
260739401003030,100,20,1,12037123,170025,CMS Internet,70,1,X,MI,88274c0753fffff
260739401003038,100,20,1,12037123,170025,CMS Internet,70,1,X,MI,88274c0753fffff
260739401003057,100,20,1,12037123,170025,CMS Internet,70,1,X,MI,88274c0757fffff
260739401003059,100,20,1,12037123,170025,CMS Internet,70,1,X,MI,88274c0753fffff
260739402001002,100,20,3,12037123,170025,CMS Internet,70,1,X,MI,88274c1447fffff
260739402001004,100,20,2,12037123,170025,CMS Internet,70,1,X,MI,88274c146dfffff
260739402001008,100,20,6,12037123,170025,CMS Internet,70,1,X,MI,88274c1455fffff
260739402001010,100,20,1,12037123,170025,CMS Internet,70,1,X,MI,88274c146bfffff
260739402001011,100,20,1,12037123,170025,CMS Internet,70,1,X,MI,88274c1463fffff
260739402001013,100,20,2,12037123,170025,CMS Internet,70,1,X,MI,88274c1451fffff
260739402001014,100,20,1,12037123,170025,CMS Internet,70,1,X,MI,88274c1451fffff
260739402001019,100,20,3,12037123,170025,CMS Internet,70,1,X,MI,88274c1451fffff
260739402001024,100,20,4,12037123,170025,CMS Internet,70,1,X,MI,88274c1463fffff
260739402001026,100,20,1,12037123,170025,CMS Internet,70,1,X,MI,88274c143dfffff
260739402001034,100,20,1,12037123,170025,CMS Internet,70,1,X,MI,88274c1403fffff
260739402001036,100,20,1,12037123,170025,CMS Internet,70,1,X,MI,88274c14edfffff
260739402001041,100,20,1,12037123,170025,CMS Internet,70,1,X,MI,88274c15ddfffff
260739402001042,100,20,2,12037123,170025,CMS Internet,70,1,X,MI,88274c15dbfffff
260739402001042,200,200,1,12037123,170025,CMS Internet,70,1,X,MI,88274c15d3fffff
260739402001046,100,20,1,12037123,170025,CMS Internet,70,1,X,MI,88274c14c5fffff
260739402001050,100,20,5,12037123,170025,CMS Internet,70,1,X,MI,88274c14c9fffff
260739402001052,100,20,1,12037123,170025,CMS Internet,70,1,X,MI,88274cab67fffff
260739402001058,100,20,1,12037123,170025,CMS Internet,70,1,X,MI,88274c148bfffff
260739402001061,100,20,1,12037123,170025,CMS Internet,70,1,X,MI,88274c14c5fffff
260739402001062,100,20,1,12037123,170025,CMS Internet,70,1,X,MI,88274c14c9fffff
260739402001069,100,20,6,12037123,170025,CMS Internet,70,1,X,MI,88274cab67fffff
260739402002004,200,200,1,12037123,170025,CMS Internet,70,1,X,MI,88274c1599fffff
260739402002006,100,20,1,12037123,170025,CMS Internet,70,1,X,MI,88274c14abfffff
260739402002015,100,20,1,12037123,170025,CMS Internet,70,1,X,MI,88274c14b9fffff
260739402002017,100,20,4,12037123,170025,CMS Internet,70,1,X,MI,88274c14b5fffff
260739402002018,100,20,2,12037123,170025,CMS Internet,70,1,X,MI,88274c064dfffff
260739402002019,100,20,1,12037123,170025,CMS Internet,70,1,X,MI,88274c14b5fffff
260739402002024,100,20,1,12037123,170025,CMS Internet,70,1,X,MI,88274c065bfffff
260739402002024,200,200,1,12037123,170025,CMS Internet,70,1,X,MI,88274c14b3fffff
260739402002026,100,20,2,12037123,170025,CMS Internet,70,1,X,MI,88274c0657fffff
260739402002026,200,200,1,12037123,170025,CMS Internet,70,1,X,MI,88274c0651fffff
260739402002034,100,20,1,12037123,170025,CMS Internet,70,1,X,MI,88274c0617fffff
260739402002035,100,20,1,12037123,170025,CMS Internet,70,1,X,MI,88274c063bfffff
260739402002042,100,20,1,12037123,170025,CMS Internet,70,1,X,MI,88274c0613fffff
260739402002047,100,20,1,12037123,170025,CMS Internet,70,1,X,MI,88274c068bfffff
260739402002049,100,20,8,12037123,170025,CMS Internet,70,1,X,MI,88274c0683fffff
260739402002050,100,20,2,12037123,170025,CMS Internet,70,1,X,MI,88274c06bdfffff
260739402002051,100,20,2,12037123,170025,CMS Internet,70,1,X,MI,88274c0687fffff
260739402002053,100,20,7,12037123,170025,CMS Internet,70,1,X,MI,88274c06bdfffff
260739402002056,100,20,17,12037123,170025,CMS Internet,70,1,X,MI,88274c06b5fffff
260739402002056,200,200,5,12037123,170025,CMS Internet,70,1,X,MI,88274c06b7fffff
260739402003002,100,20,1,12037123,170025,CMS Internet,70,1,X,MI,88274c14b9fffff
260739402003003,100,20,1,12037123,170025,CMS Internet,70,1,X,MI,88274c14b3fffff
260739402003011,100,20,1,12037123,170025,CMS Internet,70,1,X,MI,88274c065bfffff
260739402003011,200,200,1,12037123,170025,CMS Internet,70,1,X,MI,88274c065bfffff
260739402003031,100,20,1,12037123,170025,CMS Internet,70,1,X,MI,88274c0693fffff
260739402003038,100,20,3,12037123,170025,CMS Internet,70,1,X,MI,88274c06b9fffff
260739402003038,200,200,1,12037123,170025,CMS Internet,70,1,X,MI,88274c0695fffff
260739402003041,100,20,3,12037123,170025,CMS Internet,70,1,X,MI,88274c06bbfffff
260739402004004,100,20,16,12037123,170025,CMS Internet,70,1,X,MI,88274c336dfffff
260739402004005,100,20,5,12037123,170025,CMS Internet,70,1,X,MI,88274c336dfffff
260739402004006,100,20,2,12037123,170025,CMS Internet,70,1,X,MI,88274c336dfffff
260739402004007,100,20,46,12037123,170025,CMS Internet,70,1,X,MI,88274c04d9fffff
260739402004007,200,200,8,12037123,170025,CMS Internet,70,1,X,MI,88274c04d9fffff
260739402004009,100,20,6,12037123,170025,CMS Internet,70,1,X,MI,88274c06b7fffff
260739402004009,200,200,4,12037123,170025,CMS Internet,70,1,X,MI,88274c06b7fffff
260739402004011,100,20,10,12037123,170025,CMS Internet,70,1,X,MI,88274c04d1fffff
260739402004011,200,200,11,12037123,170025,CMS Internet,70,1,X,MI,88274c04ddfffff
260739402004012,100,20,2,12037123,170025,CMS Internet,70,1,X,MI,88274c04d9fffff
260739402004012,200,200,4,12037123,170025,CMS Internet,70,1,X,MI,88274c04ddfffff
260739402004013,100,20,1,12037123,170025,CMS Internet,70,1,X,MI,88274c04dbfffff
260739402004014,100,20,7,12037123,170025,CMS Internet,70,1,X,MI,88274c04d3fffff
260739402004014,200,200,7,12037123,170025,CMS Internet,70,1,X,MI,88274c04d1fffff
260739402004016,100,20,4,12037123,170025,CMS Internet,70,1,X,MI,88274c332dfffff
260739402004017,100,20,1,12037123,170025,CMS Internet,70,1,X,MI,88274c332dfffff
260739402004018,100,20,2,12037123,170025,CMS Internet,70,1,X,MI,88274c332dfffff
260739402004018,200,200,4,12037123,170025,CMS Internet,70,1,X,MI,88274c332dfffff
260739402004020,100,20,5,12037123,170025,CMS Internet,70,1,X,MI,88274c04d9fffff
260739402004020,200,200,1,12037123,170025,CMS Internet,70,1,X,MI,88274c04dbfffff
260739402004023,100,20,8,12037123,170025,CMS Internet,70,1,X,MI,88274c332dfffff
260739402004026,100,20,4,12037123,170025,CMS Internet,70,1,X,MI,88274c04d3fffff
260739402004026,200,200,3,12037123,170025,CMS Internet,70,1,X,MI,88274c04d1fffff
260739402004028,100,20,5,12037123,170025,CMS Internet,70,1,X,MI,88274c04d3fffff
260739402004029,100,20,1,12037123,170025,CMS Internet,70,1,X,MI,88274c0499fffff
260739402004031,100,20,1,12037123,170025,CMS Internet,70,1,X,MI,88274c332dfffff
260739402004033,100,20,1,12037123,170025,CMS Internet,70,1,X,MI,88274c332dfffff
260739403001001,100,20,90,12037123,170025,CMS Internet,70,1,X,MI,88274c04ebfffff
260739403001001,200,200,7,12037123,170025,CMS Internet,70,1,X,MI,88274c04ebfffff
260739403001002,100,20,17,12037123,170025,CMS Internet,70,1,X,MI,88274c04ebfffff
260739403001002,200,200,2,12037123,170025,CMS Internet,70,1,X,MI,88274c04ebfffff
260739403001003,100,20,26,12037123,170025,CMS Internet,70,1,X,MI,88274c04c7fffff
260739403001003,200,200,2,12037123,170025,CMS Internet,70,1,X,MI,88274c04c7fffff
260739403001004,100,20,13,12037123,170025,CMS Internet,70,1,X,MI,88274c04ebfffff
260739403001005,100,20,21,12037123,170025,CMS Internet,70,1,X,MI,88274c048dfffff
260739403001006,100,20,14,12037123,170025,CMS Internet,70,1,X,MI,88274c04c7fffff
260739403001007,100,20,10,12037123,170025,CMS Internet,70,1,X,MI,88274c04ebfffff
260739403001007,200,200,4,12037123,170025,CMS Internet,70,1,X,MI,88274c04ebfffff
260739403001008,100,20,10,12037123,170025,CMS Internet,70,1,X,MI,88274c04ebfffff
260739403001009,100,20,7,12037123,170025,CMS Internet,70,1,X,MI,88274c04ebfffff
260739403001010,100,20,19,12037123,170025,CMS Internet,70,1,X,MI,88274c04ebfffff
260739403001011,100,20,26,12037123,170025,CMS Internet,70,1,X,MI,88274c04e1fffff
260739403001012,100,20,25,12037123,170025,CMS Internet,70,1,X,MI,88274c04e1fffff
260739403001013,100,20,11,12037123,170025,CMS Internet,70,1,X,MI,88274c04e1fffff
260739403001013,200,200,1,12037123,170025,CMS Internet,70,1,X,MI,88274c04e1fffff
260739403001014,100,20,9,12037123,170025,CMS Internet,70,1,X,MI,88274c04e3fffff
260739403001015,100,20,9,12037123,170025,CMS Internet,70,1,X,MI,88274c04e3fffff
260739403001016,100,20,10,12037123,170025,CMS Internet,70,1,X,MI,88274c04e1fffff
260739403001017,100,20,12,12037123,170025,CMS Internet,70,1,X,MI,88274c04e1fffff
260739403001018,100,20,41,12037123,170025,CMS Internet,70,1,X,MI,88274c04e1fffff
260739403001019,100,20,8,12037123,170025,CMS Internet,70,1,X,MI,88274c04e3fffff
260739403001019,200,200,3,12037123,170025,CMS Internet,70,1,X,MI,88274c04e3fffff
260739403001020,100,20,1,12037123,170025,CMS Internet,70,1,X,MI,88274c04e3fffff
260739403001022,100,20,38,12037123,170025,CMS Internet,70,1,X,MI,88274c048dfffff
260739403001022,200,200,40,12037123,170025,CMS Internet,70,1,X,MI,88274c048dfffff
260739403001023,200,200,5,12037123,170025,CMS Internet,70,1,X,MI,88274c048dfffff
260739403001025,100,20,1,12037123,170025,CMS Internet,70,1,X,MI,88274c048dfffff
260739403001025,200,200,6,12037123,170025,CMS Internet,70,1,X,MI,88274c048dfffff
260739403001026,100,20,12,12037123,170025,CMS Internet,70,1,X,MI,88274c048dfffff
260739403001026,200,200,18,12037123,170025,CMS Internet,70,1,X,MI,88274c048dfffff
260739403001030,100,20,10,12037123,170025,CMS Internet,70,1,X,MI,88274c048dfffff
260739403001030,200,200,6,12037123,170025,CMS Internet,70,1,X,MI,88274c048dfffff
260739403001031,100,20,9,12037123,170025,CMS Internet,70,1,X,MI,88274c048dfffff
260739403001031,200,200,12,12037123,170025,CMS Internet,70,1,X,MI,88274c048dfffff
260739403001032,100,20,5,12037123,170025,CMS Internet,70,1,X,MI,88274c04e3fffff
260739403001033,100,20,16,12037123,170025,CMS Internet,70,1,X,MI,88274c04e3fffff
260739403001034,100,20,4,12037123,170025,CMS Internet,70,1,X,MI,88274c04e3fffff
260739403002000,100,20,3,12037123,170025,CMS Internet,70,1,X,MI,88274c06a1fffff
260739403002005,100,20,3,12037123,170025,CMS Internet,70,1,X,MI,88274c0415fffff
260739403002009,100,20,1,12037123,170025,CMS Internet,70,1,X,MI,88274c0415fffff
260739403002012,100,20,1,12037123,170025,CMS Internet,70,1,X,MI,88274c0415fffff
260739403002013,100,20,5,12037123,170025,CMS Internet,70,1,X,MI,88274c0413fffff
260739403002018,100,20,8,12037123,170025,CMS Internet,70,1,X,MI,88274c04c9fffff
260739403002019,100,20,10,12037123,170025,CMS Internet,70,1,X,MI,88274c06b5fffff
260739403002019,200,200,2,12037123,170025,CMS Internet,70,1,X,MI,88274c04cbfffff
260739403002020,100,20,3,12037123,170025,CMS Internet,70,1,X,MI,88274c04c5fffff
260739403002020,200,200,3,12037123,170025,CMS Internet,70,1,X,MI,88274c04c5fffff
260739403002021,100,20,1,12037123,170025,CMS Internet,70,1,X,MI,88274c0417fffff
260739403002022,100,20,6,12037123,170025,CMS Internet,70,1,X,MI,88274c04c3fffff
260739403002022,200,200,7,12037123,170025,CMS Internet,70,1,X,MI,88274c04c3fffff
260739403002024,100,20,4,12037123,170025,CMS Internet,70,1,X,MI,88274c04cbfffff
260739403002024,200,200,1,12037123,170025,CMS Internet,70,1,X,MI,88274c04cbfffff
260739403002025,100,20,1,12037123,170025,CMS Internet,70,1,X,MI,88274c04c7fffff
260739403002025,200,200,4,12037123,170025,CMS Internet,70,1,X,MI,88274c0489fffff
260739403002026,100,20,15,12037123,170025,CMS Internet,70,1,X,MI,88274c04c7fffff
260739403002026,200,200,8,12037123,170025,CMS Internet,70,1,X,MI,88274c04c7fffff
260739403002027,100,20,3,12037123,170025,CMS Internet,70,1,X,MI,88274c048dfffff
260739403002028,100,20,4,12037123,170025,CMS Internet,70,1,X,MI,88274c0489fffff
260739403002028,200,200,2,12037123,170025,CMS Internet,70,1,X,MI,88274c0489fffff
260739403002029,100,20,7,12037123,170025,CMS Internet,70,1,X,MI,88274c0489fffff
260739403002029,200,200,11,12037123,170025,CMS Internet,70,1,X,MI,88274c04ddfffff
260739403002031,200,200,1,12037123,170025,CMS Internet,70,1,X,MI,88274c048bfffff
260739403002032,100,20,1,12037123,170025,CMS Internet,70,1,X,MI,88274c04d1fffff
260739403002033,100,20,9,12037123,170025,CMS Internet,70,1,X,MI,88274c048bfffff
260739403002033,200,200,1,12037123,170025,CMS Internet,70,1,X,MI,88274c048bfffff
260739403002034,100,20,1,12037123,170025,CMS Internet,70,1,X,MI,88274c0483fffff
260739403002034,200,200,2,12037123,170025,CMS Internet,70,1,X,MI,88274c04d7fffff
260739403002036,100,20,3,12037123,170025,CMS Internet,70,1,X,MI,88274c04c7fffff
260739403002036,200,200,3,12037123,170025,CMS Internet,70,1,X,MI,88274c04c7fffff
260739403002037,100,20,3,12037123,170025,CMS Internet,70,1,X,MI,88274c04edfffff
260739403002039,100,20,1,12037123,170025,CMS Internet,70,1,X,MI,88274c04edfffff
260739403003003,100,20,4,12037123,170025,CMS Internet,70,1,X,MI,88274c04edfffff
260739403003004,100,20,1,12037123,170025,CMS Internet,70,1,X,MI,88274c04edfffff
260739403003009,100,20,23,12037123,170025,CMS Internet,70,1,X,MI,88274c04c5fffff
260739403003009,200,200,1,12037123,170025,CMS Internet,70,1,X,MI,88274c04c5fffff
260739403003013,100,20,6,12037123,170025,CMS Internet,70,1,X,MI,88274c04e9fffff
260739403003013,200,200,2,12037123,170025,CMS Internet,70,1,X,MI,88274c04ebfffff
260739403003014,100,20,15,12037123,170025,CMS Internet,70,1,X,MI,88274c04e9fffff
260739403003014,200,200,2,12037123,170025,CMS Internet,70,1,X,MI,88274c04e1fffff
260739403003017,100,20,2,12037123,170025,CMS Internet,70,1,X,MI,88274c04edfffff
260739403003018,100,20,3,12037123,170025,CMS Internet,70,1,X,MI,88274c04e9fffff
260739403003018,200,200,1,12037123,170025,CMS Internet,70,1,X,MI,88274c04ebfffff
260739403003020,100,20,9,12037123,170025,CMS Internet,70,1,X,MI,88274c04e1fffff
260739403003021,100,20,2,12037123,170025,CMS Internet,70,1,X,MI,88274c04e1fffff
260739403003022,100,20,4,12037123,170025,CMS Internet,70,1,X,MI,88274c04e1fffff
260739403003023,100,20,2,12037123,170025,CMS Internet,70,1,X,MI,88274c04e1fffff
260739403003024,100,20,14,12037123,170025,CMS Internet,70,1,X,MI,88274c04e7fffff
260739403003025,100,20,22,12037123,170025,CMS Internet,70,1,X,MI,88274c04e7fffff
260739403003026,100,20,17,12037123,170025,CMS Internet,70,1,X,MI,88274c04e1fffff
260739403003027,100,20,8,12037123,170025,CMS Internet,70,1,X,MI,88274c04e1fffff
260739403003028,100,20,18,12037123,170025,CMS Internet,70,1,X,MI,88274c04e7fffff
260739403003029,100,20,6,12037123,170025,CMS Internet,70,1,X,MI,88274c04e1fffff
260739403003030,100,20,4,12037123,170025,CMS Internet,70,1,X,MI,88274c04e1fffff
260739403003031,100,20,28,12037123,170025,CMS Internet,70,1,X,MI,88274c04e7fffff
260739403003032,100,20,27,12037123,170025,CMS Internet,70,1,X,MI,88274c04e7fffff
260739403003033,100,20,25,12037123,170025,CMS Internet,70,1,X,MI,88274c04e7fffff
260739403003033,200,200,2,12037123,170025,CMS Internet,70,1,X,MI,88274c04e7fffff
260739403004000,100,20,14,12037123,170025,CMS Internet,70,1,X,MI,88274c04e3fffff
260739403004001,100,20,6,12037123,170025,CMS Internet,70,1,X,MI,88274c04e3fffff
260739403004002,100,20,15,12037123,170025,CMS Internet,70,1,X,MI,88274c04e3fffff
260739403004002,200,200,1,12037123,170025,CMS Internet,70,1,X,MI,88274c04e3fffff
260739403004003,100,20,8,12037123,170025,CMS Internet,70,1,X,MI,88274c04e3fffff
260739403004004,100,20,44,12037123,170025,CMS Internet,70,1,X,MI,88274c04a9fffff
260739403004005,100,20,15,12037123,170025,CMS Internet,70,1,X,MI,88274c04e7fffff
260739403004006,100,20,7,12037123,170025,CMS Internet,70,1,X,MI,88274c04e7fffff
260739403004007,100,20,3,12037123,170025,CMS Internet,70,1,X,MI,88274c04e7fffff
260739403004008,100,20,3,12037123,170025,CMS Internet,70,1,X,MI,88274c04e7fffff
260739403004009,100,20,5,12037123,170025,CMS Internet,70,1,X,MI,88274c04e7fffff
260739403004010,100,20,15,12037123,170025,CMS Internet,70,1,X,MI,88274c04e7fffff
260739403004011,100,20,7,12037123,170025,CMS Internet,70,1,X,MI,88274c04e7fffff
260739403004012,100,20,6,12037123,170025,CMS Internet,70,1,X,MI,88274c04e7fffff
260739403004013,100,20,5,12037123,170025,CMS Internet,70,1,X,MI,88274c04e7fffff
260739403004014,100,20,9,12037123,170025,CMS Internet,70,1,X,MI,88274c04adfffff
260739403004015,100,20,13,12037123,170025,CMS Internet,70,1,X,MI,88274c04e7fffff
260739403004016,100,20,13,12037123,170025,CMS Internet,70,1,X,MI,88274c04a9fffff
260739403004017,100,20,2,12037123,170025,CMS Internet,70,1,X,MI,88274c04e7fffff
260739403004018,100,20,13,12037123,170025,CMS Internet,70,1,X,MI,88274c0485fffff
260739403004019,100,20,8,12037123,170025,CMS Internet,70,1,X,MI,88274c04e3fffff
260739403004021,100,20,10,12037123,170025,CMS Internet,70,1,X,MI,88274c04e3fffff
260739403004021,200,200,1,12037123,170025,CMS Internet,70,1,X,MI,88274c048dfffff
260739403004022,100,20,3,12037123,170025,CMS Internet,70,1,X,MI,88274c04e3fffff
260739403004022,200,200,2,12037123,170025,CMS Internet,70,1,X,MI,88274c04e3fffff
260739403004023,100,20,8,12037123,170025,CMS Internet,70,1,X,MI,88274c04e3fffff
260739403004024,100,20,8,12037123,170025,CMS Internet,70,1,X,MI,88274c04e3fffff
260739403004025,100,20,1,12037123,170025,CMS Internet,70,1,X,MI,88274c04a9fffff
260739403004026,100,20,4,12037123,170025,CMS Internet,70,1,X,MI,88274c04e3fffff
260739403004027,100,20,5,12037123,170025,CMS Internet,70,1,X,MI,88274c04a9fffff
260739403004028,100,20,4,12037123,170025,CMS Internet,70,1,X,MI,88274c04a9fffff
260739403004029,100,20,1,12037123,170025,CMS Internet,70,1,X,MI,88274c04a9fffff
260739403004030,100,20,8,12037123,170025,CMS Internet,70,1,X,MI,88274c04a9fffff
260739403004031,100,20,6,12037123,170025,CMS Internet,70,1,X,MI,88274c04a9fffff
260739403004032,100,20,9,12037123,170025,CMS Internet,70,1,X,MI,88274c04a9fffff
260739403004033,100,20,15,12037123,170025,CMS Internet,70,1,X,MI,88274c04a9fffff
260739403004034,100,20,1,12037123,170025,CMS Internet,70,1,X,MI,88274c04a9fffff
260739403004035,100,20,9,12037123,170025,CMS Internet,70,1,X,MI,88274c04a9fffff
260739403004036,100,20,7,12037123,170025,CMS Internet,70,1,X,MI,88274c04a9fffff
260739403004037,100,20,8,12037123,170025,CMS Internet,70,1,X,MI,88274c04a9fffff
260739404001002,100,20,2,12037123,170025,CMS Internet,70,1,X,MI,88274c0435fffff
260739404001011,100,20,4,12037123,170025,CMS Internet,70,1,X,MI,88274c05ddfffff
260739404001012,100,20,4,12037123,170025,CMS Internet,70,1,X,MI,88274c0437fffff
260739404001013,100,20,3,12037123,170025,CMS Internet,70,1,X,MI,88274c0431fffff
260739404001014,100,20,2,12037123,170025,CMS Internet,70,1,X,MI,88274c043bfffff
260739404001016,100,20,2,12037123,170025,CMS Internet,70,1,X,MI,88274c043bfffff
260739404001017,100,20,4,12037123,170025,CMS Internet,70,1,X,MI,88274c0439fffff
260739404001018,100,20,1,12037123,170025,CMS Internet,70,1,X,MI,88274c043bfffff
260739404001020,100,20,5,12037123,170025,CMS Internet,70,1,X,MI,88274c05ddfffff
260739404001021,100,20,4,12037123,170025,CMS Internet,70,1,X,MI,88274c05ddfffff
260739404001022,100,20,2,12037123,170025,CMS Internet,70,1,X,MI,88274c05d9fffff
260739404001024,100,20,6,12037123,170025,CMS Internet,70,1,X,MI,88274c04e5fffff
260739404001026,100,20,1,12037123,170025,CMS Internet,70,1,X,MI,88274c04e5fffff
260739404001028,100,20,1,12037123,170025,CMS Internet,70,1,X,MI,88274c0433fffff
260739404001030,100,20,9,12037123,170025,CMS Internet,70,1,X,MI,88274c0433fffff
260739404001030,200,200,1,12037123,170025,CMS Internet,70,1,X,MI,88274c04e5fffff
260739404001031,100,20,3,12037123,170025,CMS Internet,70,1,X,MI,88274c04e5fffff
260739404001031,200,200,1,12037123,170025,CMS Internet,70,1,X,MI,88274c04e5fffff
260739404001033,100,20,6,12037123,170025,CMS Internet,70,1,X,MI,88274c04e5fffff
260739404001034,100,20,3,12037123,170025,CMS Internet,70,1,X,MI,88274c04e5fffff
260739404001035,100,20,3,12037123,170025,CMS Internet,70,1,X,MI,88274c04e5fffff
260739404001036,100,20,1,12037123,170025,CMS Internet,70,1,X,MI,88274c04e5fffff
260739404001037,100,20,1,12037123,170025,CMS Internet,70,1,X,MI,88274c04e5fffff
260739404001040,100,20,6,12037123,170025,CMS Internet,70,1,X,MI,88274c05ddfffff
260739404001041,100,20,4,12037123,170025,CMS Internet,70,1,X,MI,88274c05ddfffff
260739404001042,100,20,13,12037123,170025,CMS Internet,70,1,X,MI,88274c05ddfffff
260739404001043,100,20,9,12037123,170025,CMS Internet,70,1,X,MI,88274c05ddfffff
260739404001044,100,20,12,12037123,170025,CMS Internet,70,1,X,MI,88274c05d1fffff
260739404001045,100,20,12,12037123,170025,CMS Internet,70,1,X,MI,88274c05d1fffff
260739404001046,100,20,10,12037123,170025,CMS Internet,70,1,X,MI,88274c05d1fffff
260739404001047,100,20,8,12037123,170025,CMS Internet,70,1,X,MI,88274c05d1fffff
260739404001048,100,20,12,12037123,170025,CMS Internet,70,1,X,MI,88274c05d1fffff
260739404001049,100,20,17,12037123,170025,CMS Internet,70,1,X,MI,88274c05d1fffff
260739404001050,100,20,15,12037123,170025,CMS Internet,70,1,X,MI,88274c05d1fffff
260739404001051,100,20,13,12037123,170025,CMS Internet,70,1,X,MI,88274c05d1fffff
260739404001052,100,20,11,12037123,170025,CMS Internet,70,1,X,MI,88274c05d5fffff
260739404001053,100,20,15,12037123,170025,CMS Internet,70,1,X,MI,88274c05d5fffff
260739404002000,100,20,1,12037123,170025,CMS Internet,70,1,X,MI,88274c04e5fffff
260739404002001,100,20,7,12037123,170025,CMS Internet,70,1,X,MI,88274c04e5fffff
260739404002002,100,20,7,12037123,170025,CMS Internet,70,1,X,MI,88274c04e5fffff
260739404002003,100,20,5,12037123,170025,CMS Internet,70,1,X,MI,88274c04e5fffff
260739404002004,100,20,5,12037123,170025,CMS Internet,70,1,X,MI,88274c04e5fffff
260739404002005,100,20,3,12037123,170025,CMS Internet,70,1,X,MI,88274c04e5fffff
260739404002006,100,20,1,12037123,170025,CMS Internet,70,1,X,MI,88274c04e5fffff
260739404002007,100,20,8,12037123,170025,CMS Internet,70,1,X,MI,88274c04e5fffff
260739404002008,100,20,8,12037123,170025,CMS Internet,70,1,X,MI,88274c04e5fffff
260739404002009,100,20,10,12037123,170025,CMS Internet,70,1,X,MI,88274c04e5fffff
260739404002011,100,20,7,12037123,170025,CMS Internet,70,1,X,MI,88274c04e5fffff
260739404002012,100,20,5,12037123,170025,CMS Internet,70,1,X,MI,88274c04e5fffff
260739404002013,100,20,8,12037123,170025,CMS Internet,70,1,X,MI,88274c05dbfffff
260739404002015,100,20,2,12037123,170025,CMS Internet,70,1,X,MI,88274c05d9fffff
260739404002016,100,20,9,12037123,170025,CMS Internet,70,1,X,MI,88274c05dbfffff
260739404002017,100,20,9,12037123,170025,CMS Internet,70,1,X,MI,88274c05dbfffff
260739404002018,100,20,6,12037123,170025,CMS Internet,70,1,X,MI,88274c04e5fffff
260739404002019,100,20,7,12037123,170025,CMS Internet,70,1,X,MI,88274c04e5fffff
260739404002020,100,20,5,12037123,170025,CMS Internet,70,1,X,MI,88274c04e5fffff
260739404002021,100,20,4,12037123,170025,CMS Internet,70,1,X,MI,88274c04e5fffff
260739404002022,100,20,6,12037123,170025,CMS Internet,70,1,X,MI,88274c04e5fffff
260739404002023,100,20,7,12037123,170025,CMS Internet,70,1,X,MI,88274c04e5fffff
260739404002024,100,20,8,12037123,170025,CMS Internet,70,1,X,MI,88274c04e5fffff
260739404002025,100,20,16,12037123,170025,CMS Internet,70,1,X,MI,88274c05dbfffff
260739404002026,100,20,16,12037123,170025,CMS Internet,70,1,X,MI,88274c05dbfffff
260739404002027,100,20,14,12037123,170025,CMS Internet,70,1,X,MI,88274c05dbfffff
260739404002027,200,200,2,12037123,170025,CMS Internet,70,1,X,MI,88274c05dbfffff
260739404002028,100,20,15,12037123,170025,CMS Internet,70,1,X,MI,88274c05dbfffff
260739404002029,100,20,8,12037123,170025,CMS Internet,70,1,X,MI,88274c05dbfffff
260739404002030,100,20,4,12037123,170025,CMS Internet,70,1,X,MI,88274c05dbfffff
260739404002030,200,200,5,12037123,170025,CMS Internet,70,1,X,MI,88274c05dbfffff
260739404002031,100,20,8,12037123,170025,CMS Internet,70,1,X,MI,88274c05dbfffff
260739404002031,200,200,1,12037123,170025,CMS Internet,70,1,X,MI,88274c05dbfffff
260739404002032,100,20,8,12037123,170025,CMS Internet,70,1,X,MI,88274c05dbfffff
260739404002033,100,20,7,12037123,170025,CMS Internet,70,1,X,MI,88274c05dbfffff
260739404002034,100,20,6,12037123,170025,CMS Internet,70,1,X,MI,88274c05dbfffff
260739404002035,100,20,9,12037123,170025,CMS Internet,70,1,X,MI,88274c04e5fffff
260739404002036,100,20,5,12037123,170025,CMS Internet,70,1,X,MI,88274c04e7fffff
260739404002037,100,20,6,12037123,170025,CMS Internet,70,1,X,MI,88274c04e7fffff
260739404002038,100,20,9,12037123,170025,CMS Internet,70,1,X,MI,88274c04e7fffff
260739404002039,100,20,6,12037123,170025,CMS Internet,70,1,X,MI,88274c05dbfffff
260739404002040,100,20,5,12037123,170025,CMS Internet,70,1,X,MI,88274c04e7fffff
260739404002041,100,20,2,12037123,170025,CMS Internet,70,1,X,MI,88274c04e7fffff
260739404002042,100,20,8,12037123,170025,CMS Internet,70,1,X,MI,88274c04e7fffff
260739404002042,200,200,1,12037123,170025,CMS Internet,70,1,X,MI,88274c04e7fffff
260739404002043,100,20,4,12037123,170025,CMS Internet,70,1,X,MI,88274c05dbfffff
260739404002044,100,20,5,12037123,170025,CMS Internet,70,1,X,MI,88274c05dbfffff
260739404002045,100,20,7,12037123,170025,CMS Internet,70,1,X,MI,88274c05dbfffff
260739404002045,200,200,1,12037123,170025,CMS Internet,70,1,X,MI,88274c05dbfffff
260739404002046,100,20,3,12037123,170025,CMS Internet,70,1,X,MI,88274c05dbfffff
260739404002046,200,200,4,12037123,170025,CMS Internet,70,1,X,MI,88274c05dbfffff
260739404002048,200,200,1,12037123,170025,CMS Internet,70,1,X,MI,88274c05dbfffff
260739404002050,100,20,10,12037123,170025,CMS Internet,70,1,X,MI,88274c05dbfffff
260739404002052,100,20,1,12037123,170025,CMS Internet,70,1,X,MI,88274c05dbfffff
260739404002053,100,20,3,12037123,170025,CMS Internet,70,1,X,MI,88274c05dbfffff
260739404002053,200,200,4,12037123,170025,CMS Internet,70,1,X,MI,88274c05dbfffff
260739404002054,200,200,3,12037123,170025,CMS Internet,70,1,X,MI,88274c05dbfffff
260739404002055,100,20,5,12037123,170025,CMS Internet,70,1,X,MI,88274c05dbfffff
260739404002055,200,200,1,12037123,170025,CMS Internet,70,1,X,MI,88274c05dbfffff
260739404002056,100,20,6,12037123,170025,CMS Internet,70,1,X,MI,88274c05dbfffff
260739404002056,200,200,8,12037123,170025,CMS Internet,70,1,X,MI,88274c05dbfffff
260739404002058,100,20,1,12037123,170025,CMS Internet,70,1,X,MI,88274c05dbfffff
260739404002060,100,20,4,12037123,170025,CMS Internet,70,1,X,MI,88274c05dbfffff
260739404002062,100,20,2,12037123,170025,CMS Internet,70,1,X,MI,88274c05d1fffff
260739404002063,100,20,21,12037123,170025,CMS Internet,70,1,X,MI,88274c05d1fffff
260739404002064,100,20,18,12037123,170025,CMS Internet,70,1,X,MI,88274c05d1fffff
260739404002065,100,20,11,12037123,170025,CMS Internet,70,1,X,MI,88274c05d1fffff
260739404002066,100,20,26,12037123,170025,CMS Internet,70,1,X,MI,88274c05d1fffff
260739404003000,100,20,13,12037123,170025,CMS Internet,70,1,X,MI,88274c05d1fffff
260739404003001,100,20,22,12037123,170025,CMS Internet,70,1,X,MI,88274c05d1fffff
260739404003002,100,20,12,12037123,170025,CMS Internet,70,1,X,MI,88274c05d1fffff
260739404003003,100,20,21,12037123,170025,CMS Internet,70,1,X,MI,88274c05d1fffff
260739404003004,100,20,20,12037123,170025,CMS Internet,70,1,X,MI,88274c05d1fffff
260739404003005,100,20,19,12037123,170025,CMS Internet,70,1,X,MI,88274c05d7fffff
260739404003006,100,20,11,12037123,170025,CMS Internet,70,1,X,MI,88274c05d7fffff
260739404003007,100,20,10,12037123,170025,CMS Internet,70,1,X,MI,88274c05d7fffff
260739404003008,100,20,6,12037123,170025,CMS Internet,70,1,X,MI,88274c05d7fffff
260739404003009,100,20,41,12037123,170025,CMS Internet,70,1,X,MI,88274c05d7fffff
260739404003010,100,20,11,12037123,170025,CMS Internet,70,1,X,MI,88274c05d7fffff
260739404003011,100,20,6,12037123,170025,CMS Internet,70,1,X,MI,88274c05d7fffff
260739404003012,100,20,13,12037123,170025,CMS Internet,70,1,X,MI,88274c05d7fffff
260739405001000,100,20,2,12037123,170025,CMS Internet,70,1,X,MI,88274c05dbfffff
260739405001001,100,20,13,12037123,170025,CMS Internet,70,1,X,MI,88274c05dbfffff
260739405001004,100,20,29,12037123,170025,CMS Internet,70,1,X,MI,88274c05dbfffff
260739405001005,100,20,12,12037123,170025,CMS Internet,70,1,X,MI,88274c05d3fffff
260739405001006,100,20,9,12037123,170025,CMS Internet,70,1,X,MI,88274c05d3fffff
260739405001007,100,20,7,12037123,170025,CMS Internet,70,1,X,MI,88274c05d3fffff
260739405001008,100,20,8,12037123,170025,CMS Internet,70,1,X,MI,88274c05dbfffff
260739405001009,100,20,6,12037123,170025,CMS Internet,70,1,X,MI,88274c05d3fffff
260739405001010,100,20,13,12037123,170025,CMS Internet,70,1,X,MI,88274c05dbfffff
260739405001011,100,20,10,12037123,170025,CMS Internet,70,1,X,MI,88274c05dbfffff
260739405001011,200,200,1,12037123,170025,CMS Internet,70,1,X,MI,88274c05dbfffff
260739405001012,100,20,17,12037123,170025,CMS Internet,70,1,X,MI,88274c05d7fffff
260739405001014,100,20,5,12037123,170025,CMS Internet,70,1,X,MI,88274c05d7fffff
260739405001015,100,20,7,12037123,170025,CMS Internet,70,1,X,MI,88274c05d3fffff
260739405001016,100,20,3,12037123,170025,CMS Internet,70,1,X,MI,88274c05d3fffff
260739405001017,100,20,8,12037123,170025,CMS Internet,70,1,X,MI,88274c05d1fffff
260739405001018,100,20,3,12037123,170025,CMS Internet,70,1,X,MI,88274c05d3fffff
260739405001019,100,20,7,12037123,170025,CMS Internet,70,1,X,MI,88274c05d7fffff
260739405001020,100,20,14,12037123,170025,CMS Internet,70,1,X,MI,88274c05d7fffff
260739405001021,100,20,10,12037123,170025,CMS Internet,70,1,X,MI,88274c05d1fffff
260739405001023,100,20,12,12037123,170025,CMS Internet,70,1,X,MI,88274c05d3fffff
260739405001024,100,20,15,12037123,170025,CMS Internet,70,1,X,MI,88274c05d3fffff
260739405001025,100,20,15,12037123,170025,CMS Internet,70,1,X,MI,88274c05d7fffff
260739405001026,100,20,13,12037123,170025,CMS Internet,70,1,X,MI,88274c05d7fffff
260739405001027,100,20,5,12037123,170025,CMS Internet,70,1,X,MI,88274c05d7fffff
260739405001028,100,20,2,12037123,170025,CMS Internet,70,1,X,MI,88274c05d3fffff
260739405001029,100,20,2,12037123,170025,CMS Internet,70,1,X,MI,88274c05d7fffff
260739405001030,100,20,5,12037123,170025,CMS Internet,70,1,X,MI,88274c05d7fffff
260739405001031,100,20,8,12037123,170025,CMS Internet,70,1,X,MI,88274c05d3fffff
260739405002000,100,20,4,12037123,170025,CMS Internet,70,1,X,MI,88274c04e7fffff
260739405002001,100,20,12,12037123,170025,CMS Internet,70,1,X,MI,88274c04e7fffff
260739405002002,100,20,9,12037123,170025,CMS Internet,70,1,X,MI,88274c04e7fffff
260739405002002,200,200,1,12037123,170025,CMS Internet,70,1,X,MI,88274c04e7fffff
260739405002003,100,20,5,12037123,170025,CMS Internet,70,1,X,MI,88274c05dbfffff
260739405002003,200,200,1,12037123,170025,CMS Internet,70,1,X,MI,88274c05dbfffff
260739405002004,100,20,4,12037123,170025,CMS Internet,70,1,X,MI,88274c05dbfffff
260739405002005,100,20,5,12037123,170025,CMS Internet,70,1,X,MI,88274c05dbfffff
260739405002005,200,200,1,12037123,170025,CMS Internet,70,1,X,MI,88274c05dbfffff
260739405002006,100,20,7,12037123,170025,CMS Internet,70,1,X,MI,88274c05dbfffff
260739405002006,200,200,1,12037123,170025,CMS Internet,70,1,X,MI,88274c05dbfffff
260739405002007,100,20,10,12037123,170025,CMS Internet,70,1,X,MI,88274c05dbfffff
260739405002007,200,200,2,12037123,170025,CMS Internet,70,1,X,MI,88274c05dbfffff
260739405002008,100,20,1,12037123,170025,CMS Internet,70,1,X,MI,88274c05dbfffff
260739405002008,200,200,12,12037123,170025,CMS Internet,70,1,X,MI,88274c05dbfffff
260739405002009,100,20,4,12037123,170025,CMS Internet,70,1,X,MI,88274c05dbfffff
260739405002009,200,200,3,12037123,170025,CMS Internet,70,1,X,MI,88274c05dbfffff
260739405002010,100,20,3,12037123,170025,CMS Internet,70,1,X,MI,88274c05dbfffff
260739405002011,100,20,3,12037123,170025,CMS Internet,70,1,X,MI,88274c05dbfffff
260739405002011,200,200,1,12037123,170025,CMS Internet,70,1,X,MI,88274c05dbfffff
260739405002012,100,20,1,12037123,170025,CMS Internet,70,1,X,MI,88274c05dbfffff
260739405002012,200,200,1,12037123,170025,CMS Internet,70,1,X,MI,88274c05dbfffff
260739405002014,100,20,1,12037123,170025,CMS Internet,70,1,X,MI,88274c05dbfffff
260739405002014,200,200,4,12037123,170025,CMS Internet,70,1,X,MI,88274c05dbfffff
260739405002015,100,20,6,12037123,170025,CMS Internet,70,1,X,MI,88274c04adfffff
260739405002016,100,20,4,12037123,170025,CMS Internet,70,1,X,MI,88274c04e7fffff
260739405002017,100,20,4,12037123,170025,CMS Internet,70,1,X,MI,88274c04e7fffff
260739405002018,100,20,4,12037123,170025,CMS Internet,70,1,X,MI,88274c04e7fffff
260739405002019,100,20,15,12037123,170025,CMS Internet,70,1,X,MI,88274c04adfffff
260739405002020,100,20,13,12037123,170025,CMS Internet,70,1,X,MI,88274c04adfffff
260739405002021,100,20,9,12037123,170025,CMS Internet,70,1,X,MI,88274c04adfffff
260739405002022,100,20,3,12037123,170025,CMS Internet,70,1,X,MI,88274c05dbfffff
260739405002022,200,200,2,12037123,170025,CMS Internet,70,1,X,MI,88274c05dbfffff
260739405002023,100,20,2,12037123,170025,CMS Internet,70,1,X,MI,88274c05dbfffff
260739405002023,200,200,1,12037123,170025,CMS Internet,70,1,X,MI,88274c05dbfffff
260739405002024,100,20,1,12037123,170025,CMS Internet,70,1,X,MI,88274c04adfffff
260739405002024,200,200,1,12037123,170025,CMS Internet,70,1,X,MI,88274c05dbfffff
260739405002025,100,20,3,12037123,170025,CMS Internet,70,1,X,MI,88274c04adfffff
260739405002026,100,20,1,12037123,170025,CMS Internet,70,1,X,MI,88274c05dbfffff
260739405002027,100,20,7,12037123,170025,CMS Internet,70,1,X,MI,88274c05dbfffff
260739405002027,200,200,5,12037123,170025,CMS Internet,70,1,X,MI,88274c05dbfffff
260739405002028,100,20,5,12037123,170025,CMS Internet,70,1,X,MI,88274c05dbfffff
260739405002028,200,200,2,12037123,170025,CMS Internet,70,1,X,MI,88274c05dbfffff
260739405002029,100,20,15,12037123,170025,CMS Internet,70,1,X,MI,88274c05dbfffff
260739405002030,100,20,7,12037123,170025,CMS Internet,70,1,X,MI,88274c05d3fffff
260739405002031,100,20,5,12037123,170025,CMS Internet,70,1,X,MI,88274c04adfffff
260739405002032,100,20,6,12037123,170025,CMS Internet,70,1,X,MI,88274c04adfffff
260739405002033,100,20,13,12037123,170025,CMS Internet,70,1,X,MI,88274c04adfffff
260739405002033,200,200,1,12037123,170025,CMS Internet,70,1,X,MI,88274c04adfffff
260739405002034,100,20,8,12037123,170025,CMS Internet,70,1,X,MI,88274c04adfffff
260739405002035,100,20,11,12037123,170025,CMS Internet,70,1,X,MI,88274c04adfffff
260739405002035,200,200,2,12037123,170025,CMS Internet,70,1,X,MI,88274c04adfffff
260739405002036,100,20,8,12037123,170025,CMS Internet,70,1,X,MI,88274c04adfffff
260739405002037,100,20,9,12037123,170025,CMS Internet,70,1,X,MI,88274c04adfffff
260739405002038,100,20,11,12037123,170025,CMS Internet,70,1,X,MI,88274c05d3fffff
260739405002039,100,20,3,12037123,170025,CMS Internet,70,1,X,MI,88274c04adfffff
260739405002043,100,20,1,12037123,170025,CMS Internet,70,1,X,MI,88274c04adfffff
260739405002046,100,20,1,12037123,170025,CMS Internet,70,1,X,MI,88274c04adfffff
260739405002047,100,20,2,12037123,170025,CMS Internet,70,1,X,MI,88274c04adfffff
260739405002048,100,20,4,12037123,170025,CMS Internet,70,1,X,MI,88274c04adfffff
260739405002049,100,20,10,12037123,170025,CMS Internet,70,1,X,MI,88274c04adfffff
260739405002050,100,20,8,12037123,170025,CMS Internet,70,1,X,MI,88274c04adfffff
260739405002051,100,20,5,12037123,170025,CMS Internet,70,1,X,MI,88274c04e7fffff
260739405002052,100,20,2,12037123,170025,CMS Internet,70,1,X,MI,88274c04e7fffff
260739405002053,100,20,6,12037123,170025,CMS Internet,70,1,X,MI,88274c04adfffff
260739405002054,100,20,4,12037123,170025,CMS Internet,70,1,X,MI,88274c04adfffff
260739405002056,100,20,5,12037123,170025,CMS Internet,70,1,X,MI,88274c04adfffff
260739405002063,100,20,2,12037123,170025,CMS Internet,70,1,X,MI,88274c04adfffff
260739405002066,100,20,6,12037123,170025,CMS Internet,70,1,X,MI,88274c04adfffff
260739406001007,100,20,1,12037123,170025,CMS Internet,70,1,X,MI,88274c0e37fffff
260739406001014,100,20,1,12037123,170025,CMS Internet,70,1,X,MI,88274c0ed3fffff
260739406001019,100,20,2,12037123,170025,CMS Internet,70,1,X,MI,88274c0c5bfffff
260739406001020,100,20,6,12037123,170025,CMS Internet,70,1,X,MI,88274c0c59fffff
260739406001027,100,20,4,12037123,170025,CMS Internet,70,1,X,MI,88274c0ea9fffff
260739406001031,100,20,4,12037123,170025,CMS Internet,70,1,X,MI,88274c0c5bfffff
260739406001032,100,20,2,12037123,170025,CMS Internet,70,1,X,MI,88274c0c53fffff
260739406001034,100,20,5,12037123,170025,CMS Internet,70,1,X,MI,88274c0c55fffff
260739406001036,100,20,5,12037123,170025,CMS Internet,70,1,X,MI,88274c0ebdfffff
260739406001038,100,20,2,12037123,170025,CMS Internet,70,1,X,MI,88274c0e81fffff
260739406001041,100,20,14,12037123,170025,CMS Internet,70,1,X,MI,88274c0ebdfffff
260739406001045,100,20,11,12037123,170025,CMS Internet,70,1,X,MI,88274c0ccdfffff
260739406001046,100,20,9,12037123,170025,CMS Internet,70,1,X,MI,88274c0ea3fffff
260739406001049,100,20,1,12037123,170025,CMS Internet,70,1,X,MI,88274c0ccdfffff
260739406001051,100,20,3,12037123,170025,CMS Internet,70,1,X,MI,88274c0cc7fffff
260739406001052,100,20,1,12037123,170025,CMS Internet,70,1,X,MI,88274c0cc7fffff
260739406001056,100,20,1,12037123,170025,CMS Internet,70,1,X,MI,88274c0c95fffff
260739406001061,100,20,1,12037123,170025,CMS Internet,70,1,X,MI,88274c0cddfffff
260739406001062,100,20,1,12037123,170025,CMS Internet,70,1,X,MI,88274c0cd9fffff
260739406001064,100,20,3,12037123,170025,CMS Internet,70,1,X,MI,88274c0cb9fffff
260739406001066,100,20,1,12037123,170025,CMS Internet,70,1,X,MI,88274c3b21fffff
260739406002008,100,20,1,12037123,170025,CMS Internet,70,1,X,MI,88274c05c1fffff
260739406002014,100,20,1,12037123,170025,CMS Internet,70,1,X,MI,88274c05d5fffff
260739406002016,100,20,2,12037123,170025,CMS Internet,70,1,X,MI,88274c05d5fffff
260739406002020,100,20,12,12037123,170025,CMS Internet,70,1,X,MI,88274c05d5fffff
260739406002024,100,20,3,12037123,170025,CMS Internet,70,1,X,MI,88274c05d5fffff
260739406003001,100,20,3,12037123,170025,CMS Internet,70,1,X,MI,88274c05a5fffff
260739406003003,100,20,1,12037123,170025,CMS Internet,70,1,X,MI,88274c0e9dfffff
260739406003004,100,20,1,12037123,170025,CMS Internet,70,1,X,MI,88274c0e9dfffff
260739406003008,100,20,3,12037123,170025,CMS Internet,70,1,X,MI,88274c0e87fffff
260739406003008,200,200,1,12037123,170025,CMS Internet,70,1,X,MI,88274c0e87fffff
260739406003009,100,20,1,12037123,170025,CMS Internet,70,1,X,MI,88274c0e95fffff
260739406003010,100,20,3,12037123,170025,CMS Internet,70,1,X,MI,88274c0ebbfffff
260739406003016,100,20,3,12037123,170025,CMS Internet,70,1,X,MI,88274c05a7fffff
260739406003022,100,20,1,12037123,170025,CMS Internet,70,1,X,MI,88274c3b61fffff
260739406003023,100,20,1,12037123,170025,CMS Internet,70,1,X,MI,88274c3b43fffff
260739406003031,100,20,2,12037123,170025,CMS Internet,70,1,X,MI,88274c3b5dfffff
260739406003032,100,20,3,12037123,170025,CMS Internet,70,1,X,MI,88274c3b6bfffff
260739406003050,100,20,1,12037123,170025,CMS Internet,70,1,X,MI,88274c0ebbfffff
260739406003051,100,20,1,12037123,170025,CMS Internet,70,1,X,MI,88274c0eb3fffff
260739406003059,100,20,3,12037123,170025,CMS Internet,70,1,X,MI,88274c3b0dfffff
260739406003060,100,20,5,12037123,170025,CMS Internet,70,1,X,MI,88274c3b09fffff
260739406003063,100,20,3,12037123,170025,CMS Internet,70,1,X,MI,88274c3b01fffff
260739406003064,100,20,1,12037123,170025,CMS Internet,70,1,X,MI,88274c3b01fffff
260739406003067,100,20,3,12037123,170025,CMS Internet,70,1,X,MI,88274c3b21fffff
260739406003071,100,20,2,12037123,170025,CMS Internet,70,1,X,MI,88274c3b2bfffff
260810101012035,100,20,2,12037123,170025,CMS Internet,70,1,X,MI,88274c6dc1fffff
260810101013010,100,20,1,12037123,170025,CMS Internet,70,1,X,MI,882748d297fffff
260810108022007,100,20,1,12037123,170025,CMS Internet,70,1,X,MI,8827489921fffff
261079601001001,100,20,3,12037123,170025,CMS Internet,70,1,X,MI,88274c0843fffff
261079601001002,100,20,1,12037123,170025,CMS Internet,70,1,X,MI,88274c086bfffff
261079601001002,200,200,1,12037123,170025,CMS Internet,70,1,X,MI,88274c0847fffff
261079601001003,100,20,10,12037123,170025,CMS Internet,70,1,X,MI,88274c080dfffff
261079601001003,200,200,3,12037123,170025,CMS Internet,70,1,X,MI,88274c080dfffff
261079601001005,100,20,4,12037123,170025,CMS Internet,70,1,X,MI,88274c080dfffff
261079601001007,100,20,18,12037123,170025,CMS Internet,70,1,X,MI,88274c080dfffff
261079601001007,200,200,1,12037123,170025,CMS Internet,70,1,X,MI,88274c0863fffff
261079601001008,100,20,5,12037123,170025,CMS Internet,70,1,X,MI,88274c080dfffff
261079601001009,100,20,7,12037123,170025,CMS Internet,70,1,X,MI,88274c080dfffff
261079601001010,100,20,8,12037123,170025,CMS Internet,70,1,X,MI,88274c0863fffff
261079601001011,100,20,6,12037123,170025,CMS Internet,70,1,X,MI,88274c0863fffff
261079601001011,200,200,1,12037123,170025,CMS Internet,70,1,X,MI,88274c0863fffff
261079601001012,100,20,16,12037123,170025,CMS Internet,70,1,X,MI,88274c086bfffff
261079601001012,200,200,10,12037123,170025,CMS Internet,70,1,X,MI,88274c0863fffff
261079601001013,100,20,3,12037123,170025,CMS Internet,70,1,X,MI,88274c0863fffff
261079601001013,200,200,3,12037123,170025,CMS Internet,70,1,X,MI,88274c0863fffff
261079601001014,100,20,6,12037123,170025,CMS Internet,70,1,X,MI,88274c0863fffff
261079601001014,200,200,1,12037123,170025,CMS Internet,70,1,X,MI,88274c0863fffff
261079601001015,100,20,2,12037123,170025,CMS Internet,70,1,X,MI,88274c0863fffff
261079601001015,200,200,2,12037123,170025,CMS Internet,70,1,X,MI,88274c0863fffff
261079601001016,200,200,5,12037123,170025,CMS Internet,70,1,X,MI,88274c0863fffff
261079601001017,100,20,3,12037123,170025,CMS Internet,70,1,X,MI,88274c0863fffff
261079601001017,200,200,5,12037123,170025,CMS Internet,70,1,X,MI,88274c0863fffff
261079601001018,100,20,3,12037123,170025,CMS Internet,70,1,X,MI,88274c0863fffff
261079601001018,200,200,4,12037123,170025,CMS Internet,70,1,X,MI,88274c0863fffff
261079601001019,100,20,2,12037123,170025,CMS Internet,70,1,X,MI,88274c0863fffff
261079601001019,200,200,5,12037123,170025,CMS Internet,70,1,X,MI,88274c0863fffff
261079601001026,100,20,1,12037123,170025,CMS Internet,70,1,X,MI,88274c0851fffff
261079601001032,100,20,1,12037123,170025,CMS Internet,70,1,X,MI,88274c0805fffff
261079601001032,200,200,1,12037123,170025,CMS Internet,70,1,X,MI,88274c0863fffff
261079601001036,100,20,3,12037123,170025,CMS Internet,70,1,X,MI,88274c0805fffff
261079601001039,100,20,2,12037123,170025,CMS Internet,70,1,X,MI,88274c0815fffff
261079601001043,100,20,1,12037123,170025,CMS Internet,70,1,X,MI,88274c083dfffff
261079601001043,200,200,1,12037123,170025,CMS Internet,70,1,X,MI,88274c083dfffff
261079601001044,100,20,1,12037123,170025,CMS Internet,70,1,X,MI,88274c0837fffff
261079601001045,100,20,4,12037123,170025,CMS Internet,70,1,X,MI,88274c09d9fffff
261079601001048,100,20,1,12037123,170025,CMS Internet,70,1,X,MI,88274c08c5fffff
261079601001053,100,20,3,12037123,170025,CMS Internet,70,1,X,MI,88274c724bfffff
261079601001053,200,200,5,12037123,170025,CMS Internet,70,1,X,MI,88274c724dfffff
261079601001056,100,20,1,12037123,170025,CMS Internet,70,1,X,MI,88274c088dfffff
261079601001060,100,20,1,12037123,170025,CMS Internet,70,1,X,MI,88274c0d61fffff
261079601001061,100,20,7,12037123,170025,CMS Internet,70,1,X,MI,88274c7241fffff
261079601001062,100,20,3,12037123,170025,CMS Internet,70,1,X,MI,88274c0d67fffff
261079601001062,200,200,2,12037123,170025,CMS Internet,70,1,X,MI,88274c0d21fffff
261079601001063,100,20,2,12037123,170025,CMS Internet,70,1,X,MI,88274c0d25fffff
261079601001063,200,200,2,12037123,170025,CMS Internet,70,1,X,MI,88274c721bfffff
261079601001064,100,20,2,12037123,170025,CMS Internet,70,1,X,MI,88274c7255fffff
261079601001066,100,20,51,12037123,170025,CMS Internet,70,1,X,MI,88274c72ebfffff
261079601001066,200,200,15,12037123,170025,CMS Internet,70,1,X,MI,88274c72ebfffff
261079601001067,100,20,3,12037123,170025,CMS Internet,70,1,X,MI,88274c72e7fffff
261079601001068,100,20,4,12037123,170025,CMS Internet,70,1,X,MI,88274c72e7fffff
261079601001069,100,20,3,12037123,170025,CMS Internet,70,1,X,MI,88274c72e7fffff
261079601001071,100,20,1,12037123,170025,CMS Internet,70,1,X,MI,88274c7211fffff
261079601001072,100,20,5,12037123,170025,CMS Internet,70,1,X,MI,88274c7217fffff
261079601001073,100,20,3,12037123,170025,CMS Internet,70,1,X,MI,88274c72c3fffff
261079601001073,200,200,3,12037123,170025,CMS Internet,70,1,X,MI,88274c72c3fffff
261079601001074,100,20,3,12037123,170025,CMS Internet,70,1,X,MI,88274c0d27fffff
261079601001074,200,200,2,12037123,170025,CMS Internet,70,1,X,MI,88274c0d21fffff
261079601002004,100,20,1,12037123,170025,CMS Internet,70,1,X,MI,88274c0b1dfffff
261079601002019,100,20,2,12037123,170025,CMS Internet,70,1,X,MI,88274c0b27fffff
261079601002022,100,20,1,12037123,170025,CMS Internet,70,1,X,MI,88274c0b15fffff
261079601002024,100,20,6,12037123,170025,CMS Internet,70,1,X,MI,88274c0949fffff
261079601002025,100,20,9,12037123,170025,CMS Internet,70,1,X,MI,88274c0b23fffff
261079601002026,100,20,4,12037123,170025,CMS Internet,70,1,X,MI,88274c094dfffff
261079601002031,100,20,3,12037123,170025,CMS Internet,70,1,X,MI,88274c0941fffff
261079601002034,100,20,1,12037123,170025,CMS Internet,70,1,X,MI,88274c0941fffff
261079601002036,100,20,8,12037123,170025,CMS Internet,70,1,X,MI,88274c0955fffff
261079601002037,100,20,9,12037123,170025,CMS Internet,70,1,X,MI,88274c0959fffff
261079601002038,100,20,15,12037123,170025,CMS Internet,70,1,X,MI,88274c0b11fffff
261079601002038,200,200,4,12037123,170025,CMS Internet,70,1,X,MI,88274c0b17fffff
261079601002039,100,20,1,12037123,170025,CMS Internet,70,1,X,MI,88274c0b11fffff
261079601002041,100,20,2,12037123,170025,CMS Internet,70,1,X,MI,88274c0b1dfffff
261079601002042,100,20,6,12037123,170025,CMS Internet,70,1,X,MI,88274c0b19fffff
261079601002042,200,200,3,12037123,170025,CMS Internet,70,1,X,MI,88274c0b19fffff
261079601002046,100,20,2,12037123,170025,CMS Internet,70,1,X,MI,88274c0b11fffff
261079601002048,100,20,1,12037123,170025,CMS Internet,70,1,X,MI,88274c084dfffff
261079601002050,100,20,1,12037123,170025,CMS Internet,70,1,X,MI,88274c0a2bfffff
261079601002050,200,200,1,12037123,170025,CMS Internet,70,1,X,MI,88274c0a23fffff
261079601002053,100,20,1,12037123,170025,CMS Internet,70,1,X,MI,88274c0a63fffff
261079601002059,100,20,2,12037123,170025,CMS Internet,70,1,X,MI,88274c0869fffff
261079601002060,100,20,8,12037123,170025,CMS Internet,70,1,X,MI,88274c086bfffff
261079601002060,200,200,5,12037123,170025,CMS Internet,70,1,X,MI,88274c086bfffff
261079601002061,100,20,1,12037123,170025,CMS Internet,70,1,X,MI,88274c084bfffff
261079601002062,100,20,1,12037123,170025,CMS Internet,70,1,X,MI,88274c0a27fffff
261079601002065,100,20,5,12037123,170025,CMS Internet,70,1,X,MI,88274c084bfffff
261079601002067,100,20,6,12037123,170025,CMS Internet,70,1,X,MI,88274c0959fffff
261079601002068,100,20,4,12037123,170025,CMS Internet,70,1,X,MI,88274c0861fffff
261079601002068,200,200,1,12037123,170025,CMS Internet,70,1,X,MI,88274c0861fffff
261079601002069,100,20,6,12037123,170025,CMS Internet,70,1,X,MI,88274c0869fffff
261079601002070,100,20,8,12037123,170025,CMS Internet,70,1,X,MI,88274c0861fffff
261079601002070,200,200,4,12037123,170025,CMS Internet,70,1,X,MI,88274c0863fffff
261079601002071,100,20,6,12037123,170025,CMS Internet,70,1,X,MI,88274c0863fffff
261079601002071,200,200,9,12037123,170025,CMS Internet,70,1,X,MI,88274c0863fffff
261079601002073,100,20,10,12037123,170025,CMS Internet,70,1,X,MI,88274c0861fffff
261079601002073,200,200,6,12037123,170025,CMS Internet,70,1,X,MI,88274c0863fffff
261079601002074,100,20,1,12037123,170025,CMS Internet,70,1,X,MI,88274c0861fffff
261079601002074,200,200,1,12037123,170025,CMS Internet,70,1,X,MI,88274c0867fffff
261079601002076,100,20,2,12037123,170025,CMS Internet,70,1,X,MI,88274c0829fffff
261079601002077,100,20,1,12037123,170025,CMS Internet,70,1,X,MI,88274c0829fffff
261079601002077,200,200,2,12037123,170025,CMS Internet,70,1,X,MI,88274c0829fffff
261079601002079,100,20,4,12037123,170025,CMS Internet,70,1,X,MI,88274c0863fffff
261079601002080,100,20,5,12037123,170025,CMS Internet,70,1,X,MI,88274c082bfffff
261079601002080,200,200,4,12037123,170025,CMS Internet,70,1,X,MI,88274c082bfffff
261079601002091,100,20,3,12037123,170025,CMS Internet,70,1,X,MI,88274c0861fffff
261079602001000,100,20,3,12037123,170025,CMS Internet,70,1,X,MI,88274c0823fffff
261079602001003,100,20,2,12037123,170025,CMS Internet,70,1,X,MI,88274c09d9fffff
261079602001007,100,20,1,12037123,170025,CMS Internet,70,1,X,MI,88274c7347fffff
261079602001021,100,20,3,12037123,170025,CMS Internet,70,1,X,MI,88274c7269fffff
261079602001021,200,200,3,12037123,170025,CMS Internet,70,1,X,MI,88274c7269fffff
261079602001023,100,20,35,12037123,170025,CMS Internet,70,1,X,MI,88274c724dfffff
261079602001023,200,200,9,12037123,170025,CMS Internet,70,1,X,MI,88274c7245fffff
261079602001027,100,20,1,12037123,170025,CMS Internet,70,1,X,MI,88274c7261fffff
261079602001028,100,20,3,12037123,170025,CMS Internet,70,1,X,MI,88274c7359fffff
261079602001029,100,20,3,12037123,170025,CMS Internet,70,1,X,MI,88274c7263fffff
261079602001029,200,200,1,12037123,170025,CMS Internet,70,1,X,MI,88274c7261fffff
261079602001030,100,20,6,12037123,170025,CMS Internet,70,1,X,MI,88274c726bfffff
261079602001030,200,200,8,12037123,170025,CMS Internet,70,1,X,MI,88274c7263fffff
261079602001031,100,20,1,12037123,170025,CMS Internet,70,1,X,MI,88274c7247fffff
261079602001032,100,20,5,12037123,170025,CMS Internet,70,1,X,MI,88274c7225fffff
261079602001033,100,20,1,12037123,170025,CMS Internet,70,1,X,MI,88274c7223fffff
261079602001036,100,20,25,12037123,170025,CMS Internet,70,1,X,MI,88274c72edfffff
261079602001036,200,200,5,12037123,170025,CMS Internet,70,1,X,MI,88274c72e7fffff
261079602001037,100,20,3,12037123,170025,CMS Internet,70,1,X,MI,88274c7041fffff
261079602001039,100,20,10,12037123,170025,CMS Internet,70,1,X,MI,88274c7051fffff
261079602001040,100,20,1,12037123,170025,CMS Internet,70,1,X,MI,88274c704bfffff
261079602001041,100,20,4,12037123,170025,CMS Internet,70,1,X,MI,88274c7055fffff
261079602001042,100,20,4,12037123,170025,CMS Internet,70,1,X,MI,88274c72e7fffff
261079602001043,100,20,5,12037123,170025,CMS Internet,70,1,X,MI,88274c72e7fffff
261079602001043,200,200,13,12037123,170025,CMS Internet,70,1,X,MI,88274c72e7fffff
261079602002004,100,20,1,12037123,170025,CMS Internet,70,1,X,MI,88274c461bfffff
261079602002012,100,20,1,12037123,170025,CMS Internet,70,1,X,MI,88274c0913fffff
261079602003002,100,20,1,12037123,170025,CMS Internet,70,1,X,MI,88274c468dfffff
261079602003021,100,20,1,12037123,170025,CMS Internet,70,1,X,MI,88274c44c7fffff
261079603002035,100,20,1,12037123,170025,CMS Internet,70,1,X,MI,88274c46cdfffff
261079609001005,100,20,4,12037123,170025,CMS Internet,70,1,X,MI,88274c7301fffff
261079609001009,100,20,1,12037123,170025,CMS Internet,70,1,X,MI,88274c704dfffff
261079609001010,100,20,6,12037123,170025,CMS Internet,70,1,X,MI,88274c704dfffff
261079609001011,100,20,4,12037123,170025,CMS Internet,70,1,X,MI,88274c731bfffff
261079609001012,100,20,4,12037123,170025,CMS Internet,70,1,X,MI,88274c733bfffff
261079609001013,100,20,12,12037123,170025,CMS Internet,70,1,X,MI,88274c7331fffff
261079609001016,100,20,1,12037123,170025,CMS Internet,70,1,X,MI,88274c7331fffff
261079609001020,100,20,2,12037123,170025,CMS Internet,70,1,X,MI,88274c7317fffff
261079609001021,100,20,3,12037123,170025,CMS Internet,70,1,X,MI,88274c7317fffff
261079609001022,100,20,7,12037123,170025,CMS Internet,70,1,X,MI,88274c7317fffff
261079609001023,100,20,11,12037123,170025,CMS Internet,70,1,X,MI,88274c733bfffff
261079609001024,100,20,3,12037123,170025,CMS Internet,70,1,X,MI,88274c733bfffff
261079609001025,100,20,7,12037123,170025,CMS Internet,70,1,X,MI,88274c733bfffff
261079609001026,100,20,8,12037123,170025,CMS Internet,70,1,X,MI,88274c706dfffff
261079609001027,100,20,11,12037123,170025,CMS Internet,70,1,X,MI,88274c7331fffff
261079609001028,100,20,1,12037123,170025,CMS Internet,70,1,X,MI,88274c7331fffff
261079609001029,100,20,1,12037123,170025,CMS Internet,70,1,X,MI,88274c7337fffff
261079609001030,100,20,1,12037123,170025,CMS Internet,70,1,X,MI,88274c7159fffff
261079609001031,100,20,5,12037123,170025,CMS Internet,70,1,X,MI,88274c706dfffff
261079609001032,100,20,8,12037123,170025,CMS Internet,70,1,X,MI,88274c7333fffff
261079609001033,100,20,19,12037123,170025,CMS Internet,70,1,X,MI,88274c7333fffff
261079609001034,100,20,5,12037123,170025,CMS Internet,70,1,X,MI,88274c733bfffff
261079609001035,100,20,10,12037123,170025,CMS Internet,70,1,X,MI,88274c733bfffff
261079609001036,100,20,3,12037123,170025,CMS Internet,70,1,X,MI,88274c706dfffff
261079609001037,100,20,17,12037123,170025,CMS Internet,70,1,X,MI,88274c706dfffff
261079609001038,100,20,30,12037123,170025,CMS Internet,70,1,X,MI,88274c706dfffff
261079609001039,100,20,2,12037123,170025,CMS Internet,70,1,X,MI,88274c706dfffff
261079609001040,100,20,5,12037123,170025,CMS Internet,70,1,X,MI,88274c706dfffff
261079609001041,100,20,6,12037123,170025,CMS Internet,70,1,X,MI,88274c706dfffff
261079609001042,100,20,3,12037123,170025,CMS Internet,70,1,X,MI,88274c706dfffff
261079609001043,100,20,3,12037123,170025,CMS Internet,70,1,X,MI,88274c706dfffff
261079609001044,100,20,7,12037123,170025,CMS Internet,70,1,X,MI,88274c7069fffff
261079609001045,100,20,2,12037123,170025,CMS Internet,70,1,X,MI,88274c706dfffff
261079609001046,100,20,1,12037123,170025,CMS Internet,70,1,X,MI,88274c7069fffff
261079609001047,100,20,3,12037123,170025,CMS Internet,70,1,X,MI,88274c706dfffff
261079609001048,100,20,3,12037123,170025,CMS Internet,70,1,X,MI,88274c7069fffff
261079609001049,100,20,7,12037123,170025,CMS Internet,70,1,X,MI,88274c7045fffff
261079609001050,100,20,6,12037123,170025,CMS Internet,70,1,X,MI,88274c7045fffff
261079609001051,100,20,16,12037123,170025,CMS Internet,70,1,X,MI,88274c7005fffff
261079609001052,100,20,10,12037123,170025,CMS Internet,70,1,X,MI,88274c7029fffff
261079609001053,100,20,5,12037123,170025,CMS Internet,70,1,X,MI,88274c706dfffff
261079609001054,100,20,3,12037123,170025,CMS Internet,70,1,X,MI,88274c706dfffff
261079609001055,100,20,2,12037123,170025,CMS Internet,70,1,X,MI,88274c7333fffff
261079609001056,100,20,4,12037123,170025,CMS Internet,70,1,X,MI,88274c706dfffff
261079609002000,100,20,1,12037123,170025,CMS Internet,70,1,X,MI,88274c449bfffff
261079609002007,100,20,1,12037123,170025,CMS Internet,70,1,X,MI,88274c7149fffff
261079609003048,100,20,1,12037123,170025,CMS Internet,70,1,X,MI,88274c712dfffff
261079610011000,100,20,1,12037123,170025,CMS Internet,70,1,X,MI,88274c72d7fffff
261079610011000,200,200,1,12037123,170025,CMS Internet,70,1,X,MI,88274c728bfffff
261079610011001,100,20,6,12037123,170025,CMS Internet,70,1,X,MI,88274c7281fffff
261079610011001,200,200,2,12037123,170025,CMS Internet,70,1,X,MI,88274c7289fffff
261079610011002,100,20,15,12037123,170025,CMS Internet,70,1,X,MI,88274c72e3fffff
261079610011002,200,200,2,12037123,170025,CMS Internet,70,1,X,MI,88274c72e3fffff
261079610011003,100,20,8,12037123,170025,CMS Internet,70,1,X,MI,88274c72e7fffff
261079610011004,100,20,11,12037123,170025,CMS Internet,70,1,X,MI,88274c72e7fffff
261079610011004,200,200,4,12037123,170025,CMS Internet,70,1,X,MI,88274c72e7fffff
261079610011005,100,20,8,12037123,170025,CMS Internet,70,1,X,MI,88274c72e7fffff
261079610011005,200,200,3,12037123,170025,CMS Internet,70,1,X,MI,88274c72e7fffff
261079610011006,100,20,6,12037123,170025,CMS Internet,70,1,X,MI,88274c72e7fffff
261079610011006,200,200,8,12037123,170025,CMS Internet,70,1,X,MI,88274c72e7fffff
261079610011007,100,20,8,12037123,170025,CMS Internet,70,1,X,MI,88274c72e7fffff
261079610011008,100,20,45,12037123,170025,CMS Internet,70,1,X,MI,88274c72e7fffff
261079610011008,200,200,1,12037123,170025,CMS Internet,70,1,X,MI,88274c72e7fffff
261079610011009,100,20,12,12037123,170025,CMS Internet,70,1,X,MI,88274c705bfffff
261079610011009,200,200,1,12037123,170025,CMS Internet,70,1,X,MI,88274c72adfffff
261079610011010,100,20,8,12037123,170025,CMS Internet,70,1,X,MI,88274c7015fffff
261079610011012,100,20,1,12037123,170025,CMS Internet,70,1,X,MI,88274c701bfffff
261079610011013,100,20,5,12037123,170025,CMS Internet,70,1,X,MI,88274c703bfffff
261079610011014,100,20,19,12037123,170025,CMS Internet,70,1,X,MI,88274c703bfffff
261079610011015,100,20,11,12037123,170025,CMS Internet,70,1,X,MI,88274c7021fffff
261079610011017,100,20,11,12037123,170025,CMS Internet,70,1,X,MI,88274c7029fffff
261079610011021,100,20,1,12037123,170025,CMS Internet,70,1,X,MI,88274c71c1fffff
261079610011023,100,20,5,12037123,170025,CMS Internet,70,1,X,MI,88274c71c9fffff
261079610011024,100,20,3,12037123,170025,CMS Internet,70,1,X,MI,88274c71cbfffff
261079610011025,100,20,3,12037123,170025,CMS Internet,70,1,X,MI,88274c71d1fffff
261079610011026,100,20,4,12037123,170025,CMS Internet,70,1,X,MI,88274c71c1fffff
261079610011034,100,20,1,12037123,170025,CMS Internet,70,1,X,MI,88274c71ebfffff
261079610011067,100,20,5,12037123,170025,CMS Internet,70,1,X,MI,88274c71d1fffff
261079610011068,100,20,13,12037123,170025,CMS Internet,70,1,X,MI,88274c71d1fffff
261079610011069,100,20,7,12037123,170025,CMS Internet,70,1,X,MI,88274c7033fffff
261079610011073,100,20,6,12037123,170025,CMS Internet,70,1,X,MI,88274c72b5fffff
261079610011073,200,200,2,12037123,170025,CMS Internet,70,1,X,MI,88274c72b9fffff
261079610011074,100,20,3,12037123,170025,CMS Internet,70,1,X,MI,88274c72bbfffff
261079610011074,200,200,3,12037123,170025,CMS Internet,70,1,X,MI,88274c7295fffff
261079610011075,100,20,5,12037123,170025,CMS Internet,70,1,X,MI,88274c7281fffff
261079610011075,200,200,2,12037123,170025,CMS Internet,70,1,X,MI,88274c729dfffff
261079610011076,100,20,5,12037123,170025,CMS Internet,70,1,X,MI,88274c72d3fffff
261079610012007,100,20,4,12037123,170025,CMS Internet,70,1,X,MI,88274c7135fffff
261079610012038,100,20,5,12037123,170025,CMS Internet,70,1,X,MI,88274c7137fffff
261079610012040,100,20,1,12037123,170025,CMS Internet,70,1,X,MI,88274c7addfffff
261079610012058,100,20,1,12037123,170025,CMS Internet,70,1,X,MI,88274c7ae3fffff
261079610012077,100,20,1,12037123,170025,CMS Internet,70,1,X,MI,88274c7ad7fffff
261079610012081,100,20,1,12037123,170025,CMS Internet,70,1,X,MI,88274c7a9dfffff
261079610021001,100,20,3,12037123,170025,CMS Internet,70,1,X,MI,88274c7191fffff
261079610021044,100,20,1,12037123,170025,CMS Internet,70,1,X,MI,88274c6327fffff
261079610021052,100,20,1,12037123,170025,CMS Internet,70,1,X,MI,88274c7897fffff
261079610021056,100,20,2,12037123,170025,CMS Internet,70,1,X,MI,88274c622dfffff
261079610021060,100,20,1,12037123,170025,CMS Internet,70,1,X,MI,88274c6241fffff
261079610021069,100,20,1,12037123,170025,CMS Internet,70,1,X,MI,88274c631bfffff
261079610021070,100,20,1,12037123,170025,CMS Internet,70,1,X,MI,88274c6223fffff
261079610021071,100,20,1,12037123,170025,CMS Internet,70,1,X,MI,88274c6201fffff
261079610021074,100,20,1,12037123,170025,CMS Internet,70,1,X,MI,88274c620bfffff
261079610021075,100,20,1,12037123,170025,CMS Internet,70,1,X,MI,88274c6235fffff
261079610021080,100,20,2,12037123,170025,CMS Internet,70,1,X,MI,88274c6049fffff
261079610021082,100,20,1,12037123,170025,CMS Internet,70,1,X,MI,88274c6047fffff
261079610021083,100,20,2,12037123,170025,CMS Internet,70,1,X,MI,88274c6233fffff
261079610021085,100,20,1,12037123,170025,CMS Internet,70,1,X,MI,88274c7897fffff
261079610022000,100,20,2,12037123,170025,CMS Internet,70,1,X,MI,88274c7293fffff
261079610022001,100,20,2,12037123,170025,CMS Internet,70,1,X,MI,88274c7297fffff
261079610022002,100,20,5,12037123,170025,CMS Internet,70,1,X,MI,88274c776dfffff
261079610022004,100,20,1,12037123,170025,CMS Internet,70,1,X,MI,88274c72b1fffff
261079610022005,100,20,9,12037123,170025,CMS Internet,70,1,X,MI,88274c7297fffff
261079610022005,200,200,1,12037123,170025,CMS Internet,70,1,X,MI,88274c72b1fffff
261079610022007,100,20,1,12037123,170025,CMS Internet,70,1,X,MI,88274c7769fffff
261079610022009,100,20,3,12037123,170025,CMS Internet,70,1,X,MI,88274c70d9fffff
261079610022013,100,20,1,12037123,170025,CMS Internet,70,1,X,MI,88274c70a9fffff
261079610022014,100,20,1,12037123,170025,CMS Internet,70,1,X,MI,88274c70abfffff
261079610022015,100,20,1,12037123,170025,CMS Internet,70,1,X,MI,88274c70a1fffff
261079610022018,100,20,1,12037123,170025,CMS Internet,70,1,X,MI,88274c70b3fffff
261079610022020,100,20,4,12037123,170025,CMS Internet,70,1,X,MI,88274c70bdfffff
261079610022022,100,20,10,12037123,170025,CMS Internet,70,1,X,MI,88274c7761fffff
261079610022022,200,200,1,12037123,170025,CMS Internet,70,1,X,MI,88274c70d9fffff
261079610022023,100,20,3,12037123,170025,CMS Internet,70,1,X,MI,88274c7769fffff
261079610022025,100,20,9,12037123,170025,CMS Internet,70,1,X,MI,88274c776bfffff
261079610022029,100,20,4,12037123,170025,CMS Internet,70,1,X,MI,88274c7761fffff
261079610022034,100,20,2,12037123,170025,CMS Internet,70,1,X,MI,88274c70d3fffff
261079610022037,100,20,2,12037123,170025,CMS Internet,70,1,X,MI,88274c620bfffff
261079610022039,100,20,1,12037123,170025,CMS Internet,70,1,X,MI,88274c7739fffff
261079610022040,100,20,4,12037123,170025,CMS Internet,70,1,X,MI,88274c746dfffff
261079610022041,100,20,1,12037123,170025,CMS Internet,70,1,X,MI,88274c7731fffff
261079610022048,100,20,2,12037123,170025,CMS Internet,70,1,X,MI,88274c7563fffff
261079610022049,100,20,1,12037123,170025,CMS Internet,70,1,X,MI,88274c752bfffff
261079610022050,100,20,2,12037123,170025,CMS Internet,70,1,X,MI,88274c756bfffff
261079610022050,200,200,2,12037123,170025,CMS Internet,70,1,X,MI,88274c7569fffff
261079610022051,100,20,7,12037123,170025,CMS Internet,70,1,X,MI,88274c70bbfffff
261079610022056,100,20,2,12037123,170025,CMS Internet,70,1,X,MI,88274c750dfffff
261079610022057,100,20,10,12037123,170025,CMS Internet,70,1,X,MI,88274c7547fffff
261079610022057,200,200,1,12037123,170025,CMS Internet,70,1,X,MI,88274c7503fffff
261079610022058,100,20,1,12037123,170025,CMS Internet,70,1,X,MI,88274c7551fffff
261079610022060,100,20,3,12037123,170025,CMS Internet,70,1,X,MI,88274c7467fffff
261079610022060,200,200,1,12037123,170025,CMS Internet,70,1,X,MI,88274c7559fffff
261079610022061,100,20,1,12037123,170025,CMS Internet,70,1,X,MI,88274c7467fffff
261079610022062,100,20,2,12037123,170025,CMS Internet,70,1,X,MI,88274c7551fffff
261079610022063,100,20,4,12037123,170025,CMS Internet,70,1,X,MI,88274c7519fffff
261079610022064,100,20,3,12037123,170025,CMS Internet,70,1,X,MI,88274c7421fffff
261079610022067,100,20,3,12037123,170025,CMS Internet,70,1,X,MI,88274c752bfffff
261079610022067,200,200,6,12037123,170025,CMS Internet,70,1,X,MI,88274c7539fffff
261079610022069,100,20,1,12037123,170025,CMS Internet,70,1,X,MI,88274c7523fffff
261079610022070,200,200,1,12037123,170025,CMS Internet,70,1,X,MI,88274c7525fffff
261079610022075,100,20,5,12037123,170025,CMS Internet,70,1,X,MI,88274c7515fffff
261079610022076,100,20,3,12037123,170025,CMS Internet,70,1,X,MI,88274c751dfffff
261079610022078,100,20,4,12037123,170025,CMS Internet,70,1,X,MI,88274c7507fffff
261079610022078,200,200,1,12037123,170025,CMS Internet,70,1,X,MI,88274c7503fffff
261079610022080,100,20,3,12037123,170025,CMS Internet,70,1,X,MI,88274c7539fffff
261079610022080,200,200,3,12037123,170025,CMS Internet,70,1,X,MI,88274c7539fffff
261079610022081,100,20,3,12037123,170025,CMS Internet,70,1,X,MI,88274c7523fffff
261079610022085,100,20,1,12037123,170025,CMS Internet,70,1,X,MI,88274c7549fffff
261112913001024,100,20,1,12037123,170025,CMS Internet,70,1,X,MI,88274caeb1fffff
261112913001028,100,20,1,12037123,170025,CMS Internet,70,1,X,MI,88274caeb3fffff
261112913001030,100,20,3,12037123,170025,CMS Internet,70,1,X,MI,88274cacdbfffff
261112913001032,100,20,3,12037123,170025,CMS Internet,70,1,X,MI,88274ddb29fffff
261112913001034,100,20,1,12037123,170025,CMS Internet,70,1,X,MI,88274cac99fffff
261112913001036,100,20,1,12037123,170025,CMS Internet,70,1,X,MI,88274cac97fffff
261112913002016,100,20,2,12037123,170025,CMS Internet,70,1,X,MI,88274ca5a7fffff
261112913003009,100,20,7,12037123,170025,CMS Internet,70,1,X,MI,88274ca5a7fffff
261112913003010,100,20,6,12037123,170025,CMS Internet,70,1,X,MI,88274ddb6bfffff
261112913003019,100,20,6,12037123,170025,CMS Internet,70,1,X,MI,88274ddb01fffff
261112913003020,100,20,3,12037123,170025,CMS Internet,70,1,X,MI,88274ddb2bfffff
261112914001069,100,20,5,12037123,170025,CMS Internet,70,1,X,MI,88274c3049fffff
261112914001085,100,20,2,12037123,170025,CMS Internet,70,1,X,MI,88274c3049fffff
261112914002002,100,20,1,12037123,170025,CMS Internet,70,1,X,MI,88274cad23fffff
261112914002011,100,20,3,12037123,170025,CMS Internet,70,1,X,MI,88274c304bfffff
261112914002012,100,20,1,12037123,170025,CMS Internet,70,1,X,MI,88274c3049fffff
261112914002030,100,20,1,12037123,170025,CMS Internet,70,1,X,MI,88274c32b3fffff
261112914002033,100,20,1,12037123,170025,CMS Internet,70,1,X,MI,88274c3765fffff
261112914002041,100,20,3,12037123,170025,CMS Internet,70,1,X,MI,88274c3747fffff
261112914002055,100,20,1,12037123,170025,CMS Internet,70,1,X,MI,88274c3087fffff
261112914002056,100,20,2,12037123,170025,CMS Internet,70,1,X,MI,88274c30d5fffff
261112914002057,100,20,1,12037123,170025,CMS Internet,70,1,X,MI,88274c372dfffff
261112914002059,100,20,1,12037123,170025,CMS Internet,70,1,X,MI,88274c3747fffff
261112914002060,100,20,12,12037123,170025,CMS Internet,70,1,X,MI,88274c3747fffff
261112914003056,100,20,7,12037123,170025,CMS Internet,70,1,X,MI,88274c3741fffff
261112914003057,100,20,1,12037123,170025,CMS Internet,70,1,X,MI,88274c3747fffff
261112915001010,100,20,1,12037123,170025,CMS Internet,70,1,X,MI,88274ca8dbfffff
261112917001009,100,20,1,12037123,170025,CMS Internet,70,1,X,MI,88274cab35fffff
261112917001010,100,20,1,12037123,170025,CMS Internet,70,1,X,MI,88274cab31fffff
261112917001014,100,20,1,12037123,170025,CMS Internet,70,1,X,MI,88274ca865fffff
261112917002013,100,20,1,12037123,170025,CMS Internet,70,1,X,MI,88274c1695fffff
261112917002029,100,20,1,12037123,170025,CMS Internet,70,1,X,MI,88274cab61fffff
261112917002054,100,20,2,12037123,170025,CMS Internet,70,1,X,MI,88274cab67fffff
261179701001000,100,20,2,12037123,170025,CMS Internet,70,1,X,MI,88274c38adfffff
261179701001001,100,20,2,12037123,170025,CMS Internet,70,1,X,MI,88274c3991fffff
261179701001002,100,20,4,12037123,170025,CMS Internet,70,1,X,MI,88274c3995fffff
261179701001003,100,20,2,12037123,170025,CMS Internet,70,1,X,MI,88274c3993fffff
261179701001009,100,20,3,12037123,170025,CMS Internet,70,1,X,MI,88274c39b3fffff
261179701001014,100,20,17,12037123,170025,CMS Internet,70,1,X,MI,88274c2a29fffff
261179701001015,100,20,16,12037123,170025,CMS Internet,70,1,X,MI,88274c2b53fffff
261179701001016,100,20,4,12037123,170025,CMS Internet,70,1,X,MI,88274c2a67fffff
261179701001018,100,20,1,12037123,170025,CMS Internet,70,1,X,MI,88274c2a21fffff
261179701001022,100,20,9,12037123,170025,CMS Internet,70,1,X,MI,88274c2a25fffff
261179701001034,100,20,2,12037123,170025,CMS Internet,70,1,X,MI,88274c2ae5fffff
261179701001035,100,20,3,12037123,170025,CMS Internet,70,1,X,MI,88274c2841fffff
261179701001036,100,20,2,12037123,170025,CMS Internet,70,1,X,MI,88274c284bfffff
261179701001043,100,20,1,12037123,170025,CMS Internet,70,1,X,MI,88274c38a7fffff
261179701001044,100,20,1,12037123,170025,CMS Internet,70,1,X,MI,88274c2803fffff
261179701002004,100,20,6,12037123,170025,CMS Internet,70,1,X,MI,88274c39a1fffff
261179701002005,100,20,2,12037123,170025,CMS Internet,70,1,X,MI,88274c39a1fffff
261179701002006,100,20,1,12037123,170025,CMS Internet,70,1,X,MI,88274c2b45fffff
261179701002007,100,20,5,12037123,170025,CMS Internet,70,1,X,MI,88274c7697fffff
261179701002008,100,20,7,12037123,170025,CMS Internet,70,1,X,MI,88274c7697fffff
261179701002008,200,200,1,12037123,170025,CMS Internet,70,1,X,MI,88274c2b69fffff
261179701002009,100,20,5,12037123,170025,CMS Internet,70,1,X,MI,88274c2b0dfffff
261179701002009,200,200,1,12037123,170025,CMS Internet,70,1,X,MI,88274c2b69fffff
261179701002013,100,20,6,12037123,170025,CMS Internet,70,1,X,MI,88274c39b5fffff
261179701002014,100,20,3,12037123,170025,CMS Internet,70,1,X,MI,88274c2b49fffff
261179701002015,100,20,22,12037123,170025,CMS Internet,70,1,X,MI,88274c2b2bfffff
261179701002015,200,200,2,12037123,170025,CMS Internet,70,1,X,MI,88274c2b63fffff
261179701002016,100,20,1,12037123,170025,CMS Internet,70,1,X,MI,88274c2b07fffff
261179701002017,100,20,3,12037123,170025,CMS Internet,70,1,X,MI,88274c2b07fffff
261179701002018,100,20,1,12037123,170025,CMS Internet,70,1,X,MI,88274c2b07fffff
261179701002025,100,20,18,12037123,170025,CMS Internet,70,1,X,MI,88274c2b53fffff
261179701002027,100,20,1,12037123,170025,CMS Internet,70,1,X,MI,88274c39b7fffff
261179701002029,100,20,1,12037123,170025,CMS Internet,70,1,X,MI,88274c2b63fffff
261179701002030,100,20,13,12037123,170025,CMS Internet,70,1,X,MI,88274c2b57fffff
261179701002031,100,20,3,12037123,170025,CMS Internet,70,1,X,MI,88274c2b57fffff
261179701002034,100,20,2,12037123,170025,CMS Internet,70,1,X,MI,88274c2b1dfffff
261179701002036,100,20,1,12037123,170025,CMS Internet,70,1,X,MI,88274c2b03fffff
261179701002037,100,20,10,12037123,170025,CMS Internet,70,1,X,MI,88274c2b11fffff
261179701002038,100,20,1,12037123,170025,CMS Internet,70,1,X,MI,88274c2b35fffff
261179701002038,200,200,1,12037123,170025,CMS Internet,70,1,X,MI,88274c2b35fffff
261179701002040,100,20,5,12037123,170025,CMS Internet,70,1,X,MI,88274c2b2bfffff
261179701002041,100,20,4,12037123,170025,CMS Internet,70,1,X,MI,88274c2b35fffff
261179701002041,200,200,2,12037123,170025,CMS Internet,70,1,X,MI,88274c2b37fffff
261179701002042,100,20,2,12037123,170025,CMS Internet,70,1,X,MI,88274c2b37fffff
261179701002043,100,20,1,12037123,170025,CMS Internet,70,1,X,MI,88274c2b35fffff
261179701002044,100,20,6,12037123,170025,CMS Internet,70,1,X,MI,88274c2b23fffff
261179701002044,200,200,13,12037123,170025,CMS Internet,70,1,X,MI,88274c2b35fffff
261179701002046,200,200,1,12037123,170025,CMS Internet,70,1,X,MI,88274c2b27fffff
261179701002048,100,20,18,12037123,170025,CMS Internet,70,1,X,MI,88274c2b11fffff
261179701002049,100,20,4,12037123,170025,CMS Internet,70,1,X,MI,88274c2b19fffff
261179701002050,100,20,3,12037123,170025,CMS Internet,70,1,X,MI,88274c2a25fffff
261179701002051,100,20,3,12037123,170025,CMS Internet,70,1,X,MI,88274c2a25fffff
261179701002052,100,20,4,12037123,170025,CMS Internet,70,1,X,MI,88274c2a25fffff
261179701002053,100,20,3,12037123,170025,CMS Internet,70,1,X,MI,88274c2a25fffff
261179701002054,100,20,1,12037123,170025,CMS Internet,70,1,X,MI,88274c2b1bfffff
261179701002055,100,20,1,12037123,170025,CMS Internet,70,1,X,MI,88274c2b1bfffff
261179701002056,100,20,2,12037123,170025,CMS Internet,70,1,X,MI,88274c2b19fffff
261179701002058,100,20,2,12037123,170025,CMS Internet,70,1,X,MI,88274c2b11fffff
261179701002059,100,20,19,12037123,170025,CMS Internet,70,1,X,MI,88274c2b13fffff
261179701002060,100,20,12,12037123,170025,CMS Internet,70,1,X,MI,88274c2b1bfffff
261179701002061,100,20,5,12037123,170025,CMS Internet,70,1,X,MI,88274c2b1bfffff
261179701002062,100,20,1,12037123,170025,CMS Internet,70,1,X,MI,88274c2b1bfffff
261179701002063,100,20,3,12037123,170025,CMS Internet,70,1,X,MI,88274c2b19fffff
261179701002064,100,20,3,12037123,170025,CMS Internet,70,1,X,MI,88274c2b1bfffff
261179701002065,100,20,4,12037123,170025,CMS Internet,70,1,X,MI,88274c2b1bfffff
261179701002066,100,20,1,12037123,170025,CMS Internet,70,1,X,MI,88274c2b1bfffff
261179701002067,100,20,2,12037123,170025,CMS Internet,70,1,X,MI,88274c2b1bfffff
261179701002068,100,20,2,12037123,170025,CMS Internet,70,1,X,MI,88274c2b1bfffff
261179701002069,100,20,2,12037123,170025,CMS Internet,70,1,X,MI,88274c2a25fffff
261179701002070,100,20,1,12037123,170025,CMS Internet,70,1,X,MI,88274c2a25fffff
261179701002071,100,20,5,12037123,170025,CMS Internet,70,1,X,MI,88274c2a25fffff
261179701002072,100,20,2,12037123,170025,CMS Internet,70,1,X,MI,88274c2a25fffff
261179701002074,100,20,5,12037123,170025,CMS Internet,70,1,X,MI,88274c2b1bfffff
261179701002075,100,20,19,12037123,170025,CMS Internet,70,1,X,MI,88274c2b1bfffff
261179701002078,100,20,2,12037123,170025,CMS Internet,70,1,X,MI,88274c286bfffff
261179701002079,100,20,1,12037123,170025,CMS Internet,70,1,X,MI,88274c2865fffff
261179701002087,100,20,2,12037123,170025,CMS Internet,70,1,X,MI,88274c291bfffff
261179701002088,100,20,3,12037123,170025,CMS Internet,70,1,X,MI,88274c2803fffff
261179701003004,100,20,3,12037123,170025,CMS Internet,70,1,X,MI,88274c2815fffff
261179701003005,100,20,1,12037123,170025,CMS Internet,70,1,X,MI,88274c2807fffff
261179701003013,100,20,1,12037123,170025,CMS Internet,70,1,X,MI,88274c283bfffff
261179701003014,100,20,2,12037123,170025,CMS Internet,70,1,X,MI,88274c283bfffff
261179701003015,100,20,1,12037123,170025,CMS Internet,70,1,X,MI,88274c29dbfffff
261179701003022,100,20,2,12037123,170025,CMS Internet,70,1,X,MI,88274c2889fffff
261179701003023,100,20,1,12037123,170025,CMS Internet,70,1,X,MI,88274c28c1fffff
261179701003024,100,20,3,12037123,170025,CMS Internet,70,1,X,MI,88274c28c3fffff
261179701003027,100,20,2,12037123,170025,CMS Internet,70,1,X,MI,88274c28d5fffff
261179701003029,100,20,2,12037123,170025,CMS Internet,70,1,X,MI,88274c29d3fffff
261179701003034,100,20,4,12037123,170025,CMS Internet,70,1,X,MI,88274c2991fffff
261179701003035,100,20,10,12037123,170025,CMS Internet,70,1,X,MI,88274c2993fffff
261179701003035,200,200,1,12037123,170025,CMS Internet,70,1,X,MI,88274c299bfffff
261179701003036,100,20,3,12037123,170025,CMS Internet,70,1,X,MI,88274c28a7fffff
261179701003036,200,200,3,12037123,170025,CMS Internet,70,1,X,MI,88274c28a3fffff
261179701003040,100,20,4,12037123,170025,CMS Internet,70,1,X,MI,88274c288bfffff
261179701003041,100,20,2,12037123,170025,CMS Internet,70,1,X,MI,88274c29d3fffff
261179701003042,100,20,1,12037123,170025,CMS Internet,70,1,X,MI,88274c29bdfffff
261179701003043,200,200,6,12037123,170025,CMS Internet,70,1,X,MI,88274c28bdfffff
261179702001001,100,20,1,12037123,170025,CMS Internet,70,1,X,MI,88274c76a3fffff
261179702001001,200,200,2,12037123,170025,CMS Internet,70,1,X,MI,88274c76a1fffff
261179702001002,100,20,10,12037123,170025,CMS Internet,70,1,X,MI,88274c74cdfffff
261179702001003,100,20,2,12037123,170025,CMS Internet,70,1,X,MI,88274c7411fffff
261179702001003,200,200,1,12037123,170025,CMS Internet,70,1,X,MI,88274c7419fffff
261179702001004,100,20,3,12037123,170025,CMS Internet,70,1,X,MI,88274c7415fffff
261179702001004,200,200,3,12037123,170025,CMS Internet,70,1,X,MI,88274c7415fffff
261179702001005,100,20,18,12037123,170025,CMS Internet,70,1,X,MI,88274c7417fffff
261179702001005,200,200,4,12037123,170025,CMS Internet,70,1,X,MI,88274c7415fffff
261179702001006,100,20,6,12037123,170025,CMS Internet,70,1,X,MI,88274c743dfffff
261179702001007,100,20,3,12037123,170025,CMS Internet,70,1,X,MI,88274c7437fffff
261179702001008,100,20,2,12037123,170025,CMS Internet,70,1,X,MI,88274c74edfffff
261179702001009,100,20,4,12037123,170025,CMS Internet,70,1,X,MI,88274c74e3fffff
261179702001010,100,20,4,12037123,170025,CMS Internet,70,1,X,MI,88274c7417fffff
261179702001010,200,200,5,12037123,170025,CMS Internet,70,1,X,MI,88274c7417fffff
261179702001011,100,20,2,12037123,170025,CMS Internet,70,1,X,MI,88274c7417fffff
261179702001011,200,200,1,12037123,170025,CMS Internet,70,1,X,MI,88274c7417fffff
261179702001012,100,20,2,12037123,170025,CMS Internet,70,1,X,MI,88274c7413fffff
261179702001012,200,200,1,12037123,170025,CMS Internet,70,1,X,MI,88274c7411fffff
261179702001013,100,20,14,12037123,170025,CMS Internet,70,1,X,MI,88274c748dfffff
261179702001013,200,200,1,12037123,170025,CMS Internet,70,1,X,MI,88274c7413fffff
261179702001014,100,20,5,12037123,170025,CMS Internet,70,1,X,MI,88274c74c5fffff
261179702001014,200,200,1,12037123,170025,CMS Internet,70,1,X,MI,88274c74cdfffff
261179702001015,100,20,5,12037123,170025,CMS Internet,70,1,X,MI,88274c76b5fffff
261179702001016,200,200,2,12037123,170025,CMS Internet,70,1,X,MI,88274c76b3fffff
261179702001017,100,20,3,12037123,170025,CMS Internet,70,1,X,MI,88274c74adfffff
261179702001017,200,200,3,12037123,170025,CMS Internet,70,1,X,MI,88274c74a9fffff
261179702001018,100,20,2,12037123,170025,CMS Internet,70,1,X,MI,88274c74e3fffff
261179702001018,200,200,2,12037123,170025,CMS Internet,70,1,X,MI,88274c7485fffff
261179702001019,100,20,4,12037123,170025,CMS Internet,70,1,X,MI,88274c74abfffff
261179702001021,100,20,11,12037123,170025,CMS Internet,70,1,X,MI,88274c74b9fffff
261179702001021,200,200,2,12037123,170025,CMS Internet,70,1,X,MI,88274c74b9fffff
261179702001022,100,20,5,12037123,170025,CMS Internet,70,1,X,MI,88274c7489fffff
261179702001022,200,200,1,12037123,170025,CMS Internet,70,1,X,MI,88274c7489fffff
261179702001024,100,20,2,12037123,170025,CMS Internet,70,1,X,MI,88274c2b6dfffff
261179702001024,200,200,1,12037123,170025,CMS Internet,70,1,X,MI,88274c76b3fffff
261179702001025,100,20,10,12037123,170025,CMS Internet,70,1,X,MI,88274c2b61fffff
261179702001026,100,20,18,12037123,170025,CMS Internet,70,1,X,MI,88274c2b29fffff
261179702001026,200,200,2,12037123,170025,CMS Internet,70,1,X,MI,88274c2b25fffff
261179702001027,100,20,5,12037123,170025,CMS Internet,70,1,X,MI,88274c2b21fffff
261179702001027,200,200,6,12037123,170025,CMS Internet,70,1,X,MI,88274c2b25fffff
261179702001028,100,20,12,12037123,170025,CMS Internet,70,1,X,MI,88274c7499fffff
261179702001028,200,200,1,12037123,170025,CMS Internet,70,1,X,MI,88274c749dfffff
261179702001029,100,20,13,12037123,170025,CMS Internet,70,1,X,MI,88274c74a3fffff
261179702001030,100,20,10,12037123,170025,CMS Internet,70,1,X,MI,88274c74a3fffff
261179702001031,100,20,15,12037123,170025,CMS Internet,70,1,X,MI,88274c74a3fffff
261179702001032,100,20,2,12037123,170025,CMS Internet,70,1,X,MI,88274c664dfffff
261179702001032,200,200,2,12037123,170025,CMS Internet,70,1,X,MI,88274c7591fffff
261179702001035,100,20,1,12037123,170025,CMS Internet,70,1,X,MI,88274c2b29fffff
261179702001037,100,20,16,12037123,170025,CMS Internet,70,1,X,MI,88274c74b9fffff
261179702001037,200,200,2,12037123,170025,CMS Internet,70,1,X,MI,88274c74b9fffff
261179702001038,100,20,4,12037123,170025,CMS Internet,70,1,X,MI,88274c74b9fffff
261179702001038,200,200,2,12037123,170025,CMS Internet,70,1,X,MI,88274c74b9fffff
261179702001039,100,20,8,12037123,170025,CMS Internet,70,1,X,MI,88274c74bdfffff
261179702001040,100,20,4,12037123,170025,CMS Internet,70,1,X,MI,88274c74bdfffff
261179702001041,100,20,4,12037123,170025,CMS Internet,70,1,X,MI,88274c74bdfffff
261179702001042,100,20,4,12037123,170025,CMS Internet,70,1,X,MI,88274c74bdfffff
261179702001043,100,20,4,12037123,170025,CMS Internet,70,1,X,MI,88274c74bdfffff
261179702001044,100,20,2,12037123,170025,CMS Internet,70,1,X,MI,88274c74bdfffff
261179702001045,100,20,5,12037123,170025,CMS Internet,70,1,X,MI,88274c74bdfffff
261179702001045,200,200,1,12037123,170025,CMS Internet,70,1,X,MI,88274c74b9fffff
261179702001046,100,20,1,12037123,170025,CMS Internet,70,1,X,MI,88274c74bdfffff
261179702001047,100,20,8,12037123,170025,CMS Internet,70,1,X,MI,88274c74bdfffff
261179702001048,100,20,7,12037123,170025,CMS Internet,70,1,X,MI,88274c74bdfffff
261179702001048,200,200,1,12037123,170025,CMS Internet,70,1,X,MI,88274c74bdfffff
261179702001049,100,20,8,12037123,170025,CMS Internet,70,1,X,MI,88274c74bdfffff
261179702001050,100,20,3,12037123,170025,CMS Internet,70,1,X,MI,88274c74bdfffff
261179702001051,100,20,2,12037123,170025,CMS Internet,70,1,X,MI,88274c74bdfffff
261179702001051,200,200,1,12037123,170025,CMS Internet,70,1,X,MI,88274c74bdfffff
261179702001052,100,20,11,12037123,170025,CMS Internet,70,1,X,MI,88274c74bdfffff
261179702001053,100,20,6,12037123,170025,CMS Internet,70,1,X,MI,88274c74bdfffff
261179702001054,100,20,4,12037123,170025,CMS Internet,70,1,X,MI,88274c74bdfffff
261179702001054,200,200,1,12037123,170025,CMS Internet,70,1,X,MI,88274c74bdfffff
261179702001055,100,20,5,12037123,170025,CMS Internet,70,1,X,MI,88274c74bdfffff
261179702001056,100,20,4,12037123,170025,CMS Internet,70,1,X,MI,88274c74bdfffff
261179702001057,100,20,4,12037123,170025,CMS Internet,70,1,X,MI,88274c7489fffff
261179702002000,100,20,4,12037123,170025,CMS Internet,70,1,X,MI,88274c2b23fffff
261179702002000,200,200,1,12037123,170025,CMS Internet,70,1,X,MI,88274c2b23fffff
261179702002001,100,20,11,12037123,170025,CMS Internet,70,1,X,MI,88274c2b27fffff
261179702002001,200,200,4,12037123,170025,CMS Internet,70,1,X,MI,88274c2b27fffff
261179702002002,100,20,9,12037123,170025,CMS Internet,70,1,X,MI,88274c2b25fffff
261179702002003,100,20,7,12037123,170025,CMS Internet,70,1,X,MI,88274c7495fffff
261179702002004,100,20,5,12037123,170025,CMS Internet,70,1,X,MI,88274c7495fffff
261179702002006,100,20,9,12037123,170025,CMS Internet,70,1,X,MI,88274c74b9fffff
261179702002006,200,200,1,12037123,170025,CMS Internet,70,1,X,MI,88274c74b9fffff
261179702002007,100,20,5,12037123,170025,CMS Internet,70,1,X,MI,88274c74b9fffff
261179702002008,200,200,2,12037123,170025,CMS Internet,70,1,X,MI,88274c74b9fffff
261179702002009,100,20,4,12037123,170025,CMS Internet,70,1,X,MI,88274c74b1fffff
261179702002009,200,200,3,12037123,170025,CMS Internet,70,1,X,MI,88274c74b9fffff
261179702002010,100,20,4,12037123,170025,CMS Internet,70,1,X,MI,88274c74bdfffff
261179702002010,200,200,1,12037123,170025,CMS Internet,70,1,X,MI,88274c74bdfffff
261179702002011,100,20,9,12037123,170025,CMS Internet,70,1,X,MI,88274c74bdfffff
261179702002012,100,20,11,12037123,170025,CMS Internet,70,1,X,MI,88274c74bdfffff
261179702002013,100,20,4,12037123,170025,CMS Internet,70,1,X,MI,88274c74bdfffff
261179702002014,100,20,6,12037123,170025,CMS Internet,70,1,X,MI,88274c74bdfffff
261179702002015,100,20,3,12037123,170025,CMS Internet,70,1,X,MI,88274c74bdfffff
261179702002016,100,20,6,12037123,170025,CMS Internet,70,1,X,MI,88274c74b5fffff
261179702002017,100,20,5,12037123,170025,CMS Internet,70,1,X,MI,88274c74b5fffff
261179702002018,100,20,7,12037123,170025,CMS Internet,70,1,X,MI,88274c74b5fffff
261179702002019,100,20,5,12037123,170025,CMS Internet,70,1,X,MI,88274c74a3fffff
261179702002020,100,20,27,12037123,170025,CMS Internet,70,1,X,MI,88274c74a3fffff
261179702002021,100,20,3,12037123,170025,CMS Internet,70,1,X,MI,88274c74b7fffff
261179702002021,200,200,4,12037123,170025,CMS Internet,70,1,X,MI,88274c74b5fffff
261179702002022,100,20,5,12037123,170025,CMS Internet,70,1,X,MI,88274c6645fffff
261179702002022,200,200,3,12037123,170025,CMS Internet,70,1,X,MI,88274c6649fffff
261179702002023,100,20,4,12037123,170025,CMS Internet,70,1,X,MI,88274c74b5fffff
261179702002024,100,20,4,12037123,170025,CMS Internet,70,1,X,MI,88274c74b5fffff
261179702002025,100,20,3,12037123,170025,CMS Internet,70,1,X,MI,88274c74bdfffff
261179702002026,100,20,5,12037123,170025,CMS Internet,70,1,X,MI,88274c74bdfffff
261179702002027,100,20,4,12037123,170025,CMS Internet,70,1,X,MI,88274c74bdfffff
261179702002028,100,20,2,12037123,170025,CMS Internet,70,1,X,MI,88274c74bdfffff
261179702002028,200,200,1,12037123,170025,CMS Internet,70,1,X,MI,88274c74bdfffff
261179702002029,100,20,3,12037123,170025,CMS Internet,70,1,X,MI,88274c74bdfffff
261179702002030,100,20,7,12037123,170025,CMS Internet,70,1,X,MI,88274c74bdfffff
261179702002030,200,200,1,12037123,170025,CMS Internet,70,1,X,MI,88274c74bdfffff
261179702002031,100,20,3,12037123,170025,CMS Internet,70,1,X,MI,88274c74bdfffff
261179702002032,100,20,12,12037123,170025,CMS Internet,70,1,X,MI,88274c74b1fffff
261179702002033,100,20,7,12037123,170025,CMS Internet,70,1,X,MI,88274c74b1fffff
261179702002033,200,200,1,12037123,170025,CMS Internet,70,1,X,MI,88274c74bdfffff
261179702002034,100,20,4,12037123,170025,CMS Internet,70,1,X,MI,88274c74b1fffff
261179702002035,100,20,3,12037123,170025,CMS Internet,70,1,X,MI,88274c74b5fffff
261179702002036,100,20,7,12037123,170025,CMS Internet,70,1,X,MI,88274c74b5fffff
261179702002037,100,20,33,12037123,170025,CMS Internet,70,1,X,MI,88274c74b5fffff
261179702002037,200,200,4,12037123,170025,CMS Internet,70,1,X,MI,88274c74b5fffff
261179702002038,100,20,5,12037123,170025,CMS Internet,70,1,X,MI,88274c74b5fffff
261179702002039,100,20,4,12037123,170025,CMS Internet,70,1,X,MI,88274c74b5fffff
261179702002040,100,20,9,12037123,170025,CMS Internet,70,1,X,MI,88274c74b5fffff
261179702002042,100,20,8,12037123,170025,CMS Internet,70,1,X,MI,88274c74bdfffff
261179702002043,100,20,5,12037123,170025,CMS Internet,70,1,X,MI,88274c74bdfffff
261179702002044,100,20,1,12037123,170025,CMS Internet,70,1,X,MI,88274c74b1fffff
261179702002045,100,20,8,12037123,170025,CMS Internet,70,1,X,MI,88274c74b1fffff
261179702002046,100,20,4,12037123,170025,CMS Internet,70,1,X,MI,88274c74bdfffff
261179702002047,100,20,5,12037123,170025,CMS Internet,70,1,X,MI,88274c74b5fffff
261179702002047,200,200,1,12037123,170025,CMS Internet,70,1,X,MI,88274c74b5fffff
261179702002048,100,20,11,12037123,170025,CMS Internet,70,1,X,MI,88274c74b5fffff
261179702002048,200,200,3,12037123,170025,CMS Internet,70,1,X,MI,88274c74b5fffff
261179702002049,100,20,2,12037123,170025,CMS Internet,70,1,X,MI,88274c74b5fffff
261179702002049,200,200,6,12037123,170025,CMS Internet,70,1,X,MI,88274c74b1fffff
261179702002050,100,20,11,12037123,170025,CMS Internet,70,1,X,MI,88274c74b5fffff
261179702002050,200,200,4,12037123,170025,CMS Internet,70,1,X,MI,88274c74b5fffff
261179702002051,100,20,1,12037123,170025,CMS Internet,70,1,X,MI,88274c74b1fffff
261179702002051,200,200,7,12037123,170025,CMS Internet,70,1,X,MI,88274c74b1fffff
261179702002052,100,20,8,12037123,170025,CMS Internet,70,1,X,MI,88274c74b1fffff
261179702002052,200,200,1,12037123,170025,CMS Internet,70,1,X,MI,88274c74b1fffff
261179702002053,100,20,6,12037123,170025,CMS Internet,70,1,X,MI,88274c74b1fffff
261179702002053,200,200,9,12037123,170025,CMS Internet,70,1,X,MI,88274c74b1fffff
261179702002054,100,20,3,12037123,170025,CMS Internet,70,1,X,MI,88274c74b1fffff
261179702002054,200,200,12,12037123,170025,CMS Internet,70,1,X,MI,88274c74b1fffff
261179702002055,100,20,1,12037123,170025,CMS Internet,70,1,X,MI,88274c74b5fffff
261179702002055,200,200,2,12037123,170025,CMS Internet,70,1,X,MI,88274c74b5fffff
261179702002056,100,20,1,12037123,170025,CMS Internet,70,1,X,MI,88274c74b7fffff
261179702002057,100,20,7,12037123,170025,CMS Internet,70,1,X,MI,88274c74b1fffff
261179702002057,200,200,4,12037123,170025,CMS Internet,70,1,X,MI,88274c74b7fffff
261179702002058,100,20,1,12037123,170025,CMS Internet,70,1,X,MI,88274c74b3fffff
261179702002058,200,200,1,12037123,170025,CMS Internet,70,1,X,MI,88274c74b7fffff
261179702002060,100,20,1,12037123,170025,CMS Internet,70,1,X,MI,88274c74bbfffff
261179702002060,200,200,2,12037123,170025,CMS Internet,70,1,X,MI,88274c296dfffff
261179702002061,100,20,5,12037123,170025,CMS Internet,70,1,X,MI,88274c294dfffff
261179702002062,100,20,5,12037123,170025,CMS Internet,70,1,X,MI,88274c2b27fffff
261179702002062,200,200,1,12037123,170025,CMS Internet,70,1,X,MI,88274c2b23fffff
261179702002063,100,20,4,12037123,170025,CMS Internet,70,1,X,MI,88274c2b27fffff
261179702002063,200,200,1,12037123,170025,CMS Internet,70,1,X,MI,88274c2b27fffff
261179702002064,100,20,9,12037123,170025,CMS Internet,70,1,X,MI,88274c2b27fffff
261179702002064,200,200,6,12037123,170025,CMS Internet,70,1,X,MI,88274c2949fffff
261179702002065,100,20,5,12037123,170025,CMS Internet,70,1,X,MI,88274c74b7fffff
261179702002066,100,20,5,12037123,170025,CMS Internet,70,1,X,MI,88274c74b7fffff
261179702002066,200,200,4,12037123,170025,CMS Internet,70,1,X,MI,88274c665dfffff
261179702002067,100,20,4,12037123,170025,CMS Internet,70,1,X,MI,88274c74b3fffff
261179702002067,200,200,2,12037123,170025,CMS Internet,70,1,X,MI,88274c296dfffff
261179702003000,100,20,5,12037123,170025,CMS Internet,70,1,X,MI,88274c294bfffff
261179702003000,200,200,1,12037123,170025,CMS Internet,70,1,X,MI,88274c2b37fffff
261179702003001,100,20,8,12037123,170025,CMS Internet,70,1,X,MI,88274c294bfffff
261179702003002,100,20,5,12037123,170025,CMS Internet,70,1,X,MI,88274c2945fffff
261179702003004,100,20,2,12037123,170025,CMS Internet,70,1,X,MI,88274c2963fffff
261179702003005,100,20,1,12037123,170025,CMS Internet,70,1,X,MI,88274c2901fffff
261179702003007,100,20,5,12037123,170025,CMS Internet,70,1,X,MI,88274c665bfffff
261179702003008,100,20,2,12037123,170025,CMS Internet,70,1,X,MI,88274c6653fffff
261179702003009,100,20,1,12037123,170025,CMS Internet,70,1,X,MI,88274c6655fffff
261179702003009,200,200,3,12037123,170025,CMS Internet,70,1,X,MI,88274c6651fffff
261179702003010,100,20,3,12037123,170025,CMS Internet,70,1,X,MI,88274c6615fffff
261179702003010,200,200,2,12037123,170025,CMS Internet,70,1,X,MI,88274c661dfffff
261179702003011,200,200,3,12037123,170025,CMS Internet,70,1,X,MI,88274c6601fffff
261179702003012,100,20,1,12037123,170025,CMS Internet,70,1,X,MI,88274c6647fffff
261179702003013,100,20,5,12037123,170025,CMS Internet,70,1,X,MI,88274c661dfffff
261179702003013,200,200,1,12037123,170025,CMS Internet,70,1,X,MI,88274c661dfffff
261179702003016,100,20,2,12037123,170025,CMS Internet,70,1,X,MI,88274c6601fffff
261179702003017,100,20,1,12037123,170025,CMS Internet,70,1,X,MI,88274c663bfffff
261179702003030,100,20,1,12037123,170025,CMS Internet,70,1,X,MI,88274c661bfffff
261179702003041,100,20,1,12037123,170025,CMS Internet,70,1,X,MI,88274c66c9fffff
261179702003042,100,20,3,12037123,170025,CMS Internet,70,1,X,MI,88274c2915fffff
261179702003043,100,20,3,12037123,170025,CMS Internet,70,1,X,MI,88274c292bfffff
261179702003048,100,20,5,12037123,170025,CMS Internet,70,1,X,MI,88274c2931fffff
261179702003049,100,20,1,12037123,170025,CMS Internet,70,1,X,MI,88274c2933fffff
261179702003050,100,20,1,12037123,170025,CMS Internet,70,1,X,MI,88274c29e5fffff
261179702003060,100,20,3,12037123,170025,CMS Internet,70,1,X,MI,88274c6683fffff
261179702003062,100,20,1,12037123,170025,CMS Internet,70,1,X,MI,88274c29a1fffff
261179702003063,100,20,3,12037123,170025,CMS Internet,70,1,X,MI,88274c29a3fffff
261179702003064,100,20,8,12037123,170025,CMS Internet,70,1,X,MI,882748936dfffff
261179702003065,100,20,5,12037123,170025,CMS Internet,70,1,X,MI,88274c66b5fffff
261179702003066,100,20,1,12037123,170025,CMS Internet,70,1,X,MI,88274c66b9fffff
261179702003067,100,20,4,12037123,170025,CMS Internet,70,1,X,MI,88274c66a3fffff
261179702003068,100,20,1,12037123,170025,CMS Internet,70,1,X,MI,88274c66a3fffff
261179702003069,100,20,4,12037123,170025,CMS Internet,70,1,X,MI,88274c64c9fffff
261179702003073,100,20,3,12037123,170025,CMS Internet,70,1,X,MI,88274c66a3fffff
261179703001000,200,200,3,12037123,170025,CMS Internet,70,1,X,MI,88274c75c1fffff
261179703001001,100,20,2,12037123,170025,CMS Internet,70,1,X,MI,88274c7513fffff
261179703001001,200,200,2,12037123,170025,CMS Internet,70,1,X,MI,88274c75cdfffff
261179703001002,100,20,3,12037123,170025,CMS Internet,70,1,X,MI,88274c75c5fffff
261179703001003,100,20,4,12037123,170025,CMS Internet,70,1,X,MI,88274c7513fffff
261179703001003,200,200,3,12037123,170025,CMS Internet,70,1,X,MI,88274c7511fffff
261179703001004,200,200,1,12037123,170025,CMS Internet,70,1,X,MI,88274c7517fffff
261179703001005,100,20,8,12037123,170025,CMS Internet,70,1,X,MI,88274c7533fffff
261179703001005,200,200,3,12037123,170025,CMS Internet,70,1,X,MI,88274c753bfffff
261179703001006,100,20,1,12037123,170025,CMS Internet,70,1,X,MI,88274c753bfffff
261179703001007,100,20,3,12037123,170025,CMS Internet,70,1,X,MI,88274c7533fffff
261179703001007,200,200,1,12037123,170025,CMS Internet,70,1,X,MI,88274c7533fffff
261179703001008,100,20,4,12037123,170025,CMS Internet,70,1,X,MI,88274c75edfffff
261179703001010,100,20,3,12037123,170025,CMS Internet,70,1,X,MI,88274c75e9fffff
261179703001010,200,200,2,12037123,170025,CMS Internet,70,1,X,MI,88274c75c5fffff
261179703001012,200,200,1,12037123,170025,CMS Internet,70,1,X,MI,88274c75ebfffff
261179703001016,100,20,2,12037123,170025,CMS Internet,70,1,X,MI,88274c75c7fffff
261179703001018,100,20,2,12037123,170025,CMS Internet,70,1,X,MI,88274c75e5fffff
261179703001022,100,20,10,12037123,170025,CMS Internet,70,1,X,MI,88274c75a5fffff
261179703001023,100,20,2,12037123,170025,CMS Internet,70,1,X,MI,88274c75a1fffff
261179703001024,100,20,1,12037123,170025,CMS Internet,70,1,X,MI,88274c75a9fffff
261179703001028,100,20,6,12037123,170025,CMS Internet,70,1,X,MI,88274c75a5fffff
261179703001029,100,20,4,12037123,170025,CMS Internet,70,1,X,MI,88274c75adfffff
261179703001034,100,20,6,12037123,170025,CMS Internet,70,1,X,MI,88274c75a5fffff
261179703001034,200,200,1,12037123,170025,CMS Internet,70,1,X,MI,88274c75a5fffff
261179703001038,200,200,1,12037123,170025,CMS Internet,70,1,X,MI,88274c7585fffff
261179703001039,100,20,5,12037123,170025,CMS Internet,70,1,X,MI,88274c75a1fffff
261179703001040,100,20,2,12037123,170025,CMS Internet,70,1,X,MI,88274c75a9fffff
261179703001046,100,20,17,12037123,170025,CMS Internet,70,1,X,MI,88274c75a7fffff
261179703001047,100,20,10,12037123,170025,CMS Internet,70,1,X,MI,88274c75a1fffff
261179703001048,100,20,2,12037123,170025,CMS Internet,70,1,X,MI,88274c75a1fffff
261179703001048,200,200,2,12037123,170025,CMS Internet,70,1,X,MI,88274c75a1fffff
261179703001049,100,20,1,12037123,170025,CMS Internet,70,1,X,MI,88274c75a5fffff
261179703001049,200,200,2,12037123,170025,CMS Internet,70,1,X,MI,88274c75a5fffff
261179703001050,100,20,3,12037123,170025,CMS Internet,70,1,X,MI,88274c75a5fffff
261179703001050,200,200,3,12037123,170025,CMS Internet,70,1,X,MI,88274c75a5fffff
261179703001055,100,20,2,12037123,170025,CMS Internet,70,1,X,MI,88274c7591fffff
261179703001055,200,200,1,12037123,170025,CMS Internet,70,1,X,MI,88274c7591fffff
261179703001056,100,20,1,12037123,170025,CMS Internet,70,1,X,MI,88274c7595fffff
261179703001057,100,20,4,12037123,170025,CMS Internet,70,1,X,MI,88274c75abfffff
261179703001057,200,200,1,12037123,170025,CMS Internet,70,1,X,MI,88274c7587fffff
261179703001058,100,20,20,12037123,170025,CMS Internet,70,1,X,MI,88274c75abfffff
261179703001059,100,20,2,12037123,170025,CMS Internet,70,1,X,MI,88274c75a1fffff
261179703001060,100,20,4,12037123,170025,CMS Internet,70,1,X,MI,88274c75a1fffff
261179703001061,100,20,11,12037123,170025,CMS Internet,70,1,X,MI,88274c75a1fffff
261179703001063,100,20,11,12037123,170025,CMS Internet,70,1,X,MI,88274c75b1fffff
261179703001064,100,20,2,12037123,170025,CMS Internet,70,1,X,MI,88274c75a5fffff
261179703001064,200,200,2,12037123,170025,CMS Internet,70,1,X,MI,88274c75a5fffff
261179703002000,100,20,2,12037123,170025,CMS Internet,70,1,X,MI,88274c666dfffff
261179703002000,200,200,1,12037123,170025,CMS Internet,70,1,X,MI,88274c666bfffff
261179703002001,100,20,4,12037123,170025,CMS Internet,70,1,X,MI,88274c6759fffff
261179703002001,200,200,4,12037123,170025,CMS Internet,70,1,X,MI,88274c75b7fffff
261179703002002,100,20,3,12037123,170025,CMS Internet,70,1,X,MI,88274c75b1fffff
261179703002003,100,20,6,12037123,170025,CMS Internet,70,1,X,MI,88274c75b1fffff
261179703002004,100,20,4,12037123,170025,CMS Internet,70,1,X,MI,88274c674bfffff
261179703002006,100,20,1,12037123,170025,CMS Internet,70,1,X,MI,88274c75a7fffff
261179703002007,100,20,16,12037123,170025,CMS Internet,70,1,X,MI,88274c674bfffff
261179703002007,200,200,1,12037123,170025,CMS Internet,70,1,X,MI,88274c6759fffff
261179703002008,100,20,3,12037123,170025,CMS Internet,70,1,X,MI,88274c6755fffff
261179703002012,100,20,1,12037123,170025,CMS Internet,70,1,X,MI,88274c6741fffff
261179703002021,100,20,1,12037123,170025,CMS Internet,70,1,X,MI,88274c6753fffff
261179703002022,100,20,1,12037123,170025,CMS Internet,70,1,X,MI,88274c6751fffff
261179703002024,100,20,3,12037123,170025,CMS Internet,70,1,X,MI,88274c675dfffff
261179703002024,200,200,3,12037123,170025,CMS Internet,70,1,X,MI,88274c6759fffff
261179703002026,100,20,2,12037123,170025,CMS Internet,70,1,X,MI,88274c6667fffff
261179703002027,100,20,3,12037123,170025,CMS Internet,70,1,X,MI,88274c6667fffff
261179703002027,200,200,1,12037123,170025,CMS Internet,70,1,X,MI,88274c6605fffff
261179703002029,100,20,1,12037123,170025,CMS Internet,70,1,X,MI,88274c6701fffff
261179703002036,100,20,2,12037123,170025,CMS Internet,70,1,X,MI,88274c6719fffff
261179703002039,100,20,2,12037123,170025,CMS Internet,70,1,X,MI,88274c644dfffff
261179703002043,100,20,1,12037123,170025,CMS Internet,70,1,X,MI,88274c6401fffff
261179703002046,100,20,1,12037123,170025,CMS Internet,70,1,X,MI,88274c644bfffff
261179703002048,100,20,2,12037123,170025,CMS Internet,70,1,X,MI,88274c6635fffff
261179703002049,100,20,3,12037123,170025,CMS Internet,70,1,X,MI,88274c663dfffff
261179703002050,100,20,2,12037123,170025,CMS Internet,70,1,X,MI,88274c6631fffff
261179703002053,100,20,2,12037123,170025,CMS Internet,70,1,X,MI,88274c6459fffff
261179703002062,100,20,1,12037123,170025,CMS Internet,70,1,X,MI,88274c6433fffff
261179703002063,100,20,1,12037123,170025,CMS Internet,70,1,X,MI,88274c6411fffff
261179703002065,100,20,1,12037123,170025,CMS Internet,70,1,X,MI,88274c6437fffff
261179703002066,100,20,1,12037123,170025,CMS Internet,70,1,X,MI,88274c65d1fffff
261179703002067,100,20,2,12037123,170025,CMS Internet,70,1,X,MI,88274c6437fffff
261179703003042,100,20,1,12037123,170025,CMS Internet,70,1,X,MI,88274c655dfffff
261179703003043,100,20,1,12037123,170025,CMS Internet,70,1,X,MI,88274c655dfffff
261179703003046,100,20,7,12037123,170025,CMS Internet,70,1,X,MI,88274c650dfffff
261179703003054,100,20,1,12037123,170025,CMS Internet,70,1,X,MI,88274c6559fffff
261179704001001,100,20,15,12037123,170025,CMS Internet,70,1,X,MI,88274c75a5fffff
261179704001001,200,200,2,12037123,170025,CMS Internet,70,1,X,MI,88274c62ddfffff
261179704001004,100,20,6,12037123,170025,CMS Internet,70,1,X,MI,88274c6299fffff
261179704001005,100,20,3,12037123,170025,CMS Internet,70,1,X,MI,88274c6299fffff
261179704001006,100,20,2,12037123,170025,CMS Internet,70,1,X,MI,88274c75a5fffff
261179704001007,100,20,2,12037123,170025,CMS Internet,70,1,X,MI,88274c75a5fffff
261179704001008,100,20,4,12037123,170025,CMS Internet,70,1,X,MI,88274c75a5fffff
261179704001009,100,20,2,12037123,170025,CMS Internet,70,1,X,MI,88274c6295fffff
261179704001010,100,20,1,12037123,170025,CMS Internet,70,1,X,MI,88274c62b9fffff
261179704001011,100,20,2,12037123,170025,CMS Internet,70,1,X,MI,88274c62b9fffff
261179704001012,100,20,5,12037123,170025,CMS Internet,70,1,X,MI,88274c62bdfffff
261179704001013,100,20,4,12037123,170025,CMS Internet,70,1,X,MI,88274c62a7fffff
261179704001014,100,20,11,12037123,170025,CMS Internet,70,1,X,MI,88274c6017fffff
261179704001015,100,20,3,12037123,170025,CMS Internet,70,1,X,MI,88274c62b1fffff
261179704001016,100,20,1,12037123,170025,CMS Internet,70,1,X,MI,88274c62bbfffff
261179704001020,100,20,5,12037123,170025,CMS Internet,70,1,X,MI,88274c6293fffff
261179704001021,100,20,2,12037123,170025,CMS Internet,70,1,X,MI,88274c629bfffff
261179704001025,100,20,15,12037123,170025,CMS Internet,70,1,X,MI,88274c60c5fffff
261179704001026,100,20,8,12037123,170025,CMS Internet,70,1,X,MI,88274c6013fffff
261179704001027,100,20,5,12037123,170025,CMS Internet,70,1,X,MI,88274c60c7fffff
261179704001028,100,20,3,12037123,170025,CMS Internet,70,1,X,MI,88274c60d7fffff
261179704001029,100,20,10,12037123,170025,CMS Internet,70,1,X,MI,88274c60c7fffff
261179704001030,100,20,7,12037123,170025,CMS Internet,70,1,X,MI,88274c60e3fffff
261179704001037,100,20,1,12037123,170025,CMS Internet,70,1,X,MI,88274c60d7fffff
261179704001039,100,20,1,12037123,170025,CMS Internet,70,1,X,MI,88274c60abfffff
261179704001040,100,20,1,12037123,170025,CMS Internet,70,1,X,MI,88274c6087fffff
261179704002000,100,20,11,12037123,170025,CMS Internet,70,1,X,MI,88274c7533fffff
261179704002000,200,200,4,12037123,170025,CMS Internet,70,1,X,MI,88274c7531fffff
261179704002001,100,20,1,12037123,170025,CMS Internet,70,1,X,MI,88274c7535fffff
261179704002002,100,20,1,12037123,170025,CMS Internet,70,1,X,MI,88274c62c1fffff
261179704002021,100,20,1,12037123,170025,CMS Internet,70,1,X,MI,88274c62e1fffff
261179704002028,100,20,9,12037123,170025,CMS Internet,70,1,X,MI,88274c62e1fffff
261179704002035,100,20,2,12037123,170025,CMS Internet,70,1,X,MI,88274c62e7fffff
261179704002044,100,20,2,12037123,170025,CMS Internet,70,1,X,MI,88274c628bfffff
261179704002045,100,20,4,12037123,170025,CMS Internet,70,1,X,MI,88274c62ddfffff
261179704002047,100,20,1,12037123,170025,CMS Internet,70,1,X,MI,88274c62b9fffff
261179704003000,100,20,1,12037123,170025,CMS Internet,70,1,X,MI,88274c605dfffff
261179704003001,100,20,12,12037123,170025,CMS Internet,70,1,X,MI,88274c605dfffff
261179704003002,100,20,13,12037123,170025,CMS Internet,70,1,X,MI,88274c6055fffff
261179704003004,100,20,4,12037123,170025,CMS Internet,70,1,X,MI,88274c6061fffff
261179704003005,100,20,6,12037123,170025,CMS Internet,70,1,X,MI,88274c6029fffff
261179704003009,100,20,4,12037123,170025,CMS Internet,70,1,X,MI,88274c6027fffff
261179704003012,100,20,1,12037123,170025,CMS Internet,70,1,X,MI,88274c6023fffff
261179704003013,100,20,16,12037123,170025,CMS Internet,70,1,X,MI,88274c602bfffff
261179704003015,100,20,2,12037123,170025,CMS Internet,70,1,X,MI,88274c602bfffff
261179704003016,100,20,1,12037123,170025,CMS Internet,70,1,X,MI,88274c6007fffff
261179704003017,100,20,2,12037123,170025,CMS Internet,70,1,X,MI,88274c6001fffff
261179704003018,100,20,8,12037123,170025,CMS Internet,70,1,X,MI,88274c6001fffff
261179704003019,100,20,4,12037123,170025,CMS Internet,70,1,X,MI,88274c61c9fffff
261179704003020,100,20,5,12037123,170025,CMS Internet,70,1,X,MI,88274c61c9fffff
261179704003021,100,20,7,12037123,170025,CMS Internet,70,1,X,MI,88274c6007fffff
261179704003022,100,20,6,12037123,170025,CMS Internet,70,1,X,MI,88274c6007fffff
261179704003023,100,20,42,12037123,170025,CMS Internet,70,1,X,MI,88274c6007fffff
261179704003024,100,20,6,12037123,170025,CMS Internet,70,1,X,MI,88274c6007fffff
261179704003025,100,20,7,12037123,170025,CMS Internet,70,1,X,MI,88274c6007fffff
261179704003026,100,20,13,12037123,170025,CMS Internet,70,1,X,MI,88274c6007fffff
261179704003027,100,20,12,12037123,170025,CMS Internet,70,1,X,MI,88274c6039fffff
261179704003028,100,20,10,12037123,170025,CMS Internet,70,1,X,MI,88274c6035fffff
261179704003029,100,20,3,12037123,170025,CMS Internet,70,1,X,MI,88274c605bfffff
261179704003030,100,20,12,12037123,170025,CMS Internet,70,1,X,MI,88274c6057fffff
261179704003031,100,20,11,12037123,170025,CMS Internet,70,1,X,MI,88274c6053fffff
261179704003032,100,20,9,12037123,170025,CMS Internet,70,1,X,MI,88274c62a1fffff
261179704003033,100,20,3,12037123,170025,CMS Internet,70,1,X,MI,88274c6019fffff
261179704003034,100,20,20,12037123,170025,CMS Internet,70,1,X,MI,88274c601bfffff
261179704003035,100,20,10,12037123,170025,CMS Internet,70,1,X,MI,88274c6011fffff
261179704003036,100,20,2,12037123,170025,CMS Internet,70,1,X,MI,88274c6011fffff
261179704003039,100,20,15,12037123,170025,CMS Internet,70,1,X,MI,88274c6287fffff
261179704003040,100,20,6,12037123,170025,CMS Internet,70,1,X,MI,88274c62a7fffff
261179704003041,100,20,17,12037123,170025,CMS Internet,70,1,X,MI,88274c62e3fffff
261179704003042,100,20,1,12037123,170025,CMS Internet,70,1,X,MI,88274c6015fffff
261179704004000,100,20,5,12037123,170025,CMS Internet,70,1,X,MI,88274c6009fffff
261179704004003,100,20,25,12037123,170025,CMS Internet,70,1,X,MI,88274c6001fffff
261179704004004,100,20,20,12037123,170025,CMS Internet,70,1,X,MI,88274c600bfffff
261179704004007,100,20,18,12037123,170025,CMS Internet,70,1,X,MI,88274c6015fffff
261179704004009,100,20,7,12037123,170025,CMS Internet,70,1,X,MI,88274c6015fffff
261179704004010,100,20,3,12037123,170025,CMS Internet,70,1,X,MI,88274c6003fffff
261179704004011,100,20,5,12037123,170025,CMS Internet,70,1,X,MI,88274c6003fffff
261179704004012,100,20,2,12037123,170025,CMS Internet,70,1,X,MI,88274c6003fffff
261179704004013,100,20,19,12037123,170025,CMS Internet,70,1,X,MI,88274c6007fffff
261179704004014,100,20,1,12037123,170025,CMS Internet,70,1,X,MI,88274c6003fffff
261179704004016,100,20,5,12037123,170025,CMS Internet,70,1,X,MI,88274c6039fffff
261179704004019,100,20,2,12037123,170025,CMS Internet,70,1,X,MI,88274c6015fffff
261179704004020,100,20,19,12037123,170025,CMS Internet,70,1,X,MI,88274c6007fffff
261179704004021,100,20,4,12037123,170025,CMS Internet,70,1,X,MI,88274c6039fffff
261179704004022,100,20,1,12037123,170025,CMS Internet,70,1,X,MI,88274c6007fffff
261179704004023,100,20,1,12037123,170025,CMS Internet,70,1,X,MI,88274c6039fffff
261179704004024,100,20,1,12037123,170025,CMS Internet,70,1,X,MI,88274c6039fffff
261179704004025,100,20,1,12037123,170025,CMS Internet,70,1,X,MI,88274c6039fffff
261179704004026,100,20,3,12037123,170025,CMS Internet,70,1,X,MI,88274c6007fffff
261179704004027,100,20,8,12037123,170025,CMS Internet,70,1,X,MI,88274c6007fffff
261179704004028,100,20,11,12037123,170025,CMS Internet,70,1,X,MI,88274c6007fffff
261179704004029,100,20,7,12037123,170025,CMS Internet,70,1,X,MI,88274c6007fffff
261179704004030,100,20,8,12037123,170025,CMS Internet,70,1,X,MI,88274c6007fffff
261179704004031,100,20,5,12037123,170025,CMS Internet,70,1,X,MI,88274c6007fffff
261179704004032,100,20,13,12037123,170025,CMS Internet,70,1,X,MI,88274c6007fffff
261179704004033,100,20,3,12037123,170025,CMS Internet,70,1,X,MI,88274c6007fffff
261179704004034,100,20,4,12037123,170025,CMS Internet,70,1,X,MI,88274c6007fffff
261179704004035,100,20,4,12037123,170025,CMS Internet,70,1,X,MI,88274c6007fffff
261179704004036,100,20,8,12037123,170025,CMS Internet,70,1,X,MI,88274c6007fffff
261179704004037,100,20,2,12037123,170025,CMS Internet,70,1,X,MI,88274c6007fffff
261179704004038,100,20,12,12037123,170025,CMS Internet,70,1,X,MI,88274c6015fffff
261179704004040,100,20,10,12037123,170025,CMS Internet,70,1,X,MI,88274c6039fffff
261179704004041,100,20,10,12037123,170025,CMS Internet,70,1,X,MI,88274c6031fffff
261179704004042,100,20,6,12037123,170025,CMS Internet,70,1,X,MI,88274c6039fffff
261179705011023,100,20,1,12037123,170025,CMS Internet,70,1,X,MI,88274c6a95fffff
261179705011025,100,20,1,12037123,170025,CMS Internet,70,1,X,MI,88274c6abbfffff
261179705011028,100,20,3,12037123,170025,CMS Internet,70,1,X,MI,88274c6f69fffff
261179705012016,100,20,1,12037123,170025,CMS Internet,70,1,X,MI,88274c6aa7fffff
261179705013000,100,20,1,12037123,170025,CMS Internet,70,1,X,MI,88274c68cbfffff
261179705013006,100,20,2,12037123,170025,CMS Internet,70,1,X,MI,88274c68c1fffff
261179705013008,100,20,1,12037123,170025,CMS Internet,70,1,X,MI,88274c68cbfffff
261179705013009,100,20,1,12037123,170025,CMS Internet,70,1,X,MI,88274c6ab3fffff
261179705013010,100,20,2,12037123,170025,CMS Internet,70,1,X,MI,88274c68c1fffff
261179705013011,100,20,7,12037123,170025,CMS Internet,70,1,X,MI,88274c68c1fffff
261179705013013,100,20,18,12037123,170025,CMS Internet,70,1,X,MI,88274c68c5fffff
261179705013014,100,20,2,12037123,170025,CMS Internet,70,1,X,MI,88274c68c5fffff
261179705013022,100,20,1,12037123,170025,CMS Internet,70,1,X,MI,88274c6813fffff
261179705013039,100,20,1,12037123,170025,CMS Internet,70,1,X,MI,88274c68e9fffff
261179705013042,100,20,39,12037123,170025,CMS Internet,70,1,X,MI,88274c68e9fffff
261179705013045,100,20,1,12037123,170025,CMS Internet,70,1,X,MI,88274c68c5fffff
261179705013046,100,20,17,12037123,170025,CMS Internet,70,1,X,MI,88274c68c5fffff
261179705013049,100,20,4,12037123,170025,CMS Internet,70,1,X,MI,88274c68ebfffff
261179705013050,100,20,12,12037123,170025,CMS Internet,70,1,X,MI,88274c68e1fffff
261179705013052,100,20,3,12037123,170025,CMS Internet,70,1,X,MI,88274c68e1fffff
261179705013053,100,20,10,12037123,170025,CMS Internet,70,1,X,MI,88274c68e1fffff
261179705013054,100,20,1,12037123,170025,CMS Internet,70,1,X,MI,88274c68e9fffff
261179705013056,100,20,5,12037123,170025,CMS Internet,70,1,X,MI,88274c68e3fffff
261179705013057,100,20,10,12037123,170025,CMS Internet,70,1,X,MI,88274c68e7fffff
261179705021004,100,20,3,12037123,170025,CMS Internet,70,1,X,MI,88274c610bfffff
261179705021005,100,20,1,12037123,170025,CMS Internet,70,1,X,MI,88274c6103fffff
261179705021017,100,20,2,12037123,170025,CMS Internet,70,1,X,MI,88274c6157fffff
261179705021027,100,20,1,12037123,170025,CMS Internet,70,1,X,MI,88274c6ac9fffff
261179705021031,100,20,1,12037123,170025,CMS Internet,70,1,X,MI,88274c61cdfffff
261179705021034,100,20,3,12037123,170025,CMS Internet,70,1,X,MI,88274c61c7fffff
261179705021036,100,20,1,12037123,170025,CMS Internet,70,1,X,MI,88274c6113fffff
261179705021037,100,20,2,12037123,170025,CMS Internet,70,1,X,MI,88274c6181fffff
261179705021048,100,20,3,12037123,170025,CMS Internet,70,1,X,MI,88274c61c9fffff
261179705021049,100,20,1,12037123,170025,CMS Internet,70,1,X,MI,88274c6035fffff
261179705021050,100,20,7,12037123,170025,CMS Internet,70,1,X,MI,88274c603bfffff
261179705021051,100,20,1,12037123,170025,CMS Internet,70,1,X,MI,88274c6015fffff
261179705021052,100,20,6,12037123,170025,CMS Internet,70,1,X,MI,88274c60edfffff
261179705021053,100,20,1,12037123,170025,CMS Internet,70,1,X,MI,88274c6037fffff
261179705021054,100,20,2,12037123,170025,CMS Internet,70,1,X,MI,88274c61cbfffff
261179705021055,100,20,1,12037123,170025,CMS Internet,70,1,X,MI,88274c61c1fffff
261179705021056,100,20,2,12037123,170025,CMS Internet,70,1,X,MI,88274c6189fffff
261179705021059,100,20,2,12037123,170025,CMS Internet,70,1,X,MI,88274c61ddfffff
261179705021060,100,20,4,12037123,170025,CMS Internet,70,1,X,MI,88274c60adfffff
261179705021061,100,20,2,12037123,170025,CMS Internet,70,1,X,MI,88274c61d3fffff
261179705021064,100,20,3,12037123,170025,CMS Internet,70,1,X,MI,88274c61dbfffff
261179705021067,100,20,1,12037123,170025,CMS Internet,70,1,X,MI,88274c6f49fffff
261179705021071,100,20,1,12037123,170025,CMS Internet,70,1,X,MI,88274c6199fffff
261179705021072,100,20,4,12037123,170025,CMS Internet,70,1,X,MI,88274c6183fffff
261179705021075,100,20,2,12037123,170025,CMS Internet,70,1,X,MI,88274c6f4dfffff
261179705021077,100,20,16,12037123,170025,CMS Internet,70,1,X,MI,88274c6f4dfffff
261179705021078,100,20,1,12037123,170025,CMS Internet,70,1,X,MI,88274c6f4dfffff
261179705021080,100,20,8,12037123,170025,CMS Internet,70,1,X,MI,88274c6f45fffff
261179706002000,100,20,1,12037123,170025,CMS Internet,70,1,X,MI,88274c61b3fffff
261179706002005,100,20,10,12037123,170025,CMS Internet,70,1,X,MI,88274c6f47fffff
261179706002006,100,20,1,12037123,170025,CMS Internet,70,1,X,MI,88274c6f6dfffff
261179706002007,100,20,5,12037123,170025,CMS Internet,70,1,X,MI,88274c6f63fffff
261179706002008,100,20,28,12037123,170025,CMS Internet,70,1,X,MI,88274c6f29fffff
261179706002010,100,20,1,12037123,170025,CMS Internet,70,1,X,MI,88274c6f29fffff
261179706002013,100,20,1,12037123,170025,CMS Internet,70,1,X,MI,88274c6f67fffff
261179706002014,100,20,1,12037123,170025,CMS Internet,70,1,X,MI,88274c6f2dfffff
261179706002015,100,20,2,12037123,170025,CMS Internet,70,1,X,MI,88274c68ddfffff
261179706002016,100,20,18,12037123,170025,CMS Internet,70,1,X,MI,88274c688dfffff
261179706002017,100,20,3,12037123,170025,CMS Internet,70,1,X,MI,88274c6883fffff
261179706002018,100,20,3,12037123,170025,CMS Internet,70,1,X,MI,88274c6f25fffff
261179706002019,100,20,2,12037123,170025,CMS Internet,70,1,X,MI,88274c6f2dfffff
261179706002023,100,20,3,12037123,170025,CMS Internet,70,1,X,MI,88274c6899fffff
261179706002024,100,20,1,12037123,170025,CMS Internet,70,1,X,MI,88274c6883fffff
261179706002025,100,20,18,12037123,170025,CMS Internet,70,1,X,MI,882748d25dfffff
261179706002028,100,20,1,12037123,170025,CMS Internet,70,1,X,MI,88274c6887fffff
261179706002031,100,20,1,12037123,170025,CMS Internet,70,1,X,MI,88274c68abfffff
261179706002032,100,20,2,12037123,170025,CMS Internet,70,1,X,MI,88274c68b5fffff
261179706002033,100,20,1,12037123,170025,CMS Internet,70,1,X,MI,88274c68b5fffff
261179706002035,100,20,1,12037123,170025,CMS Internet,70,1,X,MI,882748d25dfffff
261179706002038,100,20,2,12037123,170025,CMS Internet,70,1,X,MI,88274c6f25fffff
261179706002039,100,20,1,12037123,170025,CMS Internet,70,1,X,MI,88274c6f21fffff
261179706002040,100,20,1,12037123,170025,CMS Internet,70,1,X,MI,88274c6f29fffff
261179706002041,100,20,1,12037123,170025,CMS Internet,70,1,X,MI,88274c6f29fffff
261179706002042,100,20,1,12037123,170025,CMS Internet,70,1,X,MI,88274c6f29fffff
261179706002046,100,20,3,12037123,170025,CMS Internet,70,1,X,MI,88274c6f29fffff
261179706002047,100,20,3,12037123,170025,CMS Internet,70,1,X,MI,88274c6f29fffff
261179706002049,100,20,2,12037123,170025,CMS Internet,70,1,X,MI,88274c6f29fffff
261179706002050,100,20,4,12037123,170025,CMS Internet,70,1,X,MI,88274c6f29fffff
261179706002051,100,20,4,12037123,170025,CMS Internet,70,1,X,MI,88274c6f27fffff
261179706002055,100,20,3,12037123,170025,CMS Internet,70,1,X,MI,88274c6f35fffff
261179706002056,100,20,4,12037123,170025,CMS Internet,70,1,X,MI,88274c6f29fffff
261179706002057,100,20,2,12037123,170025,CMS Internet,70,1,X,MI,88274c6f29fffff
261179706002058,100,20,4,12037123,170025,CMS Internet,70,1,X,MI,88274c6f3bfffff
261179706002059,100,20,7,12037123,170025,CMS Internet,70,1,X,MI,88274c6f3bfffff
261179706002062,100,20,10,12037123,170025,CMS Internet,70,1,X,MI,88274c6f35fffff
261179706002063,100,20,6,12037123,170025,CMS Internet,70,1,X,MI,88274c6d41fffff
261179706002066,100,20,2,12037123,170025,CMS Internet,70,1,X,MI,88274c6d49fffff
261179706002069,100,20,1,12037123,170025,CMS Internet,70,1,X,MI,88274c6c2dfffff
261179706002070,100,20,1,12037123,170025,CMS Internet,70,1,X,MI,88274c6d51fffff
261179706002072,100,20,1,12037123,170025,CMS Internet,70,1,X,MI,88274c6d43fffff
261179706002073,100,20,2,12037123,170025,CMS Internet,70,1,X,MI,88274c6d41fffff
261179706002074,100,20,2,12037123,170025,CMS Internet,70,1,X,MI,88274c6d45fffff
261179706002075,100,20,4,12037123,170025,CMS Internet,70,1,X,MI,88274c6897fffff
261179706002076,100,20,1,12037123,170025,CMS Internet,70,1,X,MI,88274c6d69fffff
261179706002078,100,20,1,12037123,170025,CMS Internet,70,1,X,MI,88274c6d19fffff
261179706002091,100,20,1,12037123,170025,CMS Internet,70,1,X,MI,88274c6d43fffff
261179706002093,100,20,1,12037123,170025,CMS Internet,70,1,X,MI,88274c6e67fffff
261179706003000,100,20,9,12037123,170025,CMS Internet,70,1,X,MI,88274c6885fffff
261179706003001,100,20,7,12037123,170025,CMS Internet,70,1,X,MI,88274c68e3fffff
261179706003002,100,20,6,12037123,170025,CMS Internet,70,1,X,MI,88274c68a9fffff
261179706003003,100,20,2,12037123,170025,CMS Internet,70,1,X,MI,88274c68a1fffff
261179706003005,100,20,2,12037123,170025,CMS Internet,70,1,X,MI,88274c6999fffff
261179706003009,100,20,1,12037123,170025,CMS Internet,70,1,X,MI,88274c699dfffff
261179706003010,100,20,1,12037123,170025,CMS Internet,70,1,X,MI,88274c68abfffff
261179706003012,100,20,30,12037123,170025,CMS Internet,70,1,X,MI,88274c68b5fffff
261179706003013,100,20,1,12037123,170025,CMS Internet,70,1,X,MI,88274c68abfffff
261179706003014,100,20,3,12037123,170025,CMS Internet,70,1,X,MI,88274c68abfffff
261179706003015,100,20,2,12037123,170025,CMS Internet,70,1,X,MI,882748d243fffff
261179706003016,100,20,1,12037123,170025,CMS Internet,70,1,X,MI,882748d247fffff
261179706003022,100,20,1,12037123,170025,CMS Internet,70,1,X,MI,882748d26bfffff
261179706003029,100,20,1,12037123,170025,CMS Internet,70,1,X,MI,882748d20bfffff
261179706003036,100,20,3,12037123,170025,CMS Internet,70,1,X,MI,882748d21dfffff
261179706003037,100,20,2,12037123,170025,CMS Internet,70,1,X,MI,882748d20bfffff
261179706003042,100,20,2,12037123,170025,CMS Internet,70,1,X,MI,882748d215fffff
261179706003044,100,20,5,12037123,170025,CMS Internet,70,1,X,MI,882748d239fffff
261179707001000,100,20,10,12037123,170025,CMS Internet,70,1,X,MI,88274c6097fffff
261179707001001,100,20,7,12037123,170025,CMS Internet,70,1,X,MI,88274c656dfffff
261179707001002,100,20,3,12037123,170025,CMS Internet,70,1,X,MI,88274c60b5fffff
261179707001003,100,20,6,12037123,170025,CMS Internet,70,1,X,MI,88274c60b5fffff
261179707001004,100,20,3,12037123,170025,CMS Internet,70,1,X,MI,88274c60a1fffff
261179707001005,100,20,1,12037123,170025,CMS Internet,70,1,X,MI,88274c60a5fffff
261179707001006,100,20,3,12037123,170025,CMS Internet,70,1,X,MI,88274c6199fffff
261179707001007,100,20,4,12037123,170025,CMS Internet,70,1,X,MI,88274c6183fffff
261179707001008,100,20,3,12037123,170025,CMS Internet,70,1,X,MI,88274c6e41fffff
261179707001009,100,20,2,12037123,170025,CMS Internet,70,1,X,MI,88274c6e45fffff
261179707001010,100,20,4,12037123,170025,CMS Internet,70,1,X,MI,88274c6567fffff
261179707001011,100,20,10,12037123,170025,CMS Internet,70,1,X,MI,88274c656bfffff
261179707001012,100,20,6,12037123,170025,CMS Internet,70,1,X,MI,88274c6541fffff
261179707001013,100,20,11,12037123,170025,CMS Internet,70,1,X,MI,88274c6565fffff
261179707001014,100,20,5,12037123,170025,CMS Internet,70,1,X,MI,88274c652dfffff
261179707001015,100,20,1,12037123,170025,CMS Internet,70,1,X,MI,88274c6e43fffff
261179707001016,100,20,5,12037123,170025,CMS Internet,70,1,X,MI,88274c6e47fffff
261179707001017,100,20,4,12037123,170025,CMS Internet,70,1,X,MI,88274c6e0dfffff
261179707001018,100,20,1,12037123,170025,CMS Internet,70,1,X,MI,88274c6e47fffff
261179707001019,100,20,3,12037123,170025,CMS Internet,70,1,X,MI,88274c652dfffff
261179707001020,100,20,15,12037123,170025,CMS Internet,70,1,X,MI,88274c6521fffff
261179707001021,100,20,3,12037123,170025,CMS Internet,70,1,X,MI,88274c652bfffff
261179707001026,100,20,1,12037123,170025,CMS Internet,70,1,X,MI,88274c6527fffff
261179707001029,100,20,2,12037123,170025,CMS Internet,70,1,X,MI,88274c6e47fffff
261179707001030,100,20,3,12037123,170025,CMS Internet,70,1,X,MI,88274c6e09fffff
261179707001031,100,20,3,12037123,170025,CMS Internet,70,1,X,MI,88274c6503fffff
261179707002004,100,20,1,12037123,170025,CMS Internet,70,1,X,MI,88274c6ed7fffff
261179707002007,100,20,1,12037123,170025,CMS Internet,70,1,X,MI,88274c6ed3fffff
261179707002033,100,20,1,12037123,170025,CMS Internet,70,1,X,MI,8827489b39fffff
261179708001000,100,20,5,12037123,170025,CMS Internet,70,1,X,MI,882748932bfffff
261179708001001,100,20,11,12037123,170025,CMS Internet,70,1,X,MI,88274c64dbfffff
261179708001002,100,20,8,12037123,170025,CMS Internet,70,1,X,MI,88274c64ddfffff
261179708001003,100,20,2,12037123,170025,CMS Internet,70,1,X,MI,88274c66b7fffff
261179708001005,100,20,1,12037123,170025,CMS Internet,70,1,X,MI,88274c64c9fffff
261179708001007,100,20,2,12037123,170025,CMS Internet,70,1,X,MI,88274c64c9fffff
261179708001008,100,20,1,12037123,170025,CMS Internet,70,1,X,MI,88274c64c9fffff
261179708001018,100,20,2,12037123,170025,CMS Internet,70,1,X,MI,88274c64cbfffff
261179708001021,100,20,2,12037123,170025,CMS Internet,70,1,X,MI,88274c64cbfffff
261179708001024,100,20,1,12037123,170025,CMS Internet,70,1,X,MI,88274c64c3fffff
261179708001030,100,20,6,12037123,170025,CMS Internet,70,1,X,MI,88274c64c3fffff
261179708001031,100,20,5,12037123,170025,CMS Internet,70,1,X,MI,88274c64c3fffff
261179708001032,100,20,3,12037123,170025,CMS Internet,70,1,X,MI,88274c64ddfffff
261179708001033,100,20,5,12037123,170025,CMS Internet,70,1,X,MI,88274c64ddfffff
261179708001034,100,20,19,12037123,170025,CMS Internet,70,1,X,MI,8827489321fffff
261179708001035,100,20,8,12037123,170025,CMS Internet,70,1,X,MI,8827489335fffff
261179708001040,100,20,5,12037123,170025,CMS Internet,70,1,X,MI,8827489331fffff
261179708002000,100,20,1,12037123,170025,CMS Internet,70,1,X,MI,88274c64c7fffff
261179708002001,100,20,1,12037123,170025,CMS Internet,70,1,X,MI,88274c64e1fffff
261179708002004,100,20,1,12037123,170025,CMS Internet,70,1,X,MI,88274c64c1fffff
261179708002016,100,20,2,12037123,170025,CMS Internet,70,1,X,MI,88274c64c3fffff
261179708002018,100,20,5,12037123,170025,CMS Internet,70,1,X,MI,88274c64c3fffff
261179708002019,100,20,4,12037123,170025,CMS Internet,70,1,X,MI,88274c64c3fffff
261179708002023,100,20,1,12037123,170025,CMS Internet,70,1,X,MI,88274c64c3fffff
261179708002024,100,20,1,12037123,170025,CMS Internet,70,1,X,MI,88274c64c3fffff
261179708002025,100,20,3,12037123,170025,CMS Internet,70,1,X,MI,88274c6489fffff
261179708002026,100,20,4,12037123,170025,CMS Internet,70,1,X,MI,88274c64c3fffff
261179708002029,100,20,3,12037123,170025,CMS Internet,70,1,X,MI,88274c64c3fffff
261179708002030,100,20,1,12037123,170025,CMS Internet,70,1,X,MI,88274c64c3fffff
261179708002031,100,20,2,12037123,170025,CMS Internet,70,1,X,MI,88274c64c3fffff
261179708002033,100,20,2,12037123,170025,CMS Internet,70,1,X,MI,88274c64c3fffff
261179708002034,100,20,1,12037123,170025,CMS Internet,70,1,X,MI,88274c64c3fffff
261179708002035,100,20,2,12037123,170025,CMS Internet,70,1,X,MI,88274c64c3fffff
261179708002036,100,20,2,12037123,170025,CMS Internet,70,1,X,MI,88274c6481fffff
261179708003000,100,20,3,12037123,170025,CMS Internet,70,1,X,MI,88274c64ddfffff
261179708003001,100,20,3,12037123,170025,CMS Internet,70,1,X,MI,88274c64c3fffff
261179708003003,100,20,10,12037123,170025,CMS Internet,70,1,X,MI,88274c64ddfffff
261179708003004,100,20,2,12037123,170025,CMS Internet,70,1,X,MI,88274c64ddfffff
261179708003005,100,20,2,12037123,170025,CMS Internet,70,1,X,MI,88274c64ddfffff
261179708003006,100,20,12,12037123,170025,CMS Internet,70,1,X,MI,88274c64d5fffff
261179708003008,100,20,1,12037123,170025,CMS Internet,70,1,X,MI,88274c64e1fffff
261179708003014,100,20,1,12037123,170025,CMS Internet,70,1,X,MI,8827489a41fffff
261179708003020,100,20,2,12037123,170025,CMS Internet,70,1,X,MI,88274c65d1fffff
261179708003028,100,20,1,12037123,170025,CMS Internet,70,1,X,MI,88274c6597fffff
261179708004000,100,20,8,12037123,170025,CMS Internet,70,1,X,MI,8827489335fffff
261179708004000,200,200,1,12037123,170025,CMS Internet,70,1,X,MI,882748915dfffff
261179708004001,100,20,9,12037123,170025,CMS Internet,70,1,X,MI,8827489141fffff
261179708004001,200,200,1,12037123,170025,CMS Internet,70,1,X,MI,882748915dfffff
261179708004003,100,20,1,12037123,170025,CMS Internet,70,1,X,MI,8827489169fffff
261179708004005,100,20,4,12037123,170025,CMS Internet,70,1,X,MI,8827489143fffff
261179708004006,100,20,27,12037123,170025,CMS Internet,70,1,X,MI,8827489157fffff
261179708004011,200,200,2,12037123,170025,CMS Internet,70,1,X,MI,882748915dfffff
261179708004012,100,20,5,12037123,170025,CMS Internet,70,1,X,MI,8827489159fffff
261179708004012,200,200,4,12037123,170025,CMS Internet,70,1,X,MI,8827489159fffff
261179708004013,100,20,2,12037123,170025,CMS Internet,70,1,X,MI,882748910bfffff
261179708004015,100,20,6,12037123,170025,CMS Internet,70,1,X,MI,8827489025fffff
261179708004017,100,20,1,12037123,170025,CMS Internet,70,1,X,MI,8827489103fffff
261179708004018,100,20,1,12037123,170025,CMS Internet,70,1,X,MI,8827489103fffff
261179709001001,100,20,3,12037123,170025,CMS Internet,70,1,X,MI,88274c2893fffff
261179709001002,100,20,8,12037123,170025,CMS Internet,70,1,X,MI,88274c2d45fffff
261179709001004,100,20,1,12037123,170025,CMS Internet,70,1,X,MI,8827489259fffff
261179709001005,100,20,17,12037123,170025,CMS Internet,70,1,X,MI,8827489259fffff
261179709001006,100,20,1,12037123,170025,CMS Internet,70,1,X,MI,882748925bfffff
261179709001008,100,20,52,12037123,170025,CMS Internet,70,1,X,MI,8827489257fffff
261179709001009,100,20,6,12037123,170025,CMS Internet,70,1,X,MI,882748920bfffff
261179709001010,100,20,8,12037123,170025,CMS Internet,70,1,X,MI,8827489255fffff
261179709001011,100,20,8,12037123,170025,CMS Internet,70,1,X,MI,8827489255fffff
261179709001013,100,20,2,12037123,170025,CMS Internet,70,1,X,MI,88274c2d27fffff
261179709001014,100,20,2,12037123,170025,CMS Internet,70,1,X,MI,88274c2d27fffff
261179709001015,100,20,6,12037123,170025,CMS Internet,70,1,X,MI,8827489211fffff
261179709001016,100,20,11,12037123,170025,CMS Internet,70,1,X,MI,8827489257fffff
261179709001017,100,20,94,12037123,170025,CMS Internet,70,1,X,MI,8827489207fffff
261179709001018,100,20,9,12037123,170025,CMS Internet,70,1,X,MI,8827489203fffff
261179709001019,100,20,2,12037123,170025,CMS Internet,70,1,X,MI,8827489207fffff
261179709001020,100,20,2,12037123,170025,CMS Internet,70,1,X,MI,8827489203fffff
261179709001023,100,20,3,12037123,170025,CMS Internet,70,1,X,MI,8827489217fffff
261179709001023,200,200,1,12037123,170025,CMS Internet,70,1,X,MI,8827489217fffff
261179709001024,100,20,1,12037123,170025,CMS Internet,70,1,X,MI,8827489211fffff
261179709001028,100,20,4,12037123,170025,CMS Internet,70,1,X,MI,88274892c1fffff
261179709001028,200,200,1,12037123,170025,CMS Internet,70,1,X,MI,88274892c3fffff
261179709001029,200,200,2,12037123,170025,CMS Internet,70,1,X,MI,88274892c9fffff
261179709001030,100,20,3,12037123,170025,CMS Internet,70,1,X,MI,882748928bfffff
261179709001030,200,200,1,12037123,170025,CMS Internet,70,1,X,MI,882748928bfffff
261179709001031,100,20,1,12037123,170025,CMS Internet,70,1,X,MI,8827489289fffff
261179709001032,100,20,5,12037123,170025,CMS Internet,70,1,X,MI,8827489285fffff
261179709001032,200,200,4,12037123,170025,CMS Internet,70,1,X,MI,8827489285fffff
261179709001033,100,20,1,12037123,170025,CMS Internet,70,1,X,MI,88274892c7fffff
261179709001033,200,200,8,12037123,170025,CMS Internet,70,1,X,MI,88274892ebfffff
261179709001034,100,20,6,12037123,170025,CMS Internet,70,1,X,MI,88274892e9fffff
261179709001035,100,20,3,12037123,170025,CMS Internet,70,1,X,MI,88274892e9fffff
261179709001036,100,20,4,12037123,170025,CMS Internet,70,1,X,MI,8827489237fffff
261179709001037,100,20,3,12037123,170025,CMS Internet,70,1,X,MI,882748905dfffff
261179709001038,100,20,3,12037123,170025,CMS Internet,70,1,X,MI,88274892e1fffff
261179709001039,100,20,1,12037123,170025,CMS Internet,70,1,X,MI,88274892e7fffff
261179709001039,200,200,4,12037123,170025,CMS Internet,70,1,X,MI,88274892e1fffff
261179709001040,100,20,4,12037123,170025,CMS Internet,70,1,X,MI,8827489255fffff
261179709001041,100,20,8,12037123,170025,CMS Internet,70,1,X,MI,8827489255fffff
261179709001042,100,20,6,12037123,170025,CMS Internet,70,1,X,MI,8827489255fffff
261179709002000,100,20,2,12037123,170025,CMS Internet,70,1,X,MI,88274c28b5fffff
261179709002002,100,20,7,12037123,170025,CMS Internet,70,1,X,MI,882748926bfffff
261179709002003,100,20,3,12037123,170025,CMS Internet,70,1,X,MI,88274c2997fffff
261179709002004,100,20,4,12037123,170025,CMS Internet,70,1,X,MI,882748924bfffff
261179709002005,100,20,9,12037123,170025,CMS Internet,70,1,X,MI,88274c28b7fffff
261179709002006,100,20,19,12037123,170025,CMS Internet,70,1,X,MI,882748925dfffff
261179709002006,200,200,10,12037123,170025,CMS Internet,70,1,X,MI,882748925dfffff
261179709002007,200,200,1,12037123,170025,CMS Internet,70,1,X,MI,882748925dfffff
261179709002008,100,20,131,12037123,170025,CMS Internet,70,1,X,MI,8827489255fffff
261179709002008,200,200,5,12037123,170025,CMS Internet,70,1,X,MI,8827489255fffff
261179709002009,100,20,13,12037123,170025,CMS Internet,70,1,X,MI,8827489209fffff
261179709002010,100,20,7,12037123,170025,CMS Internet,70,1,X,MI,8827489255fffff
261179709002010,200,200,2,12037123,170025,CMS Internet,70,1,X,MI,8827489255fffff
261179709002011,100,20,4,12037123,170025,CMS Internet,70,1,X,MI,8827489209fffff
261179709002013,100,20,52,12037123,170025,CMS Internet,70,1,X,MI,8827489247fffff
261179709002014,100,20,21,12037123,170025,CMS Internet,70,1,X,MI,882748926bfffff
261179709002015,100,20,5,12037123,170025,CMS Internet,70,1,X,MI,8827489261fffff
261179709002018,100,20,9,12037123,170025,CMS Internet,70,1,X,MI,8827489247fffff
261179709002019,100,20,10,12037123,170025,CMS Internet,70,1,X,MI,8827489205fffff
261179709002020,100,20,74,12037123,170025,CMS Internet,70,1,X,MI,8827489205fffff
261179709002022,100,20,12,12037123,170025,CMS Internet,70,1,X,MI,8827489255fffff
261179709002023,100,20,80,12037123,170025,CMS Internet,70,1,X,MI,8827489207fffff
261179709002025,100,20,10,12037123,170025,CMS Internet,70,1,X,MI,8827489209fffff
261179709002027,100,20,7,12037123,170025,CMS Internet,70,1,X,MI,882748920bfffff
261179709002028,100,20,8,12037123,170025,CMS Internet,70,1,X,MI,882748920bfffff
261179709002029,100,20,7,12037123,170025,CMS Internet,70,1,X,MI,882748920bfffff
261179709002030,100,20,3,12037123,170025,CMS Internet,70,1,X,MI,8827489207fffff
261179709002031,100,20,3,12037123,170025,CMS Internet,70,1,X,MI,8827489207fffff
261179709002032,100,20,15,12037123,170025,CMS Internet,70,1,X,MI,8827489207fffff
261179709002034,100,20,3,12037123,170025,CMS Internet,70,1,X,MI,8827489207fffff
261179709002035,100,20,1,12037123,170025,CMS Internet,70,1,X,MI,8827489207fffff
261179709002036,100,20,16,12037123,170025,CMS Internet,70,1,X,MI,882748920bfffff
261179709002037,100,20,6,12037123,170025,CMS Internet,70,1,X,MI,882748920bfffff
261179709002038,100,20,11,12037123,170025,CMS Internet,70,1,X,MI,882748920bfffff
261179709002039,100,20,8,12037123,170025,CMS Internet,70,1,X,MI,882748920bfffff
261179709002040,100,20,11,12037123,170025,CMS Internet,70,1,X,MI,882748920bfffff
261179709002041,100,20,7,12037123,170025,CMS Internet,70,1,X,MI,882748920bfffff
261179709002042,100,20,3,12037123,170025,CMS Internet,70,1,X,MI,882748920bfffff
261179709002043,100,20,7,12037123,170025,CMS Internet,70,1,X,MI,882748920bfffff
261179709003001,100,20,1,12037123,170025,CMS Internet,70,1,X,MI,8827489265fffff
261179709003002,100,20,3,12037123,170025,CMS Internet,70,1,X,MI,8827489359fffff
261179709003007,100,20,2,12037123,170025,CMS Internet,70,1,X,MI,8827489265fffff
261179709003009,100,20,7,12037123,170025,CMS Internet,70,1,X,MI,8827489267fffff
261179709003013,100,20,3,12037123,170025,CMS Internet,70,1,X,MI,882748922bfffff
261179709003014,100,20,4,12037123,170025,CMS Internet,70,1,X,MI,8827489227fffff
261179709003015,100,20,2,12037123,170025,CMS Internet,70,1,X,MI,882748931bfffff
261179709003016,100,20,5,12037123,170025,CMS Internet,70,1,X,MI,8827489339fffff
261179709003017,100,20,2,12037123,170025,CMS Internet,70,1,X,MI,8827489339fffff
261179709003018,100,20,40,12037123,170025,CMS Internet,70,1,X,MI,8827489069fffff
261179709003018,200,200,2,12037123,170025,CMS Internet,70,1,X,MI,8827489065fffff
261179709003020,100,20,9,12037123,170025,CMS Internet,70,1,X,MI,8827489041fffff
261179709003021,100,20,1,12037123,170025,CMS Internet,70,1,X,MI,8827489049fffff
261179709003022,100,20,5,12037123,170025,CMS Internet,70,1,X,MI,882748904bfffff
261179709003023,100,20,3,12037123,170025,CMS Internet,70,1,X,MI,882748922bfffff
261179709003024,100,20,47,12037123,170025,CMS Internet,70,1,X,MI,882748922bfffff
261179709003025,100,20,9,12037123,170025,CMS Internet,70,1,X,MI,8827489061fffff
261179709003026,100,20,4,12037123,170025,CMS Internet,70,1,X,MI,8827489063fffff
261179709003027,100,20,6,12037123,170025,CMS Internet,70,1,X,MI,882748906bfffff
261179709003028,100,20,11,12037123,170025,CMS Internet,70,1,X,MI,8827489041fffff
261179709003029,100,20,6,12037123,170025,CMS Internet,70,1,X,MI,882748904bfffff
261179709003030,100,20,4,12037123,170025,CMS Internet,70,1,X,MI,882748904bfffff
261179709003033,100,20,3,12037123,170025,CMS Internet,70,1,X,MI,8827489233fffff
261179709003034,100,20,2,12037123,170025,CMS Internet,70,1,X,MI,8827489003fffff
261179709003035,100,20,9,12037123,170025,CMS Internet,70,1,X,MI,8827489005fffff
261179709003035,200,200,4,12037123,170025,CMS Internet,70,1,X,MI,8827489001fffff
261179709003037,100,20,4,12037123,170025,CMS Internet,70,1,X,MI,882748900bfffff
261179710001000,100,20,3,12037123,170025,CMS Internet,70,1,X,MI,8827489011fffff
261179710001002,100,20,1,12037123,170025,CMS Internet,70,1,X,MI,882748903bfffff
261179710001003,100,20,1,12037123,170025,CMS Internet,70,1,X,MI,882748903dfffff
261179710001004,100,20,3,12037123,170025,CMS Internet,70,1,X,MI,8827489035fffff
261179710001005,100,20,5,12037123,170025,CMS Internet,70,1,X,MI,8827489023fffff
261179710001007,100,20,2,12037123,170025,CMS Internet,70,1,X,MI,88274891edfffff
261179710001010,100,20,1,12037123,170025,CMS Internet,70,1,X,MI,88274890e1fffff
261179710001012,100,20,1,12037123,170025,CMS Internet,70,1,X,MI,882748903bfffff
261179710001015,100,20,1,12037123,170025,CMS Internet,70,1,X,MI,88274891c1fffff
261179710001016,100,20,1,12037123,170025,CMS Internet,70,1,X,MI,88274891e1fffff
261179710001017,100,20,2,12037123,170025,CMS Internet,70,1,X,MI,88274891e1fffff
261179710001018,100,20,1,12037123,170025,CMS Internet,70,1,X,MI,88274891e3fffff
261179710001020,100,20,1,12037123,170025,CMS Internet,70,1,X,MI,88274891ddfffff
261179710001023,100,20,1,12037123,170025,CMS Internet,70,1,X,MI,88274891a5fffff
261179710001024,100,20,12,12037123,170025,CMS Internet,70,1,X,MI,8827489187fffff
261179710001028,100,20,4,12037123,170025,CMS Internet,70,1,X,MI,882748919dfffff
261179710001032,100,20,1,12037123,170025,CMS Internet,70,1,X,MI,882748919dfffff
261179710001033,100,20,2,12037123,170025,CMS Internet,70,1,X,MI,882748919dfffff
261179710001034,100,20,1,12037123,170025,CMS Internet,70,1,X,MI,8827489191fffff
261179710001039,100,20,3,12037123,170025,CMS Internet,70,1,X,MI,8827489191fffff
261179710001041,100,20,2,12037123,170025,CMS Internet,70,1,X,MI,8827488359fffff
261179710001042,100,20,1,12037123,170025,CMS Internet,70,1,X,MI,88274891b5fffff
261179710001044,100,20,2,12037123,170025,CMS Internet,70,1,X,MI,8827489085fffff
261179710001045,100,20,1,12037123,170025,CMS Internet,70,1,X,MI,88274890bdfffff
261179710001046,100,20,2,12037123,170025,CMS Internet,70,1,X,MI,882748824bfffff
261179710001047,100,20,6,12037123,170025,CMS Internet,70,1,X,MI,8827488241fffff
261179710001048,100,20,1,12037123,170025,CMS Internet,70,1,X,MI,8827488245fffff
261179710001049,100,20,1,12037123,170025,CMS Internet,70,1,X,MI,8827488247fffff
261179710001050,100,20,2,12037123,170025,CMS Internet,70,1,X,MI,8827488245fffff
261179710001051,100,20,1,12037123,170025,CMS Internet,70,1,X,MI,8827489193fffff
261179710001052,100,20,2,12037123,170025,CMS Internet,70,1,X,MI,8827488269fffff
261179710001055,100,20,7,12037123,170025,CMS Internet,70,1,X,MI,8827488269fffff
261179710001056,100,20,3,12037123,170025,CMS Internet,70,1,X,MI,8827488247fffff
261179710001058,100,20,2,12037123,170025,CMS Internet,70,1,X,MI,882748826bfffff
261179710001059,100,20,2,12037123,170025,CMS Internet,70,1,X,MI,882748822dfffff
261179710001061,100,20,1,12037123,170025,CMS Internet,70,1,X,MI,882748826bfffff
261179710001064,100,20,4,12037123,170025,CMS Internet,70,1,X,MI,882748822dfffff
261179710001065,100,20,8,12037123,170025,CMS Internet,70,1,X,MI,8827488247fffff
261179710001066,100,20,11,12037123,170025,CMS Internet,70,1,X,MI,882748825dfffff
261179710001066,200,200,1,12037123,170025,CMS Internet,70,1,X,MI,8827488259fffff
261179710002000,100,20,2,12037123,170025,CMS Internet,70,1,X,MI,88274c2f25fffff
261179710002001,100,20,3,12037123,170025,CMS Internet,70,1,X,MI,88274c2893fffff
261179710002002,100,20,13,12037123,170025,CMS Internet,70,1,X,MI,88274c2d4dfffff
261179710002003,100,20,3,12037123,170025,CMS Internet,70,1,X,MI,88274c2d47fffff
261179710002004,100,20,3,12037123,170025,CMS Internet,70,1,X,MI,88274c2d0dfffff
261179710002005,100,20,4,12037123,170025,CMS Internet,70,1,X,MI,88274c2d0dfffff
261179710002006,100,20,4,12037123,170025,CMS Internet,70,1,X,MI,88274c2d39fffff
261179710002006,200,200,3,12037123,170025,CMS Internet,70,1,X,MI,88274c2d03fffff
261179710002007,100,20,3,12037123,170025,CMS Internet,70,1,X,MI,88274c2d07fffff
261179710002007,200,200,2,12037123,170025,CMS Internet,70,1,X,MI,88274c2d39fffff
261179710002008,100,20,3,12037123,170025,CMS Internet,70,1,X,MI,88274c2d2bfffff
261179710002009,100,20,8,12037123,170025,CMS Internet,70,1,X,MI,88274c2d33fffff
261179710002009,200,200,3,12037123,170025,CMS Internet,70,1,X,MI,88274892ddfffff
261179710002010,100,20,16,12037123,170025,CMS Internet,70,1,X,MI,88274c2d33fffff
261179710002011,100,20,5,12037123,170025,CMS Internet,70,1,X,MI,88274c2de5fffff
261179710002012,100,20,4,12037123,170025,CMS Internet,70,1,X,MI,88274892d9fffff
261179710002014,100,20,1,12037123,170025,CMS Internet,70,1,X,MI,88274892dbfffff
261179710002015,100,20,2,12037123,170025,CMS Internet,70,1,X,MI,88274892d7fffff
261179710002015,200,200,1,12037123,170025,CMS Internet,70,1,X,MI,88274892d7fffff
261179710002016,100,20,2,12037123,170025,CMS Internet,70,1,X,MI,88274c2dadfffff
261179710002021,100,20,2,12037123,170025,CMS Internet,70,1,X,MI,88274c2da1fffff
261179710003000,100,20,2,12037123,170025,CMS Internet,70,1,X,MI,88274c2dadfffff
261179710003001,100,20,27,12037123,170025,CMS Internet,70,1,X,MI,882748974dfffff
261179710003011,100,20,26,12037123,170025,CMS Internet,70,1,X,MI,8827489299fffff
261179710003011,200,200,2,12037123,170025,CMS Internet,70,1,X,MI,8827489293fffff
261179710003012,100,20,8,12037123,170025,CMS Internet,70,1,X,MI,882748976bfffff
261179710003012,200,200,3,12037123,170025,CMS Internet,70,1,X,MI,882748974dfffff
261179710003013,100,20,14,12037123,170025,CMS Internet,70,1,X,MI,8827489741fffff
261179710003032,100,20,2,12037123,170025,CMS Internet,70,1,X,MI,88274c2da1fffff
261179710003071,100,20,1,12037123,170025,CMS Internet,70,1,X,MI,8827489743fffff
261179710004000,100,20,9,12037123,170025,CMS Internet,70,1,X,MI,8827489299fffff
261179710004000,200,200,5,12037123,170025,CMS Internet,70,1,X,MI,8827489299fffff
261179710004001,100,20,8,12037123,170025,CMS Internet,70,1,X,MI,88274892b9fffff
261179710004001,200,200,7,12037123,170025,CMS Internet,70,1,X,MI,88274892bdfffff
261179710004002,100,20,1,12037123,170025,CMS Internet,70,1,X,MI,88274892bdfffff
261179710004002,200,200,5,12037123,170025,CMS Internet,70,1,X,MI,88274892bdfffff
261179710004003,100,20,5,12037123,170025,CMS Internet,70,1,X,MI,88274892a3fffff
261179710004003,200,200,2,12037123,170025,CMS Internet,70,1,X,MI,88274890c9fffff
261179710004004,100,20,2,12037123,170025,CMS Internet,70,1,X,MI,8827489013fffff
261179710004006,100,20,1,12037123,170025,CMS Internet,70,1,X,MI,8827489017fffff
261179710004007,100,20,1,12037123,170025,CMS Internet,70,1,X,MI,8827489769fffff
261179710004007,200,200,5,12037123,170025,CMS Internet,70,1,X,MI,8827489761fffff
261179710004008,100,20,1,12037123,170025,CMS Internet,70,1,X,MI,88274890dbfffff
261179710004008,200,200,8,12037123,170025,CMS Internet,70,1,X,MI,8827489761fffff
261179710004009,100,20,14,12037123,170025,CMS Internet,70,1,X,MI,88274892b1fffff
261179710004009,200,200,8,12037123,170025,CMS Internet,70,1,X,MI,88274892bbfffff
261179710004010,100,20,13,12037123,170025,CMS Internet,70,1,X,MI,88274892b5fffff
261179710004010,200,200,3,12037123,170025,CMS Internet,70,1,X,MI,88274892b7fffff
261179710004011,100,20,4,12037123,170025,CMS Internet,70,1,X,MI,88274890c9fffff
261179710004012,100,20,4,12037123,170025,CMS Internet,70,1,X,MI,88274890c7fffff
261179710004012,200,200,1,12037123,170025,CMS Internet,70,1,X,MI,882748908bfffff
261179710004013,100,20,2,12037123,170025,CMS Internet,70,1,X,MI,8827489085fffff
261179710004014,100,20,4,12037123,170025,CMS Internet,70,1,X,MI,8827489085fffff
261179710004014,200,200,1,12037123,170025,CMS Internet,70,1,X,MI,8827489085fffff
261179710004015,100,20,4,12037123,170025,CMS Internet,70,1,X,MI,8827489087fffff
261179710004016,100,20,1,12037123,170025,CMS Internet,70,1,X,MI,88274890cbfffff
261179710004016,200,200,4,12037123,170025,CMS Internet,70,1,X,MI,88274890d5fffff
261179710004017,100,20,3,12037123,170025,CMS Internet,70,1,X,MI,882748909dfffff
261179710004017,200,200,1,12037123,170025,CMS Internet,70,1,X,MI,88274890d1fffff
261179710004018,100,20,2,12037123,170025,CMS Internet,70,1,X,MI,8827489725fffff
261179710004018,200,200,2,12037123,170025,CMS Internet,70,1,X,MI,8827489729fffff
261179710004019,100,20,3,12037123,170025,CMS Internet,70,1,X,MI,882748972bfffff
261179710004019,200,200,5,12037123,170025,CMS Internet,70,1,X,MI,8827489729fffff
261179710004024,100,20,1,12037123,170025,CMS Internet,70,1,X,MI,882748970bfffff
261179710004026,100,20,2,12037123,170025,CMS Internet,70,1,X,MI,882748971bfffff
261179710004027,100,20,2,12037123,170025,CMS Internet,70,1,X,MI,8827489711fffff
261179710004030,100,20,3,12037123,170025,CMS Internet,70,1,X,MI,8827489739fffff
261179710004031,100,20,2,12037123,170025,CMS Internet,70,1,X,MI,8827489723fffff
261179710004031,200,200,2,12037123,170025,CMS Internet,70,1,X,MI,8827489725fffff
261179710004032,100,20,3,12037123,170025,CMS Internet,70,1,X,MI,8827489545fffff
261179710004033,100,20,4,12037123,170025,CMS Internet,70,1,X,MI,8827489093fffff
261179710004034,100,20,6,12037123,170025,CMS Internet,70,1,X,MI,88274890bbfffff
261179710004035,100,20,1,12037123,170025,CMS Internet,70,1,X,MI,88274890bdfffff
261179710004036,100,20,1,12037123,170025,CMS Internet,70,1,X,MI,8827488259fffff
261179710004038,100,20,1,12037123,170025,CMS Internet,70,1,X,MI,8827489569fffff
261179710004042,100,20,1,12037123,170025,CMS Internet,70,1,X,MI,882748946dfffff
261179710004043,100,20,2,12037123,170025,CMS Internet,70,1,X,MI,8827489733fffff
261179710004044,100,20,1,12037123,170025,CMS Internet,70,1,X,MI,8827489713fffff
261179711001000,100,20,2,12037123,170025,CMS Internet,70,1,X,MI,8827489169fffff
261179711001018,100,20,1,12037123,170025,CMS Internet,70,1,X,MI,8827489a03fffff
261179711001019,100,20,3,12037123,170025,CMS Internet,70,1,X,MI,8827489a03fffff
261179711001030,100,20,1,12037123,170025,CMS Internet,70,1,X,MI,8827489121fffff
261179711001033,100,20,1,12037123,170025,CMS Internet,70,1,X,MI,8827489a31fffff
261179711002005,100,20,2,12037123,170025,CMS Internet,70,1,X,MI,8827489127fffff
261179711002006,100,20,1,12037123,170025,CMS Internet,70,1,X,MI,8827489a13fffff
261179711002008,100,20,2,12037123,170025,CMS Internet,70,1,X,MI,8827489a15fffff
261179711002010,100,20,1,12037123,170025,CMS Internet,70,1,X,MI,8827489a3bfffff
261179711002015,100,20,6,12037123,170025,CMS Internet,70,1,X,MI,8827489ac9fffff
261179711002024,100,20,3,12037123,170025,CMS Internet,70,1,X,MI,8827489ac3fffff
261179711002026,100,20,4,12037123,170025,CMS Internet,70,1,X,MI,8827489a8bfffff
261179711002028,100,20,2,12037123,170025,CMS Internet,70,1,X,MI,8827489a8dfffff
261179711002029,100,20,1,12037123,170025,CMS Internet,70,1,X,MI,8827489a8dfffff
261179711002030,100,20,5,12037123,170025,CMS Internet,70,1,X,MI,8827489ae3fffff
261179711002032,100,20,2,12037123,170025,CMS Internet,70,1,X,MI,8827489aabfffff
261179711002034,100,20,8,12037123,170025,CMS Internet,70,1,X,MI,8827489aabfffff
261179711002036,100,20,1,12037123,170025,CMS Internet,70,1,X,MI,8827489aabfffff
261179711002037,100,20,4,12037123,170025,CMS Internet,70,1,X,MI,8827489aa1fffff
261179711003000,100,20,1,12037123,170025,CMS Internet,70,1,X,MI,88274891a5fffff
261179711003001,100,20,9,12037123,170025,CMS Internet,70,1,X,MI,8827489ad7fffff
261179711003002,100,20,1,12037123,170025,CMS Internet,70,1,X,MI,8827489a8bfffff
261179711003004,100,20,2,12037123,170025,CMS Internet,70,1,X,MI,8827489a83fffff
261179711003007,100,20,1,12037123,170025,CMS Internet,70,1,X,MI,8827489a83fffff
261179711003008,100,20,11,12037123,170025,CMS Internet,70,1,X,MI,8827489a95fffff
261179711003009,100,20,3,12037123,170025,CMS Internet,70,1,X,MI,8827489ab9fffff
261179711003012,100,20,1,12037123,170025,CMS Internet,70,1,X,MI,8827489a87fffff
261179711003013,100,20,4,12037123,170025,CMS Internet,70,1,X,MI,8827489a87fffff
261179711003014,100,20,2,12037123,170025,CMS Internet,70,1,X,MI,8827489aa3fffff
261179711003017,100,20,1,12037123,170025,CMS Internet,70,1,X,MI,8827489aa7fffff
261179711003026,100,20,1,12037123,170025,CMS Internet,70,1,X,MI,8827489809fffff
261179711003027,100,20,1,12037123,170025,CMS Internet,70,1,X,MI,8827489801fffff
261179711003031,100,20,4,12037123,170025,CMS Internet,70,1,X,MI,88274898c9fffff
261179711003032,100,20,2,12037123,170025,CMS Internet,70,1,X,MI,8827489ab5fffff
261179711003033,100,20,1,12037123,170025,CMS Internet,70,1,X,MI,8827489ab1fffff
261179711003039,100,20,9,12037123,170025,CMS Internet,70,1,X,MI,8827489a91fffff
261179711003041,100,20,3,12037123,170025,CMS Internet,70,1,X,MI,8827489ab1fffff
261179711003047,100,20,4,12037123,170025,CMS Internet,70,1,X,MI,8827488345fffff
261179711003048,100,20,1,12037123,170025,CMS Internet,70,1,X,MI,882748834dfffff
261179711003054,100,20,7,12037123,170025,CMS Internet,70,1,X,MI,8827488309fffff
261179711004000,100,20,2,12037123,170025,CMS Internet,70,1,X,MI,8827489835fffff
261179711004018,100,20,1,12037123,170025,CMS Internet,70,1,X,MI,8827489987fffff
261179712001040,100,20,3,12037123,170025,CMS Internet,70,1,X,MI,8827489839fffff
261179712004009,100,20,1,12037123,170025,CMS Internet,70,1,X,MI,8827489931fffff
261450121001021,100,20,1,12037123,170025,CMS Internet,70,1,X,MI,88274dd86dfffff
261450121001026,100,20,3,12037123,170025,CMS Internet,70,1,X,MI,88274dd82dfffff
261450121001034,100,20,3,12037123,170025,CMS Internet,70,1,X,MI,88274dd815fffff
261450121001035,100,20,6,12037123,170025,CMS Internet,70,1,X,MI,88274dd9cbfffff
261450121001038,100,20,5,12037123,170025,CMS Internet,70,1,X,MI,88274dd833fffff
261450121002000,100,20,1,12037123,170025,CMS Internet,70,1,X,MI,88274ddaadfffff
261450121002029,100,20,1,12037123,170025,CMS Internet,70,1,X,MI,88274dd817fffff
261450122001001,100,20,1,12037123,170025,CMS Internet,70,1,X,MI,88274ddb3bfffff
261450122001002,100,20,3,12037123,170025,CMS Internet,70,1,X,MI,88274dd941fffff
261450122001003,100,20,1,12037123,170025,CMS Internet,70,1,X,MI,88274dd867fffff
261450122001004,100,20,1,12037123,170025,CMS Internet,70,1,X,MI,88274dd95dfffff
261450122001006,100,20,4,12037123,170025,CMS Internet,70,1,X,MI,88274dd941fffff
261450122001007,100,20,2,12037123,170025,CMS Internet,70,1,X,MI,88274dd915fffff
261450122001008,100,20,3,12037123,170025,CMS Internet,70,1,X,MI,88274dd90bfffff
261450122001009,100,20,4,12037123,170025,CMS Internet,70,1,X,MI,88274dd82dfffff
261450122001010,100,20,9,12037123,170025,CMS Internet,70,1,X,MI,88274dd9c9fffff
261450122001011,100,20,3,12037123,170025,CMS Internet,70,1,X,MI,88274dd915fffff
261450122001013,100,20,1,12037123,170025,CMS Internet,70,1,X,MI,88274dd9e1fffff
261450122001016,100,20,1,12037123,170025,CMS Internet,70,1,X,MI,88274dd933fffff
261450122001016,200,200,1,12037123,170025,CMS Internet,70,1,X,MI,88274dd931fffff
261450122001021,100,20,1,12037123,170025,CMS Internet,70,1,X,MI,88274cac91fffff
261450122001024,100,20,2,12037123,170025,CMS Internet,70,1,X,MI,88274dd9e1fffff
261450122001032,100,20,4,12037123,170025,CMS Internet,70,1,X,MI,88274dd9e1fffff
261450122001034,100,20,1,12037123,170025,CMS Internet,70,1,X,MI,88274dd9e1fffff
261450122001035,100,20,1,12037123,170025,CMS Internet,70,1,X,MI,88274dd9e1fffff
261450122001036,100,20,1,12037123,170025,CMS Internet,70,1,X,MI,88274dd9e5fffff
261450122001037,100,20,8,12037123,170025,CMS Internet,70,1,X,MI,88274c36d1fffff
261450122001038,100,20,6,12037123,170025,CMS Internet,70,1,X,MI,88274c36d1fffff
261450122001038,200,200,1,12037123,170025,CMS Internet,70,1,X,MI,88274c36d7fffff
261450122001040,100,20,5,12037123,170025,CMS Internet,70,1,X,MI,88274dd981fffff
261450122001047,100,20,2,12037123,170025,CMS Internet,70,1,X,MI,88274dd9e1fffff
261450122001054,100,20,1,12037123,170025,CMS Internet,70,1,X,MI,88274dd9e1fffff
261450122001058,100,20,1,12037123,170025,CMS Internet,70,1,X,MI,88274dd9e1fffff
261450122001062,100,20,2,12037123,170025,CMS Internet,70,1,X,MI,88274dd9c7fffff
261450122001063,100,20,2,12037123,170025,CMS Internet,70,1,X,MI,88274dd9c7fffff
261450123001002,100,20,3,12037123,170025,CMS Internet,70,1,X,MI,88274dd991fffff
261450123001003,100,20,2,12037123,170025,CMS Internet,70,1,X,MI,88274dd995fffff
261450123001006,100,20,1,12037123,170025,CMS Internet,70,1,X,MI,88274dd9a5fffff
261450123001007,100,20,3,12037123,170025,CMS Internet,70,1,X,MI,88274dd8a7fffff
261450123001008,100,20,1,12037123,170025,CMS Internet,70,1,X,MI,88274dd8b5fffff
261450123001010,100,20,5,12037123,170025,CMS Internet,70,1,X,MI,88274dca6dfffff
261450123001015,100,20,1,12037123,170025,CMS Internet,70,1,X,MI,88274c3693fffff
261450123001017,100,20,1,12037123,170025,CMS Internet,70,1,X,MI,88274dcb0bfffff
261450123001021,100,20,1,12037123,170025,CMS Internet,70,1,X,MI,88274dcb1dfffff
261450123001038,100,20,1,12037123,170025,CMS Internet,70,1,X,MI,88274dca25fffff
261450123001049,100,20,1,12037123,170025,CMS Internet,70,1,X,MI,88274dcb39fffff
261450123001050,100,20,1,12037123,170025,CMS Internet,70,1,X,MI,88274dc86dfffff
261450125002034,100,20,1,12037123,170025,CMS Internet,70,1,X,MI,88274d5217fffff
261450125002035,100,20,1,12037123,170025,CMS Internet,70,1,X,MI,88274d5059fffff
261450125002042,100,20,1,12037123,170025,CMS Internet,70,1,X,MI,88274d52e3fffff
261450125002045,100,20,1,12037123,170025,CMS Internet,70,1,X,MI,88274d5289fffff
261450125002047,100,20,1,12037123,170025,CMS Internet,70,1,X,MI,88274d52e3fffff
261450125002048,100,20,1,12037123,170025,CMS Internet,70,1,X,MI,88274d52a9fffff
